ARCHIVE,ENTRY_ID,ENTRY_NAME,OFFSET,SIZE,FORMAT,CATEGORY,ASSET_ID,STATUS,OUTPUT,BROWSER_ROUTE,USED_BY_ASSETS,NOTES
E:\cultures\vanilla-data\DataX\Libs\data0001.lib,0,data\edit\macromaps\beachnosound000.cif,189382,4077,CIF,Native definitions,cif:0,SOURCE_COMPLETE,Metadata/Sources/CIF/data/edit/macromaps/beachnosound000.cif.txt,Metadata/Sources/index.html,1,ENTRY_ID is the zero-based archive table ordinal
E:\cultures\vanilla-data\DataX\Libs\data0001.lib,1,data\engine2d\bin\sounds\generic\animals_wolf04.wav,149904150,214364,WAV,Audio,aud:1,SOURCE_COMPLETE,Audio/generic/animals_wolf04.wav,Audio/index.html,1,ENTRY_ID is the zero-based archive table ordinal
E:\cultures\vanilla-data\DataX\Libs\data0001.lib,2,data\engine2d\bin\sounds\jingles\jingles_death.wav,175691418,210282,WAV,Audio,aud:2,SOURCE_COMPLETE,Audio/jingles/jingles_death.wav,Audio/index.html,1,ENTRY_ID is the zero-based archive table ordinal
E:\cultures\vanilla-data\DataX\Libs\data0001.lib,3,data\engine2d\bin\textures\text_000.pcx,187962479,12960,PCX,Images,img:3,PIXEL_CONFIRMED,Terrain/Textures/text_000.png,Terrain/Textures/index.html,5,ENTRY_ID is the zero-based archive table ordinal
E:\cultures\vanilla-data\DataX\Libs\data0001.lib,4,data\maps\campaign_03_03_sub1\text\eng\briefings\0010.hlt,210948815,120,HLT,Native documents,doc:4,SOURCE_COMPLETE,Metadata/Sources/Raw/data/maps/campaign_03_03_sub1/text/eng/briefings/0010.hlt,Metadata/Sources/index.html,1,ENTRY_ID is the zero-based archive table ordinal
E:\cultures\vanilla-data\DataX\Libs\data0001.lib,5,data\maps\campaign_03_03_sub1\text\eng\briefings\0100.hlt,210948935,152,HLT,Native documents,doc:5,SOURCE_COMPLETE,Metadata/Sources/Raw/data/maps/campaign_03_03_sub1/text/eng/briefings/0100.hlt,Metadata/Sources/index.html,1,ENTRY_ID is the zero-based archive table ordinal
E:\cultures\vanilla-data\DataX\Libs\data0001.lib,6,data\maps\campaign_03_03_sub2\text\eng\briefings\0000.hlt,211517799,295,HLT,Native documents,doc:6,SOURCE_COMPLETE,Metadata/Sources/Raw/data/maps/campaign_03_03_sub2/text/eng/briefings/0000.hlt,Metadata/Sources/index.html,1,ENTRY_ID is the zero-based archive table ordinal
E:\cultures\vanilla-data\DataX\Libs\data0001.lib,7,data\maps\multiplayer_02_06_ressourcen\text\eng\briefings\palettes\font_dark.pcx,225467895,125239,PCX,Images,img:7,PIXEL_CONFIRMED,UI/Maps/multiplayer_02_06_ressourcen/text_eng_briefings_palettes/font_dark.png,UI/Images/index.html,1,ENTRY_ID is the zero-based archive table ordinal
E:\cultures\vanilla-data\DataX\Libs\data0001.lib,8,data\maps\singleplayer_03_04\text\eng\briefings\0029.hlt,241079766,150,HLT,Native documents,doc:8,SOURCE_COMPLETE,Metadata/Sources/Raw/data/maps/singleplayer_03_04/text/eng/briefings/0029.hlt,Metadata/Sources/index.html,1,ENTRY_ID is the zero-based archive table ordinal
E:\cultures\vanilla-data\DataX\Libs\data0001.lib,9,data\maps\singleplayer_03_04\text\eng\briefings\0038.hlt,241081325,128,HLT,Native documents,doc:9,SOURCE_COMPLETE,Metadata/Sources/Raw/data/maps/singleplayer_03_04/text/eng/briefings/0038.hlt,Metadata/Sources/index.html,1,ENTRY_ID is the zero-based archive table ordinal
E:\cultures\vanilla-data\DataX\Libs\data0001.lib,10,data\engine2d\bin\bobs\ls_bridge.bmd,80670062,361393,BMD,Source libraries,lib:ls_bridge,SOURCE_COMPLETE,Shared/SourceLibraries/ls_bridge/library.json,Shared/SourceLibraries/index.html,10,ENTRY_ID is the zero-based archive table ordinal
E:\cultures\vanilla-data\DataX\Libs\data0001.lib,11,data\engine2d\bin\palettes\goods\goods_furniture.pcx,132764935,901,PCX,Palettes,img:11,PIXEL_CONFIRMED,Metadata/Palettes/goods/goods_furniture.png,Metadata/Palettes/index.html,1,ENTRY_ID is the zero-based archive table ordinal
E:\cultures\vanilla-data\DataX\Libs\data0001.lib,12,data\engine2d\bin\sounds\generic\animals_wolf05.wav,150118514,187830,WAV,Audio,aud:12,SOURCE_COMPLETE,Audio/generic/animals_wolf05.wav,Audio/index.html,1,ENTRY_ID is the zero-based archive table ordinal
E:\cultures\vanilla-data\DataX\Libs\data0001.lib,13,data\engine2d\bin\textures\text_001.pcx,187975439,86642,PCX,Images,img:13,PIXEL_CONFIRMED,Terrain/Textures/text_001.png,Terrain/Textures/index.html,5,ENTRY_ID is the zero-based archive table ordinal
E:\cultures\vanilla-data\DataX\Libs\data0001.lib,14,data\maps\campaign_03_01\text\eng\briefings\fonts\font10.fnt,202646267,15083,FNT,Fonts,font:14,SOURCE_COMPLETE,UI/Fonts/maps_campaign_03_01_text_eng_briefings_fonts/font10__index_data.png,UI/Fonts/index.html,1,ENTRY_ID is the zero-based archive table ordinal
E:\cultures\vanilla-data\DataX\Libs\data0001.lib,15,data\maps\campaign_03_03_sub1\text\eng\briefings\0110.hlt,210949087,121,HLT,Native documents,doc:15,SOURCE_COMPLETE,Metadata/Sources/Raw/data/maps/campaign_03_03_sub1/text/eng/briefings/0110.hlt,Metadata/Sources/index.html,1,ENTRY_ID is the zero-based archive table ordinal
E:\cultures\vanilla-data\DataX\Libs\data0001.lib,16,data\maps\campaign_03_03_sub1\text\eng\briefings\0200.hlt,210949329,152,HLT,Native documents,doc:16,SOURCE_COMPLETE,Metadata/Sources/Raw/data/maps/campaign_03_03_sub1/text/eng/briefings/0200.hlt,Metadata/Sources/index.html,1,ENTRY_ID is the zero-based archive table ordinal
E:\cultures\vanilla-data\DataX\Libs\data0001.lib,17,data\maps\campaign_03_03_sub2\text\eng\briefings\0010.hlt,211518368,120,HLT,Native documents,doc:17,SOURCE_COMPLETE,Metadata/Sources/Raw/data/maps/campaign_03_03_sub2/text/eng/briefings/0010.hlt,Metadata/Sources/index.html,1,ENTRY_ID is the zero-based archive table ordinal
E:\cultures\vanilla-data\DataX\Libs\data0001.lib,18,data\maps\campaign_03_03_sub2\text\eng\briefings\0100.hlt,211518488,152,HLT,Native documents,doc:18,SOURCE_COMPLETE,Metadata/Sources/Raw/data/maps/campaign_03_03_sub2/text/eng/briefings/0100.hlt,Metadata/Sources/index.html,1,ENTRY_ID is the zero-based archive table ordinal
E:\cultures\vanilla-data\DataX\Libs\data0001.lib,19,data\maps\campaign_03_03_sub3\text\eng\briefings\0000.hlt,212087474,295,HLT,Native documents,doc:19,SOURCE_COMPLETE,Metadata/Sources/Raw/data/maps/campaign_03_03_sub3/text/eng/briefings/0000.hlt,Metadata/Sources/index.html,1,ENTRY_ID is the zero-based archive table ordinal
E:\cultures\vanilla-data\DataX\Libs\data0001.lib,20,data\maps\campaign_03_05_sub1\text\eng\briefings\0000.hlt,215717181,377,HLT,Native documents,doc:20,SOURCE_COMPLETE,Metadata/Sources/Raw/data/maps/campaign_03_05_sub1/text/eng/briefings/0000.hlt,Metadata/Sources/index.html,1,ENTRY_ID is the zero-based archive table ordinal
E:\cultures\vanilla-data\DataX\Libs\data0001.lib,21,data\maps\multiplayer_203_special_militär\text\eng\briefings\fonts\font12.fnt,231972053,17840,FNT,Fonts,font:21,SOURCE_COMPLETE,UI/Fonts/maps_multiplayer_203_special_militär_text_eng_briefings_fonts/font12__index_data.png,UI/Fonts/index.html,1,ENTRY_ID is the zero-based archive table ordinal
E:\cultures\vanilla-data\DataX\Libs\data0001.lib,22,data\maps\singleplayer_03_04\text\eng\briefings\0039.hlt,241081453,128,HLT,Native documents,doc:22,SOURCE_COMPLETE,Metadata/Sources/Raw/data/maps/singleplayer_03_04/text/eng/briefings/0039.hlt,Metadata/Sources/index.html,1,ENTRY_ID is the zero-based archive table ordinal
E:\cultures\vanilla-data\DataX\Libs\data0001.lib,23,data\text\eng\strings\gameobjects\jobs.cif,255168186,3052,CIF,Native definitions,cif:23,SOURCE_COMPLETE,Metadata/Sources/CIF/data/text/eng/strings/gameobjects/jobs.cif.txt,Metadata/Sources/index.html,1,ENTRY_ID is the zero-based archive table ordinal
E:\cultures\vanilla-data\DataX\Libs\data0001.lib,24,data\edit\macromaps\plaster000.cif,329005,1029,CIF,Native definitions,cif:24,SOURCE_COMPLETE,Metadata/Sources/CIF/data/edit/macromaps/plaster000.cif.txt,Metadata/Sources/index.html,1,ENTRY_ID is the zero-based archive table ordinal
E:\cultures\vanilla-data\DataX\Libs\data0001.lib,25,data\engine2d\bin\palettes\goods\goods_incense.pcx,132766737,901,PCX,Palettes,img:25,PIXEL_CONFIRMED,Metadata/Palettes/goods/goods_incense.png,Metadata/Palettes/index.html,1,ENTRY_ID is the zero-based archive table ordinal
E:\cultures\vanilla-data\DataX\Libs\data0001.lib,26,data\engine2d\bin\palettes\goods\goods_leather.pcx,132768539,901,PCX,Palettes,img:26,PIXEL_CONFIRMED,Metadata/Palettes/goods/goods_leather.png,Metadata/Palettes/index.html,1,ENTRY_ID is the zero-based archive table ordinal
E:\cultures\vanilla-data\DataX\Libs\data0001.lib,27,data\engine2d\bin\sounds\generic\animals_wolf06.wav,150306344,114354,WAV,Audio,aud:27,SOURCE_COMPLETE,Audio/generic/animals_wolf06.wav,Audio/index.html,1,ENTRY_ID is the zero-based archive table ordinal
E:\cultures\vanilla-data\DataX\Libs\data0001.lib,28,data\engine2d\bin\textures\text_002.pcx,188062081,73435,PCX,Images,img:28,PIXEL_CONFIRMED,Terrain/Textures/text_002.png,Terrain/Textures/index.html,3,ENTRY_ID is the zero-based archive table ordinal
E:\cultures\vanilla-data\DataX\Libs\data0001.lib,29,data\engine2d\bin\textures\text_200.pcx,188565951,61602,PCX,Images,img:29,PIXEL_CONFIRMED,Terrain/Textures/text_200.png,Terrain/Textures/index.html,13,ENTRY_ID is the zero-based archive table ordinal
E:\cultures\vanilla-data\DataX\Libs\data0001.lib,30,data\maps\campaign_03_02\text\eng\briefings\fonts\font10.fnt,205840578,15083,FNT,Fonts,font:30,SOURCE_COMPLETE,,UI/Fonts/index.html,1,ENTRY_ID is the zero-based archive table ordinal
E:\cultures\vanilla-data\DataX\Libs\data0001.lib,31,data\maps\campaign_03_03_sub1\text\eng\briefings\0120.hlt,210949208,121,HLT,Native documents,doc:31,SOURCE_COMPLETE,Metadata/Sources/Raw/data/maps/campaign_03_03_sub1/text/eng/briefings/0120.hlt,Metadata/Sources/index.html,1,ENTRY_ID is the zero-based archive table ordinal
E:\cultures\vanilla-data\DataX\Libs\data0001.lib,32,data\maps\campaign_03_03_sub1\text\eng\briefings\0300.hlt,210949481,152,HLT,Native documents,doc:32,SOURCE_COMPLETE,Metadata/Sources/Raw/data/maps/campaign_03_03_sub1/text/eng/briefings/0300.hlt,Metadata/Sources/index.html,1,ENTRY_ID is the zero-based archive table ordinal
E:\cultures\vanilla-data\DataX\Libs\data0001.lib,33,data\maps\campaign_03_03_sub2\text\eng\briefings\0110.hlt,211518640,121,HLT,Native documents,doc:33,SOURCE_COMPLETE,Metadata/Sources/Raw/data/maps/campaign_03_03_sub2/text/eng/briefings/0110.hlt,Metadata/Sources/index.html,1,ENTRY_ID is the zero-based archive table ordinal
E:\cultures\vanilla-data\DataX\Libs\data0001.lib,34,data\maps\campaign_03_03_sub2\text\eng\briefings\0200.hlt,211518882,152,HLT,Native documents,doc:34,SOURCE_COMPLETE,Metadata/Sources/Raw/data/maps/campaign_03_03_sub2/text/eng/briefings/0200.hlt,Metadata/Sources/index.html,1,ENTRY_ID is the zero-based archive table ordinal
E:\cultures\vanilla-data\DataX\Libs\data0001.lib,35,data\maps\campaign_03_03_sub3\text\eng\briefings\0010.hlt,212088043,120,HLT,Native documents,doc:35,SOURCE_COMPLETE,Metadata/Sources/Raw/data/maps/campaign_03_03_sub3/text/eng/briefings/0010.hlt,Metadata/Sources/index.html,1,ENTRY_ID is the zero-based archive table ordinal
E:\cultures\vanilla-data\DataX\Libs\data0001.lib,36,data\maps\campaign_03_03_sub3\text\eng\briefings\0100.hlt,212088283,152,HLT,Native documents,doc:36,SOURCE_COMPLETE,Metadata/Sources/Raw/data/maps/campaign_03_03_sub3/text/eng/briefings/0100.hlt,Metadata/Sources/index.html,1,ENTRY_ID is the zero-based archive table ordinal
E:\cultures\vanilla-data\DataX\Libs\data0001.lib,37,data\maps\campaign_03_05_sub1\text\eng\briefings\0001.hlt,215717558,158,HLT,Native documents,doc:37,SOURCE_COMPLETE,Metadata/Sources/Raw/data/maps/campaign_03_05_sub1/text/eng/briefings/0001.hlt,Metadata/Sources/index.html,1,ENTRY_ID is the zero-based archive table ordinal
E:\cultures\vanilla-data\DataX\Libs\data0001.lib,38,data\maps\campaign_03_05_sub1\text\eng\briefings\0010.hlt,215718935,182,HLT,Native documents,doc:38,SOURCE_COMPLETE,Metadata/Sources/Raw/data/maps/campaign_03_05_sub1/text/eng/briefings/0010.hlt,Metadata/Sources/index.html,1,ENTRY_ID is the zero-based archive table ordinal
E:\cultures\vanilla-data\DataX\Libs\data0001.lib,39,data\maps\campaign_03_05_sub1\text\eng\briefings\0100.hlt,215720969,152,HLT,Native documents,doc:39,SOURCE_COMPLETE,Metadata/Sources/Raw/data/maps/campaign_03_05_sub1/text/eng/briefings/0100.hlt,Metadata/Sources/index.html,1,ENTRY_ID is the zero-based archive table ordinal
E:\cultures\vanilla-data\DataX\Libs\data0001.lib,40,data\maps\campaign_03_05_sub2\text\eng\briefings\0000.hlt,216411383,377,HLT,Native documents,doc:40,SOURCE_COMPLETE,Metadata/Sources/Raw/data/maps/campaign_03_05_sub2/text/eng/briefings/0000.hlt,Metadata/Sources/index.html,1,ENTRY_ID is the zero-based archive table ordinal
E:\cultures\vanilla-data\DataX\Libs\data0001.lib,41,data\maps\campaign_03_06_sub1\text\eng\briefings\0000.hlt,219842589,314,HLT,Native documents,doc:41,SOURCE_COMPLETE,Metadata/Sources/Raw/data/maps/campaign_03_06_sub1/text/eng/briefings/0000.hlt,Metadata/Sources/index.html,1,ENTRY_ID is the zero-based archive table ordinal
E:\cultures\vanilla-data\DataX\Libs\data0001.lib,42,data\maps\tutorial_001\text\eng\briefings\fonts\font_10.fnt,245259104,14407,FNT,Fonts,font:42,SOURCE_COMPLETE,UI/Fonts/maps_tutorial_001_text_eng_briefings_fonts/font_10__index_data.png,UI/Fonts/index.html,1,ENTRY_ID is the zero-based archive table ordinal
E:\cultures\vanilla-data\DataX\Libs\data0001.lib,43,data\engine2d\bin\textures\text_003.pcx,188135516,30838,PCX,Images,img:43,PIXEL_CONFIRMED,Terrain/Textures/text_003.png,Terrain/Textures/index.html,6,ENTRY_ID is the zero-based archive table ordinal
E:\cultures\vanilla-data\DataX\Libs\data0001.lib,44,data\engine2d\bin\textures\text_201.pcx,188627553,61080,PCX,Images,img:44,PIXEL_CONFIRMED,Terrain/Textures/text_201.png,Terrain/Textures/index.html,13,ENTRY_ID is the zero-based archive table ordinal
E:\cultures\vanilla-data\DataX\Libs\data0001.lib,45,data\engine2d\bin\textures\text_210.pcx,189177817,55529,PCX,Images,img:45,PIXEL_CONFIRMED,Terrain/Textures/text_210.png,Terrain/Textures/index.html,13,ENTRY_ID is the zero-based archive table ordinal
E:\cultures\vanilla-data\DataX\Libs\data0001.lib,46,data\maps\campaign_03_01\text\eng\briefings\fonts\font12.fnt,202661350,17840,FNT,Fonts,font:46,SOURCE_COMPLETE,,UI/Fonts/index.html,1,ENTRY_ID is the zero-based archive table ordinal
E:\cultures\vanilla-data\DataX\Libs\data0001.lib,47,data\maps\campaign_03_03\text\eng\briefings\fonts\font10.fnt,208578848,15083,FNT,Fonts,font:47,SOURCE_COMPLETE,,UI/Fonts/index.html,1,ENTRY_ID is the zero-based archive table ordinal
E:\cultures\vanilla-data\DataX\Libs\data0001.lib,48,data\maps\campaign_03_03_sub1\text\eng\briefings\0400.hlt,210949633,152,HLT,Native documents,doc:48,SOURCE_COMPLETE,Metadata/Sources/Raw/data/maps/campaign_03_03_sub1/text/eng/briefings/0400.hlt,Metadata/Sources/index.html,1,ENTRY_ID is the zero-based archive table ordinal
E:\cultures\vanilla-data\DataX\Libs\data0001.lib,49,data\maps\campaign_03_03_sub2\text\eng\briefings\0120.hlt,211518761,121,HLT,Native documents,doc:49,SOURCE_COMPLETE,Metadata/Sources/Raw/data/maps/campaign_03_03_sub2/text/eng/briefings/0120.hlt,Metadata/Sources/index.html,1,ENTRY_ID is the zero-based archive table ordinal
E:\cultures\vanilla-data\DataX\Libs\data0001.lib,50,data\maps\campaign_03_03_sub2\text\eng\briefings\0300.hlt,211519034,152,HLT,Native documents,doc:50,SOURCE_COMPLETE,Metadata/Sources/Raw/data/maps/campaign_03_03_sub2/text/eng/briefings/0300.hlt,Metadata/Sources/index.html,1,ENTRY_ID is the zero-based archive table ordinal
E:\cultures\vanilla-data\DataX\Libs\data0001.lib,51,data\maps\campaign_03_03_sub3\text\eng\briefings\0020.hlt,212088163,120,HLT,Native documents,doc:51,SOURCE_COMPLETE,Metadata/Sources/Raw/data/maps/campaign_03_03_sub3/text/eng/briefings/0020.hlt,Metadata/Sources/index.html,1,ENTRY_ID is the zero-based archive table ordinal
E:\cultures\vanilla-data\DataX\Libs\data0001.lib,52,data\maps\campaign_03_03_sub3\text\eng\briefings\0110.hlt,212088435,121,HLT,Native documents,doc:52,SOURCE_COMPLETE,Metadata/Sources/Raw/data/maps/campaign_03_03_sub3/text/eng/briefings/0110.hlt,Metadata/Sources/index.html,1,ENTRY_ID is the zero-based archive table ordinal
E:\cultures\vanilla-data\DataX\Libs\data0001.lib,53,data\maps\campaign_03_03_sub3\text\eng\briefings\0200.hlt,212088677,152,HLT,Native documents,doc:53,SOURCE_COMPLETE,Metadata/Sources/Raw/data/maps/campaign_03_03_sub3/text/eng/briefings/0200.hlt,Metadata/Sources/index.html,1,ENTRY_ID is the zero-based archive table ordinal
E:\cultures\vanilla-data\DataX\Libs\data0001.lib,54,data\maps\campaign_03_05_sub1\text\eng\briefings\0002.hlt,215717716,154,HLT,Native documents,doc:54,SOURCE_COMPLETE,Metadata/Sources/Raw/data/maps/campaign_03_05_sub1/text/eng/briefings/0002.hlt,Metadata/Sources/index.html,1,ENTRY_ID is the zero-based archive table ordinal
E:\cultures\vanilla-data\DataX\Libs\data0001.lib,55,data\maps\campaign_03_05_sub1\text\eng\briefings\0011.hlt,215719117,182,HLT,Native documents,doc:55,SOURCE_COMPLETE,Metadata/Sources/Raw/data/maps/campaign_03_05_sub1/text/eng/briefings/0011.hlt,Metadata/Sources/index.html,1,ENTRY_ID is the zero-based archive table ordinal
E:\cultures\vanilla-data\DataX\Libs\data0001.lib,56,data\maps\campaign_03_05_sub1\text\eng\briefings\0020.hlt,215720471,154,HLT,Native documents,doc:56,SOURCE_COMPLETE,Metadata/Sources/Raw/data/maps/campaign_03_05_sub1/text/eng/briefings/0020.hlt,Metadata/Sources/index.html,1,ENTRY_ID is the zero-based archive table ordinal
E:\cultures\vanilla-data\DataX\Libs\data0001.lib,57,data\maps\campaign_03_05_sub1\text\eng\briefings\0200.hlt,215721121,152,HLT,Native documents,doc:57,SOURCE_COMPLETE,Metadata/Sources/Raw/data/maps/campaign_03_05_sub1/text/eng/briefings/0200.hlt,Metadata/Sources/index.html,1,ENTRY_ID is the zero-based archive table ordinal
E:\cultures\vanilla-data\DataX\Libs\data0001.lib,58,data\maps\campaign_03_05_sub2\text\eng\briefings\0001.hlt,216411760,126,HLT,Native documents,doc:58,SOURCE_COMPLETE,Metadata/Sources/Raw/data/maps/campaign_03_05_sub2/text/eng/briefings/0001.hlt,Metadata/Sources/index.html,1,ENTRY_ID is the zero-based archive table ordinal
E:\cultures\vanilla-data\DataX\Libs\data0001.lib,59,data\maps\campaign_03_05_sub2\text\eng\briefings\0100.hlt,216413362,152,HLT,Native documents,doc:59,SOURCE_COMPLETE,Metadata/Sources/Raw/data/maps/campaign_03_05_sub2/text/eng/briefings/0100.hlt,Metadata/Sources/index.html,1,ENTRY_ID is the zero-based archive table ordinal
E:\cultures\vanilla-data\DataX\Libs\data0001.lib,60,data\maps\campaign_03_06_sub1\text\eng\briefings\0001.hlt,219842903,155,HLT,Native documents,doc:60,SOURCE_COMPLETE,Metadata/Sources/Raw/data/maps/campaign_03_06_sub1/text/eng/briefings/0001.hlt,Metadata/Sources/index.html,1,ENTRY_ID is the zero-based archive table ordinal
E:\cultures\vanilla-data\DataX\Libs\data0001.lib,61,data\maps\campaign_03_06_sub2\text\eng\briefings\0000.hlt,220424823,314,HLT,Native documents,doc:61,SOURCE_COMPLETE,Metadata/Sources/Raw/data/maps/campaign_03_06_sub2/text/eng/briefings/0000.hlt,Metadata/Sources/index.html,1,ENTRY_ID is the zero-based archive table ordinal
E:\cultures\vanilla-data\DataX\Libs\data0001.lib,62,data\maps\multiplayer_201_special_coop\text\eng\briefings\fonts\fonthead16bld.fnt,228715405,23016,FNT,Fonts,font:62,SOURCE_COMPLETE,UI/Fonts/maps_multiplayer_201_special_coop_text_eng_briefings_fonts/fonthead16bld__index_data.png,UI/Fonts/index.html,1,ENTRY_ID is the zero-based archive table ordinal
E:\cultures\vanilla-data\DataX\Libs\data0001.lib,63,data\maps\singleplayer_03_01\text\eng\briefings\briefings.txt,236802276,10935,TXT,Native documents,doc:63,SOURCE_COMPLETE,Metadata/Sources/Raw/data/maps/singleplayer_03_01/text/eng/briefings/briefings.txt,Metadata/Sources/index.html,1,ENTRY_ID is the zero-based archive table ordinal
E:\cultures\vanilla-data\DataX\Libs\data0001.lib,64,data\maps\tutorial_002\text\eng\briefings\fonts\font_10.fnt,246327077,14407,FNT,Fonts,font:64,SOURCE_COMPLETE,,UI/Fonts/index.html,1,ENTRY_ID is the zero-based archive table ordinal
E:\cultures\vanilla-data\DataX\Libs\data0001.lib,65,data\engine2d\bin\sounds\ambient\bird_01.wav,134287936,69472,WAV,Audio,aud:65,SOURCE_COMPLETE,Audio/ambient/bird_01.wav,Audio/index.html,1,ENTRY_ID is the zero-based archive table ordinal
E:\cultures\vanilla-data\DataX\Libs\data0001.lib,66,data\engine2d\bin\sounds\ambient\bird_10.wav,134796254,60164,WAV,Audio,aud:66,SOURCE_COMPLETE,Audio/ambient/bird_10.wav,Audio/index.html,1,ENTRY_ID is the zero-based archive table ordinal
E:\cultures\vanilla-data\DataX\Libs\data0001.lib,67,data\engine2d\bin\textures\text_202.pcx,188688633,61716,PCX,Images,img:67,PIXEL_CONFIRMED,Terrain/Textures/text_202.png,Terrain/Textures/index.html,13,ENTRY_ID is the zero-based archive table ordinal
E:\cultures\vanilla-data\DataX\Libs\data0001.lib,68,data\engine2d\bin\textures\text_211.pcx,189233346,57184,PCX,Images,img:68,PIXEL_CONFIRMED,Terrain/Textures/text_211.png,Terrain/Textures/index.html,13,ENTRY_ID is the zero-based archive table ordinal
E:\cultures\vanilla-data\DataX\Libs\data0001.lib,69,data\engine2d\bin\textures\text_220.pcx,189780600,68099,PCX,Images,img:69,PIXEL_CONFIRMED,Terrain/Textures/text_220.png,Terrain/Textures/index.html,37,ENTRY_ID is the zero-based archive table ordinal
E:\cultures\vanilla-data\DataX\Libs\data0001.lib,70,data\gui\lang\eng\bobs\ls_menu_logos.bmd,197207960,1594681,BMD,Source libraries,lib:ls_menu_logos,SOURCE_COMPLETE,Shared/SourceLibraries/ls_menu_logos/library.json,Shared/SourceLibraries/index.html,38,ENTRY_ID is the zero-based archive table ordinal
E:\cultures\vanilla-data\DataX\Libs\data0001.lib,71,data\maps\campaign_03_02\text\eng\briefings\fonts\font12.fnt,205855661,17840,FNT,Fonts,font:71,SOURCE_COMPLETE,,UI/Fonts/index.html,1,ENTRY_ID is the zero-based archive table ordinal
E:\cultures\vanilla-data\DataX\Libs\data0001.lib,72,data\maps\campaign_03_03_sub1\text\eng\briefings\0500.hlt,210949785,152,HLT,Native documents,doc:72,SOURCE_COMPLETE,Metadata/Sources/Raw/data/maps/campaign_03_03_sub1/text/eng/briefings/0500.hlt,Metadata/Sources/index.html,1,ENTRY_ID is the zero-based archive table ordinal
E:\cultures\vanilla-data\DataX\Libs\data0001.lib,73,data\maps\campaign_03_03_sub2\text\eng\briefings\0400.hlt,211519186,152,HLT,Native documents,doc:73,SOURCE_COMPLETE,Metadata/Sources/Raw/data/maps/campaign_03_03_sub2/text/eng/briefings/0400.hlt,Metadata/Sources/index.html,1,ENTRY_ID is the zero-based archive table ordinal
E:\cultures\vanilla-data\DataX\Libs\data0001.lib,74,data\maps\campaign_03_03_sub3\text\eng\briefings\0120.hlt,212088556,121,HLT,Native documents,doc:74,SOURCE_COMPLETE,Metadata/Sources/Raw/data/maps/campaign_03_03_sub3/text/eng/briefings/0120.hlt,Metadata/Sources/index.html,1,ENTRY_ID is the zero-based archive table ordinal
E:\cultures\vanilla-data\DataX\Libs\data0001.lib,75,data\maps\campaign_03_03_sub3\text\eng\briefings\0300.hlt,212088829,152,HLT,Native documents,doc:75,SOURCE_COMPLETE,Metadata/Sources/Raw/data/maps/campaign_03_03_sub3/text/eng/briefings/0300.hlt,Metadata/Sources/index.html,1,ENTRY_ID is the zero-based archive table ordinal
E:\cultures\vanilla-data\DataX\Libs\data0001.lib,76,data\maps\campaign_03_04\text\eng\briefings\fonts\font10.fnt,212166788,15083,FNT,Fonts,font:76,SOURCE_COMPLETE,,UI/Fonts/index.html,1,ENTRY_ID is the zero-based archive table ordinal
E:\cultures\vanilla-data\DataX\Libs\data0001.lib,77,data\maps\campaign_03_05_sub1\text\eng\briefings\0003.hlt,215717870,152,HLT,Native documents,doc:77,SOURCE_COMPLETE,Metadata/Sources/Raw/data/maps/campaign_03_05_sub1/text/eng/briefings/0003.hlt,Metadata/Sources/index.html,1,ENTRY_ID is the zero-based archive table ordinal
E:\cultures\vanilla-data\DataX\Libs\data0001.lib,78,data\maps\campaign_03_05_sub1\text\eng\briefings\0012.hlt,215719299,120,HLT,Native documents,doc:78,SOURCE_COMPLETE,Metadata/Sources/Raw/data/maps/campaign_03_05_sub1/text/eng/briefings/0012.hlt,Metadata/Sources/index.html,1,ENTRY_ID is the zero-based archive table ordinal
E:\cultures\vanilla-data\DataX\Libs\data0001.lib,79,data\maps\campaign_03_05_sub1\text\eng\briefings\0300.hlt,215721273,152,HLT,Native documents,doc:79,SOURCE_COMPLETE,Metadata/Sources/Raw/data/maps/campaign_03_05_sub1/text/eng/briefings/0300.hlt,Metadata/Sources/index.html,1,ENTRY_ID is the zero-based archive table ordinal
E:\cultures\vanilla-data\DataX\Libs\data0001.lib,80,data\maps\campaign_03_05_sub2\text\eng\briefings\0002.hlt,216411886,124,HLT,Native documents,doc:80,SOURCE_COMPLETE,Metadata/Sources/Raw/data/maps/campaign_03_05_sub2/text/eng/briefings/0002.hlt,Metadata/Sources/index.html,1,ENTRY_ID is the zero-based archive table ordinal
E:\cultures\vanilla-data\DataX\Libs\data0001.lib,81,data\maps\campaign_03_05_sub2\text\eng\briefings\0200.hlt,216413514,152,HLT,Native documents,doc:81,SOURCE_COMPLETE,Metadata/Sources/Raw/data/maps/campaign_03_05_sub2/text/eng/briefings/0200.hlt,Metadata/Sources/index.html,1,ENTRY_ID is the zero-based archive table ordinal
E:\cultures\vanilla-data\DataX\Libs\data0001.lib,82,data\maps\campaign_03_06_sub1\text\eng\briefings\0002.hlt,219843058,151,HLT,Native documents,doc:82,SOURCE_COMPLETE,Metadata/Sources/Raw/data/maps/campaign_03_06_sub1/text/eng/briefings/0002.hlt,Metadata/Sources/index.html,1,ENTRY_ID is the zero-based archive table ordinal
E:\cultures\vanilla-data\DataX\Libs\data0001.lib,83,data\maps\campaign_03_06_sub2\text\eng\briefings\0001.hlt,220425137,158,HLT,Native documents,doc:83,SOURCE_COMPLETE,Metadata/Sources/Raw/data/maps/campaign_03_06_sub2/text/eng/briefings/0001.hlt,Metadata/Sources/index.html,1,ENTRY_ID is the zero-based archive table ordinal
E:\cultures\vanilla-data\DataX\Libs\data0001.lib,84,data\maps\campaign_03_06_sub2\text\eng\briefings\0100.hlt,220426458,152,HLT,Native documents,doc:84,SOURCE_COMPLETE,Metadata/Sources/Raw/data/maps/campaign_03_06_sub2/text/eng/briefings/0100.hlt,Metadata/Sources/index.html,1,ENTRY_ID is the zero-based archive table ordinal
E:\cultures\vanilla-data\DataX\Libs\data0001.lib,85,data\maps\multiplayer_201_special_coop\minimap\minimap.pcx,228642057,40425,PCX,Images,img:85,PIXEL_CONFIRMED,UI/Maps/multiplayer_201_special_coop/minimap/minimap.png,UI/Images/index.html,1,ENTRY_ID is the zero-based archive table ordinal
E:\cultures\vanilla-data\DataX\Libs\data0001.lib,86,data\maps\singleplayer_03_02\text\eng\briefings\briefings.txt,238627928,6034,TXT,Native documents,doc:86,SOURCE_COMPLETE,Metadata/Sources/Raw/data/maps/singleplayer_03_02/text/eng/briefings/briefings.txt,Metadata/Sources/index.html,1,ENTRY_ID is the zero-based archive table ordinal
E:\cultures\vanilla-data\DataX\Libs\data0001.lib,87,data\maps\tutorial_003\text\eng\briefings\fonts\font_10.fnt,247308412,14407,FNT,Fonts,font:87,SOURCE_COMPLETE,,UI/Fonts/index.html,1,ENTRY_ID is the zero-based archive table ordinal
E:\cultures\vanilla-data\DataX\Libs\data0001.lib,88,data\engine2d\bin\sounds\ambient\bird_02.wav,134357408,48224,WAV,Audio,aud:88,SOURCE_COMPLETE,Audio/ambient/bird_02.wav,Audio/index.html,1,ENTRY_ID is the zero-based archive table ordinal
E:\cultures\vanilla-data\DataX\Libs\data0001.lib,89,data\engine2d\bin\sounds\ambient\bird_11.wav,134856418,45600,WAV,Audio,aud:89,SOURCE_COMPLETE,Audio/ambient/bird_11.wav,Audio/index.html,1,ENTRY_ID is the zero-based archive table ordinal
E:\cultures\vanilla-data\DataX\Libs\data0001.lib,90,data\engine2d\bin\textures\text_203.pcx,188750349,61927,PCX,Images,img:90,PIXEL_CONFIRMED,Terrain/Textures/text_203.png,Terrain/Textures/index.html,13,ENTRY_ID is the zero-based archive table ordinal
E:\cultures\vanilla-data\DataX\Libs\data0001.lib,91,data\engine2d\bin\textures\text_212.pcx,189290530,58246,PCX,Images,img:91,PIXEL_CONFIRMED,Terrain/Textures/text_212.png,Terrain/Textures/index.html,13,ENTRY_ID is the zero-based archive table ordinal
E:\cultures\vanilla-data\DataX\Libs\data0001.lib,92,data\engine2d\bin\textures\text_221.pcx,189848699,70011,PCX,Images,img:92,PIXEL_CONFIRMED,Terrain/Textures/text_221.png,Terrain/Textures/index.html,37,ENTRY_ID is the zero-based archive table ordinal
E:\cultures\vanilla-data\DataX\Libs\data0001.lib,93,data\engine2d\bin\textures\text_230.pcx,190425123,62890,PCX,Images,img:93,PIXEL_CONFIRMED,Terrain/Textures/text_230.png,Terrain/Textures/index.html,13,ENTRY_ID is the zero-based archive table ordinal
E:\cultures\vanilla-data\DataX\Libs\data0001.lib,94,data\gui\lang\eng\pictures\titlescreen.bmp,200722785,1440054,BMP,Images,img:94,SOURCE_COMPLETE,UI/Pictures/titlescreen.png,UI/Images/index.html,1,ENTRY_ID is the zero-based archive table ordinal
E:\cultures\vanilla-data\DataX\Libs\data0001.lib,95,data\gui\palettes\font_white.pcx,202173657,902,PCX,Images,img:95,PIXEL_CONFIRMED,UI/Palettes/font_white.png,UI/Images/index.html,1,ENTRY_ID is the zero-based archive table ordinal
E:\cultures\vanilla-data\DataX\Libs\data0001.lib,96,data\maps\campaign_03_03\text\eng\briefings\fonts\font12.fnt,208593931,17840,FNT,Fonts,font:96,SOURCE_COMPLETE,,UI/Fonts/index.html,1,ENTRY_ID is the zero-based archive table ordinal
E:\cultures\vanilla-data\DataX\Libs\data0001.lib,97,data\maps\campaign_03_03_sub2\text\eng\briefings\0500.hlt,211519338,152,HLT,Native documents,doc:97,SOURCE_COMPLETE,Metadata/Sources/Raw/data/maps/campaign_03_03_sub2/text/eng/briefings/0500.hlt,Metadata/Sources/index.html,1,ENTRY_ID is the zero-based archive table ordinal
E:\cultures\vanilla-data\DataX\Libs\data0001.lib,98,data\maps\campaign_03_03_sub3\text\eng\briefings\0400.hlt,212088981,152,HLT,Native documents,doc:98,SOURCE_COMPLETE,Metadata/Sources/Raw/data/maps/campaign_03_03_sub3/text/eng/briefings/0400.hlt,Metadata/Sources/index.html,1,ENTRY_ID is the zero-based archive table ordinal
E:\cultures\vanilla-data\DataX\Libs\data0001.lib,99,data\maps\campaign_03_05\text\eng\briefings\fonts\font10.fnt,213482306,15083,FNT,Fonts,font:99,SOURCE_COMPLETE,,UI/Fonts/index.html,1,ENTRY_ID is the zero-based archive table ordinal
E:\cultures\vanilla-data\DataX\Libs\data0001.lib,100,data\maps\campaign_03_05_sub1\text\eng\briefings\0004.hlt,215718022,149,HLT,Native documents,doc:100,SOURCE_COMPLETE,Metadata/Sources/Raw/data/maps/campaign_03_05_sub1/text/eng/briefings/0004.hlt,Metadata/Sources/index.html,1,ENTRY_ID is the zero-based archive table ordinal
E:\cultures\vanilla-data\DataX\Libs\data0001.lib,101,data\maps\campaign_03_05_sub1\text\eng\briefings\0013.hlt,215719419,155,HLT,Native documents,doc:101,SOURCE_COMPLETE,Metadata/Sources/Raw/data/maps/campaign_03_05_sub1/text/eng/briefings/0013.hlt,Metadata/Sources/index.html,1,ENTRY_ID is the zero-based archive table ordinal
E:\cultures\vanilla-data\DataX\Libs\data0001.lib,102,data\maps\campaign_03_05_sub1\text\eng\briefings\0400.hlt,215721425,152,HLT,Native documents,doc:102,SOURCE_COMPLETE,Metadata/Sources/Raw/data/maps/campaign_03_05_sub1/text/eng/briefings/0400.hlt,Metadata/Sources/index.html,1,ENTRY_ID is the zero-based archive table ordinal
E:\cultures\vanilla-data\DataX\Libs\data0001.lib,103,data\maps\campaign_03_05_sub2\text\eng\briefings\0003.hlt,216412010,153,HLT,Native documents,doc:103,SOURCE_COMPLETE,Metadata/Sources/Raw/data/maps/campaign_03_05_sub2/text/eng/briefings/0003.hlt,Metadata/Sources/index.html,1,ENTRY_ID is the zero-based archive table ordinal
E:\cultures\vanilla-data\DataX\Libs\data0001.lib,104,data\maps\campaign_03_05_sub2\text\eng\briefings\0300.hlt,216413666,152,HLT,Native documents,doc:104,SOURCE_COMPLETE,Metadata/Sources/Raw/data/maps/campaign_03_05_sub2/text/eng/briefings/0300.hlt,Metadata/Sources/index.html,1,ENTRY_ID is the zero-based archive table ordinal
E:\cultures\vanilla-data\DataX\Libs\data0001.lib,105,data\maps\campaign_03_06_sub2\text\eng\briefings\0002.hlt,220425295,122,HLT,Native documents,doc:105,SOURCE_COMPLETE,Metadata/Sources/Raw/data/maps/campaign_03_06_sub2/text/eng/briefings/0002.hlt,Metadata/Sources/index.html,1,ENTRY_ID is the zero-based archive table ordinal
E:\cultures\vanilla-data\DataX\Libs\data0001.lib,106,data\maps\campaign_03_06_sub2\text\eng\briefings\0200.hlt,220426610,152,HLT,Native documents,doc:106,SOURCE_COMPLETE,Metadata/Sources/Raw/data/maps/campaign_03_06_sub2/text/eng/briefings/0200.hlt,Metadata/Sources/index.html,1,ENTRY_ID is the zero-based archive table ordinal
E:\cultures\vanilla-data\DataX\Libs\data0001.lib,107,data\maps\singleplayer_03_03\text\eng\briefings\briefings.txt,239789889,3898,TXT,Native documents,doc:107,SOURCE_COMPLETE,Metadata/Sources/Raw/data/maps/singleplayer_03_03/text/eng/briefings/briefings.txt,Metadata/Sources/index.html,1,ENTRY_ID is the zero-based archive table ordinal
E:\cultures\vanilla-data\DataX\Libs\data0001.lib,108,data\maps\tutorial_004\text\eng\briefings\fonts\font_10.fnt,248163331,14407,FNT,Fonts,font:108,SOURCE_COMPLETE,,UI/Fonts/index.html,1,ENTRY_ID is the zero-based archive table ordinal
E:\cultures\vanilla-data\DataX\Libs\data0001.lib,109,data\engine2d\bin\palettes\creatures\lion.pcx,132732499,901,PCX,Palettes,img:109,PIXEL_CONFIRMED,Metadata/Palettes/creatures/lion.png,Metadata/Palettes/index.html,1,ENTRY_ID is the zero-based archive table ordinal
E:\cultures\vanilla-data\DataX\Libs\data0001.lib,110,data\engine2d\bin\sounds\ambient\bird_03.wav,134405632,55042,WAV,Audio,aud:110,SOURCE_COMPLETE,Audio/ambient/bird_03.wav,Audio/index.html,1,ENTRY_ID is the zero-based archive table ordinal
E:\cultures\vanilla-data\DataX\Libs\data0001.lib,111,data\engine2d\bin\sounds\ambient\bird_12.wav,134902018,77628,WAV,Audio,aud:111,SOURCE_COMPLETE,Audio/ambient/bird_12.wav,Audio/index.html,1,ENTRY_ID is the zero-based archive table ordinal
E:\cultures\vanilla-data\DataX\Libs\data0001.lib,112,data\engine2d\bin\textures\text_204.pcx,188812276,61129,PCX,Images,img:112,PIXEL_CONFIRMED,Terrain/Textures/text_204.png,Terrain/Textures/index.html,13,ENTRY_ID is the zero-based archive table ordinal
E:\cultures\vanilla-data\DataX\Libs\data0001.lib,113,data\engine2d\bin\textures\text_213.pcx,189348776,56521,PCX,Images,img:113,PIXEL_CONFIRMED,Terrain/Textures/text_213.png,Terrain/Textures/index.html,13,ENTRY_ID is the zero-based archive table ordinal
E:\cultures\vanilla-data\DataX\Libs\data0001.lib,114,data\engine2d\bin\textures\text_222.pcx,189918710,63916,PCX,Images,img:114,PIXEL_CONFIRMED,Terrain/Textures/text_222.png,Terrain/Textures/index.html,37,ENTRY_ID is the zero-based archive table ordinal
E:\cultures\vanilla-data\DataX\Libs\data0001.lib,115,data\engine2d\bin\textures\text_231.pcx,190488013,62186,PCX,Images,img:115,PIXEL_CONFIRMED,Terrain/Textures/text_231.png,Terrain/Textures/index.html,13,ENTRY_ID is the zero-based archive table ordinal
E:\cultures\vanilla-data\DataX\Libs\data0001.lib,116,data\engine2d\bin\textures\text_240.pcx,191032505,64590,PCX,Images,img:116,PIXEL_CONFIRMED,Terrain/Textures/text_240.png,Terrain/Textures/index.html,13,ENTRY_ID is the zero-based archive table ordinal
E:\cultures\vanilla-data\DataX\Libs\data0001.lib,117,data\engine2d\bin\textures\tran_sand.pcx,192360264,80731,PCX,Images,img:117,PIXEL_CONFIRMED,Terrain/Textures/tran_sand.png,Terrain/Textures/index.html,3,ENTRY_ID is the zero-based archive table ordinal
E:\cultures\vanilla-data\DataX\Libs\data0001.lib,118,data\maps\campaign_03_03_sub3\text\eng\briefings\0500.hlt,212089133,152,HLT,Native documents,doc:118,SOURCE_COMPLETE,Metadata/Sources/Raw/data/maps/campaign_03_03_sub3/text/eng/briefings/0500.hlt,Metadata/Sources/index.html,1,ENTRY_ID is the zero-based archive table ordinal
E:\cultures\vanilla-data\DataX\Libs\data0001.lib,119,data\maps\campaign_03_04\text\eng\briefings\fonts\font12.fnt,212181871,17840,FNT,Fonts,font:119,SOURCE_COMPLETE,,UI/Fonts/index.html,1,ENTRY_ID is the zero-based archive table ordinal
E:\cultures\vanilla-data\DataX\Libs\data0001.lib,120,data\maps\campaign_03_05_sub1\text\eng\briefings\0005.hlt,215718171,152,HLT,Native documents,doc:120,SOURCE_COMPLETE,Metadata/Sources/Raw/data/maps/campaign_03_05_sub1/text/eng/briefings/0005.hlt,Metadata/Sources/index.html,1,ENTRY_ID is the zero-based archive table ordinal
E:\cultures\vanilla-data\DataX\Libs\data0001.lib,121,data\maps\campaign_03_05_sub1\text\eng\briefings\0014.hlt,215719574,155,HLT,Native documents,doc:121,SOURCE_COMPLETE,Metadata/Sources/Raw/data/maps/campaign_03_05_sub1/text/eng/briefings/0014.hlt,Metadata/Sources/index.html,1,ENTRY_ID is the zero-based archive table ordinal
E:\cultures\vanilla-data\DataX\Libs\data0001.lib,122,data\maps\campaign_03_05_sub1\text\eng\briefings\0050.hlt,215720625,344,HLT,Native documents,doc:122,SOURCE_COMPLETE,Metadata/Sources/Raw/data/maps/campaign_03_05_sub1/text/eng/briefings/0050.hlt,Metadata/Sources/index.html,1,ENTRY_ID is the zero-based archive table ordinal
E:\cultures\vanilla-data\DataX\Libs\data0001.lib,123,data\maps\campaign_03_05_sub1\text\eng\briefings\0500.hlt,215721577,152,HLT,Native documents,doc:123,SOURCE_COMPLETE,Metadata/Sources/Raw/data/maps/campaign_03_05_sub1/text/eng/briefings/0500.hlt,Metadata/Sources/index.html,1,ENTRY_ID is the zero-based archive table ordinal
E:\cultures\vanilla-data\DataX\Libs\data0001.lib,124,data\maps\campaign_03_05_sub2\text\eng\briefings\0004.hlt,216412163,152,HLT,Native documents,doc:124,SOURCE_COMPLETE,Metadata/Sources/Raw/data/maps/campaign_03_05_sub2/text/eng/briefings/0004.hlt,Metadata/Sources/index.html,1,ENTRY_ID is the zero-based archive table ordinal
E:\cultures\vanilla-data\DataX\Libs\data0001.lib,125,data\maps\campaign_03_05_sub2\text\eng\briefings\0400.hlt,216413818,152,HLT,Native documents,doc:125,SOURCE_COMPLETE,Metadata/Sources/Raw/data/maps/campaign_03_05_sub2/text/eng/briefings/0400.hlt,Metadata/Sources/index.html,1,ENTRY_ID is the zero-based archive table ordinal
E:\cultures\vanilla-data\DataX\Libs\data0001.lib,126,data\maps\campaign_03_06\text\eng\briefings\fonts\font10.fnt,216916026,15083,FNT,Fonts,font:126,SOURCE_COMPLETE,,UI/Fonts/index.html,1,ENTRY_ID is the zero-based archive table ordinal
E:\cultures\vanilla-data\DataX\Libs\data0001.lib,127,data\maps\campaign_03_06_sub2\text\eng\briefings\0003.hlt,220425417,120,HLT,Native documents,doc:127,SOURCE_COMPLETE,Metadata/Sources/Raw/data/maps/campaign_03_06_sub2/text/eng/briefings/0003.hlt,Metadata/Sources/index.html,1,ENTRY_ID is the zero-based archive table ordinal
E:\cultures\vanilla-data\DataX\Libs\data0001.lib,128,data\maps\campaign_03_06_sub2\text\eng\briefings\0300.hlt,220426762,152,HLT,Native documents,doc:128,SOURCE_COMPLETE,Metadata/Sources/Raw/data/maps/campaign_03_06_sub2/text/eng/briefings/0300.hlt,Metadata/Sources/index.html,1,ENTRY_ID is the zero-based archive table ordinal
E:\cultures\vanilla-data\DataX\Libs\data0001.lib,129,data\maps\singleplayer_03_04\text\eng\briefings\briefings.txt,241081837,16305,TXT,Native documents,doc:129,SOURCE_COMPLETE,Metadata/Sources/Raw/data/maps/singleplayer_03_04/text/eng/briefings/briefings.txt,Metadata/Sources/index.html,1,ENTRY_ID is the zero-based archive table ordinal
E:\cultures\vanilla-data\DataX\Libs\data0001.lib,130,data\maps\tutorial_005\text\eng\briefings\fonts\font_10.fnt,249019995,14407,FNT,Fonts,font:130,SOURCE_COMPLETE,,UI/Fonts/index.html,1,ENTRY_ID is the zero-based archive table ordinal
E:\cultures\vanilla-data\DataX\Libs\data0001.lib,131,data\engine2d\bin\sounds\ambient\bird_04.wav,134460674,65932,WAV,Audio,aud:131,SOURCE_COMPLETE,Audio/ambient/bird_04.wav,Audio/index.html,1,ENTRY_ID is the zero-based archive table ordinal
E:\cultures\vanilla-data\DataX\Libs\data0001.lib,132,data\engine2d\bin\sounds\ambient\bird_13.wav,134979646,68446,WAV,Audio,aud:132,SOURCE_COMPLETE,Audio/ambient/bird_13.wav,Audio/index.html,1,ENTRY_ID is the zero-based archive table ordinal
E:\cultures\vanilla-data\DataX\Libs\data0001.lib,133,data\engine2d\bin\textures\text_205.pcx,188873405,61612,PCX,Images,img:133,PIXEL_CONFIRMED,Terrain/Textures/text_205.png,Terrain/Textures/index.html,13,ENTRY_ID is the zero-based archive table ordinal
E:\cultures\vanilla-data\DataX\Libs\data0001.lib,134,data\engine2d\bin\textures\text_214.pcx,189405297,79641,PCX,Images,img:134,PIXEL_CONFIRMED,Terrain/Textures/text_214.png,Terrain/Textures/index.html,25,ENTRY_ID is the zero-based archive table ordinal
E:\cultures\vanilla-data\DataX\Libs\data0001.lib,135,data\engine2d\bin\textures\text_223.pcx,189982626,67839,PCX,Images,img:135,PIXEL_CONFIRMED,Terrain/Textures/text_223.png,Terrain/Textures/index.html,37,ENTRY_ID is the zero-based archive table ordinal
E:\cultures\vanilla-data\DataX\Libs\data0001.lib,136,data\engine2d\bin\textures\text_232.pcx,190550199,56005,PCX,Images,img:136,PIXEL_CONFIRMED,Terrain/Textures/text_232.png,Terrain/Textures/index.html,13,ENTRY_ID is the zero-based archive table ordinal
E:\cultures\vanilla-data\DataX\Libs\data0001.lib,137,data\engine2d\bin\textures\text_241.pcx,191097095,55320,PCX,Images,img:137,PIXEL_CONFIRMED,Terrain/Textures/text_241.png,Terrain/Textures/index.html,37,ENTRY_ID is the zero-based archive table ordinal
E:\cultures\vanilla-data\DataX\Libs\data0001.lib,138,data\maps\campaign_03_03_sub3\text\eng\briefings\0600.hlt,212089285,152,HLT,Native documents,doc:138,SOURCE_COMPLETE,Metadata/Sources/Raw/data/maps/campaign_03_03_sub3/text/eng/briefings/0600.hlt,Metadata/Sources/index.html,1,ENTRY_ID is the zero-based archive table ordinal
E:\cultures\vanilla-data\DataX\Libs\data0001.lib,139,data\maps\campaign_03_05\text\eng\briefings\fonts\font12.fnt,213497389,17840,FNT,Fonts,font:139,SOURCE_COMPLETE,,UI/Fonts/index.html,1,ENTRY_ID is the zero-based archive table ordinal
E:\cultures\vanilla-data\DataX\Libs\data0001.lib,140,data\maps\campaign_03_05_sub1\text\eng\briefings\0006.hlt,215718323,153,HLT,Native documents,doc:140,SOURCE_COMPLETE,Metadata/Sources/Raw/data/maps/campaign_03_05_sub1/text/eng/briefings/0006.hlt,Metadata/Sources/index.html,1,ENTRY_ID is the zero-based archive table ordinal
E:\cultures\vanilla-data\DataX\Libs\data0001.lib,141,data\maps\campaign_03_05_sub1\text\eng\briefings\0015.hlt,215719729,122,HLT,Native documents,doc:141,SOURCE_COMPLETE,Metadata/Sources/Raw/data/maps/campaign_03_05_sub1/text/eng/briefings/0015.hlt,Metadata/Sources/index.html,1,ENTRY_ID is the zero-based archive table ordinal
E:\cultures\vanilla-data\DataX\Libs\data0001.lib,142,data\maps\campaign_03_05_sub1\text\eng\briefings\0600.hlt,215721729,152,HLT,Native documents,doc:142,SOURCE_COMPLETE,Metadata/Sources/Raw/data/maps/campaign_03_05_sub1/text/eng/briefings/0600.hlt,Metadata/Sources/index.html,1,ENTRY_ID is the zero-based archive table ordinal
E:\cultures\vanilla-data\DataX\Libs\data0001.lib,143,data\maps\campaign_03_05_sub2\text\eng\briefings\0005.hlt,216412315,122,HLT,Native documents,doc:143,SOURCE_COMPLETE,Metadata/Sources/Raw/data/maps/campaign_03_05_sub2/text/eng/briefings/0005.hlt,Metadata/Sources/index.html,1,ENTRY_ID is the zero-based archive table ordinal
E:\cultures\vanilla-data\DataX\Libs\data0001.lib,144,data\maps\campaign_03_05_sub2\text\eng\briefings\0050.hlt,216413018,344,HLT,Native documents,doc:144,SOURCE_COMPLETE,Metadata/Sources/Raw/data/maps/campaign_03_05_sub2/text/eng/briefings/0050.hlt,Metadata/Sources/index.html,1,ENTRY_ID is the zero-based archive table ordinal
E:\cultures\vanilla-data\DataX\Libs\data0001.lib,145,data\maps\campaign_03_05_sub2\text\eng\briefings\0500.hlt,216413970,152,HLT,Native documents,doc:145,SOURCE_COMPLETE,Metadata/Sources/Raw/data/maps/campaign_03_05_sub2/text/eng/briefings/0500.hlt,Metadata/Sources/index.html,1,ENTRY_ID is the zero-based archive table ordinal
E:\cultures\vanilla-data\DataX\Libs\data0001.lib,146,data\maps\campaign_03_06_sub1\text\eng\briefings\0050.hlt,219843209,341,HLT,Native documents,doc:146,SOURCE_COMPLETE,Metadata/Sources/Raw/data/maps/campaign_03_06_sub1/text/eng/briefings/0050.hlt,Metadata/Sources/index.html,1,ENTRY_ID is the zero-based archive table ordinal
E:\cultures\vanilla-data\DataX\Libs\data0001.lib,147,data\maps\campaign_03_06_sub2\text\eng\briefings\0004.hlt,220425537,151,HLT,Native documents,doc:147,SOURCE_COMPLETE,Metadata/Sources/Raw/data/maps/campaign_03_06_sub2/text/eng/briefings/0004.hlt,Metadata/Sources/index.html,1,ENTRY_ID is the zero-based archive table ordinal
E:\cultures\vanilla-data\DataX\Libs\data0001.lib,148,data\maps\campaign_03_06_sub2\text\eng\briefings\0400.hlt,220426914,152,HLT,Native documents,doc:148,SOURCE_COMPLETE,Metadata/Sources/Raw/data/maps/campaign_03_06_sub2/text/eng/briefings/0400.hlt,Metadata/Sources/index.html,1,ENTRY_ID is the zero-based archive table ordinal
E:\cultures\vanilla-data\DataX\Libs\data0001.lib,149,data\maps\campaign_03_07\text\eng\briefings\fonts\font10.fnt,220579346,15083,FNT,Fonts,font:149,SOURCE_COMPLETE,,UI/Fonts/index.html,1,ENTRY_ID is the zero-based archive table ordinal
E:\cultures\vanilla-data\DataX\Libs\data0001.lib,150,data\maps\singleplayer_03_05\text\eng\briefings\briefings.txt,243976021,4327,TXT,Native documents,doc:150,SOURCE_COMPLETE,Metadata/Sources/Raw/data/maps/singleplayer_03_05/text/eng/briefings/briefings.txt,Metadata/Sources/index.html,1,ENTRY_ID is the zero-based archive table ordinal
E:\cultures\vanilla-data\DataX\Libs\data0001.lib,151,data\maps\tutorial_006\text\eng\briefings\fonts\font_10.fnt,250573383,14407,FNT,Fonts,font:151,SOURCE_COMPLETE,,UI/Fonts/index.html,1,ENTRY_ID is the zero-based archive table ordinal
E:\cultures\vanilla-data\DataX\Libs\data0001.lib,152,data\engine2d\bin\palettes\landscapes\ruins_byzantine.pcx,132819004,901,PCX,Palettes,img:152,PIXEL_CONFIRMED,Metadata/Palettes/landscapes/ruins_byzantine.png,Metadata/Palettes/index.html,1,ENTRY_ID is the zero-based archive table ordinal
E:\cultures\vanilla-data\DataX\Libs\data0001.lib,153,data\engine2d\bin\sounds\ambient\bird_05.wav,134526606,61084,WAV,Audio,aud:153,SOURCE_COMPLETE,Audio/ambient/bird_05.wav,Audio/index.html,1,ENTRY_ID is the zero-based archive table ordinal
E:\cultures\vanilla-data\DataX\Libs\data0001.lib,154,data\engine2d\bin\sounds\ambient\bird_14.wav,135048092,44644,WAV,Audio,aud:154,SOURCE_COMPLETE,Audio/ambient/bird_14.wav,Audio/index.html,1,ENTRY_ID is the zero-based archive table ordinal
E:\cultures\vanilla-data\DataX\Libs\data0001.lib,155,data\engine2d\bin\textures\text_206.pcx,188935017,61950,PCX,Images,img:155,PIXEL_CONFIRMED,Terrain/Textures/text_206.png,Terrain/Textures/index.html,13,ENTRY_ID is the zero-based archive table ordinal
E:\cultures\vanilla-data\DataX\Libs\data0001.lib,156,data\engine2d\bin\textures\text_215.pcx,189484938,81965,PCX,Images,img:156,PIXEL_CONFIRMED,Terrain/Textures/text_215.png,Terrain/Textures/index.html,25,ENTRY_ID is the zero-based archive table ordinal
E:\cultures\vanilla-data\DataX\Libs\data0001.lib,157,data\engine2d\bin\textures\text_224.pcx,190050465,63200,PCX,Images,img:157,PIXEL_CONFIRMED,Terrain/Textures/text_224.png,Terrain/Textures/index.html,13,ENTRY_ID is the zero-based archive table ordinal
E:\cultures\vanilla-data\DataX\Libs\data0001.lib,158,data\engine2d\bin\textures\text_233.pcx,190606204,59674,PCX,Images,img:158,PIXEL_CONFIRMED,Terrain/Textures/text_233.png,Terrain/Textures/index.html,13,ENTRY_ID is the zero-based archive table ordinal
E:\cultures\vanilla-data\DataX\Libs\data0001.lib,159,data\engine2d\bin\textures\text_242.pcx,191152415,55993,PCX,Images,img:159,PIXEL_CONFIRMED,Terrain/Textures/text_242.png,Terrain/Textures/index.html,37,ENTRY_ID is the zero-based archive table ordinal
E:\cultures\vanilla-data\DataX\Libs\data0001.lib,160,data\engine2d\inis\vehicles\jobgraphics.cif,195718657,1240,CIF,Native definitions,cif:160,SOURCE_COMPLETE,Metadata/Sources/CIF/data/engine2d/inis/vehicles/jobgraphics.cif.txt,Metadata/Sources/index.html,1,ENTRY_ID is the zero-based archive table ordinal
E:\cultures\vanilla-data\DataX\Libs\data0001.lib,161,data\gui\lang\eng\bobs\ls_gui_window.bmd,196270849,937075,BMD,Source libraries,lib:ls_gui_window,SOURCE_COMPLETE,Shared/SourceLibraries/ls_gui_window/library.json,Shared/SourceLibraries/index.html,295,ENTRY_ID is the zero-based archive table ordinal
E:\cultures\vanilla-data\DataX\Libs\data0001.lib,162,data\maps\campaign_03_03_sub1\text\eng\briefings\0009.hlt,210948541,274,HLT,Native documents,doc:162,SOURCE_COMPLETE,Metadata/Sources/Raw/data/maps/campaign_03_03_sub1/text/eng/briefings/0009.hlt,Metadata/Sources/index.html,1,ENTRY_ID is the zero-based archive table ordinal
E:\cultures\vanilla-data\DataX\Libs\data0001.lib,163,data\maps\campaign_03_05_sub1\text\eng\briefings\0007.hlt,215718476,153,HLT,Native documents,doc:163,SOURCE_COMPLETE,Metadata/Sources/Raw/data/maps/campaign_03_05_sub1/text/eng/briefings/0007.hlt,Metadata/Sources/index.html,1,ENTRY_ID is the zero-based archive table ordinal
E:\cultures\vanilla-data\DataX\Libs\data0001.lib,164,data\maps\campaign_03_05_sub1\text\eng\briefings\0016.hlt,215719851,155,HLT,Native documents,doc:164,SOURCE_COMPLETE,Metadata/Sources/Raw/data/maps/campaign_03_05_sub1/text/eng/briefings/0016.hlt,Metadata/Sources/index.html,1,ENTRY_ID is the zero-based archive table ordinal
E:\cultures\vanilla-data\DataX\Libs\data0001.lib,165,data\maps\campaign_03_05_sub2\text\eng\briefings\0006.hlt,216412437,122,HLT,Native documents,doc:165,SOURCE_COMPLETE,Metadata/Sources/Raw/data/maps/campaign_03_05_sub2/text/eng/briefings/0006.hlt,Metadata/Sources/index.html,1,ENTRY_ID is the zero-based archive table ordinal
E:\cultures\vanilla-data\DataX\Libs\data0001.lib,166,data\maps\campaign_03_05_sub2\text\eng\briefings\0600.hlt,216414122,152,HLT,Native documents,doc:166,SOURCE_COMPLETE,Metadata/Sources/Raw/data/maps/campaign_03_05_sub2/text/eng/briefings/0600.hlt,Metadata/Sources/index.html,1,ENTRY_ID is the zero-based archive table ordinal
E:\cultures\vanilla-data\DataX\Libs\data0001.lib,167,data\maps\campaign_03_06\text\eng\briefings\fonts\font12.fnt,216931109,17840,FNT,Fonts,font:167,SOURCE_COMPLETE,,UI/Fonts/index.html,1,ENTRY_ID is the zero-based archive table ordinal
E:\cultures\vanilla-data\DataX\Libs\data0001.lib,168,data\maps\campaign_03_06_sub2\text\eng\briefings\0005.hlt,220425688,151,HLT,Native documents,doc:168,SOURCE_COMPLETE,Metadata/Sources/Raw/data/maps/campaign_03_06_sub2/text/eng/briefings/0005.hlt,Metadata/Sources/index.html,1,ENTRY_ID is the zero-based archive table ordinal
E:\cultures\vanilla-data\DataX\Libs\data0001.lib,169,data\maps\campaign_03_06_sub2\text\eng\briefings\0050.hlt,220426113,345,HLT,Native documents,doc:169,SOURCE_COMPLETE,Metadata/Sources/Raw/data/maps/campaign_03_06_sub2/text/eng/briefings/0050.hlt,Metadata/Sources/index.html,1,ENTRY_ID is the zero-based archive table ordinal
E:\cultures\vanilla-data\DataX\Libs\data0001.lib,170,data\maps\campaign_03_08\text\eng\briefings\fonts\font10.fnt,222814185,15083,FNT,Fonts,font:170,SOURCE_COMPLETE,,UI/Fonts/index.html,1,ENTRY_ID is the zero-based archive table ordinal
E:\cultures\vanilla-data\DataX\Libs\data0001.lib,171,data\maps\tutorial_007\text\eng\briefings\fonts\font_10.fnt,252023563,14407,FNT,Fonts,font:171,SOURCE_COMPLETE,,UI/Fonts/index.html,1,ENTRY_ID is the zero-based archive table ordinal
E:\cultures\vanilla-data\DataX\Libs\data0001.lib,172,data\engine2d\bin\palettes\creatures\skin.pcx,132755024,901,PCX,Palettes,img:172,PIXEL_CONFIRMED,Metadata/Palettes/creatures/skin.png,Metadata/Palettes/index.html,1,ENTRY_ID is the zero-based archive table ordinal
E:\cultures\vanilla-data\DataX\Libs\data0001.lib,173,data\engine2d\bin\sounds\ambient\bird_06.wav,134587690,68676,WAV,Audio,aud:173,SOURCE_COMPLETE,Audio/ambient/bird_06.wav,Audio/index.html,1,ENTRY_ID is the zero-based archive table ordinal
E:\cultures\vanilla-data\DataX\Libs\data0001.lib,174,data\engine2d\bin\sounds\ambient\bird_15.wav,135092736,45270,WAV,Audio,aud:174,SOURCE_COMPLETE,Audio/ambient/bird_15.wav,Audio/index.html,1,ENTRY_ID is the zero-based archive table ordinal
E:\cultures\vanilla-data\DataX\Libs\data0001.lib,175,data\engine2d\bin\sounds\gui\click_fail.wav,153318398,6182,WAV,Audio,aud:175,UNKNOWN,Audio/gui/click_fail.wav,Audio/index.html,1,ENTRY_ID is the zero-based archive table ordinal
E:\cultures\vanilla-data\DataX\Libs\data0001.lib,176,data\engine2d\bin\textures\text_180.pcx,188166354,65494,PCX,Images,img:176,PIXEL_CONFIRMED,Terrain/Textures/text_180.png,Terrain/Textures/index.html,13,ENTRY_ID is the zero-based archive table ordinal
E:\cultures\vanilla-data\DataX\Libs\data0001.lib,177,data\engine2d\bin\textures\text_207.pcx,188996967,61732,PCX,Images,img:177,PIXEL_CONFIRMED,Terrain/Textures/text_207.png,Terrain/Textures/index.html,13,ENTRY_ID is the zero-based archive table ordinal
E:\cultures\vanilla-data\DataX\Libs\data0001.lib,178,data\engine2d\bin\textures\text_216.pcx,189566903,77175,PCX,Images,img:178,PIXEL_CONFIRMED,Terrain/Textures/text_216.png,Terrain/Textures/index.html,25,ENTRY_ID is the zero-based archive table ordinal
E:\cultures\vanilla-data\DataX\Libs\data0001.lib,179,data\engine2d\bin\textures\text_225.pcx,190113665,62680,PCX,Images,img:179,PIXEL_CONFIRMED,Terrain/Textures/text_225.png,Terrain/Textures/index.html,13,ENTRY_ID is the zero-based archive table ordinal
E:\cultures\vanilla-data\DataX\Libs\data0001.lib,180,data\engine2d\bin\textures\text_234.pcx,190665878,60479,PCX,Images,img:180,PIXEL_CONFIRMED,Terrain/Textures/text_234.png,Terrain/Textures/index.html,13,ENTRY_ID is the zero-based archive table ordinal
E:\cultures\vanilla-data\DataX\Libs\data0001.lib,181,data\engine2d\bin\textures\text_243.pcx,191208408,55756,PCX,Images,img:181,PIXEL_CONFIRMED,Terrain/Textures/text_243.png,Terrain/Textures/index.html,37,ENTRY_ID is the zero-based archive table ordinal
E:\cultures\vanilla-data\DataX\Libs\data0001.lib,182,data\maps\campaign_03_03_sub2\text\eng\briefings\0009.hlt,211518094,274,HLT,Native documents,doc:182,SOURCE_COMPLETE,Metadata/Sources/Raw/data/maps/campaign_03_03_sub2/text/eng/briefings/0009.hlt,Metadata/Sources/index.html,1,ENTRY_ID is the zero-based archive table ordinal
E:\cultures\vanilla-data\DataX\Libs\data0001.lib,183,data\maps\campaign_03_05_sub1\text\eng\briefings\0008.hlt,215718629,153,HLT,Native documents,doc:183,SOURCE_COMPLETE,Metadata/Sources/Raw/data/maps/campaign_03_05_sub1/text/eng/briefings/0008.hlt,Metadata/Sources/index.html,1,ENTRY_ID is the zero-based archive table ordinal
E:\cultures\vanilla-data\DataX\Libs\data0001.lib,184,data\maps\campaign_03_05_sub1\text\eng\briefings\0017.hlt,215720006,155,HLT,Native documents,doc:184,SOURCE_COMPLETE,Metadata/Sources/Raw/data/maps/campaign_03_05_sub1/text/eng/briefings/0017.hlt,Metadata/Sources/index.html,1,ENTRY_ID is the zero-based archive table ordinal
E:\cultures\vanilla-data\DataX\Libs\data0001.lib,185,data\maps\campaign_03_05_sub2\text\eng\briefings\0007.hlt,216412559,153,HLT,Native documents,doc:185,SOURCE_COMPLETE,Metadata/Sources/Raw/data/maps/campaign_03_05_sub2/text/eng/briefings/0007.hlt,Metadata/Sources/index.html,1,ENTRY_ID is the zero-based archive table ordinal
E:\cultures\vanilla-data\DataX\Libs\data0001.lib,186,data\maps\campaign_03_06_sub2\text\eng\briefings\0006.hlt,220425839,152,HLT,Native documents,doc:186,SOURCE_COMPLETE,Metadata/Sources/Raw/data/maps/campaign_03_06_sub2/text/eng/briefings/0006.hlt,Metadata/Sources/index.html,1,ENTRY_ID is the zero-based archive table ordinal
E:\cultures\vanilla-data\DataX\Libs\data0001.lib,187,data\maps\campaign_03_07\text\eng\briefings\fonts\font12.fnt,220594429,17840,FNT,Fonts,font:187,SOURCE_COMPLETE,,UI/Fonts/index.html,1,ENTRY_ID is the zero-based archive table ordinal
E:\cultures\vanilla-data\DataX\Libs\data0001.lib,188,data\engine2d\bin\sounds\ambient\bird_07.wav,134656366,49792,WAV,Audio,aud:188,SOURCE_COMPLETE,Audio/ambient/bird_07.wav,Audio/index.html,1,ENTRY_ID is the zero-based archive table ordinal
E:\cultures\vanilla-data\DataX\Libs\data0001.lib,189,data\engine2d\bin\sounds\ambient\bird_16.wav,135138006,70260,WAV,Audio,aud:189,SOURCE_COMPLETE,Audio/ambient/bird_16.wav,Audio/index.html,1,ENTRY_ID is the zero-based archive table ordinal
E:\cultures\vanilla-data\DataX\Libs\data0001.lib,190,data\engine2d\bin\textures\text_190.pcx,188299989,69836,PCX,Images,img:190,PIXEL_CONFIRMED,Terrain/Textures/text_190.png,Terrain/Textures/index.html,27,ENTRY_ID is the zero-based archive table ordinal
E:\cultures\vanilla-data\DataX\Libs\data0001.lib,191,data\engine2d\bin\textures\text_208.pcx,189058699,61645,PCX,Images,img:191,PIXEL_CONFIRMED,Terrain/Textures/text_208.png,Terrain/Textures/index.html,13,ENTRY_ID is the zero-based archive table ordinal
E:\cultures\vanilla-data\DataX\Libs\data0001.lib,192,data\engine2d\bin\textures\text_217.pcx,189644078,79141,PCX,Images,img:192,PIXEL_CONFIRMED,Terrain/Textures/text_217.png,Terrain/Textures/index.html,25,ENTRY_ID is the zero-based archive table ordinal
E:\cultures\vanilla-data\DataX\Libs\data0001.lib,193,data\engine2d\bin\textures\text_226.pcx,190176345,63593,PCX,Images,img:193,PIXEL_CONFIRMED,Terrain/Textures/text_226.png,Terrain/Textures/index.html,13,ENTRY_ID is the zero-based archive table ordinal
E:\cultures\vanilla-data\DataX\Libs\data0001.lib,194,data\engine2d\bin\textures\text_235.pcx,190726357,59308,PCX,Images,img:194,PIXEL_CONFIRMED,Terrain/Textures/text_235.png,Terrain/Textures/index.html,13,ENTRY_ID is the zero-based archive table ordinal
E:\cultures\vanilla-data\DataX\Libs\data0001.lib,195,data\engine2d\bin\textures\text_244.pcx,191264164,55314,PCX,Images,img:195,PIXEL_CONFIRMED,Terrain/Textures/text_244.png,Terrain/Textures/index.html,37,ENTRY_ID is the zero-based archive table ordinal
E:\cultures\vanilla-data\DataX\Libs\data0001.lib,196,data\maps\campaign_03_03_sub3\text\eng\briefings\0009.hlt,212087769,274,HLT,Native documents,doc:196,SOURCE_COMPLETE,Metadata/Sources/Raw/data/maps/campaign_03_03_sub3/text/eng/briefings/0009.hlt,Metadata/Sources/index.html,1,ENTRY_ID is the zero-based archive table ordinal
E:\cultures\vanilla-data\DataX\Libs\data0001.lib,197,data\maps\campaign_03_05_sub1\text\eng\briefings\0009.hlt,215718782,153,HLT,Native documents,doc:197,SOURCE_COMPLETE,Metadata/Sources/Raw/data/maps/campaign_03_05_sub1/text/eng/briefings/0009.hlt,Metadata/Sources/index.html,1,ENTRY_ID is the zero-based archive table ordinal
E:\cultures\vanilla-data\DataX\Libs\data0001.lib,198,data\maps\campaign_03_05_sub1\text\eng\briefings\0018.hlt,215720161,155,HLT,Native documents,doc:198,SOURCE_COMPLETE,Metadata/Sources/Raw/data/maps/campaign_03_05_sub1/text/eng/briefings/0018.hlt,Metadata/Sources/index.html,1,ENTRY_ID is the zero-based archive table ordinal
E:\cultures\vanilla-data\DataX\Libs\data0001.lib,199,data\maps\campaign_03_05_sub2\text\eng\briefings\0008.hlt,216412712,153,HLT,Native documents,doc:199,SOURCE_COMPLETE,Metadata/Sources/Raw/data/maps/campaign_03_05_sub2/text/eng/briefings/0008.hlt,Metadata/Sources/index.html,1,ENTRY_ID is the zero-based archive table ordinal
E:\cultures\vanilla-data\DataX\Libs\data0001.lib,200,data\maps\campaign_03_06_sub2\text\eng\briefings\0007.hlt,220425991,122,HLT,Native documents,doc:200,SOURCE_COMPLETE,Metadata/Sources/Raw/data/maps/campaign_03_06_sub2/text/eng/briefings/0007.hlt,Metadata/Sources/index.html,1,ENTRY_ID is the zero-based archive table ordinal
E:\cultures\vanilla-data\DataX\Libs\data0001.lib,201,data\maps\campaign_03_08\text\eng\briefings\fonts\font12.fnt,222829268,17840,FNT,Fonts,font:201,SOURCE_COMPLETE,,UI/Fonts/index.html,1,ENTRY_ID is the zero-based archive table ordinal
E:\cultures\vanilla-data\DataX\Libs\data0001.lib,202,data\maps\singleplayer_03_01\text\eng\briefings\graphics\08_01.pcx,236267786,78411,PCX,Images,img:202,PIXEL_CONFIRMED,UI/Maps/singleplayer_03_01/text_eng_briefings_graphics/08_01.png,UI/Images/index.html,1,ENTRY_ID is the zero-based archive table ordinal
E:\cultures\vanilla-data\DataX\Libs\data0001.lib,203,data\engine2d\bin\sounds\ambient\bird_08.wav,134706158,60360,WAV,Audio,aud:203,SOURCE_COMPLETE,Audio/ambient/bird_08.wav,Audio/index.html,1,ENTRY_ID is the zero-based archive table ordinal
E:\cultures\vanilla-data\DataX\Libs\data0001.lib,204,data\engine2d\bin\sounds\ambient\bird_17.wav,135208266,45568,WAV,Audio,aud:204,SOURCE_COMPLETE,Audio/ambient/bird_17.wav,Audio/index.html,1,ENTRY_ID is the zero-based archive table ordinal
E:\cultures\vanilla-data\DataX\Libs\data0001.lib,205,data\engine2d\bin\textures\text_191.pcx,188369825,68341,PCX,Images,img:205,PIXEL_CONFIRMED,Terrain/Textures/text_191.png,Terrain/Textures/index.html,27,ENTRY_ID is the zero-based archive table ordinal
E:\cultures\vanilla-data\DataX\Libs\data0001.lib,206,data\engine2d\bin\textures\text_209.pcx,189120344,57473,PCX,Images,img:206,PIXEL_CONFIRMED,Terrain/Textures/text_209.png,Terrain/Textures/index.html,1,ENTRY_ID is the zero-based archive table ordinal
E:\cultures\vanilla-data\DataX\Libs\data0001.lib,207,data\engine2d\bin\textures\text_218.pcx,189723219,57381,PCX,Images,img:207,PIXEL_CONFIRMED,Terrain/Textures/text_218.png,Terrain/Textures/index.html,1,ENTRY_ID is the zero-based archive table ordinal
E:\cultures\vanilla-data\DataX\Libs\data0001.lib,208,data\engine2d\bin\textures\text_227.pcx,190239938,61318,PCX,Images,img:208,PIXEL_CONFIRMED,Terrain/Textures/text_227.png,Terrain/Textures/index.html,13,ENTRY_ID is the zero-based archive table ordinal
E:\cultures\vanilla-data\DataX\Libs\data0001.lib,209,data\engine2d\bin\textures\text_236.pcx,190785665,59453,PCX,Images,img:209,PIXEL_CONFIRMED,Terrain/Textures/text_236.png,Terrain/Textures/index.html,13,ENTRY_ID is the zero-based archive table ordinal
E:\cultures\vanilla-data\DataX\Libs\data0001.lib,210,data\engine2d\bin\textures\text_245.pcx,191319478,55129,PCX,Images,img:210,PIXEL_CONFIRMED,Terrain/Textures/text_245.png,Terrain/Textures/index.html,13,ENTRY_ID is the zero-based archive table ordinal
E:\cultures\vanilla-data\DataX\Libs\data0001.lib,211,data\maps\campaign_03_05_sub1\text\eng\briefings\0019.hlt,215720316,155,HLT,Native documents,doc:211,SOURCE_COMPLETE,Metadata/Sources/Raw/data/maps/campaign_03_05_sub1/text/eng/briefings/0019.hlt,Metadata/Sources/index.html,1,ENTRY_ID is the zero-based archive table ordinal
E:\cultures\vanilla-data\DataX\Libs\data0001.lib,212,data\maps\campaign_03_05_sub2\text\eng\briefings\0009.hlt,216412865,153,HLT,Native documents,doc:212,SOURCE_COMPLETE,Metadata/Sources/Raw/data/maps/campaign_03_05_sub2/text/eng/briefings/0009.hlt,Metadata/Sources/index.html,1,ENTRY_ID is the zero-based archive table ordinal
E:\cultures\vanilla-data\DataX\Libs\data0001.lib,213,data\maps\singleplayer_03_01\text\eng\briefings\graphics\08_02.pcx,236346197,74852,PCX,Images,img:213,PIXEL_CONFIRMED,UI/Maps/singleplayer_03_01/text_eng_briefings_graphics/08_02.png,UI/Images/index.html,1,ENTRY_ID is the zero-based archive table ordinal
E:\cultures\vanilla-data\DataX\Libs\data0001.lib,214,data\maps\singleplayer_03_02\text\eng\briefings\graphics\08_01.pcx,238095109,78411,PCX,Images,img:214,PIXEL_CONFIRMED,UI/Maps/singleplayer_03_02/text_eng_briefings_graphics/08_01.png,UI/Images/index.html,1,ENTRY_ID is the zero-based archive table ordinal
E:\cultures\vanilla-data\DataX\Libs\data0001.lib,215,data\engine2d\bin\sounds\ambient\bird_09.wav,134766518,29736,WAV,Audio,aud:215,SOURCE_COMPLETE,Audio/ambient/bird_09.wav,Audio/index.html,1,ENTRY_ID is the zero-based archive table ordinal
E:\cultures\vanilla-data\DataX\Libs\data0001.lib,216,data\engine2d\bin\textures\text_192.pcx,188438166,63724,PCX,Images,img:216,PIXEL_CONFIRMED,Terrain/Textures/text_192.png,Terrain/Textures/index.html,27,ENTRY_ID is the zero-based archive table ordinal
E:\cultures\vanilla-data\DataX\Libs\data0001.lib,217,data\engine2d\bin\textures\text_228.pcx,190301256,62069,PCX,Images,img:217,PIXEL_CONFIRMED,Terrain/Textures/text_228.png,Terrain/Textures/index.html,13,ENTRY_ID is the zero-based archive table ordinal
E:\cultures\vanilla-data\DataX\Libs\data0001.lib,218,data\engine2d\bin\textures\text_237.pcx,190845118,61881,PCX,Images,img:218,PIXEL_CONFIRMED,Terrain/Textures/text_237.png,Terrain/Textures/index.html,13,ENTRY_ID is the zero-based archive table ordinal
E:\cultures\vanilla-data\DataX\Libs\data0001.lib,219,data\engine2d\bin\textures\text_246.pcx,191374607,57227,PCX,Images,img:219,PIXEL_CONFIRMED,Terrain/Textures/text_246.png,Terrain/Textures/index.html,13,ENTRY_ID is the zero-based archive table ordinal
E:\cultures\vanilla-data\DataX\Libs\data0001.lib,220,data\maps\singleplayer_03_02\text\eng\briefings\graphics\08_02.pcx,238173520,74852,PCX,Images,img:220,PIXEL_CONFIRMED,UI/Maps/singleplayer_03_02/text_eng_briefings_graphics/08_02.png,UI/Images/index.html,1,ENTRY_ID is the zero-based archive table ordinal
E:\cultures\vanilla-data\DataX\Libs\data0001.lib,221,data\maps\singleplayer_03_03\text\eng\briefings\graphics\08_01.pcx,239258102,78411,PCX,Images,img:221,PIXEL_CONFIRMED,UI/Maps/singleplayer_03_03/text_eng_briefings_graphics/08_01.png,UI/Images/index.html,1,ENTRY_ID is the zero-based archive table ordinal
E:\cultures\vanilla-data\DataX\Libs\data0001.lib,222,data\engine2d\bin\textures\text_193.pcx,188501890,64061,PCX,Images,img:222,PIXEL_CONFIRMED,Terrain/Textures/text_193.png,Terrain/Textures/index.html,27,ENTRY_ID is the zero-based archive table ordinal
E:\cultures\vanilla-data\DataX\Libs\data0001.lib,223,data\engine2d\bin\textures\text_229.pcx,190363325,61798,PCX,Images,img:223,PIXEL_CONFIRMED,Terrain/Textures/text_229.png,Terrain/Textures/index.html,13,ENTRY_ID is the zero-based archive table ordinal
E:\cultures\vanilla-data\DataX\Libs\data0001.lib,224,data\engine2d\bin\textures\text_238.pcx,190906999,62151,PCX,Images,img:224,PIXEL_CONFIRMED,Terrain/Textures/text_238.png,Terrain/Textures/index.html,13,ENTRY_ID is the zero-based archive table ordinal
E:\cultures\vanilla-data\DataX\Libs\data0001.lib,225,data\engine2d\bin\textures\text_247.pcx,191431834,61294,PCX,Images,img:225,PIXEL_CONFIRMED,Terrain/Textures/text_247.png,Terrain/Textures/index.html,13,ENTRY_ID is the zero-based archive table ordinal
E:\cultures\vanilla-data\DataX\Libs\data0001.lib,226,data\maps\multiplayer_201_special_coop\text\eng\briefings\palettes\pal_white.bmp,228863660,65078,BMP,Images,img:226,SOURCE_COMPLETE,UI/Maps/multiplayer_201_special_coop/text_eng_briefings_palettes/pal_white.png,UI/Images/index.html,1,ENTRY_ID is the zero-based archive table ordinal
E:\cultures\vanilla-data\DataX\Libs\data0001.lib,227,data\maps\singleplayer_03_03\text\eng\briefings\graphics\08_02.pcx,239336513,74852,PCX,Images,img:227,PIXEL_CONFIRMED,UI/Maps/singleplayer_03_03/text_eng_briefings_graphics/08_02.png,UI/Images/index.html,1,ENTRY_ID is the zero-based archive table ordinal
E:\cultures\vanilla-data\DataX\Libs\data0001.lib,228,data\maps\singleplayer_03_04\text\eng\briefings\graphics\08_01.pcx,240545129,78411,PCX,Images,img:228,PIXEL_CONFIRMED,UI/Maps/singleplayer_03_04/text_eng_briefings_graphics/08_01.png,UI/Images/index.html,1,ENTRY_ID is the zero-based archive table ordinal
E:\cultures\vanilla-data\DataX\Libs\data0001.lib,229,data\engine2d\bin\textures\text_185.pcx,188231848,68141,PCX,Images,img:229,PIXEL_CONFIRMED,Terrain/Textures/text_185.png,Terrain/Textures/index.html,13,ENTRY_ID is the zero-based archive table ordinal
E:\cultures\vanilla-data\DataX\Libs\data0001.lib,230,data\engine2d\bin\textures\text_239.pcx,190969150,63355,PCX,Images,img:230,PIXEL_CONFIRMED,Terrain/Textures/text_239.png,Terrain/Textures/index.html,13,ENTRY_ID is the zero-based archive table ordinal
E:\cultures\vanilla-data\DataX\Libs\data0001.lib,231,data\engine2d\bin\textures\text_248.pcx,191493128,59296,PCX,Images,img:231,PIXEL_CONFIRMED,Terrain/Textures/text_248.png,Terrain/Textures/index.html,13,ENTRY_ID is the zero-based archive table ordinal
E:\cultures\vanilla-data\DataX\Libs\data0001.lib,232,data\maps\singleplayer_03_04\text\eng\briefings\graphics\08_02.pcx,240623540,74852,PCX,Images,img:232,PIXEL_CONFIRMED,UI/Maps/singleplayer_03_04/text_eng_briefings_graphics/08_02.png,UI/Images/index.html,1,ENTRY_ID is the zero-based archive table ordinal
E:\cultures\vanilla-data\DataX\Libs\data0001.lib,233,data\maps\singleplayer_03_05\text\eng\briefings\graphics\08_01.pcx,243443549,78411,PCX,Images,img:233,PIXEL_CONFIRMED,UI/Maps/singleplayer_03_05/text_eng_briefings_graphics/08_01.png,UI/Images/index.html,1,ENTRY_ID is the zero-based archive table ordinal
E:\cultures\vanilla-data\DataX\Libs\data0001.lib,234,data\edit\macromaps\shiva farmer test.cif,1248245,79160,CIF,Native definitions,cif:234,SOURCE_COMPLETE,Metadata/Sources/CIF/data/edit/macromaps/shiva farmer test.cif.txt,Metadata/Sources/index.html,1,ENTRY_ID is the zero-based archive table ordinal
E:\cultures\vanilla-data\DataX\Libs\data0001.lib,235,data\engine2d\bin\textures\tran_desertbrown.pcx,191668669,60535,PCX,Images,img:235,PIXEL_CONFIRMED,Terrain/Textures/tran_desertbrown.png,Terrain/Textures/index.html,3,ENTRY_ID is the zero-based archive table ordinal
E:\cultures\vanilla-data\DataX\Libs\data0001.lib,236,data\maps\singleplayer_03_05\text\eng\briefings\graphics\08_02.pcx,243521960,74852,PCX,Images,img:236,PIXEL_CONFIRMED,UI/Maps/singleplayer_03_05/text_eng_briefings_graphics/08_02.png,UI/Images/index.html,1,ENTRY_ID is the zero-based archive table ordinal
E:\cultures\vanilla-data\DataX\Libs\data0001.lib,237,data\engine2d\bin\sounds\static\sword long hit01.wav,185787662,30672,WAV,Audio,aud:237,SOURCE_COMPLETE,Audio/static/sword long hit01.wav,Audio/index.html,1,ENTRY_ID is the zero-based archive table ordinal
E:\cultures\vanilla-data\DataX\Libs\data0001.lib,238,data\maps\campaign_03_03_sub1\text\eng\briefings\briefings.txt,210949937,3123,TXT,Native documents,doc:238,SOURCE_COMPLETE,Metadata/Sources/Raw/data/maps/campaign_03_03_sub1/text/eng/briefings/briefings.txt,Metadata/Sources/index.html,1,ENTRY_ID is the zero-based archive table ordinal
E:\cultures\vanilla-data\DataX\Libs\data0001.lib,239,data\edit\mapgeneration\patternprioritys.cif,2787375,5014,CIF,Native definitions,cif:239,SOURCE_COMPLETE,Metadata/Sources/CIF/data/edit/mapgeneration/patternprioritys.cif.txt,Metadata/Sources/index.html,1,ENTRY_ID is the zero-based archive table ordinal
E:\cultures\vanilla-data\DataX\Libs\data0001.lib,240,data\engine2d\bin\palettes\landscapes\bridge.pcx,132780253,901,PCX,Palettes,img:240,PIXEL_CONFIRMED,Metadata/Palettes/landscapes/bridge.png,Metadata/Palettes/index.html,1,ENTRY_ID is the zero-based archive table ordinal
E:\cultures\vanilla-data\DataX\Libs\data0001.lib,241,data\engine2d\bin\palettes\landscapes\ruins_saracen.pcx,132820806,901,PCX,Palettes,img:241,PIXEL_CONFIRMED,Metadata/Palettes/landscapes/ruins_saracen.png,Metadata/Palettes/index.html,1,ENTRY_ID is the zero-based archive table ordinal
E:\cultures\vanilla-data\DataX\Libs\data0001.lib,242,data\engine2d\bin\sounds\static\sword long hit02.wav,185818334,40878,WAV,Audio,aud:242,SOURCE_COMPLETE,Audio/static/sword long hit02.wav,Audio/index.html,1,ENTRY_ID is the zero-based archive table ordinal
E:\cultures\vanilla-data\DataX\Libs\data0001.lib,243,data\maps\campaign_03_03_sub2\text\eng\briefings\briefings.txt,211519490,3123,TXT,Native documents,doc:243,SOURCE_COMPLETE,Metadata/Sources/Raw/data/maps/campaign_03_03_sub2/text/eng/briefings/briefings.txt,Metadata/Sources/index.html,1,ENTRY_ID is the zero-based archive table ordinal
E:\cultures\vanilla-data\DataX\Libs\data0001.lib,244,data\maps\singleplayer_03_01\text\eng\strings.cif,236813211,1568,CIF,Native definitions,cif:244,SOURCE_COMPLETE,Metadata/Sources/CIF/data/maps/singleplayer_03_01/text/eng/strings.cif.txt,Metadata/Sources/index.html,1,ENTRY_ID is the zero-based archive table ordinal
E:\cultures\vanilla-data\DataX\Libs\data0001.lib,245,data\engine2d\bin\bobs\ls_houses_viking.bmd,102590742,2236731,BMD,Source libraries,lib:ls_houses_viking,SOURCE_COMPLETE,Shared/SourceLibraries/ls_houses_viking/library.json,Shared/SourceLibraries/index.html,21,ENTRY_ID is the zero-based archive table ordinal
E:\cultures\vanilla-data\DataX\Libs\data0001.lib,246,data\engine2d\bin\bobs\ls_misc_s.bmd,111787979,9530,BMD,Source libraries,lib:ls_misc_s,SOURCE_COMPLETE,Shared/SourceLibraries/ls_misc_s/library.json,Shared/SourceLibraries/index.html,1,ENTRY_ID is the zero-based archive table ordinal
E:\cultures\vanilla-data\DataX\Libs\data0001.lib,247,data\engine2d\bin\sounds\static\sword long hit03.wav,185859212,47002,WAV,Audio,aud:247,SOURCE_COMPLETE,Audio/static/sword long hit03.wav,Audio/index.html,1,ENTRY_ID is the zero-based archive table ordinal
E:\cultures\vanilla-data\DataX\Libs\data0001.lib,248,data\maps\campaign_03_03_sub3\text\eng\briefings\briefings.txt,212089437,3832,TXT,Native documents,doc:248,SOURCE_COMPLETE,Metadata/Sources/Raw/data/maps/campaign_03_03_sub3/text/eng/briefings/briefings.txt,Metadata/Sources/index.html,1,ENTRY_ID is the zero-based archive table ordinal
E:\cultures\vanilla-data\DataX\Libs\data0001.lib,249,data\maps\campaign_03_05_sub1\text\eng\briefings\briefings.txt,215721881,4443,TXT,Native documents,doc:249,SOURCE_COMPLETE,Metadata/Sources/Raw/data/maps/campaign_03_05_sub1/text/eng/briefings/briefings.txt,Metadata/Sources/index.html,1,ENTRY_ID is the zero-based archive table ordinal
E:\cultures\vanilla-data\DataX\Libs\data0001.lib,250,data\maps\singleplayer_03_02\text\eng\strings.cif,238633962,1059,CIF,Native definitions,cif:250,SOURCE_COMPLETE,Metadata/Sources/CIF/data/maps/singleplayer_03_02/text/eng/strings.cif.txt,Metadata/Sources/index.html,1,ENTRY_ID is the zero-based archive table ordinal
E:\cultures\vanilla-data\DataX\Libs\data0001.lib,251,data\engine2d\bin\sounds\jingles\jingles_birth.wav,175197380,214364,WAV,Audio,aud:251,SOURCE_COMPLETE,Audio/jingles/jingles_birth.wav,Audio/index.html,1,ENTRY_ID is the zero-based archive table ordinal
E:\cultures\vanilla-data\DataX\Libs\data0001.lib,252,data\engine2d\bin\sounds\static\sword long hit04.wav,185906214,40878,WAV,Audio,aud:252,SOURCE_COMPLETE,Audio/static/sword long hit04.wav,Audio/index.html,1,ENTRY_ID is the zero-based archive table ordinal
E:\cultures\vanilla-data\DataX\Libs\data0001.lib,253,data\engine2d\bin\textures\overlay_road_a.pcx,187941990,20489,PCX,Images,img:253,PIXEL_CONFIRMED,Terrain/Textures/overlay_road_a.png,Terrain/Textures/index.html,1,ENTRY_ID is the zero-based archive table ordinal
E:\cultures\vanilla-data\DataX\Libs\data0001.lib,254,data\maps\campaign_03_05_sub2\text\eng\briefings\briefings.txt,216414274,4652,TXT,Native documents,doc:254,SOURCE_COMPLETE,Metadata/Sources/Raw/data/maps/campaign_03_05_sub2/text/eng/briefings/briefings.txt,Metadata/Sources/index.html,1,ENTRY_ID is the zero-based archive table ordinal
E:\cultures\vanilla-data\DataX\Libs\data0001.lib,255,data\maps\campaign_03_06_sub1\text\eng\briefings\briefings.txt,219843550,1216,TXT,Native documents,doc:255,SOURCE_COMPLETE,Metadata/Sources/Raw/data/maps/campaign_03_06_sub1/text/eng/briefings/briefings.txt,Metadata/Sources/index.html,1,ENTRY_ID is the zero-based archive table ordinal
E:\cultures\vanilla-data\DataX\Libs\data0001.lib,256,data\maps\singleplayer_03_03\text\eng\strings.cif,239793787,709,CIF,Native definitions,cif:256,SOURCE_COMPLETE,Metadata/Sources/CIF/data/maps/singleplayer_03_03/text/eng/strings.cif.txt,Metadata/Sources/index.html,1,ENTRY_ID is the zero-based archive table ordinal
E:\cultures\vanilla-data\DataX\Libs\data0001.lib,257,data\engine2d\bin\sounds\static\sword long hit05.wav,185947092,10264,WAV,Audio,aud:257,SOURCE_COMPLETE,Audio/static/sword long hit05.wav,Audio/index.html,1,ENTRY_ID is the zero-based archive table ordinal
E:\cultures\vanilla-data\DataX\Libs\data0001.lib,258,data\maps\campaign_03_06_sub2\text\eng\briefings\briefings.txt,220427066,3851,TXT,Native documents,doc:258,SOURCE_COMPLETE,Metadata/Sources/Raw/data/maps/campaign_03_06_sub2/text/eng/briefings/briefings.txt,Metadata/Sources/index.html,1,ENTRY_ID is the zero-based archive table ordinal
E:\cultures\vanilla-data\DataX\Libs\data0001.lib,259,data\maps\multiplayer_201_special_coop\text\eng\briefings\palettes\font_dark.pcx,228738421,125239,PCX,Images,img:259,PIXEL_CONFIRMED,UI/Maps/multiplayer_201_special_coop/text_eng_briefings_palettes/font_dark.png,UI/Images/index.html,1,ENTRY_ID is the zero-based archive table ordinal
E:\cultures\vanilla-data\DataX\Libs\data0001.lib,260,data\maps\singleplayer_03_04\text\eng\strings.cif,241098142,2306,CIF,Native definitions,cif:260,SOURCE_COMPLETE,Metadata/Sources/CIF/data/maps/singleplayer_03_04/text/eng/strings.cif.txt,Metadata/Sources/index.html,1,ENTRY_ID is the zero-based archive table ordinal
E:\cultures\vanilla-data\DataX\Libs\data0001.lib,261,data\engine2d\bin\sounds\static\sword long hit06.wav,185957356,14346,WAV,Audio,aud:261,SOURCE_COMPLETE,Audio/static/sword long hit06.wav,Audio/index.html,1,ENTRY_ID is the zero-based archive table ordinal
E:\cultures\vanilla-data\DataX\Libs\data0001.lib,262,data\maps\singleplayer_03_05\text\eng\strings.cif,243980348,975,CIF,Native definitions,cif:262,SOURCE_COMPLETE,Metadata/Sources/CIF/data/maps/singleplayer_03_05/text/eng/strings.cif.txt,Metadata/Sources/index.html,1,ENTRY_ID is the zero-based archive table ordinal
E:\cultures\vanilla-data\DataX\Libs\data0001.lib,263,data\maps\tutorial_001\text\eng\briefings\graphics\hero_dead_f.pcx,245273511,94108,PCX,Images,img:263,PIXEL_CONFIRMED,UI/Maps/tutorial_001/text_eng_briefings_graphics/hero_dead_f.png,UI/Images/index.html,1,ENTRY_ID is the zero-based archive table ordinal
E:\cultures\vanilla-data\DataX\Libs\data0001.lib,264,data\engine2d\bin\bobs\ls_fishes.bmd,82119420,32612,BMD,Source libraries,lib:ls_fishes,SOURCE_COMPLETE,Shared/SourceLibraries/ls_fishes/library.json,Shared/SourceLibraries/index.html,21,ENTRY_ID is the zero-based archive table ordinal
E:\cultures\vanilla-data\DataX\Libs\data0001.lib,265,data\engine2d\bin\bobs\ls_houses_viking2_s.bmd,107144541,20287,BMD,Source libraries,lib:ls_houses_viking2_s,SOURCE_COMPLETE,Shared/SourceLibraries/ls_houses_viking2_s/library.json,Shared/SourceLibraries/index.html,12,ENTRY_ID is the zero-based archive table ordinal
E:\cultures\vanilla-data\DataX\Libs\data0001.lib,266,data\engine2d\bin\bobs\ls_wall_s.bmd,122214120,6064,BMD,Source libraries,lib:ls_wall_s,SOURCE_COMPLETE,Shared/SourceLibraries/ls_wall_s/library.json,Shared/SourceLibraries/index.html,1,ENTRY_ID is the zero-based archive table ordinal
E:\cultures\vanilla-data\DataX\Libs\data0001.lib,267,data\logic\armortypes.cif,202500076,612,CIF,Native definitions,cif:267,SOURCE_COMPLETE,Metadata/Sources/CIF/data/logic/armortypes.cif.txt,Metadata/Sources/index.html,1,ENTRY_ID is the zero-based archive table ordinal
E:\cultures\vanilla-data\DataX\Libs\data0001.lib,268,data\maps\multiplayer_204_special_cap-the-flag\text\eng\briefings\0000.hlt,233752968,269,HLT,Native documents,doc:268,SOURCE_COMPLETE,Metadata/Sources/Raw/data/maps/multiplayer_204_special_cap-the-flag/text/eng/briefings/0000.hlt,Metadata/Sources/index.html,1,ENTRY_ID is the zero-based archive table ordinal
E:\cultures\vanilla-data\DataX\Libs\data0001.lib,269,data\maps\tutorial_002\text\eng\briefings\graphics\hero_dead_f.pcx,246341484,94108,PCX,Images,img:269,PIXEL_CONFIRMED,UI/Maps/tutorial_002/text_eng_briefings_graphics/hero_dead_f.png,UI/Images/index.html,1,ENTRY_ID is the zero-based archive table ordinal
E:\cultures\vanilla-data\DataX\Libs\data0001.lib,270,data\engine2d\bin\bobs\ls_gui_bubbles.bmd,89471321,55061,BMD,Source libraries,lib:ls_gui_bubbles,SOURCE_COMPLETE,Shared/SourceLibraries/ls_gui_bubbles/library.json,Shared/SourceLibraries/index.html,15,ENTRY_ID is the zero-based archive table ordinal
E:\cultures\vanilla-data\DataX\Libs\data0001.lib,271,data\engine2d\bin\bobs\ls_houses_viking3_s.bmd,108371258,10171,BMD,Source libraries,lib:ls_houses_viking3_s,SOURCE_COMPLETE,Shared/SourceLibraries/ls_houses_viking3_s/library.json,Shared/SourceLibraries/index.html,8,ENTRY_ID is the zero-based archive table ordinal
E:\cultures\vanilla-data\DataX\Libs\data0001.lib,272,data\engine2d\bin\palettes\creatures\informer01.pcx,132727994,901,PCX,Palettes,img:272,PIXEL_CONFIRMED,Metadata/Palettes/creatures/informer01.png,Metadata/Palettes/index.html,1,ENTRY_ID is the zero-based archive table ordinal
E:\cultures\vanilla-data\DataX\Libs\data0001.lib,273,data\maps\multiplayer_204_special_cap-the-flag\text\eng\briefings\0001.hlt,233753237,128,HLT,Native documents,doc:273,SOURCE_COMPLETE,Metadata/Sources/Raw/data/maps/multiplayer_204_special_cap-the-flag/text/eng/briefings/0001.hlt,Metadata/Sources/index.html,1,ENTRY_ID is the zero-based archive table ordinal
E:\cultures\vanilla-data\DataX\Libs\data0001.lib,274,data\maps\multiplayer_204_special_cap-the-flag\text\eng\briefings\0010.hlt,233754389,128,HLT,Native documents,doc:274,SOURCE_COMPLETE,Metadata/Sources/Raw/data/maps/multiplayer_204_special_cap-the-flag/text/eng/briefings/0010.hlt,Metadata/Sources/index.html,1,ENTRY_ID is the zero-based archive table ordinal
E:\cultures\vanilla-data\DataX\Libs\data0001.lib,275,data\maps\tutorial_003\text\eng\briefings\graphics\hero_dead_f.pcx,247322819,94108,PCX,Images,img:275,PIXEL_CONFIRMED,UI/Maps/tutorial_003/text_eng_briefings_graphics/hero_dead_f.png,UI/Images/index.html,1,ENTRY_ID is the zero-based archive table ordinal
E:\cultures\vanilla-data\DataX\Libs\data0001.lib,276,data\text\eng\strings\gameobjects\misclogicstrings.cif,255171428,159,CIF,Native definitions,cif:276,SOURCE_COMPLETE,Metadata/Sources/CIF/data/text/eng/strings/gameobjects/misclogicstrings.cif.txt,Metadata/Sources/index.html,1,ENTRY_ID is the zero-based archive table ordinal
E:\cultures\vanilla-data\DataX\Libs\data0001.lib,277,data\engine2d\bin\bobs\ls_houses_viking4_s.bmd,110968149,17772,BMD,Source libraries,lib:ls_houses_viking4_s,SOURCE_COMPLETE,Shared/SourceLibraries/ls_houses_viking4_s/library.json,Shared/SourceLibraries/index.html,10,ENTRY_ID is the zero-based archive table ordinal
E:\cultures\vanilla-data\DataX\Libs\data0001.lib,278,data\engine2d\bin\palettes\creatures\informer02.pcx,132728895,901,PCX,Palettes,img:278,PIXEL_CONFIRMED,Metadata/Palettes/creatures/informer02.png,Metadata/Palettes/index.html,1,ENTRY_ID is the zero-based archive table ordinal
E:\cultures\vanilla-data\DataX\Libs\data0001.lib,279,data\engine2d\inis\mapmoveableanimations\animations.cif,194231595,981323,CIF,Native definitions,cif:279,SOURCE_COMPLETE,Metadata/Sources/CIF/data/engine2d/inis/mapmoveableanimations/animations.cif.txt,Metadata/Sources/index.html,1,ENTRY_ID is the zero-based archive table ordinal
E:\cultures\vanilla-data\DataX\Libs\data0001.lib,280,data\maps\multiplayer_204_special_cap-the-flag\text\eng\briefings\0002.hlt,233753365,128,HLT,Native documents,doc:280,SOURCE_COMPLETE,Metadata/Sources/Raw/data/maps/multiplayer_204_special_cap-the-flag/text/eng/briefings/0002.hlt,Metadata/Sources/index.html,1,ENTRY_ID is the zero-based archive table ordinal
E:\cultures\vanilla-data\DataX\Libs\data0001.lib,281,data\maps\multiplayer_204_special_cap-the-flag\text\eng\briefings\0011.hlt,233754517,128,HLT,Native documents,doc:281,SOURCE_COMPLETE,Metadata/Sources/Raw/data/maps/multiplayer_204_special_cap-the-flag/text/eng/briefings/0011.hlt,Metadata/Sources/index.html,1,ENTRY_ID is the zero-based archive table ordinal
E:\cultures\vanilla-data\DataX\Libs\data0001.lib,282,data\maps\multiplayer_204_special_cap-the-flag\text\eng\briefings\0020.hlt,233755669,128,HLT,Native documents,doc:282,SOURCE_COMPLETE,Metadata/Sources/Raw/data/maps/multiplayer_204_special_cap-the-flag/text/eng/briefings/0020.hlt,Metadata/Sources/index.html,1,ENTRY_ID is the zero-based archive table ordinal
E:\cultures\vanilla-data\DataX\Libs\data0001.lib,283,data\maps\tutorial_004\text\eng\briefings\graphics\hero_dead_f.pcx,248177738,94108,PCX,Images,img:283,PIXEL_CONFIRMED,UI/Maps/tutorial_004/text_eng_briefings_graphics/hero_dead_f.png,UI/Images/index.html,1,ENTRY_ID is the zero-based archive table ordinal
E:\cultures\vanilla-data\DataX\Libs\data0001.lib,284,data\engine2d\bin\palettes\creatures\informer03.pcx,132729796,901,PCX,Palettes,img:284,PIXEL_CONFIRMED,Metadata/Palettes/creatures/informer03.png,Metadata/Palettes/index.html,1,ENTRY_ID is the zero-based archive table ordinal
E:\cultures\vanilla-data\DataX\Libs\data0001.lib,285,data\engine2d\bin\palettes\landscapes\herbs01.pcx,132807291,901,PCX,Palettes,img:285,PIXEL_CONFIRMED,Metadata/Palettes/landscapes/herbs01.png,Metadata/Palettes/index.html,1,ENTRY_ID is the zero-based archive table ordinal
E:\cultures\vanilla-data\DataX\Libs\data0001.lib,286,data\engine2d\bin\palettes\landscapes\wonders_8th.pcx,132841532,901,PCX,Palettes,img:286,PIXEL_CONFIRMED,Metadata/Palettes/landscapes/wonders_8th.png,Metadata/Palettes/index.html,1,ENTRY_ID is the zero-based archive table ordinal
E:\cultures\vanilla-data\DataX\Libs\data0001.lib,287,data\logic\housetypes.cif,202514004,18740,CIF,Native definitions,cif:287,SOURCE_COMPLETE,Metadata/Sources/CIF/data/logic/housetypes.cif.txt,Metadata/Sources/index.html,1,ENTRY_ID is the zero-based archive table ordinal
E:\cultures\vanilla-data\DataX\Libs\data0001.lib,288,data\maps\multiplayer_204_special_cap-the-flag\text\eng\briefings\0003.hlt,233753493,128,HLT,Native documents,doc:288,SOURCE_COMPLETE,Metadata/Sources/Raw/data/maps/multiplayer_204_special_cap-the-flag/text/eng/briefings/0003.hlt,Metadata/Sources/index.html,1,ENTRY_ID is the zero-based archive table ordinal
E:\cultures\vanilla-data\DataX\Libs\data0001.lib,289,data\maps\multiplayer_204_special_cap-the-flag\text\eng\briefings\0012.hlt,233754645,128,HLT,Native documents,doc:289,SOURCE_COMPLETE,Metadata/Sources/Raw/data/maps/multiplayer_204_special_cap-the-flag/text/eng/briefings/0012.hlt,Metadata/Sources/index.html,1,ENTRY_ID is the zero-based archive table ordinal
E:\cultures\vanilla-data\DataX\Libs\data0001.lib,290,data\maps\multiplayer_204_special_cap-the-flag\text\eng\briefings\0021.hlt,233755797,128,HLT,Native documents,doc:290,SOURCE_COMPLETE,Metadata/Sources/Raw/data/maps/multiplayer_204_special_cap-the-flag/text/eng/briefings/0021.hlt,Metadata/Sources/index.html,1,ENTRY_ID is the zero-based archive table ordinal
E:\cultures\vanilla-data\DataX\Libs\data0001.lib,291,data\maps\multiplayer_204_special_cap-the-flag\text\eng\briefings\0030.hlt,233756949,128,HLT,Native documents,doc:291,SOURCE_COMPLETE,Metadata/Sources/Raw/data/maps/multiplayer_204_special_cap-the-flag/text/eng/briefings/0030.hlt,Metadata/Sources/index.html,1,ENTRY_ID is the zero-based archive table ordinal
E:\cultures\vanilla-data\DataX\Libs\data0001.lib,292,data\maps\singleplayer_03_01\text\eng\briefings\graphics\people_dead_f.pcx,236515157,92541,PCX,Images,img:292,PIXEL_CONFIRMED,UI/Maps/singleplayer_03_01/text_eng_briefings_graphics/people_dead_f.png,UI/Images/index.html,1,ENTRY_ID is the zero-based archive table ordinal
E:\cultures\vanilla-data\DataX\Libs\data0001.lib,293,data\maps\tutorial_005\text\eng\briefings\graphics\hero_dead_f.pcx,249034402,94108,PCX,Images,img:293,PIXEL_CONFIRMED,UI/Maps/tutorial_005/text_eng_briefings_graphics/hero_dead_f.png,UI/Images/index.html,1,ENTRY_ID is the zero-based archive table ordinal
E:\cultures\vanilla-data\DataX\Libs\data0001.lib,294,data\engine2d\bin\palettes\creatures\informer04.pcx,132730697,901,PCX,Palettes,img:294,PIXEL_CONFIRMED,Metadata/Palettes/creatures/informer04.png,Metadata/Palettes/index.html,1,ENTRY_ID is the zero-based archive table ordinal
E:\cultures\vanilla-data\DataX\Libs\data0001.lib,295,data\engine2d\bin\palettes\landscapes\herbs02.pcx,132808192,901,PCX,Palettes,img:295,PIXEL_CONFIRMED,Metadata/Palettes/landscapes/herbs02.png,Metadata/Palettes/index.html,1,ENTRY_ID is the zero-based archive table ordinal
E:\cultures\vanilla-data\DataX\Libs\data0001.lib,296,data\engine2d\bin\sounds\generic\animals_chicken01.wav,147358794,110272,WAV,Audio,aud:296,SOURCE_COMPLETE,Audio/generic/animals_chicken01.wav,Audio/index.html,1,ENTRY_ID is the zero-based archive table ordinal
E:\cultures\vanilla-data\DataX\Libs\data0001.lib,297,data\engine2d\bin\sounds\static\arrow_hit.wav,177912416,10264,WAV,Audio,aud:297,SOURCE_COMPLETE,Audio/static/arrow_hit.wav,Audio/index.html,1,ENTRY_ID is the zero-based archive table ordinal
E:\cultures\vanilla-data\DataX\Libs\data0001.lib,298,data\engine2d\bin\sounds\static\carpenter_saw01.wav,178760366,198036,WAV,Audio,aud:298,SOURCE_COMPLETE,Audio/static/carpenter_saw01.wav,Audio/index.html,1,ENTRY_ID is the zero-based archive table ordinal
E:\cultures\vanilla-data\DataX\Libs\data0001.lib,299,data\maps\multiplayer_204_special_cap-the-flag\text\eng\briefings\0004.hlt,233753621,128,HLT,Native documents,doc:299,SOURCE_COMPLETE,Metadata/Sources/Raw/data/maps/multiplayer_204_special_cap-the-flag/text/eng/briefings/0004.hlt,Metadata/Sources/index.html,1,ENTRY_ID is the zero-based archive table ordinal
E:\cultures\vanilla-data\DataX\Libs\data0001.lib,300,data\maps\multiplayer_204_special_cap-the-flag\text\eng\briefings\0013.hlt,233754773,128,HLT,Native documents,doc:300,SOURCE_COMPLETE,Metadata/Sources/Raw/data/maps/multiplayer_204_special_cap-the-flag/text/eng/briefings/0013.hlt,Metadata/Sources/index.html,1,ENTRY_ID is the zero-based archive table ordinal
E:\cultures\vanilla-data\DataX\Libs\data0001.lib,301,data\maps\multiplayer_204_special_cap-the-flag\text\eng\briefings\0022.hlt,233755925,128,HLT,Native documents,doc:301,SOURCE_COMPLETE,Metadata/Sources/Raw/data/maps/multiplayer_204_special_cap-the-flag/text/eng/briefings/0022.hlt,Metadata/Sources/index.html,1,ENTRY_ID is the zero-based archive table ordinal
E:\cultures\vanilla-data\DataX\Libs\data0001.lib,302,data\maps\multiplayer_204_special_cap-the-flag\text\eng\briefings\0031.hlt,233757077,128,HLT,Native documents,doc:302,SOURCE_COMPLETE,Metadata/Sources/Raw/data/maps/multiplayer_204_special_cap-the-flag/text/eng/briefings/0031.hlt,Metadata/Sources/index.html,1,ENTRY_ID is the zero-based archive table ordinal
E:\cultures\vanilla-data\DataX\Libs\data0001.lib,303,data\maps\singleplayer_03_02\text\eng\briefings\graphics\people_dead_f.pcx,238342480,92541,PCX,Images,img:303,PIXEL_CONFIRMED,UI/Maps/singleplayer_03_02/text_eng_briefings_graphics/people_dead_f.png,UI/Images/index.html,1,ENTRY_ID is the zero-based archive table ordinal
E:\cultures\vanilla-data\DataX\Libs\data0001.lib,304,data\maps\tutorial_006\text\eng\briefings\graphics\hero_dead_f.pcx,250587790,94108,PCX,Images,img:304,PIXEL_CONFIRMED,UI/Maps/tutorial_006/text_eng_briefings_graphics/hero_dead_f.png,UI/Images/index.html,1,ENTRY_ID is the zero-based archive table ordinal
E:\cultures\vanilla-data\DataX\Libs\data0001.lib,305,data\engine2d\bin\palettes\creatures\informer05.pcx,132731598,901,PCX,Palettes,img:305,PIXEL_CONFIRMED,Metadata/Palettes/creatures/informer05.png,Metadata/Palettes/index.html,1,ENTRY_ID is the zero-based archive table ordinal
E:\cultures\vanilla-data\DataX\Libs\data0001.lib,306,data\engine2d\bin\palettes\goods\goods_bread.pcx,132760430,901,PCX,Palettes,img:306,PIXEL_CONFIRMED,Metadata/Palettes/goods/goods_bread.png,Metadata/Palettes/index.html,1,ENTRY_ID is the zero-based archive table ordinal
E:\cultures\vanilla-data\DataX\Libs\data0001.lib,307,data\engine2d\bin\palettes\landscapes\herbs03.pcx,132809093,901,PCX,Palettes,img:307,PIXEL_CONFIRMED,Metadata/Palettes/landscapes/herbs03.png,Metadata/Palettes/index.html,1,ENTRY_ID is the zero-based archive table ordinal
E:\cultures\vanilla-data\DataX\Libs\data0001.lib,308,data\engine2d\bin\sounds\generic\animals_chicken02.wav,147469066,34756,WAV,Audio,aud:308,SOURCE_COMPLETE,Audio/generic/animals_chicken02.wav,Audio/index.html,1,ENTRY_ID is the zero-based archive table ordinal
E:\cultures\vanilla-data\DataX\Libs\data0001.lib,309,data\maps\campaign_03_04\used_humanids.txt,213480038,2268,TXT,Native documents,doc:309,SOURCE_COMPLETE,Metadata/Sources/Raw/data/maps/campaign_03_04/used_humanids.txt,Metadata/Sources/index.html,1,ENTRY_ID is the zero-based archive table ordinal
E:\cultures\vanilla-data\DataX\Libs\data0001.lib,310,data\maps\demo_mainmenu_10\map.cif,225141036,12571,CIF,Native definitions,cif:310,SOURCE_COMPLETE,Metadata/Sources/CIF/data/maps/demo_mainmenu_10/map.cif.txt,Metadata/Sources/index.html,1,ENTRY_ID is the zero-based archive table ordinal
E:\cultures\vanilla-data\DataX\Libs\data0001.lib,311,data\maps\multiplayer_204_special_cap-the-flag\text\eng\briefings\0005.hlt,233753749,128,HLT,Native documents,doc:311,SOURCE_COMPLETE,Metadata/Sources/Raw/data/maps/multiplayer_204_special_cap-the-flag/text/eng/briefings/0005.hlt,Metadata/Sources/index.html,1,ENTRY_ID is the zero-based archive table ordinal
E:\cultures\vanilla-data\DataX\Libs\data0001.lib,312,data\maps\multiplayer_204_special_cap-the-flag\text\eng\briefings\0014.hlt,233754901,128,HLT,Native documents,doc:312,SOURCE_COMPLETE,Metadata/Sources/Raw/data/maps/multiplayer_204_special_cap-the-flag/text/eng/briefings/0014.hlt,Metadata/Sources/index.html,1,ENTRY_ID is the zero-based archive table ordinal
E:\cultures\vanilla-data\DataX\Libs\data0001.lib,313,data\maps\multiplayer_204_special_cap-the-flag\text\eng\briefings\0023.hlt,233756053,128,HLT,Native documents,doc:313,SOURCE_COMPLETE,Metadata/Sources/Raw/data/maps/multiplayer_204_special_cap-the-flag/text/eng/briefings/0023.hlt,Metadata/Sources/index.html,1,ENTRY_ID is the zero-based archive table ordinal
E:\cultures\vanilla-data\DataX\Libs\data0001.lib,314,data\maps\multiplayer_204_special_cap-the-flag\text\eng\briefings\0032.hlt,233757205,128,HLT,Native documents,doc:314,SOURCE_COMPLETE,Metadata/Sources/Raw/data/maps/multiplayer_204_special_cap-the-flag/text/eng/briefings/0032.hlt,Metadata/Sources/index.html,1,ENTRY_ID is the zero-based archive table ordinal
E:\cultures\vanilla-data\DataX\Libs\data0001.lib,315,data\maps\singleplayer_03_03\text\eng\briefings\graphics\people_dead_f.pcx,239505473,92541,PCX,Images,img:315,PIXEL_CONFIRMED,UI/Maps/singleplayer_03_03/text_eng_briefings_graphics/people_dead_f.png,UI/Images/index.html,1,ENTRY_ID is the zero-based archive table ordinal
E:\cultures\vanilla-data\DataX\Libs\data0001.lib,316,data\maps\tutorial_007\text\eng\briefings\graphics\hero_dead_f.pcx,252037970,94108,PCX,Images,img:316,PIXEL_CONFIRMED,UI/Maps/tutorial_007/text_eng_briefings_graphics/hero_dead_f.png,UI/Images/index.html,1,ENTRY_ID is the zero-based archive table ordinal
E:\cultures\vanilla-data\DataX\Libs\data0001.lib,317,data\engine2d\bin\bobs\ls_temp_s.bmd,116626052,1646,BMD,Source libraries,lib:ls_temp_s,SOURCE_COMPLETE,Shared/SourceLibraries/ls_temp_s/library.json,Shared/SourceLibraries/index.html,5,ENTRY_ID is the zero-based archive table ordinal
E:\cultures\vanilla-data\DataX\Libs\data0001.lib,318,data\engine2d\bin\sounds\generic\animals_chicken03.wav,147503822,40878,WAV,Audio,aud:318,SOURCE_COMPLETE,Audio/generic/animals_chicken03.wav,Audio/index.html,1,ENTRY_ID is the zero-based archive table ordinal
E:\cultures\vanilla-data\DataX\Libs\data0001.lib,319,data\maps\campaign_03_01_sub\text\eng\briefings\graphics\hero_dead_f.pcx,205220048,94108,PCX,Images,img:319,PIXEL_CONFIRMED,UI/Maps/campaign_03_01_sub/text_eng_briefings_graphics/hero_dead_f.png,UI/Images/index.html,1,ENTRY_ID is the zero-based archive table ordinal
E:\cultures\vanilla-data\DataX\Libs\data0001.lib,320,data\maps\multiplayer_204_special_cap-the-flag\text\eng\briefings\0006.hlt,233753877,128,HLT,Native documents,doc:320,SOURCE_COMPLETE,Metadata/Sources/Raw/data/maps/multiplayer_204_special_cap-the-flag/text/eng/briefings/0006.hlt,Metadata/Sources/index.html,1,ENTRY_ID is the zero-based archive table ordinal
E:\cultures\vanilla-data\DataX\Libs\data0001.lib,321,data\maps\multiplayer_204_special_cap-the-flag\text\eng\briefings\0015.hlt,233755029,128,HLT,Native documents,doc:321,SOURCE_COMPLETE,Metadata/Sources/Raw/data/maps/multiplayer_204_special_cap-the-flag/text/eng/briefings/0015.hlt,Metadata/Sources/index.html,1,ENTRY_ID is the zero-based archive table ordinal
E:\cultures\vanilla-data\DataX\Libs\data0001.lib,322,data\maps\multiplayer_204_special_cap-the-flag\text\eng\briefings\0024.hlt,233756181,128,HLT,Native documents,doc:322,SOURCE_COMPLETE,Metadata/Sources/Raw/data/maps/multiplayer_204_special_cap-the-flag/text/eng/briefings/0024.hlt,Metadata/Sources/index.html,1,ENTRY_ID is the zero-based archive table ordinal
E:\cultures\vanilla-data\DataX\Libs\data0001.lib,323,data\maps\multiplayer_204_special_cap-the-flag\text\eng\briefings\0033.hlt,233757333,128,HLT,Native documents,doc:323,SOURCE_COMPLETE,Metadata/Sources/Raw/data/maps/multiplayer_204_special_cap-the-flag/text/eng/briefings/0033.hlt,Metadata/Sources/index.html,1,ENTRY_ID is the zero-based archive table ordinal
E:\cultures\vanilla-data\DataX\Libs\data0001.lib,324,data\maps\singleplayer_03_04\text\eng\briefings\graphics\people_dead_f.pcx,240792500,92541,PCX,Images,img:324,PIXEL_CONFIRMED,UI/Maps/singleplayer_03_04/text_eng_briefings_graphics/people_dead_f.png,UI/Images/index.html,1,ENTRY_ID is the zero-based archive table ordinal
E:\cultures\vanilla-data\DataX\Libs\data0001.lib,325,data\engine2d\bin\palettes\landscapes\tree_cypress01.pcx,132831618,901,PCX,Palettes,img:325,PIXEL_CONFIRMED,Metadata/Palettes/landscapes/tree_cypress01.png,Metadata/Palettes/index.html,1,ENTRY_ID is the zero-based archive table ordinal
E:\cultures\vanilla-data\DataX\Libs\data0001.lib,326,data\engine2d\bin\sounds\generic\animals_chicken04.wav,147544700,24550,WAV,Audio,aud:326,SOURCE_COMPLETE,Audio/generic/animals_chicken04.wav,Audio/index.html,1,ENTRY_ID is the zero-based archive table ordinal
E:\cultures\vanilla-data\DataX\Libs\data0001.lib,327,data\engine2d\bin\sounds\static\welllever.wav,186545984,142928,WAV,Audio,aud:327,SOURCE_COMPLETE,Audio/static/welllever.wav,Audio/index.html,1,ENTRY_ID is the zero-based archive table ordinal
E:\cultures\vanilla-data\DataX\Libs\data0001.lib,328,data\gui\palettes\campaignbuttons.pcx,202168245,901,PCX,Images,img:328,PIXEL_CONFIRMED,UI/Palettes/campaignbuttons.png,UI/Images/index.html,1,ENTRY_ID is the zero-based archive table ordinal
E:\cultures\vanilla-data\DataX\Libs\data0001.lib,329,data\maps\campaign_03_02_sub\text\eng\briefings\graphics\hero_dead_f.pcx,208073141,94108,PCX,Images,img:329,PIXEL_CONFIRMED,UI/Maps/campaign_03_02_sub/text_eng_briefings_graphics/hero_dead_f.png,UI/Images/index.html,1,ENTRY_ID is the zero-based archive table ordinal
E:\cultures\vanilla-data\DataX\Libs\data0001.lib,330,data\maps\multiplayer_204_special_cap-the-flag\text\eng\briefings\0007.hlt,233754005,128,HLT,Native documents,doc:330,SOURCE_COMPLETE,Metadata/Sources/Raw/data/maps/multiplayer_204_special_cap-the-flag/text/eng/briefings/0007.hlt,Metadata/Sources/index.html,1,ENTRY_ID is the zero-based archive table ordinal
E:\cultures\vanilla-data\DataX\Libs\data0001.lib,331,data\maps\multiplayer_204_special_cap-the-flag\text\eng\briefings\0016.hlt,233755157,128,HLT,Native documents,doc:331,SOURCE_COMPLETE,Metadata/Sources/Raw/data/maps/multiplayer_204_special_cap-the-flag/text/eng/briefings/0016.hlt,Metadata/Sources/index.html,1,ENTRY_ID is the zero-based archive table ordinal
E:\cultures\vanilla-data\DataX\Libs\data0001.lib,332,data\maps\multiplayer_204_special_cap-the-flag\text\eng\briefings\0025.hlt,233756309,128,HLT,Native documents,doc:332,SOURCE_COMPLETE,Metadata/Sources/Raw/data/maps/multiplayer_204_special_cap-the-flag/text/eng/briefings/0025.hlt,Metadata/Sources/index.html,1,ENTRY_ID is the zero-based archive table ordinal
E:\cultures\vanilla-data\DataX\Libs\data0001.lib,333,data\maps\multiplayer_204_special_cap-the-flag\text\eng\briefings\0034.hlt,233757461,128,HLT,Native documents,doc:333,SOURCE_COMPLETE,Metadata/Sources/Raw/data/maps/multiplayer_204_special_cap-the-flag/text/eng/briefings/0034.hlt,Metadata/Sources/index.html,1,ENTRY_ID is the zero-based archive table ordinal
E:\cultures\vanilla-data\DataX\Libs\data0001.lib,334,data\maps\singleplayer_03_05\text\eng\briefings\graphics\people_dead_f.pcx,243690920,92541,PCX,Images,img:334,PIXEL_CONFIRMED,UI/Maps/singleplayer_03_05/text_eng_briefings_graphics/people_dead_f.png,UI/Images/index.html,1,ENTRY_ID is the zero-based archive table ordinal
E:\cultures\vanilla-data\DataX\Libs\data0001.lib,335,data\engine2d\bin\palettes\landscapes\tree_cypress02.pcx,132832519,901,PCX,Palettes,img:335,PIXEL_CONFIRMED,Metadata/Palettes/landscapes/tree_cypress02.png,Metadata/Palettes/index.html,1,ENTRY_ID is the zero-based archive table ordinal
E:\cultures\vanilla-data\DataX\Libs\data0001.lib,336,data\engine2d\bin\palettes\landscapes\wheat01.pcx,132838829,901,PCX,Palettes,img:336,PIXEL_CONFIRMED,Metadata/Palettes/landscapes/wheat01.png,Metadata/Palettes/index.html,1,ENTRY_ID is the zero-based archive table ordinal
E:\cultures\vanilla-data\DataX\Libs\data0001.lib,337,data\engine2d\bin\sounds\static\hotironcoolwater.wav,181665888,36796,WAV,Audio,aud:337,SOURCE_COMPLETE,Audio/static/hotironcoolwater.wav,Audio/index.html,1,ENTRY_ID is the zero-based archive table ordinal
E:\cultures\vanilla-data\DataX\Libs\data0001.lib,338,data\engine2d\bin\sounds\static\wolvehit01.wav,187716936,12304,WAV,Audio,aud:338,SOURCE_COMPLETE,Audio/static/wolvehit01.wav,Audio/index.html,1,ENTRY_ID is the zero-based archive table ordinal
E:\cultures\vanilla-data\DataX\Libs\data0001.lib,339,data\maps\campaign_03_03_sub1\text\eng\strings.cif,210953060,481,CIF,Native definitions,cif:339,SOURCE_COMPLETE,Metadata/Sources/CIF/data/maps/campaign_03_03_sub1/text/eng/strings.cif.txt,Metadata/Sources/index.html,1,ENTRY_ID is the zero-based archive table ordinal
E:\cultures\vanilla-data\DataX\Libs\data0001.lib,340,data\maps\multiplayer_204_special_cap-the-flag\text\eng\briefings\0008.hlt,233754133,128,HLT,Native documents,doc:340,SOURCE_COMPLETE,Metadata/Sources/Raw/data/maps/multiplayer_204_special_cap-the-flag/text/eng/briefings/0008.hlt,Metadata/Sources/index.html,1,ENTRY_ID is the zero-based archive table ordinal
E:\cultures\vanilla-data\DataX\Libs\data0001.lib,341,data\maps\multiplayer_204_special_cap-the-flag\text\eng\briefings\0017.hlt,233755285,128,HLT,Native documents,doc:341,SOURCE_COMPLETE,Metadata/Sources/Raw/data/maps/multiplayer_204_special_cap-the-flag/text/eng/briefings/0017.hlt,Metadata/Sources/index.html,1,ENTRY_ID is the zero-based archive table ordinal
E:\cultures\vanilla-data\DataX\Libs\data0001.lib,342,data\maps\multiplayer_204_special_cap-the-flag\text\eng\briefings\0026.hlt,233756437,128,HLT,Native documents,doc:342,SOURCE_COMPLETE,Metadata/Sources/Raw/data/maps/multiplayer_204_special_cap-the-flag/text/eng/briefings/0026.hlt,Metadata/Sources/index.html,1,ENTRY_ID is the zero-based archive table ordinal
E:\cultures\vanilla-data\DataX\Libs\data0001.lib,343,data\maps\multiplayer_204_special_cap-the-flag\text\eng\briefings\0035.hlt,233757589,128,HLT,Native documents,doc:343,SOURCE_COMPLETE,Metadata/Sources/Raw/data/maps/multiplayer_204_special_cap-the-flag/text/eng/briefings/0035.hlt,Metadata/Sources/index.html,1,ENTRY_ID is the zero-based archive table ordinal
E:\cultures\vanilla-data\DataX\Libs\data0001.lib,344,data\edit\macromaps\schatzinsel.cif,382871,77380,CIF,Native definitions,cif:344,SOURCE_COMPLETE,Metadata/Sources/CIF/data/edit/macromaps/schatzinsel.cif.txt,Metadata/Sources/index.html,1,ENTRY_ID is the zero-based archive table ordinal
E:\cultures\vanilla-data\DataX\Libs\data0001.lib,345,data\engine2d\bin\bobs\ls_gathering_s.bmd,82325951,9930,BMD,Source libraries,lib:ls_gathering_s,SOURCE_COMPLETE,Shared/SourceLibraries/ls_gathering_s/library.json,Shared/SourceLibraries/index.html,1,ENTRY_ID is the zero-based archive table ordinal
E:\cultures\vanilla-data\DataX\Libs\data0001.lib,346,data\engine2d\bin\bobs\test_rain.bmd,131556956,145,BMD,Source libraries,lib:test_rain,SOURCE_COMPLETE,Shared/SourceLibraries/test_rain/library.json,Shared/SourceLibraries/index.html,2,ENTRY_ID is the zero-based archive table ordinal
E:\cultures\vanilla-data\DataX\Libs\data0001.lib,347,data\engine2d\bin\palettes\creatures\icebear.pcx,132727093,901,PCX,Palettes,img:347,PIXEL_CONFIRMED,Metadata/Palettes/creatures/icebear.png,Metadata/Palettes/index.html,1,ENTRY_ID is the zero-based archive table ordinal
E:\cultures\vanilla-data\DataX\Libs\data0001.lib,348,data\engine2d\bin\palettes\goods\goods01.pcx,132758628,901,PCX,Palettes,img:348,PIXEL_CONFIRMED,Metadata/Palettes/goods/goods01.png,Metadata/Palettes/index.html,1,ENTRY_ID is the zero-based archive table ordinal
E:\cultures\vanilla-data\DataX\Libs\data0001.lib,349,data\engine2d\bin\palettes\landscapes\tree_cypress03.pcx,132833420,901,PCX,Palettes,img:349,PIXEL_CONFIRMED,Metadata/Palettes/landscapes/tree_cypress03.png,Metadata/Palettes/index.html,1,ENTRY_ID is the zero-based archive table ordinal
E:\cultures\vanilla-data\DataX\Libs\data0001.lib,350,data\engine2d\bin\palettes\landscapes\wheat02.pcx,132839730,901,PCX,Palettes,img:350,PIXEL_CONFIRMED,Metadata/Palettes/landscapes/wheat02.png,Metadata/Palettes/index.html,1,ENTRY_ID is the zero-based archive table ordinal
E:\cultures\vanilla-data\DataX\Libs\data0001.lib,351,data\engine2d\bin\sounds\static\wolvehit02.wav,187729240,10264,WAV,Audio,aud:351,SOURCE_COMPLETE,Audio/static/wolvehit02.wav,Audio/index.html,1,ENTRY_ID is the zero-based archive table ordinal
E:\cultures\vanilla-data\DataX\Libs\data0001.lib,352,data\gui\palettes\font_red.pcx,202172755,902,PCX,Images,img:352,PIXEL_CONFIRMED,UI/Palettes/font_red.png,UI/Images/index.html,1,ENTRY_ID is the zero-based archive table ordinal
E:\cultures\vanilla-data\DataX\Libs\data0001.lib,353,data\maps\campaign_03_03_sub2\text\eng\strings.cif,211522613,481,CIF,Native definitions,cif:353,SOURCE_COMPLETE,Metadata/Sources/CIF/data/maps/campaign_03_03_sub2/text/eng/strings.cif.txt,Metadata/Sources/index.html,1,ENTRY_ID is the zero-based archive table ordinal
E:\cultures\vanilla-data\DataX\Libs\data0001.lib,354,data\maps\multiplayer_204_special_cap-the-flag\text\eng\briefings\0009.hlt,233754261,128,HLT,Native documents,doc:354,SOURCE_COMPLETE,Metadata/Sources/Raw/data/maps/multiplayer_204_special_cap-the-flag/text/eng/briefings/0009.hlt,Metadata/Sources/index.html,1,ENTRY_ID is the zero-based archive table ordinal
E:\cultures\vanilla-data\DataX\Libs\data0001.lib,355,data\maps\multiplayer_204_special_cap-the-flag\text\eng\briefings\0018.hlt,233755413,128,HLT,Native documents,doc:355,SOURCE_COMPLETE,Metadata/Sources/Raw/data/maps/multiplayer_204_special_cap-the-flag/text/eng/briefings/0018.hlt,Metadata/Sources/index.html,1,ENTRY_ID is the zero-based archive table ordinal
E:\cultures\vanilla-data\DataX\Libs\data0001.lib,356,data\maps\multiplayer_204_special_cap-the-flag\text\eng\briefings\0027.hlt,233756565,128,HLT,Native documents,doc:356,SOURCE_COMPLETE,Metadata/Sources/Raw/data/maps/multiplayer_204_special_cap-the-flag/text/eng/briefings/0027.hlt,Metadata/Sources/index.html,1,ENTRY_ID is the zero-based archive table ordinal
E:\cultures\vanilla-data\DataX\Libs\data0001.lib,357,data\maps\multiplayer_204_special_cap-the-flag\text\eng\briefings\0036.hlt,233757717,128,HLT,Native documents,doc:357,SOURCE_COMPLETE,Metadata/Sources/Raw/data/maps/multiplayer_204_special_cap-the-flag/text/eng/briefings/0036.hlt,Metadata/Sources/index.html,1,ENTRY_ID is the zero-based archive table ordinal
E:\cultures\vanilla-data\DataX\Libs\data0001.lib,358,data\text\eng\strings\demoversion\demo.cif,255128570,354,CIF,Native definitions,cif:358,SOURCE_COMPLETE,Metadata/Sources/CIF/data/text/eng/strings/demoversion/demo.cif.txt,Metadata/Sources/index.html,1,ENTRY_ID is the zero-based archive table ordinal
E:\cultures\vanilla-data\DataX\Libs\data0001.lib,359,data\engine2d\bin\palettes\landscapes\wheat03.pcx,132840631,901,PCX,Palettes,img:359,PIXEL_CONFIRMED,Metadata/Palettes/landscapes/wheat03.png,Metadata/Palettes/index.html,1,ENTRY_ID is the zero-based archive table ordinal
E:\cultures\vanilla-data\DataX\Libs\data0001.lib,360,data\engine2d\bin\sounds\static\wolvehit03.wav,187739504,8222,WAV,Audio,aud:360,SOURCE_COMPLETE,Audio/static/wolvehit03.wav,Audio/index.html,1,ENTRY_ID is the zero-based archive table ordinal
E:\cultures\vanilla-data\DataX\Libs\data0001.lib,361,data\gui\bitmaps\bg_button.pcx,195808756,92234,PCX,Images,img:361,PIXEL_CONFIRMED,UI/Bitmaps/bg_button.png,UI/Images/index.html,1,ENTRY_ID is the zero-based archive table ordinal
E:\cultures\vanilla-data\DataX\Libs\data0001.lib,362,data\maps\campaign_03_03_sub3\text\eng\strings.cif,212093269,435,CIF,Native definitions,cif:362,SOURCE_COMPLETE,Metadata/Sources/CIF/data/maps/campaign_03_03_sub3/text/eng/strings.cif.txt,Metadata/Sources/index.html,1,ENTRY_ID is the zero-based archive table ordinal
E:\cultures\vanilla-data\DataX\Libs\data0001.lib,363,data\maps\campaign_03_05_sub1\text\eng\strings.cif,215726324,641,CIF,Native definitions,cif:363,SOURCE_COMPLETE,Metadata/Sources/CIF/data/maps/campaign_03_05_sub1/text/eng/strings.cif.txt,Metadata/Sources/index.html,1,ENTRY_ID is the zero-based archive table ordinal
E:\cultures\vanilla-data\DataX\Libs\data0001.lib,364,data\maps\multiplayer_204_special_cap-the-flag\text\eng\briefings\0019.hlt,233755541,128,HLT,Native documents,doc:364,SOURCE_COMPLETE,Metadata/Sources/Raw/data/maps/multiplayer_204_special_cap-the-flag/text/eng/briefings/0019.hlt,Metadata/Sources/index.html,1,ENTRY_ID is the zero-based archive table ordinal
E:\cultures\vanilla-data\DataX\Libs\data0001.lib,365,data\maps\multiplayer_204_special_cap-the-flag\text\eng\briefings\0028.hlt,233756693,128,HLT,Native documents,doc:365,SOURCE_COMPLETE,Metadata/Sources/Raw/data/maps/multiplayer_204_special_cap-the-flag/text/eng/briefings/0028.hlt,Metadata/Sources/index.html,1,ENTRY_ID is the zero-based archive table ordinal
E:\cultures\vanilla-data\DataX\Libs\data0001.lib,366,data\maps\multiplayer_204_special_cap-the-flag\text\eng\briefings\0037.hlt,233757845,128,HLT,Native documents,doc:366,SOURCE_COMPLETE,Metadata/Sources/Raw/data/maps/multiplayer_204_special_cap-the-flag/text/eng/briefings/0037.hlt,Metadata/Sources/index.html,1,ENTRY_ID is the zero-based archive table ordinal
E:\cultures\vanilla-data\DataX\Libs\data0001.lib,367,data\edit\macromaps\goodsstart00.cif,246061,1899,CIF,Native definitions,cif:367,SOURCE_COMPLETE,Metadata/Sources/CIF/data/edit/macromaps/goodsstart00.cif.txt,Metadata/Sources/index.html,1,ENTRY_ID is the zero-based archive table ordinal
E:\cultures\vanilla-data\DataX\Libs\data0001.lib,368,data\engine2d\bin\sounds\static\wolvehit04.wav,187747726,10264,WAV,Audio,aud:368,SOURCE_COMPLETE,Audio/static/wolvehit04.wav,Audio/index.html,1,ENTRY_ID is the zero-based archive table ordinal
E:\cultures\vanilla-data\DataX\Libs\data0001.lib,369,data\maps\campaign_03_05_sub2\text\eng\strings.cif,216418926,373,CIF,Native definitions,cif:369,SOURCE_COMPLETE,Metadata/Sources/CIF/data/maps/campaign_03_05_sub2/text/eng/strings.cif.txt,Metadata/Sources/index.html,1,ENTRY_ID is the zero-based archive table ordinal
E:\cultures\vanilla-data\DataX\Libs\data0001.lib,370,data\maps\campaign_03_06_sub1\text\eng\strings.cif,219844766,252,CIF,Native definitions,cif:370,SOURCE_COMPLETE,Metadata/Sources/CIF/data/maps/campaign_03_06_sub1/text/eng/strings.cif.txt,Metadata/Sources/index.html,1,ENTRY_ID is the zero-based archive table ordinal
E:\cultures\vanilla-data\DataX\Libs\data0001.lib,371,data\maps\multiplayer_203_special_militär\text\eng\briefings\0000.hlt,232203226,269,HLT,Native documents,doc:371,SOURCE_COMPLETE,Metadata/Sources/Raw/data/maps/multiplayer_203_special_militär/text/eng/briefings/0000.hlt,Metadata/Sources/index.html,1,ENTRY_ID is the zero-based archive table ordinal
E:\cultures\vanilla-data\DataX\Libs\data0001.lib,372,data\maps\multiplayer_204_special_cap-the-flag\text\eng\briefings\0029.hlt,233756821,128,HLT,Native documents,doc:372,SOURCE_COMPLETE,Metadata/Sources/Raw/data/maps/multiplayer_204_special_cap-the-flag/text/eng/briefings/0029.hlt,Metadata/Sources/index.html,1,ENTRY_ID is the zero-based archive table ordinal
E:\cultures\vanilla-data\DataX\Libs\data0001.lib,373,data\maps\multiplayer_204_special_cap-the-flag\text\eng\briefings\0038.hlt,233757973,128,HLT,Native documents,doc:373,SOURCE_COMPLETE,Metadata/Sources/Raw/data/maps/multiplayer_204_special_cap-the-flag/text/eng/briefings/0038.hlt,Metadata/Sources/index.html,1,ENTRY_ID is the zero-based archive table ordinal
E:\cultures\vanilla-data\DataX\Libs\data0001.lib,374,data\engine2d\bin\sounds\static\wolvehit05.wav,187757990,12304,WAV,Audio,aud:374,SOURCE_COMPLETE,Audio/static/wolvehit05.wav,Audio/index.html,1,ENTRY_ID is the zero-based archive table ordinal
E:\cultures\vanilla-data\DataX\Libs\data0001.lib,375,data\engine2d\bin\textures\tran_water_bright_a.pcx,192753785,54323,PCX,Images,img:375,PIXEL_CONFIRMED,Terrain/Textures/tran_water_bright_a.png,Terrain/Textures/index.html,1,ENTRY_ID is the zero-based archive table ordinal
E:\cultures\vanilla-data\DataX\Libs\data0001.lib,376,data\maps\campaign_03_06_sub2\text\eng\strings.cif,220430917,367,CIF,Native definitions,cif:376,SOURCE_COMPLETE,Metadata/Sources/CIF/data/maps/campaign_03_06_sub2/text/eng/strings.cif.txt,Metadata/Sources/index.html,1,ENTRY_ID is the zero-based archive table ordinal
E:\cultures\vanilla-data\DataX\Libs\data0001.lib,377,data\maps\demo_mainmenu_10\map.dat,225153607,216521,DAT,Native documents,doc:377,SOURCE_COMPLETE,Metadata/Sources/Raw/data/maps/demo_mainmenu_10/map.dat,Metadata/Sources/index.html,1,ENTRY_ID is the zero-based archive table ordinal
E:\cultures\vanilla-data\DataX\Libs\data0001.lib,378,data\maps\multiplayer_203_special_militär\text\eng\briefings\0001.hlt,232203495,134,HLT,Native documents,doc:378,SOURCE_COMPLETE,Metadata/Sources/Raw/data/maps/multiplayer_203_special_militär/text/eng/briefings/0001.hlt,Metadata/Sources/index.html,1,ENTRY_ID is the zero-based archive table ordinal
E:\cultures\vanilla-data\DataX\Libs\data0001.lib,379,data\maps\multiplayer_204_special_cap-the-flag\text\eng\briefings\0039.hlt,233758101,128,HLT,Native documents,doc:379,SOURCE_COMPLETE,Metadata/Sources/Raw/data/maps/multiplayer_204_special_cap-the-flag/text/eng/briefings/0039.hlt,Metadata/Sources/index.html,1,ENTRY_ID is the zero-based archive table ordinal
E:\cultures\vanilla-data\DataX\Libs\data0001.lib,380,data\engine2d\bin\bobs\ls_ground.bmd,89115061,313696,BMD,Source libraries,lib:ls_ground,SOURCE_COMPLETE,Shared/SourceLibraries/ls_ground/library.json,Shared/SourceLibraries/index.html,112,ENTRY_ID is the zero-based archive table ordinal
E:\cultures\vanilla-data\DataX\Libs\data0001.lib,381,data\engine2d\bin\palettes\goods\goods_spear_wooden.pcx,132772143,901,PCX,Palettes,img:381,PIXEL_CONFIRMED,Metadata/Palettes/goods/goods_spear_wooden.png,Metadata/Palettes/index.html,1,ENTRY_ID is the zero-based archive table ordinal
E:\cultures\vanilla-data\DataX\Libs\data0001.lib,382,data\maps\campaign_03_01\text\eng\briefings\0000.hlt,203221701,411,HLT,Native documents,doc:382,SOURCE_COMPLETE,Metadata/Sources/Raw/data/maps/campaign_03_01/text/eng/briefings/0000.hlt,Metadata/Sources/index.html,1,ENTRY_ID is the zero-based archive table ordinal
E:\cultures\vanilla-data\DataX\Libs\data0001.lib,383,data\edit\macromaps\watershallow000.cif,2740278,5618,CIF,Native definitions,cif:383,SOURCE_COMPLETE,Metadata/Sources/CIF/data/edit/macromaps/watershallow000.cif.txt,Metadata/Sources/index.html,1,ENTRY_ID is the zero-based archive table ordinal
E:\cultures\vanilla-data\DataX\Libs\data0001.lib,384,data\engine2d\bin\bobs\ls_trees_daw_s.bmd,119035270,9440,BMD,Source libraries,lib:ls_trees_daw_s,SOURCE_COMPLETE,Shared/SourceLibraries/ls_trees_daw_s/library.json,Shared/SourceLibraries/index.html,1,ENTRY_ID is the zero-based archive table ordinal
E:\cultures\vanilla-data\DataX\Libs\data0001.lib,385,data\maps\campaign_03_01\text\eng\briefings\0001.hlt,203222112,243,HLT,Native documents,doc:385,SOURCE_COMPLETE,Metadata/Sources/Raw/data/maps/campaign_03_01/text/eng/briefings/0001.hlt,Metadata/Sources/index.html,1,ENTRY_ID is the zero-based archive table ordinal
E:\cultures\vanilla-data\DataX\Libs\data0001.lib,386,data\maps\campaign_03_01\text\eng\briefings\0010.hlt,203223579,182,HLT,Native documents,doc:386,SOURCE_COMPLETE,Metadata/Sources/Raw/data/maps/campaign_03_01/text/eng/briefings/0010.hlt,Metadata/Sources/index.html,1,ENTRY_ID is the zero-based archive table ordinal
E:\cultures\vanilla-data\DataX\Libs\data0001.lib,387,data\maps\campaign_03_01\text\eng\briefings\0100.hlt,203228561,152,HLT,Native documents,doc:387,SOURCE_COMPLETE,Metadata/Sources/Raw/data/maps/campaign_03_01/text/eng/briefings/0100.hlt,Metadata/Sources/index.html,1,ENTRY_ID is the zero-based archive table ordinal
E:\cultures\vanilla-data\DataX\Libs\data0001.lib,388,data\maps\campaign_03_02\text\eng\briefings\0000.hlt,206371552,402,HLT,Native documents,doc:388,SOURCE_COMPLETE,Metadata/Sources/Raw/data/maps/campaign_03_02/text/eng/briefings/0000.hlt,Metadata/Sources/index.html,1,ENTRY_ID is the zero-based archive table ordinal
E:\cultures\vanilla-data\DataX\Libs\data0001.lib,389,data\edit\randomgroups\random_groups_patterns.cif,2871904,1728,CIF,Native definitions,cif:389,SOURCE_COMPLETE,Metadata/Sources/CIF/data/edit/randomgroups/random_groups_patterns.cif.txt,Metadata/Sources/index.html,1,ENTRY_ID is the zero-based archive table ordinal
E:\cultures\vanilla-data\DataX\Libs\data0001.lib,390,data\engine2d\bin\palettes\landscapes\grass01.pcx,132795578,901,PCX,Palettes,img:390,PIXEL_CONFIRMED,Metadata/Palettes/landscapes/grass01.png,Metadata/Palettes/index.html,1,ENTRY_ID is the zero-based archive table ordinal
E:\cultures\vanilla-data\DataX\Libs\data0001.lib,391,data\engine2d\inis\humans\randompalette.cif,193505576,35509,CIF,Native definitions,cif:391,SOURCE_COMPLETE,Metadata/Sources/CIF/data/engine2d/inis/humans/randompalette.cif.txt,Metadata/Sources/index.html,1,ENTRY_ID is the zero-based archive table ordinal
E:\cultures\vanilla-data\DataX\Libs\data0001.lib,392,data\gui\bitmaps\bg.pcx,195719897,88859,PCX,Images,img:392,PIXEL_CONFIRMED,UI/Bitmaps/bg.png,UI/Images/index.html,1,ENTRY_ID is the zero-based archive table ordinal
E:\cultures\vanilla-data\DataX\Libs\data0001.lib,393,data\maps\campaign_03_01\text\eng\briefings\0002.hlt,203222355,155,HLT,Native documents,doc:393,SOURCE_COMPLETE,Metadata/Sources/Raw/data/maps/campaign_03_01/text/eng/briefings/0002.hlt,Metadata/Sources/index.html,1,ENTRY_ID is the zero-based archive table ordinal
E:\cultures\vanilla-data\DataX\Libs\data0001.lib,394,data\maps\campaign_03_01\text\eng\briefings\0011.hlt,203223761,149,HLT,Native documents,doc:394,SOURCE_COMPLETE,Metadata/Sources/Raw/data/maps/campaign_03_01/text/eng/briefings/0011.hlt,Metadata/Sources/index.html,1,ENTRY_ID is the zero-based archive table ordinal
E:\cultures\vanilla-data\DataX\Libs\data0001.lib,395,data\maps\campaign_03_01\text\eng\briefings\0020.hlt,203225082,154,HLT,Native documents,doc:395,SOURCE_COMPLETE,Metadata/Sources/Raw/data/maps/campaign_03_01/text/eng/briefings/0020.hlt,Metadata/Sources/index.html,1,ENTRY_ID is the zero-based archive table ordinal
E:\cultures\vanilla-data\DataX\Libs\data0001.lib,396,data\maps\campaign_03_01\text\eng\briefings\0200.hlt,203228713,152,HLT,Native documents,doc:396,SOURCE_COMPLETE,Metadata/Sources/Raw/data/maps/campaign_03_01/text/eng/briefings/0200.hlt,Metadata/Sources/index.html,1,ENTRY_ID is the zero-based archive table ordinal
E:\cultures\vanilla-data\DataX\Libs\data0001.lib,397,data\maps\campaign_03_02\text\eng\briefings\0001.hlt,206371954,159,HLT,Native documents,doc:397,SOURCE_COMPLETE,Metadata/Sources/Raw/data/maps/campaign_03_02/text/eng/briefings/0001.hlt,Metadata/Sources/index.html,1,ENTRY_ID is the zero-based archive table ordinal
E:\cultures\vanilla-data\DataX\Libs\data0001.lib,398,data\maps\campaign_03_02\text\eng\briefings\0010.hlt,206373338,153,HLT,Native documents,doc:398,SOURCE_COMPLETE,Metadata/Sources/Raw/data/maps/campaign_03_02/text/eng/briefings/0010.hlt,Metadata/Sources/index.html,1,ENTRY_ID is the zero-based archive table ordinal
E:\cultures\vanilla-data\DataX\Libs\data0001.lib,399,data\maps\campaign_03_02\text\eng\briefings\0100.hlt,206376792,152,HLT,Native documents,doc:399,SOURCE_COMPLETE,Metadata/Sources/Raw/data/maps/campaign_03_02/text/eng/briefings/0100.hlt,Metadata/Sources/index.html,1,ENTRY_ID is the zero-based archive table ordinal
E:\cultures\vanilla-data\DataX\Libs\data0001.lib,400,data\maps\campaign_03_03\text\eng\briefings\0000.hlt,209245846,346,HLT,Native documents,doc:400,SOURCE_COMPLETE,Metadata/Sources/Raw/data/maps/campaign_03_03/text/eng/briefings/0000.hlt,Metadata/Sources/index.html,1,ENTRY_ID is the zero-based archive table ordinal
E:\cultures\vanilla-data\DataX\Libs\data0001.lib,401,data\maps\multiplayer_02_06_ressourcen\text\eng\briefings\fonts\font10.fnt,225411956,15083,FNT,Fonts,font:401,SOURCE_COMPLETE,,UI/Fonts/index.html,1,ENTRY_ID is the zero-based archive table ordinal
E:\cultures\vanilla-data\DataX\Libs\data0001.lib,402,data\edit\macromaps\meadowdark000.cif,270492,4710,CIF,Native definitions,cif:402,SOURCE_COMPLETE,Metadata/Sources/CIF/data/edit/macromaps/meadowdark000.cif.txt,Metadata/Sources/index.html,1,ENTRY_ID is the zero-based archive table ordinal
E:\cultures\vanilla-data\DataX\Libs\data0001.lib,403,data\edit\mapgeneration\landscapeelements.cif,2775079,12296,CIF,Native definitions,cif:403,SOURCE_COMPLETE,Metadata/Sources/CIF/data/edit/mapgeneration/landscapeelements.cif.txt,Metadata/Sources/index.html,1,ENTRY_ID is the zero-based archive table ordinal
E:\cultures\vanilla-data\DataX\Libs\data0001.lib,404,data\engine2d\bin\palettes\landscapes\grass02.pcx,132796479,901,PCX,Palettes,img:404,PIXEL_CONFIRMED,Metadata/Palettes/landscapes/grass02.png,Metadata/Palettes/index.html,1,ENTRY_ID is the zero-based archive table ordinal
E:\cultures\vanilla-data\DataX\Libs\data0001.lib,405,data\engine2d\bin\sounds\generic\human_fart01.wav,151489370,6182,WAV,Audio,aud:405,SOURCE_COMPLETE,Audio/generic/human_fart01.wav,Audio/index.html,1,ENTRY_ID is the zero-based archive table ordinal
E:\cultures\vanilla-data\DataX\Libs\data0001.lib,406,data\engine2d\bin\sounds\static\hammer01.wav,181056088,4140,WAV,Audio,aud:406,SOURCE_COMPLETE,Audio/static/hammer01.wav,Audio/index.html,1,ENTRY_ID is the zero-based archive table ordinal
E:\cultures\vanilla-data\DataX\Libs\data0001.lib,407,data\maps\campaign_03_01\text\eng\briefings\0003.hlt,203222510,152,HLT,Native documents,doc:407,SOURCE_COMPLETE,Metadata/Sources/Raw/data/maps/campaign_03_01/text/eng/briefings/0003.hlt,Metadata/Sources/index.html,1,ENTRY_ID is the zero-based archive table ordinal
E:\cultures\vanilla-data\DataX\Libs\data0001.lib,408,data\maps\campaign_03_01\text\eng\briefings\0012.hlt,203223910,120,HLT,Native documents,doc:408,SOURCE_COMPLETE,Metadata/Sources/Raw/data/maps/campaign_03_01/text/eng/briefings/0012.hlt,Metadata/Sources/index.html,1,ENTRY_ID is the zero-based archive table ordinal
E:\cultures\vanilla-data\DataX\Libs\data0001.lib,409,data\maps\campaign_03_01\text\eng\briefings\0021.hlt,203225236,154,HLT,Native documents,doc:409,SOURCE_COMPLETE,Metadata/Sources/Raw/data/maps/campaign_03_01/text/eng/briefings/0021.hlt,Metadata/Sources/index.html,1,ENTRY_ID is the zero-based archive table ordinal
E:\cultures\vanilla-data\DataX\Libs\data0001.lib,410,data\maps\campaign_03_01\text\eng\briefings\0030.hlt,203226561,155,HLT,Native documents,doc:410,SOURCE_COMPLETE,Metadata/Sources/Raw/data/maps/campaign_03_01/text/eng/briefings/0030.hlt,Metadata/Sources/index.html,1,ENTRY_ID is the zero-based archive table ordinal
E:\cultures\vanilla-data\DataX\Libs\data0001.lib,411,data\maps\campaign_03_01\text\eng\briefings\0300.hlt,203228865,152,HLT,Native documents,doc:411,SOURCE_COMPLETE,Metadata/Sources/Raw/data/maps/campaign_03_01/text/eng/briefings/0300.hlt,Metadata/Sources/index.html,1,ENTRY_ID is the zero-based archive table ordinal
E:\cultures\vanilla-data\DataX\Libs\data0001.lib,412,data\maps\campaign_03_02\text\eng\briefings\0002.hlt,206372113,155,HLT,Native documents,doc:412,SOURCE_COMPLETE,Metadata/Sources/Raw/data/maps/campaign_03_02/text/eng/briefings/0002.hlt,Metadata/Sources/index.html,1,ENTRY_ID is the zero-based archive table ordinal
E:\cultures\vanilla-data\DataX\Libs\data0001.lib,413,data\maps\campaign_03_02\text\eng\briefings\0011.hlt,206373491,153,HLT,Native documents,doc:413,SOURCE_COMPLETE,Metadata/Sources/Raw/data/maps/campaign_03_02/text/eng/briefings/0011.hlt,Metadata/Sources/index.html,1,ENTRY_ID is the zero-based archive table ordinal
E:\cultures\vanilla-data\DataX\Libs\data0001.lib,414,data\maps\campaign_03_02\text\eng\briefings\0020.hlt,206374844,155,HLT,Native documents,doc:414,SOURCE_COMPLETE,Metadata/Sources/Raw/data/maps/campaign_03_02/text/eng/briefings/0020.hlt,Metadata/Sources/index.html,1,ENTRY_ID is the zero-based archive table ordinal
E:\cultures\vanilla-data\DataX\Libs\data0001.lib,415,data\maps\campaign_03_02\text\eng\briefings\0200.hlt,206376944,152,HLT,Native documents,doc:415,SOURCE_COMPLETE,Metadata/Sources/Raw/data/maps/campaign_03_02/text/eng/briefings/0200.hlt,Metadata/Sources/index.html,1,ENTRY_ID is the zero-based archive table ordinal
E:\cultures\vanilla-data\DataX\Libs\data0001.lib,416,data\maps\campaign_03_03\text\eng\briefings\0001.hlt,209246192,129,HLT,Native documents,doc:416,SOURCE_COMPLETE,Metadata/Sources/Raw/data/maps/campaign_03_03/text/eng/briefings/0001.hlt,Metadata/Sources/index.html,1,ENTRY_ID is the zero-based archive table ordinal
E:\cultures\vanilla-data\DataX\Libs\data0001.lib,417,data\maps\campaign_03_03\text\eng\briefings\0010.hlt,209246773,120,HLT,Native documents,doc:417,SOURCE_COMPLETE,Metadata/Sources/Raw/data/maps/campaign_03_03/text/eng/briefings/0010.hlt,Metadata/Sources/index.html,1,ENTRY_ID is the zero-based archive table ordinal
E:\cultures\vanilla-data\DataX\Libs\data0001.lib,418,data\maps\campaign_03_03\text\eng\briefings\0100.hlt,209248599,152,HLT,Native documents,doc:418,SOURCE_COMPLETE,Metadata/Sources/Raw/data/maps/campaign_03_03/text/eng/briefings/0100.hlt,Metadata/Sources/index.html,1,ENTRY_ID is the zero-based archive table ordinal
E:\cultures\vanilla-data\DataX\Libs\data0001.lib,419,data\maps\campaign_03_03_sub1\text\eng\briefings\graphics\people_dead_f.pcx,210665388,92541,PCX,Images,img:419,PIXEL_CONFIRMED,UI/Maps/campaign_03_03_sub1/text_eng_briefings_graphics/people_dead_f.png,UI/Images/index.html,1,ENTRY_ID is the zero-based archive table ordinal
E:\cultures\vanilla-data\DataX\Libs\data0001.lib,420,data\maps\campaign_03_04\text\eng\briefings\0000.hlt,212765803,346,HLT,Native documents,doc:420,SOURCE_COMPLETE,Metadata/Sources/Raw/data/maps/campaign_03_04/text/eng/briefings/0000.hlt,Metadata/Sources/index.html,1,ENTRY_ID is the zero-based archive table ordinal
E:\cultures\vanilla-data\DataX\Libs\data0001.lib,421,data\edit\macromaps\meadowdark001.cif,275202,9729,CIF,Native definitions,cif:421,SOURCE_COMPLETE,Metadata/Sources/CIF/data/edit/macromaps/meadowdark001.cif.txt,Metadata/Sources/index.html,1,ENTRY_ID is the zero-based archive table ordinal
E:\cultures\vanilla-data\DataX\Libs\data0001.lib,422,data\engine2d\bin\palettes\landscapes\grass03.pcx,132797380,901,PCX,Palettes,img:422,PIXEL_CONFIRMED,Metadata/Palettes/landscapes/grass03.png,Metadata/Palettes/index.html,1,ENTRY_ID is the zero-based archive table ordinal
E:\cultures\vanilla-data\DataX\Libs\data0001.lib,423,data\engine2d\bin\sounds\generic\human_fart02.wav,151495552,8222,WAV,Audio,aud:423,SOURCE_COMPLETE,Audio/generic/human_fart02.wav,Audio/index.html,1,ENTRY_ID is the zero-based archive table ordinal
E:\cultures\vanilla-data\DataX\Libs\data0001.lib,424,data\engine2d\bin\sounds\static\hammer02.wav,181060228,20468,WAV,Audio,aud:424,SOURCE_COMPLETE,Audio/static/hammer02.wav,Audio/index.html,1,ENTRY_ID is the zero-based archive table ordinal
E:\cultures\vanilla-data\DataX\Libs\data0001.lib,425,data\engine2d\bin\textures\tran_snow.pcx,192495318,54761,PCX,Images,img:425,PIXEL_CONFIRMED,Terrain/Textures/tran_snow.png,Terrain/Textures/index.html,3,ENTRY_ID is the zero-based archive table ordinal
E:\cultures\vanilla-data\DataX\Libs\data0001.lib,426,data\maps\campaign_03_01\text\eng\briefings\0004.hlt,203222662,153,HLT,Native documents,doc:426,SOURCE_COMPLETE,Metadata/Sources/Raw/data/maps/campaign_03_01/text/eng/briefings/0004.hlt,Metadata/Sources/index.html,1,ENTRY_ID is the zero-based archive table ordinal
E:\cultures\vanilla-data\DataX\Libs\data0001.lib,427,data\maps\campaign_03_01\text\eng\briefings\0013.hlt,203224030,155,HLT,Native documents,doc:427,SOURCE_COMPLETE,Metadata/Sources/Raw/data/maps/campaign_03_01/text/eng/briefings/0013.hlt,Metadata/Sources/index.html,1,ENTRY_ID is the zero-based archive table ordinal
E:\cultures\vanilla-data\DataX\Libs\data0001.lib,428,data\maps\campaign_03_01\text\eng\briefings\0022.hlt,203225390,155,HLT,Native documents,doc:428,SOURCE_COMPLETE,Metadata/Sources/Raw/data/maps/campaign_03_01/text/eng/briefings/0022.hlt,Metadata/Sources/index.html,1,ENTRY_ID is the zero-based archive table ordinal
E:\cultures\vanilla-data\DataX\Libs\data0001.lib,429,data\maps\campaign_03_01\text\eng\briefings\0031.hlt,203226716,124,HLT,Native documents,doc:429,SOURCE_COMPLETE,Metadata/Sources/Raw/data/maps/campaign_03_01/text/eng/briefings/0031.hlt,Metadata/Sources/index.html,1,ENTRY_ID is the zero-based archive table ordinal
E:\cultures\vanilla-data\DataX\Libs\data0001.lib,430,data\maps\campaign_03_01\text\eng\briefings\0040.hlt,203228028,153,HLT,Native documents,doc:430,SOURCE_COMPLETE,Metadata/Sources/Raw/data/maps/campaign_03_01/text/eng/briefings/0040.hlt,Metadata/Sources/index.html,1,ENTRY_ID is the zero-based archive table ordinal
E:\cultures\vanilla-data\DataX\Libs\data0001.lib,431,data\maps\campaign_03_01\text\eng\briefings\0400.hlt,203229017,152,HLT,Native documents,doc:431,SOURCE_COMPLETE,Metadata/Sources/Raw/data/maps/campaign_03_01/text/eng/briefings/0400.hlt,Metadata/Sources/index.html,1,ENTRY_ID is the zero-based archive table ordinal
E:\cultures\vanilla-data\DataX\Libs\data0001.lib,432,data\maps\campaign_03_02\text\eng\briefings\0003.hlt,206372268,153,HLT,Native documents,doc:432,SOURCE_COMPLETE,Metadata/Sources/Raw/data/maps/campaign_03_02/text/eng/briefings/0003.hlt,Metadata/Sources/index.html,1,ENTRY_ID is the zero-based archive table ordinal
E:\cultures\vanilla-data\DataX\Libs\data0001.lib,433,data\maps\campaign_03_02\text\eng\briefings\0012.hlt,206373644,153,HLT,Native documents,doc:433,SOURCE_COMPLETE,Metadata/Sources/Raw/data/maps/campaign_03_02/text/eng/briefings/0012.hlt,Metadata/Sources/index.html,1,ENTRY_ID is the zero-based archive table ordinal
E:\cultures\vanilla-data\DataX\Libs\data0001.lib,434,data\maps\campaign_03_02\text\eng\briefings\0021.hlt,206374999,151,HLT,Native documents,doc:434,SOURCE_COMPLETE,Metadata/Sources/Raw/data/maps/campaign_03_02/text/eng/briefings/0021.hlt,Metadata/Sources/index.html,1,ENTRY_ID is the zero-based archive table ordinal
E:\cultures\vanilla-data\DataX\Libs\data0001.lib,435,data\maps\campaign_03_02\text\eng\briefings\0030.hlt,206376255,155,HLT,Native documents,doc:435,SOURCE_COMPLETE,Metadata/Sources/Raw/data/maps/campaign_03_02/text/eng/briefings/0030.hlt,Metadata/Sources/index.html,1,ENTRY_ID is the zero-based archive table ordinal
E:\cultures\vanilla-data\DataX\Libs\data0001.lib,436,data\maps\campaign_03_02\text\eng\briefings\0300.hlt,206377096,152,HLT,Native documents,doc:436,SOURCE_COMPLETE,Metadata/Sources/Raw/data/maps/campaign_03_02/text/eng/briefings/0300.hlt,Metadata/Sources/index.html,1,ENTRY_ID is the zero-based archive table ordinal
E:\cultures\vanilla-data\DataX\Libs\data0001.lib,437,data\maps\campaign_03_03\text\eng\briefings\0011.hlt,209246893,120,HLT,Native documents,doc:437,SOURCE_COMPLETE,Metadata/Sources/Raw/data/maps/campaign_03_03/text/eng/briefings/0011.hlt,Metadata/Sources/index.html,1,ENTRY_ID is the zero-based archive table ordinal
E:\cultures\vanilla-data\DataX\Libs\data0001.lib,438,data\maps\campaign_03_03\text\eng\briefings\0020.hlt,209247013,122,HLT,Native documents,doc:438,SOURCE_COMPLETE,Metadata/Sources/Raw/data/maps/campaign_03_03/text/eng/briefings/0020.hlt,Metadata/Sources/index.html,1,ENTRY_ID is the zero-based archive table ordinal
E:\cultures\vanilla-data\DataX\Libs\data0001.lib,439,data\maps\campaign_03_03\text\eng\briefings\0200.hlt,209248751,152,HLT,Native documents,doc:439,SOURCE_COMPLETE,Metadata/Sources/Raw/data/maps/campaign_03_03/text/eng/briefings/0200.hlt,Metadata/Sources/index.html,1,ENTRY_ID is the zero-based archive table ordinal
E:\cultures\vanilla-data\DataX\Libs\data0001.lib,440,data\maps\campaign_03_03_sub2\text\eng\briefings\graphics\people_dead_f.pcx,211234941,92541,PCX,Images,img:440,PIXEL_CONFIRMED,UI/Maps/campaign_03_03_sub2/text_eng_briefings_graphics/people_dead_f.png,UI/Images/index.html,1,ENTRY_ID is the zero-based archive table ordinal
E:\cultures\vanilla-data\DataX\Libs\data0001.lib,441,data\maps\campaign_03_04\text\eng\briefings\0001.hlt,212766149,243,HLT,Native documents,doc:441,SOURCE_COMPLETE,Metadata/Sources/Raw/data/maps/campaign_03_04/text/eng/briefings/0001.hlt,Metadata/Sources/index.html,1,ENTRY_ID is the zero-based archive table ordinal
E:\cultures\vanilla-data\DataX\Libs\data0001.lib,442,data\maps\campaign_03_04\text\eng\briefings\0010.hlt,212767917,120,HLT,Native documents,doc:442,SOURCE_COMPLETE,Metadata/Sources/Raw/data/maps/campaign_03_04/text/eng/briefings/0010.hlt,Metadata/Sources/index.html,1,ENTRY_ID is the zero-based archive table ordinal
E:\cultures\vanilla-data\DataX\Libs\data0001.lib,443,data\maps\campaign_03_04\text\eng\briefings\0100.hlt,212771970,152,HLT,Native documents,doc:443,SOURCE_COMPLETE,Metadata/Sources/Raw/data/maps/campaign_03_04/text/eng/briefings/0100.hlt,Metadata/Sources/index.html,1,ENTRY_ID is the zero-based archive table ordinal
E:\cultures\vanilla-data\DataX\Libs\data0001.lib,444,data\maps\campaign_03_05\text\eng\briefings\0000.hlt,213966678,383,HLT,Native documents,doc:444,SOURCE_COMPLETE,Metadata/Sources/Raw/data/maps/campaign_03_05/text/eng/briefings/0000.hlt,Metadata/Sources/index.html,1,ENTRY_ID is the zero-based archive table ordinal
E:\cultures\vanilla-data\DataX\Libs\data0001.lib,445,data\maps\demo_mainmenu_10\text\eng\briefings\fonts\fonthead16bld.fnt,224735993,23016,FNT,Fonts,font:445,SOURCE_COMPLETE,,UI/Fonts/index.html,1,ENTRY_ID is the zero-based archive table ordinal
E:\cultures\vanilla-data\DataX\Libs\data0001.lib,446,data\maps\multiplayer_02_06_ressourcen\text\eng\briefings\fonts\font12.fnt,225427039,17840,FNT,Fonts,font:446,SOURCE_COMPLETE,,UI/Fonts/index.html,1,ENTRY_ID is the zero-based archive table ordinal
E:\cultures\vanilla-data\DataX\Libs\data0001.lib,447,data\maps\multiplayer_204_special_cap-the-flag\text\eng\briefings\briefings.txt,233758229,7402,TXT,Native documents,doc:447,SOURCE_COMPLETE,Metadata/Sources/Raw/data/maps/multiplayer_204_special_cap-the-flag/text/eng/briefings/briefings.txt,Metadata/Sources/index.html,1,ENTRY_ID is the zero-based archive table ordinal
E:\cultures\vanilla-data\DataX\Libs\data0001.lib,448,data\engine2d\bin\sounds\static\hammer03.wav,181080696,22510,WAV,Audio,aud:448,UNKNOWN,Audio/static/hammer03.wav,Audio/index.html,1,ENTRY_ID is the zero-based archive table ordinal
E:\cultures\vanilla-data\DataX\Libs\data0001.lib,449,data\maps\campaign_03_01\text\eng\briefings\0005.hlt,203222815,153,HLT,Native documents,doc:449,SOURCE_COMPLETE,Metadata/Sources/Raw/data/maps/campaign_03_01/text/eng/briefings/0005.hlt,Metadata/Sources/index.html,1,ENTRY_ID is the zero-based archive table ordinal
E:\cultures\vanilla-data\DataX\Libs\data0001.lib,450,data\maps\campaign_03_01\text\eng\briefings\0014.hlt,203224185,155,HLT,Native documents,doc:450,SOURCE_COMPLETE,Metadata/Sources/Raw/data/maps/campaign_03_01/text/eng/briefings/0014.hlt,Metadata/Sources/index.html,1,ENTRY_ID is the zero-based archive table ordinal
E:\cultures\vanilla-data\DataX\Libs\data0001.lib,451,data\maps\campaign_03_01\text\eng\briefings\0023.hlt,203225545,155,HLT,Native documents,doc:451,SOURCE_COMPLETE,Metadata/Sources/Raw/data/maps/campaign_03_01/text/eng/briefings/0023.hlt,Metadata/Sources/index.html,1,ENTRY_ID is the zero-based archive table ordinal
E:\cultures\vanilla-data\DataX\Libs\data0001.lib,452,data\maps\campaign_03_01\text\eng\briefings\0032.hlt,203226840,155,HLT,Native documents,doc:452,SOURCE_COMPLETE,Metadata/Sources/Raw/data/maps/campaign_03_01/text/eng/briefings/0032.hlt,Metadata/Sources/index.html,1,ENTRY_ID is the zero-based archive table ordinal
E:\cultures\vanilla-data\DataX\Libs\data0001.lib,453,data\maps\campaign_03_01\text\eng\briefings\0050.hlt,203228181,380,HLT,Native documents,doc:453,SOURCE_COMPLETE,Metadata/Sources/Raw/data/maps/campaign_03_01/text/eng/briefings/0050.hlt,Metadata/Sources/index.html,1,ENTRY_ID is the zero-based archive table ordinal
E:\cultures\vanilla-data\DataX\Libs\data0001.lib,454,data\maps\campaign_03_02\text\eng\briefings\0004.hlt,206372421,153,HLT,Native documents,doc:454,SOURCE_COMPLETE,Metadata/Sources/Raw/data/maps/campaign_03_02/text/eng/briefings/0004.hlt,Metadata/Sources/index.html,1,ENTRY_ID is the zero-based archive table ordinal
E:\cultures\vanilla-data\DataX\Libs\data0001.lib,455,data\maps\campaign_03_02\text\eng\briefings\0013.hlt,206373797,122,HLT,Native documents,doc:455,SOURCE_COMPLETE,Metadata/Sources/Raw/data/maps/campaign_03_02/text/eng/briefings/0013.hlt,Metadata/Sources/index.html,1,ENTRY_ID is the zero-based archive table ordinal
E:\cultures\vanilla-data\DataX\Libs\data0001.lib,456,data\maps\campaign_03_02\text\eng\briefings\0022.hlt,206375150,155,HLT,Native documents,doc:456,SOURCE_COMPLETE,Metadata/Sources/Raw/data/maps/campaign_03_02/text/eng/briefings/0022.hlt,Metadata/Sources/index.html,1,ENTRY_ID is the zero-based archive table ordinal
E:\cultures\vanilla-data\DataX\Libs\data0001.lib,457,data\maps\campaign_03_02\text\eng\briefings\0400.hlt,206377248,152,HLT,Native documents,doc:457,SOURCE_COMPLETE,Metadata/Sources/Raw/data/maps/campaign_03_02/text/eng/briefings/0400.hlt,Metadata/Sources/index.html,1,ENTRY_ID is the zero-based archive table ordinal
E:\cultures\vanilla-data\DataX\Libs\data0001.lib,458,data\maps\campaign_03_03\text\eng\briefings\0021.hlt,209247135,122,HLT,Native documents,doc:458,SOURCE_COMPLETE,Metadata/Sources/Raw/data/maps/campaign_03_03/text/eng/briefings/0021.hlt,Metadata/Sources/index.html,1,ENTRY_ID is the zero-based archive table ordinal
E:\cultures\vanilla-data\DataX\Libs\data0001.lib,459,data\maps\campaign_03_03\text\eng\briefings\0030.hlt,209247257,122,HLT,Native documents,doc:459,SOURCE_COMPLETE,Metadata/Sources/Raw/data/maps/campaign_03_03/text/eng/briefings/0030.hlt,Metadata/Sources/index.html,1,ENTRY_ID is the zero-based archive table ordinal
E:\cultures\vanilla-data\DataX\Libs\data0001.lib,460,data\maps\campaign_03_03\text\eng\briefings\0201.hlt,209248903,123,HLT,Native documents,doc:460,SOURCE_COMPLETE,Metadata/Sources/Raw/data/maps/campaign_03_03/text/eng/briefings/0201.hlt,Metadata/Sources/index.html,1,ENTRY_ID is the zero-based archive table ordinal
E:\cultures\vanilla-data\DataX\Libs\data0001.lib,461,data\maps\campaign_03_03\text\eng\briefings\0210.hlt,209249026,123,HLT,Native documents,doc:461,SOURCE_COMPLETE,Metadata/Sources/Raw/data/maps/campaign_03_03/text/eng/briefings/0210.hlt,Metadata/Sources/index.html,1,ENTRY_ID is the zero-based archive table ordinal
E:\cultures\vanilla-data\DataX\Libs\data0001.lib,462,data\maps\campaign_03_03\text\eng\briefings\0300.hlt,209251117,152,HLT,Native documents,doc:462,SOURCE_COMPLETE,Metadata/Sources/Raw/data/maps/campaign_03_03/text/eng/briefings/0300.hlt,Metadata/Sources/index.html,1,ENTRY_ID is the zero-based archive table ordinal
E:\cultures\vanilla-data\DataX\Libs\data0001.lib,463,data\maps\campaign_03_03_sub3\text\eng\briefings\graphics\people_dead_f.pcx,211804616,92541,PCX,Images,img:463,PIXEL_CONFIRMED,UI/Maps/campaign_03_03_sub3/text_eng_briefings_graphics/people_dead_f.png,UI/Images/index.html,1,ENTRY_ID is the zero-based archive table ordinal
E:\cultures\vanilla-data\DataX\Libs\data0001.lib,464,data\maps\campaign_03_04\text\eng\briefings\0002.hlt,212766392,155,HLT,Native documents,doc:464,SOURCE_COMPLETE,Metadata/Sources/Raw/data/maps/campaign_03_04/text/eng/briefings/0002.hlt,Metadata/Sources/index.html,1,ENTRY_ID is the zero-based archive table ordinal
E:\cultures\vanilla-data\DataX\Libs\data0001.lib,465,data\maps\campaign_03_04\text\eng\briefings\0011.hlt,212768037,120,HLT,Native documents,doc:465,SOURCE_COMPLETE,Metadata/Sources/Raw/data/maps/campaign_03_04/text/eng/briefings/0011.hlt,Metadata/Sources/index.html,1,ENTRY_ID is the zero-based archive table ordinal
E:\cultures\vanilla-data\DataX\Libs\data0001.lib,466,data\maps\campaign_03_04\text\eng\briefings\0020.hlt,212769154,120,HLT,Native documents,doc:466,SOURCE_COMPLETE,Metadata/Sources/Raw/data/maps/campaign_03_04/text/eng/briefings/0020.hlt,Metadata/Sources/index.html,1,ENTRY_ID is the zero-based archive table ordinal
E:\cultures\vanilla-data\DataX\Libs\data0001.lib,467,data\maps\campaign_03_04\text\eng\briefings\0101.hlt,212772122,121,HLT,Native documents,doc:467,SOURCE_COMPLETE,Metadata/Sources/Raw/data/maps/campaign_03_04/text/eng/briefings/0101.hlt,Metadata/Sources/index.html,1,ENTRY_ID is the zero-based archive table ordinal
E:\cultures\vanilla-data\DataX\Libs\data0001.lib,468,data\maps\campaign_03_04\text\eng\briefings\0110.hlt,212772243,121,HLT,Native documents,doc:468,SOURCE_COMPLETE,Metadata/Sources/Raw/data/maps/campaign_03_04/text/eng/briefings/0110.hlt,Metadata/Sources/index.html,1,ENTRY_ID is the zero-based archive table ordinal
E:\cultures\vanilla-data\DataX\Libs\data0001.lib,469,data\maps\campaign_03_04\text\eng\briefings\0200.hlt,212774058,152,HLT,Native documents,doc:469,SOURCE_COMPLETE,Metadata/Sources/Raw/data/maps/campaign_03_04/text/eng/briefings/0200.hlt,Metadata/Sources/index.html,1,ENTRY_ID is the zero-based archive table ordinal
E:\cultures\vanilla-data\DataX\Libs\data0001.lib,470,data\maps\campaign_03_05\text\eng\briefings\0001.hlt,213967061,243,HLT,Native documents,doc:470,SOURCE_COMPLETE,Metadata/Sources/Raw/data/maps/campaign_03_05/text/eng/briefings/0001.hlt,Metadata/Sources/index.html,1,ENTRY_ID is the zero-based archive table ordinal
E:\cultures\vanilla-data\DataX\Libs\data0001.lib,471,data\maps\campaign_03_05\text\eng\briefings\0010.hlt,213968499,153,HLT,Native documents,doc:471,SOURCE_COMPLETE,Metadata/Sources/Raw/data/maps/campaign_03_05/text/eng/briefings/0010.hlt,Metadata/Sources/index.html,1,ENTRY_ID is the zero-based archive table ordinal
E:\cultures\vanilla-data\DataX\Libs\data0001.lib,472,data\maps\campaign_03_05\text\eng\briefings\0100.hlt,213971913,152,HLT,Native documents,doc:472,SOURCE_COMPLETE,Metadata/Sources/Raw/data/maps/campaign_03_05/text/eng/briefings/0100.hlt,Metadata/Sources/index.html,1,ENTRY_ID is the zero-based archive table ordinal
E:\cultures\vanilla-data\DataX\Libs\data0001.lib,473,data\maps\campaign_03_06\text\eng\briefings\0000.hlt,217491778,382,HLT,Native documents,doc:473,SOURCE_COMPLETE,Metadata/Sources/Raw/data/maps/campaign_03_06/text/eng/briefings/0000.hlt,Metadata/Sources/index.html,1,ENTRY_ID is the zero-based archive table ordinal
E:\cultures\vanilla-data\DataX\Libs\data0001.lib,474,data\maps\multiplayer_202_special_millitär\map.cif,230660138,70001,CIF,Native definitions,cif:474,SOURCE_COMPLETE,Metadata/Sources/CIF/data/maps/multiplayer_202_special_millitär/map.cif.txt,Metadata/Sources/index.html,1,ENTRY_ID is the zero-based archive table ordinal
E:\cultures\vanilla-data\DataX\Libs\data0001.lib,475,data\engine2d\bin\palettes\creatures\chicken.pcx,132718984,901,PCX,Palettes,img:475,PIXEL_CONFIRMED,Metadata/Palettes/creatures/chicken.png,Metadata/Palettes/index.html,1,ENTRY_ID is the zero-based archive table ordinal
E:\cultures\vanilla-data\DataX\Libs\data0001.lib,476,data\engine2d\bin\sounds\static\hammer04.wav,181103206,6182,WAV,Audio,aud:476,SOURCE_COMPLETE,Audio/static/hammer04.wav,Audio/index.html,1,ENTRY_ID is the zero-based archive table ordinal
E:\cultures\vanilla-data\DataX\Libs\data0001.lib,477,data\maps\campaign_03_01\text\eng\briefings\0006.hlt,203222968,153,HLT,Native documents,doc:477,SOURCE_COMPLETE,Metadata/Sources/Raw/data/maps/campaign_03_01/text/eng/briefings/0006.hlt,Metadata/Sources/index.html,1,ENTRY_ID is the zero-based archive table ordinal
E:\cultures\vanilla-data\DataX\Libs\data0001.lib,478,data\maps\campaign_03_01\text\eng\briefings\0015.hlt,203224340,122,HLT,Native documents,doc:478,SOURCE_COMPLETE,Metadata/Sources/Raw/data/maps/campaign_03_01/text/eng/briefings/0015.hlt,Metadata/Sources/index.html,1,ENTRY_ID is the zero-based archive table ordinal
E:\cultures\vanilla-data\DataX\Libs\data0001.lib,479,data\maps\campaign_03_01\text\eng\briefings\0024.hlt,203225700,122,HLT,Native documents,doc:479,SOURCE_COMPLETE,Metadata/Sources/Raw/data/maps/campaign_03_01/text/eng/briefings/0024.hlt,Metadata/Sources/index.html,1,ENTRY_ID is the zero-based archive table ordinal
E:\cultures\vanilla-data\DataX\Libs\data0001.lib,480,data\maps\campaign_03_01\text\eng\briefings\0033.hlt,203226995,155,HLT,Native documents,doc:480,SOURCE_COMPLETE,Metadata/Sources/Raw/data/maps/campaign_03_01/text/eng/briefings/0033.hlt,Metadata/Sources/index.html,1,ENTRY_ID is the zero-based archive table ordinal
E:\cultures\vanilla-data\DataX\Libs\data0001.lib,481,data\maps\campaign_03_01\text\eng\briefings\0600.hlt,203229169,152,HLT,Native documents,doc:481,SOURCE_COMPLETE,Metadata/Sources/Raw/data/maps/campaign_03_01/text/eng/briefings/0600.hlt,Metadata/Sources/index.html,1,ENTRY_ID is the zero-based archive table ordinal
E:\cultures\vanilla-data\DataX\Libs\data0001.lib,482,data\maps\campaign_03_02\text\eng\briefings\0005.hlt,206372574,152,HLT,Native documents,doc:482,SOURCE_COMPLETE,Metadata/Sources/Raw/data/maps/campaign_03_02/text/eng/briefings/0005.hlt,Metadata/Sources/index.html,1,ENTRY_ID is the zero-based archive table ordinal
E:\cultures\vanilla-data\DataX\Libs\data0001.lib,483,data\maps\campaign_03_02\text\eng\briefings\0014.hlt,206373919,154,HLT,Native documents,doc:483,SOURCE_COMPLETE,Metadata/Sources/Raw/data/maps/campaign_03_02/text/eng/briefings/0014.hlt,Metadata/Sources/index.html,1,ENTRY_ID is the zero-based archive table ordinal
E:\cultures\vanilla-data\DataX\Libs\data0001.lib,484,data\maps\campaign_03_02\text\eng\briefings\0023.hlt,206375305,154,HLT,Native documents,doc:484,SOURCE_COMPLETE,Metadata/Sources/Raw/data/maps/campaign_03_02/text/eng/briefings/0023.hlt,Metadata/Sources/index.html,1,ENTRY_ID is the zero-based archive table ordinal
E:\cultures\vanilla-data\DataX\Libs\data0001.lib,485,data\maps\campaign_03_02\text\eng\briefings\0050.hlt,206376410,382,HLT,Native documents,doc:485,SOURCE_COMPLETE,Metadata/Sources/Raw/data/maps/campaign_03_02/text/eng/briefings/0050.hlt,Metadata/Sources/index.html,1,ENTRY_ID is the zero-based archive table ordinal
E:\cultures\vanilla-data\DataX\Libs\data0001.lib,486,data\maps\campaign_03_02\text\eng\briefings\0500.hlt,206377400,152,HLT,Native documents,doc:486,SOURCE_COMPLETE,Metadata/Sources/Raw/data/maps/campaign_03_02/text/eng/briefings/0500.hlt,Metadata/Sources/index.html,1,ENTRY_ID is the zero-based archive table ordinal
E:\cultures\vanilla-data\DataX\Libs\data0001.lib,487,data\maps\campaign_03_03\text\eng\briefings\0031.hlt,209247379,122,HLT,Native documents,doc:487,SOURCE_COMPLETE,Metadata/Sources/Raw/data/maps/campaign_03_03/text/eng/briefings/0031.hlt,Metadata/Sources/index.html,1,ENTRY_ID is the zero-based archive table ordinal
E:\cultures\vanilla-data\DataX\Libs\data0001.lib,488,data\maps\campaign_03_03\text\eng\briefings\0040.hlt,209247501,122,HLT,Native documents,doc:488,SOURCE_COMPLETE,Metadata/Sources/Raw/data/maps/campaign_03_03/text/eng/briefings/0040.hlt,Metadata/Sources/index.html,1,ENTRY_ID is the zero-based archive table ordinal
E:\cultures\vanilla-data\DataX\Libs\data0001.lib,489,data\maps\campaign_03_03\text\eng\briefings\0220.hlt,209249149,123,HLT,Native documents,doc:489,SOURCE_COMPLETE,Metadata/Sources/Raw/data/maps/campaign_03_03/text/eng/briefings/0220.hlt,Metadata/Sources/index.html,1,ENTRY_ID is the zero-based archive table ordinal
E:\cultures\vanilla-data\DataX\Libs\data0001.lib,490,data\maps\campaign_03_03\text\eng\briefings\0310.hlt,209251269,123,HLT,Native documents,doc:490,SOURCE_COMPLETE,Metadata/Sources/Raw/data/maps/campaign_03_03/text/eng/briefings/0310.hlt,Metadata/Sources/index.html,1,ENTRY_ID is the zero-based archive table ordinal
E:\cultures\vanilla-data\DataX\Libs\data0001.lib,491,data\maps\campaign_03_03\text\eng\briefings\0400.hlt,209252866,152,HLT,Native documents,doc:491,SOURCE_COMPLETE,Metadata/Sources/Raw/data/maps/campaign_03_03/text/eng/briefings/0400.hlt,Metadata/Sources/index.html,1,ENTRY_ID is the zero-based archive table ordinal
E:\cultures\vanilla-data\DataX\Libs\data0001.lib,492,data\maps\campaign_03_04\text\eng\briefings\0003.hlt,212766547,153,HLT,Native documents,doc:492,SOURCE_COMPLETE,Metadata/Sources/Raw/data/maps/campaign_03_04/text/eng/briefings/0003.hlt,Metadata/Sources/index.html,1,ENTRY_ID is the zero-based archive table ordinal
E:\cultures\vanilla-data\DataX\Libs\data0001.lib,493,data\maps\campaign_03_04\text\eng\briefings\0012.hlt,212768157,120,HLT,Native documents,doc:493,SOURCE_COMPLETE,Metadata/Sources/Raw/data/maps/campaign_03_04/text/eng/briefings/0012.hlt,Metadata/Sources/index.html,1,ENTRY_ID is the zero-based archive table ordinal
E:\cultures\vanilla-data\DataX\Libs\data0001.lib,494,data\maps\campaign_03_04\text\eng\briefings\0021.hlt,212769274,155,HLT,Native documents,doc:494,SOURCE_COMPLETE,Metadata/Sources/Raw/data/maps/campaign_03_04/text/eng/briefings/0021.hlt,Metadata/Sources/index.html,1,ENTRY_ID is the zero-based archive table ordinal
E:\cultures\vanilla-data\DataX\Libs\data0001.lib,495,data\maps\campaign_03_04\text\eng\briefings\0030.hlt,212770510,120,HLT,Native documents,doc:495,SOURCE_COMPLETE,Metadata/Sources/Raw/data/maps/campaign_03_04/text/eng/briefings/0030.hlt,Metadata/Sources/index.html,1,ENTRY_ID is the zero-based archive table ordinal
E:\cultures\vanilla-data\DataX\Libs\data0001.lib,496,data\maps\campaign_03_04\text\eng\briefings\0111.hlt,212772364,121,HLT,Native documents,doc:496,SOURCE_COMPLETE,Metadata/Sources/Raw/data/maps/campaign_03_04/text/eng/briefings/0111.hlt,Metadata/Sources/index.html,1,ENTRY_ID is the zero-based archive table ordinal
E:\cultures\vanilla-data\DataX\Libs\data0001.lib,497,data\maps\campaign_03_04\text\eng\briefings\0210.hlt,212774210,121,HLT,Native documents,doc:497,SOURCE_COMPLETE,Metadata/Sources/Raw/data/maps/campaign_03_04/text/eng/briefings/0210.hlt,Metadata/Sources/index.html,1,ENTRY_ID is the zero-based archive table ordinal
E:\cultures\vanilla-data\DataX\Libs\data0001.lib,498,data\maps\campaign_03_04\text\eng\briefings\0300.hlt,212774936,152,HLT,Native documents,doc:498,SOURCE_COMPLETE,Metadata/Sources/Raw/data/maps/campaign_03_04/text/eng/briefings/0300.hlt,Metadata/Sources/index.html,1,ENTRY_ID is the zero-based archive table ordinal
E:\cultures\vanilla-data\DataX\Libs\data0001.lib,499,data\maps\campaign_03_05\text\eng\briefings\0002.hlt,213967304,155,HLT,Native documents,doc:499,SOURCE_COMPLETE,Metadata/Sources/Raw/data/maps/campaign_03_05/text/eng/briefings/0002.hlt,Metadata/Sources/index.html,1,ENTRY_ID is the zero-based archive table ordinal
E:\cultures\vanilla-data\DataX\Libs\data0001.lib,500,data\maps\campaign_03_05\text\eng\briefings\0011.hlt,213968652,152,HLT,Native documents,doc:500,SOURCE_COMPLETE,Metadata/Sources/Raw/data/maps/campaign_03_05/text/eng/briefings/0011.hlt,Metadata/Sources/index.html,1,ENTRY_ID is the zero-based archive table ordinal
E:\cultures\vanilla-data\DataX\Libs\data0001.lib,501,data\maps\campaign_03_05\text\eng\briefings\0020.hlt,213969996,152,HLT,Native documents,doc:501,SOURCE_COMPLETE,Metadata/Sources/Raw/data/maps/campaign_03_05/text/eng/briefings/0020.hlt,Metadata/Sources/index.html,1,ENTRY_ID is the zero-based archive table ordinal
E:\cultures\vanilla-data\DataX\Libs\data0001.lib,502,data\maps\campaign_03_05\text\eng\briefings\0200.hlt,213972065,152,HLT,Native documents,doc:502,SOURCE_COMPLETE,Metadata/Sources/Raw/data/maps/campaign_03_05/text/eng/briefings/0200.hlt,Metadata/Sources/index.html,1,ENTRY_ID is the zero-based archive table ordinal
E:\cultures\vanilla-data\DataX\Libs\data0001.lib,503,data\maps\campaign_03_06\text\eng\briefings\0001.hlt,217492160,159,HLT,Native documents,doc:503,SOURCE_COMPLETE,Metadata/Sources/Raw/data/maps/campaign_03_06/text/eng/briefings/0001.hlt,Metadata/Sources/index.html,1,ENTRY_ID is the zero-based archive table ordinal
E:\cultures\vanilla-data\DataX\Libs\data0001.lib,504,data\maps\campaign_03_06\text\eng\briefings\0010.hlt,217493532,153,HLT,Native documents,doc:504,SOURCE_COMPLETE,Metadata/Sources/Raw/data/maps/campaign_03_06/text/eng/briefings/0010.hlt,Metadata/Sources/index.html,1,ENTRY_ID is the zero-based archive table ordinal
E:\cultures\vanilla-data\DataX\Libs\data0001.lib,505,data\maps\campaign_03_06\text\eng\briefings\0100.hlt,217497635,152,HLT,Native documents,doc:505,SOURCE_COMPLETE,Metadata/Sources/Raw/data/maps/campaign_03_06/text/eng/briefings/0100.hlt,Metadata/Sources/index.html,1,ENTRY_ID is the zero-based archive table ordinal
E:\cultures\vanilla-data\DataX\Libs\data0001.lib,506,data\maps\campaign_03_06_sub1\text\eng\briefings\graphics\people_dead_f.pcx,219559731,92541,PCX,Images,img:506,PIXEL_CONFIRMED,UI/Maps/campaign_03_06_sub1/text_eng_briefings_graphics/people_dead_f.png,UI/Images/index.html,1,ENTRY_ID is the zero-based archive table ordinal
E:\cultures\vanilla-data\DataX\Libs\data0001.lib,507,data\maps\campaign_03_07\text\eng\briefings\0000.hlt,221200898,383,HLT,Native documents,doc:507,SOURCE_COMPLETE,Metadata/Sources/Raw/data/maps/campaign_03_07/text/eng/briefings/0000.hlt,Metadata/Sources/index.html,1,ENTRY_ID is the zero-based archive table ordinal
E:\cultures\vanilla-data\DataX\Libs\data0001.lib,508,data\edit\macromaps\water000.cif,2735044,5234,CIF,Native definitions,cif:508,SOURCE_COMPLETE,Metadata/Sources/CIF/data/edit/macromaps/water000.cif.txt,Metadata/Sources/index.html,1,ENTRY_ID is the zero-based archive table ordinal
E:\cultures\vanilla-data\DataX\Libs\data0001.lib,509,data\engine2d\bin\sounds\static\hammer05.wav,181109388,23240,WAV,Audio,aud:509,SOURCE_COMPLETE,Audio/static/hammer05.wav,Audio/index.html,1,ENTRY_ID is the zero-based archive table ordinal
E:\cultures\vanilla-data\DataX\Libs\data0001.lib,510,data\maps\campaign_03_01\text\eng\briefings\0007.hlt,203223121,152,HLT,Native documents,doc:510,SOURCE_COMPLETE,Metadata/Sources/Raw/data/maps/campaign_03_01/text/eng/briefings/0007.hlt,Metadata/Sources/index.html,1,ENTRY_ID is the zero-based archive table ordinal
E:\cultures\vanilla-data\DataX\Libs\data0001.lib,511,data\maps\campaign_03_01\text\eng\briefings\0016.hlt,203224462,155,HLT,Native documents,doc:511,SOURCE_COMPLETE,Metadata/Sources/Raw/data/maps/campaign_03_01/text/eng/briefings/0016.hlt,Metadata/Sources/index.html,1,ENTRY_ID is the zero-based archive table ordinal
E:\cultures\vanilla-data\DataX\Libs\data0001.lib,512,data\maps\campaign_03_01\text\eng\briefings\0025.hlt,203225822,122,HLT,Native documents,doc:512,SOURCE_COMPLETE,Metadata/Sources/Raw/data/maps/campaign_03_01/text/eng/briefings/0025.hlt,Metadata/Sources/index.html,1,ENTRY_ID is the zero-based archive table ordinal
E:\cultures\vanilla-data\DataX\Libs\data0001.lib,513,data\maps\campaign_03_01\text\eng\briefings\0034.hlt,203227150,122,HLT,Native documents,doc:513,SOURCE_COMPLETE,Metadata/Sources/Raw/data/maps/campaign_03_01/text/eng/briefings/0034.hlt,Metadata/Sources/index.html,1,ENTRY_ID is the zero-based archive table ordinal
E:\cultures\vanilla-data\DataX\Libs\data0001.lib,514,data\maps\campaign_03_02\text\eng\briefings\0006.hlt,206372726,153,HLT,Native documents,doc:514,SOURCE_COMPLETE,Metadata/Sources/Raw/data/maps/campaign_03_02/text/eng/briefings/0006.hlt,Metadata/Sources/index.html,1,ENTRY_ID is the zero-based archive table ordinal
E:\cultures\vanilla-data\DataX\Libs\data0001.lib,515,data\maps\campaign_03_02\text\eng\briefings\0015.hlt,206374073,154,HLT,Native documents,doc:515,SOURCE_COMPLETE,Metadata/Sources/Raw/data/maps/campaign_03_02/text/eng/briefings/0015.hlt,Metadata/Sources/index.html,1,ENTRY_ID is the zero-based archive table ordinal
E:\cultures\vanilla-data\DataX\Libs\data0001.lib,516,data\maps\campaign_03_02\text\eng\briefings\0024.hlt,206375459,151,HLT,Native documents,doc:516,SOURCE_COMPLETE,Metadata/Sources/Raw/data/maps/campaign_03_02/text/eng/briefings/0024.hlt,Metadata/Sources/index.html,1,ENTRY_ID is the zero-based archive table ordinal
E:\cultures\vanilla-data\DataX\Libs\data0001.lib,517,data\maps\campaign_03_02\text\eng\briefings\0600.hlt,206377552,152,HLT,Native documents,doc:517,SOURCE_COMPLETE,Metadata/Sources/Raw/data/maps/campaign_03_02/text/eng/briefings/0600.hlt,Metadata/Sources/index.html,1,ENTRY_ID is the zero-based archive table ordinal
E:\cultures\vanilla-data\DataX\Libs\data0001.lib,518,data\maps\campaign_03_03\text\eng\briefings\0041.hlt,209247623,122,HLT,Native documents,doc:518,SOURCE_COMPLETE,Metadata/Sources/Raw/data/maps/campaign_03_03/text/eng/briefings/0041.hlt,Metadata/Sources/index.html,1,ENTRY_ID is the zero-based archive table ordinal
E:\cultures\vanilla-data\DataX\Libs\data0001.lib,519,data\maps\campaign_03_03\text\eng\briefings\0050.hlt,209247745,122,HLT,Native documents,doc:519,SOURCE_COMPLETE,Metadata/Sources/Raw/data/maps/campaign_03_03/text/eng/briefings/0050.hlt,Metadata/Sources/index.html,1,ENTRY_ID is the zero-based archive table ordinal
E:\cultures\vanilla-data\DataX\Libs\data0001.lib,520,data\maps\campaign_03_03\text\eng\briefings\0230.hlt,209249272,123,HLT,Native documents,doc:520,SOURCE_COMPLETE,Metadata/Sources/Raw/data/maps/campaign_03_03/text/eng/briefings/0230.hlt,Metadata/Sources/index.html,1,ENTRY_ID is the zero-based archive table ordinal
E:\cultures\vanilla-data\DataX\Libs\data0001.lib,521,data\maps\campaign_03_03\text\eng\briefings\0320.hlt,209251515,123,HLT,Native documents,doc:521,SOURCE_COMPLETE,Metadata/Sources/Raw/data/maps/campaign_03_03/text/eng/briefings/0320.hlt,Metadata/Sources/index.html,1,ENTRY_ID is the zero-based archive table ordinal
E:\cultures\vanilla-data\DataX\Libs\data0001.lib,522,data\maps\campaign_03_03\text\eng\briefings\0401.hlt,209253018,123,HLT,Native documents,doc:522,SOURCE_COMPLETE,Metadata/Sources/Raw/data/maps/campaign_03_03/text/eng/briefings/0401.hlt,Metadata/Sources/index.html,1,ENTRY_ID is the zero-based archive table ordinal
E:\cultures\vanilla-data\DataX\Libs\data0001.lib,523,data\maps\campaign_03_03\text\eng\briefings\0410.hlt,209253141,123,HLT,Native documents,doc:523,SOURCE_COMPLETE,Metadata/Sources/Raw/data/maps/campaign_03_03/text/eng/briefings/0410.hlt,Metadata/Sources/index.html,1,ENTRY_ID is the zero-based archive table ordinal
E:\cultures\vanilla-data\DataX\Libs\data0001.lib,524,data\maps\campaign_03_03\text\eng\briefings\0500.hlt,209254863,152,HLT,Native documents,doc:524,SOURCE_COMPLETE,Metadata/Sources/Raw/data/maps/campaign_03_03/text/eng/briefings/0500.hlt,Metadata/Sources/index.html,1,ENTRY_ID is the zero-based archive table ordinal
E:\cultures\vanilla-data\DataX\Libs\data0001.lib,525,data\maps\campaign_03_04\text\eng\briefings\0004.hlt,212766700,153,HLT,Native documents,doc:525,SOURCE_COMPLETE,Metadata/Sources/Raw/data/maps/campaign_03_04/text/eng/briefings/0004.hlt,Metadata/Sources/index.html,1,ENTRY_ID is the zero-based archive table ordinal
E:\cultures\vanilla-data\DataX\Libs\data0001.lib,526,data\maps\campaign_03_04\text\eng\briefings\0013.hlt,212768277,120,HLT,Native documents,doc:526,SOURCE_COMPLETE,Metadata/Sources/Raw/data/maps/campaign_03_04/text/eng/briefings/0013.hlt,Metadata/Sources/index.html,1,ENTRY_ID is the zero-based archive table ordinal
E:\cultures\vanilla-data\DataX\Libs\data0001.lib,527,data\maps\campaign_03_04\text\eng\briefings\0022.hlt,212769429,155,HLT,Native documents,doc:527,SOURCE_COMPLETE,Metadata/Sources/Raw/data/maps/campaign_03_04/text/eng/briefings/0022.hlt,Metadata/Sources/index.html,1,ENTRY_ID is the zero-based archive table ordinal
E:\cultures\vanilla-data\DataX\Libs\data0001.lib,528,data\maps\campaign_03_04\text\eng\briefings\0112.hlt,212772485,121,HLT,Native documents,doc:528,SOURCE_COMPLETE,Metadata/Sources/Raw/data/maps/campaign_03_04/text/eng/briefings/0112.hlt,Metadata/Sources/index.html,1,ENTRY_ID is the zero-based archive table ordinal
E:\cultures\vanilla-data\DataX\Libs\data0001.lib,529,data\maps\campaign_03_04\text\eng\briefings\0220.hlt,212774452,121,HLT,Native documents,doc:529,SOURCE_COMPLETE,Metadata/Sources/Raw/data/maps/campaign_03_04/text/eng/briefings/0220.hlt,Metadata/Sources/index.html,1,ENTRY_ID is the zero-based archive table ordinal
E:\cultures\vanilla-data\DataX\Libs\data0001.lib,530,data\maps\campaign_03_04\text\eng\briefings\0310.hlt,212775088,121,HLT,Native documents,doc:530,SOURCE_COMPLETE,Metadata/Sources/Raw/data/maps/campaign_03_04/text/eng/briefings/0310.hlt,Metadata/Sources/index.html,1,ENTRY_ID is the zero-based archive table ordinal
E:\cultures\vanilla-data\DataX\Libs\data0001.lib,531,data\maps\campaign_03_04\text\eng\briefings\0400.hlt,212775451,152,HLT,Native documents,doc:531,SOURCE_COMPLETE,Metadata/Sources/Raw/data/maps/campaign_03_04/text/eng/briefings/0400.hlt,Metadata/Sources/index.html,1,ENTRY_ID is the zero-based archive table ordinal
E:\cultures\vanilla-data\DataX\Libs\data0001.lib,532,data\maps\campaign_03_05\text\eng\briefings\0003.hlt,213967459,153,HLT,Native documents,doc:532,SOURCE_COMPLETE,Metadata/Sources/Raw/data/maps/campaign_03_05/text/eng/briefings/0003.hlt,Metadata/Sources/index.html,1,ENTRY_ID is the zero-based archive table ordinal
E:\cultures\vanilla-data\DataX\Libs\data0001.lib,533,data\maps\campaign_03_05\text\eng\briefings\0012.hlt,213968804,149,HLT,Native documents,doc:533,SOURCE_COMPLETE,Metadata/Sources/Raw/data/maps/campaign_03_05/text/eng/briefings/0012.hlt,Metadata/Sources/index.html,1,ENTRY_ID is the zero-based archive table ordinal
E:\cultures\vanilla-data\DataX\Libs\data0001.lib,534,data\maps\campaign_03_05\text\eng\briefings\0021.hlt,213970148,152,HLT,Native documents,doc:534,SOURCE_COMPLETE,Metadata/Sources/Raw/data/maps/campaign_03_05/text/eng/briefings/0021.hlt,Metadata/Sources/index.html,1,ENTRY_ID is the zero-based archive table ordinal
E:\cultures\vanilla-data\DataX\Libs\data0001.lib,535,data\maps\campaign_03_05\text\eng\briefings\0030.hlt,213971377,155,HLT,Native documents,doc:535,SOURCE_COMPLETE,Metadata/Sources/Raw/data/maps/campaign_03_05/text/eng/briefings/0030.hlt,Metadata/Sources/index.html,1,ENTRY_ID is the zero-based archive table ordinal
E:\cultures\vanilla-data\DataX\Libs\data0001.lib,536,data\maps\campaign_03_05\text\eng\briefings\0300.hlt,213972217,152,HLT,Native documents,doc:536,SOURCE_COMPLETE,Metadata/Sources/Raw/data/maps/campaign_03_05/text/eng/briefings/0300.hlt,Metadata/Sources/index.html,1,ENTRY_ID is the zero-based archive table ordinal
E:\cultures\vanilla-data\DataX\Libs\data0001.lib,537,data\maps\campaign_03_06\text\eng\briefings\0002.hlt,217492319,154,HLT,Native documents,doc:537,SOURCE_COMPLETE,Metadata/Sources/Raw/data/maps/campaign_03_06/text/eng/briefings/0002.hlt,Metadata/Sources/index.html,1,ENTRY_ID is the zero-based archive table ordinal
E:\cultures\vanilla-data\DataX\Libs\data0001.lib,538,data\maps\campaign_03_06\text\eng\briefings\0011.hlt,217493685,183,HLT,Native documents,doc:538,SOURCE_COMPLETE,Metadata/Sources/Raw/data/maps/campaign_03_06/text/eng/briefings/0011.hlt,Metadata/Sources/index.html,1,ENTRY_ID is the zero-based archive table ordinal
E:\cultures\vanilla-data\DataX\Libs\data0001.lib,539,data\maps\campaign_03_06\text\eng\briefings\0020.hlt,217495105,154,HLT,Native documents,doc:539,SOURCE_COMPLETE,Metadata/Sources/Raw/data/maps/campaign_03_06/text/eng/briefings/0020.hlt,Metadata/Sources/index.html,1,ENTRY_ID is the zero-based archive table ordinal
E:\cultures\vanilla-data\DataX\Libs\data0001.lib,540,data\maps\campaign_03_06\text\eng\briefings\0200.hlt,217497787,152,HLT,Native documents,doc:540,SOURCE_COMPLETE,Metadata/Sources/Raw/data/maps/campaign_03_06/text/eng/briefings/0200.hlt,Metadata/Sources/index.html,1,ENTRY_ID is the zero-based archive table ordinal
E:\cultures\vanilla-data\DataX\Libs\data0001.lib,541,data\maps\campaign_03_06_sub2\text\eng\briefings\graphics\people_dead_f.pcx,220141965,92541,PCX,Images,img:541,PIXEL_CONFIRMED,UI/Maps/campaign_03_06_sub2/text_eng_briefings_graphics/people_dead_f.png,UI/Images/index.html,1,ENTRY_ID is the zero-based archive table ordinal
E:\cultures\vanilla-data\DataX\Libs\data0001.lib,542,data\maps\campaign_03_07\text\eng\briefings\0001.hlt,221201281,159,HLT,Native documents,doc:542,SOURCE_COMPLETE,Metadata/Sources/Raw/data/maps/campaign_03_07/text/eng/briefings/0001.hlt,Metadata/Sources/index.html,1,ENTRY_ID is the zero-based archive table ordinal
E:\cultures\vanilla-data\DataX\Libs\data0001.lib,543,data\maps\campaign_03_07\text\eng\briefings\0010.hlt,221202661,153,HLT,Native documents,doc:543,SOURCE_COMPLETE,Metadata/Sources/Raw/data/maps/campaign_03_07/text/eng/briefings/0010.hlt,Metadata/Sources/index.html,1,ENTRY_ID is the zero-based archive table ordinal
E:\cultures\vanilla-data\DataX\Libs\data0001.lib,544,data\maps\campaign_03_07\text\eng\briefings\0100.hlt,221206278,152,HLT,Native documents,doc:544,SOURCE_COMPLETE,Metadata/Sources/Raw/data/maps/campaign_03_07/text/eng/briefings/0100.hlt,Metadata/Sources/index.html,1,ENTRY_ID is the zero-based archive table ordinal
E:\cultures\vanilla-data\DataX\Libs\data0001.lib,545,data\maps\campaign_03_08\text\eng\briefings\0000.hlt,223247090,350,HLT,Native documents,doc:545,SOURCE_COMPLETE,Metadata/Sources/Raw/data/maps/campaign_03_08/text/eng/briefings/0000.hlt,Metadata/Sources/index.html,1,ENTRY_ID is the zero-based archive table ordinal
E:\cultures\vanilla-data\DataX\Libs\data0001.lib,546,data\engine2d\bin\palettes\landscapes\alphagrass01.pcx,132779351,902,PCX,Palettes,img:546,PIXEL_CONFIRMED,Metadata/Palettes/landscapes/alphagrass01.png,Metadata/Palettes/index.html,1,ENTRY_ID is the zero-based archive table ordinal
E:\cultures\vanilla-data\DataX\Libs\data0001.lib,547,data\engine2d\bin\sounds\static\hammer06.wav,181132628,7320,WAV,Audio,aud:547,SOURCE_COMPLETE,Audio/static/hammer06.wav,Audio/index.html,1,ENTRY_ID is the zero-based archive table ordinal
E:\cultures\vanilla-data\DataX\Libs\data0001.lib,548,data\maps\campaign_03_01\text\eng\briefings\0008.hlt,203223273,153,HLT,Native documents,doc:548,SOURCE_COMPLETE,Metadata/Sources/Raw/data/maps/campaign_03_01/text/eng/briefings/0008.hlt,Metadata/Sources/index.html,1,ENTRY_ID is the zero-based archive table ordinal
E:\cultures\vanilla-data\DataX\Libs\data0001.lib,549,data\maps\campaign_03_01\text\eng\briefings\0017.hlt,203224617,155,HLT,Native documents,doc:549,SOURCE_COMPLETE,Metadata/Sources/Raw/data/maps/campaign_03_01/text/eng/briefings/0017.hlt,Metadata/Sources/index.html,1,ENTRY_ID is the zero-based archive table ordinal
E:\cultures\vanilla-data\DataX\Libs\data0001.lib,550,data\maps\campaign_03_01\text\eng\briefings\0026.hlt,203225944,155,HLT,Native documents,doc:550,SOURCE_COMPLETE,Metadata/Sources/Raw/data/maps/campaign_03_01/text/eng/briefings/0026.hlt,Metadata/Sources/index.html,1,ENTRY_ID is the zero-based archive table ordinal
E:\cultures\vanilla-data\DataX\Libs\data0001.lib,551,data\maps\campaign_03_01\text\eng\briefings\0035.hlt,203227272,154,HLT,Native documents,doc:551,SOURCE_COMPLETE,Metadata/Sources/Raw/data/maps/campaign_03_01/text/eng/briefings/0035.hlt,Metadata/Sources/index.html,1,ENTRY_ID is the zero-based archive table ordinal
E:\cultures\vanilla-data\DataX\Libs\data0001.lib,552,data\maps\campaign_03_02\text\eng\briefings\0007.hlt,206372879,153,HLT,Native documents,doc:552,SOURCE_COMPLETE,Metadata/Sources/Raw/data/maps/campaign_03_02/text/eng/briefings/0007.hlt,Metadata/Sources/index.html,1,ENTRY_ID is the zero-based archive table ordinal
E:\cultures\vanilla-data\DataX\Libs\data0001.lib,553,data\maps\campaign_03_02\text\eng\briefings\0016.hlt,206374227,155,HLT,Native documents,doc:553,SOURCE_COMPLETE,Metadata/Sources/Raw/data/maps/campaign_03_02/text/eng/briefings/0016.hlt,Metadata/Sources/index.html,1,ENTRY_ID is the zero-based archive table ordinal
E:\cultures\vanilla-data\DataX\Libs\data0001.lib,554,data\maps\campaign_03_02\text\eng\briefings\0025.hlt,206375610,151,HLT,Native documents,doc:554,SOURCE_COMPLETE,Metadata/Sources/Raw/data/maps/campaign_03_02/text/eng/briefings/0025.hlt,Metadata/Sources/index.html,1,ENTRY_ID is the zero-based archive table ordinal
E:\cultures\vanilla-data\DataX\Libs\data0001.lib,555,data\maps\campaign_03_03\text\eng\briefings\0060.hlt,209247989,122,HLT,Native documents,doc:555,SOURCE_COMPLETE,Metadata/Sources/Raw/data/maps/campaign_03_03/text/eng/briefings/0060.hlt,Metadata/Sources/index.html,1,ENTRY_ID is the zero-based archive table ordinal
E:\cultures\vanilla-data\DataX\Libs\data0001.lib,556,data\maps\campaign_03_03\text\eng\briefings\0240.hlt,209249395,123,HLT,Native documents,doc:556,SOURCE_COMPLETE,Metadata/Sources/Raw/data/maps/campaign_03_03/text/eng/briefings/0240.hlt,Metadata/Sources/index.html,1,ENTRY_ID is the zero-based archive table ordinal
E:\cultures\vanilla-data\DataX\Libs\data0001.lib,557,data\maps\campaign_03_03\text\eng\briefings\0330.hlt,209251638,123,HLT,Native documents,doc:557,SOURCE_COMPLETE,Metadata/Sources/Raw/data/maps/campaign_03_03/text/eng/briefings/0330.hlt,Metadata/Sources/index.html,1,ENTRY_ID is the zero-based archive table ordinal
E:\cultures\vanilla-data\DataX\Libs\data0001.lib,558,data\maps\campaign_03_03\text\eng\briefings\0420.hlt,209253264,123,HLT,Native documents,doc:558,SOURCE_COMPLETE,Metadata/Sources/Raw/data/maps/campaign_03_03/text/eng/briefings/0420.hlt,Metadata/Sources/index.html,1,ENTRY_ID is the zero-based archive table ordinal
E:\cultures\vanilla-data\DataX\Libs\data0001.lib,559,data\maps\campaign_03_03\text\eng\briefings\0600.hlt,209255015,152,HLT,Native documents,doc:559,SOURCE_COMPLETE,Metadata/Sources/Raw/data/maps/campaign_03_03/text/eng/briefings/0600.hlt,Metadata/Sources/index.html,1,ENTRY_ID is the zero-based archive table ordinal
E:\cultures\vanilla-data\DataX\Libs\data0001.lib,560,data\maps\campaign_03_04\text\eng\briefings\0005.hlt,212766853,153,HLT,Native documents,doc:560,SOURCE_COMPLETE,Metadata/Sources/Raw/data/maps/campaign_03_04/text/eng/briefings/0005.hlt,Metadata/Sources/index.html,1,ENTRY_ID is the zero-based archive table ordinal
E:\cultures\vanilla-data\DataX\Libs\data0001.lib,561,data\maps\campaign_03_04\text\eng\briefings\0014.hlt,212768397,120,HLT,Native documents,doc:561,SOURCE_COMPLETE,Metadata/Sources/Raw/data/maps/campaign_03_04/text/eng/briefings/0014.hlt,Metadata/Sources/index.html,1,ENTRY_ID is the zero-based archive table ordinal
E:\cultures\vanilla-data\DataX\Libs\data0001.lib,562,data\maps\campaign_03_04\text\eng\briefings\0023.hlt,212769584,155,HLT,Native documents,doc:562,SOURCE_COMPLETE,Metadata/Sources/Raw/data/maps/campaign_03_04/text/eng/briefings/0023.hlt,Metadata/Sources/index.html,1,ENTRY_ID is the zero-based archive table ordinal
E:\cultures\vanilla-data\DataX\Libs\data0001.lib,563,data\maps\campaign_03_04\text\eng\briefings\0050.hlt,212770750,380,HLT,Native documents,doc:563,SOURCE_COMPLETE,Metadata/Sources/Raw/data/maps/campaign_03_04/text/eng/briefings/0050.hlt,Metadata/Sources/index.html,1,ENTRY_ID is the zero-based archive table ordinal
E:\cultures\vanilla-data\DataX\Libs\data0001.lib,564,data\maps\campaign_03_04\text\eng\briefings\0113.hlt,212772606,121,HLT,Native documents,doc:564,SOURCE_COMPLETE,Metadata/Sources/Raw/data/maps/campaign_03_04/text/eng/briefings/0113.hlt,Metadata/Sources/index.html,1,ENTRY_ID is the zero-based archive table ordinal
E:\cultures\vanilla-data\DataX\Libs\data0001.lib,565,data\maps\campaign_03_04\text\eng\briefings\0230.hlt,212774573,121,HLT,Native documents,doc:565,SOURCE_COMPLETE,Metadata/Sources/Raw/data/maps/campaign_03_04/text/eng/briefings/0230.hlt,Metadata/Sources/index.html,1,ENTRY_ID is the zero-based archive table ordinal
E:\cultures\vanilla-data\DataX\Libs\data0001.lib,566,data\maps\campaign_03_04\text\eng\briefings\0320.hlt,212775209,121,HLT,Native documents,doc:566,SOURCE_COMPLETE,Metadata/Sources/Raw/data/maps/campaign_03_04/text/eng/briefings/0320.hlt,Metadata/Sources/index.html,1,ENTRY_ID is the zero-based archive table ordinal
E:\cultures\vanilla-data\DataX\Libs\data0001.lib,567,data\maps\campaign_03_04\text\eng\briefings\0500.hlt,212775603,152,HLT,Native documents,doc:567,SOURCE_COMPLETE,Metadata/Sources/Raw/data/maps/campaign_03_04/text/eng/briefings/0500.hlt,Metadata/Sources/index.html,1,ENTRY_ID is the zero-based archive table ordinal
E:\cultures\vanilla-data\DataX\Libs\data0001.lib,568,data\maps\campaign_03_05\text\eng\briefings\0004.hlt,213967612,153,HLT,Native documents,doc:568,SOURCE_COMPLETE,Metadata/Sources/Raw/data/maps/campaign_03_05/text/eng/briefings/0004.hlt,Metadata/Sources/index.html,1,ENTRY_ID is the zero-based archive table ordinal
E:\cultures\vanilla-data\DataX\Libs\data0001.lib,569,data\maps\campaign_03_05\text\eng\briefings\0013.hlt,213968953,151,HLT,Native documents,doc:569,SOURCE_COMPLETE,Metadata/Sources/Raw/data/maps/campaign_03_05/text/eng/briefings/0013.hlt,Metadata/Sources/index.html,1,ENTRY_ID is the zero-based archive table ordinal
E:\cultures\vanilla-data\DataX\Libs\data0001.lib,570,data\maps\campaign_03_05\text\eng\briefings\0022.hlt,213970300,155,HLT,Native documents,doc:570,SOURCE_COMPLETE,Metadata/Sources/Raw/data/maps/campaign_03_05/text/eng/briefings/0022.hlt,Metadata/Sources/index.html,1,ENTRY_ID is the zero-based archive table ordinal
E:\cultures\vanilla-data\DataX\Libs\data0001.lib,571,data\maps\campaign_03_05\text\eng\briefings\0400.hlt,213972369,152,HLT,Native documents,doc:571,SOURCE_COMPLETE,Metadata/Sources/Raw/data/maps/campaign_03_05/text/eng/briefings/0400.hlt,Metadata/Sources/index.html,1,ENTRY_ID is the zero-based archive table ordinal
E:\cultures\vanilla-data\DataX\Libs\data0001.lib,572,data\maps\campaign_03_06\text\eng\briefings\0003.hlt,217492473,152,HLT,Native documents,doc:572,SOURCE_COMPLETE,Metadata/Sources/Raw/data/maps/campaign_03_06/text/eng/briefings/0003.hlt,Metadata/Sources/index.html,1,ENTRY_ID is the zero-based archive table ordinal
E:\cultures\vanilla-data\DataX\Libs\data0001.lib,573,data\maps\campaign_03_06\text\eng\briefings\0012.hlt,217493868,153,HLT,Native documents,doc:573,SOURCE_COMPLETE,Metadata/Sources/Raw/data/maps/campaign_03_06/text/eng/briefings/0012.hlt,Metadata/Sources/index.html,1,ENTRY_ID is the zero-based archive table ordinal
E:\cultures\vanilla-data\DataX\Libs\data0001.lib,574,data\maps\campaign_03_06\text\eng\briefings\0021.hlt,217495259,154,HLT,Native documents,doc:574,SOURCE_COMPLETE,Metadata/Sources/Raw/data/maps/campaign_03_06/text/eng/briefings/0021.hlt,Metadata/Sources/index.html,1,ENTRY_ID is the zero-based archive table ordinal
E:\cultures\vanilla-data\DataX\Libs\data0001.lib,575,data\maps\campaign_03_06\text\eng\briefings\0030.hlt,217496421,124,HLT,Native documents,doc:575,SOURCE_COMPLETE,Metadata/Sources/Raw/data/maps/campaign_03_06/text/eng/briefings/0030.hlt,Metadata/Sources/index.html,1,ENTRY_ID is the zero-based archive table ordinal
E:\cultures\vanilla-data\DataX\Libs\data0001.lib,576,data\maps\campaign_03_06\text\eng\briefings\0300.hlt,217497939,152,HLT,Native documents,doc:576,SOURCE_COMPLETE,Metadata/Sources/Raw/data/maps/campaign_03_06/text/eng/briefings/0300.hlt,Metadata/Sources/index.html,1,ENTRY_ID is the zero-based archive table ordinal
E:\cultures\vanilla-data\DataX\Libs\data0001.lib,577,data\maps\campaign_03_07\text\eng\briefings\0002.hlt,221201440,155,HLT,Native documents,doc:577,SOURCE_COMPLETE,Metadata/Sources/Raw/data/maps/campaign_03_07/text/eng/briefings/0002.hlt,Metadata/Sources/index.html,1,ENTRY_ID is the zero-based archive table ordinal
E:\cultures\vanilla-data\DataX\Libs\data0001.lib,578,data\maps\campaign_03_07\text\eng\briefings\0011.hlt,221202814,153,HLT,Native documents,doc:578,SOURCE_COMPLETE,Metadata/Sources/Raw/data/maps/campaign_03_07/text/eng/briefings/0011.hlt,Metadata/Sources/index.html,1,ENTRY_ID is the zero-based archive table ordinal
E:\cultures\vanilla-data\DataX\Libs\data0001.lib,579,data\maps\campaign_03_07\text\eng\briefings\0020.hlt,221204200,154,HLT,Native documents,doc:579,SOURCE_COMPLETE,Metadata/Sources/Raw/data/maps/campaign_03_07/text/eng/briefings/0020.hlt,Metadata/Sources/index.html,1,ENTRY_ID is the zero-based archive table ordinal
E:\cultures\vanilla-data\DataX\Libs\data0001.lib,580,data\maps\campaign_03_07\text\eng\briefings\0200.hlt,221206430,152,HLT,Native documents,doc:580,SOURCE_COMPLETE,Metadata/Sources/Raw/data/maps/campaign_03_07/text/eng/briefings/0200.hlt,Metadata/Sources/index.html,1,ENTRY_ID is the zero-based archive table ordinal
E:\cultures\vanilla-data\DataX\Libs\data0001.lib,581,data\maps\campaign_03_08\text\eng\briefings\0001.hlt,223247440,159,HLT,Native documents,doc:581,SOURCE_COMPLETE,Metadata/Sources/Raw/data/maps/campaign_03_08/text/eng/briefings/0001.hlt,Metadata/Sources/index.html,1,ENTRY_ID is the zero-based archive table ordinal
E:\cultures\vanilla-data\DataX\Libs\data0001.lib,582,data\maps\campaign_03_08\text\eng\briefings\0010.hlt,223248813,153,HLT,Native documents,doc:582,SOURCE_COMPLETE,Metadata/Sources/Raw/data/maps/campaign_03_08/text/eng/briefings/0010.hlt,Metadata/Sources/index.html,1,ENTRY_ID is the zero-based archive table ordinal
E:\cultures\vanilla-data\DataX\Libs\data0001.lib,583,data\maps\campaign_03_08\text\eng\briefings\0100.hlt,223253081,152,HLT,Native documents,doc:583,SOURCE_COMPLETE,Metadata/Sources/Raw/data/maps/campaign_03_08/text/eng/briefings/0100.hlt,Metadata/Sources/index.html,1,ENTRY_ID is the zero-based archive table ordinal
E:\cultures\vanilla-data\DataX\Libs\data0001.lib,584,data\engine2d\bin\sounds\static\arrow_hit_dirt.wav,177922680,30672,WAV,Audio,aud:584,SOURCE_COMPLETE,Audio/static/arrow_hit_dirt.wav,Audio/index.html,1,ENTRY_ID is the zero-based archive table ordinal
E:\cultures\vanilla-data\DataX\Libs\data0001.lib,585,data\engine2d\bin\sounds\static\hammer07.wav,181139948,38838,WAV,Audio,aud:585,SOURCE_COMPLETE,Audio/static/hammer07.wav,Audio/index.html,1,ENTRY_ID is the zero-based archive table ordinal
E:\cultures\vanilla-data\DataX\Libs\data0001.lib,586,data\maps\campaign_03_01\text\eng\briefings\0009.hlt,203223426,153,HLT,Native documents,doc:586,SOURCE_COMPLETE,Metadata/Sources/Raw/data/maps/campaign_03_01/text/eng/briefings/0009.hlt,Metadata/Sources/index.html,1,ENTRY_ID is the zero-based archive table ordinal
E:\cultures\vanilla-data\DataX\Libs\data0001.lib,587,data\maps\campaign_03_01\text\eng\briefings\0018.hlt,203224772,155,HLT,Native documents,doc:587,SOURCE_COMPLETE,Metadata/Sources/Raw/data/maps/campaign_03_01/text/eng/briefings/0018.hlt,Metadata/Sources/index.html,1,ENTRY_ID is the zero-based archive table ordinal
E:\cultures\vanilla-data\DataX\Libs\data0001.lib,588,data\maps\campaign_03_01\text\eng\briefings\0027.hlt,203226099,154,HLT,Native documents,doc:588,SOURCE_COMPLETE,Metadata/Sources/Raw/data/maps/campaign_03_01/text/eng/briefings/0027.hlt,Metadata/Sources/index.html,1,ENTRY_ID is the zero-based archive table ordinal
E:\cultures\vanilla-data\DataX\Libs\data0001.lib,589,data\maps\campaign_03_01\text\eng\briefings\0036.hlt,203227426,152,HLT,Native documents,doc:589,SOURCE_COMPLETE,Metadata/Sources/Raw/data/maps/campaign_03_01/text/eng/briefings/0036.hlt,Metadata/Sources/index.html,1,ENTRY_ID is the zero-based archive table ordinal
E:\cultures\vanilla-data\DataX\Libs\data0001.lib,590,data\maps\campaign_03_02\text\eng\briefings\0008.hlt,206373032,153,HLT,Native documents,doc:590,SOURCE_COMPLETE,Metadata/Sources/Raw/data/maps/campaign_03_02/text/eng/briefings/0008.hlt,Metadata/Sources/index.html,1,ENTRY_ID is the zero-based archive table ordinal
E:\cultures\vanilla-data\DataX\Libs\data0001.lib,591,data\maps\campaign_03_02\text\eng\briefings\0017.hlt,206374382,154,HLT,Native documents,doc:591,SOURCE_COMPLETE,Metadata/Sources/Raw/data/maps/campaign_03_02/text/eng/briefings/0017.hlt,Metadata/Sources/index.html,1,ENTRY_ID is the zero-based archive table ordinal
E:\cultures\vanilla-data\DataX\Libs\data0001.lib,592,data\maps\campaign_03_02\text\eng\briefings\0026.hlt,206375761,122,HLT,Native documents,doc:592,SOURCE_COMPLETE,Metadata/Sources/Raw/data/maps/campaign_03_02/text/eng/briefings/0026.hlt,Metadata/Sources/index.html,1,ENTRY_ID is the zero-based archive table ordinal
E:\cultures\vanilla-data\DataX\Libs\data0001.lib,593,data\maps\campaign_03_03\text\eng\briefings\0061.hlt,209248111,122,HLT,Native documents,doc:593,SOURCE_COMPLETE,Metadata/Sources/Raw/data/maps/campaign_03_03/text/eng/briefings/0061.hlt,Metadata/Sources/index.html,1,ENTRY_ID is the zero-based archive table ordinal
E:\cultures\vanilla-data\DataX\Libs\data0001.lib,594,data\maps\campaign_03_03\text\eng\briefings\0070.hlt,209248355,122,HLT,Native documents,doc:594,SOURCE_COMPLETE,Metadata/Sources/Raw/data/maps/campaign_03_03/text/eng/briefings/0070.hlt,Metadata/Sources/index.html,1,ENTRY_ID is the zero-based archive table ordinal
E:\cultures\vanilla-data\DataX\Libs\data0001.lib,595,data\maps\campaign_03_03\text\eng\briefings\0241.hlt,209249518,123,HLT,Native documents,doc:595,SOURCE_COMPLETE,Metadata/Sources/Raw/data/maps/campaign_03_03/text/eng/briefings/0241.hlt,Metadata/Sources/index.html,1,ENTRY_ID is the zero-based archive table ordinal
E:\cultures\vanilla-data\DataX\Libs\data0001.lib,596,data\maps\campaign_03_03\text\eng\briefings\0250.hlt,209249641,123,HLT,Native documents,doc:596,SOURCE_COMPLETE,Metadata/Sources/Raw/data/maps/campaign_03_03/text/eng/briefings/0250.hlt,Metadata/Sources/index.html,1,ENTRY_ID is the zero-based archive table ordinal
E:\cultures\vanilla-data\DataX\Libs\data0001.lib,597,data\maps\campaign_03_03\text\eng\briefings\0340.hlt,209251761,153,HLT,Native documents,doc:597,SOURCE_COMPLETE,Metadata/Sources/Raw/data/maps/campaign_03_03/text/eng/briefings/0340.hlt,Metadata/Sources/index.html,1,ENTRY_ID is the zero-based archive table ordinal
E:\cultures\vanilla-data\DataX\Libs\data0001.lib,598,data\maps\campaign_03_03\text\eng\briefings\0421.hlt,209253387,123,HLT,Native documents,doc:598,SOURCE_COMPLETE,Metadata/Sources/Raw/data/maps/campaign_03_03/text/eng/briefings/0421.hlt,Metadata/Sources/index.html,1,ENTRY_ID is the zero-based archive table ordinal
E:\cultures\vanilla-data\DataX\Libs\data0001.lib,599,data\maps\campaign_03_03\text\eng\briefings\0430.hlt,209253879,123,HLT,Native documents,doc:599,SOURCE_COMPLETE,Metadata/Sources/Raw/data/maps/campaign_03_03/text/eng/briefings/0430.hlt,Metadata/Sources/index.html,1,ENTRY_ID is the zero-based archive table ordinal
E:\cultures\vanilla-data\DataX\Libs\data0001.lib,600,data\maps\campaign_03_03\text\eng\briefings\0700.hlt,209255167,123,HLT,Native documents,doc:600,SOURCE_COMPLETE,Metadata/Sources/Raw/data/maps/campaign_03_03/text/eng/briefings/0700.hlt,Metadata/Sources/index.html,1,ENTRY_ID is the zero-based archive table ordinal
E:\cultures\vanilla-data\DataX\Libs\data0001.lib,601,data\maps\campaign_03_04\text\eng\briefings\0006.hlt,212767006,153,HLT,Native documents,doc:601,SOURCE_COMPLETE,Metadata/Sources/Raw/data/maps/campaign_03_04/text/eng/briefings/0006.hlt,Metadata/Sources/index.html,1,ENTRY_ID is the zero-based archive table ordinal
E:\cultures\vanilla-data\DataX\Libs\data0001.lib,602,data\maps\campaign_03_04\text\eng\briefings\0015.hlt,212768517,120,HLT,Native documents,doc:602,SOURCE_COMPLETE,Metadata/Sources/Raw/data/maps/campaign_03_04/text/eng/briefings/0015.hlt,Metadata/Sources/index.html,1,ENTRY_ID is the zero-based archive table ordinal
E:\cultures\vanilla-data\DataX\Libs\data0001.lib,603,data\maps\campaign_03_04\text\eng\briefings\0024.hlt,212769739,122,HLT,Native documents,doc:603,SOURCE_COMPLETE,Metadata/Sources/Raw/data/maps/campaign_03_04/text/eng/briefings/0024.hlt,Metadata/Sources/index.html,1,ENTRY_ID is the zero-based archive table ordinal
E:\cultures\vanilla-data\DataX\Libs\data0001.lib,604,data\maps\campaign_03_04\text\eng\briefings\0114.hlt,212772727,121,HLT,Native documents,doc:604,SOURCE_COMPLETE,Metadata/Sources/Raw/data/maps/campaign_03_04/text/eng/briefings/0114.hlt,Metadata/Sources/index.html,1,ENTRY_ID is the zero-based archive table ordinal
E:\cultures\vanilla-data\DataX\Libs\data0001.lib,605,data\maps\campaign_03_04\text\eng\briefings\0150.hlt,212772969,121,HLT,Native documents,doc:605,SOURCE_COMPLETE,Metadata/Sources/Raw/data/maps/campaign_03_04/text/eng/briefings/0150.hlt,Metadata/Sources/index.html,1,ENTRY_ID is the zero-based archive table ordinal
E:\cultures\vanilla-data\DataX\Libs\data0001.lib,606,data\maps\campaign_03_04\text\eng\briefings\0240.hlt,212774815,121,HLT,Native documents,doc:606,SOURCE_COMPLETE,Metadata/Sources/Raw/data/maps/campaign_03_04/text/eng/briefings/0240.hlt,Metadata/Sources/index.html,1,ENTRY_ID is the zero-based archive table ordinal
E:\cultures\vanilla-data\DataX\Libs\data0001.lib,607,data\maps\campaign_03_04\text\eng\briefings\0330.hlt,212775330,121,HLT,Native documents,doc:607,SOURCE_COMPLETE,Metadata/Sources/Raw/data/maps/campaign_03_04/text/eng/briefings/0330.hlt,Metadata/Sources/index.html,1,ENTRY_ID is the zero-based archive table ordinal
E:\cultures\vanilla-data\DataX\Libs\data0001.lib,608,data\maps\campaign_03_04\text\eng\briefings\0600.hlt,212775755,152,HLT,Native documents,doc:608,SOURCE_COMPLETE,Metadata/Sources/Raw/data/maps/campaign_03_04/text/eng/briefings/0600.hlt,Metadata/Sources/index.html,1,ENTRY_ID is the zero-based archive table ordinal
E:\cultures\vanilla-data\DataX\Libs\data0001.lib,609,data\maps\campaign_03_05\text\eng\briefings\0005.hlt,213967765,153,HLT,Native documents,doc:609,SOURCE_COMPLETE,Metadata/Sources/Raw/data/maps/campaign_03_05/text/eng/briefings/0005.hlt,Metadata/Sources/index.html,1,ENTRY_ID is the zero-based archive table ordinal
E:\cultures\vanilla-data\DataX\Libs\data0001.lib,610,data\maps\campaign_03_05\text\eng\briefings\0014.hlt,213969104,151,HLT,Native documents,doc:610,SOURCE_COMPLETE,Metadata/Sources/Raw/data/maps/campaign_03_05/text/eng/briefings/0014.hlt,Metadata/Sources/index.html,1,ENTRY_ID is the zero-based archive table ordinal
E:\cultures\vanilla-data\DataX\Libs\data0001.lib,611,data\maps\campaign_03_05\text\eng\briefings\0023.hlt,213970455,151,HLT,Native documents,doc:611,SOURCE_COMPLETE,Metadata/Sources/Raw/data/maps/campaign_03_05/text/eng/briefings/0023.hlt,Metadata/Sources/index.html,1,ENTRY_ID is the zero-based archive table ordinal
E:\cultures\vanilla-data\DataX\Libs\data0001.lib,612,data\maps\campaign_03_05\text\eng\briefings\0050.hlt,213971532,381,HLT,Native documents,doc:612,SOURCE_COMPLETE,Metadata/Sources/Raw/data/maps/campaign_03_05/text/eng/briefings/0050.hlt,Metadata/Sources/index.html,1,ENTRY_ID is the zero-based archive table ordinal
E:\cultures\vanilla-data\DataX\Libs\data0001.lib,613,data\maps\campaign_03_05\text\eng\briefings\0500.hlt,213972521,152,HLT,Native documents,doc:613,SOURCE_COMPLETE,Metadata/Sources/Raw/data/maps/campaign_03_05/text/eng/briefings/0500.hlt,Metadata/Sources/index.html,1,ENTRY_ID is the zero-based archive table ordinal
E:\cultures\vanilla-data\DataX\Libs\data0001.lib,614,data\maps\campaign_03_06\text\eng\briefings\0004.hlt,217492625,153,HLT,Native documents,doc:614,SOURCE_COMPLETE,Metadata/Sources/Raw/data/maps/campaign_03_06/text/eng/briefings/0004.hlt,Metadata/Sources/index.html,1,ENTRY_ID is the zero-based archive table ordinal
E:\cultures\vanilla-data\DataX\Libs\data0001.lib,615,data\maps\campaign_03_06\text\eng\briefings\0013.hlt,217494021,155,HLT,Native documents,doc:615,SOURCE_COMPLETE,Metadata/Sources/Raw/data/maps/campaign_03_06/text/eng/briefings/0013.hlt,Metadata/Sources/index.html,1,ENTRY_ID is the zero-based archive table ordinal
E:\cultures\vanilla-data\DataX\Libs\data0001.lib,616,data\maps\campaign_03_06\text\eng\briefings\0022.hlt,217495413,154,HLT,Native documents,doc:616,SOURCE_COMPLETE,Metadata/Sources/Raw/data/maps/campaign_03_06/text/eng/briefings/0022.hlt,Metadata/Sources/index.html,1,ENTRY_ID is the zero-based archive table ordinal
E:\cultures\vanilla-data\DataX\Libs\data0001.lib,617,data\maps\campaign_03_06\text\eng\briefings\0031.hlt,217496545,124,HLT,Native documents,doc:617,SOURCE_COMPLETE,Metadata/Sources/Raw/data/maps/campaign_03_06/text/eng/briefings/0031.hlt,Metadata/Sources/index.html,1,ENTRY_ID is the zero-based archive table ordinal
E:\cultures\vanilla-data\DataX\Libs\data0001.lib,618,data\maps\campaign_03_06\text\eng\briefings\0400.hlt,217498091,152,HLT,Native documents,doc:618,SOURCE_COMPLETE,Metadata/Sources/Raw/data/maps/campaign_03_06/text/eng/briefings/0400.hlt,Metadata/Sources/index.html,1,ENTRY_ID is the zero-based archive table ordinal
E:\cultures\vanilla-data\DataX\Libs\data0001.lib,619,data\maps\campaign_03_07\text\eng\briefings\0003.hlt,221201595,153,HLT,Native documents,doc:619,SOURCE_COMPLETE,Metadata/Sources/Raw/data/maps/campaign_03_07/text/eng/briefings/0003.hlt,Metadata/Sources/index.html,1,ENTRY_ID is the zero-based archive table ordinal
E:\cultures\vanilla-data\DataX\Libs\data0001.lib,620,data\maps\campaign_03_07\text\eng\briefings\0012.hlt,221202967,153,HLT,Native documents,doc:620,SOURCE_COMPLETE,Metadata/Sources/Raw/data/maps/campaign_03_07/text/eng/briefings/0012.hlt,Metadata/Sources/index.html,1,ENTRY_ID is the zero-based archive table ordinal
E:\cultures\vanilla-data\DataX\Libs\data0001.lib,621,data\maps\campaign_03_07\text\eng\briefings\0021.hlt,221204354,155,HLT,Native documents,doc:621,SOURCE_COMPLETE,Metadata/Sources/Raw/data/maps/campaign_03_07/text/eng/briefings/0021.hlt,Metadata/Sources/index.html,1,ENTRY_ID is the zero-based archive table ordinal
E:\cultures\vanilla-data\DataX\Libs\data0001.lib,622,data\maps\campaign_03_07\text\eng\briefings\0030.hlt,221205746,155,HLT,Native documents,doc:622,SOURCE_COMPLETE,Metadata/Sources/Raw/data/maps/campaign_03_07/text/eng/briefings/0030.hlt,Metadata/Sources/index.html,1,ENTRY_ID is the zero-based archive table ordinal
E:\cultures\vanilla-data\DataX\Libs\data0001.lib,623,data\maps\campaign_03_07\text\eng\briefings\0300.hlt,221206582,152,HLT,Native documents,doc:623,SOURCE_COMPLETE,Metadata/Sources/Raw/data/maps/campaign_03_07/text/eng/briefings/0300.hlt,Metadata/Sources/index.html,1,ENTRY_ID is the zero-based archive table ordinal
E:\cultures\vanilla-data\DataX\Libs\data0001.lib,624,data\maps\campaign_03_08\text\eng\briefings\0002.hlt,223247599,155,HLT,Native documents,doc:624,SOURCE_COMPLETE,Metadata/Sources/Raw/data/maps/campaign_03_08/text/eng/briefings/0002.hlt,Metadata/Sources/index.html,1,ENTRY_ID is the zero-based archive table ordinal
E:\cultures\vanilla-data\DataX\Libs\data0001.lib,625,data\maps\campaign_03_08\text\eng\briefings\0011.hlt,223248966,153,HLT,Native documents,doc:625,SOURCE_COMPLETE,Metadata/Sources/Raw/data/maps/campaign_03_08/text/eng/briefings/0011.hlt,Metadata/Sources/index.html,1,ENTRY_ID is the zero-based archive table ordinal
E:\cultures\vanilla-data\DataX\Libs\data0001.lib,626,data\maps\campaign_03_08\text\eng\briefings\0020.hlt,223250356,154,HLT,Native documents,doc:626,SOURCE_COMPLETE,Metadata/Sources/Raw/data/maps/campaign_03_08/text/eng/briefings/0020.hlt,Metadata/Sources/index.html,1,ENTRY_ID is the zero-based archive table ordinal
E:\cultures\vanilla-data\DataX\Libs\data0001.lib,627,data\maps\campaign_03_08\text\eng\briefings\0200.hlt,223253233,152,HLT,Native documents,doc:627,SOURCE_COMPLETE,Metadata/Sources/Raw/data/maps/campaign_03_08/text/eng/briefings/0200.hlt,Metadata/Sources/index.html,1,ENTRY_ID is the zero-based archive table ordinal
E:\cultures\vanilla-data\DataX\Libs\data0001.lib,628,data\engine2d\bin\palettes\landscapes\swamp01.pcx,132825311,901,PCX,Palettes,img:628,PIXEL_CONFIRMED,Metadata/Palettes/landscapes/swamp01.png,Metadata/Palettes/index.html,1,ENTRY_ID is the zero-based archive table ordinal
E:\cultures\vanilla-data\DataX\Libs\data0001.lib,629,data\engine2d\bin\sounds\generic\human_laugh c 01.wav,151575442,47002,WAV,Audio,aud:629,SOURCE_COMPLETE,Audio/generic/human_laugh c 01.wav,Audio/index.html,1,ENTRY_ID is the zero-based archive table ordinal
E:\cultures\vanilla-data\DataX\Libs\data0001.lib,630,data\engine2d\bin\sounds\static\hammer08.wav,181178786,34756,WAV,Audio,aud:630,SOURCE_COMPLETE,Audio/static/hammer08.wav,Audio/index.html,1,ENTRY_ID is the zero-based archive table ordinal
E:\cultures\vanilla-data\DataX\Libs\data0001.lib,631,data\maps\campaign_03_01\text\eng\briefings\0019.hlt,203224927,155,HLT,Native documents,doc:631,SOURCE_COMPLETE,Metadata/Sources/Raw/data/maps/campaign_03_01/text/eng/briefings/0019.hlt,Metadata/Sources/index.html,1,ENTRY_ID is the zero-based archive table ordinal
E:\cultures\vanilla-data\DataX\Libs\data0001.lib,632,data\maps\campaign_03_01\text\eng\briefings\0028.hlt,203226253,154,HLT,Native documents,doc:632,SOURCE_COMPLETE,Metadata/Sources/Raw/data/maps/campaign_03_01/text/eng/briefings/0028.hlt,Metadata/Sources/index.html,1,ENTRY_ID is the zero-based archive table ordinal
E:\cultures\vanilla-data\DataX\Libs\data0001.lib,633,data\maps\campaign_03_01\text\eng\briefings\0037.hlt,203227578,152,HLT,Native documents,doc:633,SOURCE_COMPLETE,Metadata/Sources/Raw/data/maps/campaign_03_01/text/eng/briefings/0037.hlt,Metadata/Sources/index.html,1,ENTRY_ID is the zero-based archive table ordinal
E:\cultures\vanilla-data\DataX\Libs\data0001.lib,634,data\maps\campaign_03_02\text\eng\briefings\0009.hlt,206373185,153,HLT,Native documents,doc:634,SOURCE_COMPLETE,Metadata/Sources/Raw/data/maps/campaign_03_02/text/eng/briefings/0009.hlt,Metadata/Sources/index.html,1,ENTRY_ID is the zero-based archive table ordinal
E:\cultures\vanilla-data\DataX\Libs\data0001.lib,635,data\maps\campaign_03_02\text\eng\briefings\0018.hlt,206374536,154,HLT,Native documents,doc:635,SOURCE_COMPLETE,Metadata/Sources/Raw/data/maps/campaign_03_02/text/eng/briefings/0018.hlt,Metadata/Sources/index.html,1,ENTRY_ID is the zero-based archive table ordinal
E:\cultures\vanilla-data\DataX\Libs\data0001.lib,636,data\maps\campaign_03_02\text\eng\briefings\0027.hlt,206375883,124,HLT,Native documents,doc:636,SOURCE_COMPLETE,Metadata/Sources/Raw/data/maps/campaign_03_02/text/eng/briefings/0027.hlt,Metadata/Sources/index.html,1,ENTRY_ID is the zero-based archive table ordinal
E:\cultures\vanilla-data\DataX\Libs\data0001.lib,637,data\maps\campaign_03_03\text\eng\briefings\0260.hlt,209249764,123,HLT,Native documents,doc:637,SOURCE_COMPLETE,Metadata/Sources/Raw/data/maps/campaign_03_03/text/eng/briefings/0260.hlt,Metadata/Sources/index.html,1,ENTRY_ID is the zero-based archive table ordinal
E:\cultures\vanilla-data\DataX\Libs\data0001.lib,638,data\maps\campaign_03_03\text\eng\briefings\0341.hlt,209251914,123,HLT,Native documents,doc:638,SOURCE_COMPLETE,Metadata/Sources/Raw/data/maps/campaign_03_03/text/eng/briefings/0341.hlt,Metadata/Sources/index.html,1,ENTRY_ID is the zero-based archive table ordinal
E:\cultures\vanilla-data\DataX\Libs\data0001.lib,639,data\maps\campaign_03_03\text\eng\briefings\0350.hlt,209252037,154,HLT,Native documents,doc:639,SOURCE_COMPLETE,Metadata/Sources/Raw/data/maps/campaign_03_03/text/eng/briefings/0350.hlt,Metadata/Sources/index.html,1,ENTRY_ID is the zero-based archive table ordinal
E:\cultures\vanilla-data\DataX\Libs\data0001.lib,640,data\maps\campaign_03_03\text\eng\briefings\0422.hlt,209253510,123,HLT,Native documents,doc:640,SOURCE_COMPLETE,Metadata/Sources/Raw/data/maps/campaign_03_03/text/eng/briefings/0422.hlt,Metadata/Sources/index.html,1,ENTRY_ID is the zero-based archive table ordinal
E:\cultures\vanilla-data\DataX\Libs\data0001.lib,641,data\maps\campaign_03_03\text\eng\briefings\0440.hlt,209254002,123,HLT,Native documents,doc:641,SOURCE_COMPLETE,Metadata/Sources/Raw/data/maps/campaign_03_03/text/eng/briefings/0440.hlt,Metadata/Sources/index.html,1,ENTRY_ID is the zero-based archive table ordinal
E:\cultures\vanilla-data\DataX\Libs\data0001.lib,642,data\maps\campaign_03_04\text\eng\briefings\0007.hlt,212767159,153,HLT,Native documents,doc:642,SOURCE_COMPLETE,Metadata/Sources/Raw/data/maps/campaign_03_04/text/eng/briefings/0007.hlt,Metadata/Sources/index.html,1,ENTRY_ID is the zero-based archive table ordinal
E:\cultures\vanilla-data\DataX\Libs\data0001.lib,643,data\maps\campaign_03_04\text\eng\briefings\0016.hlt,212768637,120,HLT,Native documents,doc:643,SOURCE_COMPLETE,Metadata/Sources/Raw/data/maps/campaign_03_04/text/eng/briefings/0016.hlt,Metadata/Sources/index.html,1,ENTRY_ID is the zero-based archive table ordinal
E:\cultures\vanilla-data\DataX\Libs\data0001.lib,644,data\maps\campaign_03_04\text\eng\briefings\0025.hlt,212769861,122,HLT,Native documents,doc:644,SOURCE_COMPLETE,Metadata/Sources/Raw/data/maps/campaign_03_04/text/eng/briefings/0025.hlt,Metadata/Sources/index.html,1,ENTRY_ID is the zero-based archive table ordinal
E:\cultures\vanilla-data\DataX\Libs\data0001.lib,645,data\maps\campaign_03_04\text\eng\briefings\0115.hlt,212772848,121,HLT,Native documents,doc:645,SOURCE_COMPLETE,Metadata/Sources/Raw/data/maps/campaign_03_04/text/eng/briefings/0115.hlt,Metadata/Sources/index.html,1,ENTRY_ID is the zero-based archive table ordinal
E:\cultures\vanilla-data\DataX\Libs\data0001.lib,646,data\maps\campaign_03_04\text\eng\briefings\0160.hlt,212773332,121,HLT,Native documents,doc:646,SOURCE_COMPLETE,Metadata/Sources/Raw/data/maps/campaign_03_04/text/eng/briefings/0160.hlt,Metadata/Sources/index.html,1,ENTRY_ID is the zero-based archive table ordinal
E:\cultures\vanilla-data\DataX\Libs\data0001.lib,647,data\maps\campaign_03_04\text\eng\briefings\0700.hlt,212775907,123,HLT,Native documents,doc:647,SOURCE_COMPLETE,Metadata/Sources/Raw/data/maps/campaign_03_04/text/eng/briefings/0700.hlt,Metadata/Sources/index.html,1,ENTRY_ID is the zero-based archive table ordinal
E:\cultures\vanilla-data\DataX\Libs\data0001.lib,648,data\maps\campaign_03_05\text\eng\briefings\0006.hlt,213967918,153,HLT,Native documents,doc:648,SOURCE_COMPLETE,Metadata/Sources/Raw/data/maps/campaign_03_05/text/eng/briefings/0006.hlt,Metadata/Sources/index.html,1,ENTRY_ID is the zero-based archive table ordinal
E:\cultures\vanilla-data\DataX\Libs\data0001.lib,649,data\maps\campaign_03_05\text\eng\briefings\0015.hlt,213969255,122,HLT,Native documents,doc:649,SOURCE_COMPLETE,Metadata/Sources/Raw/data/maps/campaign_03_05/text/eng/briefings/0015.hlt,Metadata/Sources/index.html,1,ENTRY_ID is the zero-based archive table ordinal
E:\cultures\vanilla-data\DataX\Libs\data0001.lib,650,data\maps\campaign_03_05\text\eng\briefings\0024.hlt,213970606,122,HLT,Native documents,doc:650,SOURCE_COMPLETE,Metadata/Sources/Raw/data/maps/campaign_03_05/text/eng/briefings/0024.hlt,Metadata/Sources/index.html,1,ENTRY_ID is the zero-based archive table ordinal
E:\cultures\vanilla-data\DataX\Libs\data0001.lib,651,data\maps\campaign_03_05\text\eng\briefings\0600.hlt,213972673,152,HLT,Native documents,doc:651,SOURCE_COMPLETE,Metadata/Sources/Raw/data/maps/campaign_03_05/text/eng/briefings/0600.hlt,Metadata/Sources/index.html,1,ENTRY_ID is the zero-based archive table ordinal
E:\cultures\vanilla-data\DataX\Libs\data0001.lib,652,data\maps\campaign_03_06\text\eng\briefings\0005.hlt,217492778,152,HLT,Native documents,doc:652,SOURCE_COMPLETE,Metadata/Sources/Raw/data/maps/campaign_03_06/text/eng/briefings/0005.hlt,Metadata/Sources/index.html,1,ENTRY_ID is the zero-based archive table ordinal
E:\cultures\vanilla-data\DataX\Libs\data0001.lib,653,data\maps\campaign_03_06\text\eng\briefings\0014.hlt,217494176,155,HLT,Native documents,doc:653,SOURCE_COMPLETE,Metadata/Sources/Raw/data/maps/campaign_03_06/text/eng/briefings/0014.hlt,Metadata/Sources/index.html,1,ENTRY_ID is the zero-based archive table ordinal
E:\cultures\vanilla-data\DataX\Libs\data0001.lib,654,data\maps\campaign_03_06\text\eng\briefings\0023.hlt,217495567,122,HLT,Native documents,doc:654,SOURCE_COMPLETE,Metadata/Sources/Raw/data/maps/campaign_03_06/text/eng/briefings/0023.hlt,Metadata/Sources/index.html,1,ENTRY_ID is the zero-based archive table ordinal
E:\cultures\vanilla-data\DataX\Libs\data0001.lib,655,data\maps\campaign_03_06\text\eng\briefings\0032.hlt,217496669,155,HLT,Native documents,doc:655,SOURCE_COMPLETE,Metadata/Sources/Raw/data/maps/campaign_03_06/text/eng/briefings/0032.hlt,Metadata/Sources/index.html,1,ENTRY_ID is the zero-based archive table ordinal
E:\cultures\vanilla-data\DataX\Libs\data0001.lib,656,data\maps\campaign_03_06\text\eng\briefings\0050.hlt,217497255,380,HLT,Native documents,doc:656,SOURCE_COMPLETE,Metadata/Sources/Raw/data/maps/campaign_03_06/text/eng/briefings/0050.hlt,Metadata/Sources/index.html,1,ENTRY_ID is the zero-based archive table ordinal
E:\cultures\vanilla-data\DataX\Libs\data0001.lib,657,data\maps\campaign_03_06\text\eng\briefings\0500.hlt,217498243,152,HLT,Native documents,doc:657,SOURCE_COMPLETE,Metadata/Sources/Raw/data/maps/campaign_03_06/text/eng/briefings/0500.hlt,Metadata/Sources/index.html,1,ENTRY_ID is the zero-based archive table ordinal
E:\cultures\vanilla-data\DataX\Libs\data0001.lib,658,data\maps\campaign_03_07\text\eng\briefings\0004.hlt,221201748,153,HLT,Native documents,doc:658,SOURCE_COMPLETE,Metadata/Sources/Raw/data/maps/campaign_03_07/text/eng/briefings/0004.hlt,Metadata/Sources/index.html,1,ENTRY_ID is the zero-based archive table ordinal
E:\cultures\vanilla-data\DataX\Libs\data0001.lib,659,data\maps\campaign_03_07\text\eng\briefings\0013.hlt,221203120,155,HLT,Native documents,doc:659,SOURCE_COMPLETE,Metadata/Sources/Raw/data/maps/campaign_03_07/text/eng/briefings/0013.hlt,Metadata/Sources/index.html,1,ENTRY_ID is the zero-based archive table ordinal
E:\cultures\vanilla-data\DataX\Libs\data0001.lib,660,data\maps\campaign_03_07\text\eng\briefings\0022.hlt,221204509,155,HLT,Native documents,doc:660,SOURCE_COMPLETE,Metadata/Sources/Raw/data/maps/campaign_03_07/text/eng/briefings/0022.hlt,Metadata/Sources/index.html,1,ENTRY_ID is the zero-based archive table ordinal
E:\cultures\vanilla-data\DataX\Libs\data0001.lib,661,data\maps\campaign_03_07\text\eng\briefings\0400.hlt,221206734,152,HLT,Native documents,doc:661,SOURCE_COMPLETE,Metadata/Sources/Raw/data/maps/campaign_03_07/text/eng/briefings/0400.hlt,Metadata/Sources/index.html,1,ENTRY_ID is the zero-based archive table ordinal
E:\cultures\vanilla-data\DataX\Libs\data0001.lib,662,data\maps\campaign_03_08\text\eng\briefings\0003.hlt,223247754,153,HLT,Native documents,doc:662,SOURCE_COMPLETE,Metadata/Sources/Raw/data/maps/campaign_03_08/text/eng/briefings/0003.hlt,Metadata/Sources/index.html,1,ENTRY_ID is the zero-based archive table ordinal
E:\cultures\vanilla-data\DataX\Libs\data0001.lib,663,data\maps\campaign_03_08\text\eng\briefings\0012.hlt,223249119,152,HLT,Native documents,doc:663,SOURCE_COMPLETE,Metadata/Sources/Raw/data/maps/campaign_03_08/text/eng/briefings/0012.hlt,Metadata/Sources/index.html,1,ENTRY_ID is the zero-based archive table ordinal
E:\cultures\vanilla-data\DataX\Libs\data0001.lib,664,data\maps\campaign_03_08\text\eng\briefings\0021.hlt,223250510,155,HLT,Native documents,doc:664,SOURCE_COMPLETE,Metadata/Sources/Raw/data/maps/campaign_03_08/text/eng/briefings/0021.hlt,Metadata/Sources/index.html,1,ENTRY_ID is the zero-based archive table ordinal
E:\cultures\vanilla-data\DataX\Libs\data0001.lib,665,data\maps\campaign_03_08\text\eng\briefings\0030.hlt,223251836,155,HLT,Native documents,doc:665,SOURCE_COMPLETE,Metadata/Sources/Raw/data/maps/campaign_03_08/text/eng/briefings/0030.hlt,Metadata/Sources/index.html,1,ENTRY_ID is the zero-based archive table ordinal
E:\cultures\vanilla-data\DataX\Libs\data0001.lib,666,data\maps\campaign_03_08\text\eng\briefings\0300.hlt,223253385,152,HLT,Native documents,doc:666,SOURCE_COMPLETE,Metadata/Sources/Raw/data/maps/campaign_03_08/text/eng/briefings/0300.hlt,Metadata/Sources/index.html,1,ENTRY_ID is the zero-based archive table ordinal
E:\cultures\vanilla-data\DataX\Libs\data0001.lib,667,data\engine2d\bin\palettes\landscapes\swamp02.pcx,132826212,901,PCX,Palettes,img:667,PIXEL_CONFIRMED,Metadata/Palettes/landscapes/swamp02.png,Metadata/Palettes/index.html,1,ENTRY_ID is the zero-based archive table ordinal
E:\cultures\vanilla-data\DataX\Libs\data0001.lib,668,data\engine2d\bin\sounds\generic\human_laugh c 02.wav,151622444,30672,WAV,Audio,aud:668,SOURCE_COMPLETE,Audio/generic/human_laugh c 02.wav,Audio/index.html,1,ENTRY_ID is the zero-based archive table ordinal
E:\cultures\vanilla-data\DataX\Libs\data0001.lib,669,data\engine2d\bin\sounds\static\hammer09.wav,181213542,4140,WAV,Audio,aud:669,SOURCE_COMPLETE,Audio/static/hammer09.wav,Audio/index.html,1,ENTRY_ID is the zero-based archive table ordinal
E:\cultures\vanilla-data\DataX\Libs\data0001.lib,670,data\maps\campaign_03_01\text\eng\briefings\0029.hlt,203226407,154,HLT,Native documents,doc:670,SOURCE_COMPLETE,Metadata/Sources/Raw/data/maps/campaign_03_01/text/eng/briefings/0029.hlt,Metadata/Sources/index.html,1,ENTRY_ID is the zero-based archive table ordinal
E:\cultures\vanilla-data\DataX\Libs\data0001.lib,671,data\maps\campaign_03_01\text\eng\briefings\0038.hlt,203227730,149,HLT,Native documents,doc:671,SOURCE_COMPLETE,Metadata/Sources/Raw/data/maps/campaign_03_01/text/eng/briefings/0038.hlt,Metadata/Sources/index.html,1,ENTRY_ID is the zero-based archive table ordinal
E:\cultures\vanilla-data\DataX\Libs\data0001.lib,672,data\maps\campaign_03_02\text\eng\briefings\0019.hlt,206374690,154,HLT,Native documents,doc:672,SOURCE_COMPLETE,Metadata/Sources/Raw/data/maps/campaign_03_02/text/eng/briefings/0019.hlt,Metadata/Sources/index.html,1,ENTRY_ID is the zero-based archive table ordinal
E:\cultures\vanilla-data\DataX\Libs\data0001.lib,673,data\maps\campaign_03_02\text\eng\briefings\0028.hlt,206376007,124,HLT,Native documents,doc:673,SOURCE_COMPLETE,Metadata/Sources/Raw/data/maps/campaign_03_02/text/eng/briefings/0028.hlt,Metadata/Sources/index.html,1,ENTRY_ID is the zero-based archive table ordinal
E:\cultures\vanilla-data\DataX\Libs\data0001.lib,674,data\maps\campaign_03_03\text\eng\briefings\0009.hlt,209246321,452,HLT,Native documents,doc:674,SOURCE_COMPLETE,Metadata/Sources/Raw/data/maps/campaign_03_03/text/eng/briefings/0009.hlt,Metadata/Sources/index.html,1,ENTRY_ID is the zero-based archive table ordinal
E:\cultures\vanilla-data\DataX\Libs\data0001.lib,675,data\maps\campaign_03_03\text\eng\briefings\0270.hlt,209249887,123,HLT,Native documents,doc:675,SOURCE_COMPLETE,Metadata/Sources/Raw/data/maps/campaign_03_03/text/eng/briefings/0270.hlt,Metadata/Sources/index.html,1,ENTRY_ID is the zero-based archive table ordinal
E:\cultures\vanilla-data\DataX\Libs\data0001.lib,676,data\maps\campaign_03_03\text\eng\briefings\0315.hlt,209251392,123,HLT,Native documents,doc:676,SOURCE_COMPLETE,Metadata/Sources/Raw/data/maps/campaign_03_03/text/eng/briefings/0315.hlt,Metadata/Sources/index.html,1,ENTRY_ID is the zero-based archive table ordinal
E:\cultures\vanilla-data\DataX\Libs\data0001.lib,677,data\maps\campaign_03_03\text\eng\briefings\0360.hlt,209252191,123,HLT,Native documents,doc:677,SOURCE_COMPLETE,Metadata/Sources/Raw/data/maps/campaign_03_03/text/eng/briefings/0360.hlt,Metadata/Sources/index.html,1,ENTRY_ID is the zero-based archive table ordinal
E:\cultures\vanilla-data\DataX\Libs\data0001.lib,678,data\maps\campaign_03_03\text\eng\briefings\0423.hlt,209253633,123,HLT,Native documents,doc:678,SOURCE_COMPLETE,Metadata/Sources/Raw/data/maps/campaign_03_03/text/eng/briefings/0423.hlt,Metadata/Sources/index.html,1,ENTRY_ID is the zero-based archive table ordinal
E:\cultures\vanilla-data\DataX\Libs\data0001.lib,679,data\maps\campaign_03_03\text\eng\briefings\0450.hlt,209254125,123,HLT,Native documents,doc:679,SOURCE_COMPLETE,Metadata/Sources/Raw/data/maps/campaign_03_03/text/eng/briefings/0450.hlt,Metadata/Sources/index.html,1,ENTRY_ID is the zero-based archive table ordinal
E:\cultures\vanilla-data\DataX\Libs\data0001.lib,680,data\maps\campaign_03_04\text\eng\briefings\0008.hlt,212767312,153,HLT,Native documents,doc:680,SOURCE_COMPLETE,Metadata/Sources/Raw/data/maps/campaign_03_04/text/eng/briefings/0008.hlt,Metadata/Sources/index.html,1,ENTRY_ID is the zero-based archive table ordinal
E:\cultures\vanilla-data\DataX\Libs\data0001.lib,681,data\maps\campaign_03_04\text\eng\briefings\0017.hlt,212768757,120,HLT,Native documents,doc:681,SOURCE_COMPLETE,Metadata/Sources/Raw/data/maps/campaign_03_04/text/eng/briefings/0017.hlt,Metadata/Sources/index.html,1,ENTRY_ID is the zero-based archive table ordinal
E:\cultures\vanilla-data\DataX\Libs\data0001.lib,682,data\maps\campaign_03_04\text\eng\briefings\0026.hlt,212769983,155,HLT,Native documents,doc:682,SOURCE_COMPLETE,Metadata/Sources/Raw/data/maps/campaign_03_04/text/eng/briefings/0026.hlt,Metadata/Sources/index.html,1,ENTRY_ID is the zero-based archive table ordinal
E:\cultures\vanilla-data\DataX\Libs\data0001.lib,683,data\maps\campaign_03_04\text\eng\briefings\0035.hlt,212770630,120,HLT,Native documents,doc:683,SOURCE_COMPLETE,Metadata/Sources/Raw/data/maps/campaign_03_04/text/eng/briefings/0035.hlt,Metadata/Sources/index.html,1,ENTRY_ID is the zero-based archive table ordinal
E:\cultures\vanilla-data\DataX\Libs\data0001.lib,684,data\maps\campaign_03_04\text\eng\briefings\0080.hlt,212771130,120,HLT,Native documents,doc:684,SOURCE_COMPLETE,Metadata/Sources/Raw/data/maps/campaign_03_04/text/eng/briefings/0080.hlt,Metadata/Sources/index.html,1,ENTRY_ID is the zero-based archive table ordinal
E:\cultures\vanilla-data\DataX\Libs\data0001.lib,685,data\maps\campaign_03_04\text\eng\briefings\0170.hlt,212773695,121,HLT,Native documents,doc:685,SOURCE_COMPLETE,Metadata/Sources/Raw/data/maps/campaign_03_04/text/eng/briefings/0170.hlt,Metadata/Sources/index.html,1,ENTRY_ID is the zero-based archive table ordinal
E:\cultures\vanilla-data\DataX\Libs\data0001.lib,686,data\maps\campaign_03_04\text\eng\briefings\0215.hlt,212774331,121,HLT,Native documents,doc:686,SOURCE_COMPLETE,Metadata/Sources/Raw/data/maps/campaign_03_04/text/eng/briefings/0215.hlt,Metadata/Sources/index.html,1,ENTRY_ID is the zero-based archive table ordinal
E:\cultures\vanilla-data\DataX\Libs\data0001.lib,687,data\maps\campaign_03_05\text\eng\briefings\0007.hlt,213968071,153,HLT,Native documents,doc:687,SOURCE_COMPLETE,Metadata/Sources/Raw/data/maps/campaign_03_05/text/eng/briefings/0007.hlt,Metadata/Sources/index.html,1,ENTRY_ID is the zero-based archive table ordinal
E:\cultures\vanilla-data\DataX\Libs\data0001.lib,688,data\maps\campaign_03_05\text\eng\briefings\0016.hlt,213969377,155,HLT,Native documents,doc:688,SOURCE_COMPLETE,Metadata/Sources/Raw/data/maps/campaign_03_05/text/eng/briefings/0016.hlt,Metadata/Sources/index.html,1,ENTRY_ID is the zero-based archive table ordinal
E:\cultures\vanilla-data\DataX\Libs\data0001.lib,689,data\maps\campaign_03_05\text\eng\briefings\0025.hlt,213970728,122,HLT,Native documents,doc:689,SOURCE_COMPLETE,Metadata/Sources/Raw/data/maps/campaign_03_05/text/eng/briefings/0025.hlt,Metadata/Sources/index.html,1,ENTRY_ID is the zero-based archive table ordinal
E:\cultures\vanilla-data\DataX\Libs\data0001.lib,690,data\maps\campaign_03_06\text\eng\briefings\0006.hlt,217492930,149,HLT,Native documents,doc:690,SOURCE_COMPLETE,Metadata/Sources/Raw/data/maps/campaign_03_06/text/eng/briefings/0006.hlt,Metadata/Sources/index.html,1,ENTRY_ID is the zero-based archive table ordinal
E:\cultures\vanilla-data\DataX\Libs\data0001.lib,691,data\maps\campaign_03_06\text\eng\briefings\0015.hlt,217494331,155,HLT,Native documents,doc:691,SOURCE_COMPLETE,Metadata/Sources/Raw/data/maps/campaign_03_06/text/eng/briefings/0015.hlt,Metadata/Sources/index.html,1,ENTRY_ID is the zero-based archive table ordinal
E:\cultures\vanilla-data\DataX\Libs\data0001.lib,692,data\maps\campaign_03_06\text\eng\briefings\0024.hlt,217495689,122,HLT,Native documents,doc:692,SOURCE_COMPLETE,Metadata/Sources/Raw/data/maps/campaign_03_06/text/eng/briefings/0024.hlt,Metadata/Sources/index.html,1,ENTRY_ID is the zero-based archive table ordinal
E:\cultures\vanilla-data\DataX\Libs\data0001.lib,693,data\maps\campaign_03_06\text\eng\briefings\0033.hlt,217496824,155,HLT,Native documents,doc:693,SOURCE_COMPLETE,Metadata/Sources/Raw/data/maps/campaign_03_06/text/eng/briefings/0033.hlt,Metadata/Sources/index.html,1,ENTRY_ID is the zero-based archive table ordinal
E:\cultures\vanilla-data\DataX\Libs\data0001.lib,694,data\maps\campaign_03_06\text\eng\briefings\0600.hlt,217498395,152,HLT,Native documents,doc:694,SOURCE_COMPLETE,Metadata/Sources/Raw/data/maps/campaign_03_06/text/eng/briefings/0600.hlt,Metadata/Sources/index.html,1,ENTRY_ID is the zero-based archive table ordinal
E:\cultures\vanilla-data\DataX\Libs\data0001.lib,695,data\maps\campaign_03_07\text\eng\briefings\0005.hlt,221201901,149,HLT,Native documents,doc:695,SOURCE_COMPLETE,Metadata/Sources/Raw/data/maps/campaign_03_07/text/eng/briefings/0005.hlt,Metadata/Sources/index.html,1,ENTRY_ID is the zero-based archive table ordinal
E:\cultures\vanilla-data\DataX\Libs\data0001.lib,696,data\maps\campaign_03_07\text\eng\briefings\0014.hlt,221203275,153,HLT,Native documents,doc:696,SOURCE_COMPLETE,Metadata/Sources/Raw/data/maps/campaign_03_07/text/eng/briefings/0014.hlt,Metadata/Sources/index.html,1,ENTRY_ID is the zero-based archive table ordinal
E:\cultures\vanilla-data\DataX\Libs\data0001.lib,697,data\maps\campaign_03_07\text\eng\briefings\0023.hlt,221204664,155,HLT,Native documents,doc:697,SOURCE_COMPLETE,Metadata/Sources/Raw/data/maps/campaign_03_07/text/eng/briefings/0023.hlt,Metadata/Sources/index.html,1,ENTRY_ID is the zero-based archive table ordinal
E:\cultures\vanilla-data\DataX\Libs\data0001.lib,698,data\maps\campaign_03_07\text\eng\briefings\0050.hlt,221205901,377,HLT,Native documents,doc:698,SOURCE_COMPLETE,Metadata/Sources/Raw/data/maps/campaign_03_07/text/eng/briefings/0050.hlt,Metadata/Sources/index.html,1,ENTRY_ID is the zero-based archive table ordinal
E:\cultures\vanilla-data\DataX\Libs\data0001.lib,699,data\maps\campaign_03_07\text\eng\briefings\0500.hlt,221206886,152,HLT,Native documents,doc:699,SOURCE_COMPLETE,Metadata/Sources/Raw/data/maps/campaign_03_07/text/eng/briefings/0500.hlt,Metadata/Sources/index.html,1,ENTRY_ID is the zero-based archive table ordinal
E:\cultures\vanilla-data\DataX\Libs\data0001.lib,700,data\maps\campaign_03_08\text\eng\briefings\0004.hlt,223247907,153,HLT,Native documents,doc:700,SOURCE_COMPLETE,Metadata/Sources/Raw/data/maps/campaign_03_08/text/eng/briefings/0004.hlt,Metadata/Sources/index.html,1,ENTRY_ID is the zero-based archive table ordinal
E:\cultures\vanilla-data\DataX\Libs\data0001.lib,701,data\maps\campaign_03_08\text\eng\briefings\0013.hlt,223249271,155,HLT,Native documents,doc:701,SOURCE_COMPLETE,Metadata/Sources/Raw/data/maps/campaign_03_08/text/eng/briefings/0013.hlt,Metadata/Sources/index.html,1,ENTRY_ID is the zero-based archive table ordinal
E:\cultures\vanilla-data\DataX\Libs\data0001.lib,702,data\maps\campaign_03_08\text\eng\briefings\0022.hlt,223250665,155,HLT,Native documents,doc:702,SOURCE_COMPLETE,Metadata/Sources/Raw/data/maps/campaign_03_08/text/eng/briefings/0022.hlt,Metadata/Sources/index.html,1,ENTRY_ID is the zero-based archive table ordinal
E:\cultures\vanilla-data\DataX\Libs\data0001.lib,703,data\maps\campaign_03_08\text\eng\briefings\0031.hlt,223251991,124,HLT,Native documents,doc:703,SOURCE_COMPLETE,Metadata/Sources/Raw/data/maps/campaign_03_08/text/eng/briefings/0031.hlt,Metadata/Sources/index.html,1,ENTRY_ID is the zero-based archive table ordinal
E:\cultures\vanilla-data\DataX\Libs\data0001.lib,704,data\maps\campaign_03_08\text\eng\briefings\0400.hlt,223253537,152,HLT,Native documents,doc:704,SOURCE_COMPLETE,Metadata/Sources/Raw/data/maps/campaign_03_08/text/eng/briefings/0400.hlt,Metadata/Sources/index.html,1,ENTRY_ID is the zero-based archive table ordinal
E:\cultures\vanilla-data\DataX\Libs\data0001.lib,705,data\edit\macromaps\swamp000.cif,2730324,1294,CIF,Native definitions,cif:705,SOURCE_COMPLETE,Metadata/Sources/CIF/data/edit/macromaps/swamp000.cif.txt,Metadata/Sources/index.html,1,ENTRY_ID is the zero-based archive table ordinal
E:\cultures\vanilla-data\DataX\Libs\data0001.lib,706,data\engine2d\bin\sounds\generic\human_laugh c 03.wav,151653116,57206,WAV,Audio,aud:706,SOURCE_COMPLETE,Audio/generic/human_laugh c 03.wav,Audio/index.html,1,ENTRY_ID is the zero-based archive table ordinal
E:\cultures\vanilla-data\DataX\Libs\data0001.lib,707,data\maps\campaign_03_01\text\eng\briefings\0039.hlt,203227879,149,HLT,Native documents,doc:707,SOURCE_COMPLETE,Metadata/Sources/Raw/data/maps/campaign_03_01/text/eng/briefings/0039.hlt,Metadata/Sources/index.html,1,ENTRY_ID is the zero-based archive table ordinal
E:\cultures\vanilla-data\DataX\Libs\data0001.lib,708,data\maps\campaign_03_02\text\eng\briefings\0029.hlt,206376131,124,HLT,Native documents,doc:708,SOURCE_COMPLETE,Metadata/Sources/Raw/data/maps/campaign_03_02/text/eng/briefings/0029.hlt,Metadata/Sources/index.html,1,ENTRY_ID is the zero-based archive table ordinal
E:\cultures\vanilla-data\DataX\Libs\data0001.lib,709,data\maps\campaign_03_03\text\eng\briefings\0055.hlt,209247867,122,HLT,Native documents,doc:709,SOURCE_COMPLETE,Metadata/Sources/Raw/data/maps/campaign_03_03/text/eng/briefings/0055.hlt,Metadata/Sources/index.html,1,ENTRY_ID is the zero-based archive table ordinal
E:\cultures\vanilla-data\DataX\Libs\data0001.lib,710,data\maps\campaign_03_03\text\eng\briefings\0271.hlt,209250010,123,HLT,Native documents,doc:710,SOURCE_COMPLETE,Metadata/Sources/Raw/data/maps/campaign_03_03/text/eng/briefings/0271.hlt,Metadata/Sources/index.html,1,ENTRY_ID is the zero-based archive table ordinal
E:\cultures\vanilla-data\DataX\Libs\data0001.lib,711,data\maps\campaign_03_03\text\eng\briefings\0280.hlt,209250625,123,HLT,Native documents,doc:711,SOURCE_COMPLETE,Metadata/Sources/Raw/data/maps/campaign_03_03/text/eng/briefings/0280.hlt,Metadata/Sources/index.html,1,ENTRY_ID is the zero-based archive table ordinal
E:\cultures\vanilla-data\DataX\Libs\data0001.lib,712,data\maps\campaign_03_03\text\eng\briefings\0370.hlt,209252314,153,HLT,Native documents,doc:712,SOURCE_COMPLETE,Metadata/Sources/Raw/data/maps/campaign_03_03/text/eng/briefings/0370.hlt,Metadata/Sources/index.html,1,ENTRY_ID is the zero-based archive table ordinal
E:\cultures\vanilla-data\DataX\Libs\data0001.lib,713,data\maps\campaign_03_03\text\eng\briefings\0424.hlt,209253756,123,HLT,Native documents,doc:713,SOURCE_COMPLETE,Metadata/Sources/Raw/data/maps/campaign_03_03/text/eng/briefings/0424.hlt,Metadata/Sources/index.html,1,ENTRY_ID is the zero-based archive table ordinal
E:\cultures\vanilla-data\DataX\Libs\data0001.lib,714,data\maps\campaign_03_03\text\eng\briefings\0460.hlt,209254371,123,HLT,Native documents,doc:714,SOURCE_COMPLETE,Metadata/Sources/Raw/data/maps/campaign_03_03/text/eng/briefings/0460.hlt,Metadata/Sources/index.html,1,ENTRY_ID is the zero-based archive table ordinal
E:\cultures\vanilla-data\DataX\Libs\data0001.lib,715,data\maps\campaign_03_04\text\eng\briefings\0009.hlt,212767465,452,HLT,Native documents,doc:715,SOURCE_COMPLETE,Metadata/Sources/Raw/data/maps/campaign_03_04/text/eng/briefings/0009.hlt,Metadata/Sources/index.html,1,ENTRY_ID is the zero-based archive table ordinal
E:\cultures\vanilla-data\DataX\Libs\data0001.lib,716,data\maps\campaign_03_04\text\eng\briefings\0018.hlt,212768877,122,HLT,Native documents,doc:716,SOURCE_COMPLETE,Metadata/Sources/Raw/data/maps/campaign_03_04/text/eng/briefings/0018.hlt,Metadata/Sources/index.html,1,ENTRY_ID is the zero-based archive table ordinal
E:\cultures\vanilla-data\DataX\Libs\data0001.lib,717,data\maps\campaign_03_04\text\eng\briefings\0027.hlt,212770138,124,HLT,Native documents,doc:717,SOURCE_COMPLETE,Metadata/Sources/Raw/data/maps/campaign_03_04/text/eng/briefings/0027.hlt,Metadata/Sources/index.html,1,ENTRY_ID is the zero-based archive table ordinal
E:\cultures\vanilla-data\DataX\Libs\data0001.lib,718,data\maps\campaign_03_04\text\eng\briefings\0081.hlt,212771250,120,HLT,Native documents,doc:718,SOURCE_COMPLETE,Metadata/Sources/Raw/data/maps/campaign_03_04/text/eng/briefings/0081.hlt,Metadata/Sources/index.html,1,ENTRY_ID is the zero-based archive table ordinal
E:\cultures\vanilla-data\DataX\Libs\data0001.lib,719,data\maps\campaign_03_04\text\eng\briefings\0090.hlt,212771730,120,HLT,Native documents,doc:719,SOURCE_COMPLETE,Metadata/Sources/Raw/data/maps/campaign_03_04/text/eng/briefings/0090.hlt,Metadata/Sources/index.html,1,ENTRY_ID is the zero-based archive table ordinal
E:\cultures\vanilla-data\DataX\Libs\data0001.lib,720,data\maps\campaign_03_05\text\eng\briefings\0008.hlt,213968224,122,HLT,Native documents,doc:720,SOURCE_COMPLETE,Metadata/Sources/Raw/data/maps/campaign_03_05/text/eng/briefings/0008.hlt,Metadata/Sources/index.html,1,ENTRY_ID is the zero-based archive table ordinal
E:\cultures\vanilla-data\DataX\Libs\data0001.lib,721,data\maps\campaign_03_05\text\eng\briefings\0017.hlt,213969532,154,HLT,Native documents,doc:721,SOURCE_COMPLETE,Metadata/Sources/Raw/data/maps/campaign_03_05/text/eng/briefings/0017.hlt,Metadata/Sources/index.html,1,ENTRY_ID is the zero-based archive table ordinal
E:\cultures\vanilla-data\DataX\Libs\data0001.lib,722,data\maps\campaign_03_05\text\eng\briefings\0026.hlt,213970850,155,HLT,Native documents,doc:722,SOURCE_COMPLETE,Metadata/Sources/Raw/data/maps/campaign_03_05/text/eng/briefings/0026.hlt,Metadata/Sources/index.html,1,ENTRY_ID is the zero-based archive table ordinal
E:\cultures\vanilla-data\DataX\Libs\data0001.lib,723,data\maps\campaign_03_06\text\eng\briefings\0007.hlt,217493079,149,HLT,Native documents,doc:723,SOURCE_COMPLETE,Metadata/Sources/Raw/data/maps/campaign_03_06/text/eng/briefings/0007.hlt,Metadata/Sources/index.html,1,ENTRY_ID is the zero-based archive table ordinal
E:\cultures\vanilla-data\DataX\Libs\data0001.lib,724,data\maps\campaign_03_06\text\eng\briefings\0016.hlt,217494486,154,HLT,Native documents,doc:724,SOURCE_COMPLETE,Metadata/Sources/Raw/data/maps/campaign_03_06/text/eng/briefings/0016.hlt,Metadata/Sources/index.html,1,ENTRY_ID is the zero-based archive table ordinal
E:\cultures\vanilla-data\DataX\Libs\data0001.lib,725,data\maps\campaign_03_06\text\eng\briefings\0025.hlt,217495811,122,HLT,Native documents,doc:725,SOURCE_COMPLETE,Metadata/Sources/Raw/data/maps/campaign_03_06/text/eng/briefings/0025.hlt,Metadata/Sources/index.html,1,ENTRY_ID is the zero-based archive table ordinal
E:\cultures\vanilla-data\DataX\Libs\data0001.lib,726,data\maps\campaign_03_06\text\eng\briefings\0034.hlt,217496979,122,HLT,Native documents,doc:726,SOURCE_COMPLETE,Metadata/Sources/Raw/data/maps/campaign_03_06/text/eng/briefings/0034.hlt,Metadata/Sources/index.html,1,ENTRY_ID is the zero-based archive table ordinal
E:\cultures\vanilla-data\DataX\Libs\data0001.lib,727,data\maps\campaign_03_07\text\eng\briefings\0006.hlt,221202050,152,HLT,Native documents,doc:727,SOURCE_COMPLETE,Metadata/Sources/Raw/data/maps/campaign_03_07/text/eng/briefings/0006.hlt,Metadata/Sources/index.html,1,ENTRY_ID is the zero-based archive table ordinal
E:\cultures\vanilla-data\DataX\Libs\data0001.lib,728,data\maps\campaign_03_07\text\eng\briefings\0015.hlt,221203428,155,HLT,Native documents,doc:728,SOURCE_COMPLETE,Metadata/Sources/Raw/data/maps/campaign_03_07/text/eng/briefings/0015.hlt,Metadata/Sources/index.html,1,ENTRY_ID is the zero-based archive table ordinal
E:\cultures\vanilla-data\DataX\Libs\data0001.lib,729,data\maps\campaign_03_07\text\eng\briefings\0024.hlt,221204819,154,HLT,Native documents,doc:729,SOURCE_COMPLETE,Metadata/Sources/Raw/data/maps/campaign_03_07/text/eng/briefings/0024.hlt,Metadata/Sources/index.html,1,ENTRY_ID is the zero-based archive table ordinal
E:\cultures\vanilla-data\DataX\Libs\data0001.lib,730,data\maps\campaign_03_07\text\eng\briefings\0600.hlt,221207038,152,HLT,Native documents,doc:730,SOURCE_COMPLETE,Metadata/Sources/Raw/data/maps/campaign_03_07/text/eng/briefings/0600.hlt,Metadata/Sources/index.html,1,ENTRY_ID is the zero-based archive table ordinal
E:\cultures\vanilla-data\DataX\Libs\data0001.lib,731,data\maps\campaign_03_08\text\eng\briefings\0005.hlt,223248060,153,HLT,Native documents,doc:731,SOURCE_COMPLETE,Metadata/Sources/Raw/data/maps/campaign_03_08/text/eng/briefings/0005.hlt,Metadata/Sources/index.html,1,ENTRY_ID is the zero-based archive table ordinal
E:\cultures\vanilla-data\DataX\Libs\data0001.lib,732,data\maps\campaign_03_08\text\eng\briefings\0014.hlt,223249426,155,HLT,Native documents,doc:732,SOURCE_COMPLETE,Metadata/Sources/Raw/data/maps/campaign_03_08/text/eng/briefings/0014.hlt,Metadata/Sources/index.html,1,ENTRY_ID is the zero-based archive table ordinal
E:\cultures\vanilla-data\DataX\Libs\data0001.lib,733,data\maps\campaign_03_08\text\eng\briefings\0023.hlt,223250820,155,HLT,Native documents,doc:733,SOURCE_COMPLETE,Metadata/Sources/Raw/data/maps/campaign_03_08/text/eng/briefings/0023.hlt,Metadata/Sources/index.html,1,ENTRY_ID is the zero-based archive table ordinal
E:\cultures\vanilla-data\DataX\Libs\data0001.lib,734,data\maps\campaign_03_08\text\eng\briefings\0032.hlt,223252115,155,HLT,Native documents,doc:734,SOURCE_COMPLETE,Metadata/Sources/Raw/data/maps/campaign_03_08/text/eng/briefings/0032.hlt,Metadata/Sources/index.html,1,ENTRY_ID is the zero-based archive table ordinal
E:\cultures\vanilla-data\DataX\Libs\data0001.lib,735,data\maps\campaign_03_08\text\eng\briefings\0050.hlt,223252701,380,HLT,Native documents,doc:735,SOURCE_COMPLETE,Metadata/Sources/Raw/data/maps/campaign_03_08/text/eng/briefings/0050.hlt,Metadata/Sources/index.html,1,ENTRY_ID is the zero-based archive table ordinal
E:\cultures\vanilla-data\DataX\Libs\data0001.lib,736,data\maps\campaign_03_08\text\eng\briefings\0500.hlt,223253689,152,HLT,Native documents,doc:736,SOURCE_COMPLETE,Metadata/Sources/Raw/data/maps/campaign_03_08/text/eng/briefings/0500.hlt,Metadata/Sources/index.html,1,ENTRY_ID is the zero-based archive table ordinal
E:\cultures\vanilla-data\DataX\Libs\data0001.lib,737,data\maps\multiplayer_202_special_millitär\map.dat,230730139,1178575,DAT,Native documents,doc:737,SOURCE_COMPLETE,Metadata/Sources/Raw/data/maps/multiplayer_202_special_millitär/map.dat,Metadata/Sources/index.html,1,ENTRY_ID is the zero-based archive table ordinal
E:\cultures\vanilla-data\DataX\Libs\data0001.lib,738,data\edit\macromaps\swamp001.cif,2731618,3426,CIF,Native definitions,cif:738,SOURCE_COMPLETE,Metadata/Sources/CIF/data/edit/macromaps/swamp001.cif.txt,Metadata/Sources/index.html,1,ENTRY_ID is the zero-based archive table ordinal
E:\cultures\vanilla-data\DataX\Libs\data0001.lib,739,data\engine2d\bin\bobs\ls_houses_byzantine_s.bmd,95438218,19914,BMD,Source libraries,lib:ls_houses_byzantine_s,SOURCE_COMPLETE,Shared/SourceLibraries/ls_houses_byzantine_s/library.json,Shared/SourceLibraries/index.html,9,ENTRY_ID is the zero-based archive table ordinal
E:\cultures\vanilla-data\DataX\Libs\data0001.lib,740,data\engine2d\bin\sounds\generic\human_laugh c 04.wav,151710322,26592,WAV,Audio,aud:740,SOURCE_COMPLETE,Audio/generic/human_laugh c 04.wav,Audio/index.html,1,ENTRY_ID is the zero-based archive table ordinal
E:\cultures\vanilla-data\DataX\Libs\data0001.lib,741,data\engine2d\bin\sounds\generic\human_laugh f 01.wav,151818728,71494,WAV,Audio,aud:741,SOURCE_COMPLETE,Audio/generic/human_laugh f 01.wav,Audio/index.html,1,ENTRY_ID is the zero-based archive table ordinal
E:\cultures\vanilla-data\DataX\Libs\data0001.lib,742,data\engine2d\bin\sounds\static\magicalchest.wav,182164476,36796,WAV,Audio,aud:742,SOURCE_COMPLETE,Audio/static/magicalchest.wav,Audio/index.html,1,ENTRY_ID is the zero-based archive table ordinal
E:\cultures\vanilla-data\DataX\Libs\data0001.lib,743,data\logic\jobtypes.cif,202540896,14903,CIF,Native definitions,cif:743,SOURCE_COMPLETE,Metadata/Sources/CIF/data/logic/jobtypes.cif.txt,Metadata/Sources/index.html,1,ENTRY_ID is the zero-based archive table ordinal
E:\cultures\vanilla-data\DataX\Libs\data0001.lib,744,data\maps\campaign_03_03\text\eng\briefings\0065.hlt,209248233,122,HLT,Native documents,doc:744,SOURCE_COMPLETE,Metadata/Sources/Raw/data/maps/campaign_03_03/text/eng/briefings/0065.hlt,Metadata/Sources/index.html,1,ENTRY_ID is the zero-based archive table ordinal
E:\cultures\vanilla-data\DataX\Libs\data0001.lib,745,data\maps\campaign_03_03\text\eng\briefings\0272.hlt,209250133,123,HLT,Native documents,doc:745,SOURCE_COMPLETE,Metadata/Sources/Raw/data/maps/campaign_03_03/text/eng/briefings/0272.hlt,Metadata/Sources/index.html,1,ENTRY_ID is the zero-based archive table ordinal
E:\cultures\vanilla-data\DataX\Libs\data0001.lib,746,data\maps\campaign_03_03\text\eng\briefings\0290.hlt,209250871,123,HLT,Native documents,doc:746,SOURCE_COMPLETE,Metadata/Sources/Raw/data/maps/campaign_03_03/text/eng/briefings/0290.hlt,Metadata/Sources/index.html,1,ENTRY_ID is the zero-based archive table ordinal
E:\cultures\vanilla-data\DataX\Libs\data0001.lib,747,data\maps\campaign_03_03\text\eng\briefings\0380.hlt,209252467,153,HLT,Native documents,doc:747,SOURCE_COMPLETE,Metadata/Sources/Raw/data/maps/campaign_03_03/text/eng/briefings/0380.hlt,Metadata/Sources/index.html,1,ENTRY_ID is the zero-based archive table ordinal
E:\cultures\vanilla-data\DataX\Libs\data0001.lib,748,data\maps\campaign_03_03\text\eng\briefings\0470.hlt,209254617,123,HLT,Native documents,doc:748,SOURCE_COMPLETE,Metadata/Sources/Raw/data/maps/campaign_03_03/text/eng/briefings/0470.hlt,Metadata/Sources/index.html,1,ENTRY_ID is the zero-based archive table ordinal
E:\cultures\vanilla-data\DataX\Libs\data0001.lib,749,data\maps\campaign_03_04\text\eng\briefings\0019.hlt,212768999,155,HLT,Native documents,doc:749,SOURCE_COMPLETE,Metadata/Sources/Raw/data/maps/campaign_03_04/text/eng/briefings/0019.hlt,Metadata/Sources/index.html,1,ENTRY_ID is the zero-based archive table ordinal
E:\cultures\vanilla-data\DataX\Libs\data0001.lib,750,data\maps\campaign_03_04\text\eng\briefings\0028.hlt,212770262,124,HLT,Native documents,doc:750,SOURCE_COMPLETE,Metadata/Sources/Raw/data/maps/campaign_03_04/text/eng/briefings/0028.hlt,Metadata/Sources/index.html,1,ENTRY_ID is the zero-based archive table ordinal
E:\cultures\vanilla-data\DataX\Libs\data0001.lib,751,data\maps\campaign_03_04\text\eng\briefings\0082.hlt,212771370,120,HLT,Native documents,doc:751,SOURCE_COMPLETE,Metadata/Sources/Raw/data/maps/campaign_03_04/text/eng/briefings/0082.hlt,Metadata/Sources/index.html,1,ENTRY_ID is the zero-based archive table ordinal
E:\cultures\vanilla-data\DataX\Libs\data0001.lib,752,data\maps\campaign_03_04\text\eng\briefings\0235.hlt,212774694,121,HLT,Native documents,doc:752,SOURCE_COMPLETE,Metadata/Sources/Raw/data/maps/campaign_03_04/text/eng/briefings/0235.hlt,Metadata/Sources/index.html,1,ENTRY_ID is the zero-based archive table ordinal
E:\cultures\vanilla-data\DataX\Libs\data0001.lib,753,data\maps\campaign_03_05\text\eng\briefings\0009.hlt,213968346,153,HLT,Native documents,doc:753,SOURCE_COMPLETE,Metadata/Sources/Raw/data/maps/campaign_03_05/text/eng/briefings/0009.hlt,Metadata/Sources/index.html,1,ENTRY_ID is the zero-based archive table ordinal
E:\cultures\vanilla-data\DataX\Libs\data0001.lib,754,data\maps\campaign_03_05\text\eng\briefings\0018.hlt,213969686,155,HLT,Native documents,doc:754,SOURCE_COMPLETE,Metadata/Sources/Raw/data/maps/campaign_03_05/text/eng/briefings/0018.hlt,Metadata/Sources/index.html,1,ENTRY_ID is the zero-based archive table ordinal
E:\cultures\vanilla-data\DataX\Libs\data0001.lib,755,data\maps\campaign_03_05\text\eng\briefings\0027.hlt,213971005,124,HLT,Native documents,doc:755,SOURCE_COMPLETE,Metadata/Sources/Raw/data/maps/campaign_03_05/text/eng/briefings/0027.hlt,Metadata/Sources/index.html,1,ENTRY_ID is the zero-based archive table ordinal
E:\cultures\vanilla-data\DataX\Libs\data0001.lib,756,data\maps\campaign_03_06\text\eng\briefings\0008.hlt,217493228,152,HLT,Native documents,doc:756,SOURCE_COMPLETE,Metadata/Sources/Raw/data/maps/campaign_03_06/text/eng/briefings/0008.hlt,Metadata/Sources/index.html,1,ENTRY_ID is the zero-based archive table ordinal
E:\cultures\vanilla-data\DataX\Libs\data0001.lib,757,data\maps\campaign_03_06\text\eng\briefings\0017.hlt,217494640,155,HLT,Native documents,doc:757,SOURCE_COMPLETE,Metadata/Sources/Raw/data/maps/campaign_03_06/text/eng/briefings/0017.hlt,Metadata/Sources/index.html,1,ENTRY_ID is the zero-based archive table ordinal
E:\cultures\vanilla-data\DataX\Libs\data0001.lib,758,data\maps\campaign_03_06\text\eng\briefings\0026.hlt,217495933,122,HLT,Native documents,doc:758,SOURCE_COMPLETE,Metadata/Sources/Raw/data/maps/campaign_03_06/text/eng/briefings/0026.hlt,Metadata/Sources/index.html,1,ENTRY_ID is the zero-based archive table ordinal
E:\cultures\vanilla-data\DataX\Libs\data0001.lib,759,data\maps\campaign_03_06\text\eng\briefings\0035.hlt,217497101,154,HLT,Native documents,doc:759,SOURCE_COMPLETE,Metadata/Sources/Raw/data/maps/campaign_03_06/text/eng/briefings/0035.hlt,Metadata/Sources/index.html,1,ENTRY_ID is the zero-based archive table ordinal
E:\cultures\vanilla-data\DataX\Libs\data0001.lib,760,data\maps\campaign_03_07\text\eng\briefings\0007.hlt,221202202,153,HLT,Native documents,doc:760,SOURCE_COMPLETE,Metadata/Sources/Raw/data/maps/campaign_03_07/text/eng/briefings/0007.hlt,Metadata/Sources/index.html,1,ENTRY_ID is the zero-based archive table ordinal
E:\cultures\vanilla-data\DataX\Libs\data0001.lib,761,data\maps\campaign_03_07\text\eng\briefings\0016.hlt,221203583,154,HLT,Native documents,doc:761,SOURCE_COMPLETE,Metadata/Sources/Raw/data/maps/campaign_03_07/text/eng/briefings/0016.hlt,Metadata/Sources/index.html,1,ENTRY_ID is the zero-based archive table ordinal
E:\cultures\vanilla-data\DataX\Libs\data0001.lib,762,data\maps\campaign_03_07\text\eng\briefings\0025.hlt,221204973,154,HLT,Native documents,doc:762,SOURCE_COMPLETE,Metadata/Sources/Raw/data/maps/campaign_03_07/text/eng/briefings/0025.hlt,Metadata/Sources/index.html,1,ENTRY_ID is the zero-based archive table ordinal
E:\cultures\vanilla-data\DataX\Libs\data0001.lib,763,data\maps\campaign_03_08\text\eng\briefings\0006.hlt,223248213,149,HLT,Native documents,doc:763,SOURCE_COMPLETE,Metadata/Sources/Raw/data/maps/campaign_03_08/text/eng/briefings/0006.hlt,Metadata/Sources/index.html,1,ENTRY_ID is the zero-based archive table ordinal
E:\cultures\vanilla-data\DataX\Libs\data0001.lib,764,data\maps\campaign_03_08\text\eng\briefings\0015.hlt,223249581,155,HLT,Native documents,doc:764,SOURCE_COMPLETE,Metadata/Sources/Raw/data/maps/campaign_03_08/text/eng/briefings/0015.hlt,Metadata/Sources/index.html,1,ENTRY_ID is the zero-based archive table ordinal
E:\cultures\vanilla-data\DataX\Libs\data0001.lib,765,data\maps\campaign_03_08\text\eng\briefings\0024.hlt,223250975,122,HLT,Native documents,doc:765,SOURCE_COMPLETE,Metadata/Sources/Raw/data/maps/campaign_03_08/text/eng/briefings/0024.hlt,Metadata/Sources/index.html,1,ENTRY_ID is the zero-based archive table ordinal
E:\cultures\vanilla-data\DataX\Libs\data0001.lib,766,data\maps\campaign_03_08\text\eng\briefings\0033.hlt,223252270,155,HLT,Native documents,doc:766,SOURCE_COMPLETE,Metadata/Sources/Raw/data/maps/campaign_03_08/text/eng/briefings/0033.hlt,Metadata/Sources/index.html,1,ENTRY_ID is the zero-based archive table ordinal
E:\cultures\vanilla-data\DataX\Libs\data0001.lib,767,data\maps\campaign_03_08\text\eng\briefings\0600.hlt,223253841,152,HLT,Native documents,doc:767,SOURCE_COMPLETE,Metadata/Sources/Raw/data/maps/campaign_03_08/text/eng/briefings/0600.hlt,Metadata/Sources/index.html,1,ENTRY_ID is the zero-based archive table ordinal
E:\cultures\vanilla-data\DataX\Libs\data0001.lib,768,data\engine2d\bin\sounds\generic\human_laugh c 05.wav,151736914,28632,WAV,Audio,aud:768,SOURCE_COMPLETE,Audio/generic/human_laugh c 05.wav,Audio/index.html,1,ENTRY_ID is the zero-based archive table ordinal
E:\cultures\vanilla-data\DataX\Libs\data0001.lib,769,data\engine2d\bin\sounds\generic\human_laugh f 02.wav,151890222,59248,WAV,Audio,aud:769,SOURCE_COMPLETE,Audio/generic/human_laugh f 02.wav,Audio/index.html,1,ENTRY_ID is the zero-based archive table ordinal
E:\cultures\vanilla-data\DataX\Libs\data0001.lib,770,data\maps\campaign_03_03\text\eng\briefings\0075.hlt,209248477,122,HLT,Native documents,doc:770,SOURCE_COMPLETE,Metadata/Sources/Raw/data/maps/campaign_03_03/text/eng/briefings/0075.hlt,Metadata/Sources/index.html,1,ENTRY_ID is the zero-based archive table ordinal
E:\cultures\vanilla-data\DataX\Libs\data0001.lib,771,data\maps\campaign_03_03\text\eng\briefings\0273.hlt,209250256,123,HLT,Native documents,doc:771,SOURCE_COMPLETE,Metadata/Sources/Raw/data/maps/campaign_03_03/text/eng/briefings/0273.hlt,Metadata/Sources/index.html,1,ENTRY_ID is the zero-based archive table ordinal
E:\cultures\vanilla-data\DataX\Libs\data0001.lib,772,data\maps\campaign_03_03\text\eng\briefings\0390.hlt,209252620,123,HLT,Native documents,doc:772,SOURCE_COMPLETE,Metadata/Sources/Raw/data/maps/campaign_03_03/text/eng/briefings/0390.hlt,Metadata/Sources/index.html,1,ENTRY_ID is the zero-based archive table ordinal
E:\cultures\vanilla-data\DataX\Libs\data0001.lib,773,data\maps\campaign_03_03\text\eng\briefings\0480.hlt,209254740,123,HLT,Native documents,doc:773,SOURCE_COMPLETE,Metadata/Sources/Raw/data/maps/campaign_03_03/text/eng/briefings/0480.hlt,Metadata/Sources/index.html,1,ENTRY_ID is the zero-based archive table ordinal
E:\cultures\vanilla-data\DataX\Libs\data0001.lib,774,data\maps\campaign_03_04\text\eng\briefings\0029.hlt,212770386,124,HLT,Native documents,doc:774,SOURCE_COMPLETE,Metadata/Sources/Raw/data/maps/campaign_03_04/text/eng/briefings/0029.hlt,Metadata/Sources/index.html,1,ENTRY_ID is the zero-based archive table ordinal
E:\cultures\vanilla-data\DataX\Libs\data0001.lib,775,data\maps\campaign_03_04\text\eng\briefings\0083.hlt,212771490,120,HLT,Native documents,doc:775,SOURCE_COMPLETE,Metadata/Sources/Raw/data/maps/campaign_03_04/text/eng/briefings/0083.hlt,Metadata/Sources/index.html,1,ENTRY_ID is the zero-based archive table ordinal
E:\cultures\vanilla-data\DataX\Libs\data0001.lib,776,data\maps\campaign_03_04\text\eng\briefings\0155.hlt,212773090,121,HLT,Native documents,doc:776,SOURCE_COMPLETE,Metadata/Sources/Raw/data/maps/campaign_03_04/text/eng/briefings/0155.hlt,Metadata/Sources/index.html,1,ENTRY_ID is the zero-based archive table ordinal
E:\cultures\vanilla-data\DataX\Libs\data0001.lib,777,data\maps\campaign_03_05\text\eng\briefings\0019.hlt,213969841,155,HLT,Native documents,doc:777,SOURCE_COMPLETE,Metadata/Sources/Raw/data/maps/campaign_03_05/text/eng/briefings/0019.hlt,Metadata/Sources/index.html,1,ENTRY_ID is the zero-based archive table ordinal
E:\cultures\vanilla-data\DataX\Libs\data0001.lib,778,data\maps\campaign_03_05\text\eng\briefings\0028.hlt,213971129,124,HLT,Native documents,doc:778,SOURCE_COMPLETE,Metadata/Sources/Raw/data/maps/campaign_03_05/text/eng/briefings/0028.hlt,Metadata/Sources/index.html,1,ENTRY_ID is the zero-based archive table ordinal
E:\cultures\vanilla-data\DataX\Libs\data0001.lib,779,data\maps\campaign_03_06\text\eng\briefings\0009.hlt,217493380,152,HLT,Native documents,doc:779,SOURCE_COMPLETE,Metadata/Sources/Raw/data/maps/campaign_03_06/text/eng/briefings/0009.hlt,Metadata/Sources/index.html,1,ENTRY_ID is the zero-based archive table ordinal
E:\cultures\vanilla-data\DataX\Libs\data0001.lib,780,data\maps\campaign_03_06\text\eng\briefings\0018.hlt,217494795,155,HLT,Native documents,doc:780,SOURCE_COMPLETE,Metadata/Sources/Raw/data/maps/campaign_03_06/text/eng/briefings/0018.hlt,Metadata/Sources/index.html,1,ENTRY_ID is the zero-based archive table ordinal
E:\cultures\vanilla-data\DataX\Libs\data0001.lib,781,data\maps\campaign_03_06\text\eng\briefings\0027.hlt,217496055,122,HLT,Native documents,doc:781,SOURCE_COMPLETE,Metadata/Sources/Raw/data/maps/campaign_03_06/text/eng/briefings/0027.hlt,Metadata/Sources/index.html,1,ENTRY_ID is the zero-based archive table ordinal
E:\cultures\vanilla-data\DataX\Libs\data0001.lib,782,data\maps\campaign_03_07\text\eng\briefings\0008.hlt,221202355,153,HLT,Native documents,doc:782,SOURCE_COMPLETE,Metadata/Sources/Raw/data/maps/campaign_03_07/text/eng/briefings/0008.hlt,Metadata/Sources/index.html,1,ENTRY_ID is the zero-based archive table ordinal
E:\cultures\vanilla-data\DataX\Libs\data0001.lib,783,data\maps\campaign_03_07\text\eng\briefings\0017.hlt,221203737,155,HLT,Native documents,doc:783,SOURCE_COMPLETE,Metadata/Sources/Raw/data/maps/campaign_03_07/text/eng/briefings/0017.hlt,Metadata/Sources/index.html,1,ENTRY_ID is the zero-based archive table ordinal
E:\cultures\vanilla-data\DataX\Libs\data0001.lib,784,data\maps\campaign_03_07\text\eng\briefings\0026.hlt,221205127,155,HLT,Native documents,doc:784,SOURCE_COMPLETE,Metadata/Sources/Raw/data/maps/campaign_03_07/text/eng/briefings/0026.hlt,Metadata/Sources/index.html,1,ENTRY_ID is the zero-based archive table ordinal
E:\cultures\vanilla-data\DataX\Libs\data0001.lib,785,data\maps\campaign_03_08\text\eng\briefings\0007.hlt,223248362,149,HLT,Native documents,doc:785,SOURCE_COMPLETE,Metadata/Sources/Raw/data/maps/campaign_03_08/text/eng/briefings/0007.hlt,Metadata/Sources/index.html,1,ENTRY_ID is the zero-based archive table ordinal
E:\cultures\vanilla-data\DataX\Libs\data0001.lib,786,data\maps\campaign_03_08\text\eng\briefings\0016.hlt,223249736,155,HLT,Native documents,doc:786,SOURCE_COMPLETE,Metadata/Sources/Raw/data/maps/campaign_03_08/text/eng/briefings/0016.hlt,Metadata/Sources/index.html,1,ENTRY_ID is the zero-based archive table ordinal
E:\cultures\vanilla-data\DataX\Libs\data0001.lib,787,data\maps\campaign_03_08\text\eng\briefings\0025.hlt,223251097,122,HLT,Native documents,doc:787,SOURCE_COMPLETE,Metadata/Sources/Raw/data/maps/campaign_03_08/text/eng/briefings/0025.hlt,Metadata/Sources/index.html,1,ENTRY_ID is the zero-based archive table ordinal
E:\cultures\vanilla-data\DataX\Libs\data0001.lib,788,data\maps\campaign_03_08\text\eng\briefings\0034.hlt,223252425,122,HLT,Native documents,doc:788,SOURCE_COMPLETE,Metadata/Sources/Raw/data/maps/campaign_03_08/text/eng/briefings/0034.hlt,Metadata/Sources/index.html,1,ENTRY_ID is the zero-based archive table ordinal
E:\cultures\vanilla-data\DataX\Libs\data0001.lib,789,data\maps\demo_mainmenu_10\text\eng\briefings\palettes\pal_white.bmp,225056767,65078,BMP,Images,img:789,SOURCE_COMPLETE,UI/Maps/demo_mainmenu_10/text_eng_briefings_palettes/pal_white.png,UI/Images/index.html,1,ENTRY_ID is the zero-based archive table ordinal
E:\cultures\vanilla-data\DataX\Libs\data0001.lib,790,data\engine2d\bin\palettes\creatures\cattle01.pcx,132718083,901,PCX,Palettes,img:790,PIXEL_CONFIRMED,Metadata/Palettes/creatures/cattle01.png,Metadata/Palettes/index.html,1,ENTRY_ID is the zero-based archive table ordinal
E:\cultures\vanilla-data\DataX\Libs\data0001.lib,791,data\engine2d\bin\sounds\generic\human_burp01.wav,150420698,18428,WAV,Audio,aud:791,SOURCE_COMPLETE,Audio/generic/human_burp01.wav,Audio/index.html,1,ENTRY_ID is the zero-based archive table ordinal
E:\cultures\vanilla-data\DataX\Libs\data0001.lib,792,data\engine2d\bin\sounds\generic\human_cough c 01.wav,150670052,67410,WAV,Audio,aud:792,SOURCE_COMPLETE,Audio/generic/human_cough c 01.wav,Audio/index.html,1,ENTRY_ID is the zero-based archive table ordinal
E:\cultures\vanilla-data\DataX\Libs\data0001.lib,793,data\engine2d\bin\sounds\generic\human_laugh c 06.wav,151765546,16386,WAV,Audio,aud:793,SOURCE_COMPLETE,Audio/generic/human_laugh c 06.wav,Audio/index.html,1,ENTRY_ID is the zero-based archive table ordinal
E:\cultures\vanilla-data\DataX\Libs\data0001.lib,794,data\engine2d\bin\sounds\generic\human_laugh f 03.wav,151949470,42920,WAV,Audio,aud:794,SOURCE_COMPLETE,Audio/generic/human_laugh f 03.wav,Audio/index.html,1,ENTRY_ID is the zero-based archive table ordinal
E:\cultures\vanilla-data\DataX\Libs\data0001.lib,795,data\engine2d\bin\sounds\static\arrow_hit_wood.wav,177990148,42920,WAV,Audio,aud:795,SOURCE_COMPLETE,Audio/static/arrow_hit_wood.wav,Audio/index.html,1,ENTRY_ID is the zero-based archive table ordinal
E:\cultures\vanilla-data\DataX\Libs\data0001.lib,796,data\maps\campaign_03_03\text\eng\briefings\0274.hlt,209250379,123,HLT,Native documents,doc:796,SOURCE_COMPLETE,Metadata/Sources/Raw/data/maps/campaign_03_03/text/eng/briefings/0274.hlt,Metadata/Sources/index.html,1,ENTRY_ID is the zero-based archive table ordinal
E:\cultures\vanilla-data\DataX\Libs\data0001.lib,797,data\maps\campaign_03_03\text\eng\briefings\0391.hlt,209252743,123,HLT,Native documents,doc:797,SOURCE_COMPLETE,Metadata/Sources/Raw/data/maps/campaign_03_03/text/eng/briefings/0391.hlt,Metadata/Sources/index.html,1,ENTRY_ID is the zero-based archive table ordinal
E:\cultures\vanilla-data\DataX\Libs\data0001.lib,798,data\maps\campaign_03_04\text\eng\briefings\0165.hlt,212773453,121,HLT,Native documents,doc:798,SOURCE_COMPLETE,Metadata/Sources/Raw/data/maps/campaign_03_04/text/eng/briefings/0165.hlt,Metadata/Sources/index.html,1,ENTRY_ID is the zero-based archive table ordinal
E:\cultures\vanilla-data\DataX\Libs\data0001.lib,799,data\maps\campaign_03_05\text\eng\briefings\0029.hlt,213971253,124,HLT,Native documents,doc:799,SOURCE_COMPLETE,Metadata/Sources/Raw/data/maps/campaign_03_05/text/eng/briefings/0029.hlt,Metadata/Sources/index.html,1,ENTRY_ID is the zero-based archive table ordinal
E:\cultures\vanilla-data\DataX\Libs\data0001.lib,800,data\maps\campaign_03_06\text\eng\briefings\0019.hlt,217494950,155,HLT,Native documents,doc:800,SOURCE_COMPLETE,Metadata/Sources/Raw/data/maps/campaign_03_06/text/eng/briefings/0019.hlt,Metadata/Sources/index.html,1,ENTRY_ID is the zero-based archive table ordinal
E:\cultures\vanilla-data\DataX\Libs\data0001.lib,801,data\maps\campaign_03_06\text\eng\briefings\0028.hlt,217496177,122,HLT,Native documents,doc:801,SOURCE_COMPLETE,Metadata/Sources/Raw/data/maps/campaign_03_06/text/eng/briefings/0028.hlt,Metadata/Sources/index.html,1,ENTRY_ID is the zero-based archive table ordinal
E:\cultures\vanilla-data\DataX\Libs\data0001.lib,802,data\maps\campaign_03_07\text\eng\briefings\0009.hlt,221202508,153,HLT,Native documents,doc:802,SOURCE_COMPLETE,Metadata/Sources/Raw/data/maps/campaign_03_07/text/eng/briefings/0009.hlt,Metadata/Sources/index.html,1,ENTRY_ID is the zero-based archive table ordinal
E:\cultures\vanilla-data\DataX\Libs\data0001.lib,803,data\maps\campaign_03_07\text\eng\briefings\0018.hlt,221203892,154,HLT,Native documents,doc:803,SOURCE_COMPLETE,Metadata/Sources/Raw/data/maps/campaign_03_07/text/eng/briefings/0018.hlt,Metadata/Sources/index.html,1,ENTRY_ID is the zero-based archive table ordinal
E:\cultures\vanilla-data\DataX\Libs\data0001.lib,804,data\maps\campaign_03_07\text\eng\briefings\0027.hlt,221205282,155,HLT,Native documents,doc:804,SOURCE_COMPLETE,Metadata/Sources/Raw/data/maps/campaign_03_07/text/eng/briefings/0027.hlt,Metadata/Sources/index.html,1,ENTRY_ID is the zero-based archive table ordinal
E:\cultures\vanilla-data\DataX\Libs\data0001.lib,805,data\maps\campaign_03_08\text\eng\briefings\0008.hlt,223248511,149,HLT,Native documents,doc:805,SOURCE_COMPLETE,Metadata/Sources/Raw/data/maps/campaign_03_08/text/eng/briefings/0008.hlt,Metadata/Sources/index.html,1,ENTRY_ID is the zero-based archive table ordinal
E:\cultures\vanilla-data\DataX\Libs\data0001.lib,806,data\maps\campaign_03_08\text\eng\briefings\0017.hlt,223249891,155,HLT,Native documents,doc:806,SOURCE_COMPLETE,Metadata/Sources/Raw/data/maps/campaign_03_08/text/eng/briefings/0017.hlt,Metadata/Sources/index.html,1,ENTRY_ID is the zero-based archive table ordinal
E:\cultures\vanilla-data\DataX\Libs\data0001.lib,807,data\maps\campaign_03_08\text\eng\briefings\0026.hlt,223251219,155,HLT,Native documents,doc:807,SOURCE_COMPLETE,Metadata/Sources/Raw/data/maps/campaign_03_08/text/eng/briefings/0026.hlt,Metadata/Sources/index.html,1,ENTRY_ID is the zero-based archive table ordinal
E:\cultures\vanilla-data\DataX\Libs\data0001.lib,808,data\maps\campaign_03_08\text\eng\briefings\0035.hlt,223252547,154,HLT,Native documents,doc:808,SOURCE_COMPLETE,Metadata/Sources/Raw/data/maps/campaign_03_08/text/eng/briefings/0035.hlt,Metadata/Sources/index.html,1,ENTRY_ID is the zero-based archive table ordinal
E:\cultures\vanilla-data\DataX\Libs\data0001.lib,809,data\maps\multiplayer_203_special_militär\text\eng\briefings\briefings.txt,232203629,1468,TXT,Native documents,doc:809,SOURCE_COMPLETE,Metadata/Sources/Raw/data/maps/multiplayer_203_special_militär/text/eng/briefings/briefings.txt,Metadata/Sources/index.html,1,ENTRY_ID is the zero-based archive table ordinal
E:\cultures\vanilla-data\DataX\Libs\data0001.lib,810,data\engine2d\bin\sounds\generic\human_burp02.wav,150439126,8222,WAV,Audio,aud:810,SOURCE_COMPLETE,Audio/generic/human_burp02.wav,Audio/index.html,1,ENTRY_ID is the zero-based archive table ordinal
E:\cultures\vanilla-data\DataX\Libs\data0001.lib,811,data\engine2d\bin\sounds\generic\human_cough c 02.wav,150737462,55166,WAV,Audio,aud:811,SOURCE_COMPLETE,Audio/generic/human_cough c 02.wav,Audio/index.html,1,ENTRY_ID is the zero-based archive table ordinal
E:\cultures\vanilla-data\DataX\Libs\data0001.lib,812,data\engine2d\bin\sounds\generic\human_laugh c 07.wav,151781932,36796,WAV,Audio,aud:812,SOURCE_COMPLETE,Audio/generic/human_laugh c 07.wav,Audio/index.html,1,ENTRY_ID is the zero-based archive table ordinal
E:\cultures\vanilla-data\DataX\Libs\data0001.lib,813,data\engine2d\bin\sounds\generic\human_laugh f 04.wav,151992390,81698,WAV,Audio,aud:813,SOURCE_COMPLETE,Audio/generic/human_laugh f 04.wav,Audio/index.html,1,ENTRY_ID is the zero-based archive table ordinal
E:\cultures\vanilla-data\DataX\Libs\data0001.lib,814,data\maps\campaign_03_01\text\eng\briefings\graphics\01_00.pcx,202702206,95343,PCX,Images,img:814,PIXEL_CONFIRMED,UI/Maps/campaign_03_01/text_eng_briefings_graphics/01_00.png,UI/Images/index.html,1,ENTRY_ID is the zero-based archive table ordinal
E:\cultures\vanilla-data\DataX\Libs\data0001.lib,815,data\maps\campaign_03_03\text\eng\briefings\0275.hlt,209250502,123,HLT,Native documents,doc:815,SOURCE_COMPLETE,Metadata/Sources/Raw/data/maps/campaign_03_03/text/eng/briefings/0275.hlt,Metadata/Sources/index.html,1,ENTRY_ID is the zero-based archive table ordinal
E:\cultures\vanilla-data\DataX\Libs\data0001.lib,816,data\maps\campaign_03_03\text\eng\briefings\0455.hlt,209254248,123,HLT,Native documents,doc:816,SOURCE_COMPLETE,Metadata/Sources/Raw/data/maps/campaign_03_03/text/eng/briefings/0455.hlt,Metadata/Sources/index.html,1,ENTRY_ID is the zero-based archive table ordinal
E:\cultures\vanilla-data\DataX\Libs\data0001.lib,817,data\maps\campaign_03_04\text\eng\briefings\0157.hlt,212773211,121,HLT,Native documents,doc:817,SOURCE_COMPLETE,Metadata/Sources/Raw/data/maps/campaign_03_04/text/eng/briefings/0157.hlt,Metadata/Sources/index.html,1,ENTRY_ID is the zero-based archive table ordinal
E:\cultures\vanilla-data\DataX\Libs\data0001.lib,818,data\maps\campaign_03_04\text\eng\briefings\0175.hlt,212773816,121,HLT,Native documents,doc:818,SOURCE_COMPLETE,Metadata/Sources/Raw/data/maps/campaign_03_04/text/eng/briefings/0175.hlt,Metadata/Sources/index.html,1,ENTRY_ID is the zero-based archive table ordinal
E:\cultures\vanilla-data\DataX\Libs\data0001.lib,819,data\maps\campaign_03_06\text\eng\briefings\0029.hlt,217496299,122,HLT,Native documents,doc:819,SOURCE_COMPLETE,Metadata/Sources/Raw/data/maps/campaign_03_06/text/eng/briefings/0029.hlt,Metadata/Sources/index.html,1,ENTRY_ID is the zero-based archive table ordinal
E:\cultures\vanilla-data\DataX\Libs\data0001.lib,820,data\maps\campaign_03_07\text\eng\briefings\0019.hlt,221204046,154,HLT,Native documents,doc:820,SOURCE_COMPLETE,Metadata/Sources/Raw/data/maps/campaign_03_07/text/eng/briefings/0019.hlt,Metadata/Sources/index.html,1,ENTRY_ID is the zero-based archive table ordinal
E:\cultures\vanilla-data\DataX\Libs\data0001.lib,821,data\maps\campaign_03_07\text\eng\briefings\0028.hlt,221205437,155,HLT,Native documents,doc:821,SOURCE_COMPLETE,Metadata/Sources/Raw/data/maps/campaign_03_07/text/eng/briefings/0028.hlt,Metadata/Sources/index.html,1,ENTRY_ID is the zero-based archive table ordinal
E:\cultures\vanilla-data\DataX\Libs\data0001.lib,822,data\maps\campaign_03_08\text\eng\briefings\0009.hlt,223248660,153,HLT,Native documents,doc:822,SOURCE_COMPLETE,Metadata/Sources/Raw/data/maps/campaign_03_08/text/eng/briefings/0009.hlt,Metadata/Sources/index.html,1,ENTRY_ID is the zero-based archive table ordinal
E:\cultures\vanilla-data\DataX\Libs\data0001.lib,823,data\maps\campaign_03_08\text\eng\briefings\0018.hlt,223250046,155,HLT,Native documents,doc:823,SOURCE_COMPLETE,Metadata/Sources/Raw/data/maps/campaign_03_08/text/eng/briefings/0018.hlt,Metadata/Sources/index.html,1,ENTRY_ID is the zero-based archive table ordinal
E:\cultures\vanilla-data\DataX\Libs\data0001.lib,824,data\maps\campaign_03_08\text\eng\briefings\0027.hlt,223251374,154,HLT,Native documents,doc:824,SOURCE_COMPLETE,Metadata/Sources/Raw/data/maps/campaign_03_08/text/eng/briefings/0027.hlt,Metadata/Sources/index.html,1,ENTRY_ID is the zero-based archive table ordinal
E:\cultures\vanilla-data\DataX\Libs\data0001.lib,825,data\engine2d\bin\sounds\generic\human_cough c 03.wav,150792628,49042,WAV,Audio,aud:825,SOURCE_COMPLETE,Audio/generic/human_cough c 03.wav,Audio/index.html,1,ENTRY_ID is the zero-based archive table ordinal
E:\cultures\vanilla-data\DataX\Libs\data0001.lib,826,data\engine2d\bin\sounds\generic\human_laugh f 05.wav,152074088,40878,WAV,Audio,aud:826,SOURCE_COMPLETE,Audio/generic/human_laugh f 05.wav,Audio/index.html,1,ENTRY_ID is the zero-based archive table ordinal
E:\cultures\vanilla-data\DataX\Libs\data0001.lib,827,data\maps\campaign_03_01\text\eng\briefings\graphics\01_01.pcx,202797549,47186,PCX,Images,img:827,PIXEL_CONFIRMED,UI/Maps/campaign_03_01/text_eng_briefings_graphics/01_01.png,UI/Images/index.html,1,ENTRY_ID is the zero-based archive table ordinal
E:\cultures\vanilla-data\DataX\Libs\data0001.lib,828,data\maps\campaign_03_01\text\eng\briefings\briefings.txt,203229321,16762,TXT,Native documents,doc:828,SOURCE_COMPLETE,Metadata/Sources/Raw/data/maps/campaign_03_01/text/eng/briefings/briefings.txt,Metadata/Sources/index.html,1,ENTRY_ID is the zero-based archive table ordinal
E:\cultures\vanilla-data\DataX\Libs\data0001.lib,829,data\maps\campaign_03_03\text\eng\briefings\0285.hlt,209250748,123,HLT,Native documents,doc:829,SOURCE_COMPLETE,Metadata/Sources/Raw/data/maps/campaign_03_03/text/eng/briefings/0285.hlt,Metadata/Sources/index.html,1,ENTRY_ID is the zero-based archive table ordinal
E:\cultures\vanilla-data\DataX\Libs\data0001.lib,830,data\maps\campaign_03_03\text\eng\briefings\0465.hlt,209254494,123,HLT,Native documents,doc:830,SOURCE_COMPLETE,Metadata/Sources/Raw/data/maps/campaign_03_03/text/eng/briefings/0465.hlt,Metadata/Sources/index.html,1,ENTRY_ID is the zero-based archive table ordinal
E:\cultures\vanilla-data\DataX\Libs\data0001.lib,831,data\maps\campaign_03_04\text\eng\briefings\0095.hlt,212771850,120,HLT,Native documents,doc:831,SOURCE_COMPLETE,Metadata/Sources/Raw/data/maps/campaign_03_04/text/eng/briefings/0095.hlt,Metadata/Sources/index.html,1,ENTRY_ID is the zero-based archive table ordinal
E:\cultures\vanilla-data\DataX\Libs\data0001.lib,832,data\maps\campaign_03_04\text\eng\briefings\0167.hlt,212773574,121,HLT,Native documents,doc:832,SOURCE_COMPLETE,Metadata/Sources/Raw/data/maps/campaign_03_04/text/eng/briefings/0167.hlt,Metadata/Sources/index.html,1,ENTRY_ID is the zero-based archive table ordinal
E:\cultures\vanilla-data\DataX\Libs\data0001.lib,833,data\maps\campaign_03_07\text\eng\briefings\0029.hlt,221205592,154,HLT,Native documents,doc:833,SOURCE_COMPLETE,Metadata/Sources/Raw/data/maps/campaign_03_07/text/eng/briefings/0029.hlt,Metadata/Sources/index.html,1,ENTRY_ID is the zero-based archive table ordinal
E:\cultures\vanilla-data\DataX\Libs\data0001.lib,834,data\maps\campaign_03_08\text\eng\briefings\0019.hlt,223250201,155,HLT,Native documents,doc:834,SOURCE_COMPLETE,Metadata/Sources/Raw/data/maps/campaign_03_08/text/eng/briefings/0019.hlt,Metadata/Sources/index.html,1,ENTRY_ID is the zero-based archive table ordinal
E:\cultures\vanilla-data\DataX\Libs\data0001.lib,835,data\maps\campaign_03_08\text\eng\briefings\0028.hlt,223251528,154,HLT,Native documents,doc:835,SOURCE_COMPLETE,Metadata/Sources/Raw/data/maps/campaign_03_08/text/eng/briefings/0028.hlt,Metadata/Sources/index.html,1,ENTRY_ID is the zero-based archive table ordinal
E:\cultures\vanilla-data\DataX\Libs\data0001.lib,836,data\maps\multiplayer_202_special_millitär\text\eng\briefings\fonts\fonthead16bld.fnt,230443095,23016,FNT,Fonts,font:836,SOURCE_COMPLETE,,UI/Fonts/index.html,1,ENTRY_ID is the zero-based archive table ordinal
E:\cultures\vanilla-data\DataX\Libs\data0001.lib,837,data\engine2d\bin\bobs\ve_test_ship_s.bmd,132716245,36,BMD,Source libraries,lib:ve_test_ship_s,SOURCE_COMPLETE,Shared/SourceLibraries/ve_test_ship_s/library.json,Shared/SourceLibraries/index.html,1,ENTRY_ID is the zero-based archive table ordinal
E:\cultures\vanilla-data\DataX\Libs\data0001.lib,838,data\engine2d\bin\palettes\creatures\special.pcx,132755925,901,PCX,Palettes,img:838,PIXEL_CONFIRMED,Metadata/Palettes/creatures/special.png,Metadata/Palettes/index.html,1,ENTRY_ID is the zero-based archive table ordinal
E:\cultures\vanilla-data\DataX\Libs\data0001.lib,839,data\engine2d\bin\sounds\generic\human_cough c 04.wav,150841670,38838,WAV,Audio,aud:839,SOURCE_COMPLETE,Audio/generic/human_cough c 04.wav,Audio/index.html,1,ENTRY_ID is the zero-based archive table ordinal
E:\cultures\vanilla-data\DataX\Libs\data0001.lib,840,data\engine2d\bin\sounds\generic\human_cough f 01.wav,150880508,55166,WAV,Audio,aud:840,SOURCE_COMPLETE,Audio/generic/human_cough f 01.wav,Audio/index.html,1,ENTRY_ID is the zero-based archive table ordinal
E:\cultures\vanilla-data\DataX\Libs\data0001.lib,841,data\engine2d\bin\sounds\misc\earthquak.wav,177528726,216348,WAV,Audio,aud:841,UNKNOWN,Audio/misc/earthquak.wav,Audio/index.html,1,ENTRY_ID is the zero-based archive table ordinal
E:\cultures\vanilla-data\DataX\Libs\data0001.lib,842,data\maps\campaign_03_02\text\eng\briefings\graphics\02_00.pcx,205896517,73293,PCX,Images,img:842,PIXEL_CONFIRMED,UI/Maps/campaign_03_02/text_eng_briefings_graphics/02_00.png,UI/Images/index.html,1,ENTRY_ID is the zero-based archive table ordinal
E:\cultures\vanilla-data\DataX\Libs\data0001.lib,843,data\maps\campaign_03_02\text\eng\briefings\briefings.txt,206377704,11224,TXT,Native documents,doc:843,SOURCE_COMPLETE,Metadata/Sources/Raw/data/maps/campaign_03_02/text/eng/briefings/briefings.txt,Metadata/Sources/index.html,1,ENTRY_ID is the zero-based archive table ordinal
E:\cultures\vanilla-data\DataX\Libs\data0001.lib,844,data\maps\campaign_03_03\text\eng\briefings\0295.hlt,209250994,123,HLT,Native documents,doc:844,SOURCE_COMPLETE,Metadata/Sources/Raw/data/maps/campaign_03_03/text/eng/briefings/0295.hlt,Metadata/Sources/index.html,1,ENTRY_ID is the zero-based archive table ordinal
E:\cultures\vanilla-data\DataX\Libs\data0001.lib,845,data\maps\campaign_03_04\text\eng\briefings\0177.hlt,212773937,121,HLT,Native documents,doc:845,SOURCE_COMPLETE,Metadata/Sources/Raw/data/maps/campaign_03_04/text/eng/briefings/0177.hlt,Metadata/Sources/index.html,1,ENTRY_ID is the zero-based archive table ordinal
E:\cultures\vanilla-data\DataX\Libs\data0001.lib,846,data\maps\campaign_03_08\text\eng\briefings\0029.hlt,223251682,154,HLT,Native documents,doc:846,SOURCE_COMPLETE,Metadata/Sources/Raw/data/maps/campaign_03_08/text/eng/briefings/0029.hlt,Metadata/Sources/index.html,1,ENTRY_ID is the zero-based archive table ordinal
E:\cultures\vanilla-data\DataX\Libs\data0001.lib,847,data\maps\multiplayer_202_special_millitär\minimap\minimap.pcx,230361730,48442,PCX,Images,img:847,PIXEL_CONFIRMED,UI/Maps/multiplayer_202_special_millitär/minimap/minimap.png,UI/Images/index.html,1,ENTRY_ID is the zero-based archive table ordinal
E:\cultures\vanilla-data\DataX\Libs\data0001.lib,848,data\maps\multiplayer_204_special_cap-the-flag\text\eng\strings.cif,233765631,1940,CIF,Native definitions,cif:848,SOURCE_COMPLETE,Metadata/Sources/CIF/data/maps/multiplayer_204_special_cap-the-flag/text/eng/strings.cif.txt,Metadata/Sources/index.html,1,ENTRY_ID is the zero-based archive table ordinal
E:\cultures\vanilla-data\DataX\Libs\data0001.lib,849,data\engine2d\bin\palettes\goods\goods_wheat.pcx,132775747,901,PCX,Palettes,img:849,PIXEL_CONFIRMED,Metadata/Palettes/goods/goods_wheat.png,Metadata/Palettes/index.html,1,ENTRY_ID is the zero-based archive table ordinal
E:\cultures\vanilla-data\DataX\Libs\data0001.lib,850,data\engine2d\bin\sounds\generic\human_cough f 02.wav,150935674,30672,WAV,Audio,aud:850,SOURCE_COMPLETE,Audio/generic/human_cough f 02.wav,Audio/index.html,1,ENTRY_ID is the zero-based archive table ordinal
E:\cultures\vanilla-data\DataX\Libs\data0001.lib,851,data\engine2d\bin\sounds\jingles\jingles_technology.wav,177353142,175584,WAV,Audio,aud:851,SOURCE_COMPLETE,Audio/jingles/jingles_technology.wav,Audio/index.html,1,ENTRY_ID is the zero-based archive table ordinal
E:\cultures\vanilla-data\DataX\Libs\data0001.lib,852,data\maps\campaign_03_02\text\eng\briefings\graphics\02_01.pcx,205969810,117317,PCX,Images,img:852,PIXEL_CONFIRMED,UI/Maps/campaign_03_02/text_eng_briefings_graphics/02_01.png,UI/Images/index.html,1,ENTRY_ID is the zero-based archive table ordinal
E:\cultures\vanilla-data\DataX\Libs\data0001.lib,853,data\maps\campaign_03_03\text\eng\briefings\briefings.txt,209255290,31608,TXT,Native documents,doc:853,SOURCE_COMPLETE,Metadata/Sources/Raw/data/maps/campaign_03_03/text/eng/briefings/briefings.txt,Metadata/Sources/index.html,1,ENTRY_ID is the zero-based archive table ordinal
E:\cultures\vanilla-data\DataX\Libs\data0001.lib,854,data\maps\singleplayer_03_01-sub1\map.cif,237926776,996,CIF,Native definitions,cif:854,SOURCE_COMPLETE,Metadata/Sources/CIF/data/maps/singleplayer_03_01-sub1/map.cif.txt,Metadata/Sources/index.html,1,ENTRY_ID is the zero-based archive table ordinal
E:\cultures\vanilla-data\DataX\Libs\data0001.lib,855,data\engine2d\bin\sounds\generic\human_cough f 03.wav,150966346,51084,WAV,Audio,aud:855,SOURCE_COMPLETE,Audio/generic/human_cough f 03.wav,Audio/index.html,1,ENTRY_ID is the zero-based archive table ordinal
E:\cultures\vanilla-data\DataX\Libs\data0001.lib,856,data\engine2d\bin\sounds\generic\human_laugh m 01.wav,152114966,53124,WAV,Audio,aud:856,SOURCE_COMPLETE,Audio/generic/human_laugh m 01.wav,Audio/index.html,1,ENTRY_ID is the zero-based archive table ordinal
E:\cultures\vanilla-data\DataX\Libs\data0001.lib,857,data\engine2d\inis\soundfx\soundfx.cif,195512050,103537,CIF,Native definitions,cif:857,SOURCE_COMPLETE,Metadata/Sources/CIF/data/engine2d/inis/soundfx/soundfx.cif.txt,Metadata/Sources/index.html,1,ENTRY_ID is the zero-based archive table ordinal
E:\cultures\vanilla-data\DataX\Libs\data0001.lib,858,data\maps\campaign_03_03\text\eng\briefings\graphics\03_00.pcx,208634787,121311,PCX,Images,img:858,PIXEL_CONFIRMED,UI/Maps/campaign_03_03/text_eng_briefings_graphics/03_00.png,UI/Images/index.html,1,ENTRY_ID is the zero-based archive table ordinal
E:\cultures\vanilla-data\DataX\Libs\data0001.lib,859,data\maps\campaign_03_04\text\eng\briefings\0089.hlt,212771610,120,HLT,Native documents,doc:859,SOURCE_COMPLETE,Metadata/Sources/Raw/data/maps/campaign_03_04/text/eng/briefings/0089.hlt,Metadata/Sources/index.html,1,ENTRY_ID is the zero-based archive table ordinal
E:\cultures\vanilla-data\DataX\Libs\data0001.lib,860,data\maps\campaign_03_04\text\eng\briefings\briefings.txt,212776030,23621,TXT,Native documents,doc:860,SOURCE_COMPLETE,Metadata/Sources/Raw/data/maps/campaign_03_04/text/eng/briefings/briefings.txt,Metadata/Sources/index.html,1,ENTRY_ID is the zero-based archive table ordinal
E:\cultures\vanilla-data\DataX\Libs\data0001.lib,861,data\edit\macromaps\ice000.cif,247960,3645,CIF,Native definitions,cif:861,SOURCE_COMPLETE,Metadata/Sources/CIF/data/edit/macromaps/ice000.cif.txt,Metadata/Sources/index.html,1,ENTRY_ID is the zero-based archive table ordinal
E:\cultures\vanilla-data\DataX\Libs\data0001.lib,862,data\engine2d\bin\sounds\generic\human_cough f 04.wav,151017430,47002,WAV,Audio,aud:862,SOURCE_COMPLETE,Audio/generic/human_cough f 04.wav,Audio/index.html,1,ENTRY_ID is the zero-based archive table ordinal
E:\cultures\vanilla-data\DataX\Libs\data0001.lib,863,data\engine2d\bin\sounds\generic\human_laugh m 02.wav,152168090,44960,WAV,Audio,aud:863,SOURCE_COMPLETE,Audio/generic/human_laugh m 02.wav,Audio/index.html,1,ENTRY_ID is the zero-based archive table ordinal
E:\cultures\vanilla-data\DataX\Libs\data0001.lib,864,data\engine2d\bin\textures\tran_meadow_megadark_a.pcx,192198528,36732,PCX,Images,img:864,PIXEL_CONFIRMED,Terrain/Textures/tran_meadow_megadark_a.png,Terrain/Textures/index.html,1,ENTRY_ID is the zero-based archive table ordinal
E:\cultures\vanilla-data\DataX\Libs\data0001.lib,865,data\maps\campaign_03_03\text\eng\briefings\graphics\03_01.pcx,208756098,112782,PCX,Images,img:865,PIXEL_CONFIRMED,UI/Maps/campaign_03_03/text_eng_briefings_graphics/03_01.png,UI/Images/index.html,1,ENTRY_ID is the zero-based archive table ordinal
E:\cultures\vanilla-data\DataX\Libs\data0001.lib,866,data\maps\campaign_03_05\text\eng\briefings\briefings.txt,213972825,12256,TXT,Native documents,doc:866,SOURCE_COMPLETE,Metadata/Sources/Raw/data/maps/campaign_03_05/text/eng/briefings/briefings.txt,Metadata/Sources/index.html,1,ENTRY_ID is the zero-based archive table ordinal
E:\cultures\vanilla-data\DataX\Libs\data0001.lib,867,data\maps\demo_mainmenu_10\text\eng\briefings\palettes\font_dark.pcx,224931528,125239,PCX,Images,img:867,PIXEL_CONFIRMED,UI/Maps/demo_mainmenu_10/text_eng_briefings_palettes/font_dark.png,UI/Images/index.html,1,ENTRY_ID is the zero-based archive table ordinal
E:\cultures\vanilla-data\DataX\Libs\data0001.lib,868,data\engine2d\bin\bobs\ls_houses_saracen_s.bmd,102501478,16840,BMD,Source libraries,lib:ls_houses_saracen_s,SOURCE_COMPLETE,Shared/SourceLibraries/ls_houses_saracen_s/library.json,Shared/SourceLibraries/index.html,14,ENTRY_ID is the zero-based archive table ordinal
E:\cultures\vanilla-data\DataX\Libs\data0001.lib,869,data\engine2d\bin\sounds\generic\human_cough f 05.wav,151064432,61288,WAV,Audio,aud:869,SOURCE_COMPLETE,Audio/generic/human_cough f 05.wav,Audio/index.html,1,ENTRY_ID is the zero-based archive table ordinal
E:\cultures\vanilla-data\DataX\Libs\data0001.lib,870,data\engine2d\bin\sounds\generic\human_laugh m 03.wav,152213050,59248,WAV,Audio,aud:870,SOURCE_COMPLETE,Audio/generic/human_laugh m 03.wav,Audio/index.html,1,ENTRY_ID is the zero-based archive table ordinal
E:\cultures\vanilla-data\DataX\Libs\data0001.lib,871,data\engine2d\bin\sounds\static\treefalling01.wav,186194698,79658,WAV,Audio,aud:871,SOURCE_COMPLETE,Audio/static/treefalling01.wav,Audio/index.html,1,ENTRY_ID is the zero-based archive table ordinal
E:\cultures\vanilla-data\DataX\Libs\data0001.lib,872,data\maps\campaign_03_04\text\eng\briefings\graphics\04_00.pcx,212222727,90030,PCX,Images,img:872,PIXEL_CONFIRMED,UI/Maps/campaign_03_04/text_eng_briefings_graphics/04_00.png,UI/Images/index.html,1,ENTRY_ID is the zero-based archive table ordinal
E:\cultures\vanilla-data\DataX\Libs\data0001.lib,873,data\maps\campaign_03_06\text\eng\briefings\briefings.txt,217498547,14557,TXT,Native documents,doc:873,SOURCE_COMPLETE,Metadata/Sources/Raw/data/maps/campaign_03_06/text/eng/briefings/briefings.txt,Metadata/Sources/index.html,1,ENTRY_ID is the zero-based archive table ordinal
E:\cultures\vanilla-data\DataX\Libs\data0001.lib,874,data\maps\multiplayer_201_special_coop\text\eng\briefings\fonts\font10.fnt,228682482,15083,FNT,Fonts,font:874,SOURCE_COMPLETE,,UI/Fonts/index.html,1,ENTRY_ID is the zero-based archive table ordinal
E:\cultures\vanilla-data\DataX\Libs\data0001.lib,875,data\engine2d\bin\bobs\ls_guidepost_s.bmd,89471135,186,BMD,Source libraries,lib:ls_guidepost_s,SOURCE_COMPLETE,Shared/SourceLibraries/ls_guidepost_s/library.json,Shared/SourceLibraries/index.html,2,ENTRY_ID is the zero-based archive table ordinal
E:\cultures\vanilla-data\DataX\Libs\data0001.lib,876,data\engine2d\bin\sounds\generic\human_laugh m 04.wav,152272298,83740,WAV,Audio,aud:876,SOURCE_COMPLETE,Audio/generic/human_laugh m 04.wav,Audio/index.html,1,ENTRY_ID is the zero-based archive table ordinal
E:\cultures\vanilla-data\DataX\Libs\data0001.lib,877,data\engine2d\bin\sounds\static\treefalling02.wav,186274356,93944,WAV,Audio,aud:877,SOURCE_COMPLETE,Audio/static/treefalling02.wav,Audio/index.html,1,ENTRY_ID is the zero-based archive table ordinal
E:\cultures\vanilla-data\DataX\Libs\data0001.lib,878,data\maps\campaign_03_04\text\eng\briefings\graphics\04_01.pcx,212312757,76080,PCX,Images,img:878,PIXEL_CONFIRMED,UI/Maps/campaign_03_04/text_eng_briefings_graphics/04_01.png,UI/Images/index.html,1,ENTRY_ID is the zero-based archive table ordinal
E:\cultures\vanilla-data\DataX\Libs\data0001.lib,879,data\maps\campaign_03_07\text\eng\briefings\briefings.txt,221207190,12530,TXT,Native documents,doc:879,SOURCE_COMPLETE,Metadata/Sources/Raw/data/maps/campaign_03_07/text/eng/briefings/briefings.txt,Metadata/Sources/index.html,1,ENTRY_ID is the zero-based archive table ordinal
E:\cultures\vanilla-data\DataX\Libs\data0001.lib,880,data\engine2d\bin\palettes\landscapes\hausmiller01.pcx,132801885,901,PCX,Palettes,img:880,PIXEL_CONFIRMED,Metadata/Palettes/landscapes/hausmiller01.png,Metadata/Palettes/index.html,1,ENTRY_ID is the zero-based archive table ordinal
E:\cultures\vanilla-data\DataX\Libs\data0001.lib,881,data\engine2d\bin\sounds\static\treefalling03.wav,186368300,98026,WAV,Audio,aud:881,SOURCE_COMPLETE,Audio/static/treefalling03.wav,Audio/index.html,1,ENTRY_ID is the zero-based archive table ordinal
E:\cultures\vanilla-data\DataX\Libs\data0001.lib,882,data\maps\campaign_03_05\text\eng\briefings\graphics\05_00.pcx,213538245,75604,PCX,Images,img:882,PIXEL_CONFIRMED,UI/Maps/campaign_03_05/text_eng_briefings_graphics/05_00.png,UI/Images/index.html,1,ENTRY_ID is the zero-based archive table ordinal
E:\cultures\vanilla-data\DataX\Libs\data0001.lib,883,data\maps\campaign_03_08\text\eng\briefings\briefings.txt,223253993,9534,TXT,Native documents,doc:883,SOURCE_COMPLETE,Metadata/Sources/Raw/data/maps/campaign_03_08/text/eng/briefings/briefings.txt,Metadata/Sources/index.html,1,ENTRY_ID is the zero-based archive table ordinal
E:\cultures\vanilla-data\DataX\Libs\data0001.lib,884,data\maps\multiplayer_201_special_coop\text\eng\briefings\fonts\font12.fnt,228697565,17840,FNT,Fonts,font:884,SOURCE_COMPLETE,,UI/Fonts/index.html,1,ENTRY_ID is the zero-based archive table ordinal
E:\cultures\vanilla-data\DataX\Libs\data0001.lib,885,data\engine2d\bin\bobs\test_snow.bmd,131582252,145,BMD,Source libraries,lib:test_snow,SOURCE_COMPLETE,Shared/SourceLibraries/test_snow/library.json,Shared/SourceLibraries/index.html,2,ENTRY_ID is the zero-based archive table ordinal
E:\cultures\vanilla-data\DataX\Libs\data0001.lib,886,data\engine2d\bin\palettes\gui\menu_funatics.pcx,132778450,901,PCX,Palettes,img:886,PIXEL_CONFIRMED,Metadata/Palettes/gui/menu_funatics.png,Metadata/Palettes/index.html,1,ENTRY_ID is the zero-based archive table ordinal
E:\cultures\vanilla-data\DataX\Libs\data0001.lib,887,data\engine2d\bin\sounds\generic\human_cough m 01.wav,151125720,63330,WAV,Audio,aud:887,SOURCE_COMPLETE,Audio/generic/human_cough m 01.wav,Audio/index.html,1,ENTRY_ID is the zero-based archive table ordinal
E:\cultures\vanilla-data\DataX\Libs\data0001.lib,888,data\engine2d\bin\sounds\static\scythe01.wav,182540308,10264,WAV,Audio,aud:888,SOURCE_COMPLETE,Audio/static/scythe01.wav,Audio/index.html,1,ENTRY_ID is the zero-based archive table ordinal
E:\cultures\vanilla-data\DataX\Libs\data0001.lib,889,data\engine2d\inis\soundfx\soundfx_nomissioncd.cif,195615587,103070,CIF,Native definitions,cif:889,SOURCE_COMPLETE,Metadata/Sources/CIF/data/engine2d/inis/soundfx/soundfx_nomissioncd.cif.txt,Metadata/Sources/index.html,1,ENTRY_ID is the zero-based archive table ordinal
E:\cultures\vanilla-data\DataX\Libs\data0001.lib,890,data\maps\campaign_03_05\text\eng\briefings\graphics\05_01.pcx,213613849,68404,PCX,Images,img:890,PIXEL_CONFIRMED,UI/Maps/campaign_03_05/text_eng_briefings_graphics/05_01.png,UI/Images/index.html,1,ENTRY_ID is the zero-based archive table ordinal
E:\cultures\vanilla-data\DataX\Libs\data0001.lib,891,data\edit\macromaps\shiva foodchain test.cif,1327405,355046,CIF,Native definitions,cif:891,SOURCE_COMPLETE,Metadata/Sources/CIF/data/edit/macromaps/shiva foodchain test.cif.txt,Metadata/Sources/index.html,1,ENTRY_ID is the zero-based archive table ordinal
E:\cultures\vanilla-data\DataX\Libs\data0001.lib,892,data\engine2d\bin\palettes\landscapes\ice_statues.pcx,132809994,901,PCX,Palettes,img:892,PIXEL_CONFIRMED,Metadata/Palettes/landscapes/ice_statues.png,Metadata/Palettes/index.html,1,ENTRY_ID is the zero-based archive table ordinal
E:\cultures\vanilla-data\DataX\Libs\data0001.lib,893,data\engine2d\bin\sounds\generic\human_cough m 02.wav,151189050,51084,WAV,Audio,aud:893,SOURCE_COMPLETE,Audio/generic/human_cough m 02.wav,Audio/index.html,1,ENTRY_ID is the zero-based archive table ordinal
E:\cultures\vanilla-data\DataX\Libs\data0001.lib,894,data\engine2d\bin\sounds\static\scythe02.wav,182550572,14346,WAV,Audio,aud:894,SOURCE_COMPLETE,Audio/static/scythe02.wav,Audio/index.html,1,ENTRY_ID is the zero-based archive table ordinal
E:\cultures\vanilla-data\DataX\Libs\data0001.lib,895,data\engine2d\bin\sounds\static\shovel01.wav,183753712,34756,WAV,Audio,aud:895,SOURCE_COMPLETE,Audio/static/shovel01.wav,Audio/index.html,1,ENTRY_ID is the zero-based archive table ordinal
E:\cultures\vanilla-data\DataX\Libs\data0001.lib,896,data\maps\campaign_03_06\text\eng\briefings\graphics\06_00.pcx,216971965,71642,PCX,Images,img:896,PIXEL_CONFIRMED,UI/Maps/campaign_03_06/text_eng_briefings_graphics/06_00.png,UI/Images/index.html,1,ENTRY_ID is the zero-based archive table ordinal
E:\cultures\vanilla-data\DataX\Libs\data0001.lib,897,data\maps\singleplayer_03_01-sub1\map.dat,237927772,58598,DAT,Native documents,doc:897,SOURCE_COMPLETE,Metadata/Sources/Raw/data/maps/singleplayer_03_01-sub1/map.dat,Metadata/Sources/index.html,1,ENTRY_ID is the zero-based archive table ordinal
E:\cultures\vanilla-data\DataX\Libs\data0001.lib,898,data\text\eng\strings\help\goodshelp.cif,255174162,10354,CIF,Native definitions,cif:898,SOURCE_COMPLETE,Metadata/Sources/CIF/data/text/eng/strings/help/goodshelp.cif.txt,Metadata/Sources/index.html,1,ENTRY_ID is the zero-based archive table ordinal
E:\cultures\vanilla-data\DataX\Libs\data0001.lib,899,data\engine2d\bin\bobs\ls_skeletons_s.bmd,112450711,3974,BMD,Source libraries,lib:ls_skeletons_s,SOURCE_COMPLETE,Shared/SourceLibraries/ls_skeletons_s/library.json,Shared/SourceLibraries/index.html,1,ENTRY_ID is the zero-based archive table ordinal
E:\cultures\vanilla-data\DataX\Libs\data0001.lib,900,data\engine2d\bin\palettes\landscapes\sphinx.pcx,132824410,901,PCX,Palettes,img:900,PIXEL_CONFIRMED,Metadata/Palettes/landscapes/sphinx.png,Metadata/Palettes/index.html,1,ENTRY_ID is the zero-based archive table ordinal
E:\cultures\vanilla-data\DataX\Libs\data0001.lib,901,data\engine2d\bin\sounds\generic\human_cough m 03.wav,151240134,53124,WAV,Audio,aud:901,SOURCE_COMPLETE,Audio/generic/human_cough m 03.wav,Audio/index.html,1,ENTRY_ID is the zero-based archive table ordinal
E:\cultures\vanilla-data\DataX\Libs\data0001.lib,902,data\engine2d\bin\sounds\jingles\jingles_housebuilt.wav,175901700,202118,WAV,Audio,aud:902,SOURCE_COMPLETE,Audio/jingles/jingles_housebuilt.wav,Audio/index.html,1,ENTRY_ID is the zero-based archive table ordinal
E:\cultures\vanilla-data\DataX\Libs\data0001.lib,903,data\engine2d\bin\sounds\static\scythe03.wav,182564918,8222,WAV,Audio,aud:903,SOURCE_COMPLETE,Audio/static/scythe03.wav,Audio/index.html,1,ENTRY_ID is the zero-based archive table ordinal
E:\cultures\vanilla-data\DataX\Libs\data0001.lib,904,data\engine2d\bin\sounds\static\shovel02.wav,183788468,28632,WAV,Audio,aud:904,SOURCE_COMPLETE,Audio/static/shovel02.wav,Audio/index.html,1,ENTRY_ID is the zero-based archive table ordinal
E:\cultures\vanilla-data\DataX\Libs\data0001.lib,905,data\engine2d\bin\sounds\static\switch01.wav,185516092,193954,WAV,Audio,aud:905,SOURCE_COMPLETE,Audio/static/switch01.wav,Audio/index.html,1,ENTRY_ID is the zero-based archive table ordinal
E:\cultures\vanilla-data\DataX\Libs\data0001.lib,906,data\maps\campaign_03_06\text\eng\briefings\graphics\06_01.pcx,217043607,71205,PCX,Images,img:906,PIXEL_CONFIRMED,UI/Maps/campaign_03_06/text_eng_briefings_graphics/06_01.png,UI/Images/index.html,1,ENTRY_ID is the zero-based archive table ordinal
E:\cultures\vanilla-data\DataX\Libs\data0001.lib,907,data\maps\multiplayer_202_special_millitär\text\eng\briefings\palettes\pal_white.bmp,230591350,65078,BMP,Images,img:907,SOURCE_COMPLETE,UI/Maps/multiplayer_202_special_millitär/text_eng_briefings_palettes/pal_white.png,UI/Images/index.html,1,ENTRY_ID is the zero-based archive table ordinal
E:\cultures\vanilla-data\DataX\Libs\data0001.lib,908,data\engine2d\bin\palettes\goods\goods_shoes.pcx,132770341,901,PCX,Palettes,img:908,PIXEL_CONFIRMED,Metadata/Palettes/goods/goods_shoes.png,Metadata/Palettes/index.html,1,ENTRY_ID is the zero-based archive table ordinal
E:\cultures\vanilla-data\DataX\Libs\data0001.lib,909,data\engine2d\bin\sounds\generic\human_cough m 04.wav,151293258,57206,WAV,Audio,aud:909,SOURCE_COMPLETE,Audio/generic/human_cough m 04.wav,Audio/index.html,1,ENTRY_ID is the zero-based archive table ordinal
E:\cultures\vanilla-data\DataX\Libs\data0001.lib,910,data\engine2d\bin\sounds\static\scythe04.wav,182573140,10264,WAV,Audio,aud:910,SOURCE_COMPLETE,Audio/static/scythe04.wav,Audio/index.html,1,ENTRY_ID is the zero-based archive table ordinal
E:\cultures\vanilla-data\DataX\Libs\data0001.lib,911,data\engine2d\bin\sounds\static\shovel03.wav,183817100,38838,WAV,Audio,aud:911,SOURCE_COMPLETE,Audio/static/shovel03.wav,Audio/index.html,1,ENTRY_ID is the zero-based archive table ordinal
E:\cultures\vanilla-data\DataX\Libs\data0001.lib,912,data\engine2d\bin\sounds\static\switch02.wav,185710046,77616,WAV,Audio,aud:912,SOURCE_COMPLETE,Audio/static/switch02.wav,Audio/index.html,1,ENTRY_ID is the zero-based archive table ordinal
E:\cultures\vanilla-data\DataX\Libs\data0001.lib,913,data\engine2d\bin\sounds\static\wateringcan01.wav,186466326,79658,WAV,Audio,aud:913,SOURCE_COMPLETE,Audio/static/wateringcan01.wav,Audio/index.html,1,ENTRY_ID is the zero-based archive table ordinal
E:\cultures\vanilla-data\DataX\Libs\data0001.lib,914,data\engine2d\inis\goods\goodgraphics.cif,192915250,3066,CIF,Native definitions,cif:914,SOURCE_COMPLETE,Metadata/Sources/CIF/data/engine2d/inis/goods/goodgraphics.cif.txt,Metadata/Sources/index.html,1,ENTRY_ID is the zero-based archive table ordinal
E:\cultures\vanilla-data\DataX\Libs\data0001.lib,915,data\maps\campaign_03_07\text\eng\briefings\graphics\07_00.pcx,220635285,98413,PCX,Images,img:915,PIXEL_CONFIRMED,UI/Maps/campaign_03_07/text_eng_briefings_graphics/07_00.png,UI/Images/index.html,1,ENTRY_ID is the zero-based archive table ordinal
E:\cultures\vanilla-data\DataX\Libs\data0001.lib,916,data\engine2d\bin\bobs\ls_misc.bmd,111259986,527993,BMD,Source libraries,lib:ls_misc,SOURCE_COMPLETE,Shared/SourceLibraries/ls_misc/library.json,Shared/SourceLibraries/index.html,32,ENTRY_ID is the zero-based archive table ordinal
E:\cultures\vanilla-data\DataX\Libs\data0001.lib,917,data\engine2d\bin\palettes\goods\goods_water.pcx,132774846,901,PCX,Palettes,img:917,PIXEL_CONFIRMED,Metadata/Palettes/goods/goods_water.png,Metadata/Palettes/index.html,1,ENTRY_ID is the zero-based archive table ordinal
E:\cultures\vanilla-data\DataX\Libs\data0001.lib,918,data\maps\campaign_03_07\text\eng\briefings\graphics\07_01.pcx,220733698,90234,PCX,Images,img:918,PIXEL_CONFIRMED,UI/Maps/campaign_03_07/text_eng_briefings_graphics/07_01.png,UI/Images/index.html,1,ENTRY_ID is the zero-based archive table ordinal
E:\cultures\vanilla-data\DataX\Libs\data0001.lib,919,data\maps\multiplayer_203_special_militär\text\eng\strings.cif,232205097,1197,CIF,Native definitions,cif:919,SOURCE_COMPLETE,Metadata/Sources/CIF/data/maps/multiplayer_203_special_militär/text/eng/strings.cif.txt,Metadata/Sources/index.html,1,ENTRY_ID is the zero-based archive table ordinal
E:\cultures\vanilla-data\DataX\Libs\data0001.lib,920,data\engine2d\inis\humans\jobgraphics.cif,193470309,35267,CIF,Native definitions,cif:920,SOURCE_COMPLETE,Metadata/Sources/CIF/data/engine2d/inis/humans/jobgraphics.cif.txt,Metadata/Sources/index.html,1,ENTRY_ID is the zero-based archive table ordinal
E:\cultures\vanilla-data\DataX\Libs\data0001.lib,921,data\engine2d\bin\palettes\creatures\player01.pcx,132736103,901,PCX,Palettes,img:921,PIXEL_CONFIRMED,Metadata/Palettes/creatures/player01.png,Metadata/Palettes/index.html,1,ENTRY_ID is the zero-based archive table ordinal
E:\cultures\vanilla-data\DataX\Libs\data0001.lib,922,data\engine2d\bin\palettes\creatures\player10.pcx,132744212,901,PCX,Palettes,img:922,PIXEL_CONFIRMED,Metadata/Palettes/creatures/player10.png,Metadata/Palettes/index.html,1,ENTRY_ID is the zero-based archive table ordinal
E:\cultures\vanilla-data\DataX\Libs\data0001.lib,923,data\engine2d\bin\sounds\jingles\jingles_marriage.wav,176103818,179666,WAV,Audio,aud:923,SOURCE_COMPLETE,Audio/jingles/jingles_marriage.wav,Audio/index.html,1,ENTRY_ID is the zero-based archive table ordinal
E:\cultures\vanilla-data\DataX\Libs\data0001.lib,924,data\maps\campaign_03_01\text\eng\strings.cif,203246083,2081,CIF,Native definitions,cif:924,SOURCE_COMPLETE,Metadata/Sources/CIF/data/maps/campaign_03_01/text/eng/strings.cif.txt,Metadata/Sources/index.html,1,ENTRY_ID is the zero-based archive table ordinal
E:\cultures\vanilla-data\DataX\Libs\data0001.lib,925,data\maps\singleplayer_03_01\text\eng\briefings\graphics\hero_dead_f.pcx,236421049,94108,PCX,Images,img:925,PIXEL_CONFIRMED,UI/Maps/singleplayer_03_01/text_eng_briefings_graphics/hero_dead_f.png,UI/Images/index.html,1,ENTRY_ID is the zero-based archive table ordinal
E:\cultures\vanilla-data\DataX\Libs\data0001.lib,926,data\maps\singleplayer_03_01-sub1\text\eng\briefings\fonts\fonthead16bld.fnt,237371547,23016,FNT,Fonts,font:926,SOURCE_COMPLETE,,UI/Fonts/index.html,1,ENTRY_ID is the zero-based archive table ordinal
E:\cultures\vanilla-data\DataX\Libs\data0001.lib,927,data\text\eng\hypertext\history\fonts\fonthead16bld.fnt,253489744,23016,FNT,Fonts,font:927,SOURCE_COMPLETE,,UI/Fonts/index.html,1,ENTRY_ID is the zero-based archive table ordinal
E:\cultures\vanilla-data\DataX\Libs\data0001.lib,928,data\engine2d\bin\palettes\creatures\player02.pcx,132737004,901,PCX,Palettes,img:928,PIXEL_CONFIRMED,Metadata/Palettes/creatures/player02.png,Metadata/Palettes/index.html,1,ENTRY_ID is the zero-based archive table ordinal
E:\cultures\vanilla-data\DataX\Libs\data0001.lib,929,data\maps\campaign_03_02\text\eng\strings.cif,206388928,1989,CIF,Native definitions,cif:929,SOURCE_COMPLETE,Metadata/Sources/CIF/data/maps/campaign_03_02/text/eng/strings.cif.txt,Metadata/Sources/index.html,1,ENTRY_ID is the zero-based archive table ordinal
E:\cultures\vanilla-data\DataX\Libs\data0001.lib,930,data\maps\singleplayer_03_02\text\eng\briefings\graphics\hero_dead_f.pcx,238248372,94108,PCX,Images,img:930,PIXEL_CONFIRMED,UI/Maps/singleplayer_03_02/text_eng_briefings_graphics/hero_dead_f.png,UI/Images/index.html,1,ENTRY_ID is the zero-based archive table ordinal
E:\cultures\vanilla-data\DataX\Libs\data0001.lib,931,data\text\eng\hypertext\credits\graphics\abstand.pcx,253315172,911,PCX,Images,img:931,PIXEL_CONFIRMED,UI/Hypertext/credits_graphics/abstand.png,UI/Images/index.html,1,ENTRY_ID is the zero-based archive table ordinal
E:\cultures\vanilla-data\DataX\Libs\data0001.lib,932,data\engine2d\bin\bobs\ls_houses_viking2.bmd,104827473,2317068,BMD,Source libraries,lib:ls_houses_viking2,SOURCE_COMPLETE,Shared/SourceLibraries/ls_houses_viking2/library.json,Shared/SourceLibraries/index.html,14,ENTRY_ID is the zero-based archive table ordinal
E:\cultures\vanilla-data\DataX\Libs\data0001.lib,933,data\engine2d\bin\bobs\ls_wall.bmd,122108330,105790,BMD,Source libraries,lib:ls_wall,SOURCE_COMPLETE,Shared/SourceLibraries/ls_wall/library.json,Shared/SourceLibraries/index.html,13,ENTRY_ID is the zero-based archive table ordinal
E:\cultures\vanilla-data\DataX\Libs\data0001.lib,934,data\engine2d\bin\palettes\creatures\player03.pcx,132737905,901,PCX,Palettes,img:934,PIXEL_CONFIRMED,Metadata/Palettes/creatures/player03.png,Metadata/Palettes/index.html,1,ENTRY_ID is the zero-based archive table ordinal
E:\cultures\vanilla-data\DataX\Libs\data0001.lib,935,data\engine2d\inis\particel\generator.cif,195244791,742,CIF,Native definitions,cif:935,SOURCE_COMPLETE,Metadata/Sources/CIF/data/engine2d/inis/particel/generator.cif.txt,Metadata/Sources/index.html,1,ENTRY_ID is the zero-based archive table ordinal
E:\cultures\vanilla-data\DataX\Libs\data0001.lib,936,data\gui\palettes\bar_hitpoints.pcx,202163740,901,PCX,Images,img:936,PIXEL_CONFIRMED,UI/Palettes/bar_hitpoints.png,UI/Images/index.html,1,ENTRY_ID is the zero-based archive table ordinal
E:\cultures\vanilla-data\DataX\Libs\data0001.lib,937,data\maps\campaign_03_03\text\eng\strings.cif,209286898,2705,CIF,Native definitions,cif:937,SOURCE_COMPLETE,Metadata/Sources/CIF/data/maps/campaign_03_03/text/eng/strings.cif.txt,Metadata/Sources/index.html,1,ENTRY_ID is the zero-based archive table ordinal
E:\cultures\vanilla-data\DataX\Libs\data0001.lib,938,data\maps\singleplayer_03_03\text\eng\briefings\graphics\hero_dead_f.pcx,239411365,94108,PCX,Images,img:938,PIXEL_CONFIRMED,UI/Maps/singleplayer_03_03/text_eng_briefings_graphics/hero_dead_f.png,UI/Images/index.html,1,ENTRY_ID is the zero-based archive table ordinal
E:\cultures\vanilla-data\DataX\Libs\data0001.lib,939,data\engine2d\bin\bobs\ls_houses_viking3.bmd,107164828,1206430,BMD,Source libraries,lib:ls_houses_viking3,SOURCE_COMPLETE,Shared/SourceLibraries/ls_houses_viking3/library.json,Shared/SourceLibraries/index.html,9,ENTRY_ID is the zero-based archive table ordinal
E:\cultures\vanilla-data\DataX\Libs\data0001.lib,940,data\engine2d\bin\palettes\creatures\player04.pcx,132738806,901,PCX,Palettes,img:940,PIXEL_CONFIRMED,Metadata/Palettes/creatures/player04.png,Metadata/Palettes/index.html,1,ENTRY_ID is the zero-based archive table ordinal
E:\cultures\vanilla-data\DataX\Libs\data0001.lib,941,data\engine2d\bin\palettes\goods\goods_flour.pcx,132763133,901,PCX,Palettes,img:941,PIXEL_CONFIRMED,Metadata/Palettes/goods/goods_flour.png,Metadata/Palettes/index.html,1,ENTRY_ID is the zero-based archive table ordinal
E:\cultures\vanilla-data\DataX\Libs\data0001.lib,942,data\maps\campaign_03_04\text\eng\strings.cif,212799651,2433,CIF,Native definitions,cif:942,SOURCE_COMPLETE,Metadata/Sources/CIF/data/maps/campaign_03_04/text/eng/strings.cif.txt,Metadata/Sources/index.html,1,ENTRY_ID is the zero-based archive table ordinal
E:\cultures\vanilla-data\DataX\Libs\data0001.lib,943,data\maps\multiplayer_202_special_millitär\text\eng\briefings\palettes\font_dark.pcx,230466111,125239,PCX,Images,img:943,PIXEL_CONFIRMED,UI/Maps/multiplayer_202_special_millitär/text_eng_briefings_palettes/font_dark.png,UI/Images/index.html,1,ENTRY_ID is the zero-based archive table ordinal
E:\cultures\vanilla-data\DataX\Libs\data0001.lib,944,data\maps\singleplayer_03_04\text\eng\briefings\graphics\hero_dead_f.pcx,240698392,94108,PCX,Images,img:944,PIXEL_CONFIRMED,UI/Maps/singleplayer_03_04/text_eng_briefings_graphics/hero_dead_f.png,UI/Images/index.html,1,ENTRY_ID is the zero-based archive table ordinal
E:\cultures\vanilla-data\DataX\Libs\data0001.lib,945,data\engine2d\bin\bobs\ls_houses_viking4.bmd,108381429,2586720,BMD,Source libraries,lib:ls_houses_viking4,SOURCE_COMPLETE,Shared/SourceLibraries/ls_houses_viking4/library.json,Shared/SourceLibraries/index.html,11,ENTRY_ID is the zero-based archive table ordinal
E:\cultures\vanilla-data\DataX\Libs\data0001.lib,946,data\engine2d\bin\palettes\creatures\player05.pcx,132739707,901,PCX,Palettes,img:946,PIXEL_CONFIRMED,Metadata/Palettes/creatures/player05.png,Metadata/Palettes/index.html,1,ENTRY_ID is the zero-based archive table ordinal
E:\cultures\vanilla-data\DataX\Libs\data0001.lib,947,data\engine2d\bin\palettes\goods\goods_stone.pcx,132773044,901,PCX,Palettes,img:947,PIXEL_CONFIRMED,Metadata/Palettes/goods/goods_stone.png,Metadata/Palettes/index.html,1,ENTRY_ID is the zero-based archive table ordinal
E:\cultures\vanilla-data\DataX\Libs\data0001.lib,948,data\engine2d\bin\palettes\landscapes\ruins_frank.pcx,132819905,901,PCX,Palettes,img:948,PIXEL_CONFIRMED,Metadata/Palettes/landscapes/ruins_frank.png,Metadata/Palettes/index.html,1,ENTRY_ID is the zero-based archive table ordinal
E:\cultures\vanilla-data\DataX\Libs\data0001.lib,949,data\maps\campaign_03_05\text\eng\strings.cif,213985081,1794,CIF,Native definitions,cif:949,SOURCE_COMPLETE,Metadata/Sources/CIF/data/maps/campaign_03_05/text/eng/strings.cif.txt,Metadata/Sources/index.html,1,ENTRY_ID is the zero-based archive table ordinal
E:\cultures\vanilla-data\DataX\Libs\data0001.lib,950,data\maps\singleplayer_03_05\text\eng\briefings\graphics\hero_dead_f.pcx,243596812,94108,PCX,Images,img:950,PIXEL_CONFIRMED,UI/Maps/singleplayer_03_05/text_eng_briefings_graphics/hero_dead_f.png,UI/Images/index.html,1,ENTRY_ID is the zero-based archive table ordinal
E:\cultures\vanilla-data\DataX\Libs\data0001.lib,951,data\engine2d\bin\palettes\creatures\player06.pcx,132740608,901,PCX,Palettes,img:951,PIXEL_CONFIRMED,Metadata/Palettes/creatures/player06.png,Metadata/Palettes/index.html,1,ENTRY_ID is the zero-based archive table ordinal
E:\cultures\vanilla-data\DataX\Libs\data0001.lib,952,data\engine2d\bin\sounds\generic\animals_camel01.wav,146944004,26592,WAV,Audio,aud:952,SOURCE_COMPLETE,Audio/generic/animals_camel01.wav,Audio/index.html,1,ENTRY_ID is the zero-based archive table ordinal
E:\cultures\vanilla-data\DataX\Libs\data0001.lib,953,data\maps\campaign_03_06\text\eng\strings.cif,217513104,2473,CIF,Native definitions,cif:953,SOURCE_COMPLETE,Metadata/Sources/CIF/data/maps/campaign_03_06/text/eng/strings.cif.txt,Metadata/Sources/index.html,1,ENTRY_ID is the zero-based archive table ordinal
E:\cultures\vanilla-data\DataX\Libs\data0001.lib,954,data\maps\multiplayer_02_06_ressourcen\text\eng\briefings\0000.hlt,225658212,269,HLT,Native documents,doc:954,SOURCE_COMPLETE,Metadata/Sources/Raw/data/maps/multiplayer_02_06_ressourcen/text/eng/briefings/0000.hlt,Metadata/Sources/index.html,1,ENTRY_ID is the zero-based archive table ordinal
E:\cultures\vanilla-data\DataX\Libs\data0001.lib,955,data\engine2d\bin\bobs\test_timehouse.bmd,131582397,29369,BMD,Source libraries,lib:test_timehouse,SOURCE_COMPLETE,Shared/SourceLibraries/test_timehouse/library.json,Shared/SourceLibraries/index.html,2,ENTRY_ID is the zero-based archive table ordinal
E:\cultures\vanilla-data\DataX\Libs\data0001.lib,956,data\engine2d\bin\palettes\creatures\player07.pcx,132741509,901,PCX,Palettes,img:956,PIXEL_CONFIRMED,Metadata/Palettes/creatures/player07.png,Metadata/Palettes/index.html,1,ENTRY_ID is the zero-based archive table ordinal
E:\cultures\vanilla-data\DataX\Libs\data0001.lib,957,data\engine2d\bin\sounds\generic\animals_camel02.wav,146970596,24550,WAV,Audio,aud:957,SOURCE_COMPLETE,Audio/generic/animals_camel02.wav,Audio/index.html,1,ENTRY_ID is the zero-based archive table ordinal
E:\cultures\vanilla-data\DataX\Libs\data0001.lib,958,data\engine2d\bin\textures\tran_swamp_a.pcx,192640256,53077,PCX,Images,img:958,PIXEL_CONFIRMED,Terrain/Textures/tran_swamp_a.png,Terrain/Textures/index.html,1,ENTRY_ID is the zero-based archive table ordinal
E:\cultures\vanilla-data\DataX\Libs\data0001.lib,959,data\maps\campaign_03_07\text\eng\strings.cif,221219720,2076,CIF,Native definitions,cif:959,SOURCE_COMPLETE,Metadata/Sources/CIF/data/maps/campaign_03_07/text/eng/strings.cif.txt,Metadata/Sources/index.html,1,ENTRY_ID is the zero-based archive table ordinal
E:\cultures\vanilla-data\DataX\Libs\data0001.lib,960,data\engine2d\bin\palettes\creatures\player08.pcx,132742410,901,PCX,Palettes,img:960,PIXEL_CONFIRMED,Metadata/Palettes/creatures/player08.png,Metadata/Palettes/index.html,1,ENTRY_ID is the zero-based archive table ordinal
E:\cultures\vanilla-data\DataX\Libs\data0001.lib,961,data\engine2d\bin\palettes\landscapes\system.pcx,132827113,901,PCX,Palettes,img:961,PIXEL_CONFIRMED,Metadata/Palettes/landscapes/system.png,Metadata/Palettes/index.html,1,ENTRY_ID is the zero-based archive table ordinal
E:\cultures\vanilla-data\DataX\Libs\data0001.lib,962,data\engine2d\bin\sounds\generic\animals_camel03.wav,146995146,32714,WAV,Audio,aud:962,SOURCE_COMPLETE,Audio/generic/animals_camel03.wav,Audio/index.html,1,ENTRY_ID is the zero-based archive table ordinal
E:\cultures\vanilla-data\DataX\Libs\data0001.lib,963,data\engine2d\bin\sounds\static\carpenter_hammer01.wav,178621462,24550,WAV,Audio,aud:963,SOURCE_COMPLETE,Audio/static/carpenter_hammer01.wav,Audio/index.html,1,ENTRY_ID is the zero-based archive table ordinal
E:\cultures\vanilla-data\DataX\Libs\data0001.lib,964,data\logic\trianglepatterntypes.cif,202571475,1781,CIF,Native definitions,cif:964,SOURCE_COMPLETE,Metadata/Sources/CIF/data/logic/trianglepatterntypes.cif.txt,Metadata/Sources/index.html,1,ENTRY_ID is the zero-based archive table ordinal
E:\cultures\vanilla-data\DataX\Libs\data0001.lib,965,data\maps\campaign_03_08\text\eng\strings.cif,223263527,1985,CIF,Native definitions,cif:965,SOURCE_COMPLETE,Metadata/Sources/CIF/data/maps/campaign_03_08/text/eng/strings.cif.txt,Metadata/Sources/index.html,1,ENTRY_ID is the zero-based archive table ordinal
E:\cultures\vanilla-data\DataX\Libs\data0001.lib,966,data\engine2d\bin\bobs\ls_temp.bmd,116473542,152510,BMD,Source libraries,lib:ls_temp,SOURCE_COMPLETE,Shared/SourceLibraries/ls_temp/library.json,Shared/SourceLibraries/index.html,180,ENTRY_ID is the zero-based archive table ordinal
E:\cultures\vanilla-data\DataX\Libs\data0001.lib,967,data\engine2d\bin\palettes\creatures\player09.pcx,132743311,901,PCX,Palettes,img:967,PIXEL_CONFIRMED,Metadata/Palettes/creatures/player09.png,Metadata/Palettes/index.html,1,ENTRY_ID is the zero-based archive table ordinal
E:\cultures\vanilla-data\DataX\Libs\data0001.lib,968,data\engine2d\bin\palettes\landscapes\fire.pcx,132789263,905,PCX,Palettes,img:968,PIXEL_CONFIRMED,Metadata/Palettes/landscapes/fire.png,Metadata/Palettes/index.html,1,ENTRY_ID is the zero-based archive table ordinal
E:\cultures\vanilla-data\DataX\Libs\data0001.lib,969,data\engine2d\bin\palettes\landscapes\gold.pcx,132794677,901,PCX,Palettes,img:969,PIXEL_CONFIRMED,Metadata/Palettes/landscapes/gold.png,Metadata/Palettes/index.html,1,ENTRY_ID is the zero-based archive table ordinal
E:\cultures\vanilla-data\DataX\Libs\data0001.lib,970,data\engine2d\bin\sounds\static\potter01.wav,182401462,138846,WAV,Audio,aud:970,SOURCE_COMPLETE,Audio/static/potter01.wav,Audio/index.html,1,ENTRY_ID is the zero-based archive table ordinal
E:\cultures\vanilla-data\DataX\Libs\data0001.lib,971,data\maps\campaign_03_01\text\eng\briefings\graphics\people_dead_f.pcx,202938843,92541,PCX,Images,img:971,PIXEL_CONFIRMED,UI/Maps/campaign_03_01/text_eng_briefings_graphics/people_dead_f.png,UI/Images/index.html,1,ENTRY_ID is the zero-based archive table ordinal
E:\cultures\vanilla-data\DataX\Libs\data0001.lib,972,data\text\eng\hypertext\ingamehelp\fonts\fonthead16bld.fnt,254833347,23016,FNT,Fonts,font:972,SOURCE_COMPLETE,,UI/Fonts/index.html,1,ENTRY_ID is the zero-based archive table ordinal
E:\cultures\vanilla-data\DataX\Libs\data0001.lib,973,data\engine2d\bin\bobs\ls_font.bmd,82152032,300,BMD,Source libraries,lib:ls_font,SOURCE_COMPLETE,Shared/SourceLibraries/ls_font/library.json,Shared/SourceLibraries/index.html,2,ENTRY_ID is the zero-based archive table ordinal
E:\cultures\vanilla-data\DataX\Libs\data0001.lib,974,data\engine2d\bin\palettes\creatures\test_human_00.pcx,132756826,901,PCX,Palettes,img:974,PIXEL_CONFIRMED,Metadata/Palettes/creatures/test_human_00.png,Metadata/Palettes/index.html,1,ENTRY_ID is the zero-based archive table ordinal
E:\cultures\vanilla-data\DataX\Libs\data0001.lib,975,data\engine2d\bin\palettes\goods\goods_sword.pcx,132773945,901,PCX,Palettes,img:975,PIXEL_CONFIRMED,Metadata/Palettes/goods/goods_sword.png,Metadata/Palettes/index.html,1,ENTRY_ID is the zero-based archive table ordinal
E:\cultures\vanilla-data\DataX\Libs\data0001.lib,976,data\gui\palettes\campaignmap.pcx,202169146,904,PCX,Images,img:976,PIXEL_CONFIRMED,UI/Palettes/campaignmap.png,UI/Images/index.html,1,ENTRY_ID is the zero-based archive table ordinal
E:\cultures\vanilla-data\DataX\Libs\data0001.lib,977,data\maps\campaign_03_03\text\eng\briefings\graphics\people_dead_f.pcx,208962988,92541,PCX,Images,img:977,PIXEL_CONFIRMED,UI/Maps/campaign_03_03/text_eng_briefings_graphics/people_dead_f.png,UI/Images/index.html,1,ENTRY_ID is the zero-based archive table ordinal
E:\cultures\vanilla-data\DataX\Libs\data0001.lib,978,data\maps\singleplayer_03_01-sub1\text\eng\briefings\palettes\pal_white.bmp,237859714,65078,BMP,Images,img:978,SOURCE_COMPLETE,UI/Maps/singleplayer_03_01-sub1/text_eng_briefings_palettes/pal_white.png,UI/Images/index.html,1,ENTRY_ID is the zero-based archive table ordinal
E:\cultures\vanilla-data\DataX\Libs\data0001.lib,979,data\edit\macromaps\mud000.cif,316015,3645,CIF,Native definitions,cif:979,SOURCE_COMPLETE,Metadata/Sources/CIF/data/edit/macromaps/mud000.cif.txt,Metadata/Sources/index.html,1,ENTRY_ID is the zero-based archive table ordinal
E:\cultures\vanilla-data\DataX\Libs\data0001.lib,980,data\engine2d\bin\bobs\ls_gathering.bmd,82228636,97315,BMD,Source libraries,lib:ls_gathering,SOURCE_COMPLETE,Shared/SourceLibraries/ls_gathering/library.json,Shared/SourceLibraries/index.html,4,ENTRY_ID is the zero-based archive table ordinal
E:\cultures\vanilla-data\DataX\Libs\data0001.lib,981,data\engine2d\bin\palettes\landscapes\clay.pcx,132784758,901,PCX,Palettes,img:981,PIXEL_CONFIRMED,Metadata/Palettes/landscapes/clay.png,Metadata/Palettes/index.html,1,ENTRY_ID is the zero-based archive table ordinal
E:\cultures\vanilla-data\DataX\Libs\data0001.lib,982,data\maps\campaign_03_04\text\eng\briefings\graphics\people_dead_f.pcx,212482945,92541,PCX,Images,img:982,PIXEL_CONFIRMED,UI/Maps/campaign_03_04/text_eng_briefings_graphics/people_dead_f.png,UI/Images/index.html,1,ENTRY_ID is the zero-based archive table ordinal
E:\cultures\vanilla-data\DataX\Libs\data0001.lib,983,data\edit\macromaps\mud001.cif,319660,9345,CIF,Native definitions,cif:983,SOURCE_COMPLETE,Metadata/Sources/CIF/data/edit/macromaps/mud001.cif.txt,Metadata/Sources/index.html,1,ENTRY_ID is the zero-based archive table ordinal
E:\cultures\vanilla-data\DataX\Libs\data0001.lib,984,data\engine2d\bin\palettes\gui\gui_bubbles.pcx,132777549,901,PCX,Palettes,img:984,PIXEL_CONFIRMED,Metadata/Palettes/gui/gui_bubbles.png,Metadata/Palettes/index.html,1,ENTRY_ID is the zero-based archive table ordinal
E:\cultures\vanilla-data\DataX\Libs\data0001.lib,985,data\engine2d\bin\palettes\goods\goods_spear_iron.pcx,132771242,901,PCX,Palettes,img:985,PIXEL_CONFIRMED,Metadata/Palettes/goods/goods_spear_iron.png,Metadata/Palettes/index.html,1,ENTRY_ID is the zero-based archive table ordinal
E:\cultures\vanilla-data\DataX\Libs\data0001.lib,986,data\maps\campaign_03_03_sub1\text\eng\briefings\graphics\hero_dead_f.pcx,210571280,94108,PCX,Images,img:986,PIXEL_CONFIRMED,UI/Maps/campaign_03_03_sub1/text_eng_briefings_graphics/hero_dead_f.png,UI/Images/index.html,1,ENTRY_ID is the zero-based archive table ordinal
E:\cultures\vanilla-data\DataX\Libs\data0001.lib,987,data\maps\campaign_03_06\text\eng\briefings\graphics\people_dead_f.pcx,217208920,92541,PCX,Images,img:987,PIXEL_CONFIRMED,UI/Maps/campaign_03_06/text_eng_briefings_graphics/people_dead_f.png,UI/Images/index.html,1,ENTRY_ID is the zero-based archive table ordinal
E:\cultures\vanilla-data\DataX\Libs\data0001.lib,988,data\engine2d\bin\sounds\jingles\jingles_missionwon.wav,176706028,453160,WAV,Audio,aud:988,SOURCE_COMPLETE,Audio/jingles/jingles_missionwon.wav,Audio/index.html,1,ENTRY_ID is the zero-based archive table ordinal
E:\cultures\vanilla-data\DataX\Libs\data0001.lib,989,data\maps\campaign_03_03_sub2\text\eng\briefings\graphics\hero_dead_f.pcx,211140833,94108,PCX,Images,img:989,PIXEL_CONFIRMED,UI/Maps/campaign_03_03_sub2/text_eng_briefings_graphics/hero_dead_f.png,UI/Images/index.html,1,ENTRY_ID is the zero-based archive table ordinal
E:\cultures\vanilla-data\DataX\Libs\data0001.lib,990,data\maps\campaign_03_07\text\eng\briefings\graphics\people_dead_f.pcx,220918040,92541,PCX,Images,img:990,PIXEL_CONFIRMED,UI/Maps/campaign_03_07/text_eng_briefings_graphics/people_dead_f.png,UI/Images/index.html,1,ENTRY_ID is the zero-based archive table ordinal
E:\cultures\vanilla-data\DataX\Libs\data0001.lib,991,data\engine2d\bin\sounds\ambient\meadow1.wav,139970098,500104,WAV,Audio,aud:991,SOURCE_COMPLETE,Audio/ambient/meadow1.wav,Audio/index.html,1,ENTRY_ID is the zero-based archive table ordinal
E:\cultures\vanilla-data\DataX\Libs\data0001.lib,992,data\engine2d\bin\sounds\static\wolveattack01.wav,187073376,65370,WAV,Audio,aud:992,SOURCE_COMPLETE,Audio/static/wolveattack01.wav,Audio/index.html,1,ENTRY_ID is the zero-based archive table ordinal
E:\cultures\vanilla-data\DataX\Libs\data0001.lib,993,data\engine2d\bin\textures\tran_ice_a.pcx,191958597,11154,PCX,Images,img:993,PIXEL_CONFIRMED,Terrain/Textures/tran_ice_a.png,Terrain/Textures/index.html,1,ENTRY_ID is the zero-based archive table ordinal
E:\cultures\vanilla-data\DataX\Libs\data0001.lib,994,data\engine2d\inis\humans\sounds.cif,193541085,3682,CIF,Native definitions,cif:994,SOURCE_COMPLETE,Metadata/Sources/CIF/data/engine2d/inis/humans/sounds.cif.txt,Metadata/Sources/index.html,1,ENTRY_ID is the zero-based archive table ordinal
E:\cultures\vanilla-data\DataX\Libs\data0001.lib,995,data\gui\fonts\fontdebug.fnt,196257688,13161,FNT,Fonts,font:995,SOURCE_COMPLETE,UI/Fonts/gui_fonts/fontdebug__index_data.png,UI/Fonts/index.html,1,ENTRY_ID is the zero-based archive table ordinal
E:\cultures\vanilla-data\DataX\Libs\data0001.lib,996,data\maps\campaign_03_03_sub3\text\eng\briefings\graphics\hero_dead_f.pcx,211710508,94108,PCX,Images,img:996,PIXEL_CONFIRMED,UI/Maps/campaign_03_03_sub3/text_eng_briefings_graphics/hero_dead_f.png,UI/Images/index.html,1,ENTRY_ID is the zero-based archive table ordinal
E:\cultures\vanilla-data\DataX\Libs\data0001.lib,997,data\maps\campaign_03_05_sub1\text\eng\briefings\graphics\hero_dead_f.pcx,215432756,94108,PCX,Images,img:997,PIXEL_CONFIRMED,UI/Maps/campaign_03_05_sub1/text_eng_briefings_graphics/hero_dead_f.png,UI/Images/index.html,1,ENTRY_ID is the zero-based archive table ordinal
E:\cultures\vanilla-data\DataX\Libs\data0001.lib,998,data\maps\campaign_03_08\text\eng\briefings\graphics\people_dead_f.pcx,222964232,92541,PCX,Images,img:998,PIXEL_CONFIRMED,UI/Maps/campaign_03_08/text_eng_briefings_graphics/people_dead_f.png,UI/Images/index.html,1,ENTRY_ID is the zero-based archive table ordinal
E:\cultures\vanilla-data\DataX\Libs\data0001.lib,999,data\engine2d\bin\bobs\ls_trees_daw.bmd,118793906,241364,BMD,Source libraries,lib:ls_trees_daw,SOURCE_COMPLETE,Shared/SourceLibraries/ls_trees_daw/library.json,Shared/SourceLibraries/index.html,3,ENTRY_ID is the zero-based archive table ordinal
E:\cultures\vanilla-data\DataX\Libs\data0001.lib,1000,data\engine2d\bin\sounds\ambient\meadow2.wav,140470202,675630,WAV,Audio,aud:1000,SOURCE_COMPLETE,Audio/ambient/meadow2.wav,Audio/index.html,1,ENTRY_ID is the zero-based archive table ordinal
E:\cultures\vanilla-data\DataX\Libs\data0001.lib,1001,data\engine2d\bin\sounds\static\wolveattack02.wav,187138746,71494,WAV,Audio,aud:1001,SOURCE_COMPLETE,Audio/static/wolveattack02.wav,Audio/index.html,1,ENTRY_ID is the zero-based archive table ordinal
E:\cultures\vanilla-data\DataX\Libs\data0001.lib,1002,data\maps\campaign_03_05_sub2\text\eng\briefings\graphics\hero_dead_f.pcx,216126958,94108,PCX,Images,img:1002,PIXEL_CONFIRMED,UI/Maps/campaign_03_05_sub2/text_eng_briefings_graphics/hero_dead_f.png,UI/Images/index.html,1,ENTRY_ID is the zero-based archive table ordinal
E:\cultures\vanilla-data\DataX\Libs\data0001.lib,1003,data\maps\campaign_03_06_sub1\text\eng\briefings\graphics\hero_dead_f.pcx,219465623,94108,PCX,Images,img:1003,PIXEL_CONFIRMED,UI/Maps/campaign_03_06_sub1/text_eng_briefings_graphics/hero_dead_f.png,UI/Images/index.html,1,ENTRY_ID is the zero-based archive table ordinal
E:\cultures\vanilla-data\DataX\Libs\data0001.lib,1004,data\engine2d\bin\bobs\ls_mushrooms_s.bmd,111801859,822,BMD,Source libraries,lib:ls_mushrooms_s,SOURCE_COMPLETE,Shared/SourceLibraries/ls_mushrooms_s/library.json,Shared/SourceLibraries/index.html,1,ENTRY_ID is the zero-based archive table ordinal
E:\cultures\vanilla-data\DataX\Libs\data0001.lib,1005,data\engine2d\bin\sounds\static\wolveattack03.wav,187210240,61288,WAV,Audio,aud:1005,SOURCE_COMPLETE,Audio/static/wolveattack03.wav,Audio/index.html,1,ENTRY_ID is the zero-based archive table ordinal
E:\cultures\vanilla-data\DataX\Libs\data0001.lib,1006,data\engine2d\bin\textures\overlay_road.pcx,187866465,75525,PCX,Images,img:1006,PIXEL_CONFIRMED,Terrain/Textures/overlay_road.png,Terrain/Textures/index.html,3,ENTRY_ID is the zero-based archive table ordinal
E:\cultures\vanilla-data\DataX\Libs\data0001.lib,1007,data\maps\campaign_03_06_sub2\text\eng\briefings\graphics\hero_dead_f.pcx,220047857,94108,PCX,Images,img:1007,PIXEL_CONFIRMED,UI/Maps/campaign_03_06_sub2/text_eng_briefings_graphics/hero_dead_f.png,UI/Images/index.html,1,ENTRY_ID is the zero-based archive table ordinal
E:\cultures\vanilla-data\DataX\Libs\data0001.lib,1008,data\maps\singleplayer_03_01-sub1\text\eng\briefings\palettes\font_dark.pcx,237734475,125239,PCX,Images,img:1008,PIXEL_CONFIRMED,UI/Maps/singleplayer_03_01-sub1/text_eng_briefings_palettes/font_dark.png,UI/Images/index.html,1,ENTRY_ID is the zero-based archive table ordinal
E:\cultures\vanilla-data\DataX\Libs\data0001.lib,1009,data\text\eng\hypertext\history\palettes\font_dark.pcx,254524389,125239,PCX,Images,img:1009,PIXEL_CONFIRMED,UI/Hypertext/history_palettes/font_dark.png,UI/Images/index.html,1,ENTRY_ID is the zero-based archive table ordinal
E:\cultures\vanilla-data\DataX\Libs\data0001.lib,1010,data\engine2d\bin\sounds\static\wolveattack04.wav,187271528,79658,WAV,Audio,aud:1010,SOURCE_COMPLETE,Audio/static/wolveattack04.wav,Audio/index.html,1,ENTRY_ID is the zero-based archive table ordinal
E:\cultures\vanilla-data\DataX\Libs\data0001.lib,1011,data\gui\palettes\font_dimmed.pcx,202171853,902,PCX,Images,img:1011,PIXEL_CONFIRMED,UI/Palettes/font_dimmed.png,UI/Images/index.html,1,ENTRY_ID is the zero-based archive table ordinal
E:\cultures\vanilla-data\DataX\Libs\data0001.lib,1012,data\text\eng\hypertext\credits\fonts\font10.fnt,253297048,18124,FNT,Fonts,font:1012,SOURCE_COMPLETE,UI/Fonts/text_eng_hypertext_credits_fonts/font10__index_data.png,UI/Fonts/index.html,1,ENTRY_ID is the zero-based archive table ordinal
E:\cultures\vanilla-data\DataX\Libs\data0001.lib,1013,data\engine2d\bin\palettes\creatures\wolves01.pcx,132757727,901,PCX,Palettes,img:1013,PIXEL_CONFIRMED,Metadata/Palettes/creatures/wolves01.png,Metadata/Palettes/index.html,1,ENTRY_ID is the zero-based archive table ordinal
E:\cultures\vanilla-data\DataX\Libs\data0001.lib,1014,data\engine2d\bin\sounds\static\wolveattack05.wav,187351186,63330,WAV,Audio,aud:1014,SOURCE_COMPLETE,Audio/static/wolveattack05.wav,Audio/index.html,1,ENTRY_ID is the zero-based archive table ordinal
E:\cultures\vanilla-data\DataX\Libs\data0001.lib,1015,data\engine2d\bin\bobs\ls_dungeon_s.bmd,82097969,21451,BMD,Source libraries,lib:ls_dungeon_s,SOURCE_COMPLETE,Shared/SourceLibraries/ls_dungeon_s/library.json,Shared/SourceLibraries/index.html,1,ENTRY_ID is the zero-based archive table ordinal
E:\cultures\vanilla-data\DataX\Libs\data0001.lib,1016,data\engine2d\bin\bobs\ls_meadows_s.bmd,111252096,7890,BMD,Source libraries,lib:ls_meadows_s,SOURCE_COMPLETE,Shared/SourceLibraries/ls_meadows_s/library.json,Shared/SourceLibraries/index.html,20,ENTRY_ID is the zero-based archive table ordinal
E:\cultures\vanilla-data\DataX\Libs\data0001.lib,1017,data\engine2d\bin\palettes\landscapes\lion.pcx,132811796,901,PCX,Palettes,img:1017,PIXEL_CONFIRMED,Metadata/Palettes/landscapes/lion.png,Metadata/Palettes/index.html,1,ENTRY_ID is the zero-based archive table ordinal
E:\cultures\vanilla-data\DataX\Libs\data0001.lib,1018,data\engine2d\bin\sounds\static\wolveattack06.wav,187414516,61288,WAV,Audio,aud:1018,SOURCE_COMPLETE,Audio/static/wolveattack06.wav,Audio/index.html,1,ENTRY_ID is the zero-based archive table ordinal
E:\cultures\vanilla-data\DataX\Libs\data0001.lib,1019,data\engine2d\inis\humans\sounds_nomissioncd.cif,193544767,3679,CIF,Native definitions,cif:1019,SOURCE_COMPLETE,Metadata/Sources/CIF/data/engine2d/inis/humans/sounds_nomissioncd.cif.txt,Metadata/Sources/index.html,1,ENTRY_ID is the zero-based archive table ordinal
E:\cultures\vanilla-data\DataX\Libs\data0001.lib,1020,data\edit\macromaps\macromap000.cif,255298,1005,CIF,Native definitions,cif:1020,SOURCE_COMPLETE,Metadata/Sources/CIF/data/edit/macromaps/macromap000.cif.txt,Metadata/Sources/index.html,1,ENTRY_ID is the zero-based archive table ordinal
E:\cultures\vanilla-data\DataX\Libs\data0001.lib,1021,data\engine2d\bin\bobs\ls_ruin_byzantine_s.bmd,111880141,5690,BMD,Source libraries,lib:ls_ruin_byzantine_s,SOURCE_COMPLETE,Shared/SourceLibraries/ls_ruin_byzantine_s/library.json,Shared/SourceLibraries/index.html,1,ENTRY_ID is the zero-based archive table ordinal
E:\cultures\vanilla-data\DataX\Libs\data0001.lib,1022,data\engine2d\bin\sounds\generic\animals_snake01.wav,148548286,102108,WAV,Audio,aud:1022,SOURCE_COMPLETE,Audio/generic/animals_snake01.wav,Audio/index.html,1,ENTRY_ID is the zero-based archive table ordinal
E:\cultures\vanilla-data\DataX\Libs\data0001.lib,1023,data\engine2d\bin\sounds\static\wolveattack07.wav,187475804,55166,WAV,Audio,aud:1023,SOURCE_COMPLETE,Audio/static/wolveattack07.wav,Audio/index.html,1,ENTRY_ID is the zero-based archive table ordinal
E:\cultures\vanilla-data\DataX\Libs\data0001.lib,1024,data\engine2d\inis\houses\houses.cif,192918316,551993,CIF,Native definitions,cif:1024,SOURCE_COMPLETE,Metadata/Sources/CIF/data/engine2d/inis/houses/houses.cif.txt,Metadata/Sources/index.html,1,ENTRY_ID is the zero-based archive table ordinal
E:\cultures\vanilla-data\DataX\Libs\data0001.lib,1025,data\engine2d\bin\sounds\generic\animals_snake02.wav,148650394,69452,WAV,Audio,aud:1025,SOURCE_COMPLETE,Audio/generic/animals_snake02.wav,Audio/index.html,1,ENTRY_ID is the zero-based archive table ordinal
E:\cultures\vanilla-data\DataX\Libs\data0001.lib,1026,data\engine2d\bin\sounds\static\wolveattack08.wav,187530970,51084,WAV,Audio,aud:1026,SOURCE_COMPLETE,Audio/static/wolveattack08.wav,Audio/index.html,1,ENTRY_ID is the zero-based archive table ordinal
E:\cultures\vanilla-data\DataX\Libs\data0001.lib,1027,data\maps\multiplayer_02_06_ressourcen\text\eng\briefings\briefings.txt,225658481,588,TXT,Native documents,doc:1027,SOURCE_COMPLETE,Metadata/Sources/Raw/data/maps/multiplayer_02_06_ressourcen/text/eng/briefings/briefings.txt,Metadata/Sources/index.html,1,ENTRY_ID is the zero-based archive table ordinal
E:\cultures\vanilla-data\DataX\Libs\data0001.lib,1028,data\engine2d\bin\bobs\ls_harbour_s.bmd,89848859,13293,BMD,Source libraries,lib:ls_harbour_s,SOURCE_COMPLETE,Shared/SourceLibraries/ls_harbour_s/library.json,Shared/SourceLibraries/index.html,1,ENTRY_ID is the zero-based archive table ordinal
E:\cultures\vanilla-data\DataX\Libs\data0001.lib,1029,data\engine2d\bin\sounds\generic\animals_snake03.wav,148719846,167420,WAV,Audio,aud:1029,SOURCE_COMPLETE,Audio/generic/animals_snake03.wav,Audio/index.html,1,ENTRY_ID is the zero-based archive table ordinal
E:\cultures\vanilla-data\DataX\Libs\data0001.lib,1030,data\text\eng\strings\gameobjects\vehicletasks.cif,255173647,278,CIF,Native definitions,cif:1030,SOURCE_COMPLETE,Metadata/Sources/CIF/data/text/eng/strings/gameobjects/vehicletasks.cif.txt,Metadata/Sources/index.html,1,ENTRY_ID is the zero-based archive table ordinal
E:\cultures\vanilla-data\DataX\Libs\data0001.lib,1031,data\engine2d\bin\sounds\generic\animals_sheep01.wav,148319460,32714,WAV,Audio,aud:1031,SOURCE_COMPLETE,Audio/generic/animals_sheep01.wav,Audio/index.html,1,ENTRY_ID is the zero-based archive table ordinal
E:\cultures\vanilla-data\DataX\Libs\data0001.lib,1032,data\engine2d\bin\sounds\generic\animals_snake04.wav,148887266,49042,WAV,Audio,aud:1032,SOURCE_COMPLETE,Audio/generic/animals_snake04.wav,Audio/index.html,1,ENTRY_ID is the zero-based archive table ordinal
E:\cultures\vanilla-data\DataX\Libs\data0001.lib,1033,data\engine2d\bin\sounds\humantalk\f1ok01.wav,161183720,20468,WAV,Audio,aud:1033,SOURCE_COMPLETE,Audio/humantalk/f1ok01.wav,Audio/index.html,1,ENTRY_ID is the zero-based archive table ordinal
E:\cultures\vanilla-data\DataX\Libs\data0001.lib,1034,data\engine2d\bin\sounds\humantalk\talk_f01.wav,166599454,134764,WAV,Audio,aud:1034,SOURCE_COMPLETE,Audio/humantalk/talk_f01.wav,Audio/index.html,1,ENTRY_ID is the zero-based archive table ordinal
E:\cultures\vanilla-data\DataX\Libs\data0001.lib,1035,data\engine2d\bin\sounds\humantalk\talk_f10.wav,167979696,191912,WAV,Audio,aud:1035,UNKNOWN,Audio/humantalk/talk_f10.wav,Audio/index.html,1,ENTRY_ID is the zero-based archive table ordinal
E:\cultures\vanilla-data\DataX\Libs\data0001.lib,1036,data\engine2d\bin\sounds\ambient\desert1.wav,135976006,626646,WAV,Audio,aud:1036,UNKNOWN,Audio/ambient/desert1.wav,Audio/index.html,1,ENTRY_ID is the zero-based archive table ordinal
E:\cultures\vanilla-data\DataX\Libs\data0001.lib,1037,data\engine2d\bin\sounds\generic\animals_sheep02.wav,148352174,44960,WAV,Audio,aud:1037,SOURCE_COMPLETE,Audio/generic/animals_sheep02.wav,Audio/index.html,1,ENTRY_ID is the zero-based archive table ordinal
E:\cultures\vanilla-data\DataX\Libs\data0001.lib,1038,data\engine2d\bin\sounds\generic\animals_snake05.wav,148936308,51084,WAV,Audio,aud:1038,SOURCE_COMPLETE,Audio/generic/animals_snake05.wav,Audio/index.html,1,ENTRY_ID is the zero-based archive table ordinal
E:\cultures\vanilla-data\DataX\Libs\data0001.lib,1039,data\engine2d\bin\sounds\gui\chat_incoming.wav,153308076,8222,WAV,Audio,aud:1039,UNKNOWN,Audio/gui/chat_incoming.wav,Audio/index.html,1,ENTRY_ID is the zero-based archive table ordinal
E:\cultures\vanilla-data\DataX\Libs\data0001.lib,1040,data\engine2d\bin\sounds\gui\click_confirm.wav,153316298,2100,WAV,Audio,aud:1040,SOURCE_COMPLETE,Audio/gui/click_confirm.wav,Audio/index.html,1,ENTRY_ID is the zero-based archive table ordinal
E:\cultures\vanilla-data\DataX\Libs\data0001.lib,1041,data\engine2d\bin\sounds\humantalk\f1ok02.wav,161204188,36796,WAV,Audio,aud:1041,SOURCE_COMPLETE,Audio/humantalk/f1ok02.wav,Audio/index.html,1,ENTRY_ID is the zero-based archive table ordinal
E:\cultures\vanilla-data\DataX\Libs\data0001.lib,1042,data\engine2d\bin\sounds\humantalk\f2ok01.wav,161433132,26592,WAV,Audio,aud:1042,SOURCE_COMPLETE,Audio/humantalk/f2ok01.wav,Audio/index.html,1,ENTRY_ID is the zero-based archive table ordinal
E:\cultures\vanilla-data\DataX\Libs\data0001.lib,1043,data\engine2d\bin\sounds\humantalk\talk_f02.wav,166734218,91904,WAV,Audio,aud:1043,SOURCE_COMPLETE,Audio/humantalk/talk_f02.wav,Audio/index.html,1,ENTRY_ID is the zero-based archive table ordinal
E:\cultures\vanilla-data\DataX\Libs\data0001.lib,1044,data\engine2d\bin\sounds\humantalk\talk_f11.wav,168171608,177626,WAV,Audio,aud:1044,SOURCE_COMPLETE,Audio/humantalk/talk_f11.wav,Audio/index.html,1,ENTRY_ID is the zero-based archive table ordinal
E:\cultures\vanilla-data\DataX\Libs\data0001.lib,1045,data\engine2d\bin\sounds\humantalk\talk_f20.wav,169211002,265388,WAV,Audio,aud:1045,SOURCE_COMPLETE,Audio/humantalk/talk_f20.wav,Audio/index.html,1,ENTRY_ID is the zero-based archive table ordinal
E:\cultures\vanilla-data\DataX\Libs\data0001.lib,1046,data\maps\multiplayer_201_special_coop\text\eng\briefings\0000.hlt,228928738,269,HLT,Native documents,doc:1046,SOURCE_COMPLETE,Metadata/Sources/Raw/data/maps/multiplayer_201_special_coop/text/eng/briefings/0000.hlt,Metadata/Sources/index.html,1,ENTRY_ID is the zero-based archive table ordinal
E:\cultures\vanilla-data\DataX\Libs\data0001.lib,1047,data\text\eng\hypertext\ingamehelp\palettes\font_dark.pcx,254873825,125239,PCX,Images,img:1047,PIXEL_CONFIRMED,UI/Hypertext/ingamehelp_palettes/font_dark.png,UI/Images/index.html,1,ENTRY_ID is the zero-based archive table ordinal
E:\cultures\vanilla-data\DataX\Libs\data0001.lib,1048,data\edit\macromaps\desertstone000_underworld.cif,232207,4125,CIF,Native definitions,cif:1048,SOURCE_COMPLETE,Metadata/Sources/CIF/data/edit/macromaps/desertstone000_underworld.cif.txt,Metadata/Sources/index.html,1,ENTRY_ID is the zero-based archive table ordinal
E:\cultures\vanilla-data\DataX\Libs\data0001.lib,1049,data\engine2d\bin\palettes\landscapes\iron.pcx,132810895,901,PCX,Palettes,img:1049,PIXEL_CONFIRMED,Metadata/Palettes/landscapes/iron.png,Metadata/Palettes/index.html,1,ENTRY_ID is the zero-based archive table ordinal
E:\cultures\vanilla-data\DataX\Libs\data0001.lib,1050,data\engine2d\bin\sounds\ambient\bird_wingflap01.wav,135253834,51084,WAV,Audio,aud:1050,SOURCE_COMPLETE,Audio/ambient/bird_wingflap01.wav,Audio/index.html,1,ENTRY_ID is the zero-based archive table ordinal
E:\cultures\vanilla-data\DataX\Libs\data0001.lib,1051,data\engine2d\bin\sounds\ambient\desert2.wav,136602652,622564,WAV,Audio,aud:1051,UNKNOWN,Audio/ambient/desert2.wav,Audio/index.html,1,ENTRY_ID is the zero-based archive table ordinal
E:\cultures\vanilla-data\DataX\Libs\data0001.lib,1052,data\engine2d\bin\sounds\generic\animals_sheep03.wav,148397134,51084,WAV,Audio,aud:1052,SOURCE_COMPLETE,Audio/generic/animals_sheep03.wav,Audio/index.html,1,ENTRY_ID is the zero-based archive table ordinal
E:\cultures\vanilla-data\DataX\Libs\data0001.lib,1053,data\engine2d\bin\sounds\generic\animals_snake06.wav,148987392,102108,WAV,Audio,aud:1053,SOURCE_COMPLETE,Audio/generic/animals_snake06.wav,Audio/index.html,1,ENTRY_ID is the zero-based archive table ordinal
E:\cultures\vanilla-data\DataX\Libs\data0001.lib,1054,data\engine2d\bin\sounds\humantalk\f1ok03.wav,161240984,38838,WAV,Audio,aud:1054,SOURCE_COMPLETE,Audio/humantalk/f1ok03.wav,Audio/index.html,1,ENTRY_ID is the zero-based archive table ordinal
E:\cultures\vanilla-data\DataX\Libs\data0001.lib,1055,data\engine2d\bin\sounds\humantalk\f2ok02.wav,161459724,34756,WAV,Audio,aud:1055,SOURCE_COMPLETE,Audio/humantalk/f2ok02.wav,Audio/index.html,1,ENTRY_ID is the zero-based archive table ordinal
E:\cultures\vanilla-data\DataX\Libs\data0001.lib,1056,data\engine2d\bin\sounds\humantalk\f3ok01.wav,161690708,14346,WAV,Audio,aud:1056,SOURCE_COMPLETE,Audio/humantalk/f3ok01.wav,Audio/index.html,1,ENTRY_ID is the zero-based archive table ordinal
E:\cultures\vanilla-data\DataX\Libs\data0001.lib,1057,data\engine2d\bin\sounds\humantalk\talk_f03.wav,166826122,79658,WAV,Audio,aud:1057,SOURCE_COMPLETE,Audio/humantalk/talk_f03.wav,Audio/index.html,1,ENTRY_ID is the zero-based archive table ordinal
E:\cultures\vanilla-data\DataX\Libs\data0001.lib,1058,data\engine2d\bin\sounds\humantalk\talk_f12.wav,168349234,204158,WAV,Audio,aud:1058,SOURCE_COMPLETE,Audio/humantalk/talk_f12.wav,Audio/index.html,1,ENTRY_ID is the zero-based archive table ordinal
E:\cultures\vanilla-data\DataX\Libs\data0001.lib,1059,data\engine2d\bin\sounds\humantalk\talk_f21.wav,169476390,87822,WAV,Audio,aud:1059,SOURCE_COMPLETE,Audio/humantalk/talk_f21.wav,Audio/index.html,1,ENTRY_ID is the zero-based archive table ordinal
E:\cultures\vanilla-data\DataX\Libs\data0001.lib,1060,data\engine2d\bin\sounds\humantalk\talk_f30.wav,170544362,298044,WAV,Audio,aud:1060,SOURCE_COMPLETE,Audio/humantalk/talk_f30.wav,Audio/index.html,1,ENTRY_ID is the zero-based archive table ordinal
E:\cultures\vanilla-data\DataX\Libs\data0001.lib,1061,data\maps\multiplayer_201_special_coop\text\eng\briefings\0001.hlt,228929007,269,HLT,Native documents,doc:1061,SOURCE_COMPLETE,Metadata/Sources/Raw/data/maps/multiplayer_201_special_coop/text/eng/briefings/0001.hlt,Metadata/Sources/index.html,1,ENTRY_ID is the zero-based archive table ordinal
E:\cultures\vanilla-data\DataX\Libs\data0001.lib,1062,data\engine2d\bin\sounds\ambient\bird_wingflap02.wav,135304918,67410,WAV,Audio,aud:1062,SOURCE_COMPLETE,Audio/ambient/bird_wingflap02.wav,Audio/index.html,1,ENTRY_ID is the zero-based archive table ordinal
E:\cultures\vanilla-data\DataX\Libs\data0001.lib,1063,data\engine2d\bin\sounds\ambient\desert3.wav,137225216,620522,WAV,Audio,aud:1063,SOURCE_COMPLETE,Audio/ambient/desert3.wav,Audio/index.html,1,ENTRY_ID is the zero-based archive table ordinal
E:\cultures\vanilla-data\DataX\Libs\data0001.lib,1064,data\engine2d\bin\sounds\generic\animals_sheep04.wav,148448218,100068,WAV,Audio,aud:1064,SOURCE_COMPLETE,Audio/generic/animals_sheep04.wav,Audio/index.html,1,ENTRY_ID is the zero-based archive table ordinal
E:\cultures\vanilla-data\DataX\Libs\data0001.lib,1065,data\engine2d\bin\sounds\generic\animals_snake07.wav,149089500,98026,WAV,Audio,aud:1065,SOURCE_COMPLETE,Audio/generic/animals_snake07.wav,Audio/index.html,1,ENTRY_ID is the zero-based archive table ordinal
E:\cultures\vanilla-data\DataX\Libs\data0001.lib,1066,data\engine2d\bin\sounds\humantalk\f1no01.wav,161042658,28632,WAV,Audio,aud:1066,SOURCE_COMPLETE,Audio/humantalk/f1no01.wav,Audio/index.html,1,ENTRY_ID is the zero-based archive table ordinal
E:\cultures\vanilla-data\DataX\Libs\data0001.lib,1067,data\engine2d\bin\sounds\humantalk\f2ok03.wav,161494480,40878,WAV,Audio,aud:1067,SOURCE_COMPLETE,Audio/humantalk/f2ok03.wav,Audio/index.html,1,ENTRY_ID is the zero-based archive table ordinal
E:\cultures\vanilla-data\DataX\Libs\data0001.lib,1068,data\engine2d\bin\sounds\humantalk\f3ok02.wav,161705054,42920,WAV,Audio,aud:1068,SOURCE_COMPLETE,Audio/humantalk/f3ok02.wav,Audio/index.html,1,ENTRY_ID is the zero-based archive table ordinal
E:\cultures\vanilla-data\DataX\Libs\data0001.lib,1069,data\engine2d\bin\sounds\humantalk\f4ok01.wav,161938080,22510,WAV,Audio,aud:1069,SOURCE_COMPLETE,Audio/humantalk/f4ok01.wav,Audio/index.html,1,ENTRY_ID is the zero-based archive table ordinal
E:\cultures\vanilla-data\DataX\Libs\data0001.lib,1070,data\engine2d\bin\sounds\humantalk\talk_f04.wav,166905780,228650,WAV,Audio,aud:1070,SOURCE_COMPLETE,Audio/humantalk/talk_f04.wav,Audio/index.html,1,ENTRY_ID is the zero-based archive table ordinal
E:\cultures\vanilla-data\DataX\Libs\data0001.lib,1071,data\engine2d\bin\sounds\humantalk\talk_f13.wav,168553392,151092,WAV,Audio,aud:1071,SOURCE_COMPLETE,Audio/humantalk/talk_f13.wav,Audio/index.html,1,ENTRY_ID is the zero-based archive table ordinal
E:\cultures\vanilla-data\DataX\Libs\data0001.lib,1072,data\engine2d\bin\sounds\humantalk\talk_f22.wav,169564212,65370,WAV,Audio,aud:1072,SOURCE_COMPLETE,Audio/humantalk/talk_f22.wav,Audio/index.html,1,ENTRY_ID is the zero-based archive table ordinal
E:\cultures\vanilla-data\DataX\Libs\data0001.lib,1073,data\engine2d\bin\sounds\humantalk\talk_f31.wav,170842406,47002,WAV,Audio,aud:1073,SOURCE_COMPLETE,Audio/humantalk/talk_f31.wav,Audio/index.html,1,ENTRY_ID is the zero-based archive table ordinal
E:\cultures\vanilla-data\DataX\Libs\data0001.lib,1074,data\maps\demo_mainmenu_10\text\eng\briefings\fonts\font10.fnt,224703070,15083,FNT,Fonts,font:1074,SOURCE_COMPLETE,,UI/Fonts/index.html,1,ENTRY_ID is the zero-based archive table ordinal
E:\cultures\vanilla-data\DataX\Libs\data0001.lib,1075,data\engine2d\bin\bobs\ls_houses_byzantine.bmd,90242389,3074925,BMD,Source libraries,lib:ls_houses_byzantine,SOURCE_COMPLETE,Shared/SourceLibraries/ls_houses_byzantine/library.json,Shared/SourceLibraries/index.html,9,ENTRY_ID is the zero-based archive table ordinal
E:\cultures\vanilla-data\DataX\Libs\data0001.lib,1076,data\engine2d\bin\sounds\ambient\bird_wingflap03.wav,135372328,51084,WAV,Audio,aud:1076,SOURCE_COMPLETE,Audio/ambient/bird_wingflap03.wav,Audio/index.html,1,ENTRY_ID is the zero-based archive table ordinal
E:\cultures\vanilla-data\DataX\Libs\data0001.lib,1077,data\engine2d\bin\sounds\generic\animals_snake08.wav,149187526,55166,WAV,Audio,aud:1077,SOURCE_COMPLETE,Audio/generic/animals_snake08.wav,Audio/index.html,1,ENTRY_ID is the zero-based archive table ordinal
E:\cultures\vanilla-data\DataX\Libs\data0001.lib,1078,data\engine2d\bin\sounds\humantalk\f1no02.wav,161071290,36796,WAV,Audio,aud:1078,SOURCE_COMPLETE,Audio/humantalk/f1no02.wav,Audio/index.html,1,ENTRY_ID is the zero-based archive table ordinal
E:\cultures\vanilla-data\DataX\Libs\data0001.lib,1079,data\engine2d\bin\sounds\humantalk\f2no01.wav,161279822,36796,WAV,Audio,aud:1079,SOURCE_COMPLETE,Audio/humantalk/f2no01.wav,Audio/index.html,1,ENTRY_ID is the zero-based archive table ordinal
E:\cultures\vanilla-data\DataX\Libs\data0001.lib,1080,data\engine2d\bin\sounds\humantalk\f3ok03.wav,161747974,42920,WAV,Audio,aud:1080,SOURCE_COMPLETE,Audio/humantalk/f3ok03.wav,Audio/index.html,1,ENTRY_ID is the zero-based archive table ordinal
E:\cultures\vanilla-data\DataX\Libs\data0001.lib,1081,data\engine2d\bin\sounds\humantalk\f4ok02.wav,161960590,38838,WAV,Audio,aud:1081,SOURCE_COMPLETE,Audio/humantalk/f4ok02.wav,Audio/index.html,1,ENTRY_ID is the zero-based archive table ordinal
E:\cultures\vanilla-data\DataX\Libs\data0001.lib,1082,data\engine2d\bin\sounds\humantalk\f5ok01.wav,162211984,26592,WAV,Audio,aud:1082,SOURCE_COMPLETE,Audio/humantalk/f5ok01.wav,Audio/index.html,1,ENTRY_ID is the zero-based archive table ordinal
E:\cultures\vanilla-data\DataX\Libs\data0001.lib,1083,data\engine2d\bin\sounds\humantalk\talk_f05.wav,167134430,130682,WAV,Audio,aud:1083,SOURCE_COMPLETE,Audio/humantalk/talk_f05.wav,Audio/index.html,1,ENTRY_ID is the zero-based archive table ordinal
E:\cultures\vanilla-data\DataX\Libs\data0001.lib,1084,data\engine2d\bin\sounds\humantalk\talk_f14.wav,168704484,177626,WAV,Audio,aud:1084,SOURCE_COMPLETE,Audio/humantalk/talk_f14.wav,Audio/index.html,1,ENTRY_ID is the zero-based archive table ordinal
E:\cultures\vanilla-data\DataX\Libs\data0001.lib,1085,data\engine2d\bin\sounds\humantalk\talk_f23.wav,169629582,42920,WAV,Audio,aud:1085,SOURCE_COMPLETE,Audio/humantalk/talk_f23.wav,Audio/index.html,1,ENTRY_ID is the zero-based archive table ordinal
E:\cultures\vanilla-data\DataX\Libs\data0001.lib,1086,data\engine2d\bin\sounds\humantalk\talk_f32.wav,170889408,212322,WAV,Audio,aud:1086,SOURCE_COMPLETE,Audio/humantalk/talk_f32.wav,Audio/index.html,1,ENTRY_ID is the zero-based archive table ordinal
E:\cultures\vanilla-data\DataX\Libs\data0001.lib,1087,data\engine2d\bin\sounds\static\wolvegethit01.wav,187582054,38838,WAV,Audio,aud:1087,SOURCE_COMPLETE,Audio/static/wolvegethit01.wav,Audio/index.html,1,ENTRY_ID is the zero-based archive table ordinal
E:\cultures\vanilla-data\DataX\Libs\data0001.lib,1088,data\engine2d\bin\sounds\ambient\bird_wingflap04.wav,135423412,38838,WAV,Audio,aud:1088,SOURCE_COMPLETE,Audio/ambient/bird_wingflap04.wav,Audio/index.html,1,ENTRY_ID is the zero-based archive table ordinal
E:\cultures\vanilla-data\DataX\Libs\data0001.lib,1089,data\engine2d\bin\sounds\humantalk\f1no03.wav,161108086,34756,WAV,Audio,aud:1089,SOURCE_COMPLETE,Audio/humantalk/f1no03.wav,Audio/index.html,1,ENTRY_ID is the zero-based archive table ordinal
E:\cultures\vanilla-data\DataX\Libs\data0001.lib,1090,data\engine2d\bin\sounds\humantalk\f2no02.wav,161316618,38838,WAV,Audio,aud:1090,SOURCE_COMPLETE,Audio/humantalk/f2no02.wav,Audio/index.html,1,ENTRY_ID is the zero-based archive table ordinal
E:\cultures\vanilla-data\DataX\Libs\data0001.lib,1091,data\engine2d\bin\sounds\humantalk\f3no01.wav,161535358,28632,WAV,Audio,aud:1091,SOURCE_COMPLETE,Audio/humantalk/f3no01.wav,Audio/index.html,1,ENTRY_ID is the zero-based archive table ordinal
E:\cultures\vanilla-data\DataX\Libs\data0001.lib,1092,data\engine2d\bin\sounds\humantalk\f4ok03.wav,161999428,49042,WAV,Audio,aud:1092,SOURCE_COMPLETE,Audio/humantalk/f4ok03.wav,Audio/index.html,1,ENTRY_ID is the zero-based archive table ordinal
E:\cultures\vanilla-data\DataX\Libs\data0001.lib,1093,data\engine2d\bin\sounds\humantalk\f5ok02.wav,162238576,42920,WAV,Audio,aud:1093,SOURCE_COMPLETE,Audio/humantalk/f5ok02.wav,Audio/index.html,1,ENTRY_ID is the zero-based archive table ordinal
E:\cultures\vanilla-data\DataX\Libs\data0001.lib,1094,data\engine2d\bin\sounds\humantalk\f6ok01.wav,162479766,26592,WAV,Audio,aud:1094,SOURCE_COMPLETE,Audio/humantalk/f6ok01.wav,Audio/index.html,1,ENTRY_ID is the zero-based archive table ordinal
E:\cultures\vanilla-data\DataX\Libs\data0001.lib,1095,data\engine2d\bin\sounds\humantalk\talk_f06.wav,167265112,83740,WAV,Audio,aud:1095,SOURCE_COMPLETE,Audio/humantalk/talk_f06.wav,Audio/index.html,1,ENTRY_ID is the zero-based archive table ordinal
E:\cultures\vanilla-data\DataX\Libs\data0001.lib,1096,data\engine2d\bin\sounds\humantalk\talk_f15.wav,168882110,38838,WAV,Audio,aud:1096,SOURCE_COMPLETE,Audio/humantalk/talk_f15.wav,Audio/index.html,1,ENTRY_ID is the zero-based archive table ordinal
E:\cultures\vanilla-data\DataX\Libs\data0001.lib,1097,data\engine2d\bin\sounds\humantalk\talk_f24.wav,169672502,283758,WAV,Audio,aud:1097,SOURCE_COMPLETE,Audio/humantalk/talk_f24.wav,Audio/index.html,1,ENTRY_ID is the zero-based archive table ordinal
E:\cultures\vanilla-data\DataX\Libs\data0001.lib,1098,data\engine2d\bin\sounds\humantalk\talk_f33.wav,171101730,234774,WAV,Audio,aud:1098,SOURCE_COMPLETE,Audio/humantalk/talk_f33.wav,Audio/index.html,1,ENTRY_ID is the zero-based archive table ordinal
E:\cultures\vanilla-data\DataX\Libs\data0001.lib,1099,data\engine2d\bin\sounds\static\wolvegethit02.wav,187620892,51084,WAV,Audio,aud:1099,SOURCE_COMPLETE,Audio/static/wolvegethit02.wav,Audio/index.html,1,ENTRY_ID is the zero-based archive table ordinal
E:\cultures\vanilla-data\DataX\Libs\data0001.lib,1100,data\maps\demo_mainmenu_10\text\eng\briefings\fonts\font12.fnt,224718153,17840,FNT,Fonts,font:1100,SOURCE_COMPLETE,,UI/Fonts/index.html,1,ENTRY_ID is the zero-based archive table ordinal
E:\cultures\vanilla-data\DataX\Libs\data0001.lib,1101,data\engine2d\bin\bobs\cr_ani_body_00_s.bmd,6250280,497382,BMD,Source libraries,lib:cr_ani_body_00_s,SOURCE_COMPLETE,Shared/SourceLibraries/cr_ani_body_00_s/library.json,Shared/SourceLibraries/index.html,681,ENTRY_ID is the zero-based archive table ordinal
E:\cultures\vanilla-data\DataX\Libs\data0001.lib,1102,data\engine2d\bin\bobs\ls_goetter_s.bmd,88822554,68559,BMD,Source libraries,lib:ls_goetter_s,SOURCE_COMPLETE,Shared/SourceLibraries/ls_goetter_s/library.json,Shared/SourceLibraries/index.html,15,ENTRY_ID is the zero-based archive table ordinal
E:\cultures\vanilla-data\DataX\Libs\data0001.lib,1103,data\engine2d\bin\bobs\ls_ruin_saracen_s.bmd,112161056,14498,BMD,Source libraries,lib:ls_ruin_saracen_s,SOURCE_COMPLETE,Shared/SourceLibraries/ls_ruin_saracen_s/library.json,Shared/SourceLibraries/index.html,1,ENTRY_ID is the zero-based archive table ordinal
E:\cultures\vanilla-data\DataX\Libs\data0001.lib,1104,data\engine2d\bin\sounds\ambient\bird_wingflap05.wav,135462250,42920,WAV,Audio,aud:1104,SOURCE_COMPLETE,Audio/ambient/bird_wingflap05.wav,Audio/index.html,1,ENTRY_ID is the zero-based archive table ordinal
E:\cultures\vanilla-data\DataX\Libs\data0001.lib,1105,data\engine2d\bin\sounds\humantalk\f1no04.wav,161142842,40878,WAV,Audio,aud:1105,SOURCE_COMPLETE,Audio/humantalk/f1no04.wav,Audio/index.html,1,ENTRY_ID is the zero-based archive table ordinal
E:\cultures\vanilla-data\DataX\Libs\data0001.lib,1106,data\engine2d\bin\sounds\humantalk\f2no03.wav,161355456,38838,WAV,Audio,aud:1106,SOURCE_COMPLETE,Audio/humantalk/f2no03.wav,Audio/index.html,1,ENTRY_ID is the zero-based archive table ordinal
E:\cultures\vanilla-data\DataX\Libs\data0001.lib,1107,data\engine2d\bin\sounds\humantalk\f3no02.wav,161563990,38838,WAV,Audio,aud:1107,SOURCE_COMPLETE,Audio/humantalk/f3no02.wav,Audio/index.html,1,ENTRY_ID is the zero-based archive table ordinal
E:\cultures\vanilla-data\DataX\Libs\data0001.lib,1108,data\engine2d\bin\sounds\humantalk\f4no01.wav,161790894,24550,WAV,Audio,aud:1108,SOURCE_COMPLETE,Audio/humantalk/f4no01.wav,Audio/index.html,1,ENTRY_ID is the zero-based archive table ordinal
E:\cultures\vanilla-data\DataX\Libs\data0001.lib,1109,data\engine2d\bin\sounds\humantalk\f5ok03.wav,162281496,44960,WAV,Audio,aud:1109,SOURCE_COMPLETE,Audio/humantalk/f5ok03.wav,Audio/index.html,1,ENTRY_ID is the zero-based archive table ordinal
E:\cultures\vanilla-data\DataX\Libs\data0001.lib,1110,data\engine2d\bin\sounds\humantalk\f6ok02.wav,162506358,42920,WAV,Audio,aud:1110,SOURCE_COMPLETE,Audio/humantalk/f6ok02.wav,Audio/index.html,1,ENTRY_ID is the zero-based archive table ordinal
E:\cultures\vanilla-data\DataX\Libs\data0001.lib,1111,data\engine2d\bin\sounds\humantalk\talk_f07.wav,167348852,179666,WAV,Audio,aud:1111,SOURCE_COMPLETE,Audio/humantalk/talk_f07.wav,Audio/index.html,1,ENTRY_ID is the zero-based archive table ordinal
E:\cultures\vanilla-data\DataX\Libs\data0001.lib,1112,data\engine2d\bin\sounds\humantalk\talk_f16.wav,168920948,63330,WAV,Audio,aud:1112,SOURCE_COMPLETE,Audio/humantalk/talk_f16.wav,Audio/index.html,1,ENTRY_ID is the zero-based archive table ordinal
E:\cultures\vanilla-data\DataX\Libs\data0001.lib,1113,data\engine2d\bin\sounds\humantalk\talk_f25.wav,169956260,83740,WAV,Audio,aud:1113,SOURCE_COMPLETE,Audio/humantalk/talk_f25.wav,Audio/index.html,1,ENTRY_ID is the zero-based archive table ordinal
E:\cultures\vanilla-data\DataX\Libs\data0001.lib,1114,data\engine2d\bin\sounds\humantalk\talk_f34.wav,171336504,85780,WAV,Audio,aud:1114,SOURCE_COMPLETE,Audio/humantalk/talk_f34.wav,Audio/index.html,1,ENTRY_ID is the zero-based archive table ordinal
E:\cultures\vanilla-data\DataX\Libs\data0001.lib,1115,data\engine2d\bin\sounds\static\ship01.wav,182583404,69452,WAV,Audio,aud:1115,SOURCE_COMPLETE,Audio/static/ship01.wav,Audio/index.html,1,ENTRY_ID is the zero-based archive table ordinal
E:\cultures\vanilla-data\DataX\Libs\data0001.lib,1116,data\engine2d\bin\sounds\static\ship10.wav,183647288,14346,WAV,Audio,aud:1116,SOURCE_COMPLETE,Audio/static/ship10.wav,Audio/index.html,1,ENTRY_ID is the zero-based archive table ordinal
E:\cultures\vanilla-data\DataX\Libs\data0001.lib,1117,data\engine2d\bin\sounds\static\wolvegethit03.wav,187671976,44960,WAV,Audio,aud:1117,SOURCE_COMPLETE,Audio/static/wolvegethit03.wav,Audio/index.html,1,ENTRY_ID is the zero-based archive table ordinal
E:\cultures\vanilla-data\DataX\Libs\data0001.lib,1118,data\engine2d\bin\bobs\cr_ani_body_01_s.bmd,6770806,36,BMD,Source libraries,lib:cr_ani_body_01_s,SOURCE_COMPLETE,Shared/SourceLibraries/cr_ani_body_01_s/library.json,Shared/SourceLibraries/index.html,1,ENTRY_ID is the zero-based archive table ordinal
E:\cultures\vanilla-data\DataX\Libs\data0001.lib,1119,data\engine2d\bin\sounds\ambient\bird_wingflap06.wav,135505170,30672,WAV,Audio,aud:1119,SOURCE_COMPLETE,Audio/ambient/bird_wingflap06.wav,Audio/index.html,1,ENTRY_ID is the zero-based archive table ordinal
E:\cultures\vanilla-data\DataX\Libs\data0001.lib,1120,data\engine2d\bin\sounds\humantalk\f2no04.wav,161394294,38838,WAV,Audio,aud:1120,SOURCE_COMPLETE,Audio/humantalk/f2no04.wav,Audio/index.html,1,ENTRY_ID is the zero-based archive table ordinal
E:\cultures\vanilla-data\DataX\Libs\data0001.lib,1121,data\engine2d\bin\sounds\humantalk\f3no03.wav,161602828,40878,WAV,Audio,aud:1121,SOURCE_COMPLETE,Audio/humantalk/f3no03.wav,Audio/index.html,1,ENTRY_ID is the zero-based archive table ordinal
E:\cultures\vanilla-data\DataX\Libs\data0001.lib,1122,data\engine2d\bin\sounds\humantalk\f4no02.wav,161815444,42920,WAV,Audio,aud:1122,SOURCE_COMPLETE,Audio/humantalk/f4no02.wav,Audio/index.html,1,ENTRY_ID is the zero-based archive table ordinal
E:\cultures\vanilla-data\DataX\Libs\data0001.lib,1123,data\engine2d\bin\sounds\humantalk\f5no01.wav,162048470,36796,WAV,Audio,aud:1123,SOURCE_COMPLETE,Audio/humantalk/f5no01.wav,Audio/index.html,1,ENTRY_ID is the zero-based archive table ordinal
E:\cultures\vanilla-data\DataX\Libs\data0001.lib,1124,data\engine2d\bin\sounds\humantalk\f6ok03.wav,162549278,40878,WAV,Audio,aud:1124,SOURCE_COMPLETE,Audio/humantalk/f6ok03.wav,Audio/index.html,1,ENTRY_ID is the zero-based archive table ordinal
E:\cultures\vanilla-data\DataX\Libs\data0001.lib,1125,data\engine2d\bin\sounds\humantalk\m1ok01.wav,163675858,24550,WAV,Audio,aud:1125,SOURCE_COMPLETE,Audio/humantalk/m1ok01.wav,Audio/index.html,1,ENTRY_ID is the zero-based archive table ordinal
E:\cultures\vanilla-data\DataX\Libs\data0001.lib,1126,data\engine2d\bin\sounds\humantalk\talk_f08.wav,167528518,293962,WAV,Audio,aud:1126,SOURCE_COMPLETE,Audio/humantalk/talk_f08.wav,Audio/index.html,1,ENTRY_ID is the zero-based archive table ordinal
E:\cultures\vanilla-data\DataX\Libs\data0001.lib,1127,data\engine2d\bin\sounds\humantalk\talk_f17.wav,168984278,77616,WAV,Audio,aud:1127,SOURCE_COMPLETE,Audio/humantalk/talk_f17.wav,Audio/index.html,1,ENTRY_ID is the zero-based archive table ordinal
E:\cultures\vanilla-data\DataX\Libs\data0001.lib,1128,data\engine2d\bin\sounds\humantalk\talk_f26.wav,170040000,132724,WAV,Audio,aud:1128,SOURCE_COMPLETE,Audio/humantalk/talk_f26.wav,Audio/index.html,1,ENTRY_ID is the zero-based archive table ordinal
E:\cultures\vanilla-data\DataX\Libs\data0001.lib,1129,data\engine2d\bin\sounds\humantalk\talk_m01.wav,171422284,134764,WAV,Audio,aud:1129,SOURCE_COMPLETE,Audio/humantalk/talk_m01.wav,Audio/index.html,1,ENTRY_ID is the zero-based archive table ordinal
E:\cultures\vanilla-data\DataX\Libs\data0001.lib,1130,data\engine2d\bin\sounds\humantalk\talk_m10.wav,172808650,95986,WAV,Audio,aud:1130,UNKNOWN,Audio/humantalk/talk_m10.wav,Audio/index.html,1,ENTRY_ID is the zero-based archive table ordinal
E:\cultures\vanilla-data\DataX\Libs\data0001.lib,1131,data\engine2d\bin\sounds\static\ship02.wav,182652856,126600,WAV,Audio,aud:1131,SOURCE_COMPLETE,Audio/static/ship02.wav,Audio/index.html,1,ENTRY_ID is the zero-based archive table ordinal
E:\cultures\vanilla-data\DataX\Libs\data0001.lib,1132,data\engine2d\bin\sounds\static\ship11.wav,183661634,47002,WAV,Audio,aud:1132,SOURCE_COMPLETE,Audio/static/ship11.wav,Audio/index.html,1,ENTRY_ID is the zero-based archive table ordinal
E:\cultures\vanilla-data\DataX\Libs\data0001.lib,1133,data\maps\tutorial_001\map.cif,245661147,19694,CIF,Native definitions,cif:1133,SOURCE_COMPLETE,Metadata/Sources/CIF/data/maps/tutorial_001/map.cif.txt,Metadata/Sources/index.html,1,ENTRY_ID is the zero-based archive table ordinal
E:\cultures\vanilla-data\DataX\Libs\data0001.lib,1134,data\engine2d\bin\bobs\ls_houses_byzantine2_s.bmd,95420680,17538,BMD,Source libraries,lib:ls_houses_byzantine2_s,SOURCE_COMPLETE,Shared/SourceLibraries/ls_houses_byzantine2_s/library.json,Shared/SourceLibraries/index.html,10,ENTRY_ID is the zero-based archive table ordinal
E:\cultures\vanilla-data\DataX\Libs\data0001.lib,1135,data\engine2d\bin\palettes\misc\vertexcolors.pcx,132982719,901,PCX,Palettes,img:1135,PIXEL_CONFIRMED,Metadata/Palettes/misc/vertexcolors.png,Metadata/Palettes/index.html,1,ENTRY_ID is the zero-based archive table ordinal
E:\cultures\vanilla-data\DataX\Libs\data0001.lib,1136,data\engine2d\bin\sounds\humantalk\f3no04.wav,161643706,47002,WAV,Audio,aud:1136,SOURCE_COMPLETE,Audio/humantalk/f3no04.wav,Audio/index.html,1,ENTRY_ID is the zero-based archive table ordinal
E:\cultures\vanilla-data\DataX\Libs\data0001.lib,1137,data\engine2d\bin\sounds\humantalk\f4no03.wav,161858364,42920,WAV,Audio,aud:1137,SOURCE_COMPLETE,Audio/humantalk/f4no03.wav,Audio/index.html,1,ENTRY_ID is the zero-based archive table ordinal
E:\cultures\vanilla-data\DataX\Libs\data0001.lib,1138,data\engine2d\bin\sounds\humantalk\f5no02.wav,162085266,42920,WAV,Audio,aud:1138,SOURCE_COMPLETE,Audio/humantalk/f5no02.wav,Audio/index.html,1,ENTRY_ID is the zero-based archive table ordinal
E:\cultures\vanilla-data\DataX\Libs\data0001.lib,1139,data\engine2d\bin\sounds\humantalk\f6no01.wav,162326456,34756,WAV,Audio,aud:1139,SOURCE_COMPLETE,Audio/humantalk/f6no01.wav,Audio/index.html,1,ENTRY_ID is the zero-based archive table ordinal
E:\cultures\vanilla-data\DataX\Libs\data0001.lib,1140,data\engine2d\bin\sounds\humantalk\m1ok02.wav,163700408,16386,WAV,Audio,aud:1140,SOURCE_COMPLETE,Audio/humantalk/m1ok02.wav,Audio/index.html,1,ENTRY_ID is the zero-based archive table ordinal
E:\cultures\vanilla-data\DataX\Libs\data0001.lib,1141,data\engine2d\bin\sounds\humantalk\m2ok01.wav,163992916,20468,WAV,Audio,aud:1141,SOURCE_COMPLETE,Audio/humantalk/m2ok01.wav,Audio/index.html,1,ENTRY_ID is the zero-based archive table ordinal
E:\cultures\vanilla-data\DataX\Libs\data0001.lib,1142,data\engine2d\bin\sounds\humantalk\talk_f09.wav,167822480,157216,WAV,Audio,aud:1142,SOURCE_COMPLETE,Audio/humantalk/talk_f09.wav,Audio/index.html,1,ENTRY_ID is the zero-based archive table ordinal
E:\cultures\vanilla-data\DataX\Libs\data0001.lib,1143,data\engine2d\bin\sounds\humantalk\talk_f18.wav,169061894,81698,WAV,Audio,aud:1143,SOURCE_COMPLETE,Audio/humantalk/talk_f18.wav,Audio/index.html,1,ENTRY_ID is the zero-based archive table ordinal
E:\cultures\vanilla-data\DataX\Libs\data0001.lib,1144,data\engine2d\bin\sounds\humantalk\talk_f27.wav,170172724,140888,WAV,Audio,aud:1144,SOURCE_COMPLETE,Audio/humantalk/talk_f27.wav,Audio/index.html,1,ENTRY_ID is the zero-based archive table ordinal
E:\cultures\vanilla-data\DataX\Libs\data0001.lib,1145,data\engine2d\bin\sounds\humantalk\talk_m02.wav,171557048,98026,WAV,Audio,aud:1145,SOURCE_COMPLETE,Audio/humantalk/talk_m02.wav,Audio/index.html,1,ENTRY_ID is the zero-based archive table ordinal
E:\cultures\vanilla-data\DataX\Libs\data0001.lib,1146,data\engine2d\bin\sounds\humantalk\talk_m11.wav,172904636,106190,WAV,Audio,aud:1146,SOURCE_COMPLETE,Audio/humantalk/talk_m11.wav,Audio/index.html,1,ENTRY_ID is the zero-based archive table ordinal
E:\cultures\vanilla-data\DataX\Libs\data0001.lib,1147,data\engine2d\bin\sounds\humantalk\talk_m20.wav,174352230,149052,WAV,Audio,aud:1147,SOURCE_COMPLETE,Audio/humantalk/talk_m20.wav,Audio/index.html,1,ENTRY_ID is the zero-based archive table ordinal
E:\cultures\vanilla-data\DataX\Libs\data0001.lib,1148,data\engine2d\bin\sounds\static\ship03.wav,182779456,120478,WAV,Audio,aud:1148,SOURCE_COMPLETE,Audio/static/ship03.wav,Audio/index.html,1,ENTRY_ID is the zero-based archive table ordinal
E:\cultures\vanilla-data\DataX\Libs\data0001.lib,1149,data\engine2d\bin\sounds\static\ship12.wav,183708636,28632,WAV,Audio,aud:1149,SOURCE_COMPLETE,Audio/static/ship12.wav,Audio/index.html,1,ENTRY_ID is the zero-based archive table ordinal
E:\cultures\vanilla-data\DataX\Libs\data0001.lib,1150,data\engine2d\bin\textures\tran_water_bright.pcx,192693333,60452,PCX,Images,img:1150,PIXEL_CONFIRMED,Terrain/Textures/tran_water_bright.png,Terrain/Textures/index.html,3,ENTRY_ID is the zero-based archive table ordinal
E:\cultures\vanilla-data\DataX\Libs\data0001.lib,1151,data\maps\multiplayer_205_special_cap-the-cow\map.cif,235543590,20138,CIF,Native definitions,cif:1151,SOURCE_COMPLETE,Metadata/Sources/CIF/data/maps/multiplayer_205_special_cap-the-cow/map.cif.txt,Metadata/Sources/index.html,1,ENTRY_ID is the zero-based archive table ordinal
E:\cultures\vanilla-data\DataX\Libs\data0001.lib,1152,data\maps\tutorial_002\map.cif,246729398,8129,CIF,Native definitions,cif:1152,SOURCE_COMPLETE,Metadata/Sources/CIF/data/maps/tutorial_002/map.cif.txt,Metadata/Sources/index.html,1,ENTRY_ID is the zero-based archive table ordinal
E:\cultures\vanilla-data\DataX\Libs\data0001.lib,1153,data\engine2d\bin\bobs\ve_test_ship.bmd,131611766,1104479,BMD,Source libraries,lib:ve_test_ship,SOURCE_COMPLETE,Shared/SourceLibraries/ve_test_ship/library.json,Shared/SourceLibraries/index.html,33,ENTRY_ID is the zero-based archive table ordinal
E:\cultures\vanilla-data\DataX\Libs\data0001.lib,1154,data\engine2d\bin\sounds\humantalk\f4no04.wav,161901284,36796,WAV,Audio,aud:1154,SOURCE_COMPLETE,Audio/humantalk/f4no04.wav,Audio/index.html,1,ENTRY_ID is the zero-based archive table ordinal
E:\cultures\vanilla-data\DataX\Libs\data0001.lib,1155,data\engine2d\bin\sounds\humantalk\f5no03.wav,162128186,42920,WAV,Audio,aud:1155,SOURCE_COMPLETE,Audio/humantalk/f5no03.wav,Audio/index.html,1,ENTRY_ID is the zero-based archive table ordinal
E:\cultures\vanilla-data\DataX\Libs\data0001.lib,1156,data\engine2d\bin\sounds\humantalk\f6no02.wav,162361212,42920,WAV,Audio,aud:1156,SOURCE_COMPLETE,Audio/humantalk/f6no02.wav,Audio/index.html,1,ENTRY_ID is the zero-based archive table ordinal
E:\cultures\vanilla-data\DataX\Libs\data0001.lib,1157,data\engine2d\bin\sounds\humantalk\m1ok03.wav,163716794,16386,WAV,Audio,aud:1157,SOURCE_COMPLETE,Audio/humantalk/m1ok03.wav,Audio/index.html,1,ENTRY_ID is the zero-based archive table ordinal
E:\cultures\vanilla-data\DataX\Libs\data0001.lib,1158,data\engine2d\bin\sounds\humantalk\m2ok02.wav,164013384,34756,WAV,Audio,aud:1158,SOURCE_COMPLETE,Audio/humantalk/m2ok02.wav,Audio/index.html,1,ENTRY_ID is the zero-based archive table ordinal
E:\cultures\vanilla-data\DataX\Libs\data0001.lib,1159,data\engine2d\bin\sounds\humantalk\m3ok01.wav,164401936,36796,WAV,Audio,aud:1159,SOURCE_COMPLETE,Audio/humantalk/m3ok01.wav,Audio/index.html,1,ENTRY_ID is the zero-based archive table ordinal
E:\cultures\vanilla-data\DataX\Libs\data0001.lib,1160,data\engine2d\bin\sounds\humantalk\talk_f19.wav,169143592,67410,WAV,Audio,aud:1160,SOURCE_COMPLETE,Audio/humantalk/talk_f19.wav,Audio/index.html,1,ENTRY_ID is the zero-based archive table ordinal
E:\cultures\vanilla-data\DataX\Libs\data0001.lib,1161,data\engine2d\bin\sounds\humantalk\talk_f28.wav,170313612,65370,WAV,Audio,aud:1161,SOURCE_COMPLETE,Audio/humantalk/talk_f28.wav,Audio/index.html,1,ENTRY_ID is the zero-based archive table ordinal
E:\cultures\vanilla-data\DataX\Libs\data0001.lib,1162,data\engine2d\bin\sounds\humantalk\talk_m03.wav,171655074,195994,WAV,Audio,aud:1162,SOURCE_COMPLETE,Audio/humantalk/talk_m03.wav,Audio/index.html,1,ENTRY_ID is the zero-based archive table ordinal
E:\cultures\vanilla-data\DataX\Libs\data0001.lib,1163,data\engine2d\bin\sounds\humantalk\talk_m12.wav,173010826,132724,WAV,Audio,aud:1163,SOURCE_COMPLETE,Audio/humantalk/talk_m12.wav,Audio/index.html,1,ENTRY_ID is the zero-based archive table ordinal
E:\cultures\vanilla-data\DataX\Libs\data0001.lib,1164,data\engine2d\bin\sounds\humantalk\talk_m21.wav,174501282,316414,WAV,Audio,aud:1164,SOURCE_COMPLETE,Audio/humantalk/talk_m21.wav,Audio/index.html,1,ENTRY_ID is the zero-based archive table ordinal
E:\cultures\vanilla-data\DataX\Libs\data0001.lib,1165,data\engine2d\bin\sounds\static\horn01.wav,181592354,73534,WAV,Audio,aud:1165,SOURCE_COMPLETE,Audio/static/horn01.wav,Audio/index.html,1,ENTRY_ID is the zero-based archive table ordinal
E:\cultures\vanilla-data\DataX\Libs\data0001.lib,1166,data\engine2d\bin\sounds\static\ship04.wav,182899934,102108,WAV,Audio,aud:1166,SOURCE_COMPLETE,Audio/static/ship04.wav,Audio/index.html,1,ENTRY_ID is the zero-based archive table ordinal
E:\cultures\vanilla-data\DataX\Libs\data0001.lib,1167,data\maps\tutorial_003\map.cif,247710406,10625,CIF,Native definitions,cif:1167,SOURCE_COMPLETE,Metadata/Sources/CIF/data/maps/tutorial_003/map.cif.txt,Metadata/Sources/index.html,1,ENTRY_ID is the zero-based archive table ordinal
E:\cultures\vanilla-data\DataX\Libs\data0001.lib,1168,data\engine2d\bin\bobs\test_piles_s.bmd,131551292,5664,BMD,Source libraries,lib:test_piles_s,SOURCE_COMPLETE,Shared/SourceLibraries/test_piles_s/library.json,Shared/SourceLibraries/index.html,34,ENTRY_ID is the zero-based archive table ordinal
E:\cultures\vanilla-data\DataX\Libs\data0001.lib,1169,data\engine2d\bin\sounds\humantalk\f5no04.wav,162171106,40878,WAV,Audio,aud:1169,SOURCE_COMPLETE,Audio/humantalk/f5no04.wav,Audio/index.html,1,ENTRY_ID is the zero-based archive table ordinal
E:\cultures\vanilla-data\DataX\Libs\data0001.lib,1170,data\engine2d\bin\sounds\humantalk\f6no03.wav,162404132,36796,WAV,Audio,aud:1170,SOURCE_COMPLETE,Audio/humantalk/f6no03.wav,Audio/index.html,1,ENTRY_ID is the zero-based archive table ordinal
E:\cultures\vanilla-data\DataX\Libs\data0001.lib,1171,data\engine2d\bin\sounds\humantalk\m1no01.wav,163524532,20468,WAV,Audio,aud:1171,SOURCE_COMPLETE,Audio/humantalk/m1no01.wav,Audio/index.html,1,ENTRY_ID is the zero-based archive table ordinal
E:\cultures\vanilla-data\DataX\Libs\data0001.lib,1172,data\engine2d\bin\sounds\humantalk\m1ok04.wav,163733180,18428,WAV,Audio,aud:1172,SOURCE_COMPLETE,Audio/humantalk/m1ok04.wav,Audio/index.html,1,ENTRY_ID is the zero-based archive table ordinal
E:\cultures\vanilla-data\DataX\Libs\data0001.lib,1173,data\engine2d\bin\sounds\humantalk\m2ok03.wav,164048140,26592,WAV,Audio,aud:1173,SOURCE_COMPLETE,Audio/humantalk/m2ok03.wav,Audio/index.html,1,ENTRY_ID is the zero-based archive table ordinal
E:\cultures\vanilla-data\DataX\Libs\data0001.lib,1174,data\engine2d\bin\sounds\humantalk\m3ok02.wav,164438732,42920,WAV,Audio,aud:1174,SOURCE_COMPLETE,Audio/humantalk/m3ok02.wav,Audio/index.html,1,ENTRY_ID is the zero-based archive table ordinal
E:\cultures\vanilla-data\DataX\Libs\data0001.lib,1175,data\engine2d\bin\sounds\humantalk\m4ok01.wav,164935454,55166,WAV,Audio,aud:1175,SOURCE_COMPLETE,Audio/humantalk/m4ok01.wav,Audio/index.html,1,ENTRY_ID is the zero-based archive table ordinal
E:\cultures\vanilla-data\DataX\Libs\data0001.lib,1176,data\engine2d\bin\sounds\humantalk\talk_f29.wav,170378982,165380,WAV,Audio,aud:1176,SOURCE_COMPLETE,Audio/humantalk/talk_f29.wav,Audio/index.html,1,ENTRY_ID is the zero-based archive table ordinal
E:\cultures\vanilla-data\DataX\Libs\data0001.lib,1177,data\engine2d\bin\sounds\humantalk\talk_m04.wav,171851068,120478,WAV,Audio,aud:1177,SOURCE_COMPLETE,Audio/humantalk/talk_m04.wav,Audio/index.html,1,ENTRY_ID is the zero-based archive table ordinal
E:\cultures\vanilla-data\DataX\Libs\data0001.lib,1178,data\engine2d\bin\sounds\humantalk\talk_m13.wav,173143550,126600,WAV,Audio,aud:1178,SOURCE_COMPLETE,Audio/humantalk/talk_m13.wav,Audio/index.html,1,ENTRY_ID is the zero-based archive table ordinal
E:\cultures\vanilla-data\DataX\Libs\data0001.lib,1179,data\engine2d\bin\sounds\humantalk\talk_m22.wav,174817696,379684,WAV,Audio,aud:1179,SOURCE_COMPLETE,Audio/humantalk/talk_m22.wav,Audio/index.html,1,ENTRY_ID is the zero-based archive table ordinal
E:\cultures\vanilla-data\DataX\Libs\data0001.lib,1180,data\engine2d\bin\sounds\static\ship05.wav,183002042,122518,WAV,Audio,aud:1180,SOURCE_COMPLETE,Audio/static/ship05.wav,Audio/index.html,1,ENTRY_ID is the zero-based archive table ordinal
E:\cultures\vanilla-data\DataX\Libs\data0001.lib,1181,data\maps\tutorial_004\map.cif,248568776,13428,CIF,Native definitions,cif:1181,SOURCE_COMPLETE,Metadata/Sources/CIF/data/maps/tutorial_004/map.cif.txt,Metadata/Sources/index.html,1,ENTRY_ID is the zero-based archive table ordinal
E:\cultures\vanilla-data\DataX\Libs\data0001.lib,1182,data\text\eng\strings\wonders\wonders001.cif,255229898,895,CIF,Native definitions,cif:1182,SOURCE_COMPLETE,Metadata/Sources/CIF/data/text/eng/strings/wonders/wonders001.cif.txt,Metadata/Sources/index.html,1,ENTRY_ID is the zero-based archive table ordinal
E:\cultures\vanilla-data\DataX\Libs\data0001.lib,1183,data\engine2d\bin\palettes\goods\goods_bow.pcx,132759529,901,PCX,Palettes,img:1183,PIXEL_CONFIRMED,Metadata/Palettes/goods/goods_bow.png,Metadata/Palettes/index.html,1,ENTRY_ID is the zero-based archive table ordinal
E:\cultures\vanilla-data\DataX\Libs\data0001.lib,1184,data\engine2d\bin\sounds\humantalk\f6no04.wav,162440928,38838,WAV,Audio,aud:1184,SOURCE_COMPLETE,Audio/humantalk/f6no04.wav,Audio/index.html,1,ENTRY_ID is the zero-based archive table ordinal
E:\cultures\vanilla-data\DataX\Libs\data0001.lib,1185,data\engine2d\bin\sounds\humantalk\m1no02.wav,163545000,20468,WAV,Audio,aud:1185,SOURCE_COMPLETE,Audio/humantalk/m1no02.wav,Audio/index.html,1,ENTRY_ID is the zero-based archive table ordinal
E:\cultures\vanilla-data\DataX\Libs\data0001.lib,1186,data\engine2d\bin\sounds\humantalk\m1ok05.wav,163751608,20468,WAV,Audio,aud:1186,SOURCE_COMPLETE,Audio/humantalk/m1ok05.wav,Audio/index.html,1,ENTRY_ID is the zero-based archive table ordinal
E:\cultures\vanilla-data\DataX\Libs\data0001.lib,1187,data\engine2d\bin\sounds\humantalk\m2no01.wav,163772076,14346,WAV,Audio,aud:1187,SOURCE_COMPLETE,Audio/humantalk/m2no01.wav,Audio/index.html,1,ENTRY_ID is the zero-based archive table ordinal
E:\cultures\vanilla-data\DataX\Libs\data0001.lib,1188,data\engine2d\bin\sounds\humantalk\m2ok04.wav,164074732,49042,WAV,Audio,aud:1188,SOURCE_COMPLETE,Audio/humantalk/m2ok04.wav,Audio/index.html,1,ENTRY_ID is the zero-based archive table ordinal
E:\cultures\vanilla-data\DataX\Libs\data0001.lib,1189,data\engine2d\bin\sounds\humantalk\m3ok03.wav,164481652,49042,WAV,Audio,aud:1189,SOURCE_COMPLETE,Audio/humantalk/m3ok03.wav,Audio/index.html,1,ENTRY_ID is the zero-based archive table ordinal
E:\cultures\vanilla-data\DataX\Libs\data0001.lib,1190,data\engine2d\bin\sounds\humantalk\m4ok02.wav,164990620,16386,WAV,Audio,aud:1190,SOURCE_COMPLETE,Audio/humantalk/m4ok02.wav,Audio/index.html,1,ENTRY_ID is the zero-based archive table ordinal
E:\cultures\vanilla-data\DataX\Libs\data0001.lib,1191,data\engine2d\bin\sounds\humantalk\m5ok01.wav,165485300,36796,WAV,Audio,aud:1191,SOURCE_COMPLETE,Audio/humantalk/m5ok01.wav,Audio/index.html,1,ENTRY_ID is the zero-based archive table ordinal
E:\cultures\vanilla-data\DataX\Libs\data0001.lib,1192,data\engine2d\bin\sounds\humantalk\talk_m05.wav,171971546,51084,WAV,Audio,aud:1192,SOURCE_COMPLETE,Audio/humantalk/talk_m05.wav,Audio/index.html,1,ENTRY_ID is the zero-based archive table ordinal
E:\cultures\vanilla-data\DataX\Libs\data0001.lib,1193,data\engine2d\bin\sounds\humantalk\talk_m14.wav,173270150,159256,WAV,Audio,aud:1193,SOURCE_COMPLETE,Audio/humantalk/talk_m14.wav,Audio/index.html,1,ENTRY_ID is the zero-based archive table ordinal
E:\cultures\vanilla-data\DataX\Libs\data0001.lib,1194,data\engine2d\bin\sounds\static\ship06.wav,183124560,191912,WAV,Audio,aud:1194,SOURCE_COMPLETE,Audio/static/ship06.wav,Audio/index.html,1,ENTRY_ID is the zero-based archive table ordinal
E:\cultures\vanilla-data\DataX\Libs\data0001.lib,1195,data\engine2d\inis\landscapes\landscapes.cif,193548446,683149,CIF,Native definitions,cif:1195,SOURCE_COMPLETE,Metadata/Sources/CIF/data/engine2d/inis/landscapes/landscapes.cif.txt,Metadata/Sources/index.html,1,ENTRY_ID is the zero-based archive table ordinal
E:\cultures\vanilla-data\DataX\Libs\data0001.lib,1196,data\maps\tutorial_005\map.cif,249423609,20817,CIF,Native definitions,cif:1196,SOURCE_COMPLETE,Metadata/Sources/CIF/data/maps/tutorial_005/map.cif.txt,Metadata/Sources/index.html,1,ENTRY_ID is the zero-based archive table ordinal
E:\cultures\vanilla-data\DataX\Libs\data0001.lib,1197,data\engine2d\bin\sounds\humantalk\m1no03.wav,163565468,42920,WAV,Audio,aud:1197,SOURCE_COMPLETE,Audio/humantalk/m1no03.wav,Audio/index.html,1,ENTRY_ID is the zero-based archive table ordinal
E:\cultures\vanilla-data\DataX\Libs\data0001.lib,1198,data\engine2d\bin\sounds\humantalk\m2no02.wav,163786422,38838,WAV,Audio,aud:1198,SOURCE_COMPLETE,Audio/humantalk/m2no02.wav,Audio/index.html,1,ENTRY_ID is the zero-based archive table ordinal
E:\cultures\vanilla-data\DataX\Libs\data0001.lib,1199,data\engine2d\bin\sounds\humantalk\m2ok05.wav,164123774,42920,WAV,Audio,aud:1199,SOURCE_COMPLETE,Audio/humantalk/m2ok05.wav,Audio/index.html,1,ENTRY_ID is the zero-based archive table ordinal
E:\cultures\vanilla-data\DataX\Libs\data0001.lib,1200,data\engine2d\bin\sounds\humantalk\m3no01.wav,164236322,42920,WAV,Audio,aud:1200,SOURCE_COMPLETE,Audio/humantalk/m3no01.wav,Audio/index.html,1,ENTRY_ID is the zero-based archive table ordinal
E:\cultures\vanilla-data\DataX\Libs\data0001.lib,1201,data\engine2d\bin\sounds\humantalk\m3ok04.wav,164530694,20468,WAV,Audio,aud:1201,SOURCE_COMPLETE,Audio/humantalk/m3ok04.wav,Audio/index.html,1,ENTRY_ID is the zero-based archive table ordinal
E:\cultures\vanilla-data\DataX\Libs\data0001.lib,1202,data\engine2d\bin\sounds\humantalk\m4ok03.wav,165007006,40878,WAV,Audio,aud:1202,SOURCE_COMPLETE,Audio/humantalk/m4ok03.wav,Audio/index.html,1,ENTRY_ID is the zero-based archive table ordinal
E:\cultures\vanilla-data\DataX\Libs\data0001.lib,1203,data\engine2d\bin\sounds\humantalk\m5ok02.wav,165522096,20468,WAV,Audio,aud:1203,SOURCE_COMPLETE,Audio/humantalk/m5ok02.wav,Audio/index.html,1,ENTRY_ID is the zero-based archive table ordinal
E:\cultures\vanilla-data\DataX\Libs\data0001.lib,1204,data\engine2d\bin\sounds\humantalk\m6ok01.wav,165716340,20468,WAV,Audio,aud:1204,SOURCE_COMPLETE,Audio/humantalk/m6ok01.wav,Audio/index.html,1,ENTRY_ID is the zero-based archive table ordinal
E:\cultures\vanilla-data\DataX\Libs\data0001.lib,1205,data\engine2d\bin\sounds\humantalk\talk_m06.wav,172022630,398054,WAV,Audio,aud:1205,SOURCE_COMPLETE,Audio/humantalk/talk_m06.wav,Audio/index.html,1,ENTRY_ID is the zero-based archive table ordinal
E:\cultures\vanilla-data\DataX\Libs\data0001.lib,1206,data\engine2d\bin\sounds\humantalk\talk_m15.wav,173429406,198036,WAV,Audio,aud:1206,SOURCE_COMPLETE,Audio/humantalk/talk_m15.wav,Audio/index.html,1,ENTRY_ID is the zero-based archive table ordinal
E:\cultures\vanilla-data\DataX\Libs\data0001.lib,1207,data\engine2d\bin\sounds\static\kiss01.wav,181994780,4140,WAV,Audio,aud:1207,SOURCE_COMPLETE,Audio/static/kiss01.wav,Audio/index.html,1,ENTRY_ID is the zero-based archive table ordinal
E:\cultures\vanilla-data\DataX\Libs\data0001.lib,1208,data\engine2d\bin\sounds\static\ship07.wav,183316472,138846,WAV,Audio,aud:1208,SOURCE_COMPLETE,Audio/static/ship07.wav,Audio/index.html,1,ENTRY_ID is the zero-based archive table ordinal
E:\cultures\vanilla-data\DataX\Libs\data0001.lib,1209,data\engine2d\bin\sounds\static\short_arrow01.wav,183737268,4140,WAV,Audio,aud:1209,SOURCE_COMPLETE,Audio/static/short_arrow01.wav,Audio/index.html,1,ENTRY_ID is the zero-based archive table ordinal
E:\cultures\vanilla-data\DataX\Libs\data0001.lib,1210,data\engine2d\bin\textures\tran_mud_a.pcx,192349755,10509,PCX,Images,img:1210,PIXEL_CONFIRMED,Terrain/Textures/tran_mud_a.png,Terrain/Textures/index.html,1,ENTRY_ID is the zero-based archive table ordinal
E:\cultures\vanilla-data\DataX\Libs\data0001.lib,1211,data\maps\multiplayer_02_06_ressourcen\text\eng\strings.cif,225659069,728,CIF,Native definitions,cif:1211,SOURCE_COMPLETE,Metadata/Sources/CIF/data/maps/multiplayer_02_06_ressourcen/text/eng/strings.cif.txt,Metadata/Sources/index.html,1,ENTRY_ID is the zero-based archive table ordinal
E:\cultures\vanilla-data\DataX\Libs\data0001.lib,1212,data\maps\tutorial_006\map.cif,250983451,37264,CIF,Native definitions,cif:1212,SOURCE_COMPLETE,Metadata/Sources/CIF/data/maps/tutorial_006/map.cif.txt,Metadata/Sources/index.html,1,ENTRY_ID is the zero-based archive table ordinal
E:\cultures\vanilla-data\DataX\Libs\data0001.lib,1213,data\engine2d\bin\bobs\ls_houses_saracen.bmd,100012883,2488595,BMD,Source libraries,lib:ls_houses_saracen,SOURCE_COMPLETE,Shared/SourceLibraries/ls_houses_saracen/library.json,Shared/SourceLibraries/index.html,19,ENTRY_ID is the zero-based archive table ordinal
E:\cultures\vanilla-data\DataX\Libs\data0001.lib,1214,data\engine2d\bin\sounds\ambient\forest1.wav,137845738,612358,WAV,Audio,aud:1214,UNKNOWN,Audio/ambient/forest1.wav,Audio/index.html,1,ENTRY_ID is the zero-based archive table ordinal
E:\cultures\vanilla-data\DataX\Libs\data0001.lib,1215,data\engine2d\bin\sounds\humantalk\m1no04.wav,163608388,40878,WAV,Audio,aud:1215,SOURCE_COMPLETE,Audio/humantalk/m1no04.wav,Audio/index.html,1,ENTRY_ID is the zero-based archive table ordinal
E:\cultures\vanilla-data\DataX\Libs\data0001.lib,1216,data\engine2d\bin\sounds\humantalk\m2no03.wav,163825260,18428,WAV,Audio,aud:1216,SOURCE_COMPLETE,Audio/humantalk/m2no03.wav,Audio/index.html,1,ENTRY_ID is the zero-based archive table ordinal
E:\cultures\vanilla-data\DataX\Libs\data0001.lib,1217,data\engine2d\bin\sounds\humantalk\m2ok06.wav,164166694,18428,WAV,Audio,aud:1217,SOURCE_COMPLETE,Audio/humantalk/m2ok06.wav,Audio/index.html,1,ENTRY_ID is the zero-based archive table ordinal
E:\cultures\vanilla-data\DataX\Libs\data0001.lib,1218,data\engine2d\bin\sounds\humantalk\m3no02.wav,164279242,20468,WAV,Audio,aud:1218,SOURCE_COMPLETE,Audio/humantalk/m3no02.wav,Audio/index.html,1,ENTRY_ID is the zero-based archive table ordinal
E:\cultures\vanilla-data\DataX\Libs\data0001.lib,1219,data\engine2d\bin\sounds\humantalk\m3ok05.wav,164551162,16386,WAV,Audio,aud:1219,SOURCE_COMPLETE,Audio/humantalk/m3ok05.wav,Audio/index.html,1,ENTRY_ID is the zero-based archive table ordinal
E:\cultures\vanilla-data\DataX\Libs\data0001.lib,1220,data\engine2d\bin\sounds\humantalk\m4no01.wav,164567548,24550,WAV,Audio,aud:1220,SOURCE_COMPLETE,Audio/humantalk/m4no01.wav,Audio/index.html,1,ENTRY_ID is the zero-based archive table ordinal
E:\cultures\vanilla-data\DataX\Libs\data0001.lib,1221,data\engine2d\bin\sounds\humantalk\m4ok04.wav,165047884,49042,WAV,Audio,aud:1221,SOURCE_COMPLETE,Audio/humantalk/m4ok04.wav,Audio/index.html,1,ENTRY_ID is the zero-based archive table ordinal
E:\cultures\vanilla-data\DataX\Libs\data0001.lib,1222,data\engine2d\bin\sounds\humantalk\m5ok03.wav,165542564,20468,WAV,Audio,aud:1222,SOURCE_COMPLETE,Audio/humantalk/m5ok03.wav,Audio/index.html,1,ENTRY_ID is the zero-based archive table ordinal
E:\cultures\vanilla-data\DataX\Libs\data0001.lib,1223,data\engine2d\bin\sounds\humantalk\m6ok02.wav,165736808,28632,WAV,Audio,aud:1223,SOURCE_COMPLETE,Audio/humantalk/m6ok02.wav,Audio/index.html,1,ENTRY_ID is the zero-based archive table ordinal
E:\cultures\vanilla-data\DataX\Libs\data0001.lib,1224,data\engine2d\bin\sounds\humantalk\m7ok01.wav,165959626,28632,WAV,Audio,aud:1224,SOURCE_COMPLETE,Audio/humantalk/m7ok01.wav,Audio/index.html,1,ENTRY_ID is the zero-based archive table ordinal
E:\cultures\vanilla-data\DataX\Libs\data0001.lib,1225,data\engine2d\bin\sounds\humantalk\talk_m07.wav,172420684,149052,WAV,Audio,aud:1225,SOURCE_COMPLETE,Audio/humantalk/talk_m07.wav,Audio/index.html,1,ENTRY_ID is the zero-based archive table ordinal
E:\cultures\vanilla-data\DataX\Libs\data0001.lib,1226,data\engine2d\bin\sounds\humantalk\talk_m16.wav,173627442,169462,WAV,Audio,aud:1226,SOURCE_COMPLETE,Audio/humantalk/talk_m16.wav,Audio/index.html,1,ENTRY_ID is the zero-based archive table ordinal
E:\cultures\vanilla-data\DataX\Libs\data0001.lib,1227,data\engine2d\bin\sounds\static\kiss02.wav,181998920,2100,WAV,Audio,aud:1227,SOURCE_COMPLETE,Audio/static/kiss02.wav,Audio/index.html,1,ENTRY_ID is the zero-based archive table ordinal
E:\cultures\vanilla-data\DataX\Libs\data0001.lib,1228,data\engine2d\bin\sounds\static\ship08.wav,183455318,118436,WAV,Audio,aud:1228,SOURCE_COMPLETE,Audio/static/ship08.wav,Audio/index.html,1,ENTRY_ID is the zero-based archive table ordinal
E:\cultures\vanilla-data\DataX\Libs\data0001.lib,1229,data\logic\animaltypes.cif,202490218,9858,CIF,Native definitions,cif:1229,SOURCE_COMPLETE,Metadata/Sources/CIF/data/logic/animaltypes.cif.txt,Metadata/Sources/index.html,1,ENTRY_ID is the zero-based archive table ordinal
E:\cultures\vanilla-data\DataX\Libs\data0001.lib,1230,data\maps\tutorial_007\map.cif,252426915,15377,CIF,Native definitions,cif:1230,SOURCE_COMPLETE,Metadata/Sources/CIF/data/maps/tutorial_007/map.cif.txt,Metadata/Sources/index.html,1,ENTRY_ID is the zero-based archive table ordinal
E:\cultures\vanilla-data\DataX\Libs\data0001.lib,1231,data\engine2d\bin\bobs\ls_guidepost.bmd,89458115,13020,BMD,Source libraries,lib:ls_guidepost,SOURCE_COMPLETE,Shared/SourceLibraries/ls_guidepost/library.json,Shared/SourceLibraries/index.html,2,ENTRY_ID is the zero-based archive table ordinal
E:\cultures\vanilla-data\DataX\Libs\data0001.lib,1232,data\engine2d\bin\bobs\ls_wonders_s.bmd,131282331,36,BMD,Source libraries,lib:ls_wonders_s,SOURCE_COMPLETE,Shared/SourceLibraries/ls_wonders_s/library.json,Shared/SourceLibraries/index.html,1,ENTRY_ID is the zero-based archive table ordinal
E:\cultures\vanilla-data\DataX\Libs\data0001.lib,1233,data\engine2d\bin\sounds\ambient\forest2.wav,138458096,626646,WAV,Audio,aud:1233,SOURCE_COMPLETE,Audio/ambient/forest2.wav,Audio/index.html,1,ENTRY_ID is the zero-based archive table ordinal
E:\cultures\vanilla-data\DataX\Libs\data0001.lib,1234,data\engine2d\bin\sounds\humantalk\m1no05.wav,163649266,26592,WAV,Audio,aud:1234,SOURCE_COMPLETE,Audio/humantalk/m1no05.wav,Audio/index.html,1,ENTRY_ID is the zero-based archive table ordinal
E:\cultures\vanilla-data\DataX\Libs\data0001.lib,1235,data\engine2d\bin\sounds\humantalk\m2no04.wav,163843688,38838,WAV,Audio,aud:1235,SOURCE_COMPLETE,Audio/humantalk/m2no04.wav,Audio/index.html,1,ENTRY_ID is the zero-based archive table ordinal
E:\cultures\vanilla-data\DataX\Libs\data0001.lib,1236,data\engine2d\bin\sounds\humantalk\m2ok07.wav,164185122,16386,WAV,Audio,aud:1236,SOURCE_COMPLETE,Audio/humantalk/m2ok07.wav,Audio/index.html,1,ENTRY_ID is the zero-based archive table ordinal
E:\cultures\vanilla-data\DataX\Libs\data0001.lib,1237,data\engine2d\bin\sounds\humantalk\m3no03.wav,164299710,18428,WAV,Audio,aud:1237,SOURCE_COMPLETE,Audio/humantalk/m3no03.wav,Audio/index.html,1,ENTRY_ID is the zero-based archive table ordinal
E:\cultures\vanilla-data\DataX\Libs\data0001.lib,1238,data\engine2d\bin\sounds\humantalk\m4no02.wav,164592098,53124,WAV,Audio,aud:1238,SOURCE_COMPLETE,Audio/humantalk/m4no02.wav,Audio/index.html,1,ENTRY_ID is the zero-based archive table ordinal
E:\cultures\vanilla-data\DataX\Libs\data0001.lib,1239,data\engine2d\bin\sounds\humantalk\m4ok05.wav,165096926,20468,WAV,Audio,aud:1239,SOURCE_COMPLETE,Audio/humantalk/m4ok05.wav,Audio/index.html,1,ENTRY_ID is the zero-based archive table ordinal
E:\cultures\vanilla-data\DataX\Libs\data0001.lib,1240,data\engine2d\bin\sounds\humantalk\m5no01.wav,165195070,24550,WAV,Audio,aud:1240,SOURCE_COMPLETE,Audio/humantalk/m5no01.wav,Audio/index.html,1,ENTRY_ID is the zero-based archive table ordinal
E:\cultures\vanilla-data\DataX\Libs\data0001.lib,1241,data\engine2d\bin\sounds\humantalk\m6ok03.wav,165765440,42920,WAV,Audio,aud:1241,SOURCE_COMPLETE,Audio/humantalk/m6ok03.wav,Audio/index.html,1,ENTRY_ID is the zero-based archive table ordinal
E:\cultures\vanilla-data\DataX\Libs\data0001.lib,1242,data\engine2d\bin\sounds\humantalk\m7ok02.wav,165988258,34756,WAV,Audio,aud:1242,SOURCE_COMPLETE,Audio/humantalk/m7ok02.wav,Audio/index.html,1,ENTRY_ID is the zero-based archive table ordinal
E:\cultures\vanilla-data\DataX\Libs\data0001.lib,1243,data\engine2d\bin\sounds\humantalk\m8ok01.wav,166223324,20468,WAV,Audio,aud:1243,SOURCE_COMPLETE,Audio/humantalk/m8ok01.wav,Audio/index.html,1,ENTRY_ID is the zero-based archive table ordinal
E:\cultures\vanilla-data\DataX\Libs\data0001.lib,1244,data\engine2d\bin\sounds\humantalk\talk_m08.wav,172569736,153134,WAV,Audio,aud:1244,SOURCE_COMPLETE,Audio/humantalk/talk_m08.wav,Audio/index.html,1,ENTRY_ID is the zero-based archive table ordinal
E:\cultures\vanilla-data\DataX\Libs\data0001.lib,1245,data\engine2d\bin\sounds\humantalk\talk_m17.wav,173796904,322536,WAV,Audio,aud:1245,SOURCE_COMPLETE,Audio/humantalk/talk_m17.wav,Audio/index.html,1,ENTRY_ID is the zero-based archive table ordinal
E:\cultures\vanilla-data\DataX\Libs\data0001.lib,1246,data\engine2d\bin\sounds\static\kiss03.wav,182001020,26592,WAV,Audio,aud:1246,SOURCE_COMPLETE,Audio/static/kiss03.wav,Audio/index.html,1,ENTRY_ID is the zero-based archive table ordinal
E:\cultures\vanilla-data\DataX\Libs\data0001.lib,1247,data\engine2d\bin\sounds\static\ship09.wav,183573754,73534,WAV,Audio,aud:1247,SOURCE_COMPLETE,Audio/static/ship09.wav,Audio/index.html,1,ENTRY_ID is the zero-based archive table ordinal
E:\cultures\vanilla-data\DataX\Libs\data0001.lib,1248,data\maps\campaign_03_01_sub\map.cif,205602358,12382,CIF,Native definitions,cif:1248,SOURCE_COMPLETE,Metadata/Sources/CIF/data/maps/campaign_03_01_sub/map.cif.txt,Metadata/Sources/index.html,1,ENTRY_ID is the zero-based archive table ordinal
E:\cultures\vanilla-data\DataX\Libs\data0001.lib,1249,data\maps\tutorial_001\map.dat,245680841,590297,DAT,Native documents,doc:1249,SOURCE_COMPLETE,Metadata/Sources/Raw/data/maps/tutorial_001/map.dat,Metadata/Sources/index.html,1,ENTRY_ID is the zero-based archive table ordinal
E:\cultures\vanilla-data\DataX\Libs\data0001.lib,1250,data\text\eng\strings\gameobjects\vehicletypes.cif,255173925,237,CIF,Native definitions,cif:1250,SOURCE_COMPLETE,Metadata/Sources/CIF/data/text/eng/strings/gameobjects/vehicletypes.cif.txt,Metadata/Sources/index.html,1,ENTRY_ID is the zero-based archive table ordinal
E:\cultures\vanilla-data\DataX\Libs\data0001.lib,1251,data\engine2d\bin\palettes\creatures\ship01.pcx,132745113,901,PCX,Palettes,img:1251,PIXEL_CONFIRMED,Metadata/Palettes/creatures/ship01.png,Metadata/Palettes/index.html,1,ENTRY_ID is the zero-based archive table ordinal
E:\cultures\vanilla-data\DataX\Libs\data0001.lib,1252,data\engine2d\bin\palettes\creatures\ship10.pcx,132753222,901,PCX,Palettes,img:1252,PIXEL_CONFIRMED,Metadata/Palettes/creatures/ship10.png,Metadata/Palettes/index.html,1,ENTRY_ID is the zero-based archive table ordinal
E:\cultures\vanilla-data\DataX\Libs\data0001.lib,1253,data\engine2d\bin\palettes\landscapes\tree_yew01.pcx,132835222,901,PCX,Palettes,img:1253,PIXEL_CONFIRMED,Metadata/Palettes/landscapes/tree_yew01.png,Metadata/Palettes/index.html,1,ENTRY_ID is the zero-based archive table ordinal
E:\cultures\vanilla-data\DataX\Libs\data0001.lib,1254,data\engine2d\bin\sounds\generic\animals_evilrabbit01.wav,147765712,44960,WAV,Audio,aud:1254,SOURCE_COMPLETE,Audio/generic/animals_evilrabbit01.wav,Audio/index.html,1,ENTRY_ID is the zero-based archive table ordinal
E:\cultures\vanilla-data\DataX\Libs\data0001.lib,1255,data\engine2d\bin\sounds\humantalk\m2no05.wav,163882526,47002,WAV,Audio,aud:1255,SOURCE_COMPLETE,Audio/humantalk/m2no05.wav,Audio/index.html,1,ENTRY_ID is the zero-based archive table ordinal
E:\cultures\vanilla-data\DataX\Libs\data0001.lib,1256,data\engine2d\bin\sounds\humantalk\m2ok08.wav,164201508,16386,WAV,Audio,aud:1256,SOURCE_COMPLETE,Audio/humantalk/m2ok08.wav,Audio/index.html,1,ENTRY_ID is the zero-based archive table ordinal
E:\cultures\vanilla-data\DataX\Libs\data0001.lib,1257,data\engine2d\bin\sounds\humantalk\m3no04.wav,164318138,40878,WAV,Audio,aud:1257,SOURCE_COMPLETE,Audio/humantalk/m3no04.wav,Audio/index.html,1,ENTRY_ID is the zero-based archive table ordinal
E:\cultures\vanilla-data\DataX\Libs\data0001.lib,1258,data\engine2d\bin\sounds\humantalk\m4no03.wav,164645222,36796,WAV,Audio,aud:1258,SOURCE_COMPLETE,Audio/humantalk/m4no03.wav,Audio/index.html,1,ENTRY_ID is the zero-based archive table ordinal
E:\cultures\vanilla-data\DataX\Libs\data0001.lib,1259,data\engine2d\bin\sounds\humantalk\m4ok06.wav,165117394,63330,WAV,Audio,aud:1259,SOURCE_COMPLETE,Audio/humantalk/m4ok06.wav,Audio/index.html,1,ENTRY_ID is the zero-based archive table ordinal
E:\cultures\vanilla-data\DataX\Libs\data0001.lib,1260,data\engine2d\bin\sounds\humantalk\m5no02.wav,165219620,44960,WAV,Audio,aud:1260,SOURCE_COMPLETE,Audio/humantalk/m5no02.wav,Audio/index.html,1,ENTRY_ID is the zero-based archive table ordinal
E:\cultures\vanilla-data\DataX\Libs\data0001.lib,1261,data\engine2d\bin\sounds\humantalk\m6no01.wav,165563032,28632,WAV,Audio,aud:1261,SOURCE_COMPLETE,Audio/humantalk/m6no01.wav,Audio/index.html,1,ENTRY_ID is the zero-based archive table ordinal
E:\cultures\vanilla-data\DataX\Libs\data0001.lib,1262,data\engine2d\bin\sounds\humantalk\m7ok03.wav,166023014,53124,WAV,Audio,aud:1262,SOURCE_COMPLETE,Audio/humantalk/m7ok03.wav,Audio/index.html,1,ENTRY_ID is the zero-based archive table ordinal
E:\cultures\vanilla-data\DataX\Libs\data0001.lib,1263,data\engine2d\bin\sounds\humantalk\m8ok02.wav,166243792,36796,WAV,Audio,aud:1263,SOURCE_COMPLETE,Audio/humantalk/m8ok02.wav,Audio/index.html,1,ENTRY_ID is the zero-based archive table ordinal
E:\cultures\vanilla-data\DataX\Libs\data0001.lib,1264,data\engine2d\bin\sounds\humantalk\m9ok01.wav,166480900,36796,WAV,Audio,aud:1264,SOURCE_COMPLETE,Audio/humantalk/m9ok01.wav,Audio/index.html,1,ENTRY_ID is the zero-based archive table ordinal
E:\cultures\vanilla-data\DataX\Libs\data0001.lib,1265,data\engine2d\bin\sounds\humantalk\talk_m09.wav,172722870,85780,WAV,Audio,aud:1265,SOURCE_COMPLETE,Audio/humantalk/talk_m09.wav,Audio/index.html,1,ENTRY_ID is the zero-based archive table ordinal
E:\cultures\vanilla-data\DataX\Libs\data0001.lib,1266,data\engine2d\bin\sounds\humantalk\talk_m18.wav,174119440,114354,WAV,Audio,aud:1266,SOURCE_COMPLETE,Audio/humantalk/talk_m18.wav,Audio/index.html,1,ENTRY_ID is the zero-based archive table ordinal
E:\cultures\vanilla-data\DataX\Libs\data0001.lib,1267,data\maps\campaign_03_02_sub\map.cif,208458465,13539,CIF,Native definitions,cif:1267,SOURCE_COMPLETE,Metadata/Sources/CIF/data/maps/campaign_03_02_sub/map.cif.txt,Metadata/Sources/index.html,1,ENTRY_ID is the zero-based archive table ordinal
E:\cultures\vanilla-data\DataX\Libs\data0001.lib,1268,data\maps\multiplayer_205_special_cap-the-cow\map.dat,235563728,611481,DAT,Native documents,doc:1268,SOURCE_COMPLETE,Metadata/Sources/Raw/data/maps/multiplayer_205_special_cap-the-cow/map.dat,Metadata/Sources/index.html,1,ENTRY_ID is the zero-based archive table ordinal
E:\cultures\vanilla-data\DataX\Libs\data0001.lib,1269,data\maps\tutorial_002\map.dat,246737527,514946,DAT,Native documents,doc:1269,SOURCE_COMPLETE,Metadata/Sources/Raw/data/maps/tutorial_002/map.dat,Metadata/Sources/index.html,1,ENTRY_ID is the zero-based archive table ordinal
E:\cultures\vanilla-data\DataX\Libs\data0001.lib,1270,data\engine2d\bin\palettes\creatures\ship02.pcx,132746014,901,PCX,Palettes,img:1270,PIXEL_CONFIRMED,Metadata/Palettes/creatures/ship02.png,Metadata/Palettes/index.html,1,ENTRY_ID is the zero-based archive table ordinal
E:\cultures\vanilla-data\DataX\Libs\data0001.lib,1271,data\engine2d\bin\sounds\humantalk\m2no06.wav,163929528,26592,WAV,Audio,aud:1271,SOURCE_COMPLETE,Audio/humantalk/m2no06.wav,Audio/index.html,1,ENTRY_ID is the zero-based archive table ordinal
E:\cultures\vanilla-data\DataX\Libs\data0001.lib,1272,data\engine2d\bin\sounds\humantalk\m2ok09.wav,164217894,18428,WAV,Audio,aud:1272,SOURCE_COMPLETE,Audio/humantalk/m2ok09.wav,Audio/index.html,1,ENTRY_ID is the zero-based archive table ordinal
E:\cultures\vanilla-data\DataX\Libs\data0001.lib,1273,data\engine2d\bin\sounds\humantalk\m3no05.wav,164359016,42920,WAV,Audio,aud:1273,SOURCE_COMPLETE,Audio/humantalk/m3no05.wav,Audio/index.html,1,ENTRY_ID is the zero-based archive table ordinal
E:\cultures\vanilla-data\DataX\Libs\data0001.lib,1274,data\engine2d\bin\sounds\humantalk\m4no04.wav,164682018,42920,WAV,Audio,aud:1274,SOURCE_COMPLETE,Audio/humantalk/m4no04.wav,Audio/index.html,1,ENTRY_ID is the zero-based archive table ordinal
E:\cultures\vanilla-data\DataX\Libs\data0001.lib,1275,data\engine2d\bin\sounds\humantalk\m4ok07.wav,165180724,14346,WAV,Audio,aud:1275,SOURCE_COMPLETE,Audio/humantalk/m4ok07.wav,Audio/index.html,1,ENTRY_ID is the zero-based archive table ordinal
E:\cultures\vanilla-data\DataX\Libs\data0001.lib,1276,data\engine2d\bin\sounds\humantalk\m5no03.wav,165264580,40878,WAV,Audio,aud:1276,SOURCE_COMPLETE,Audio/humantalk/m5no03.wav,Audio/index.html,1,ENTRY_ID is the zero-based archive table ordinal
E:\cultures\vanilla-data\DataX\Libs\data0001.lib,1277,data\engine2d\bin\sounds\humantalk\m6no02.wav,165591664,42920,WAV,Audio,aud:1277,SOURCE_COMPLETE,Audio/humantalk/m6no02.wav,Audio/index.html,1,ENTRY_ID is the zero-based archive table ordinal
E:\cultures\vanilla-data\DataX\Libs\data0001.lib,1278,data\engine2d\bin\sounds\humantalk\m7no01.wav,165808360,30672,WAV,Audio,aud:1278,SOURCE_COMPLETE,Audio/humantalk/m7no01.wav,Audio/index.html,1,ENTRY_ID is the zero-based archive table ordinal
E:\cultures\vanilla-data\DataX\Libs\data0001.lib,1279,data\engine2d\bin\sounds\humantalk\m8ok03.wav,166280588,42920,WAV,Audio,aud:1279,SOURCE_COMPLETE,Audio/humantalk/m8ok03.wav,Audio/index.html,1,ENTRY_ID is the zero-based archive table ordinal
E:\cultures\vanilla-data\DataX\Libs\data0001.lib,1280,data\engine2d\bin\sounds\humantalk\m9ok02.wav,166517696,38838,WAV,Audio,aud:1280,SOURCE_COMPLETE,Audio/humantalk/m9ok02.wav,Audio/index.html,1,ENTRY_ID is the zero-based archive table ordinal
E:\cultures\vanilla-data\DataX\Libs\data0001.lib,1281,data\engine2d\bin\sounds\humantalk\talk_m19.wav,174233794,118436,WAV,Audio,aud:1281,SOURCE_COMPLETE,Audio/humantalk/talk_m19.wav,Audio/index.html,1,ENTRY_ID is the zero-based archive table ordinal
E:\cultures\vanilla-data\DataX\Libs\data0001.lib,1282,data\maps\multiplayer_202_special_millitär\text\eng\briefings\fonts\font10.fnt,230410172,15083,FNT,Fonts,font:1282,SOURCE_COMPLETE,,UI/Fonts/index.html,1,ENTRY_ID is the zero-based archive table ordinal
E:\cultures\vanilla-data\DataX\Libs\data0001.lib,1283,data\maps\tutorial_003\map.dat,247721031,386361,DAT,Native documents,doc:1283,SOURCE_COMPLETE,Metadata/Sources/Raw/data/maps/tutorial_003/map.dat,Metadata/Sources/index.html,1,ENTRY_ID is the zero-based archive table ordinal
E:\cultures\vanilla-data\DataX\Libs\data0001.lib,1284,data\engine2d\bin\bobs\cr_veh_body_00_s.bmd,80433694,118172,BMD,Source libraries,lib:cr_veh_body_00_s,SOURCE_COMPLETE,Shared/SourceLibraries/cr_veh_body_00_s/library.json,Shared/SourceLibraries/index.html,46,ENTRY_ID is the zero-based archive table ordinal
E:\cultures\vanilla-data\DataX\Libs\data0001.lib,1285,data\engine2d\bin\bobs\test_house_s.bmd,131521396,1017,BMD,Source libraries,lib:test_house_s,SOURCE_COMPLETE,Shared/SourceLibraries/test_house_s/library.json,Shared/SourceLibraries/index.html,2,ENTRY_ID is the zero-based archive table ordinal
E:\cultures\vanilla-data\DataX\Libs\data0001.lib,1286,data\engine2d\bin\palettes\creatures\ship03.pcx,132746915,901,PCX,Palettes,img:1286,PIXEL_CONFIRMED,Metadata/Palettes/creatures/ship03.png,Metadata/Palettes/index.html,1,ENTRY_ID is the zero-based archive table ordinal
E:\cultures\vanilla-data\DataX\Libs\data0001.lib,1287,data\engine2d\bin\sounds\humantalk\m2no07.wav,163956120,36796,WAV,Audio,aud:1287,SOURCE_COMPLETE,Audio/humantalk/m2no07.wav,Audio/index.html,1,ENTRY_ID is the zero-based archive table ordinal
E:\cultures\vanilla-data\DataX\Libs\data0001.lib,1288,data\engine2d\bin\sounds\humantalk\m4no05.wav,164724938,42920,WAV,Audio,aud:1288,SOURCE_COMPLETE,Audio/humantalk/m4no05.wav,Audio/index.html,1,ENTRY_ID is the zero-based archive table ordinal
E:\cultures\vanilla-data\DataX\Libs\data0001.lib,1289,data\engine2d\bin\sounds\humantalk\m5no04.wav,165305458,47002,WAV,Audio,aud:1289,SOURCE_COMPLETE,Audio/humantalk/m5no04.wav,Audio/index.html,1,ENTRY_ID is the zero-based archive table ordinal
E:\cultures\vanilla-data\DataX\Libs\data0001.lib,1290,data\engine2d\bin\sounds\humantalk\m6no03.wav,165634584,40878,WAV,Audio,aud:1290,SOURCE_COMPLETE,Audio/humantalk/m6no03.wav,Audio/index.html,1,ENTRY_ID is the zero-based archive table ordinal
E:\cultures\vanilla-data\DataX\Libs\data0001.lib,1291,data\engine2d\bin\sounds\humantalk\m7no02.wav,165839032,38838,WAV,Audio,aud:1291,SOURCE_COMPLETE,Audio/humantalk/m7no02.wav,Audio/index.html,1,ENTRY_ID is the zero-based archive table ordinal
E:\cultures\vanilla-data\DataX\Libs\data0001.lib,1292,data\engine2d\bin\sounds\humantalk\m8no01.wav,166076138,28632,WAV,Audio,aud:1292,SOURCE_COMPLETE,Audio/humantalk/m8no01.wav,Audio/index.html,1,ENTRY_ID is the zero-based archive table ordinal
E:\cultures\vanilla-data\DataX\Libs\data0001.lib,1293,data\engine2d\bin\sounds\humantalk\m9ok03.wav,166556534,42920,WAV,Audio,aud:1293,SOURCE_COMPLETE,Audio/humantalk/m9ok03.wav,Audio/index.html,1,ENTRY_ID is the zero-based archive table ordinal
E:\cultures\vanilla-data\DataX\Libs\data0001.lib,1294,data\engine2d\bin\sounds\static\spear_hit01.wav,185309364,47002,WAV,Audio,aud:1294,SOURCE_COMPLETE,Audio/static/spear_hit01.wav,Audio/index.html,1,ENTRY_ID is the zero-based archive table ordinal
E:\cultures\vanilla-data\DataX\Libs\data0001.lib,1295,data\maps\tutorial_004\map.dat,248582204,381852,DAT,Native documents,doc:1295,SOURCE_COMPLETE,Metadata/Sources/Raw/data/maps/tutorial_004/map.dat,Metadata/Sources/index.html,1,ENTRY_ID is the zero-based archive table ordinal
E:\cultures\vanilla-data\DataX\Libs\data0001.lib,1296,data\engine2d\bin\bobs\ls_skeletons.bmd,112429617,21094,BMD,Source libraries,lib:ls_skeletons,SOURCE_COMPLETE,Shared/SourceLibraries/ls_skeletons/library.json,Shared/SourceLibraries/index.html,7,ENTRY_ID is the zero-based archive table ordinal
E:\cultures\vanilla-data\DataX\Libs\data0001.lib,1297,data\engine2d\bin\palettes\creatures\ship04.pcx,132747816,901,PCX,Palettes,img:1297,PIXEL_CONFIRMED,Metadata/Palettes/creatures/ship04.png,Metadata/Palettes/index.html,1,ENTRY_ID is the zero-based archive table ordinal
E:\cultures\vanilla-data\DataX\Libs\data0001.lib,1298,data\engine2d\bin\sounds\humantalk\m4no06.wav,164767858,53124,WAV,Audio,aud:1298,SOURCE_COMPLETE,Audio/humantalk/m4no06.wav,Audio/index.html,1,ENTRY_ID is the zero-based archive table ordinal
E:\cultures\vanilla-data\DataX\Libs\data0001.lib,1299,data\engine2d\bin\sounds\humantalk\m5no05.wav,165352460,49042,WAV,Audio,aud:1299,SOURCE_COMPLETE,Audio/humantalk/m5no05.wav,Audio/index.html,1,ENTRY_ID is the zero-based archive table ordinal
E:\cultures\vanilla-data\DataX\Libs\data0001.lib,1300,data\engine2d\bin\sounds\humantalk\m6no04.wav,165675462,40878,WAV,Audio,aud:1300,SOURCE_COMPLETE,Audio/humantalk/m6no04.wav,Audio/index.html,1,ENTRY_ID is the zero-based archive table ordinal
E:\cultures\vanilla-data\DataX\Libs\data0001.lib,1301,data\engine2d\bin\sounds\humantalk\m7no03.wav,165877870,40878,WAV,Audio,aud:1301,SOURCE_COMPLETE,Audio/humantalk/m7no03.wav,Audio/index.html,1,ENTRY_ID is the zero-based archive table ordinal
E:\cultures\vanilla-data\DataX\Libs\data0001.lib,1302,data\engine2d\bin\sounds\humantalk\m8no02.wav,166104770,42920,WAV,Audio,aud:1302,SOURCE_COMPLETE,Audio/humantalk/m8no02.wav,Audio/index.html,1,ENTRY_ID is the zero-based archive table ordinal
E:\cultures\vanilla-data\DataX\Libs\data0001.lib,1303,data\engine2d\bin\sounds\humantalk\m9no01.wav,166323508,32714,WAV,Audio,aud:1303,SOURCE_COMPLETE,Audio/humantalk/m9no01.wav,Audio/index.html,1,ENTRY_ID is the zero-based archive table ordinal
E:\cultures\vanilla-data\DataX\Libs\data0001.lib,1304,data\engine2d\bin\sounds\static\spear_hit02.wav,185356366,10264,WAV,Audio,aud:1304,SOURCE_COMPLETE,Audio/static/spear_hit02.wav,Audio/index.html,1,ENTRY_ID is the zero-based archive table ordinal
E:\cultures\vanilla-data\DataX\Libs\data0001.lib,1305,data\maps\multiplayer_201_special_coop\text\eng\briefings\briefings.txt,228929276,1155,TXT,Native documents,doc:1305,SOURCE_COMPLETE,Metadata/Sources/Raw/data/maps/multiplayer_201_special_coop/text/eng/briefings/briefings.txt,Metadata/Sources/index.html,1,ENTRY_ID is the zero-based archive table ordinal
E:\cultures\vanilla-data\DataX\Libs\data0001.lib,1306,data\maps\multiplayer_202_special_millitär\text\eng\briefings\fonts\font12.fnt,230425255,17840,FNT,Fonts,font:1306,SOURCE_COMPLETE,,UI/Fonts/index.html,1,ENTRY_ID is the zero-based archive table ordinal
E:\cultures\vanilla-data\DataX\Libs\data0001.lib,1307,data\maps\tutorial_005\map.dat,249444426,1073018,DAT,Native documents,doc:1307,SOURCE_COMPLETE,Metadata/Sources/Raw/data/maps/tutorial_005/map.dat,Metadata/Sources/index.html,1,ENTRY_ID is the zero-based archive table ordinal
E:\cultures\vanilla-data\DataX\Libs\data0001.lib,1308,data\engine2d\bin\palettes\creatures\ship05.pcx,132748717,901,PCX,Palettes,img:1308,PIXEL_CONFIRMED,Metadata/Palettes/creatures/ship05.png,Metadata/Palettes/index.html,1,ENTRY_ID is the zero-based archive table ordinal
E:\cultures\vanilla-data\DataX\Libs\data0001.lib,1309,data\engine2d\bin\sounds\humantalk\m4no07.wav,164820982,40878,WAV,Audio,aud:1309,SOURCE_COMPLETE,Audio/humantalk/m4no07.wav,Audio/index.html,1,ENTRY_ID is the zero-based archive table ordinal
E:\cultures\vanilla-data\DataX\Libs\data0001.lib,1310,data\engine2d\bin\sounds\humantalk\m5no06.wav,165401502,42920,WAV,Audio,aud:1310,SOURCE_COMPLETE,Audio/humantalk/m5no06.wav,Audio/index.html,1,ENTRY_ID is the zero-based archive table ordinal
E:\cultures\vanilla-data\DataX\Libs\data0001.lib,1311,data\engine2d\bin\sounds\humantalk\m7no04.wav,165918748,40878,WAV,Audio,aud:1311,SOURCE_COMPLETE,Audio/humantalk/m7no04.wav,Audio/index.html,1,ENTRY_ID is the zero-based archive table ordinal
E:\cultures\vanilla-data\DataX\Libs\data0001.lib,1312,data\engine2d\bin\sounds\humantalk\m8no03.wav,166147690,34756,WAV,Audio,aud:1312,SOURCE_COMPLETE,Audio/humantalk/m8no03.wav,Audio/index.html,1,ENTRY_ID is the zero-based archive table ordinal
E:\cultures\vanilla-data\DataX\Libs\data0001.lib,1313,data\engine2d\bin\sounds\humantalk\m9no02.wav,166356222,42920,WAV,Audio,aud:1313,SOURCE_COMPLETE,Audio/humantalk/m9no02.wav,Audio/index.html,1,ENTRY_ID is the zero-based archive table ordinal
E:\cultures\vanilla-data\DataX\Libs\data0001.lib,1314,data\engine2d\bin\sounds\static\spear_hit03.wav,185366630,14346,WAV,Audio,aud:1314,SOURCE_COMPLETE,Audio/static/spear_hit03.wav,Audio/index.html,1,ENTRY_ID is the zero-based archive table ordinal
E:\cultures\vanilla-data\DataX\Libs\data0001.lib,1315,data\maps\tutorial_001\text\eng\briefings\fonts\fonthead16bld.fnt,245236088,23016,FNT,Fonts,font:1315,SOURCE_COMPLETE,,UI/Fonts/index.html,1,ENTRY_ID is the zero-based archive table ordinal
E:\cultures\vanilla-data\DataX\Libs\data0001.lib,1316,data\maps\tutorial_006\map.dat,251020715,946909,DAT,Native documents,doc:1316,SOURCE_COMPLETE,Metadata/Sources/Raw/data/maps/tutorial_006/map.dat,Metadata/Sources/index.html,1,ENTRY_ID is the zero-based archive table ordinal
E:\cultures\vanilla-data\DataX\Libs\data0001.lib,1317,data\engine2d\bin\bobs\ls_houses_frank_s.bmd,99994618,18265,BMD,Source libraries,lib:ls_houses_frank_s,SOURCE_COMPLETE,Shared/SourceLibraries/ls_houses_frank_s/library.json,Shared/SourceLibraries/index.html,13,ENTRY_ID is the zero-based archive table ordinal
E:\cultures\vanilla-data\DataX\Libs\data0001.lib,1318,data\engine2d\bin\palettes\creatures\ship06.pcx,132749618,901,PCX,Palettes,img:1318,PIXEL_CONFIRMED,Metadata/Palettes/creatures/ship06.png,Metadata/Palettes/index.html,1,ENTRY_ID is the zero-based archive table ordinal
E:\cultures\vanilla-data\DataX\Libs\data0001.lib,1319,data\engine2d\bin\sounds\humantalk\m4no08.wav,164861860,38838,WAV,Audio,aud:1319,SOURCE_COMPLETE,Audio/humantalk/m4no08.wav,Audio/index.html,1,ENTRY_ID is the zero-based archive table ordinal
E:\cultures\vanilla-data\DataX\Libs\data0001.lib,1320,data\engine2d\bin\sounds\humantalk\m5no07.wav,165444422,40878,WAV,Audio,aud:1320,SOURCE_COMPLETE,Audio/humantalk/m5no07.wav,Audio/index.html,1,ENTRY_ID is the zero-based archive table ordinal
E:\cultures\vanilla-data\DataX\Libs\data0001.lib,1321,data\engine2d\bin\sounds\humantalk\m8no04.wav,166182446,40878,WAV,Audio,aud:1321,SOURCE_COMPLETE,Audio/humantalk/m8no04.wav,Audio/index.html,1,ENTRY_ID is the zero-based archive table ordinal
E:\cultures\vanilla-data\DataX\Libs\data0001.lib,1322,data\engine2d\bin\sounds\humantalk\m9no03.wav,166399142,38838,WAV,Audio,aud:1322,SOURCE_COMPLETE,Audio/humantalk/m9no03.wav,Audio/index.html,1,ENTRY_ID is the zero-based archive table ordinal
E:\cultures\vanilla-data\DataX\Libs\data0001.lib,1323,data\engine2d\bin\sounds\static\spear_hit04.wav,185380976,38838,WAV,Audio,aud:1323,SOURCE_COMPLETE,Audio/static/spear_hit04.wav,Audio/index.html,1,ENTRY_ID is the zero-based archive table ordinal
E:\cultures\vanilla-data\DataX\Libs\data0001.lib,1324,data\maps\multiplayer_205_special_cap-the-cow\text\eng\briefings\fonts\fonthead16bld.fnt,235328675,23016,FNT,Fonts,font:1324,SOURCE_COMPLETE,,UI/Fonts/index.html,1,ENTRY_ID is the zero-based archive table ordinal
E:\cultures\vanilla-data\DataX\Libs\data0001.lib,1325,data\maps\tutorial_002\text\eng\briefings\fonts\fonthead16bld.fnt,246304061,23016,FNT,Fonts,font:1325,SOURCE_COMPLETE,,UI/Fonts/index.html,1,ENTRY_ID is the zero-based archive table ordinal
E:\cultures\vanilla-data\DataX\Libs\data0001.lib,1326,data\maps\tutorial_007\map.dat,252442292,854756,DAT,Native documents,doc:1326,SOURCE_COMPLETE,Metadata/Sources/Raw/data/maps/tutorial_007/map.dat,Metadata/Sources/index.html,1,ENTRY_ID is the zero-based archive table ordinal
E:\cultures\vanilla-data\DataX\Libs\data0001.lib,1327,data\engine2d\bin\bobs\ls_statues_s.bmd,116350479,51862,BMD,Source libraries,lib:ls_statues_s,SOURCE_COMPLETE,Shared/SourceLibraries/ls_statues_s/library.json,Shared/SourceLibraries/index.html,8,ENTRY_ID is the zero-based archive table ordinal
E:\cultures\vanilla-data\DataX\Libs\data0001.lib,1328,data\engine2d\bin\palettes\creatures\ship07.pcx,132750519,901,PCX,Palettes,img:1328,PIXEL_CONFIRMED,Metadata/Palettes/creatures/ship07.png,Metadata/Palettes/index.html,1,ENTRY_ID is the zero-based archive table ordinal
E:\cultures\vanilla-data\DataX\Libs\data0001.lib,1329,data\engine2d\bin\sounds\humantalk\m4no09.wav,164900698,34756,WAV,Audio,aud:1329,SOURCE_COMPLETE,Audio/humantalk/m4no09.wav,Audio/index.html,1,ENTRY_ID is the zero-based archive table ordinal
E:\cultures\vanilla-data\DataX\Libs\data0001.lib,1330,data\engine2d\bin\sounds\humantalk\m9no04.wav,166437980,42920,WAV,Audio,aud:1330,SOURCE_COMPLETE,Audio/humantalk/m9no04.wav,Audio/index.html,1,ENTRY_ID is the zero-based archive table ordinal
E:\cultures\vanilla-data\DataX\Libs\data0001.lib,1331,data\engine2d\bin\sounds\static\spear_hit05.wav,185419814,44960,WAV,Audio,aud:1331,SOURCE_COMPLETE,Audio/static/spear_hit05.wav,Audio/index.html,1,ENTRY_ID is the zero-based archive table ordinal
E:\cultures\vanilla-data\DataX\Libs\data0001.lib,1332,data\maps\campaign_03_01_sub\map.dat,205614740,225838,DAT,Native documents,doc:1332,SOURCE_COMPLETE,Metadata/Sources/Raw/data/maps/campaign_03_01_sub/map.dat,Metadata/Sources/index.html,1,ENTRY_ID is the zero-based archive table ordinal
E:\cultures\vanilla-data\DataX\Libs\data0001.lib,1333,data\maps\multiplayer_205_special_cap-the-cow\minimap\minimap.pcx,235251603,44149,PCX,Images,img:1333,PIXEL_CONFIRMED,UI/Maps/multiplayer_205_special_cap-the-cow/minimap/minimap.png,UI/Images/index.html,1,ENTRY_ID is the zero-based archive table ordinal
E:\cultures\vanilla-data\DataX\Libs\data0001.lib,1334,data\maps\tutorial_003\text\eng\briefings\fonts\fonthead16bld.fnt,247285396,23016,FNT,Fonts,font:1334,SOURCE_COMPLETE,,UI/Fonts/index.html,1,ENTRY_ID is the zero-based archive table ordinal
E:\cultures\vanilla-data\DataX\Libs\data0001.lib,1335,data\text\eng\strings\gameobjects\goods.cif,255133303,3456,CIF,Native definitions,cif:1335,SOURCE_COMPLETE,Metadata/Sources/CIF/data/text/eng/strings/gameobjects/goods.cif.txt,Metadata/Sources/index.html,1,ENTRY_ID is the zero-based archive table ordinal
E:\cultures\vanilla-data\DataX\Libs\data0001.lib,1336,data\engine2d\bin\palettes\creatures\ship08.pcx,132751420,901,PCX,Palettes,img:1336,PIXEL_CONFIRMED,Metadata/Palettes/creatures/ship08.png,Metadata/Palettes/index.html,1,ENTRY_ID is the zero-based archive table ordinal
E:\cultures\vanilla-data\DataX\Libs\data0001.lib,1337,data\maps\campaign_03_02_sub\map.dat,208472004,106844,DAT,Native documents,doc:1337,SOURCE_COMPLETE,Metadata/Sources/Raw/data/maps/campaign_03_02_sub/map.dat,Metadata/Sources/index.html,1,ENTRY_ID is the zero-based archive table ordinal
E:\cultures\vanilla-data\DataX\Libs\data0001.lib,1338,data\maps\tutorial_004\text\eng\briefings\fonts\fonthead16bld.fnt,248140315,23016,FNT,Fonts,font:1338,SOURCE_COMPLETE,,UI/Fonts/index.html,1,ENTRY_ID is the zero-based archive table ordinal
E:\cultures\vanilla-data\DataX\Libs\data0001.lib,1339,data\engine2d\bin\palettes\creatures\ship09.pcx,132752321,901,PCX,Palettes,img:1339,PIXEL_CONFIRMED,Metadata/Palettes/creatures/ship09.png,Metadata/Palettes/index.html,1,ENTRY_ID is the zero-based archive table ordinal
E:\cultures\vanilla-data\DataX\Libs\data0001.lib,1340,data\logic\humanjobexperiencetypes.cif,202532744,8152,CIF,Native definitions,cif:1340,SOURCE_COMPLETE,Metadata/Sources/CIF/data/logic/humanjobexperiencetypes.cif.txt,Metadata/Sources/index.html,1,ENTRY_ID is the zero-based archive table ordinal
E:\cultures\vanilla-data\DataX\Libs\data0001.lib,1341,data\maps\tutorial_005\text\eng\briefings\fonts\fonthead16bld.fnt,248996979,23016,FNT,Fonts,font:1341,SOURCE_COMPLETE,,UI/Fonts/index.html,1,ENTRY_ID is the zero-based archive table ordinal
E:\cultures\vanilla-data\DataX\Libs\data0001.lib,1342,data\edit\macromaps\mountain000.cif,299675,16340,CIF,Native definitions,cif:1342,SOURCE_COMPLETE,Metadata/Sources/CIF/data/edit/macromaps/mountain000.cif.txt,Metadata/Sources/index.html,1,ENTRY_ID is the zero-based archive table ordinal
E:\cultures\vanilla-data\DataX\Libs\data0001.lib,1343,data\engine2d\bin\bobs\cr_hum_body_00_s.bmd,11156900,673076,BMD,Source libraries,lib:cr_hum_body_00_s,SOURCE_COMPLETE,Shared/SourceLibraries/cr_hum_body_00_s/library.json,Shared/SourceLibraries/index.html,499,ENTRY_ID is the zero-based archive table ordinal
E:\cultures\vanilla-data\DataX\Libs\data0001.lib,1344,data\maps\tutorial_006\text\eng\briefings\fonts\fonthead16bld.fnt,250550367,23016,FNT,Fonts,font:1344,SOURCE_COMPLETE,,UI/Fonts/index.html,1,ENTRY_ID is the zero-based archive table ordinal
E:\cultures\vanilla-data\DataX\Libs\data0001.lib,1345,data\engine2d\bin\bobs\cr_hum_body_10_s.bmd,15678268,95124,BMD,Source libraries,lib:cr_hum_body_10_s,SOURCE_COMPLETE,Shared/SourceLibraries/cr_hum_body_10_s/library.json,Shared/SourceLibraries/index.html,140,ENTRY_ID is the zero-based archive table ordinal
E:\cultures\vanilla-data\DataX\Libs\data0001.lib,1346,data\engine2d\bin\textures\tran_concrete_a.pcx,191611840,56829,PCX,Images,img:1346,PIXEL_CONFIRMED,Terrain/Textures/tran_concrete_a.png,Terrain/Textures/index.html,1,ENTRY_ID is the zero-based archive table ordinal
E:\cultures\vanilla-data\DataX\Libs\data0001.lib,1347,data\gui\palettes\ingame_remap_01.pcx,202176364,901,PCX,Images,img:1347,PIXEL_CONFIRMED,UI/Palettes/ingame_remap_01.png,UI/Images/index.html,1,ENTRY_ID is the zero-based archive table ordinal
E:\cultures\vanilla-data\DataX\Libs\data0001.lib,1348,data\maps\campaign_03_01\text\eng\briefings\graphics\hero_dead_f.pcx,202844735,94108,PCX,Images,img:1348,PIXEL_CONFIRMED,UI/Maps/campaign_03_01/text_eng_briefings_graphics/hero_dead_f.png,UI/Images/index.html,1,ENTRY_ID is the zero-based archive table ordinal
E:\cultures\vanilla-data\DataX\Libs\data0001.lib,1349,data\maps\tutorial_007\text\eng\briefings\fonts\fonthead16bld.fnt,252000547,23016,FNT,Fonts,font:1349,SOURCE_COMPLETE,,UI/Fonts/index.html,1,ENTRY_ID is the zero-based archive table ordinal
E:\cultures\vanilla-data\DataX\Libs\data0001.lib,1350,data\engine2d\bin\bobs\cr_hum_body_20_s.bmd,15858581,24276,BMD,Source libraries,lib:cr_hum_body_20_s,SOURCE_COMPLETE,Shared/SourceLibraries/cr_hum_body_20_s/library.json,Shared/SourceLibraries/index.html,36,ENTRY_ID is the zero-based archive table ordinal
E:\cultures\vanilla-data\DataX\Libs\data0001.lib,1351,data\engine2d\bin\palettes\landscapes\shipwreck.pcx,132821707,901,PCX,Palettes,img:1351,PIXEL_CONFIRMED,Metadata/Palettes/landscapes/shipwreck.png,Metadata/Palettes/index.html,1,ENTRY_ID is the zero-based archive table ordinal
E:\cultures\vanilla-data\DataX\Libs\data0001.lib,1352,data\engine2d\bin\sounds\humantalk\arabian\a01.wav,153324580,26592,WAV,Audio,aud:1352,SOURCE_COMPLETE,Audio/arabian/a01.wav,Audio/index.html,1,ENTRY_ID is the zero-based archive table ordinal
E:\cultures\vanilla-data\DataX\Libs\data0001.lib,1353,data\engine2d\bin\sounds\humantalk\arabian\a10.wav,153663908,38838,WAV,Audio,aud:1353,SOURCE_COMPLETE,Audio/arabian/a10.wav,Audio/index.html,1,ENTRY_ID is the zero-based archive table ordinal
E:\cultures\vanilla-data\DataX\Libs\data0001.lib,1354,data\gui\palettes\ingame_remap_02.pcx,202177265,901,PCX,Images,img:1354,PIXEL_CONFIRMED,UI/Palettes/ingame_remap_02.png,UI/Images/index.html,1,ENTRY_ID is the zero-based archive table ordinal
E:\cultures\vanilla-data\DataX\Libs\data0001.lib,1355,data\maps\campaign_03_01_sub\text\eng\briefings\fonts\fonthead16bld.fnt,205197032,23016,FNT,Fonts,font:1355,SOURCE_COMPLETE,,UI/Fonts/index.html,1,ENTRY_ID is the zero-based archive table ordinal
E:\cultures\vanilla-data\DataX\Libs\data0001.lib,1356,data\maps\campaign_03_02\text\eng\briefings\graphics\hero_dead_f.pcx,206087127,94108,PCX,Images,img:1356,PIXEL_CONFIRMED,UI/Maps/campaign_03_02/text_eng_briefings_graphics/hero_dead_f.png,UI/Images/index.html,1,ENTRY_ID is the zero-based archive table ordinal
E:\cultures\vanilla-data\DataX\Libs\data0001.lib,1357,data\engine2d\bin\bobs\cr_hum_body_21_s.bmd,15993296,16766,BMD,Source libraries,lib:cr_hum_body_21_s,SOURCE_COMPLETE,Shared/SourceLibraries/cr_hum_body_21_s/library.json,Shared/SourceLibraries/index.html,38,ENTRY_ID is the zero-based archive table ordinal
E:\cultures\vanilla-data\DataX\Libs\data0001.lib,1358,data\engine2d\bin\bobs\cr_hum_body_30_s.bmd,18770742,410306,BMD,Source libraries,lib:cr_hum_body_30_s,SOURCE_COMPLETE,Shared/SourceLibraries/cr_hum_body_30_s/library.json,Shared/SourceLibraries/index.html,543,ENTRY_ID is the zero-based archive table ordinal
E:\cultures\vanilla-data\DataX\Libs\data0001.lib,1359,data\engine2d\bin\sounds\humantalk\arabian\a02.wav,153351172,28632,WAV,Audio,aud:1359,SOURCE_COMPLETE,Audio/arabian/a02.wav,Audio/index.html,1,ENTRY_ID is the zero-based archive table ordinal
E:\cultures\vanilla-data\DataX\Libs\data0001.lib,1360,data\engine2d\bin\sounds\humantalk\arabian\a11.wav,153702746,38838,WAV,Audio,aud:1360,SOURCE_COMPLETE,Audio/arabian/a11.wav,Audio/index.html,1,ENTRY_ID is the zero-based archive table ordinal
E:\cultures\vanilla-data\DataX\Libs\data0001.lib,1361,data\engine2d\bin\sounds\humantalk\arabian\a20.wav,154064526,61288,WAV,Audio,aud:1361,SOURCE_COMPLETE,Audio/arabian/a20.wav,Audio/index.html,1,ENTRY_ID is the zero-based archive table ordinal
E:\cultures\vanilla-data\DataX\Libs\data0001.lib,1362,data\gui\palettes\bg_hilite.pcx,202165542,901,PCX,Images,img:1362,PIXEL_CONFIRMED,UI/Palettes/bg_hilite.png,UI/Images/index.html,1,ENTRY_ID is the zero-based archive table ordinal
E:\cultures\vanilla-data\DataX\Libs\data0001.lib,1363,data\gui\palettes\ingame_remap_03.pcx,202178166,901,PCX,Images,img:1363,PIXEL_CONFIRMED,UI/Palettes/ingame_remap_03.png,UI/Images/index.html,1,ENTRY_ID is the zero-based archive table ordinal
E:\cultures\vanilla-data\DataX\Libs\data0001.lib,1364,data\maps\campaign_03_02_sub\text\eng\briefings\fonts\fonthead16bld.fnt,208050125,23016,FNT,Fonts,font:1364,SOURCE_COMPLETE,,UI/Fonts/index.html,1,ENTRY_ID is the zero-based archive table ordinal
E:\cultures\vanilla-data\DataX\Libs\data0001.lib,1365,data\maps\campaign_03_03\text\eng\briefings\graphics\hero_dead_f.pcx,208868880,94108,PCX,Images,img:1365,PIXEL_CONFIRMED,UI/Maps/campaign_03_03/text_eng_briefings_graphics/hero_dead_f.png,UI/Images/index.html,1,ENTRY_ID is the zero-based archive table ordinal
E:\cultures\vanilla-data\DataX\Libs\data0001.lib,1366,data\engine2d\bin\bobs\cr_hum_body_22_s.bmd,16087108,14200,BMD,Source libraries,lib:cr_hum_body_22_s,SOURCE_COMPLETE,Shared/SourceLibraries/cr_hum_body_22_s/library.json,Shared/SourceLibraries/index.html,76,ENTRY_ID is the zero-based archive table ordinal
E:\cultures\vanilla-data\DataX\Libs\data0001.lib,1367,data\engine2d\bin\bobs\cr_hum_body_40_s.bmd,23505750,413718,BMD,Source libraries,lib:cr_hum_body_40_s,SOURCE_COMPLETE,Shared/SourceLibraries/cr_hum_body_40_s/library.json,Shared/SourceLibraries/index.html,447,ENTRY_ID is the zero-based archive table ordinal
E:\cultures\vanilla-data\DataX\Libs\data0001.lib,1368,data\engine2d\bin\bobs\ls_trees_dead_s.bmd,119050592,996,BMD,Source libraries,lib:ls_trees_dead_s,SOURCE_COMPLETE,Shared/SourceLibraries/ls_trees_dead_s/library.json,Shared/SourceLibraries/index.html,1,ENTRY_ID is the zero-based archive table ordinal
E:\cultures\vanilla-data\DataX\Libs\data0001.lib,1369,data\engine2d\bin\palettes\landscapes\rockwater.pcx,132818103,901,PCX,Palettes,img:1369,PIXEL_CONFIRMED,Metadata/Palettes/landscapes/rockwater.png,Metadata/Palettes/index.html,1,ENTRY_ID is the zero-based archive table ordinal
E:\cultures\vanilla-data\DataX\Libs\data0001.lib,1370,data\engine2d\bin\sounds\humantalk\arabian\a03.wav,153379804,32714,WAV,Audio,aud:1370,SOURCE_COMPLETE,Audio/arabian/a03.wav,Audio/index.html,1,ENTRY_ID is the zero-based archive table ordinal
E:\cultures\vanilla-data\DataX\Libs\data0001.lib,1371,data\engine2d\bin\sounds\humantalk\arabian\a12.wav,153741584,28632,WAV,Audio,aud:1371,SOURCE_COMPLETE,Audio/arabian/a12.wav,Audio/index.html,1,ENTRY_ID is the zero-based archive table ordinal
E:\cultures\vanilla-data\DataX\Libs\data0001.lib,1372,data\engine2d\bin\sounds\humantalk\arabian\a21.wav,154125814,73534,WAV,Audio,aud:1372,SOURCE_COMPLETE,Audio/arabian/a21.wav,Audio/index.html,1,ENTRY_ID is the zero-based archive table ordinal
E:\cultures\vanilla-data\DataX\Libs\data0001.lib,1373,data\engine2d\bin\sounds\humantalk\arabian\a30.wav,154524334,30672,WAV,Audio,aud:1373,SOURCE_COMPLETE,Audio/arabian/a30.wav,Audio/index.html,1,ENTRY_ID is the zero-based archive table ordinal
E:\cultures\vanilla-data\DataX\Libs\data0001.lib,1374,data\maps\campaign_03_04\text\eng\briefings\graphics\hero_dead_f.pcx,212388837,94108,PCX,Images,img:1374,PIXEL_CONFIRMED,UI/Maps/campaign_03_04/text_eng_briefings_graphics/hero_dead_f.png,UI/Images/index.html,1,ENTRY_ID is the zero-based archive table ordinal
E:\cultures\vanilla-data\DataX\Libs\data0001.lib,1375,data\engine2d\bin\bobs\cr_hum_body_05_s.bmd,14625454,334984,BMD,Source libraries,lib:cr_hum_body_05_s,SOURCE_COMPLETE,Shared/SourceLibraries/cr_hum_body_05_s/library.json,Shared/SourceLibraries/index.html,607,ENTRY_ID is the zero-based archive table ordinal
E:\cultures\vanilla-data\DataX\Libs\data0001.lib,1376,data\engine2d\bin\bobs\cr_hum_body_32_s.bmd,20484458,201164,BMD,Source libraries,lib:cr_hum_body_32_s,SOURCE_COMPLETE,Shared/SourceLibraries/cr_hum_body_32_s/library.json,Shared/SourceLibraries/index.html,373,ENTRY_ID is the zero-based archive table ordinal
E:\cultures\vanilla-data\DataX\Libs\data0001.lib,1377,data\engine2d\bin\bobs\cr_hum_body_50_s.bmd,28086128,422140,BMD,Source libraries,lib:cr_hum_body_50_s,SOURCE_COMPLETE,Shared/SourceLibraries/cr_hum_body_50_s/library.json,Shared/SourceLibraries/index.html,447,ENTRY_ID is the zero-based archive table ordinal
E:\cultures\vanilla-data\DataX\Libs\data0001.lib,1378,data\engine2d\bin\sounds\humantalk\arabian\a04.wav,153412518,30672,WAV,Audio,aud:1378,SOURCE_COMPLETE,Audio/arabian/a04.wav,Audio/index.html,1,ENTRY_ID is the zero-based archive table ordinal
E:\cultures\vanilla-data\DataX\Libs\data0001.lib,1379,data\engine2d\bin\sounds\humantalk\arabian\a13.wav,153770216,30672,WAV,Audio,aud:1379,SOURCE_COMPLETE,Audio/arabian/a13.wav,Audio/index.html,1,ENTRY_ID is the zero-based archive table ordinal
E:\cultures\vanilla-data\DataX\Libs\data0001.lib,1380,data\engine2d\bin\sounds\humantalk\arabian\a22.wav,154199348,51084,WAV,Audio,aud:1380,SOURCE_COMPLETE,Audio/arabian/a22.wav,Audio/index.html,1,ENTRY_ID is the zero-based archive table ordinal
E:\cultures\vanilla-data\DataX\Libs\data0001.lib,1381,data\engine2d\bin\sounds\humantalk\arabian\a31.wav,154555006,49042,WAV,Audio,aud:1381,SOURCE_COMPLETE,Audio/arabian/a31.wav,Audio/index.html,1,ENTRY_ID is the zero-based archive table ordinal
E:\cultures\vanilla-data\DataX\Libs\data0001.lib,1382,data\engine2d\bin\sounds\humantalk\arabian\a40.wav,154871886,20468,WAV,Audio,aud:1382,SOURCE_COMPLETE,Audio/arabian/a40.wav,Audio/index.html,1,ENTRY_ID is the zero-based archive table ordinal
E:\cultures\vanilla-data\DataX\Libs\data0001.lib,1383,data\engine2d\bin\sounds\static\dummy.wav,179452500,2100,WAV,Audio,aud:1383,SOURCE_COMPLETE,Audio/static/dummy.wav,Audio/index.html,1,ENTRY_ID is the zero-based archive table ordinal
E:\cultures\vanilla-data\DataX\Libs\data0001.lib,1384,data\maps\campaign_03_05\text\eng\briefings\graphics\hero_dead_f.pcx,213682253,94108,PCX,Images,img:1384,PIXEL_CONFIRMED,UI/Maps/campaign_03_05/text_eng_briefings_graphics/hero_dead_f.png,UI/Images/index.html,1,ENTRY_ID is the zero-based archive table ordinal
E:\cultures\vanilla-data\DataX\Libs\data0001.lib,1385,data\maps\tutorial_001\text\eng\briefings\palettes\pal_white.bmp,245585399,65078,BMP,Images,img:1385,SOURCE_COMPLETE,UI/Maps/tutorial_001/text_eng_briefings_palettes/pal_white.png,UI/Images/index.html,1,ENTRY_ID is the zero-based archive table ordinal
E:\cultures\vanilla-data\DataX\Libs\data0001.lib,1386,data\engine2d\bin\bobs\cr_hum_body_42_s.bmd,25112840,193374,BMD,Source libraries,lib:cr_hum_body_42_s,SOURCE_COMPLETE,Shared/SourceLibraries/cr_hum_body_42_s/library.json,Shared/SourceLibraries/index.html,479,ENTRY_ID is the zero-based archive table ordinal
E:\cultures\vanilla-data\DataX\Libs\data0001.lib,1387,data\engine2d\bin\bobs\cr_hum_body_60_s.bmd,29642953,101824,BMD,Source libraries,lib:cr_hum_body_60_s,SOURCE_COMPLETE,Shared/SourceLibraries/cr_hum_body_60_s/library.json,Shared/SourceLibraries/index.html,7,ENTRY_ID is the zero-based archive table ordinal
E:\cultures\vanilla-data\DataX\Libs\data0001.lib,1388,data\engine2d\bin\bobs\ls_caves_s.bmd,81675582,17773,BMD,Source libraries,lib:ls_caves_s,SOURCE_COMPLETE,Shared/SourceLibraries/ls_caves_s/library.json,Shared/SourceLibraries/index.html,1,ENTRY_ID is the zero-based archive table ordinal
E:\cultures\vanilla-data\DataX\Libs\data0001.lib,1389,data\engine2d\bin\bobs\ls_snake_s.bmd,115785547,3671,BMD,Source libraries,lib:ls_snake_s,SOURCE_COMPLETE,Shared/SourceLibraries/ls_snake_s/library.json,Shared/SourceLibraries/index.html,1,ENTRY_ID is the zero-based archive table ordinal
E:\cultures\vanilla-data\DataX\Libs\data0001.lib,1390,data\engine2d\bin\sounds\humantalk\arabian\a05.wav,153443190,44960,WAV,Audio,aud:1390,SOURCE_COMPLETE,Audio/arabian/a05.wav,Audio/index.html,1,ENTRY_ID is the zero-based archive table ordinal
E:\cultures\vanilla-data\DataX\Libs\data0001.lib,1391,data\engine2d\bin\sounds\humantalk\arabian\a14.wav,153800888,36796,WAV,Audio,aud:1391,SOURCE_COMPLETE,Audio/arabian/a14.wav,Audio/index.html,1,ENTRY_ID is the zero-based archive table ordinal
E:\cultures\vanilla-data\DataX\Libs\data0001.lib,1392,data\engine2d\bin\sounds\humantalk\arabian\a23.wav,154250432,65370,WAV,Audio,aud:1392,SOURCE_COMPLETE,Audio/arabian/a23.wav,Audio/index.html,1,ENTRY_ID is the zero-based archive table ordinal
E:\cultures\vanilla-data\DataX\Libs\data0001.lib,1393,data\engine2d\bin\sounds\humantalk\arabian\a32.wav,154604048,51084,WAV,Audio,aud:1393,SOURCE_COMPLETE,Audio/arabian/a32.wav,Audio/index.html,1,ENTRY_ID is the zero-based archive table ordinal
E:\cultures\vanilla-data\DataX\Libs\data0001.lib,1394,data\engine2d\bin\sounds\humantalk\arabian\a41.wav,154892354,20468,WAV,Audio,aud:1394,SOURCE_COMPLETE,Audio/arabian/a41.wav,Audio/index.html,1,ENTRY_ID is the zero-based archive table ordinal
E:\cultures\vanilla-data\DataX\Libs\data0001.lib,1395,data\engine2d\bin\textures\tran_meadow_megadark.pcx,192131439,67089,PCX,Images,img:1395,PIXEL_CONFIRMED,Terrain/Textures/tran_meadow_megadark.png,Terrain/Textures/index.html,3,ENTRY_ID is the zero-based archive table ordinal
E:\cultures\vanilla-data\DataX\Libs\data0001.lib,1396,data\maps\campaign_03_06\text\eng\briefings\graphics\hero_dead_f.pcx,217114812,94108,PCX,Images,img:1396,PIXEL_CONFIRMED,UI/Maps/campaign_03_06/text_eng_briefings_graphics/hero_dead_f.png,UI/Images/index.html,1,ENTRY_ID is the zero-based archive table ordinal
E:\cultures\vanilla-data\DataX\Libs\data0001.lib,1397,data\maps\multiplayer_205_special_cap-the-cow\text\eng\briefings\palettes\pal_white.bmp,235476930,65078,BMP,Images,img:1397,SOURCE_COMPLETE,UI/Maps/multiplayer_205_special_cap-the-cow/text_eng_briefings_palettes/pal_white.png,UI/Images/index.html,1,ENTRY_ID is the zero-based archive table ordinal
E:\cultures\vanilla-data\DataX\Libs\data0001.lib,1398,data\maps\singleplayer_03_01-sub1\text\eng\briefings\fonts\font10.fnt,237338624,15083,FNT,Fonts,font:1398,SOURCE_COMPLETE,,UI/Fonts/index.html,1,ENTRY_ID is the zero-based archive table ordinal
E:\cultures\vanilla-data\DataX\Libs\data0001.lib,1399,data\maps\tutorial_002\text\eng\briefings\palettes\pal_white.bmp,246653372,65078,BMP,Images,img:1399,SOURCE_COMPLETE,UI/Maps/tutorial_002/text_eng_briefings_palettes/pal_white.png,UI/Images/index.html,1,ENTRY_ID is the zero-based archive table ordinal
E:\cultures\vanilla-data\DataX\Libs\data0001.lib,1400,data\text\eng\hypertext\history\fonts\font10.fnt,253456821,15083,FNT,Fonts,font:1400,SOURCE_COMPLETE,,UI/Fonts/index.html,1,ENTRY_ID is the zero-based archive table ordinal
E:\cultures\vanilla-data\DataX\Libs\data0001.lib,1401,data\engine2d\bin\bobs\cr_hum_body_52_s.bmd,29210295,125410,BMD,Source libraries,lib:cr_hum_body_52_s,SOURCE_COMPLETE,Shared/SourceLibraries/cr_hum_body_52_s/library.json,Shared/SourceLibraries/index.html,93,ENTRY_ID is the zero-based archive table ordinal
E:\cultures\vanilla-data\DataX\Libs\data0001.lib,1402,data\engine2d\bin\bobs\cr_hum_body_61_s.bmd,30113229,85364,BMD,Source libraries,lib:cr_hum_body_61_s,SOURCE_COMPLETE,Shared/SourceLibraries/cr_hum_body_61_s/library.json,Shared/SourceLibraries/index.html,33,ENTRY_ID is the zero-based archive table ordinal
E:\cultures\vanilla-data\DataX\Libs\data0001.lib,1403,data\engine2d\bin\bobs\cr_hum_body_70_s.bmd,32804932,168642,BMD,Source libraries,lib:cr_hum_body_70_s,SOURCE_COMPLETE,Shared/SourceLibraries/cr_hum_body_70_s/library.json,Shared/SourceLibraries/index.html,75,ENTRY_ID is the zero-based archive table ordinal
E:\cultures\vanilla-data\DataX\Libs\data0001.lib,1404,data\engine2d\bin\sounds\humantalk\arabian\a06.wav,153488150,24550,WAV,Audio,aud:1404,SOURCE_COMPLETE,Audio/arabian/a06.wav,Audio/index.html,1,ENTRY_ID is the zero-based archive table ordinal
E:\cultures\vanilla-data\DataX\Libs\data0001.lib,1405,data\engine2d\bin\sounds\humantalk\arabian\a15.wav,153837684,38838,WAV,Audio,aud:1405,SOURCE_COMPLETE,Audio/arabian/a15.wav,Audio/index.html,1,ENTRY_ID is the zero-based archive table ordinal
E:\cultures\vanilla-data\DataX\Libs\data0001.lib,1406,data\engine2d\bin\sounds\humantalk\arabian\a24.wav,154315802,32714,WAV,Audio,aud:1406,SOURCE_COMPLETE,Audio/arabian/a24.wav,Audio/index.html,1,ENTRY_ID is the zero-based archive table ordinal
E:\cultures\vanilla-data\DataX\Libs\data0001.lib,1407,data\engine2d\bin\sounds\humantalk\arabian\a33.wav,154655132,44960,WAV,Audio,aud:1407,SOURCE_COMPLETE,Audio/arabian/a33.wav,Audio/index.html,1,ENTRY_ID is the zero-based archive table ordinal
E:\cultures\vanilla-data\DataX\Libs\data0001.lib,1408,data\maps\campaign_03_07\text\eng\briefings\graphics\hero_dead_f.pcx,220823932,94108,PCX,Images,img:1408,PIXEL_CONFIRMED,UI/Maps/campaign_03_07/text_eng_briefings_graphics/hero_dead_f.png,UI/Images/index.html,1,ENTRY_ID is the zero-based archive table ordinal
E:\cultures\vanilla-data\DataX\Libs\data0001.lib,1409,data\maps\tutorial_003\text\eng\briefings\palettes\pal_white.bmp,247634707,65078,BMP,Images,img:1409,SOURCE_COMPLETE,UI/Maps/tutorial_003/text_eng_briefings_palettes/pal_white.png,UI/Images/index.html,1,ENTRY_ID is the zero-based archive table ordinal
E:\cultures\vanilla-data\DataX\Libs\data0001.lib,1410,data\engine2d\bin\bobs\cr_hum_body_62_s.bmd,30597247,105494,BMD,Source libraries,lib:cr_hum_body_62_s,SOURCE_COMPLETE,Shared/SourceLibraries/cr_hum_body_62_s/library.json,Shared/SourceLibraries/index.html,2,ENTRY_ID is the zero-based archive table ordinal
E:\cultures\vanilla-data\DataX\Libs\data0001.lib,1411,data\engine2d\bin\bobs\cr_hum_body_71_s.bmd,34504733,140672,BMD,Source libraries,lib:cr_hum_body_71_s,SOURCE_COMPLETE,Shared/SourceLibraries/cr_hum_body_71_s/library.json,Shared/SourceLibraries/index.html,1,ENTRY_ID is the zero-based archive table ordinal
E:\cultures\vanilla-data\DataX\Libs\data0001.lib,1412,data\engine2d\bin\bobs\ls_gates_s.bmd,82224974,3662,BMD,Source libraries,lib:ls_gates_s,SOURCE_COMPLETE,Shared/SourceLibraries/ls_gates_s/library.json,Shared/SourceLibraries/index.html,1,ENTRY_ID is the zero-based archive table ordinal
E:\cultures\vanilla-data\DataX\Libs\data0001.lib,1413,data\engine2d\bin\sounds\humantalk\arabian\a07.wav,153512700,24550,WAV,Audio,aud:1413,SOURCE_COMPLETE,Audio/arabian/a07.wav,Audio/index.html,1,ENTRY_ID is the zero-based archive table ordinal
E:\cultures\vanilla-data\DataX\Libs\data0001.lib,1414,data\engine2d\bin\sounds\humantalk\arabian\a16.wav,153876522,36796,WAV,Audio,aud:1414,SOURCE_COMPLETE,Audio/arabian/a16.wav,Audio/index.html,1,ENTRY_ID is the zero-based archive table ordinal
E:\cultures\vanilla-data\DataX\Libs\data0001.lib,1415,data\engine2d\bin\sounds\humantalk\arabian\a25.wav,154348516,38838,WAV,Audio,aud:1415,SOURCE_COMPLETE,Audio/arabian/a25.wav,Audio/index.html,1,ENTRY_ID is the zero-based archive table ordinal
E:\cultures\vanilla-data\DataX\Libs\data0001.lib,1416,data\engine2d\bin\sounds\humantalk\arabian\a34.wav,154700092,40878,WAV,Audio,aud:1416,SOURCE_COMPLETE,Audio/arabian/a34.wav,Audio/index.html,1,ENTRY_ID is the zero-based archive table ordinal
E:\cultures\vanilla-data\DataX\Libs\data0001.lib,1417,data\maps\campaign_03_08\text\eng\briefings\graphics\hero_dead_f.pcx,222870124,94108,PCX,Images,img:1417,PIXEL_CONFIRMED,UI/Maps/campaign_03_08/text_eng_briefings_graphics/hero_dead_f.png,UI/Images/index.html,1,ENTRY_ID is the zero-based archive table ordinal
E:\cultures\vanilla-data\DataX\Libs\data0001.lib,1418,data\maps\multiplayer_201_special_coop\text\eng\strings.cif,228930431,687,CIF,Native definitions,cif:1418,SOURCE_COMPLETE,Metadata/Sources/CIF/data/maps/multiplayer_201_special_coop/text/eng/strings.cif.txt,Metadata/Sources/index.html,1,ENTRY_ID is the zero-based archive table ordinal
E:\cultures\vanilla-data\DataX\Libs\data0001.lib,1419,data\maps\singleplayer_03_01-sub1\text\eng\briefings\fonts\font12.fnt,237353707,17840,FNT,Fonts,font:1419,SOURCE_COMPLETE,,UI/Fonts/index.html,1,ENTRY_ID is the zero-based archive table ordinal
E:\cultures\vanilla-data\DataX\Libs\data0001.lib,1420,data\maps\tutorial_004\text\eng\briefings\palettes\pal_white.bmp,248489626,65078,BMP,Images,img:1420,SOURCE_COMPLETE,UI/Maps/tutorial_004/text_eng_briefings_palettes/pal_white.png,UI/Images/index.html,1,ENTRY_ID is the zero-based archive table ordinal
E:\cultures\vanilla-data\DataX\Libs\data0001.lib,1421,data\text\eng\hypertext\history\fonts\font12.fnt,253471904,17840,FNT,Fonts,font:1421,SOURCE_COMPLETE,,UI/Fonts/index.html,1,ENTRY_ID is the zero-based archive table ordinal
E:\cultures\vanilla-data\DataX\Libs\data0001.lib,1422,data\engine2d\bin\bobs\cr_hum_body_63_s.bmd,31097304,71880,BMD,Source libraries,lib:cr_hum_body_63_s,SOURCE_COMPLETE,Shared/SourceLibraries/cr_hum_body_63_s/library.json,Shared/SourceLibraries/index.html,36,ENTRY_ID is the zero-based archive table ordinal
E:\cultures\vanilla-data\DataX\Libs\data0001.lib,1423,data\engine2d\bin\bobs\cr_hum_body_72_s.bmd,38032754,248456,BMD,Source libraries,lib:cr_hum_body_72_s,SOURCE_COMPLETE,Shared/SourceLibraries/cr_hum_body_72_s/library.json,Shared/SourceLibraries/index.html,1,ENTRY_ID is the zero-based archive table ordinal
E:\cultures\vanilla-data\DataX\Libs\data0001.lib,1424,data\engine2d\bin\sounds\humantalk\arabian\a08.wav,153537250,51084,WAV,Audio,aud:1424,SOURCE_COMPLETE,Audio/arabian/a08.wav,Audio/index.html,1,ENTRY_ID is the zero-based archive table ordinal
E:\cultures\vanilla-data\DataX\Libs\data0001.lib,1425,data\engine2d\bin\sounds\humantalk\arabian\a17.wav,153913318,36796,WAV,Audio,aud:1425,SOURCE_COMPLETE,Audio/arabian/a17.wav,Audio/index.html,1,ENTRY_ID is the zero-based archive table ordinal
E:\cultures\vanilla-data\DataX\Libs\data0001.lib,1426,data\engine2d\bin\sounds\humantalk\arabian\a26.wav,154387354,30672,WAV,Audio,aud:1426,SOURCE_COMPLETE,Audio/arabian/a26.wav,Audio/index.html,1,ENTRY_ID is the zero-based archive table ordinal
E:\cultures\vanilla-data\DataX\Libs\data0001.lib,1427,data\engine2d\bin\sounds\humantalk\arabian\a35.wav,154740970,32714,WAV,Audio,aud:1427,SOURCE_COMPLETE,Audio/arabian/a35.wav,Audio/index.html,1,ENTRY_ID is the zero-based archive table ordinal
E:\cultures\vanilla-data\DataX\Libs\data0001.lib,1428,data\maps\tutorial_005\text\eng\briefings\palettes\pal_white.bmp,249346290,65078,BMP,Images,img:1428,SOURCE_COMPLETE,UI/Maps/tutorial_005/text_eng_briefings_palettes/pal_white.png,UI/Images/index.html,1,ENTRY_ID is the zero-based archive table ordinal
E:\cultures\vanilla-data\DataX\Libs\data0001.lib,1429,data\engine2d\bin\bobs\cr_hum_body_64_s.bmd,31484970,106006,BMD,Source libraries,lib:cr_hum_body_64_s,SOURCE_COMPLETE,Shared/SourceLibraries/cr_hum_body_64_s/library.json,Shared/SourceLibraries/index.html,7,ENTRY_ID is the zero-based archive table ordinal
E:\cultures\vanilla-data\DataX\Libs\data0001.lib,1430,data\engine2d\bin\bobs\cr_hum_body_73_s.bmd,39363398,34386,BMD,Source libraries,lib:cr_hum_body_73_s,SOURCE_COMPLETE,Shared/SourceLibraries/cr_hum_body_73_s/library.json,Shared/SourceLibraries/index.html,1,ENTRY_ID is the zero-based archive table ordinal
E:\cultures\vanilla-data\DataX\Libs\data0001.lib,1431,data\engine2d\bin\palettes\landscapes\rocksnow02.pcx,132817202,901,PCX,Palettes,img:1431,PIXEL_CONFIRMED,Metadata/Palettes/landscapes/rocksnow02.png,Metadata/Palettes/index.html,1,ENTRY_ID is the zero-based archive table ordinal
E:\cultures\vanilla-data\DataX\Libs\data0001.lib,1432,data\engine2d\bin\palettes\landscapes\treesnow01.pcx,132830717,901,PCX,Palettes,img:1432,PIXEL_CONFIRMED,Metadata/Palettes/landscapes/treesnow01.png,Metadata/Palettes/index.html,1,ENTRY_ID is the zero-based archive table ordinal
E:\cultures\vanilla-data\DataX\Libs\data0001.lib,1433,data\engine2d\bin\sounds\humantalk\arabian\a09.wav,153588334,75574,WAV,Audio,aud:1433,SOURCE_COMPLETE,Audio/arabian/a09.wav,Audio/index.html,1,ENTRY_ID is the zero-based archive table ordinal
E:\cultures\vanilla-data\DataX\Libs\data0001.lib,1434,data\engine2d\bin\sounds\humantalk\arabian\a18.wav,153950114,38838,WAV,Audio,aud:1434,SOURCE_COMPLETE,Audio/arabian/a18.wav,Audio/index.html,1,ENTRY_ID is the zero-based archive table ordinal
E:\cultures\vanilla-data\DataX\Libs\data0001.lib,1435,data\engine2d\bin\sounds\humantalk\arabian\a27.wav,154418026,34756,WAV,Audio,aud:1435,SOURCE_COMPLETE,Audio/arabian/a27.wav,Audio/index.html,1,ENTRY_ID is the zero-based archive table ordinal
E:\cultures\vanilla-data\DataX\Libs\data0001.lib,1436,data\engine2d\bin\sounds\humantalk\arabian\a36.wav,154773684,28632,WAV,Audio,aud:1436,SOURCE_COMPLETE,Audio/arabian/a36.wav,Audio/index.html,1,ENTRY_ID is the zero-based archive table ordinal
E:\cultures\vanilla-data\DataX\Libs\data0001.lib,1437,data\logic\atomicanimations\atomicanimations.cif,202180869,133893,CIF,Native definitions,cif:1437,SOURCE_COMPLETE,Metadata/Sources/CIF/data/logic/atomicanimations/atomicanimations.cif.txt,Metadata/Sources/index.html,1,ENTRY_ID is the zero-based archive table ordinal
E:\cultures\vanilla-data\DataX\Libs\data0001.lib,1438,data\maps\tutorial_006\text\eng\briefings\palettes\pal_white.bmp,250899678,65078,BMP,Images,img:1438,SOURCE_COMPLETE,UI/Maps/tutorial_006/text_eng_briefings_palettes/pal_white.png,UI/Images/index.html,1,ENTRY_ID is the zero-based archive table ordinal
E:\cultures\vanilla-data\DataX\Libs\data0001.lib,1439,data\engine2d\bin\bobs\cr_hum_body_74_s.bmd,39483664,36,BMD,Source libraries,lib:cr_hum_body_74_s,SOURCE_COMPLETE,Shared/SourceLibraries/cr_hum_body_74_s/library.json,Shared/SourceLibraries/index.html,1,ENTRY_ID is the zero-based archive table ordinal
E:\cultures\vanilla-data\DataX\Libs\data0001.lib,1440,data\engine2d\bin\bobs\ls_chest_s.bmd,81707059,1114,BMD,Source libraries,lib:ls_chest_s,SOURCE_COMPLETE,Shared/SourceLibraries/ls_chest_s/library.json,Shared/SourceLibraries/index.html,3,ENTRY_ID is the zero-based archive table ordinal
E:\cultures\vanilla-data\DataX\Libs\data0001.lib,1441,data\engine2d\bin\sounds\humantalk\arabian\a19.wav,153988952,75574,WAV,Audio,aud:1441,SOURCE_COMPLETE,Audio/arabian/a19.wav,Audio/index.html,1,ENTRY_ID is the zero-based archive table ordinal
E:\cultures\vanilla-data\DataX\Libs\data0001.lib,1442,data\engine2d\bin\sounds\humantalk\arabian\a28.wav,154452782,42920,WAV,Audio,aud:1442,SOURCE_COMPLETE,Audio/arabian/a28.wav,Audio/index.html,1,ENTRY_ID is the zero-based archive table ordinal
E:\cultures\vanilla-data\DataX\Libs\data0001.lib,1443,data\engine2d\bin\sounds\humantalk\arabian\a37.wav,154802316,20468,WAV,Audio,aud:1443,SOURCE_COMPLETE,Audio/arabian/a37.wav,Audio/index.html,1,ENTRY_ID is the zero-based archive table ordinal
E:\cultures\vanilla-data\DataX\Libs\data0001.lib,1444,data\maps\tutorial_007\text\eng\briefings\palettes\pal_white.bmp,252349858,65078,BMP,Images,img:1444,SOURCE_COMPLETE,UI/Maps/tutorial_007/text_eng_briefings_palettes/pal_white.png,UI/Images/index.html,1,ENTRY_ID is the zero-based archive table ordinal
E:\cultures\vanilla-data\DataX\Libs\data0001.lib,1445,data\edit\macromaps\shiva empty meadow.cif,821819,347358,CIF,Native definitions,cif:1445,SOURCE_COMPLETE,Metadata/Sources/CIF/data/edit/macromaps/shiva empty meadow.cif.txt,Metadata/Sources/index.html,1,ENTRY_ID is the zero-based archive table ordinal
E:\cultures\vanilla-data\DataX\Libs\data0001.lib,1446,data\engine2d\bin\bobs\cr_hum_body_75_s.bmd,42218340,113722,BMD,Source libraries,lib:cr_hum_body_75_s,SOURCE_COMPLETE,Shared/SourceLibraries/cr_hum_body_75_s/library.json,Shared/SourceLibraries/index.html,195,ENTRY_ID is the zero-based archive table ordinal
E:\cultures\vanilla-data\DataX\Libs\data0001.lib,1447,data\engine2d\bin\palettes\landscapes\bush01snow.pcx,132782055,901,PCX,Palettes,img:1447,PIXEL_CONFIRMED,Metadata/Palettes/landscapes/bush01snow.png,Metadata/Palettes/index.html,1,ENTRY_ID is the zero-based archive table ordinal
E:\cultures\vanilla-data\DataX\Libs\data0001.lib,1448,data\engine2d\bin\palettes\landscapes\debris01.pcx,132785659,901,PCX,Palettes,img:1448,PIXEL_CONFIRMED,Metadata/Palettes/landscapes/debris01.png,Metadata/Palettes/index.html,1,ENTRY_ID is the zero-based archive table ordinal
E:\cultures\vanilla-data\DataX\Libs\data0001.lib,1449,data\engine2d\bin\sounds\humantalk\arabian\a29.wav,154495702,28632,WAV,Audio,aud:1449,SOURCE_COMPLETE,Audio/arabian/a29.wav,Audio/index.html,1,ENTRY_ID is the zero-based archive table ordinal
E:\cultures\vanilla-data\DataX\Libs\data0001.lib,1450,data\engine2d\bin\sounds\humantalk\arabian\a38.wav,154822784,26592,WAV,Audio,aud:1450,SOURCE_COMPLETE,Audio/arabian/a38.wav,Audio/index.html,1,ENTRY_ID is the zero-based archive table ordinal
E:\cultures\vanilla-data\DataX\Libs\data0001.lib,1451,data\maps\campaign_03_01_sub\text\eng\briefings\palettes\pal_white.bmp,205531936,65078,BMP,Images,img:1451,SOURCE_COMPLETE,UI/Maps/campaign_03_01_sub/text_eng_briefings_palettes/pal_white.png,UI/Images/index.html,1,ENTRY_ID is the zero-based archive table ordinal
E:\cultures\vanilla-data\DataX\Libs\data0001.lib,1452,data\maps\tutorial_001\text\eng\briefings\palettes\font_dark.pcx,245460160,125239,PCX,Images,img:1452,PIXEL_CONFIRMED,UI/Maps/tutorial_001/text_eng_briefings_palettes/font_dark.png,UI/Images/index.html,1,ENTRY_ID is the zero-based archive table ordinal
E:\cultures\vanilla-data\DataX\Libs\data0001.lib,1453,data\engine2d\bin\palettes\goods\goods_crockery.pcx,132762232,901,PCX,Palettes,img:1453,PIXEL_CONFIRMED,Metadata/Palettes/goods/goods_crockery.png,Metadata/Palettes/index.html,1,ENTRY_ID is the zero-based archive table ordinal
E:\cultures\vanilla-data\DataX\Libs\data0001.lib,1454,data\engine2d\bin\sounds\generic\animals_dog01.wav,147569250,14346,WAV,Audio,aud:1454,SOURCE_COMPLETE,Audio/generic/animals_dog01.wav,Audio/index.html,1,ENTRY_ID is the zero-based archive table ordinal
E:\cultures\vanilla-data\DataX\Libs\data0001.lib,1455,data\engine2d\bin\sounds\humantalk\arabian\a39.wav,154849376,22510,WAV,Audio,aud:1455,SOURCE_COMPLETE,Audio/arabian/a39.wav,Audio/index.html,1,ENTRY_ID is the zero-based archive table ordinal
E:\cultures\vanilla-data\DataX\Libs\data0001.lib,1456,data\gui\palettes\bg_normal.pcx,202167344,901,PCX,Images,img:1456,PIXEL_CONFIRMED,UI/Palettes/bg_normal.png,UI/Images/index.html,1,ENTRY_ID is the zero-based archive table ordinal
E:\cultures\vanilla-data\DataX\Libs\data0001.lib,1457,data\logic\weapontypes.cif,202581430,64837,CIF,Native definitions,cif:1457,SOURCE_COMPLETE,Metadata/Sources/CIF/data/logic/weapontypes.cif.txt,Metadata/Sources/index.html,1,ENTRY_ID is the zero-based archive table ordinal
E:\cultures\vanilla-data\DataX\Libs\data0001.lib,1458,data\maps\campaign_03_02_sub\text\eng\briefings\palettes\pal_white.bmp,208385029,65078,BMP,Images,img:1458,SOURCE_COMPLETE,UI/Maps/campaign_03_02_sub/text_eng_briefings_palettes/pal_white.png,UI/Images/index.html,1,ENTRY_ID is the zero-based archive table ordinal
E:\cultures\vanilla-data\DataX\Libs\data0001.lib,1459,data\maps\demo_mainmenu_10\text\eng\briefings\0000.hlt,225121845,413,HLT,Native documents,doc:1459,SOURCE_COMPLETE,Metadata/Sources/Raw/data/maps/demo_mainmenu_10/text/eng/briefings/0000.hlt,Metadata/Sources/index.html,1,ENTRY_ID is the zero-based archive table ordinal
E:\cultures\vanilla-data\DataX\Libs\data0001.lib,1460,data\maps\multiplayer_205_special_cap-the-cow\text\eng\briefings\palettes\font_dark.pcx,235351691,125239,PCX,Images,img:1460,PIXEL_CONFIRMED,UI/Maps/multiplayer_205_special_cap-the-cow/text_eng_briefings_palettes/font_dark.png,UI/Images/index.html,1,ENTRY_ID is the zero-based archive table ordinal
E:\cultures\vanilla-data\DataX\Libs\data0001.lib,1461,data\maps\tutorial_002\text\eng\briefings\palettes\font_dark.pcx,246528133,125239,PCX,Images,img:1461,PIXEL_CONFIRMED,UI/Maps/tutorial_002/text_eng_briefings_palettes/font_dark.png,UI/Images/index.html,1,ENTRY_ID is the zero-based archive table ordinal
E:\cultures\vanilla-data\DataX\Libs\data0001.lib,1462,data\text\eng\strings\ingamegui\ingameguimiscwindow.cif,255215664,7659,CIF,Native definitions,cif:1462,SOURCE_COMPLETE,Metadata/Sources/CIF/data/text/eng/strings/ingamegui/ingameguimiscwindow.cif.txt,Metadata/Sources/index.html,1,ENTRY_ID is the zero-based archive table ordinal
E:\cultures\vanilla-data\DataX\Libs\data0001.lib,1463,data\engine2d\bin\bobs\cr_hum_body_77_s.bmd,43095331,36,BMD,Source libraries,lib:cr_hum_body_77_s,SOURCE_COMPLETE,Shared/SourceLibraries/cr_hum_body_77_s/library.json,Shared/SourceLibraries/index.html,1,ENTRY_ID is the zero-based archive table ordinal
E:\cultures\vanilla-data\DataX\Libs\data0001.lib,1464,data\engine2d\bin\sounds\generic\animals_dog02.wav,147583596,14346,WAV,Audio,aud:1464,SOURCE_COMPLETE,Audio/generic/animals_dog02.wav,Audio/index.html,1,ENTRY_ID is the zero-based archive table ordinal
E:\cultures\vanilla-data\DataX\Libs\data0001.lib,1465,data\engine2d\bin\sounds\static\snore m 01.wav,183855938,549088,WAV,Audio,aud:1465,SOURCE_COMPLETE,Audio/static/snore m 01.wav,Audio/index.html,1,ENTRY_ID is the zero-based archive table ordinal
E:\cultures\vanilla-data\DataX\Libs\data0001.lib,1466,data\maps\demo_mainmenu_10\text\eng\briefings\0001.hlt,225122258,243,HLT,Native documents,doc:1466,SOURCE_COMPLETE,Metadata/Sources/Raw/data/maps/demo_mainmenu_10/text/eng/briefings/0001.hlt,Metadata/Sources/index.html,1,ENTRY_ID is the zero-based archive table ordinal
E:\cultures\vanilla-data\DataX\Libs\data0001.lib,1467,data\maps\demo_mainmenu_10\text\eng\briefings\0010.hlt,225123727,182,HLT,Native documents,doc:1467,SOURCE_COMPLETE,Metadata/Sources/Raw/data/maps/demo_mainmenu_10/text/eng/briefings/0010.hlt,Metadata/Sources/index.html,1,ENTRY_ID is the zero-based archive table ordinal
E:\cultures\vanilla-data\DataX\Libs\data0001.lib,1468,data\maps\demo_mainmenu_10\text\eng\briefings\0100.hlt,225127188,152,HLT,Native documents,doc:1468,SOURCE_COMPLETE,Metadata/Sources/Raw/data/maps/demo_mainmenu_10/text/eng/briefings/0100.hlt,Metadata/Sources/index.html,1,ENTRY_ID is the zero-based archive table ordinal
E:\cultures\vanilla-data\DataX\Libs\data0001.lib,1469,data\maps\tutorial_003\text\eng\briefings\palettes\font_dark.pcx,247509468,125239,PCX,Images,img:1469,PIXEL_CONFIRMED,UI/Maps/tutorial_003/text_eng_briefings_palettes/font_dark.png,UI/Images/index.html,1,ENTRY_ID is the zero-based archive table ordinal
E:\cultures\vanilla-data\DataX\Libs\data0001.lib,1470,data\text\eng\hypertext\ingamehelp\fonts\font10.fnt,254800424,15083,FNT,Fonts,font:1470,SOURCE_COMPLETE,,UI/Fonts/index.html,1,ENTRY_ID is the zero-based archive table ordinal
E:\cultures\vanilla-data\DataX\Libs\data0001.lib,1471,data\text\eng\strings\gameobjects\humannames.cif,255139932,28254,CIF,Native definitions,cif:1471,SOURCE_COMPLETE,Metadata/Sources/CIF/data/text/eng/strings/gameobjects/humannames.cif.txt,Metadata/Sources/index.html,1,ENTRY_ID is the zero-based archive table ordinal
E:\cultures\vanilla-data\DataX\Libs\data0001.lib,1472,data\engine2d\bin\bobs\ls_mushrooms.bmd,111797509,4350,BMD,Source libraries,lib:ls_mushrooms,SOURCE_COMPLETE,Shared/SourceLibraries/ls_mushrooms/library.json,Shared/SourceLibraries/index.html,37,ENTRY_ID is the zero-based archive table ordinal
E:\cultures\vanilla-data\DataX\Libs\data0001.lib,1473,data\engine2d\bin\sounds\generic\animals_dog03.wav,147597942,16386,WAV,Audio,aud:1473,SOURCE_COMPLETE,Audio/generic/animals_dog03.wav,Audio/index.html,1,ENTRY_ID is the zero-based archive table ordinal
E:\cultures\vanilla-data\DataX\Libs\data0001.lib,1474,data\engine2d\bin\sounds\static\snore m 02.wav,184405026,553170,WAV,Audio,aud:1474,SOURCE_COMPLETE,Audio/static/snore m 02.wav,Audio/index.html,1,ENTRY_ID is the zero-based archive table ordinal
E:\cultures\vanilla-data\DataX\Libs\data0001.lib,1475,data\engine2d\inis\misc\misc.cif,195212918,5010,CIF,Native definitions,cif:1475,SOURCE_COMPLETE,Metadata/Sources/CIF/data/engine2d/inis/misc/misc.cif.txt,Metadata/Sources/index.html,1,ENTRY_ID is the zero-based archive table ordinal
E:\cultures\vanilla-data\DataX\Libs\data0001.lib,1476,data\maps\demo_mainmenu_10\text\eng\briefings\0002.hlt,225122501,155,HLT,Native documents,doc:1476,SOURCE_COMPLETE,Metadata/Sources/Raw/data/maps/demo_mainmenu_10/text/eng/briefings/0002.hlt,Metadata/Sources/index.html,1,ENTRY_ID is the zero-based archive table ordinal
E:\cultures\vanilla-data\DataX\Libs\data0001.lib,1477,data\maps\demo_mainmenu_10\text\eng\briefings\0011.hlt,225123909,182,HLT,Native documents,doc:1477,SOURCE_COMPLETE,Metadata/Sources/Raw/data/maps/demo_mainmenu_10/text/eng/briefings/0011.hlt,Metadata/Sources/index.html,1,ENTRY_ID is the zero-based archive table ordinal
E:\cultures\vanilla-data\DataX\Libs\data0001.lib,1478,data\maps\demo_mainmenu_10\text\eng\briefings\0020.hlt,225125263,154,HLT,Native documents,doc:1478,SOURCE_COMPLETE,Metadata/Sources/Raw/data/maps/demo_mainmenu_10/text/eng/briefings/0020.hlt,Metadata/Sources/index.html,1,ENTRY_ID is the zero-based archive table ordinal
E:\cultures\vanilla-data\DataX\Libs\data0001.lib,1479,data\maps\demo_mainmenu_10\text\eng\briefings\0200.hlt,225127340,152,HLT,Native documents,doc:1479,SOURCE_COMPLETE,Metadata/Sources/Raw/data/maps/demo_mainmenu_10/text/eng/briefings/0200.hlt,Metadata/Sources/index.html,1,ENTRY_ID is the zero-based archive table ordinal
E:\cultures\vanilla-data\DataX\Libs\data0001.lib,1480,data\maps\tutorial_004\text\eng\briefings\palettes\font_dark.pcx,248364387,125239,PCX,Images,img:1480,PIXEL_CONFIRMED,UI/Maps/tutorial_004/text_eng_briefings_palettes/font_dark.png,UI/Images/index.html,1,ENTRY_ID is the zero-based archive table ordinal
E:\cultures\vanilla-data\DataX\Libs\data0001.lib,1481,data\engine2d\bin\bobs\ls_goods_s.bmd,89091251,23810,BMD,Source libraries,lib:ls_goods_s,SOURCE_COMPLETE,Shared/SourceLibraries/ls_goods_s/library.json,Shared/SourceLibraries/index.html,6,ENTRY_ID is the zero-based archive table ordinal
E:\cultures\vanilla-data\DataX\Libs\data0001.lib,1482,data\engine2d\bin\sounds\generic\animals_dog04.wav,147614328,28632,WAV,Audio,aud:1482,SOURCE_COMPLETE,Audio/generic/animals_dog04.wav,Audio/index.html,1,ENTRY_ID is the zero-based archive table ordinal
E:\cultures\vanilla-data\DataX\Libs\data0001.lib,1483,data\engine2d\bin\sounds\static\snore m 03.wav,184958196,175584,WAV,Audio,aud:1483,SOURCE_COMPLETE,Audio/static/snore m 03.wav,Audio/index.html,1,ENTRY_ID is the zero-based archive table ordinal
E:\cultures\vanilla-data\DataX\Libs\data0001.lib,1484,data\maps\demo_mainmenu_10\text\eng\briefings\0003.hlt,225122656,153,HLT,Native documents,doc:1484,SOURCE_COMPLETE,Metadata/Sources/Raw/data/maps/demo_mainmenu_10/text/eng/briefings/0003.hlt,Metadata/Sources/index.html,1,ENTRY_ID is the zero-based archive table ordinal
E:\cultures\vanilla-data\DataX\Libs\data0001.lib,1485,data\maps\demo_mainmenu_10\text\eng\briefings\0012.hlt,225124091,120,HLT,Native documents,doc:1485,SOURCE_COMPLETE,Metadata/Sources/Raw/data/maps/demo_mainmenu_10/text/eng/briefings/0012.hlt,Metadata/Sources/index.html,1,ENTRY_ID is the zero-based archive table ordinal
E:\cultures\vanilla-data\DataX\Libs\data0001.lib,1486,data\maps\demo_mainmenu_10\text\eng\briefings\0021.hlt,225125417,155,HLT,Native documents,doc:1486,SOURCE_COMPLETE,Metadata/Sources/Raw/data/maps/demo_mainmenu_10/text/eng/briefings/0021.hlt,Metadata/Sources/index.html,1,ENTRY_ID is the zero-based archive table ordinal
E:\cultures\vanilla-data\DataX\Libs\data0001.lib,1487,data\maps\demo_mainmenu_10\text\eng\briefings\0030.hlt,225126653,155,HLT,Native documents,doc:1487,SOURCE_COMPLETE,Metadata/Sources/Raw/data/maps/demo_mainmenu_10/text/eng/briefings/0030.hlt,Metadata/Sources/index.html,1,ENTRY_ID is the zero-based archive table ordinal
E:\cultures\vanilla-data\DataX\Libs\data0001.lib,1488,data\maps\demo_mainmenu_10\text\eng\briefings\0300.hlt,225127492,152,HLT,Native documents,doc:1488,SOURCE_COMPLETE,Metadata/Sources/Raw/data/maps/demo_mainmenu_10/text/eng/briefings/0300.hlt,Metadata/Sources/index.html,1,ENTRY_ID is the zero-based archive table ordinal
E:\cultures\vanilla-data\DataX\Libs\data0001.lib,1489,data\maps\tutorial_005\text\eng\briefings\palettes\font_dark.pcx,249221051,125239,PCX,Images,img:1489,PIXEL_CONFIRMED,UI/Maps/tutorial_005/text_eng_briefings_palettes/font_dark.png,UI/Images/index.html,1,ENTRY_ID is the zero-based archive table ordinal
E:\cultures\vanilla-data\DataX\Libs\data0001.lib,1490,data\text\eng\hypertext\ingamehelp\fonts\font12.fnt,254815507,17840,FNT,Fonts,font:1490,SOURCE_COMPLETE,,UI/Fonts/index.html,1,ENTRY_ID is the zero-based archive table ordinal
E:\cultures\vanilla-data\DataX\Libs\data0001.lib,1491,data\engine2d\bin\sounds\ambient\grass_01.wav,139084742,40878,WAV,Audio,aud:1491,SOURCE_COMPLETE,Audio/ambient/grass_01.wav,Audio/index.html,1,ENTRY_ID is the zero-based archive table ordinal
E:\cultures\vanilla-data\DataX\Libs\data0001.lib,1492,data\engine2d\bin\sounds\generic\animals_dog05.wav,147642960,20468,WAV,Audio,aud:1492,SOURCE_COMPLETE,Audio/generic/animals_dog05.wav,Audio/index.html,1,ENTRY_ID is the zero-based archive table ordinal
E:\cultures\vanilla-data\DataX\Libs\data0001.lib,1493,data\engine2d\bin\sounds\static\short_bow01.wav,183741408,12304,WAV,Audio,aud:1493,SOURCE_COMPLETE,Audio/static/short_bow01.wav,Audio/index.html,1,ENTRY_ID is the zero-based archive table ordinal
E:\cultures\vanilla-data\DataX\Libs\data0001.lib,1494,data\engine2d\bin\sounds\static\snore m 04.wav,185133780,175584,WAV,Audio,aud:1494,SOURCE_COMPLETE,Audio/static/snore m 04.wav,Audio/index.html,1,ENTRY_ID is the zero-based archive table ordinal
E:\cultures\vanilla-data\DataX\Libs\data0001.lib,1495,data\gui\lang\eng\pictures\loadscreen.bmp,198802677,960054,BMP,Images,img:1495,SOURCE_COMPLETE,UI/Pictures/loadscreen.png,UI/Images/index.html,1,ENTRY_ID is the zero-based archive table ordinal
E:\cultures\vanilla-data\DataX\Libs\data0001.lib,1496,data\maps\demo_mainmenu_10\text\eng\briefings\0004.hlt,225122809,153,HLT,Native documents,doc:1496,SOURCE_COMPLETE,Metadata/Sources/Raw/data/maps/demo_mainmenu_10/text/eng/briefings/0004.hlt,Metadata/Sources/index.html,1,ENTRY_ID is the zero-based archive table ordinal
E:\cultures\vanilla-data\DataX\Libs\data0001.lib,1497,data\maps\demo_mainmenu_10\text\eng\briefings\0013.hlt,225124211,155,HLT,Native documents,doc:1497,SOURCE_COMPLETE,Metadata/Sources/Raw/data/maps/demo_mainmenu_10/text/eng/briefings/0013.hlt,Metadata/Sources/index.html,1,ENTRY_ID is the zero-based archive table ordinal
E:\cultures\vanilla-data\DataX\Libs\data0001.lib,1498,data\maps\demo_mainmenu_10\text\eng\briefings\0022.hlt,225125572,155,HLT,Native documents,doc:1498,SOURCE_COMPLETE,Metadata/Sources/Raw/data/maps/demo_mainmenu_10/text/eng/briefings/0022.hlt,Metadata/Sources/index.html,1,ENTRY_ID is the zero-based archive table ordinal
E:\cultures\vanilla-data\DataX\Libs\data0001.lib,1499,data\maps\demo_mainmenu_10\text\eng\briefings\0400.hlt,225127644,152,HLT,Native documents,doc:1499,SOURCE_COMPLETE,Metadata/Sources/Raw/data/maps/demo_mainmenu_10/text/eng/briefings/0400.hlt,Metadata/Sources/index.html,1,ENTRY_ID is the zero-based archive table ordinal
E:\cultures\vanilla-data\DataX\Libs\data0001.lib,1500,data\maps\tutorial_006\text\eng\briefings\palettes\font_dark.pcx,250774439,125239,PCX,Images,img:1500,PIXEL_CONFIRMED,UI/Maps/tutorial_006/text_eng_briefings_palettes/font_dark.png,UI/Images/index.html,1,ENTRY_ID is the zero-based archive table ordinal
E:\cultures\vanilla-data\DataX\Libs\data0001.lib,1501,data\text\eng\strings\mainmenu\mainmenu.cif,255224273,4596,CIF,Native definitions,cif:1501,SOURCE_COMPLETE,Metadata/Sources/CIF/data/text/eng/strings/mainmenu/mainmenu.cif.txt,Metadata/Sources/index.html,1,ENTRY_ID is the zero-based archive table ordinal
E:\cultures\vanilla-data\DataX\Libs\data0001.lib,1502,data\edit\macromaps\meadow000.cif,256303,4700,CIF,Native definitions,cif:1502,SOURCE_COMPLETE,Metadata/Sources/CIF/data/edit/macromaps/meadow000.cif.txt,Metadata/Sources/index.html,1,ENTRY_ID is the zero-based archive table ordinal
E:\cultures\vanilla-data\DataX\Libs\data0001.lib,1503,data\engine2d\bin\bobs\cr_hum_head_00.bmd,43994621,1769864,BMD,Source libraries,lib:cr_hum_head_00,SOURCE_COMPLETE,Shared/SourceLibraries/cr_hum_head_00/library.json,Shared/SourceLibraries/index.html,906,ENTRY_ID is the zero-based archive table ordinal
E:\cultures\vanilla-data\DataX\Libs\data0001.lib,1504,data\engine2d\bin\bobs\ls_dungeon.bmd,81708173,389796,BMD,Source libraries,lib:ls_dungeon,SOURCE_COMPLETE,Shared/SourceLibraries/ls_dungeon/library.json,Shared/SourceLibraries/index.html,40,ENTRY_ID is the zero-based archive table ordinal
E:\cultures\vanilla-data\DataX\Libs\data0001.lib,1505,data\engine2d\bin\bobs\ls_meadows.bmd,111002330,249766,BMD,Source libraries,lib:ls_meadows,SOURCE_COMPLETE,Shared/SourceLibraries/ls_meadows/library.json,Shared/SourceLibraries/index.html,42,ENTRY_ID is the zero-based archive table ordinal
E:\cultures\vanilla-data\DataX\Libs\data0001.lib,1506,data\engine2d\bin\sounds\ambient\grass_02.wav,139125620,75574,WAV,Audio,aud:1506,SOURCE_COMPLETE,Audio/ambient/grass_02.wav,Audio/index.html,1,ENTRY_ID is the zero-based archive table ordinal
E:\cultures\vanilla-data\DataX\Libs\data0001.lib,1507,data\maps\demo_mainmenu_10\text\eng\briefings\0005.hlt,225122962,153,HLT,Native documents,doc:1507,SOURCE_COMPLETE,Metadata/Sources/Raw/data/maps/demo_mainmenu_10/text/eng/briefings/0005.hlt,Metadata/Sources/index.html,1,ENTRY_ID is the zero-based archive table ordinal
E:\cultures\vanilla-data\DataX\Libs\data0001.lib,1508,data\maps\demo_mainmenu_10\text\eng\briefings\0014.hlt,225124366,155,HLT,Native documents,doc:1508,SOURCE_COMPLETE,Metadata/Sources/Raw/data/maps/demo_mainmenu_10/text/eng/briefings/0014.hlt,Metadata/Sources/index.html,1,ENTRY_ID is the zero-based archive table ordinal
E:\cultures\vanilla-data\DataX\Libs\data0001.lib,1509,data\maps\demo_mainmenu_10\text\eng\briefings\0023.hlt,225125727,155,HLT,Native documents,doc:1509,SOURCE_COMPLETE,Metadata/Sources/Raw/data/maps/demo_mainmenu_10/text/eng/briefings/0023.hlt,Metadata/Sources/index.html,1,ENTRY_ID is the zero-based archive table ordinal
E:\cultures\vanilla-data\DataX\Libs\data0001.lib,1510,data\maps\demo_mainmenu_10\text\eng\briefings\0050.hlt,225126808,380,HLT,Native documents,doc:1510,SOURCE_COMPLETE,Metadata/Sources/Raw/data/maps/demo_mainmenu_10/text/eng/briefings/0050.hlt,Metadata/Sources/index.html,1,ENTRY_ID is the zero-based archive table ordinal
E:\cultures\vanilla-data\DataX\Libs\data0001.lib,1511,data\maps\tutorial_007\text\eng\briefings\palettes\font_dark.pcx,252224619,125239,PCX,Images,img:1511,PIXEL_CONFIRMED,UI/Maps/tutorial_007/text_eng_briefings_palettes/font_dark.png,UI/Images/index.html,1,ENTRY_ID is the zero-based archive table ordinal
E:\cultures\vanilla-data\DataX\Libs\data0001.lib,1512,data\edit\macromaps\border000.cif,193459,3069,CIF,Native definitions,cif:1512,SOURCE_COMPLETE,Metadata/Sources/CIF/data/edit/macromaps/border000.cif.txt,Metadata/Sources/index.html,1,ENTRY_ID is the zero-based archive table ordinal
E:\cultures\vanilla-data\DataX\Libs\data0001.lib,1513,data\edit\macromaps\meadow001.cif,261003,9489,CIF,Native definitions,cif:1513,SOURCE_COMPLETE,Metadata/Sources/CIF/data/edit/macromaps/meadow001.cif.txt,Metadata/Sources/index.html,1,ENTRY_ID is the zero-based archive table ordinal
E:\cultures\vanilla-data\DataX\Libs\data0001.lib,1514,data\engine2d\bin\bobs\cr_hum_head_01.bmd,45764485,1607078,BMD,Source libraries,lib:cr_hum_head_01,SOURCE_COMPLETE,Shared/SourceLibraries/cr_hum_head_01/library.json,Shared/SourceLibraries/index.html,906,ENTRY_ID is the zero-based archive table ordinal
E:\cultures\vanilla-data\DataX\Libs\data0001.lib,1515,data\engine2d\bin\bobs\cr_hum_head_10.bmd,58057414,400845,BMD,Source libraries,lib:cr_hum_head_10,SOURCE_COMPLETE,Shared/SourceLibraries/cr_hum_head_10/library.json,Shared/SourceLibraries/index.html,428,ENTRY_ID is the zero-based archive table ordinal
E:\cultures\vanilla-data\DataX\Libs\data0001.lib,1516,data\engine2d\bin\bobs\ls_houses_egypt_s.bmd,96639844,12074,BMD,Source libraries,lib:ls_houses_egypt_s,SOURCE_COMPLETE,Shared/SourceLibraries/ls_houses_egypt_s/library.json,Shared/SourceLibraries/index.html,10,ENTRY_ID is the zero-based archive table ordinal
E:\cultures\vanilla-data\DataX\Libs\data0001.lib,1517,data\engine2d\bin\bobs\ls_ruin_byzantine.bmd,111802681,77460,BMD,Source libraries,lib:ls_ruin_byzantine,SOURCE_COMPLETE,Shared/SourceLibraries/ls_ruin_byzantine/library.json,Shared/SourceLibraries/index.html,11,ENTRY_ID is the zero-based archive table ordinal
E:\cultures\vanilla-data\DataX\Libs\data0001.lib,1518,data\engine2d\bin\sounds\ambient\grass_03.wav,139201194,55166,WAV,Audio,aud:1518,SOURCE_COMPLETE,Audio/ambient/grass_03.wav,Audio/index.html,1,ENTRY_ID is the zero-based archive table ordinal
E:\cultures\vanilla-data\DataX\Libs\data0001.lib,1519,data\maps\campaign_03_01_sub\text\eng\briefings\palettes\font_dark.pcx,205406697,125239,PCX,Images,img:1519,PIXEL_CONFIRMED,UI/Maps/campaign_03_01_sub/text_eng_briefings_palettes/font_dark.png,UI/Images/index.html,1,ENTRY_ID is the zero-based archive table ordinal
E:\cultures\vanilla-data\DataX\Libs\data0001.lib,1520,data\maps\demo_mainmenu_10\text\eng\briefings\0006.hlt,225123115,153,HLT,Native documents,doc:1520,SOURCE_COMPLETE,Metadata/Sources/Raw/data/maps/demo_mainmenu_10/text/eng/briefings/0006.hlt,Metadata/Sources/index.html,1,ENTRY_ID is the zero-based archive table ordinal
E:\cultures\vanilla-data\DataX\Libs\data0001.lib,1521,data\maps\demo_mainmenu_10\text\eng\briefings\0015.hlt,225124521,122,HLT,Native documents,doc:1521,SOURCE_COMPLETE,Metadata/Sources/Raw/data/maps/demo_mainmenu_10/text/eng/briefings/0015.hlt,Metadata/Sources/index.html,1,ENTRY_ID is the zero-based archive table ordinal
E:\cultures\vanilla-data\DataX\Libs\data0001.lib,1522,data\maps\demo_mainmenu_10\text\eng\briefings\0024.hlt,225125882,122,HLT,Native documents,doc:1522,SOURCE_COMPLETE,Metadata/Sources/Raw/data/maps/demo_mainmenu_10/text/eng/briefings/0024.hlt,Metadata/Sources/index.html,1,ENTRY_ID is the zero-based archive table ordinal
E:\cultures\vanilla-data\DataX\Libs\data0001.lib,1523,data\text\eng\hypertext\history\mythology_00.hlt,254795844,541,HLT,Native documents,doc:1523,SOURCE_COMPLETE,Metadata/Sources/Raw/data/text/eng/hypertext/history/mythology_00.hlt,Metadata/Sources/index.html,1,ENTRY_ID is the zero-based archive table ordinal
E:\cultures\vanilla-data\DataX\Libs\data0001.lib,1524,data\engine2d\bin\bobs\cr_hum_head_02.bmd,47371563,1501683,BMD,Source libraries,lib:cr_hum_head_02,SOURCE_COMPLETE,Shared/SourceLibraries/cr_hum_head_02/library.json,Shared/SourceLibraries/index.html,906,ENTRY_ID is the zero-based archive table ordinal
E:\cultures\vanilla-data\DataX\Libs\data0001.lib,1525,data\engine2d\bin\bobs\cr_hum_head_20.bmd,59714854,76926,BMD,Source libraries,lib:cr_hum_head_20,SOURCE_COMPLETE,Shared/SourceLibraries/cr_hum_head_20/library.json,Shared/SourceLibraries/index.html,36,ENTRY_ID is the zero-based archive table ordinal
E:\cultures\vanilla-data\DataX\Libs\data0001.lib,1526,data\gui\palettes\font_dark.pcx,202170951,902,PCX,Images,img:1526,PIXEL_CONFIRMED,UI/Palettes/font_dark.png,UI/Images/index.html,1,ENTRY_ID is the zero-based archive table ordinal
E:\cultures\vanilla-data\DataX\Libs\data0001.lib,1527,data\maps\campaign_03_02_sub\text\eng\briefings\palettes\font_dark.pcx,208259790,125239,PCX,Images,img:1527,PIXEL_CONFIRMED,UI/Maps/campaign_03_02_sub/text_eng_briefings_palettes/font_dark.png,UI/Images/index.html,1,ENTRY_ID is the zero-based archive table ordinal
E:\cultures\vanilla-data\DataX\Libs\data0001.lib,1528,data\maps\demo_mainmenu_10\text\eng\briefings\0007.hlt,225123268,153,HLT,Native documents,doc:1528,SOURCE_COMPLETE,Metadata/Sources/Raw/data/maps/demo_mainmenu_10/text/eng/briefings/0007.hlt,Metadata/Sources/index.html,1,ENTRY_ID is the zero-based archive table ordinal
E:\cultures\vanilla-data\DataX\Libs\data0001.lib,1529,data\maps\demo_mainmenu_10\text\eng\briefings\0016.hlt,225124643,155,HLT,Native documents,doc:1529,SOURCE_COMPLETE,Metadata/Sources/Raw/data/maps/demo_mainmenu_10/text/eng/briefings/0016.hlt,Metadata/Sources/index.html,1,ENTRY_ID is the zero-based archive table ordinal
E:\cultures\vanilla-data\DataX\Libs\data0001.lib,1530,data\maps\demo_mainmenu_10\text\eng\briefings\0025.hlt,225126004,122,HLT,Native documents,doc:1530,SOURCE_COMPLETE,Metadata/Sources/Raw/data/maps/demo_mainmenu_10/text/eng/briefings/0025.hlt,Metadata/Sources/index.html,1,ENTRY_ID is the zero-based archive table ordinal
E:\cultures\vanilla-data\DataX\Libs\data0001.lib,1531,data\text\eng\hypertext\history\mythology_01.hlt,254796385,577,HLT,Native documents,doc:1531,SOURCE_COMPLETE,Metadata/Sources/Raw/data/text/eng/hypertext/history/mythology_01.hlt,Metadata/Sources/index.html,1,ENTRY_ID is the zero-based archive table ordinal
E:\cultures\vanilla-data\DataX\Libs\data0001.lib,1532,data\edit\mapgeneration\transitionlandscapes.cif,2792389,994,CIF,Native definitions,cif:1532,SOURCE_COMPLETE,Metadata/Sources/CIF/data/edit/mapgeneration/transitionlandscapes.cif.txt,Metadata/Sources/index.html,1,ENTRY_ID is the zero-based archive table ordinal
E:\cultures\vanilla-data\DataX\Libs\data0001.lib,1533,data\engine2d\bin\bobs\cr_hum_head_03.bmd,48873246,1218791,BMD,Source libraries,lib:cr_hum_head_03,SOURCE_COMPLETE,Shared/SourceLibraries/cr_hum_head_03/library.json,Shared/SourceLibraries/index.html,906,ENTRY_ID is the zero-based archive table ordinal
E:\cultures\vanilla-data\DataX\Libs\data0001.lib,1534,data\engine2d\bin\bobs\cr_hum_head_21.bmd,59791780,105392,BMD,Source libraries,lib:cr_hum_head_21,SOURCE_COMPLETE,Shared/SourceLibraries/cr_hum_head_21/library.json,Shared/SourceLibraries/index.html,38,ENTRY_ID is the zero-based archive table ordinal
E:\cultures\vanilla-data\DataX\Libs\data0001.lib,1535,data\engine2d\bin\bobs\cr_hum_head_30.bmd,59897208,1055122,BMD,Source libraries,lib:cr_hum_head_30,SOURCE_COMPLETE,Shared/SourceLibraries/cr_hum_head_30/library.json,Shared/SourceLibraries/index.html,639,ENTRY_ID is the zero-based archive table ordinal
E:\cultures\vanilla-data\DataX\Libs\data0001.lib,1536,data\engine2d\bin\bobs\ls_harbour.bmd,89526382,322477,BMD,Source libraries,lib:ls_harbour,SOURCE_COMPLETE,Shared/SourceLibraries/ls_harbour/library.json,Shared/SourceLibraries/index.html,9,ENTRY_ID is the zero-based archive table ordinal
E:\cultures\vanilla-data\DataX\Libs\data0001.lib,1537,data\maps\demo_mainmenu_10\text\eng\briefings\0008.hlt,225123421,153,HLT,Native documents,doc:1537,SOURCE_COMPLETE,Metadata/Sources/Raw/data/maps/demo_mainmenu_10/text/eng/briefings/0008.hlt,Metadata/Sources/index.html,1,ENTRY_ID is the zero-based archive table ordinal
E:\cultures\vanilla-data\DataX\Libs\data0001.lib,1538,data\maps\demo_mainmenu_10\text\eng\briefings\0017.hlt,225124798,155,HLT,Native documents,doc:1538,SOURCE_COMPLETE,Metadata/Sources/Raw/data/maps/demo_mainmenu_10/text/eng/briefings/0017.hlt,Metadata/Sources/index.html,1,ENTRY_ID is the zero-based archive table ordinal
E:\cultures\vanilla-data\DataX\Libs\data0001.lib,1539,data\maps\demo_mainmenu_10\text\eng\briefings\0026.hlt,225126126,155,HLT,Native documents,doc:1539,SOURCE_COMPLETE,Metadata/Sources/Raw/data/maps/demo_mainmenu_10/text/eng/briefings/0026.hlt,Metadata/Sources/index.html,1,ENTRY_ID is the zero-based archive table ordinal
E:\cultures\vanilla-data\DataX\Libs\data0001.lib,1540,data\text\eng\hypertext\history\mythology_02.hlt,254796962,577,HLT,Native documents,doc:1540,SOURCE_COMPLETE,Metadata/Sources/Raw/data/text/eng/hypertext/history/mythology_02.hlt,Metadata/Sources/index.html,1,ENTRY_ID is the zero-based archive table ordinal
E:\cultures\vanilla-data\DataX\Libs\data0001.lib,1541,data\engine2d\bin\bobs\cr_hum_head_22.bmd,59897172,36,BMD,Source libraries,lib:cr_hum_head_22,SOURCE_COMPLETE,Shared/SourceLibraries/cr_hum_head_22/library.json,Shared/SourceLibraries/index.html,1,ENTRY_ID is the zero-based archive table ordinal
E:\cultures\vanilla-data\DataX\Libs\data0001.lib,1542,data\engine2d\bin\bobs\cr_hum_head_31.bmd,60952330,873929,BMD,Source libraries,lib:cr_hum_head_31,SOURCE_COMPLETE,Shared/SourceLibraries/cr_hum_head_31/library.json,Shared/SourceLibraries/index.html,639,ENTRY_ID is the zero-based archive table ordinal
E:\cultures\vanilla-data\DataX\Libs\data0001.lib,1543,data\engine2d\bin\bobs\cr_hum_head_40.bmd,63318591,1259405,BMD,Source libraries,lib:cr_hum_head_40,SOURCE_COMPLETE,Shared/SourceLibraries/cr_hum_head_40/library.json,Shared/SourceLibraries/index.html,639,ENTRY_ID is the zero-based archive table ordinal
E:\cultures\vanilla-data\DataX\Libs\data0001.lib,1544,data\engine2d\bin\textures\tran_swamp.pcx,192592616,47640,PCX,Images,img:1544,PIXEL_CONFIRMED,Terrain/Textures/tran_swamp.png,Terrain/Textures/index.html,3,ENTRY_ID is the zero-based archive table ordinal
E:\cultures\vanilla-data\DataX\Libs\data0001.lib,1545,data\maps\demo_mainmenu_10\text\eng\briefings\0009.hlt,225123574,153,HLT,Native documents,doc:1545,SOURCE_COMPLETE,Metadata/Sources/Raw/data/maps/demo_mainmenu_10/text/eng/briefings/0009.hlt,Metadata/Sources/index.html,1,ENTRY_ID is the zero-based archive table ordinal
E:\cultures\vanilla-data\DataX\Libs\data0001.lib,1546,data\maps\demo_mainmenu_10\text\eng\briefings\0018.hlt,225124953,155,HLT,Native documents,doc:1546,SOURCE_COMPLETE,Metadata/Sources/Raw/data/maps/demo_mainmenu_10/text/eng/briefings/0018.hlt,Metadata/Sources/index.html,1,ENTRY_ID is the zero-based archive table ordinal
E:\cultures\vanilla-data\DataX\Libs\data0001.lib,1547,data\maps\demo_mainmenu_10\text\eng\briefings\0027.hlt,225126281,124,HLT,Native documents,doc:1547,SOURCE_COMPLETE,Metadata/Sources/Raw/data/maps/demo_mainmenu_10/text/eng/briefings/0027.hlt,Metadata/Sources/index.html,1,ENTRY_ID is the zero-based archive table ordinal
E:\cultures\vanilla-data\DataX\Libs\data0001.lib,1548,data\text\eng\hypertext\history\mythology_03.hlt,254797539,577,HLT,Native documents,doc:1548,SOURCE_COMPLETE,Metadata/Sources/Raw/data/text/eng/hypertext/history/mythology_03.hlt,Metadata/Sources/index.html,1,ENTRY_ID is the zero-based archive table ordinal
E:\cultures\vanilla-data\DataX\Libs\data0001.lib,1549,data\engine2d\bin\bobs\cr_hum_head_05.bmd,50092037,2147020,BMD,Source libraries,lib:cr_hum_head_05,SOURCE_COMPLETE,Shared/SourceLibraries/cr_hum_head_05/library.json,Shared/SourceLibraries/index.html,1067,ENTRY_ID is the zero-based archive table ordinal
E:\cultures\vanilla-data\DataX\Libs\data0001.lib,1550,data\engine2d\bin\bobs\cr_hum_head_41.bmd,64577996,1234369,BMD,Source libraries,lib:cr_hum_head_41,SOURCE_COMPLETE,Shared/SourceLibraries/cr_hum_head_41/library.json,Shared/SourceLibraries/index.html,639,ENTRY_ID is the zero-based archive table ordinal
E:\cultures\vanilla-data\DataX\Libs\data0001.lib,1551,data\engine2d\bin\bobs\cr_hum_head_50.bmd,67487008,1198716,BMD,Source libraries,lib:cr_hum_head_50,SOURCE_COMPLETE,Shared/SourceLibraries/cr_hum_head_50/library.json,Shared/SourceLibraries/index.html,639,ENTRY_ID is the zero-based archive table ordinal
E:\cultures\vanilla-data\DataX\Libs\data0001.lib,1552,data\engine2d\bin\bobs\ls_trees_s.bmd,119051588,154646,BMD,Source libraries,lib:ls_trees_s,SOURCE_COMPLETE,Shared/SourceLibraries/ls_trees_s/library.json,Shared/SourceLibraries/index.html,79,ENTRY_ID is the zero-based archive table ordinal
E:\cultures\vanilla-data\DataX\Libs\data0001.lib,1553,data\maps\demo_mainmenu_10\text\eng\briefings\0019.hlt,225125108,155,HLT,Native documents,doc:1553,SOURCE_COMPLETE,Metadata/Sources/Raw/data/maps/demo_mainmenu_10/text/eng/briefings/0019.hlt,Metadata/Sources/index.html,1,ENTRY_ID is the zero-based archive table ordinal
E:\cultures\vanilla-data\DataX\Libs\data0001.lib,1554,data\maps\demo_mainmenu_10\text\eng\briefings\0028.hlt,225126405,124,HLT,Native documents,doc:1554,SOURCE_COMPLETE,Metadata/Sources/Raw/data/maps/demo_mainmenu_10/text/eng/briefings/0028.hlt,Metadata/Sources/index.html,1,ENTRY_ID is the zero-based archive table ordinal
E:\cultures\vanilla-data\DataX\Libs\data0001.lib,1555,data\text\eng\hypertext\history\mythology_04.hlt,254798116,577,HLT,Native documents,doc:1555,SOURCE_COMPLETE,Metadata/Sources/Raw/data/text/eng/hypertext/history/mythology_04.hlt,Metadata/Sources/index.html,1,ENTRY_ID is the zero-based archive table ordinal
E:\cultures\vanilla-data\DataX\Libs\data0001.lib,1556,data\engine2d\bin\bobs\cr_hum_head_06.bmd,52239057,1621242,BMD,Source libraries,lib:cr_hum_head_06,SOURCE_COMPLETE,Shared/SourceLibraries/cr_hum_head_06/library.json,Shared/SourceLibraries/index.html,1067,ENTRY_ID is the zero-based archive table ordinal
E:\cultures\vanilla-data\DataX\Libs\data0001.lib,1557,data\engine2d\bin\bobs\cr_hum_head_15.bmd,58458259,478582,BMD,Source libraries,lib:cr_hum_head_15,SOURCE_COMPLETE,Shared/SourceLibraries/cr_hum_head_15/library.json,Shared/SourceLibraries/index.html,428,ENTRY_ID is the zero-based archive table ordinal
E:\cultures\vanilla-data\DataX\Libs\data0001.lib,1558,data\engine2d\bin\bobs\cr_hum_head_33.bmd,61826259,782467,BMD,Source libraries,lib:cr_hum_head_33,SOURCE_COMPLETE,Shared/SourceLibraries/cr_hum_head_33/library.json,Shared/SourceLibraries/index.html,376,ENTRY_ID is the zero-based archive table ordinal
E:\cultures\vanilla-data\DataX\Libs\data0001.lib,1559,data\engine2d\bin\bobs\cr_hum_head_42.bmd,65812365,803775,BMD,Source libraries,lib:cr_hum_head_42,SOURCE_COMPLETE,Shared/SourceLibraries/cr_hum_head_42/library.json,Shared/SourceLibraries/index.html,528,ENTRY_ID is the zero-based archive table ordinal
E:\cultures\vanilla-data\DataX\Libs\data0001.lib,1560,data\engine2d\bin\bobs\cr_hum_head_51.bmd,68685724,1188178,BMD,Source libraries,lib:cr_hum_head_51,SOURCE_COMPLETE,Shared/SourceLibraries/cr_hum_head_51/library.json,Shared/SourceLibraries/index.html,639,ENTRY_ID is the zero-based archive table ordinal
E:\cultures\vanilla-data\DataX\Libs\data0001.lib,1561,data\maps\demo_mainmenu_10\text\eng\briefings\0029.hlt,225126529,124,HLT,Native documents,doc:1561,SOURCE_COMPLETE,Metadata/Sources/Raw/data/maps/demo_mainmenu_10/text/eng/briefings/0029.hlt,Metadata/Sources/index.html,1,ENTRY_ID is the zero-based archive table ordinal
E:\cultures\vanilla-data\DataX\Libs\data0001.lib,1562,data\text\eng\hypertext\history\mythology_05.hlt,254798693,577,HLT,Native documents,doc:1562,SOURCE_COMPLETE,Metadata/Sources/Raw/data/text/eng/hypertext/history/mythology_05.hlt,Metadata/Sources/index.html,1,ENTRY_ID is the zero-based archive table ordinal
E:\cultures\vanilla-data\DataX\Libs\data0001.lib,1563,data\engine2d\bin\bobs\cr_hum_head_07.bmd,53860299,2464369,BMD,Source libraries,lib:cr_hum_head_07,SOURCE_COMPLETE,Shared/SourceLibraries/cr_hum_head_07/library.json,Shared/SourceLibraries/index.html,1040,ENTRY_ID is the zero-based archive table ordinal
E:\cultures\vanilla-data\DataX\Libs\data0001.lib,1564,data\engine2d\bin\bobs\cr_hum_head_16.bmd,58936841,400464,BMD,Source libraries,lib:cr_hum_head_16,SOURCE_COMPLETE,Shared/SourceLibraries/cr_hum_head_16/library.json,Shared/SourceLibraries/index.html,428,ENTRY_ID is the zero-based archive table ordinal
E:\cultures\vanilla-data\DataX\Libs\data0001.lib,1565,data\engine2d\bin\bobs\cr_hum_head_34.bmd,62608726,709865,BMD,Source libraries,lib:cr_hum_head_34,SOURCE_COMPLETE,Shared/SourceLibraries/cr_hum_head_34/library.json,Shared/SourceLibraries/index.html,376,ENTRY_ID is the zero-based archive table ordinal
E:\cultures\vanilla-data\DataX\Libs\data0001.lib,1566,data\engine2d\bin\bobs\cr_hum_head_43.bmd,66616140,870868,BMD,Source libraries,lib:cr_hum_head_43,SOURCE_COMPLETE,Shared/SourceLibraries/cr_hum_head_43/library.json,Shared/SourceLibraries/index.html,528,ENTRY_ID is the zero-based archive table ordinal
E:\cultures\vanilla-data\DataX\Libs\data0001.lib,1567,data\engine2d\bin\palettes\creatures\ship_house.pcx,132754123,901,PCX,Palettes,img:1567,PIXEL_CONFIRMED,Metadata/Palettes/creatures/ship_house.png,Metadata/Palettes/index.html,1,ENTRY_ID is the zero-based archive table ordinal
E:\cultures\vanilla-data\DataX\Libs\data0001.lib,1568,data\engine2d\bin\textures\tran_mountain_a.pcx,192297838,10327,PCX,Images,img:1568,PIXEL_CONFIRMED,Terrain/Textures/tran_mountain_a.png,Terrain/Textures/index.html,1,ENTRY_ID is the zero-based archive table ordinal
E:\cultures\vanilla-data\DataX\Libs\data0001.lib,1569,data\text\eng\hypertext\history\mythology_06.hlt,254799270,577,HLT,Native documents,doc:1569,SOURCE_COMPLETE,Metadata/Sources/Raw/data/text/eng/hypertext/history/mythology_06.hlt,Metadata/Sources/index.html,1,ENTRY_ID is the zero-based archive table ordinal
E:\cultures\vanilla-data\DataX\Libs\data0001.lib,1570,data\edit\macromaps\desertstone000_oracle.cif,224290,4125,CIF,Native definitions,cif:1570,SOURCE_COMPLETE,Metadata/Sources/CIF/data/edit/macromaps/desertstone000_oracle.cif.txt,Metadata/Sources/index.html,1,ENTRY_ID is the zero-based archive table ordinal
E:\cultures\vanilla-data\DataX\Libs\data0001.lib,1571,data\engine2d\bin\bobs\cr_hum_head_08.bmd,56324668,1732746,BMD,Source libraries,lib:cr_hum_head_08,SOURCE_COMPLETE,Shared/SourceLibraries/cr_hum_head_08/library.json,Shared/SourceLibraries/index.html,1040,ENTRY_ID is the zero-based archive table ordinal
E:\cultures\vanilla-data\DataX\Libs\data0001.lib,1572,data\engine2d\bin\bobs\cr_hum_head_17.bmd,59337305,377549,BMD,Source libraries,lib:cr_hum_head_17,SOURCE_COMPLETE,Shared/SourceLibraries/cr_hum_head_17/library.json,Shared/SourceLibraries/index.html,428,ENTRY_ID is the zero-based archive table ordinal
E:\cultures\vanilla-data\DataX\Libs\data0001.lib,1573,data\engine2d\bin\bobs\cr_hum_head_53.bmd,69873902,1013051,BMD,Source libraries,lib:cr_hum_head_53,SOURCE_COMPLETE,Shared/SourceLibraries/cr_hum_head_53/library.json,Shared/SourceLibraries/index.html,442,ENTRY_ID is the zero-based archive table ordinal
E:\cultures\vanilla-data\DataX\Libs\data0001.lib,1574,data\engine2d\bin\bobs\cr_hum_head_80.bmd,73955381,558253,BMD,Source libraries,lib:cr_hum_head_80,SOURCE_COMPLETE,Shared/SourceLibraries/cr_hum_head_80/library.json,Shared/SourceLibraries/index.html,376,ENTRY_ID is the zero-based archive table ordinal
E:\cultures\vanilla-data\DataX\Libs\data0001.lib,1575,data\engine2d\bin\sounds\ambient\stone_01.wav,142835808,61288,WAV,Audio,aud:1575,SOURCE_COMPLETE,Audio/ambient/stone_01.wav,Audio/index.html,1,ENTRY_ID is the zero-based archive table ordinal
E:\cultures\vanilla-data\DataX\Libs\data0001.lib,1576,data\engine2d\bin\sounds\ambient\stone_10.wav,143383322,71494,WAV,Audio,aud:1576,SOURCE_COMPLETE,Audio/ambient/stone_10.wav,Audio/index.html,1,ENTRY_ID is the zero-based archive table ordinal
E:\cultures\vanilla-data\DataX\Libs\data0001.lib,1577,data\maps\multiplayer_202_special_millitär\text\eng\briefings\0000.hlt,230656428,269,HLT,Native documents,doc:1577,SOURCE_COMPLETE,Metadata/Sources/Raw/data/maps/multiplayer_202_special_millitär/text/eng/briefings/0000.hlt,Metadata/Sources/index.html,1,ENTRY_ID is the zero-based archive table ordinal
E:\cultures\vanilla-data\DataX\Libs\data0001.lib,1578,data\text\eng\hypertext\history\mythology_07.hlt,254799847,577,HLT,Native documents,doc:1578,SOURCE_COMPLETE,Metadata/Sources/Raw/data/text/eng/hypertext/history/mythology_07.hlt,Metadata/Sources/index.html,1,ENTRY_ID is the zero-based archive table ordinal
E:\cultures\vanilla-data\DataX\Libs\data0001.lib,1579,data\engine2d\bin\bobs\cr_hum_head_54.bmd,70886953,923738,BMD,Source libraries,lib:cr_hum_head_54,SOURCE_COMPLETE,Shared/SourceLibraries/cr_hum_head_54/library.json,Shared/SourceLibraries/index.html,442,ENTRY_ID is the zero-based archive table ordinal
E:\cultures\vanilla-data\DataX\Libs\data0001.lib,1580,data\engine2d\bin\bobs\cr_hum_head_81.bmd,74513634,529439,BMD,Source libraries,lib:cr_hum_head_81,SOURCE_COMPLETE,Shared/SourceLibraries/cr_hum_head_81/library.json,Shared/SourceLibraries/index.html,376,ENTRY_ID is the zero-based archive table ordinal
E:\cultures\vanilla-data\DataX\Libs\data0001.lib,1581,data\engine2d\bin\bobs\cr_hum_head_90.bmd,76112402,833774,BMD,Source libraries,lib:cr_hum_head_90,SOURCE_COMPLETE,Shared/SourceLibraries/cr_hum_head_90/library.json,Shared/SourceLibraries/index.html,376,ENTRY_ID is the zero-based archive table ordinal
E:\cultures\vanilla-data\DataX\Libs\data0001.lib,1582,data\engine2d\bin\sounds\ambient\stone_02.wav,142897096,55166,WAV,Audio,aud:1582,SOURCE_COMPLETE,Audio/ambient/stone_02.wav,Audio/index.html,1,ENTRY_ID is the zero-based archive table ordinal
E:\cultures\vanilla-data\DataX\Libs\data0001.lib,1583,data\engine2d\bin\textures\tran_ice.psd,191903316,55281,PSD,Images,img:1583,UNKNOWN,Terrain/Textures/tran_ice.psd,Terrain/Textures/index.html,1,ENTRY_ID is the zero-based archive table ordinal
E:\cultures\vanilla-data\DataX\Libs\data0001.lib,1584,data\maps\multiplayer_202_special_millitär\text\eng\briefings\0001.hlt,230656697,128,HLT,Native documents,doc:1584,SOURCE_COMPLETE,Metadata/Sources/Raw/data/maps/multiplayer_202_special_millitär/text/eng/briefings/0001.hlt,Metadata/Sources/index.html,1,ENTRY_ID is the zero-based archive table ordinal
E:\cultures\vanilla-data\DataX\Libs\data0001.lib,1585,data\engine2d\bin\bobs\cr_ani_body_00.bmd,2880211,3370069,BMD,Source libraries,lib:cr_ani_body_00,SOURCE_COMPLETE,Shared/SourceLibraries/cr_ani_body_00/library.json,Shared/SourceLibraries/index.html,730,ENTRY_ID is the zero-based archive table ordinal
E:\cultures\vanilla-data\DataX\Libs\data0001.lib,1586,data\engine2d\bin\bobs\cr_hum_head_82.bmd,75043073,548979,BMD,Source libraries,lib:cr_hum_head_82,SOURCE_COMPLETE,Shared/SourceLibraries/cr_hum_head_82/library.json,Shared/SourceLibraries/index.html,376,ENTRY_ID is the zero-based archive table ordinal
E:\cultures\vanilla-data\DataX\Libs\data0001.lib,1587,data\engine2d\bin\bobs\cr_hum_head_91.bmd,76946176,704604,BMD,Source libraries,lib:cr_hum_head_91,SOURCE_COMPLETE,Shared/SourceLibraries/cr_hum_head_91/library.json,Shared/SourceLibraries/index.html,376,ENTRY_ID is the zero-based archive table ordinal
E:\cultures\vanilla-data\DataX\Libs\data0001.lib,1588,data\engine2d\bin\bobs\ls_goetter.bmd,82335881,4259349,BMD,Source libraries,lib:ls_goetter,SOURCE_COMPLETE,Shared/SourceLibraries/ls_goetter/library.json,Shared/SourceLibraries/index.html,37,ENTRY_ID is the zero-based archive table ordinal
E:\cultures\vanilla-data\DataX\Libs\data0001.lib,1589,data\engine2d\bin\bobs\ls_ruin_saracen.bmd,111988410,172646,BMD,Source libraries,lib:ls_ruin_saracen,SOURCE_COMPLETE,Shared/SourceLibraries/ls_ruin_saracen/library.json,Shared/SourceLibraries/index.html,15,ENTRY_ID is the zero-based archive table ordinal
E:\cultures\vanilla-data\DataX\Libs\data0001.lib,1590,data\engine2d\bin\palettes\landscapes\fire_incense.pcx,132790168,905,PCX,Palettes,img:1590,PIXEL_CONFIRMED,Metadata/Palettes/landscapes/fire_incense.png,Metadata/Palettes/index.html,1,ENTRY_ID is the zero-based archive table ordinal
E:\cultures\vanilla-data\DataX\Libs\data0001.lib,1591,data\engine2d\bin\sounds\ambient\stone_03.wav,142952262,51084,WAV,Audio,aud:1591,SOURCE_COMPLETE,Audio/ambient/stone_03.wav,Audio/index.html,1,ENTRY_ID is the zero-based archive table ordinal
E:\cultures\vanilla-data\DataX\Libs\data0001.lib,1592,data\gui\palettes\bg_invert.pcx,202166443,901,PCX,Images,img:1592,PIXEL_CONFIRMED,UI/Palettes/bg_invert.png,UI/Images/index.html,1,ENTRY_ID is the zero-based archive table ordinal
E:\cultures\vanilla-data\DataX\Libs\data0001.lib,1593,data\maps\multiplayer_202_special_millitär\text\eng\briefings\0002.hlt,230656825,128,HLT,Native documents,doc:1593,SOURCE_COMPLETE,Metadata/Sources/Raw/data/maps/multiplayer_202_special_millitär/text/eng/briefings/0002.hlt,Metadata/Sources/index.html,1,ENTRY_ID is the zero-based archive table ordinal
E:\cultures\vanilla-data\DataX\Libs\data0001.lib,1594,data\maps\singleplayer_03_01\map.cif,236814779,65376,CIF,Native definitions,cif:1594,SOURCE_COMPLETE,Metadata/Sources/CIF/data/maps/singleplayer_03_01/map.cif.txt,Metadata/Sources/index.html,1,ENTRY_ID is the zero-based archive table ordinal
E:\cultures\vanilla-data\DataX\Libs\data0001.lib,1595,data\engine2d\bin\bobs\cr_ani_body_01.bmd,6747662,23144,BMD,Source libraries,lib:cr_ani_body_01,SOURCE_COMPLETE,Shared/SourceLibraries/cr_ani_body_01/library.json,Shared/SourceLibraries/index.html,1,ENTRY_ID is the zero-based archive table ordinal
E:\cultures\vanilla-data\DataX\Libs\data0001.lib,1596,data\engine2d\bin\bobs\cr_hum_head_83.bmd,75592052,520350,BMD,Source libraries,lib:cr_hum_head_83,SOURCE_COMPLETE,Shared/SourceLibraries/cr_hum_head_83/library.json,Shared/SourceLibraries/index.html,376,ENTRY_ID is the zero-based archive table ordinal
E:\cultures\vanilla-data\DataX\Libs\data0001.lib,1597,data\engine2d\bin\bobs\cr_hum_head_92.bmd,77650780,695018,BMD,Source libraries,lib:cr_hum_head_92,SOURCE_COMPLETE,Shared/SourceLibraries/cr_hum_head_92/library.json,Shared/SourceLibraries/index.html,250,ENTRY_ID is the zero-based archive table ordinal
E:\cultures\vanilla-data\DataX\Libs\data0001.lib,1598,data\engine2d\bin\sounds\ambient\stone_04.wav,143003346,65370,WAV,Audio,aud:1598,SOURCE_COMPLETE,Audio/ambient/stone_04.wav,Audio/index.html,1,ENTRY_ID is the zero-based archive table ordinal
E:\cultures\vanilla-data\DataX\Libs\data0001.lib,1599,data\maps\multiplayer_202_special_millitär\text\eng\briefings\0003.hlt,230656953,128,HLT,Native documents,doc:1599,SOURCE_COMPLETE,Metadata/Sources/Raw/data/maps/multiplayer_202_special_millitär/text/eng/briefings/0003.hlt,Metadata/Sources/index.html,1,ENTRY_ID is the zero-based archive table ordinal
E:\cultures\vanilla-data\DataX\Libs\data0001.lib,1600,data\maps\singleplayer_03_02\map.cif,238635021,23106,CIF,Native definitions,cif:1600,SOURCE_COMPLETE,Metadata/Sources/CIF/data/maps/singleplayer_03_02/map.cif.txt,Metadata/Sources/index.html,1,ENTRY_ID is the zero-based archive table ordinal
E:\cultures\vanilla-data\DataX\Libs\data0001.lib,1601,data\engine2d\bin\bobs\cr_hum_head_75.bmd,71810691,1081016,BMD,Source libraries,lib:cr_hum_head_75,SOURCE_COMPLETE,Shared/SourceLibraries/cr_hum_head_75/library.json,Shared/SourceLibraries/index.html,417,ENTRY_ID is the zero-based archive table ordinal
E:\cultures\vanilla-data\DataX\Libs\data0001.lib,1602,data\engine2d\bin\bobs\cr_hum_head_93.bmd,78345798,612698,BMD,Source libraries,lib:cr_hum_head_93,SOURCE_COMPLETE,Shared/SourceLibraries/cr_hum_head_93/library.json,Shared/SourceLibraries/index.html,250,ENTRY_ID is the zero-based archive table ordinal
E:\cultures\vanilla-data\DataX\Libs\data0001.lib,1603,data\engine2d\bin\bobs\ls_houses_byzantine2.bmd,93317314,2103366,BMD,Source libraries,lib:ls_houses_byzantine2,SOURCE_COMPLETE,Shared/SourceLibraries/ls_houses_byzantine2/library.json,Shared/SourceLibraries/index.html,10,ENTRY_ID is the zero-based archive table ordinal
E:\cultures\vanilla-data\DataX\Libs\data0001.lib,1604,data\engine2d\bin\sounds\ambient\stone_05.wav,143068716,24550,WAV,Audio,aud:1604,SOURCE_COMPLETE,Audio/ambient/stone_05.wav,Audio/index.html,1,ENTRY_ID is the zero-based archive table ordinal
E:\cultures\vanilla-data\DataX\Libs\data0001.lib,1605,data\engine2d\bin\sounds\static\sword short hit01.wav,186118888,20468,WAV,Audio,aud:1605,SOURCE_COMPLETE,Audio/static/sword short hit01.wav,Audio/index.html,1,ENTRY_ID is the zero-based archive table ordinal
E:\cultures\vanilla-data\DataX\Libs\data0001.lib,1606,data\maps\demo_mainmenu_10\text\eng\briefings\briefings.txt,225127796,11550,TXT,Native documents,doc:1606,SOURCE_COMPLETE,Metadata/Sources/Raw/data/maps/demo_mainmenu_10/text/eng/briefings/briefings.txt,Metadata/Sources/index.html,1,ENTRY_ID is the zero-based archive table ordinal
E:\cultures\vanilla-data\DataX\Libs\data0001.lib,1607,data\maps\multiplayer_202_special_millitär\text\eng\briefings\0004.hlt,230657081,128,HLT,Native documents,doc:1607,SOURCE_COMPLETE,Metadata/Sources/Raw/data/maps/multiplayer_202_special_millitär/text/eng/briefings/0004.hlt,Metadata/Sources/index.html,1,ENTRY_ID is the zero-based archive table ordinal
E:\cultures\vanilla-data\DataX\Libs\data0001.lib,1608,data\maps\singleplayer_03_03\map.cif,239794496,31201,CIF,Native definitions,cif:1608,SOURCE_COMPLETE,Metadata/Sources/CIF/data/maps/singleplayer_03_03/map.cif.txt,Metadata/Sources/index.html,1,ENTRY_ID is the zero-based archive table ordinal
E:\cultures\vanilla-data\DataX\Libs\data0001.lib,1609,data\engine2d\bin\bobs\cr_hum_head_76.bmd,72891707,1063638,BMD,Source libraries,lib:cr_hum_head_76,SOURCE_COMPLETE,Shared/SourceLibraries/cr_hum_head_76/library.json,Shared/SourceLibraries/index.html,417,ENTRY_ID is the zero-based archive table ordinal
E:\cultures\vanilla-data\DataX\Libs\data0001.lib,1610,data\engine2d\bin\sounds\ambient\stone_06.wav,143093266,63330,WAV,Audio,aud:1610,SOURCE_COMPLETE,Audio/ambient/stone_06.wav,Audio/index.html,1,ENTRY_ID is the zero-based archive table ordinal
E:\cultures\vanilla-data\DataX\Libs\data0001.lib,1611,data\engine2d\bin\sounds\humantalk\m10ok01.wav,162737342,22510,WAV,Audio,aud:1611,SOURCE_COMPLETE,Audio/humantalk/m10ok01.wav,Audio/index.html,1,ENTRY_ID is the zero-based archive table ordinal
E:\cultures\vanilla-data\DataX\Libs\data0001.lib,1612,data\engine2d\bin\sounds\static\sword short hit02.wav,186139356,20468,WAV,Audio,aud:1612,SOURCE_COMPLETE,Audio/static/sword short hit02.wav,Audio/index.html,1,ENTRY_ID is the zero-based archive table ordinal
E:\cultures\vanilla-data\DataX\Libs\data0001.lib,1613,data\engine2d\bin\textures\overlay_house_a.pcx,187843957,22508,PCX,Images,img:1613,PIXEL_CONFIRMED,Terrain/Textures/overlay_house_a.png,Terrain/Textures/index.html,1,ENTRY_ID is the zero-based archive table ordinal
E:\cultures\vanilla-data\DataX\Libs\data0001.lib,1614,data\engine2d\bin\textures\tran_ice.pcx,191847102,56214,PCX,Images,img:1614,PIXEL_CONFIRMED,Terrain/Textures/tran_ice.png,Terrain/Textures/index.html,3,ENTRY_ID is the zero-based archive table ordinal
E:\cultures\vanilla-data\DataX\Libs\data0001.lib,1615,data\maps\singleplayer_03_04\map.cif,241100448,99401,CIF,Native definitions,cif:1615,SOURCE_COMPLETE,Metadata/Sources/CIF/data/maps/singleplayer_03_04/map.cif.txt,Metadata/Sources/index.html,1,ENTRY_ID is the zero-based archive table ordinal
E:\cultures\vanilla-data\DataX\Libs\data0001.lib,1616,data\engine2d\bin\bobs\ls_goetter2_s.bmd,88754952,67602,BMD,Source libraries,lib:ls_goetter2_s,SOURCE_COMPLETE,Shared/SourceLibraries/ls_goetter2_s/library.json,Shared/SourceLibraries/index.html,4,ENTRY_ID is the zero-based archive table ordinal
E:\cultures\vanilla-data\DataX\Libs\data0001.lib,1617,data\engine2d\bin\bobs\test_piles.bmd,131522413,28879,BMD,Source libraries,lib:test_piles,SOURCE_COMPLETE,Shared/SourceLibraries/test_piles/library.json,Shared/SourceLibraries/index.html,37,ENTRY_ID is the zero-based archive table ordinal
E:\cultures\vanilla-data\DataX\Libs\data0001.lib,1618,data\engine2d\bin\sounds\ambient\stone_07.wav,143156596,98026,WAV,Audio,aud:1618,SOURCE_COMPLETE,Audio/ambient/stone_07.wav,Audio/index.html,1,ENTRY_ID is the zero-based archive table ordinal
E:\cultures\vanilla-data\DataX\Libs\data0001.lib,1619,data\engine2d\bin\sounds\humantalk\m10ok02.wav,162759852,34756,WAV,Audio,aud:1619,SOURCE_COMPLETE,Audio/humantalk/m10ok02.wav,Audio/index.html,1,ENTRY_ID is the zero-based archive table ordinal
E:\cultures\vanilla-data\DataX\Libs\data0001.lib,1620,data\engine2d\bin\sounds\humantalk\m11ok01.wav,162968386,14346,WAV,Audio,aud:1620,SOURCE_COMPLETE,Audio/humantalk/m11ok01.wav,Audio/index.html,1,ENTRY_ID is the zero-based archive table ordinal
E:\cultures\vanilla-data\DataX\Libs\data0001.lib,1621,data\engine2d\bin\sounds\static\sword short hit03.wav,186159824,18428,WAV,Audio,aud:1621,SOURCE_COMPLETE,Audio/static/sword short hit03.wav,Audio/index.html,1,ENTRY_ID is the zero-based archive table ordinal
E:\cultures\vanilla-data\DataX\Libs\data0001.lib,1622,data\maps\singleplayer_03_05\map.cif,243981323,41985,CIF,Native definitions,cif:1622,SOURCE_COMPLETE,Metadata/Sources/CIF/data/maps/singleplayer_03_05/map.cif.txt,Metadata/Sources/index.html,1,ENTRY_ID is the zero-based archive table ordinal
E:\cultures\vanilla-data\DataX\Libs\data0001.lib,1623,data\engine2d\bin\bobs\cr_hum_head_78.bmd,73955345,36,BMD,Source libraries,lib:cr_hum_head_78,SOURCE_COMPLETE,Shared/SourceLibraries/cr_hum_head_78/library.json,Shared/SourceLibraries/index.html,1,ENTRY_ID is the zero-based archive table ordinal
E:\cultures\vanilla-data\DataX\Libs\data0001.lib,1624,data\engine2d\bin\sounds\ambient\stone_08.wav,143254622,51084,WAV,Audio,aud:1624,SOURCE_COMPLETE,Audio/ambient/stone_08.wav,Audio/index.html,1,ENTRY_ID is the zero-based archive table ordinal
E:\cultures\vanilla-data\DataX\Libs\data0001.lib,1625,data\engine2d\bin\sounds\humantalk\m10ok03.wav,162794608,42920,WAV,Audio,aud:1625,SOURCE_COMPLETE,Audio/humantalk/m10ok03.wav,Audio/index.html,1,ENTRY_ID is the zero-based archive table ordinal
E:\cultures\vanilla-data\DataX\Libs\data0001.lib,1626,data\engine2d\bin\sounds\humantalk\m11ok02.wav,162982732,34756,WAV,Audio,aud:1626,SOURCE_COMPLETE,Audio/humantalk/m11ok02.wav,Audio/index.html,1,ENTRY_ID is the zero-based archive table ordinal
E:\cultures\vanilla-data\DataX\Libs\data0001.lib,1627,data\engine2d\bin\sounds\humantalk\m12ok01.wav,163203512,16386,WAV,Audio,aud:1627,SOURCE_COMPLETE,Audio/humantalk/m12ok01.wav,Audio/index.html,1,ENTRY_ID is the zero-based archive table ordinal
E:\cultures\vanilla-data\DataX\Libs\data0001.lib,1628,data\engine2d\bin\sounds\static\sword short hit04.wav,186178252,6182,WAV,Audio,aud:1628,SOURCE_COMPLETE,Audio/static/sword short hit04.wav,Audio/index.html,1,ENTRY_ID is the zero-based archive table ordinal
E:\cultures\vanilla-data\DataX\Libs\data0001.lib,1629,data\text\eng\strings\ingamegui\ingameguimessages.cif,255207067,3247,CIF,Native definitions,cif:1629,SOURCE_COMPLETE,Metadata/Sources/CIF/data/text/eng/strings/ingamegui/ingameguimessages.cif.txt,Metadata/Sources/index.html,1,ENTRY_ID is the zero-based archive table ordinal
E:\cultures\vanilla-data\DataX\Libs\data0001.lib,1630,data\engine2d\bin\bobs\test_smoke.bmd,131557101,25151,BMD,Source libraries,lib:test_smoke,SOURCE_COMPLETE,Shared/SourceLibraries/test_smoke/library.json,Shared/SourceLibraries/index.html,25,ENTRY_ID is the zero-based archive table ordinal
E:\cultures\vanilla-data\DataX\Libs\data0001.lib,1631,data\engine2d\bin\palettes\landscapes\dungeon.pcx,132786560,901,PCX,Palettes,img:1631,PIXEL_CONFIRMED,Metadata/Palettes/landscapes/dungeon.png,Metadata/Palettes/index.html,1,ENTRY_ID is the zero-based archive table ordinal
E:\cultures\vanilla-data\DataX\Libs\data0001.lib,1632,data\engine2d\bin\palettes\landscapes\flower01.pcx,132791073,901,PCX,Palettes,img:1632,PIXEL_CONFIRMED,Metadata/Palettes/landscapes/flower01.png,Metadata/Palettes/index.html,1,ENTRY_ID is the zero-based archive table ordinal
E:\cultures\vanilla-data\DataX\Libs\data0001.lib,1633,data\engine2d\bin\sounds\ambient\stone_09.wav,143305706,77616,WAV,Audio,aud:1633,SOURCE_COMPLETE,Audio/ambient/stone_09.wav,Audio/index.html,1,ENTRY_ID is the zero-based archive table ordinal
E:\cultures\vanilla-data\DataX\Libs\data0001.lib,1634,data\engine2d\bin\sounds\humantalk\m10no01.wav,162590156,28632,WAV,Audio,aud:1634,SOURCE_COMPLETE,Audio/humantalk/m10no01.wav,Audio/index.html,1,ENTRY_ID is the zero-based archive table ordinal
E:\cultures\vanilla-data\DataX\Libs\data0001.lib,1635,data\engine2d\bin\sounds\humantalk\m11ok03.wav,163017488,40878,WAV,Audio,aud:1635,SOURCE_COMPLETE,Audio/humantalk/m11ok03.wav,Audio/index.html,1,ENTRY_ID is the zero-based archive table ordinal
E:\cultures\vanilla-data\DataX\Libs\data0001.lib,1636,data\engine2d\bin\sounds\humantalk\m12ok02.wav,163219898,34756,WAV,Audio,aud:1636,SOURCE_COMPLETE,Audio/humantalk/m12ok02.wav,Audio/index.html,1,ENTRY_ID is the zero-based archive table ordinal
E:\cultures\vanilla-data\DataX\Libs\data0001.lib,1637,data\engine2d\bin\sounds\humantalk\m13ok01.wav,163442718,14346,WAV,Audio,aud:1637,SOURCE_COMPLETE,Audio/humantalk/m13ok01.wav,Audio/index.html,1,ENTRY_ID is the zero-based archive table ordinal
E:\cultures\vanilla-data\DataX\Libs\data0001.lib,1638,data\engine2d\bin\sounds\static\fishing01.wav,180163118,34756,WAV,Audio,aud:1638,SOURCE_COMPLETE,Audio/static/fishing01.wav,Audio/index.html,1,ENTRY_ID is the zero-based archive table ordinal
E:\cultures\vanilla-data\DataX\Libs\data0001.lib,1639,data\engine2d\bin\sounds\static\fishing10.wav,180851462,104150,WAV,Audio,aud:1639,SOURCE_COMPLETE,Audio/static/fishing10.wav,Audio/index.html,1,ENTRY_ID is the zero-based archive table ordinal
E:\cultures\vanilla-data\DataX\Libs\data0001.lib,1640,data\engine2d\bin\sounds\static\sword short hit05.wav,186184434,10264,WAV,Audio,aud:1640,SOURCE_COMPLETE,Audio/static/sword short hit05.wav,Audio/index.html,1,ENTRY_ID is the zero-based archive table ordinal
E:\cultures\vanilla-data\DataX\Libs\data0001.lib,1641,data\engine2d\bin\bobs\ls_ruin_frank_s.bmd,111981585,6825,BMD,Source libraries,lib:ls_ruin_frank_s,SOURCE_COMPLETE,Shared/SourceLibraries/ls_ruin_frank_s/library.json,Shared/SourceLibraries/index.html,1,ENTRY_ID is the zero-based archive table ordinal
E:\cultures\vanilla-data\DataX\Libs\data0001.lib,1642,data\engine2d\bin\palettes\landscapes\flower02.pcx,132791974,901,PCX,Palettes,img:1642,PIXEL_CONFIRMED,Metadata/Palettes/landscapes/flower02.png,Metadata/Palettes/index.html,1,ENTRY_ID is the zero-based archive table ordinal
E:\cultures\vanilla-data\DataX\Libs\data0001.lib,1643,data\engine2d\bin\sounds\ambient\volcano.wav,144071558,757270,WAV,Audio,aud:1643,SOURCE_COMPLETE,Audio/ambient/volcano.wav,Audio/index.html,1,ENTRY_ID is the zero-based archive table ordinal
E:\cultures\vanilla-data\DataX\Libs\data0001.lib,1644,data\engine2d\bin\sounds\humantalk\m10no02.wav,162618788,40878,WAV,Audio,aud:1644,SOURCE_COMPLETE,Audio/humantalk/m10no02.wav,Audio/index.html,1,ENTRY_ID is the zero-based archive table ordinal
E:\cultures\vanilla-data\DataX\Libs\data0001.lib,1645,data\engine2d\bin\sounds\humantalk\m11no01.wav,162837528,22510,WAV,Audio,aud:1645,SOURCE_COMPLETE,Audio/humantalk/m11no01.wav,Audio/index.html,1,ENTRY_ID is the zero-based archive table ordinal
E:\cultures\vanilla-data\DataX\Libs\data0001.lib,1646,data\engine2d\bin\sounds\humantalk\m12ok03.wav,163254654,42920,WAV,Audio,aud:1646,SOURCE_COMPLETE,Audio/humantalk/m12ok03.wav,Audio/index.html,1,ENTRY_ID is the zero-based archive table ordinal
E:\cultures\vanilla-data\DataX\Libs\data0001.lib,1647,data\engine2d\bin\sounds\humantalk\m13ok02.wav,163457064,30672,WAV,Audio,aud:1647,SOURCE_COMPLETE,Audio/humantalk/m13ok02.wav,Audio/index.html,1,ENTRY_ID is the zero-based archive table ordinal
E:\cultures\vanilla-data\DataX\Libs\data0001.lib,1648,data\engine2d\bin\sounds\static\fishing02.wav,180197874,20468,WAV,Audio,aud:1648,SOURCE_COMPLETE,Audio/static/fishing02.wav,Audio/index.html,1,ENTRY_ID is the zero-based archive table ordinal
E:\cultures\vanilla-data\DataX\Libs\data0001.lib,1649,data\gui\palettes\iconsleft.pcx,202175463,901,PCX,Images,img:1649,PIXEL_CONFIRMED,UI/Palettes/iconsleft.png,UI/Images/index.html,1,ENTRY_ID is the zero-based archive table ordinal
E:\cultures\vanilla-data\DataX\Libs\data0001.lib,1650,data\maps\singleplayer_03_01\map.dat,236880155,458469,DAT,Native documents,doc:1650,SOURCE_COMPLETE,Metadata/Sources/Raw/data/maps/singleplayer_03_01/map.dat,Metadata/Sources/index.html,1,ENTRY_ID is the zero-based archive table ordinal
E:\cultures\vanilla-data\DataX\Libs\data0001.lib,1651,data\engine2d\bin\bobs\ls_stonehenge_s.bmd,116468350,5192,BMD,Source libraries,lib:ls_stonehenge_s,SOURCE_COMPLETE,Shared/SourceLibraries/ls_stonehenge_s/library.json,Shared/SourceLibraries/index.html,1,ENTRY_ID is the zero-based archive table ordinal
E:\cultures\vanilla-data\DataX\Libs\data0001.lib,1652,data\engine2d\bin\bobs\ls_wonders.bmd,122577548,2397747,BMD,Source libraries,lib:ls_wonders,SOURCE_COMPLETE,Shared/SourceLibraries/ls_wonders/library.json,Shared/SourceLibraries/index.html,9,ENTRY_ID is the zero-based archive table ordinal
E:\cultures\vanilla-data\DataX\Libs\data0001.lib,1653,data\engine2d\bin\palettes\creatures\butterfly01.pcx,132717182,901,PCX,Palettes,img:1653,PIXEL_CONFIRMED,Metadata/Palettes/creatures/butterfly01.png,Metadata/Palettes/index.html,1,ENTRY_ID is the zero-based archive table ordinal
E:\cultures\vanilla-data\DataX\Libs\data0001.lib,1654,data\engine2d\bin\palettes\landscapes\flower03.pcx,132792875,901,PCX,Palettes,img:1654,PIXEL_CONFIRMED,Metadata/Palettes/landscapes/flower03.png,Metadata/Palettes/index.html,1,ENTRY_ID is the zero-based archive table ordinal
E:\cultures\vanilla-data\DataX\Libs\data0001.lib,1655,data\engine2d\bin\sounds\humantalk\m10no03.wav,162659666,38838,WAV,Audio,aud:1655,SOURCE_COMPLETE,Audio/humantalk/m10no03.wav,Audio/index.html,1,ENTRY_ID is the zero-based archive table ordinal
E:\cultures\vanilla-data\DataX\Libs\data0001.lib,1656,data\engine2d\bin\sounds\humantalk\m11no02.wav,162860038,36796,WAV,Audio,aud:1656,SOURCE_COMPLETE,Audio/humantalk/m11no02.wav,Audio/index.html,1,ENTRY_ID is the zero-based archive table ordinal
E:\cultures\vanilla-data\DataX\Libs\data0001.lib,1657,data\engine2d\bin\sounds\humantalk\m12no01.wav,163058366,24550,WAV,Audio,aud:1657,SOURCE_COMPLETE,Audio/humantalk/m12no01.wav,Audio/index.html,1,ENTRY_ID is the zero-based archive table ordinal
E:\cultures\vanilla-data\DataX\Libs\data0001.lib,1658,data\engine2d\bin\sounds\humantalk\m13ok03.wav,163487736,36796,WAV,Audio,aud:1658,SOURCE_COMPLETE,Audio/humantalk/m13ok03.wav,Audio/index.html,1,ENTRY_ID is the zero-based archive table ordinal
E:\cultures\vanilla-data\DataX\Libs\data0001.lib,1659,data\engine2d\bin\sounds\static\fishing03.wav,180218342,59248,WAV,Audio,aud:1659,SOURCE_COMPLETE,Audio/static/fishing03.wav,Audio/index.html,1,ENTRY_ID is the zero-based archive table ordinal
E:\cultures\vanilla-data\DataX\Libs\data0001.lib,1660,data\maps\singleplayer_03_02\map.dat,238658127,499542,DAT,Native documents,doc:1660,SOURCE_COMPLETE,Metadata/Sources/Raw/data/maps/singleplayer_03_02/map.dat,Metadata/Sources/index.html,1,ENTRY_ID is the zero-based archive table ordinal
E:\cultures\vanilla-data\DataX\Libs\data0001.lib,1661,data\engine2d\bin\palettes\landscapes\flower04.pcx,132793776,901,PCX,Palettes,img:1661,PIXEL_CONFIRMED,Metadata/Palettes/landscapes/flower04.png,Metadata/Palettes/index.html,1,ENTRY_ID is the zero-based archive table ordinal
E:\cultures\vanilla-data\DataX\Libs\data0001.lib,1662,data\engine2d\bin\sounds\ambient\c2 ambient loops.txt,135975124,882,TXT,Audio,aud:1662,SOURCE_COMPLETE,Audio/ambient/c2 ambient loops.txt,Audio/index.html,1,ENTRY_ID is the zero-based archive table ordinal
E:\cultures\vanilla-data\DataX\Libs\data0001.lib,1663,data\engine2d\bin\sounds\humantalk\m10no04.wav,162698504,38838,WAV,Audio,aud:1663,SOURCE_COMPLETE,Audio/humantalk/m10no04.wav,Audio/index.html,1,ENTRY_ID is the zero-based archive table ordinal
E:\cultures\vanilla-data\DataX\Libs\data0001.lib,1664,data\engine2d\bin\sounds\humantalk\m11no03.wav,162896834,36796,WAV,Audio,aud:1664,SOURCE_COMPLETE,Audio/humantalk/m11no03.wav,Audio/index.html,1,ENTRY_ID is the zero-based archive table ordinal
E:\cultures\vanilla-data\DataX\Libs\data0001.lib,1665,data\engine2d\bin\sounds\humantalk\m12no02.wav,163082916,38838,WAV,Audio,aud:1665,SOURCE_COMPLETE,Audio/humantalk/m12no02.wav,Audio/index.html,1,ENTRY_ID is the zero-based archive table ordinal
E:\cultures\vanilla-data\DataX\Libs\data0001.lib,1666,data\engine2d\bin\sounds\humantalk\m13no01.wav,163297574,26592,WAV,Audio,aud:1666,SOURCE_COMPLETE,Audio/humantalk/m13no01.wav,Audio/index.html,1,ENTRY_ID is the zero-based archive table ordinal
E:\cultures\vanilla-data\DataX\Libs\data0001.lib,1667,data\engine2d\bin\sounds\static\fishing04.wav,180277590,36796,WAV,Audio,aud:1667,SOURCE_COMPLETE,Audio/static/fishing04.wav,Audio/index.html,1,ENTRY_ID is the zero-based archive table ordinal
E:\cultures\vanilla-data\DataX\Libs\data0001.lib,1668,data\engine2d\bin\sounds\static\hit f 01.wav,181217682,18428,WAV,Audio,aud:1668,SOURCE_COMPLETE,Audio/static/hit f 01.wav,Audio/index.html,1,ENTRY_ID is the zero-based archive table ordinal
E:\cultures\vanilla-data\DataX\Libs\data0001.lib,1669,data\maps\demo_mainmenu_10\text\eng\briefings\graphics\08_01.pcx,224759009,78411,PCX,Images,img:1669,PIXEL_CONFIRMED,UI/Maps/demo_mainmenu_10/text_eng_briefings_graphics/08_01.png,UI/Images/index.html,1,ENTRY_ID is the zero-based archive table ordinal
E:\cultures\vanilla-data\DataX\Libs\data0001.lib,1670,data\maps\singleplayer_03_03\map.dat,239825697,632172,DAT,Native documents,doc:1670,SOURCE_COMPLETE,Metadata/Sources/Raw/data/maps/singleplayer_03_03/map.dat,Metadata/Sources/index.html,1,ENTRY_ID is the zero-based archive table ordinal
E:\cultures\vanilla-data\DataX\Libs\data0001.lib,1671,data\engine2d\bin\sounds\humantalk\m11no04.wav,162933630,34756,WAV,Audio,aud:1671,SOURCE_COMPLETE,Audio/humantalk/m11no04.wav,Audio/index.html,1,ENTRY_ID is the zero-based archive table ordinal
E:\cultures\vanilla-data\DataX\Libs\data0001.lib,1672,data\engine2d\bin\sounds\humantalk\m12no03.wav,163121754,38838,WAV,Audio,aud:1672,SOURCE_COMPLETE,Audio/humantalk/m12no03.wav,Audio/index.html,1,ENTRY_ID is the zero-based archive table ordinal
E:\cultures\vanilla-data\DataX\Libs\data0001.lib,1673,data\engine2d\bin\sounds\humantalk\m13no02.wav,163324166,36796,WAV,Audio,aud:1673,SOURCE_COMPLETE,Audio/humantalk/m13no02.wav,Audio/index.html,1,ENTRY_ID is the zero-based archive table ordinal
E:\cultures\vanilla-data\DataX\Libs\data0001.lib,1674,data\engine2d\bin\sounds\static\fishing05.wav,180314386,128642,WAV,Audio,aud:1674,SOURCE_COMPLETE,Audio/static/fishing05.wav,Audio/index.html,1,ENTRY_ID is the zero-based archive table ordinal
E:\cultures\vanilla-data\DataX\Libs\data0001.lib,1675,data\engine2d\bin\sounds\static\hit f 02.wav,181236110,22510,WAV,Audio,aud:1675,SOURCE_COMPLETE,Audio/static/hit f 02.wav,Audio/index.html,1,ENTRY_ID is the zero-based archive table ordinal
E:\cultures\vanilla-data\DataX\Libs\data0001.lib,1676,data\engine2d\inis\patterns\pattern.cif,195252838,233617,CIF,Native definitions,cif:1676,SOURCE_COMPLETE,Metadata/Sources/CIF/data/engine2d/inis/patterns/pattern.cif.txt,Metadata/Sources/index.html,1,ENTRY_ID is the zero-based archive table ordinal
E:\cultures\vanilla-data\DataX\Libs\data0001.lib,1677,data\maps\singleplayer_03_04\map.dat,241199849,2141766,DAT,Native documents,doc:1677,SOURCE_COMPLETE,Metadata/Sources/Raw/data/maps/singleplayer_03_04/map.dat,Metadata/Sources/index.html,1,ENTRY_ID is the zero-based archive table ordinal
E:\cultures\vanilla-data\DataX\Libs\data0001.lib,1678,data\edit\randomgroups\random_groups_landscapes_edit_external.cif,2827153,44751,CIF,Native definitions,cif:1678,SOURCE_COMPLETE,Metadata/Sources/CIF/data/edit/randomgroups/random_groups_landscapes_edit_external.cif.txt,Metadata/Sources/index.html,1,ENTRY_ID is the zero-based archive table ordinal
E:\cultures\vanilla-data\DataX\Libs\data0001.lib,1679,data\engine2d\bin\bobs\cr_veh_body_00.bmd,78958496,1475198,BMD,Source libraries,lib:cr_veh_body_00,SOURCE_COMPLETE,Shared/SourceLibraries/cr_veh_body_00/library.json,Shared/SourceLibraries/index.html,46,ENTRY_ID is the zero-based archive table ordinal
E:\cultures\vanilla-data\DataX\Libs\data0001.lib,1680,data\engine2d\bin\bobs\test_house.bmd,131332789,188607,BMD,Source libraries,lib:test_house,PARTIAL,Shared/SourceLibraries/test_house/library.json,Shared/SourceLibraries/index.html,8,ENTRY_ID is the zero-based archive table ordinal
E:\cultures\vanilla-data\DataX\Libs\data0001.lib,1681,data\engine2d\bin\sounds\humantalk\m12no04.wav,163160592,42920,WAV,Audio,aud:1681,SOURCE_COMPLETE,Audio/humantalk/m12no04.wav,Audio/index.html,1,ENTRY_ID is the zero-based archive table ordinal
E:\cultures\vanilla-data\DataX\Libs\data0001.lib,1682,data\engine2d\bin\sounds\humantalk\m13no03.wav,163360962,40878,WAV,Audio,aud:1682,SOURCE_COMPLETE,Audio/humantalk/m13no03.wav,Audio/index.html,1,ENTRY_ID is the zero-based archive table ordinal
E:\cultures\vanilla-data\DataX\Libs\data0001.lib,1683,data\engine2d\bin\sounds\static\butcher01.wav,178245684,106190,WAV,Audio,aud:1683,SOURCE_COMPLETE,Audio/static/butcher01.wav,Audio/index.html,1,ENTRY_ID is the zero-based archive table ordinal
E:\cultures\vanilla-data\DataX\Libs\data0001.lib,1684,data\engine2d\bin\sounds\static\fishing06.wav,180443028,189872,WAV,Audio,aud:1684,SOURCE_COMPLETE,Audio/static/fishing06.wav,Audio/index.html,1,ENTRY_ID is the zero-based archive table ordinal
E:\cultures\vanilla-data\DataX\Libs\data0001.lib,1685,data\engine2d\bin\sounds\static\hit f 03.wav,181258620,14346,WAV,Audio,aud:1685,SOURCE_COMPLETE,Audio/static/hit f 03.wav,Audio/index.html,1,ENTRY_ID is the zero-based archive table ordinal
E:\cultures\vanilla-data\DataX\Libs\data0001.lib,1686,data\maps\singleplayer_03_05\map.dat,244023308,1179857,DAT,Native documents,doc:1686,SOURCE_COMPLETE,Metadata/Sources/Raw/data/maps/singleplayer_03_05/map.dat,Metadata/Sources/index.html,1,ENTRY_ID is the zero-based archive table ordinal
E:\cultures\vanilla-data\DataX\Libs\data0001.lib,1687,data\engine2d\bin\bobs\ls_wonders2_s.bmd,127650764,2657,BMD,Source libraries,lib:ls_wonders2_s,SOURCE_COMPLETE,Shared/SourceLibraries/ls_wonders2_s/library.json,Shared/SourceLibraries/index.html,2,ENTRY_ID is the zero-based archive table ordinal
E:\cultures\vanilla-data\DataX\Libs\data0001.lib,1688,data\engine2d\bin\sounds\humantalk\m13no04.wav,163401840,40878,WAV,Audio,aud:1688,SOURCE_COMPLETE,Audio/humantalk/m13no04.wav,Audio/index.html,1,ENTRY_ID is the zero-based archive table ordinal
E:\cultures\vanilla-data\DataX\Libs\data0001.lib,1689,data\engine2d\bin\sounds\static\butcher02.wav,178351874,108232,WAV,Audio,aud:1689,SOURCE_COMPLETE,Audio/static/butcher02.wav,Audio/index.html,1,ENTRY_ID is the zero-based archive table ordinal
E:\cultures\vanilla-data\DataX\Libs\data0001.lib,1690,data\engine2d\bin\sounds\static\fishing07.wav,180632900,83740,WAV,Audio,aud:1690,SOURCE_COMPLETE,Audio/static/fishing07.wav,Audio/index.html,1,ENTRY_ID is the zero-based archive table ordinal
E:\cultures\vanilla-data\DataX\Libs\data0001.lib,1691,data\engine2d\bin\sounds\static\hit f 04.wav,181272966,26592,WAV,Audio,aud:1691,SOURCE_COMPLETE,Audio/static/hit f 04.wav,Audio/index.html,1,ENTRY_ID is the zero-based archive table ordinal
E:\cultures\vanilla-data\DataX\Libs\data0001.lib,1692,data\engine2d\inis\animals\jobgraphics.cif,192902023,9486,CIF,Native definitions,cif:1692,SOURCE_COMPLETE,Metadata/Sources/CIF/data/engine2d/inis/animals/jobgraphics.cif.txt,Metadata/Sources/index.html,1,ENTRY_ID is the zero-based archive table ordinal
E:\cultures\vanilla-data\DataX\Libs\data0001.lib,1693,data\gui\palettes\bar_disabled.pcx,202162839,901,PCX,Images,img:1693,PIXEL_CONFIRMED,UI/Palettes/bar_disabled.png,UI/Images/index.html,1,ENTRY_ID is the zero-based archive table ordinal
E:\cultures\vanilla-data\DataX\Libs\data0001.lib,1694,data\maps\singleplayer_03_01\text\eng\briefings\fonts\fonthead16bld.fnt,236244770,23016,FNT,Fonts,font:1694,SOURCE_COMPLETE,,UI/Fonts/index.html,1,ENTRY_ID is the zero-based archive table ordinal
E:\cultures\vanilla-data\DataX\Libs\data0001.lib,1695,data\maps\singleplayer_03_01-sub1\text\eng\briefings\0000.hlt,237924792,297,HLT,Native documents,doc:1695,SOURCE_COMPLETE,Metadata/Sources/Raw/data/maps/singleplayer_03_01-sub1/text/eng/briefings/0000.hlt,Metadata/Sources/index.html,1,ENTRY_ID is the zero-based archive table ordinal
E:\cultures\vanilla-data\DataX\Libs\data0001.lib,1696,data\engine2d\bin\bobs\ls_wonders3_s.bmd,131275311,7020,BMD,Source libraries,lib:ls_wonders3_s,SOURCE_COMPLETE,Shared/SourceLibraries/ls_wonders3_s/library.json,Shared/SourceLibraries/index.html,2,ENTRY_ID is the zero-based archive table ordinal
E:\cultures\vanilla-data\DataX\Libs\data0001.lib,1697,data\engine2d\bin\sounds\static\butcher03.wav,178460106,53124,WAV,Audio,aud:1697,SOURCE_COMPLETE,Audio/static/butcher03.wav,Audio/index.html,1,ENTRY_ID is the zero-based archive table ordinal
E:\cultures\vanilla-data\DataX\Libs\data0001.lib,1698,data\engine2d\bin\sounds\static\fishing08.wav,180716640,49042,WAV,Audio,aud:1698,SOURCE_COMPLETE,Audio/static/fishing08.wav,Audio/index.html,1,ENTRY_ID is the zero-based archive table ordinal
E:\cultures\vanilla-data\DataX\Libs\data0001.lib,1699,data\engine2d\bin\sounds\static\hit f 05.wav,181299558,24550,WAV,Audio,aud:1699,SOURCE_COMPLETE,Audio/static/hit f 05.wav,Audio/index.html,1,ENTRY_ID is the zero-based archive table ordinal
E:\cultures\vanilla-data\DataX\Libs\data0001.lib,1700,data\maps\campaign_03_03_sub1\map.cif,210953541,9788,CIF,Native definitions,cif:1700,SOURCE_COMPLETE,Metadata/Sources/CIF/data/maps/campaign_03_03_sub1/map.cif.txt,Metadata/Sources/index.html,1,ENTRY_ID is the zero-based archive table ordinal
E:\cultures\vanilla-data\DataX\Libs\data0001.lib,1701,data\maps\singleplayer_03_01\minimap\minimap.pcx,236175209,36638,PCX,Images,img:1701,PIXEL_CONFIRMED,UI/Maps/singleplayer_03_01/minimap/minimap.png,UI/Images/index.html,1,ENTRY_ID is the zero-based archive table ordinal
E:\cultures\vanilla-data\DataX\Libs\data0001.lib,1702,data\maps\singleplayer_03_01-sub1\text\eng\briefings\0001.hlt,237925089,126,HLT,Native documents,doc:1702,SOURCE_COMPLETE,Metadata/Sources/Raw/data/maps/singleplayer_03_01-sub1/text/eng/briefings/0001.hlt,Metadata/Sources/index.html,1,ENTRY_ID is the zero-based archive table ordinal
E:\cultures\vanilla-data\DataX\Libs\data0001.lib,1703,data\maps\singleplayer_03_02\text\eng\briefings\fonts\fonthead16bld.fnt,238072093,23016,FNT,Fonts,font:1703,SOURCE_COMPLETE,,UI/Fonts/index.html,1,ENTRY_ID is the zero-based archive table ordinal
E:\cultures\vanilla-data\DataX\Libs\data0001.lib,1704,data\engine2d\bin\bobs\ls_houses_frank.bmd,96651918,3342700,BMD,Source libraries,lib:ls_houses_frank,SOURCE_COMPLETE,Shared/SourceLibraries/ls_houses_frank/library.json,Shared/SourceLibraries/index.html,13,ENTRY_ID is the zero-based archive table ordinal
E:\cultures\vanilla-data\DataX\Libs\data0001.lib,1705,data\engine2d\bin\sounds\static\arrow_hit_water.wav,177953352,36796,WAV,Audio,aud:1705,SOURCE_COMPLETE,Audio/static/arrow_hit_water.wav,Audio/index.html,1,ENTRY_ID is the zero-based archive table ordinal
E:\cultures\vanilla-data\DataX\Libs\data0001.lib,1706,data\engine2d\bin\sounds\static\butcher04.wav,178513230,108232,WAV,Audio,aud:1706,SOURCE_COMPLETE,Audio/static/butcher04.wav,Audio/index.html,1,ENTRY_ID is the zero-based archive table ordinal
E:\cultures\vanilla-data\DataX\Libs\data0001.lib,1707,data\engine2d\bin\sounds\static\fishing09.wav,180765682,85780,WAV,Audio,aud:1707,SOURCE_COMPLETE,Audio/static/fishing09.wav,Audio/index.html,1,ENTRY_ID is the zero-based archive table ordinal
E:\cultures\vanilla-data\DataX\Libs\data0001.lib,1708,data\engine2d\bin\sounds\static\hit f 06.wav,181324108,22510,WAV,Audio,aud:1708,SOURCE_COMPLETE,Audio/static/hit f 06.wav,Audio/index.html,1,ENTRY_ID is the zero-based archive table ordinal
E:\cultures\vanilla-data\DataX\Libs\data0001.lib,1709,data\maps\campaign_03_03_sub2\map.cif,211523094,9295,CIF,Native definitions,cif:1709,SOURCE_COMPLETE,Metadata/Sources/CIF/data/maps/campaign_03_03_sub2/map.cif.txt,Metadata/Sources/index.html,1,ENTRY_ID is the zero-based archive table ordinal
E:\cultures\vanilla-data\DataX\Libs\data0001.lib,1710,data\maps\singleplayer_03_02\minimap\minimap.pcx,237986370,52800,PCX,Images,img:1710,PIXEL_CONFIRMED,UI/Maps/singleplayer_03_02/minimap/minimap.png,UI/Images/index.html,1,ENTRY_ID is the zero-based archive table ordinal
E:\cultures\vanilla-data\DataX\Libs\data0001.lib,1711,data\maps\singleplayer_03_03\text\eng\briefings\fonts\fonthead16bld.fnt,239235086,23016,FNT,Fonts,font:1711,SOURCE_COMPLETE,,UI/Fonts/index.html,1,ENTRY_ID is the zero-based archive table ordinal
E:\cultures\vanilla-data\DataX\Libs\data0001.lib,1712,data\engine2d\bin\bobs\ls_statues.bmd,115789218,561261,BMD,Source libraries,lib:ls_statues,SOURCE_COMPLETE,Shared/SourceLibraries/ls_statues/library.json,Shared/SourceLibraries/index.html,66,ENTRY_ID is the zero-based archive table ordinal
E:\cultures\vanilla-data\DataX\Libs\data0001.lib,1713,data\engine2d\bin\sounds\static\hit f 07.wav,181346618,16386,WAV,Audio,aud:1713,SOURCE_COMPLETE,Audio/static/hit f 07.wav,Audio/index.html,1,ENTRY_ID is the zero-based archive table ordinal
E:\cultures\vanilla-data\DataX\Libs\data0001.lib,1714,data\engine2d\bin\textures\tran_meadow_a.pcx,192032525,18555,PCX,Images,img:1714,PIXEL_CONFIRMED,Terrain/Textures/tran_meadow_a.png,Terrain/Textures/index.html,1,ENTRY_ID is the zero-based archive table ordinal
E:\cultures\vanilla-data\DataX\Libs\data0001.lib,1715,data\maps\campaign_03_03_sub3\map.cif,212093704,2546,CIF,Native definitions,cif:1715,SOURCE_COMPLETE,Metadata/Sources/CIF/data/maps/campaign_03_03_sub3/map.cif.txt,Metadata/Sources/index.html,1,ENTRY_ID is the zero-based archive table ordinal
E:\cultures\vanilla-data\DataX\Libs\data0001.lib,1716,data\maps\campaign_03_05_sub1\map.cif,215726965,14577,CIF,Native definitions,cif:1716,SOURCE_COMPLETE,Metadata/Sources/CIF/data/maps/campaign_03_05_sub1/map.cif.txt,Metadata/Sources/index.html,1,ENTRY_ID is the zero-based archive table ordinal
E:\cultures\vanilla-data\DataX\Libs\data0001.lib,1717,data\maps\multiplayer_202_special_millitär\text\eng\briefings\briefings.txt,230657209,1803,TXT,Native documents,doc:1717,SOURCE_COMPLETE,Metadata/Sources/Raw/data/maps/multiplayer_202_special_millitär/text/eng/briefings/briefings.txt,Metadata/Sources/index.html,1,ENTRY_ID is the zero-based archive table ordinal
E:\cultures\vanilla-data\DataX\Libs\data0001.lib,1718,data\maps\singleplayer_03_03\minimap\minimap.pcx,239157669,44494,PCX,Images,img:1718,PIXEL_CONFIRMED,UI/Maps/singleplayer_03_03/minimap/minimap.png,UI/Images/index.html,1,ENTRY_ID is the zero-based archive table ordinal
E:\cultures\vanilla-data\DataX\Libs\data0001.lib,1719,data\maps\singleplayer_03_04\text\eng\briefings\fonts\fonthead16bld.fnt,240522113,23016,FNT,Fonts,font:1719,SOURCE_COMPLETE,,UI/Fonts/index.html,1,ENTRY_ID is the zero-based archive table ordinal
E:\cultures\vanilla-data\DataX\Libs\data0001.lib,1720,data\engine2d\bin\sounds\static\hit f 08.wav,181363004,53124,WAV,Audio,aud:1720,SOURCE_COMPLETE,Audio/static/hit f 08.wav,Audio/index.html,1,ENTRY_ID is the zero-based archive table ordinal
E:\cultures\vanilla-data\DataX\Libs\data0001.lib,1721,data\engine2d\bin\sounds\static\hit m 01.wav,181446800,24550,WAV,Audio,aud:1721,SOURCE_COMPLETE,Audio/static/hit m 01.wav,Audio/index.html,1,ENTRY_ID is the zero-based archive table ordinal
E:\cultures\vanilla-data\DataX\Libs\data0001.lib,1722,data\engine2d\bin\sounds\static\hit m 10.wav,181577950,6182,WAV,Audio,aud:1722,SOURCE_COMPLETE,Audio/static/hit m 10.wav,Audio/index.html,1,ENTRY_ID is the zero-based archive table ordinal
E:\cultures\vanilla-data\DataX\Libs\data0001.lib,1723,data\engine2d\bin\textures\tran_meadow_dark_a.pcx,192112757,18682,PCX,Images,img:1723,PIXEL_CONFIRMED,Terrain/Textures/tran_meadow_dark_a.png,Terrain/Textures/index.html,1,ENTRY_ID is the zero-based archive table ordinal
E:\cultures\vanilla-data\DataX\Libs\data0001.lib,1724,data\logic\goodtypes.cif,202500688,13316,CIF,Native definitions,cif:1724,SOURCE_COMPLETE,Metadata/Sources/CIF/data/logic/goodtypes.cif.txt,Metadata/Sources/index.html,1,ENTRY_ID is the zero-based archive table ordinal
E:\cultures\vanilla-data\DataX\Libs\data0001.lib,1725,data\maps\campaign_03_05_sub2\map.cif,216419299,10850,CIF,Native definitions,cif:1725,SOURCE_COMPLETE,Metadata/Sources/CIF/data/maps/campaign_03_05_sub2/map.cif.txt,Metadata/Sources/index.html,1,ENTRY_ID is the zero-based archive table ordinal
E:\cultures\vanilla-data\DataX\Libs\data0001.lib,1726,data\maps\campaign_03_06_sub1\map.cif,219845018,4288,CIF,Native definitions,cif:1726,SOURCE_COMPLETE,Metadata/Sources/CIF/data/maps/campaign_03_06_sub1/map.cif.txt,Metadata/Sources/index.html,1,ENTRY_ID is the zero-based archive table ordinal
E:\cultures\vanilla-data\DataX\Libs\data0001.lib,1727,data\maps\demo_mainmenu_10\text\eng\strings.cif,225139346,1690,CIF,Native definitions,cif:1727,SOURCE_COMPLETE,Metadata/Sources/CIF/data/maps/demo_mainmenu_10/text/eng/strings.cif.txt,Metadata/Sources/index.html,1,ENTRY_ID is the zero-based archive table ordinal
E:\cultures\vanilla-data\DataX\Libs\data0001.lib,1728,data\maps\singleplayer_03_04\minimap\minimap.pcx,240457869,31321,PCX,Images,img:1728,PIXEL_CONFIRMED,UI/Maps/singleplayer_03_04/minimap/minimap.png,UI/Images/index.html,1,ENTRY_ID is the zero-based archive table ordinal
E:\cultures\vanilla-data\DataX\Libs\data0001.lib,1729,data\maps\singleplayer_03_05\text\eng\briefings\fonts\fonthead16bld.fnt,243420533,23016,FNT,Fonts,font:1729,SOURCE_COMPLETE,,UI/Fonts/index.html,1,ENTRY_ID is the zero-based archive table ordinal
E:\cultures\vanilla-data\DataX\Libs\data0001.lib,1730,data\engine2d\bin\sounds\static\hit f 09.wav,181416128,30672,WAV,Audio,aud:1730,SOURCE_COMPLETE,Audio/static/hit f 09.wav,Audio/index.html,1,ENTRY_ID is the zero-based archive table ordinal
E:\cultures\vanilla-data\DataX\Libs\data0001.lib,1731,data\engine2d\bin\sounds\static\hit m 02.wav,181471350,26592,WAV,Audio,aud:1731,SOURCE_COMPLETE,Audio/static/hit m 02.wav,Audio/index.html,1,ENTRY_ID is the zero-based archive table ordinal
E:\cultures\vanilla-data\DataX\Libs\data0001.lib,1732,data\engine2d\bin\sounds\static\hit m 11.wav,181584132,8222,WAV,Audio,aud:1732,SOURCE_COMPLETE,Audio/static/hit m 11.wav,Audio/index.html,1,ENTRY_ID is the zero-based archive table ordinal
E:\cultures\vanilla-data\DataX\Libs\data0001.lib,1733,data\maps\campaign_03_06_sub2\map.cif,220431284,10350,CIF,Native definitions,cif:1733,SOURCE_COMPLETE,Metadata/Sources/CIF/data/maps/campaign_03_06_sub2/map.cif.txt,Metadata/Sources/index.html,1,ENTRY_ID is the zero-based archive table ordinal
E:\cultures\vanilla-data\DataX\Libs\data0001.lib,1734,data\maps\singleplayer_03_05\minimap\minimap.pcx,243341615,45995,PCX,Images,img:1734,PIXEL_CONFIRMED,UI/Maps/singleplayer_03_05/minimap/minimap.png,UI/Images/index.html,1,ENTRY_ID is the zero-based archive table ordinal
E:\cultures\vanilla-data\DataX\Libs\data0001.lib,1735,data\text\eng\strings\gameobjects\chesttypes.cif,255128924,1682,CIF,Native definitions,cif:1735,SOURCE_COMPLETE,Metadata/Sources/CIF/data/text/eng/strings/gameobjects/chesttypes.cif.txt,Metadata/Sources/index.html,1,ENTRY_ID is the zero-based archive table ordinal
E:\cultures\vanilla-data\DataX\Libs\data0001.lib,1736,data\engine2d\bin\bobs\cr_hum_body_00.bmd,6770842,4386058,BMD,Source libraries,lib:cr_hum_body_00,SOURCE_COMPLETE,Shared/SourceLibraries/cr_hum_body_00/library.json,Shared/SourceLibraries/index.html,522,ENTRY_ID is the zero-based archive table ordinal
E:\cultures\vanilla-data\DataX\Libs\data0001.lib,1737,data\engine2d\bin\bobs\test_arrow.bmd,131282367,5845,BMD,Source libraries,lib:test_arrow,SOURCE_COMPLETE,Shared/SourceLibraries/test_arrow/library.json,Shared/SourceLibraries/index.html,2,ENTRY_ID is the zero-based archive table ordinal
E:\cultures\vanilla-data\DataX\Libs\data0001.lib,1738,data\engine2d\bin\sounds\static\hit m 03.wav,181497942,16386,WAV,Audio,aud:1738,SOURCE_COMPLETE,Audio/static/hit m 03.wav,Audio/index.html,1,ENTRY_ID is the zero-based archive table ordinal
E:\cultures\vanilla-data\DataX\Libs\data0001.lib,1739,data\logic\landscapetypes.cif,202555799,15676,CIF,Native definitions,cif:1739,SOURCE_COMPLETE,Metadata/Sources/CIF/data/logic/landscapetypes.cif.txt,Metadata/Sources/index.html,1,ENTRY_ID is the zero-based archive table ordinal
E:\cultures\vanilla-data\DataX\Libs\data0001.lib,1740,data\engine2d\bin\bobs\cr_hum_body_10.bmd,14960438,717830,BMD,Source libraries,lib:cr_hum_body_10,SOURCE_COMPLETE,Shared/SourceLibraries/cr_hum_body_10/library.json,Shared/SourceLibraries/index.html,140,ENTRY_ID is the zero-based archive table ordinal
E:\cultures\vanilla-data\DataX\Libs\data0001.lib,1741,data\engine2d\bin\sounds\static\baker_shovel01.wav,178061818,79658,WAV,Audio,aud:1741,SOURCE_COMPLETE,Audio/static/baker_shovel01.wav,Audio/index.html,1,ENTRY_ID is the zero-based archive table ordinal
E:\cultures\vanilla-data\DataX\Libs\data0001.lib,1742,data\engine2d\bin\sounds\static\hit m 04.wav,181514328,12304,WAV,Audio,aud:1742,SOURCE_COMPLETE,Audio/static/hit m 04.wav,Audio/index.html,1,ENTRY_ID is the zero-based archive table ordinal
E:\cultures\vanilla-data\DataX\Libs\data0001.lib,1743,data\engine2d\bin\bobs\cr_hum_body_20.bmd,15773392,85189,BMD,Source libraries,lib:cr_hum_body_20,SOURCE_COMPLETE,Shared/SourceLibraries/cr_hum_body_20/library.json,Shared/SourceLibraries/index.html,36,ENTRY_ID is the zero-based archive table ordinal
E:\cultures\vanilla-data\DataX\Libs\data0001.lib,1744,data\engine2d\bin\sounds\static\baker_shovel02.wav,178141476,55166,WAV,Audio,aud:1744,SOURCE_COMPLETE,Audio/static/baker_shovel02.wav,Audio/index.html,1,ENTRY_ID is the zero-based archive table ordinal
E:\cultures\vanilla-data\DataX\Libs\data0001.lib,1745,data\engine2d\bin\sounds\static\hit m 05.wav,181526632,20468,WAV,Audio,aud:1745,SOURCE_COMPLETE,Audio/static/hit m 05.wav,Audio/index.html,1,ENTRY_ID is the zero-based archive table ordinal
E:\cultures\vanilla-data\DataX\Libs\data0001.lib,1746,data\maps\campaign_03_03_sub1\map.dat,210963329,121565,DAT,Native documents,doc:1746,SOURCE_COMPLETE,Metadata/Sources/Raw/data/maps/campaign_03_03_sub1/map.dat,Metadata/Sources/index.html,1,ENTRY_ID is the zero-based archive table ordinal
E:\cultures\vanilla-data\DataX\Libs\data0001.lib,1747,data\edit\macromaps\wüsten_hain.cif,2745896,24962,CIF,Native definitions,cif:1747,SOURCE_COMPLETE,Metadata/Sources/CIF/data/edit/macromaps/wüsten_hain.cif.txt,Metadata/Sources/index.html,1,ENTRY_ID is the zero-based archive table ordinal
E:\cultures\vanilla-data\DataX\Libs\data0001.lib,1748,data\engine2d\bin\bobs\cr_hum_body_21.bmd,15882857,110439,BMD,Source libraries,lib:cr_hum_body_21,SOURCE_COMPLETE,Shared/SourceLibraries/cr_hum_body_21/library.json,Shared/SourceLibraries/index.html,38,ENTRY_ID is the zero-based archive table ordinal
E:\cultures\vanilla-data\DataX\Libs\data0001.lib,1749,data\engine2d\bin\bobs\cr_hum_body_30.bmd,16101308,2669434,BMD,Source libraries,lib:cr_hum_body_30,SOURCE_COMPLETE,Shared/SourceLibraries/cr_hum_body_30/library.json,Shared/SourceLibraries/index.html,543,ENTRY_ID is the zero-based archive table ordinal
E:\cultures\vanilla-data\DataX\Libs\data0001.lib,1750,data\engine2d\bin\sounds\static\hit m 06.wav,181547100,6182,WAV,Audio,aud:1750,SOURCE_COMPLETE,Audio/static/hit m 06.wav,Audio/index.html,1,ENTRY_ID is the zero-based archive table ordinal
E:\cultures\vanilla-data\DataX\Libs\data0001.lib,1751,data\engine2d\inis\patterntransitions\transitions.cif,195486455,25595,CIF,Native definitions,cif:1751,SOURCE_COMPLETE,Metadata/Sources/CIF/data/engine2d/inis/patterntransitions/transitions.cif.txt,Metadata/Sources/index.html,1,ENTRY_ID is the zero-based archive table ordinal
E:\cultures\vanilla-data\DataX\Libs\data0001.lib,1752,data\maps\campaign_03_03_sub2\map.dat,211532389,122180,DAT,Native documents,doc:1752,SOURCE_COMPLETE,Metadata/Sources/Raw/data/maps/campaign_03_03_sub2/map.dat,Metadata/Sources/index.html,1,ENTRY_ID is the zero-based archive table ordinal
E:\cultures\vanilla-data\DataX\Libs\data0001.lib,1753,data\maps\tutorial_001\text\eng\briefings\fonts\font10.fnt,245203165,15083,FNT,Fonts,font:1753,SOURCE_COMPLETE,,UI/Fonts/index.html,1,ENTRY_ID is the zero-based archive table ordinal
E:\cultures\vanilla-data\DataX\Libs\data0001.lib,1754,data\engine2d\bin\bobs\cr_hum_body_22.bmd,16010062,77046,BMD,Source libraries,lib:cr_hum_body_22,SOURCE_COMPLETE,Shared/SourceLibraries/cr_hum_body_22/library.json,Shared/SourceLibraries/index.html,76,ENTRY_ID is the zero-based archive table ordinal
E:\cultures\vanilla-data\DataX\Libs\data0001.lib,1755,data\engine2d\bin\bobs\cr_hum_body_40.bmd,20685622,2820128,BMD,Source libraries,lib:cr_hum_body_40,SOURCE_COMPLETE,Shared/SourceLibraries/cr_hum_body_40/library.json,Shared/SourceLibraries/index.html,447,ENTRY_ID is the zero-based archive table ordinal
E:\cultures\vanilla-data\DataX\Libs\data0001.lib,1756,data\engine2d\bin\bobs\ls_trees_dead.bmd,119044710,5882,BMD,Source libraries,lib:ls_trees_dead,SOURCE_COMPLETE,Shared/SourceLibraries/ls_trees_dead/library.json,Shared/SourceLibraries/index.html,8,ENTRY_ID is the zero-based archive table ordinal
E:\cultures\vanilla-data\DataX\Libs\data0001.lib,1757,data\engine2d\bin\sounds\static\hit m 07.wav,181553282,6182,WAV,Audio,aud:1757,SOURCE_COMPLETE,Audio/static/hit m 07.wav,Audio/index.html,1,ENTRY_ID is the zero-based archive table ordinal
E:\cultures\vanilla-data\DataX\Libs\data0001.lib,1758,data\maps\campaign_03_03_sub3\map.dat,212096250,70538,DAT,Native documents,doc:1758,SOURCE_COMPLETE,Metadata/Sources/Raw/data/maps/campaign_03_03_sub3/map.dat,Metadata/Sources/index.html,1,ENTRY_ID is the zero-based archive table ordinal
E:\cultures\vanilla-data\DataX\Libs\data0001.lib,1759,data\maps\campaign_03_05_sub1\map.dat,215741542,329477,DAT,Native documents,doc:1759,SOURCE_COMPLETE,Metadata/Sources/Raw/data/maps/campaign_03_05_sub1/map.dat,Metadata/Sources/index.html,1,ENTRY_ID is the zero-based archive table ordinal
E:\cultures\vanilla-data\DataX\Libs\data0001.lib,1760,data\maps\multiplayer_205_special_cap-the-cow\text\eng\briefings\fonts\font10.fnt,235295752,15083,FNT,Fonts,font:1760,SOURCE_COMPLETE,,UI/Fonts/index.html,1,ENTRY_ID is the zero-based archive table ordinal
E:\cultures\vanilla-data\DataX\Libs\data0001.lib,1761,data\maps\singleplayer_03_01\text\eng\briefings\palettes\pal_white.bmp,236732937,65078,BMP,Images,img:1761,SOURCE_COMPLETE,UI/Maps/singleplayer_03_01/text_eng_briefings_palettes/pal_white.png,UI/Images/index.html,1,ENTRY_ID is the zero-based archive table ordinal
E:\cultures\vanilla-data\DataX\Libs\data0001.lib,1762,data\maps\tutorial_002\text\eng\briefings\fonts\font10.fnt,246271138,15083,FNT,Fonts,font:1762,SOURCE_COMPLETE,,UI/Fonts/index.html,1,ENTRY_ID is the zero-based archive table ordinal
E:\cultures\vanilla-data\DataX\Libs\data0001.lib,1763,data\engine2d\bin\bobs\cr_hum_body_05.bmd,11829976,2795478,BMD,Source libraries,lib:cr_hum_body_05,SOURCE_COMPLETE,Shared/SourceLibraries/cr_hum_body_05/library.json,Shared/SourceLibraries/index.html,746,ENTRY_ID is the zero-based archive table ordinal
E:\cultures\vanilla-data\DataX\Libs\data0001.lib,1764,data\engine2d\bin\bobs\cr_hum_body_32.bmd,19181048,1303410,BMD,Source libraries,lib:cr_hum_body_32,SOURCE_COMPLETE,Shared/SourceLibraries/cr_hum_body_32/library.json,Shared/SourceLibraries/index.html,373,ENTRY_ID is the zero-based archive table ordinal
E:\cultures\vanilla-data\DataX\Libs\data0001.lib,1765,data\engine2d\bin\bobs\cr_hum_body_50.bmd,25306214,2779914,BMD,Source libraries,lib:cr_hum_body_50,SOURCE_COMPLETE,Shared/SourceLibraries/cr_hum_body_50/library.json,Shared/SourceLibraries/index.html,447,ENTRY_ID is the zero-based archive table ordinal
E:\cultures\vanilla-data\DataX\Libs\data0001.lib,1766,data\engine2d\bin\palettes\landscapes\reed01.pcx,132812697,901,PCX,Palettes,img:1766,PIXEL_CONFIRMED,Metadata/Palettes/landscapes/reed01.png,Metadata/Palettes/index.html,1,ENTRY_ID is the zero-based archive table ordinal
E:\cultures\vanilla-data\DataX\Libs\data0001.lib,1767,data\engine2d\bin\sounds\static\hit m 08.wav,181559464,8222,WAV,Audio,aud:1767,SOURCE_COMPLETE,Audio/static/hit m 08.wav,Audio/index.html,1,ENTRY_ID is the zero-based archive table ordinal
E:\cultures\vanilla-data\DataX\Libs\data0001.lib,1768,data\maps\campaign_03_05_sub2\map.dat,216430149,485877,DAT,Native documents,doc:1768,SOURCE_COMPLETE,Metadata/Sources/Raw/data/maps/campaign_03_05_sub2/map.dat,Metadata/Sources/index.html,1,ENTRY_ID is the zero-based archive table ordinal
E:\cultures\vanilla-data\DataX\Libs\data0001.lib,1769,data\maps\campaign_03_06_sub1\map.dat,219849306,142612,DAT,Native documents,doc:1769,SOURCE_COMPLETE,Metadata/Sources/Raw/data/maps/campaign_03_06_sub1/map.dat,Metadata/Sources/index.html,1,ENTRY_ID is the zero-based archive table ordinal
E:\cultures\vanilla-data\DataX\Libs\data0001.lib,1770,data\maps\singleplayer_03_02\text\eng\briefings\palettes\pal_white.bmp,238560260,65078,BMP,Images,img:1770,SOURCE_COMPLETE,UI/Maps/singleplayer_03_02/text_eng_briefings_palettes/pal_white.png,UI/Images/index.html,1,ENTRY_ID is the zero-based archive table ordinal
E:\cultures\vanilla-data\DataX\Libs\data0001.lib,1771,data\maps\tutorial_001\text\eng\briefings\fonts\font12.fnt,245218248,17840,FNT,Fonts,font:1771,SOURCE_COMPLETE,,UI/Fonts/index.html,1,ENTRY_ID is the zero-based archive table ordinal
E:\cultures\vanilla-data\DataX\Libs\data0001.lib,1772,data\maps\tutorial_003\text\eng\briefings\fonts\font10.fnt,247252473,15083,FNT,Fonts,font:1772,SOURCE_COMPLETE,,UI/Fonts/index.html,1,ENTRY_ID is the zero-based archive table ordinal
E:\cultures\vanilla-data\DataX\Libs\data0001.lib,1773,data\engine2d\bin\bobs\cr_hum_body_42.bmd,23919468,1193372,BMD,Source libraries,lib:cr_hum_body_42,SOURCE_COMPLETE,Shared/SourceLibraries/cr_hum_body_42/library.json,Shared/SourceLibraries/index.html,489,ENTRY_ID is the zero-based archive table ordinal
E:\cultures\vanilla-data\DataX\Libs\data0001.lib,1774,data\engine2d\bin\bobs\cr_hum_body_60.bmd,29335705,307248,BMD,Source libraries,lib:cr_hum_body_60,SOURCE_COMPLETE,Shared/SourceLibraries/cr_hum_body_60/library.json,Shared/SourceLibraries/index.html,7,ENTRY_ID is the zero-based archive table ordinal
E:\cultures\vanilla-data\DataX\Libs\data0001.lib,1775,data\engine2d\bin\bobs\ls_caves.bmd,81042126,633456,BMD,Source libraries,lib:ls_caves,SOURCE_COMPLETE,Shared/SourceLibraries/ls_caves/library.json,Shared/SourceLibraries/index.html,6,ENTRY_ID is the zero-based archive table ordinal
E:\cultures\vanilla-data\DataX\Libs\data0001.lib,1776,data\engine2d\bin\bobs\ls_snake.bmd,115710705,74842,BMD,Source libraries,lib:ls_snake,SOURCE_COMPLETE,Shared/SourceLibraries/ls_snake/library.json,Shared/SourceLibraries/index.html,2,ENTRY_ID is the zero-based archive table ordinal
E:\cultures\vanilla-data\DataX\Libs\data0001.lib,1777,data\engine2d\bin\palettes\landscapes\reed02.pcx,132813598,901,PCX,Palettes,img:1777,PIXEL_CONFIRMED,Metadata/Palettes/landscapes/reed02.png,Metadata/Palettes/index.html,1,ENTRY_ID is the zero-based archive table ordinal
E:\cultures\vanilla-data\DataX\Libs\data0001.lib,1778,data\engine2d\bin\sounds\ambient\ice_cracking1.wav,139256360,82750,WAV,Audio,aud:1778,SOURCE_COMPLETE,Audio/ambient/ice_cracking1.wav,Audio/index.html,1,ENTRY_ID is the zero-based archive table ordinal
E:\cultures\vanilla-data\DataX\Libs\data0001.lib,1779,data\engine2d\bin\sounds\generic\human_sneeze c 01.wav,152697118,16386,WAV,Audio,aud:1779,SOURCE_COMPLETE,Audio/generic/human_sneeze c 01.wav,Audio/index.html,1,ENTRY_ID is the zero-based archive table ordinal
E:\cultures\vanilla-data\DataX\Libs\data0001.lib,1780,data\engine2d\bin\sounds\static\hit m 09.wav,181567686,10264,WAV,Audio,aud:1780,SOURCE_COMPLETE,Audio/static/hit m 09.wav,Audio/index.html,1,ENTRY_ID is the zero-based archive table ordinal
E:\cultures\vanilla-data\DataX\Libs\data0001.lib,1781,data\engine2d\bin\textures\tran_mud.pcx,192308165,41590,PCX,Images,img:1781,PIXEL_CONFIRMED,Terrain/Textures/tran_mud.png,Terrain/Textures/index.html,3,ENTRY_ID is the zero-based archive table ordinal
E:\cultures\vanilla-data\DataX\Libs\data0001.lib,1782,data\maps\campaign_03_06_sub2\map.dat,220441634,137712,DAT,Native documents,doc:1782,SOURCE_COMPLETE,Metadata/Sources/Raw/data/maps/campaign_03_06_sub2/map.dat,Metadata/Sources/index.html,1,ENTRY_ID is the zero-based archive table ordinal
E:\cultures\vanilla-data\DataX\Libs\data0001.lib,1783,data\maps\multiplayer_205_special_cap-the-cow\text\eng\briefings\fonts\font12.fnt,235310835,17840,FNT,Fonts,font:1783,SOURCE_COMPLETE,,UI/Fonts/index.html,1,ENTRY_ID is the zero-based archive table ordinal
E:\cultures\vanilla-data\DataX\Libs\data0001.lib,1784,data\maps\singleplayer_03_03\text\eng\briefings\palettes\pal_white.bmp,239723253,65078,BMP,Images,img:1784,SOURCE_COMPLETE,UI/Maps/singleplayer_03_03/text_eng_briefings_palettes/pal_white.png,UI/Images/index.html,1,ENTRY_ID is the zero-based archive table ordinal
E:\cultures\vanilla-data\DataX\Libs\data0001.lib,1785,data\maps\tutorial_002\text\eng\briefings\fonts\font12.fnt,246286221,17840,FNT,Fonts,font:1785,SOURCE_COMPLETE,,UI/Fonts/index.html,1,ENTRY_ID is the zero-based archive table ordinal
E:\cultures\vanilla-data\DataX\Libs\data0001.lib,1786,data\maps\tutorial_004\text\eng\briefings\fonts\font10.fnt,248107392,15083,FNT,Fonts,font:1786,SOURCE_COMPLETE,,UI/Fonts/index.html,1,ENTRY_ID is the zero-based archive table ordinal
E:\cultures\vanilla-data\DataX\Libs\data0001.lib,1787,data\edit\macromaps\shiva empty sand.cif,1169177,79068,CIF,Native definitions,cif:1787,SOURCE_COMPLETE,Metadata/Sources/CIF/data/edit/macromaps/shiva empty sand.cif.txt,Metadata/Sources/index.html,1,ENTRY_ID is the zero-based archive table ordinal
E:\cultures\vanilla-data\DataX\Libs\data0001.lib,1788,data\engine2d\bin\bobs\cr_hum_body_52.bmd,28508268,702027,BMD,Source libraries,lib:cr_hum_body_52,SOURCE_COMPLETE,Shared/SourceLibraries/cr_hum_body_52/library.json,Shared/SourceLibraries/index.html,101,ENTRY_ID is the zero-based archive table ordinal
E:\cultures\vanilla-data\DataX\Libs\data0001.lib,1789,data\engine2d\bin\bobs\cr_hum_body_61.bmd,29744777,368452,BMD,Source libraries,lib:cr_hum_body_61,SOURCE_COMPLETE,Shared/SourceLibraries/cr_hum_body_61/library.json,Shared/SourceLibraries/index.html,33,ENTRY_ID is the zero-based archive table ordinal
E:\cultures\vanilla-data\DataX\Libs\data0001.lib,1790,data\engine2d\bin\bobs\cr_hum_body_70.bmd,31590976,1213956,BMD,Source libraries,lib:cr_hum_body_70,SOURCE_COMPLETE,Shared/SourceLibraries/cr_hum_body_70/library.json,Shared/SourceLibraries/index.html,75,ENTRY_ID is the zero-based archive table ordinal
E:\cultures\vanilla-data\DataX\Libs\data0001.lib,1791,data\engine2d\bin\sounds\ambient\ice_cracking2.wav,139339110,151426,WAV,Audio,aud:1791,SOURCE_COMPLETE,Audio/ambient/ice_cracking2.wav,Audio/index.html,1,ENTRY_ID is the zero-based archive table ordinal
E:\cultures\vanilla-data\DataX\Libs\data0001.lib,1792,data\engine2d\bin\sounds\generic\human_sneeze c 02.wav,152713504,22510,WAV,Audio,aud:1792,SOURCE_COMPLETE,Audio/generic/human_sneeze c 02.wav,Audio/index.html,1,ENTRY_ID is the zero-based archive table ordinal
E:\cultures\vanilla-data\DataX\Libs\data0001.lib,1793,data\engine2d\bin\sounds\static\fisthit01.wav,180955612,8222,WAV,Audio,aud:1793,SOURCE_COMPLETE,Audio/static/fisthit01.wav,Audio/index.html,1,ENTRY_ID is the zero-based archive table ordinal
E:\cultures\vanilla-data\DataX\Libs\data0001.lib,1794,data\maps\campaign_03_03_sub1\text\eng\briefings\fonts\fonthead16bld.fnt,210548264,23016,FNT,Fonts,font:1794,SOURCE_COMPLETE,,UI/Fonts/index.html,1,ENTRY_ID is the zero-based archive table ordinal
E:\cultures\vanilla-data\DataX\Libs\data0001.lib,1795,data\maps\singleplayer_03_04\text\eng\briefings\palettes\pal_white.bmp,241010280,65078,BMP,Images,img:1795,SOURCE_COMPLETE,UI/Maps/singleplayer_03_04/text_eng_briefings_palettes/pal_white.png,UI/Images/index.html,1,ENTRY_ID is the zero-based archive table ordinal
E:\cultures\vanilla-data\DataX\Libs\data0001.lib,1796,data\maps\tutorial_003\text\eng\briefings\fonts\font12.fnt,247267556,17840,FNT,Fonts,font:1796,SOURCE_COMPLETE,,UI/Fonts/index.html,1,ENTRY_ID is the zero-based archive table ordinal
E:\cultures\vanilla-data\DataX\Libs\data0001.lib,1797,data\maps\tutorial_005\text\eng\briefings\fonts\font10.fnt,248964056,15083,FNT,Fonts,font:1797,SOURCE_COMPLETE,,UI/Fonts/index.html,1,ENTRY_ID is the zero-based archive table ordinal
E:\cultures\vanilla-data\DataX\Libs\data0001.lib,1798,data\engine2d\bin\bobs\cr_hum_body_62.bmd,30198593,398654,BMD,Source libraries,lib:cr_hum_body_62,SOURCE_COMPLETE,Shared/SourceLibraries/cr_hum_body_62/library.json,Shared/SourceLibraries/index.html,2,ENTRY_ID is the zero-based archive table ordinal
E:\cultures\vanilla-data\DataX\Libs\data0001.lib,1799,data\engine2d\bin\bobs\cr_hum_body_71.bmd,32973574,1531159,BMD,Source libraries,lib:cr_hum_body_71,SOURCE_COMPLETE,Shared/SourceLibraries/cr_hum_body_71/library.json,Shared/SourceLibraries/index.html,1,ENTRY_ID is the zero-based archive table ordinal
E:\cultures\vanilla-data\DataX\Libs\data0001.lib,1800,data\engine2d\bin\bobs\ls_gates.bmd,82152332,72642,BMD,Source libraries,lib:ls_gates,SOURCE_COMPLETE,Shared/SourceLibraries/ls_gates/library.json,Shared/SourceLibraries/index.html,4,ENTRY_ID is the zero-based archive table ordinal
E:\cultures\vanilla-data\DataX\Libs\data0001.lib,1801,data\engine2d\bin\sounds\ambient\ice_cracking3.wav,139490536,61726,WAV,Audio,aud:1801,SOURCE_COMPLETE,Audio/ambient/ice_cracking3.wav,Audio/index.html,1,ENTRY_ID is the zero-based archive table ordinal
E:\cultures\vanilla-data\DataX\Libs\data0001.lib,1802,data\engine2d\bin\sounds\generic\human_crying c 01.wav,151350464,83740,WAV,Audio,aud:1802,SOURCE_COMPLETE,Audio/generic/human_crying c 01.wav,Audio/index.html,1,ENTRY_ID is the zero-based archive table ordinal
E:\cultures\vanilla-data\DataX\Libs\data0001.lib,1803,data\engine2d\bin\sounds\static\fisthit02.wav,180963834,8222,WAV,Audio,aud:1803,SOURCE_COMPLETE,Audio/static/fisthit02.wav,Audio/index.html,1,ENTRY_ID is the zero-based archive table ordinal
E:\cultures\vanilla-data\DataX\Libs\data0001.lib,1804,data\maps\campaign_03_03_sub2\text\eng\briefings\fonts\fonthead16bld.fnt,211117817,23016,FNT,Fonts,font:1804,SOURCE_COMPLETE,,UI/Fonts/index.html,1,ENTRY_ID is the zero-based archive table ordinal
E:\cultures\vanilla-data\DataX\Libs\data0001.lib,1805,data\maps\singleplayer_03_05\text\eng\briefings\palettes\pal_white.bmp,243908700,65078,BMP,Images,img:1805,SOURCE_COMPLETE,UI/Maps/singleplayer_03_05/text_eng_briefings_palettes/pal_white.png,UI/Images/index.html,1,ENTRY_ID is the zero-based archive table ordinal
E:\cultures\vanilla-data\DataX\Libs\data0001.lib,1806,data\maps\tutorial_004\text\eng\briefings\fonts\font12.fnt,248122475,17840,FNT,Fonts,font:1806,SOURCE_COMPLETE,,UI/Fonts/index.html,1,ENTRY_ID is the zero-based archive table ordinal
E:\cultures\vanilla-data\DataX\Libs\data0001.lib,1807,data\maps\tutorial_006\text\eng\briefings\fonts\font10.fnt,250517444,15083,FNT,Fonts,font:1807,SOURCE_COMPLETE,,UI/Fonts/index.html,1,ENTRY_ID is the zero-based archive table ordinal
E:\cultures\vanilla-data\DataX\Libs\data0001.lib,1808,data\text\eng\strings\ingamegui\ingameguihumanlistwindow.cif,255200356,1130,CIF,Native definitions,cif:1808,SOURCE_COMPLETE,Metadata/Sources/CIF/data/text/eng/strings/ingamegui/ingameguihumanlistwindow.cif.txt,Metadata/Sources/index.html,1,ENTRY_ID is the zero-based archive table ordinal
E:\cultures\vanilla-data\DataX\Libs\data0001.lib,1809,data\engine2d\bin\bobs\cr_hum_body_63.bmd,30702741,394563,BMD,Source libraries,lib:cr_hum_body_63,SOURCE_COMPLETE,Shared/SourceLibraries/cr_hum_body_63/library.json,Shared/SourceLibraries/index.html,120,ENTRY_ID is the zero-based archive table ordinal
E:\cultures\vanilla-data\DataX\Libs\data0001.lib,1810,data\engine2d\bin\bobs\cr_hum_body_72.bmd,34645405,3387349,BMD,Source libraries,lib:cr_hum_body_72,SOURCE_COMPLETE,Shared/SourceLibraries/cr_hum_body_72/library.json,Shared/SourceLibraries/index.html,1,ENTRY_ID is the zero-based archive table ordinal
E:\cultures\vanilla-data\DataX\Libs\data0001.lib,1811,data\engine2d\bin\bobs\ls_shipwrecks_s.bmd,112410576,19041,BMD,Source libraries,lib:ls_shipwrecks_s,SOURCE_COMPLETE,Shared/SourceLibraries/ls_shipwrecks_s/library.json,Shared/SourceLibraries/index.html,1,ENTRY_ID is the zero-based archive table ordinal
E:\cultures\vanilla-data\DataX\Libs\data0001.lib,1812,data\engine2d\bin\sounds\ambient\ice_cracking4.wav,139552262,144418,WAV,Audio,aud:1812,UNKNOWN,Audio/ambient/ice_cracking4.wav,Audio/index.html,1,ENTRY_ID is the zero-based archive table ordinal
E:\cultures\vanilla-data\DataX\Libs\data0001.lib,1813,data\engine2d\bin\sounds\generic\human_crying c 02.wav,151434204,55166,WAV,Audio,aud:1813,SOURCE_COMPLETE,Audio/generic/human_crying c 02.wav,Audio/index.html,1,ENTRY_ID is the zero-based archive table ordinal
E:\cultures\vanilla-data\DataX\Libs\data0001.lib,1814,data\engine2d\bin\sounds\generic\human_sneeze f 01.wav,152736014,44960,WAV,Audio,aud:1814,SOURCE_COMPLETE,Audio/generic/human_sneeze f 01.wav,Audio/index.html,1,ENTRY_ID is the zero-based archive table ordinal
E:\cultures\vanilla-data\DataX\Libs\data0001.lib,1815,data\engine2d\bin\sounds\static\catapult.wav,178958402,193954,WAV,Audio,aud:1815,SOURCE_COMPLETE,Audio/static/catapult.wav,Audio/index.html,1,ENTRY_ID is the zero-based archive table ordinal
E:\cultures\vanilla-data\DataX\Libs\data0001.lib,1816,data\engine2d\bin\sounds\static\fisthit03.wav,180972056,8222,WAV,Audio,aud:1816,SOURCE_COMPLETE,Audio/static/fisthit03.wav,Audio/index.html,1,ENTRY_ID is the zero-based archive table ordinal
E:\cultures\vanilla-data\DataX\Libs\data0001.lib,1817,data\maps\campaign_03_03_sub3\text\eng\briefings\fonts\fonthead16bld.fnt,211687492,23016,FNT,Fonts,font:1817,SOURCE_COMPLETE,,UI/Fonts/index.html,1,ENTRY_ID is the zero-based archive table ordinal
E:\cultures\vanilla-data\DataX\Libs\data0001.lib,1818,data\maps\campaign_03_05_sub1\text\eng\briefings\fonts\fonthead16bld.fnt,215409740,23016,FNT,Fonts,font:1818,SOURCE_COMPLETE,,UI/Fonts/index.html,1,ENTRY_ID is the zero-based archive table ordinal
E:\cultures\vanilla-data\DataX\Libs\data0001.lib,1819,data\maps\tutorial_005\text\eng\briefings\fonts\font12.fnt,248979139,17840,FNT,Fonts,font:1819,SOURCE_COMPLETE,,UI/Fonts/index.html,1,ENTRY_ID is the zero-based archive table ordinal
E:\cultures\vanilla-data\DataX\Libs\data0001.lib,1820,data\maps\tutorial_007\text\eng\briefings\fonts\font10.fnt,251967624,15083,FNT,Fonts,font:1820,SOURCE_COMPLETE,,UI/Fonts/index.html,1,ENTRY_ID is the zero-based archive table ordinal
E:\cultures\vanilla-data\DataX\Libs\data0001.lib,1821,data\engine2d\bin\bobs\cr_hum_body_64.bmd,31169184,315786,BMD,Source libraries,lib:cr_hum_body_64,SOURCE_COMPLETE,Shared/SourceLibraries/cr_hum_body_64/library.json,Shared/SourceLibraries/index.html,7,ENTRY_ID is the zero-based archive table ordinal
E:\cultures\vanilla-data\DataX\Libs\data0001.lib,1822,data\engine2d\bin\bobs\cr_hum_body_73.bmd,38281210,1082188,BMD,Source libraries,lib:cr_hum_body_73,SOURCE_COMPLETE,Shared/SourceLibraries/cr_hum_body_73/library.json,Shared/SourceLibraries/index.html,1,ENTRY_ID is the zero-based archive table ordinal
E:\cultures\vanilla-data\DataX\Libs\data0001.lib,1823,data\engine2d\bin\sounds\ambient\ice_cracking5.wav,139696680,186464,WAV,Audio,aud:1823,UNKNOWN,Audio/ambient/ice_cracking5.wav,Audio/index.html,1,ENTRY_ID is the zero-based archive table ordinal
E:\cultures\vanilla-data\DataX\Libs\data0001.lib,1824,data\engine2d\bin\sounds\generic\human_sneeze f 02.wav,152780974,26592,WAV,Audio,aud:1824,SOURCE_COMPLETE,Audio/generic/human_sneeze f 02.wav,Audio/index.html,1,ENTRY_ID is the zero-based archive table ordinal
E:\cultures\vanilla-data\DataX\Libs\data0001.lib,1825,data\engine2d\bin\sounds\static\fisthit04.wav,180980278,12304,WAV,Audio,aud:1825,UNKNOWN,Audio/static/fisthit04.wav,Audio/index.html,1,ENTRY_ID is the zero-based archive table ordinal
E:\cultures\vanilla-data\DataX\Libs\data0001.lib,1826,data\engine2d\inis\animals\sounds.cif,192911509,3741,CIF,Native definitions,cif:1826,SOURCE_COMPLETE,Metadata/Sources/CIF/data/engine2d/inis/animals/sounds.cif.txt,Metadata/Sources/index.html,1,ENTRY_ID is the zero-based archive table ordinal
E:\cultures\vanilla-data\DataX\Libs\data0001.lib,1827,data\maps\campaign_03_01_sub\text\eng\briefings\fonts\font10.fnt,205164109,15083,FNT,Fonts,font:1827,SOURCE_COMPLETE,,UI/Fonts/index.html,1,ENTRY_ID is the zero-based archive table ordinal
E:\cultures\vanilla-data\DataX\Libs\data0001.lib,1828,data\maps\campaign_03_05_sub2\text\eng\briefings\fonts\fonthead16bld.fnt,216103942,23016,FNT,Fonts,font:1828,SOURCE_COMPLETE,,UI/Fonts/index.html,1,ENTRY_ID is the zero-based archive table ordinal
E:\cultures\vanilla-data\DataX\Libs\data0001.lib,1829,data\maps\campaign_03_06_sub1\text\eng\briefings\fonts\fonthead16bld.fnt,219442607,23016,FNT,Fonts,font:1829,SOURCE_COMPLETE,,UI/Fonts/index.html,1,ENTRY_ID is the zero-based archive table ordinal
E:\cultures\vanilla-data\DataX\Libs\data0001.lib,1830,data\maps\tutorial_006\text\eng\briefings\fonts\font12.fnt,250532527,17840,FNT,Fonts,font:1830,SOURCE_COMPLETE,,UI/Fonts/index.html,1,ENTRY_ID is the zero-based archive table ordinal
E:\cultures\vanilla-data\DataX\Libs\data0001.lib,1831,data\text\eng\hypertext\history\graphics\01_00.pcx,253512760,95343,PCX,Images,img:1831,PIXEL_CONFIRMED,UI/Hypertext/history_graphics/01_00.png,UI/Images/index.html,1,ENTRY_ID is the zero-based archive table ordinal
E:\cultures\vanilla-data\DataX\Libs\data0001.lib,1832,data\text\eng\hypertext\history\graphics\5-1-00.pcx,254269722,137731,PCX,Images,img:1832,PIXEL_CONFIRMED,UI/Hypertext/history_graphics/5-1-00.png,UI/Images/index.html,1,ENTRY_ID is the zero-based archive table ordinal
E:\cultures\vanilla-data\DataX\Libs\data0001.lib,1833,data\edit\macromaps\lava000.cif,251605,3693,CIF,Native definitions,cif:1833,SOURCE_COMPLETE,Metadata/Sources/CIF/data/edit/macromaps/lava000.cif.txt,Metadata/Sources/index.html,1,ENTRY_ID is the zero-based archive table ordinal
E:\cultures\vanilla-data\DataX\Libs\data0001.lib,1834,data\engine2d\bin\bobs\cr_hum_body_74.bmd,39397784,85880,BMD,Source libraries,lib:cr_hum_body_74,SOURCE_COMPLETE,Shared/SourceLibraries/cr_hum_body_74/library.json,Shared/SourceLibraries/index.html,97,ENTRY_ID is the zero-based archive table ordinal
E:\cultures\vanilla-data\DataX\Libs\data0001.lib,1835,data\engine2d\bin\bobs\ls_chest.bmd,81693355,13704,BMD,Source libraries,lib:ls_chest,SOURCE_COMPLETE,Shared/SourceLibraries/ls_chest/library.json,Shared/SourceLibraries/index.html,7,ENTRY_ID is the zero-based archive table ordinal
E:\cultures\vanilla-data\DataX\Libs\data0001.lib,1836,data\engine2d\bin\bobs\ls_houses_beduines_s.bmd,90236503,5886,BMD,Source libraries,lib:ls_houses_beduines_s,SOURCE_COMPLETE,Shared/SourceLibraries/ls_houses_beduines_s/library.json,Shared/SourceLibraries/index.html,6,ENTRY_ID is the zero-based archive table ordinal
E:\cultures\vanilla-data\DataX\Libs\data0001.lib,1837,data\engine2d\bin\sounds\ambient\ice_cracking6.wav,139883144,86954,WAV,Audio,aud:1837,UNKNOWN,Audio/ambient/ice_cracking6.wav,Audio/index.html,1,ENTRY_ID is the zero-based archive table ordinal
E:\cultures\vanilla-data\DataX\Libs\data0001.lib,1838,data\engine2d\bin\sounds\static\fireloop.wav,179985492,177626,WAV,Audio,aud:1838,SOURCE_COMPLETE,Audio/static/fireloop.wav,Audio/index.html,1,ENTRY_ID is the zero-based archive table ordinal
E:\cultures\vanilla-data\DataX\Libs\data0001.lib,1839,data\engine2d\bin\sounds\static\fisthit05.wav,180992582,14346,WAV,Audio,aud:1839,SOURCE_COMPLETE,Audio/static/fisthit05.wav,Audio/index.html,1,ENTRY_ID is the zero-based archive table ordinal
E:\cultures\vanilla-data\DataX\Libs\data0001.lib,1840,data\gui\fonts\font10.fnt,196199206,29172,FNT,Fonts,font:1840,SOURCE_COMPLETE,UI/Fonts/gui_fonts/font10__index_data.png,UI/Fonts/index.html,1,ENTRY_ID is the zero-based archive table ordinal
E:\cultures\vanilla-data\DataX\Libs\data0001.lib,1841,data\maps\campaign_03_02_sub\text\eng\briefings\fonts\font10.fnt,208017202,15083,FNT,Fonts,font:1841,SOURCE_COMPLETE,,UI/Fonts/index.html,1,ENTRY_ID is the zero-based archive table ordinal
E:\cultures\vanilla-data\DataX\Libs\data0001.lib,1842,data\maps\campaign_03_06_sub2\text\eng\briefings\fonts\fonthead16bld.fnt,220024841,23016,FNT,Fonts,font:1842,SOURCE_COMPLETE,,UI/Fonts/index.html,1,ENTRY_ID is the zero-based archive table ordinal
E:\cultures\vanilla-data\DataX\Libs\data0001.lib,1843,data\maps\multiplayer_202_special_millitär\text\eng\strings.cif,230659012,1126,CIF,Native definitions,cif:1843,SOURCE_COMPLETE,Metadata/Sources/CIF/data/maps/multiplayer_202_special_millitär/text/eng/strings.cif.txt,Metadata/Sources/index.html,1,ENTRY_ID is the zero-based archive table ordinal
E:\cultures\vanilla-data\DataX\Libs\data0001.lib,1844,data\maps\singleplayer_03_01\text\eng\briefings\palettes\font_dark.pcx,236607698,125239,PCX,Images,img:1844,PIXEL_CONFIRMED,UI/Maps/singleplayer_03_01/text_eng_briefings_palettes/font_dark.png,UI/Images/index.html,1,ENTRY_ID is the zero-based archive table ordinal
E:\cultures\vanilla-data\DataX\Libs\data0001.lib,1845,data\maps\singleplayer_03_01-sub1\text\eng\briefings\briefings.txt,237925215,1388,TXT,Native documents,doc:1845,SOURCE_COMPLETE,Metadata/Sources/Raw/data/maps/singleplayer_03_01-sub1/text/eng/briefings/briefings.txt,Metadata/Sources/index.html,1,ENTRY_ID is the zero-based archive table ordinal
E:\cultures\vanilla-data\DataX\Libs\data0001.lib,1846,data\maps\tutorial_007\text\eng\briefings\fonts\font12.fnt,251982707,17840,FNT,Fonts,font:1846,SOURCE_COMPLETE,,UI/Fonts/index.html,1,ENTRY_ID is the zero-based archive table ordinal
E:\cultures\vanilla-data\DataX\Libs\data0001.lib,1847,data\text\eng\hypertext\history\graphics\01_01.pcx,253608103,47186,PCX,Images,img:1847,PIXEL_CONFIRMED,UI/Hypertext/history_graphics/01_01.png,UI/Images/index.html,1,ENTRY_ID is the zero-based archive table ordinal
E:\cultures\vanilla-data\DataX\Libs\data0001.lib,1848,data\engine2d\bin\bobs\cr_hum_body_75.bmd,39483700,2734640,BMD,Source libraries,lib:cr_hum_body_75,SOURCE_COMPLETE,Shared/SourceLibraries/cr_hum_body_75/library.json,Shared/SourceLibraries/index.html,543,ENTRY_ID is the zero-based archive table ordinal
E:\cultures\vanilla-data\DataX\Libs\data0001.lib,1849,data\maps\campaign_03_01_sub\text\eng\briefings\fonts\font12.fnt,205179192,17840,FNT,Fonts,font:1849,SOURCE_COMPLETE,,UI/Fonts/index.html,1,ENTRY_ID is the zero-based archive table ordinal
E:\cultures\vanilla-data\DataX\Libs\data0001.lib,1850,data\maps\singleplayer_03_02\text\eng\briefings\palettes\font_dark.pcx,238435021,125239,PCX,Images,img:1850,PIXEL_CONFIRMED,UI/Maps/singleplayer_03_02/text_eng_briefings_palettes/font_dark.png,UI/Images/index.html,1,ENTRY_ID is the zero-based archive table ordinal
E:\cultures\vanilla-data\DataX\Libs\data0001.lib,1851,data\text\eng\hypertext\history\graphics\02_01.pcx,253655289,117317,PCX,Images,img:1851,PIXEL_CONFIRMED,UI/Hypertext/history_graphics/02_01.png,UI/Images/index.html,1,ENTRY_ID is the zero-based archive table ordinal
E:\cultures\vanilla-data\DataX\Libs\data0001.lib,1852,data\text\eng\hypertext\history\graphics\6-1-01.pcx,254407453,116936,PCX,Images,img:1852,PIXEL_CONFIRMED,UI/Hypertext/history_graphics/6-1-01.png,UI/Images/index.html,1,ENTRY_ID is the zero-based archive table ordinal
E:\cultures\vanilla-data\DataX\Libs\data0001.lib,1853,data\gui\fonts\font12.fnt,196228378,29310,FNT,Fonts,font:1853,SOURCE_COMPLETE,UI/Fonts/gui_fonts/font12__index_data.png,UI/Fonts/index.html,1,ENTRY_ID is the zero-based archive table ordinal
E:\cultures\vanilla-data\DataX\Libs\data0001.lib,1854,data\maps\campaign_03_02_sub\text\eng\briefings\fonts\font12.fnt,208032285,17840,FNT,Fonts,font:1854,SOURCE_COMPLETE,,UI/Fonts/index.html,1,ENTRY_ID is the zero-based archive table ordinal
E:\cultures\vanilla-data\DataX\Libs\data0001.lib,1855,data\maps\singleplayer_03_03\text\eng\briefings\palettes\font_dark.pcx,239598014,125239,PCX,Images,img:1855,PIXEL_CONFIRMED,UI/Maps/singleplayer_03_03/text_eng_briefings_palettes/font_dark.png,UI/Images/index.html,1,ENTRY_ID is the zero-based archive table ordinal
E:\cultures\vanilla-data\DataX\Libs\data0001.lib,1856,data\text\eng\hypertext\history\graphics\03_01.pcx,253772606,112782,PCX,Images,img:1856,PIXEL_CONFIRMED,UI/Hypertext/history_graphics/03_01.png,UI/Images/index.html,1,ENTRY_ID is the zero-based archive table ordinal
E:\cultures\vanilla-data\DataX\Libs\data0001.lib,1857,data\engine2d\bin\bobs\cr_hum_body_77.bmd,42332062,763269,BMD,Source libraries,lib:cr_hum_body_77,SOURCE_COMPLETE,Shared/SourceLibraries/cr_hum_body_77/library.json,Shared/SourceLibraries/index.html,20,ENTRY_ID is the zero-based archive table ordinal
E:\cultures\vanilla-data\DataX\Libs\data0001.lib,1858,data\engine2d\bin\sounds\ambient\mysticcircle.wav,141145832,416422,WAV,Audio,aud:1858,UNKNOWN,Audio/ambient/mysticcircle.wav,Audio/index.html,1,ENTRY_ID is the zero-based archive table ordinal
E:\cultures\vanilla-data\DataX\Libs\data0001.lib,1859,data\maps\singleplayer_03_04\text\eng\briefings\palettes\font_dark.pcx,240885041,125239,PCX,Images,img:1859,PIXEL_CONFIRMED,UI/Maps/singleplayer_03_04/text_eng_briefings_palettes/font_dark.png,UI/Images/index.html,1,ENTRY_ID is the zero-based archive table ordinal
E:\cultures\vanilla-data\DataX\Libs\data0001.lib,1860,data\text\eng\hypertext\credits\palettes\font_white.pcx,253328695,125239,PCX,Images,img:1860,PIXEL_CONFIRMED,UI/Hypertext/credits_palettes/font_white.png,UI/Images/index.html,1,ENTRY_ID is the zero-based archive table ordinal
E:\cultures\vanilla-data\DataX\Libs\data0001.lib,1861,data\text\eng\hypertext\history\graphics\04_01.pcx,253885388,76080,PCX,Images,img:1861,PIXEL_CONFIRMED,UI/Hypertext/history_graphics/04_01.png,UI/Images/index.html,1,ENTRY_ID is the zero-based archive table ordinal
E:\cultures\vanilla-data\DataX\Libs\data0001.lib,1862,data\engine2d\bin\bobs\cr_hum_body_78.bmd,43095367,450360,BMD,Source libraries,lib:cr_hum_body_78,SOURCE_COMPLETE,Shared/SourceLibraries/cr_hum_body_78/library.json,Shared/SourceLibraries/index.html,56,ENTRY_ID is the zero-based archive table ordinal
E:\cultures\vanilla-data\DataX\Libs\data0001.lib,1863,data\engine2d\bin\bobs\ls_houses_vehicles_s.bmd,102588589,2153,BMD,Source libraries,lib:ls_houses_vehicles_s,SOURCE_COMPLETE,Shared/SourceLibraries/ls_houses_vehicles_s/library.json,Shared/SourceLibraries/index.html,4,ENTRY_ID is the zero-based archive table ordinal
E:\cultures\vanilla-data\DataX\Libs\data0001.lib,1864,data\maps\singleplayer_03_05\text\eng\briefings\palettes\font_dark.pcx,243783461,125239,PCX,Images,img:1864,PIXEL_CONFIRMED,UI/Maps/singleplayer_03_05/text_eng_briefings_palettes/font_dark.png,UI/Images/index.html,1,ENTRY_ID is the zero-based archive table ordinal
E:\cultures\vanilla-data\DataX\Libs\data0001.lib,1865,data\text\eng\hypertext\history\graphics\05_01.pcx,253961468,68404,PCX,Images,img:1865,PIXEL_CONFIRMED,UI/Hypertext/history_graphics/05_01.png,UI/Images/index.html,1,ENTRY_ID is the zero-based archive table ordinal
E:\cultures\vanilla-data\DataX\Libs\data0001.lib,1866,data\engine2d\bin\bobs\cr_hum_body_79.bmd,43545727,448894,BMD,Source libraries,lib:cr_hum_body_79,SOURCE_COMPLETE,Shared/SourceLibraries/cr_hum_body_79/library.json,Shared/SourceLibraries/index.html,34,ENTRY_ID is the zero-based archive table ordinal
E:\cultures\vanilla-data\DataX\Libs\data0001.lib,1867,data\engine2d\bin\bobs\ls_goods.bmd,88891113,200138,BMD,Source libraries,lib:ls_goods,SOURCE_COMPLETE,Shared/SourceLibraries/ls_goods/library.json,Shared/SourceLibraries/index.html,75,ENTRY_ID is the zero-based archive table ordinal
E:\cultures\vanilla-data\DataX\Libs\data0001.lib,1868,data\engine2d\bin\palettes\landscapes\fern01.pcx,132787461,901,PCX,Palettes,img:1868,PIXEL_CONFIRMED,Metadata/Palettes/landscapes/fern01.png,Metadata/Palettes/index.html,1,ENTRY_ID is the zero-based archive table ordinal
E:\cultures\vanilla-data\DataX\Libs\data0001.lib,1869,data\engine2d\bin\sounds\generic\human_sneeze m 01.wav,152807566,38838,WAV,Audio,aud:1869,SOURCE_COMPLETE,Audio/generic/human_sneeze m 01.wav,Audio/index.html,1,ENTRY_ID is the zero-based archive table ordinal
E:\cultures\vanilla-data\DataX\Libs\data0001.lib,1870,data\text\eng\hypertext\history\graphics\06_01.pcx,254029872,71205,PCX,Images,img:1870,PIXEL_CONFIRMED,UI/Hypertext/history_graphics/06_01.png,UI/Images/index.html,1,ENTRY_ID is the zero-based archive table ordinal
E:\cultures\vanilla-data\DataX\Libs\data0001.lib,1871,data\engine2d\bin\palettes\landscapes\fern02.pcx,132788362,901,PCX,Palettes,img:1871,PIXEL_CONFIRMED,Metadata/Palettes/landscapes/fern02.png,Metadata/Palettes/index.html,1,ENTRY_ID is the zero-based archive table ordinal
E:\cultures\vanilla-data\DataX\Libs\data0001.lib,1872,data\engine2d\bin\sounds\generic\human_sneeze m 02.wav,152846404,30672,WAV,Audio,aud:1872,SOURCE_COMPLETE,Audio/generic/human_sneeze m 02.wav,Audio/index.html,1,ENTRY_ID is the zero-based archive table ordinal
E:\cultures\vanilla-data\DataX\Libs\data0001.lib,1873,data\engine2d\inis\particel\particeleffects.cif,195251887,951,CIF,Native definitions,cif:1873,SOURCE_COMPLETE,Metadata/Sources/CIF/data/engine2d/inis/particel/particeleffects.cif.txt,Metadata/Sources/index.html,1,ENTRY_ID is the zero-based archive table ordinal
E:\cultures\vanilla-data\DataX\Libs\data0001.lib,1874,data\maps\campaign_03_03_sub1\text\eng\briefings\palettes\pal_white.bmp,210883168,65078,BMP,Images,img:1874,SOURCE_COMPLETE,UI/Maps/campaign_03_03_sub1/text_eng_briefings_palettes/pal_white.png,UI/Images/index.html,1,ENTRY_ID is the zero-based archive table ordinal
E:\cultures\vanilla-data\DataX\Libs\data0001.lib,1875,data\text\eng\hypertext\history\graphics\07_01.pcx,254101077,90234,PCX,Images,img:1875,PIXEL_CONFIRMED,UI/Hypertext/history_graphics/07_01.png,UI/Images/index.html,1,ENTRY_ID is the zero-based archive table ordinal
E:\cultures\vanilla-data\DataX\Libs\data0001.lib,1876,data\engine2d\bin\sounds\generic\human_sneeze m 03.wav,152877076,24550,WAV,Audio,aud:1876,SOURCE_COMPLETE,Audio/generic/human_sneeze m 03.wav,Audio/index.html,1,ENTRY_ID is the zero-based archive table ordinal
E:\cultures\vanilla-data\DataX\Libs\data0001.lib,1877,data\gui\fonts\font08.fnt,196177904,21302,FNT,Fonts,font:1877,SOURCE_COMPLETE,UI/Fonts/gui_fonts/font08__index_data.png,UI/Fonts/index.html,1,ENTRY_ID is the zero-based archive table ordinal
E:\cultures\vanilla-data\DataX\Libs\data0001.lib,1878,data\logic\tribetypes\tribetypes.cif,202314762,175456,CIF,Native definitions,cif:1878,SOURCE_COMPLETE,Metadata/Sources/CIF/data/logic/tribetypes/tribetypes.cif.txt,Metadata/Sources/index.html,1,ENTRY_ID is the zero-based archive table ordinal
E:\cultures\vanilla-data\DataX\Libs\data0001.lib,1879,data\maps\campaign_03_03_sub2\text\eng\briefings\palettes\pal_white.bmp,211452721,65078,BMP,Images,img:1879,SOURCE_COMPLETE,UI/Maps/campaign_03_03_sub2/text_eng_briefings_palettes/pal_white.png,UI/Images/index.html,1,ENTRY_ID is the zero-based archive table ordinal
E:\cultures\vanilla-data\DataX\Libs\data0001.lib,1880,data\maps\multiplayer_204_special_cap-the-flag\map.cif,233767571,84741,CIF,Native definitions,cif:1880,SOURCE_COMPLETE,Metadata/Sources/CIF/data/maps/multiplayer_204_special_cap-the-flag/map.cif.txt,Metadata/Sources/index.html,1,ENTRY_ID is the zero-based archive table ordinal
E:\cultures\vanilla-data\DataX\Libs\data0001.lib,1881,data\maps\singleplayer_03_01-sub1\text\eng\briefings\graphics\08_01.pcx,237394563,78411,PCX,Images,img:1881,PIXEL_CONFIRMED,UI/Maps/singleplayer_03_01-sub1/text_eng_briefings_graphics/08_01.png,UI/Images/index.html,1,ENTRY_ID is the zero-based archive table ordinal
E:\cultures\vanilla-data\DataX\Libs\data0001.lib,1882,data\text\eng\hypertext\history\graphics\08_01.pcx,254191311,78411,PCX,Images,img:1882,PIXEL_CONFIRMED,UI/Hypertext/history_graphics/08_01.png,UI/Images/index.html,1,ENTRY_ID is the zero-based archive table ordinal
E:\cultures\vanilla-data\DataX\Libs\data0001.lib,1883,data\engine2d\bin\bobs\ls_houses_egypt.bmd,95458132,1181712,BMD,Source libraries,lib:ls_houses_egypt,SOURCE_COMPLETE,Shared/SourceLibraries/ls_houses_egypt/library.json,Shared/SourceLibraries/index.html,10,ENTRY_ID is the zero-based archive table ordinal
E:\cultures\vanilla-data\DataX\Libs\data0001.lib,1884,data\engine2d\bin\bobs\ls_smoke.bmd,112454685,3256020,BMD,Source libraries,lib:ls_smoke,SOURCE_COMPLETE,Shared/SourceLibraries/ls_smoke/library.json,Shared/SourceLibraries/index.html,44,ENTRY_ID is the zero-based archive table ordinal
E:\cultures\vanilla-data\DataX\Libs\data0001.lib,1885,data\engine2d\bin\textures\tran_concrete.pcx,191552424,59416,PCX,Images,img:1885,PIXEL_CONFIRMED,Terrain/Textures/tran_concrete.png,Terrain/Textures/index.html,3,ENTRY_ID is the zero-based archive table ordinal
E:\cultures\vanilla-data\DataX\Libs\data0001.lib,1886,data\maps\campaign_03_03_sub3\text\eng\briefings\palettes\pal_white.bmp,212022396,65078,BMP,Images,img:1886,SOURCE_COMPLETE,UI/Maps/campaign_03_03_sub3/text_eng_briefings_palettes/pal_white.png,UI/Images/index.html,1,ENTRY_ID is the zero-based archive table ordinal
E:\cultures\vanilla-data\DataX\Libs\data0001.lib,1887,data\maps\campaign_03_05_sub1\text\eng\briefings\palettes\pal_white.bmp,215652103,65078,BMP,Images,img:1887,SOURCE_COMPLETE,UI/Maps/campaign_03_05_sub1/text_eng_briefings_palettes/pal_white.png,UI/Images/index.html,1,ENTRY_ID is the zero-based archive table ordinal
E:\cultures\vanilla-data\DataX\Libs\data0001.lib,1888,data\maps\singleplayer_03_01-sub1\text\eng\briefings\graphics\08_02.pcx,237472974,74852,PCX,Images,img:1888,PIXEL_CONFIRMED,UI/Maps/singleplayer_03_01-sub1/text_eng_briefings_graphics/08_02.png,UI/Images/index.html,1,ENTRY_ID is the zero-based archive table ordinal
E:\cultures\vanilla-data\DataX\Libs\data0001.lib,1889,data\text\eng\strings\ingamegui\ingameguivehiclewindow.cif,255223323,950,CIF,Native definitions,cif:1889,SOURCE_COMPLETE,Metadata/Sources/CIF/data/text/eng/strings/ingamegui/ingameguivehiclewindow.cif.txt,Metadata/Sources/index.html,1,ENTRY_ID is the zero-based archive table ordinal
E:\cultures\vanilla-data\DataX\Libs\data0001.lib,1890,data\edit\macromaps\shiva woman test.cif,2378314,348317,CIF,Native definitions,cif:1890,SOURCE_COMPLETE,Metadata/Sources/CIF/data/edit/macromaps/shiva woman test.cif.txt,Metadata/Sources/index.html,1,ENTRY_ID is the zero-based archive table ordinal
E:\cultures\vanilla-data\DataX\Libs\data0001.lib,1891,data\engine2d\bin\palettes\landscapes\rock01.pcx,132814499,901,PCX,Palettes,img:1891,PIXEL_CONFIRMED,Metadata/Palettes/landscapes/rock01.png,Metadata/Palettes/index.html,1,ENTRY_ID is the zero-based archive table ordinal
E:\cultures\vanilla-data\DataX\Libs\data0001.lib,1892,data\maps\campaign_03_05_sub2\text\eng\briefings\palettes\pal_white.bmp,216346305,65078,BMP,Images,img:1892,SOURCE_COMPLETE,UI/Maps/campaign_03_05_sub2/text_eng_briefings_palettes/pal_white.png,UI/Images/index.html,1,ENTRY_ID is the zero-based archive table ordinal
E:\cultures\vanilla-data\DataX\Libs\data0001.lib,1893,data\maps\campaign_03_06_sub1\text\eng\briefings\palettes\pal_white.bmp,219777511,65078,BMP,Images,img:1893,SOURCE_COMPLETE,UI/Maps/campaign_03_06_sub1/text_eng_briefings_palettes/pal_white.png,UI/Images/index.html,1,ENTRY_ID is the zero-based archive table ordinal
E:\cultures\vanilla-data\DataX\Libs\data0001.lib,1894,data\text\eng\strings\odin\odin001.cif,255228869,752,CIF,Native definitions,cif:1894,SOURCE_COMPLETE,Metadata/Sources/CIF/data/text/eng/strings/odin/odin001.cif.txt,Metadata/Sources/index.html,1,ENTRY_ID is the zero-based archive table ordinal
E:\cultures\vanilla-data\DataX\Libs\data0001.lib,1895,data\engine2d\bin\bobs\ls_beduines_s.bmd,80660362,9700,BMD,Source libraries,lib:ls_beduines_s,SOURCE_COMPLETE,Shared/SourceLibraries/ls_beduines_s/library.json,Shared/SourceLibraries/index.html,1,ENTRY_ID is the zero-based archive table ordinal
E:\cultures\vanilla-data\DataX\Libs\data0001.lib,1896,data\engine2d\bin\palettes\landscapes\rock02.pcx,132815400,901,PCX,Palettes,img:1896,PIXEL_CONFIRMED,Metadata/Palettes/landscapes/rock02.png,Metadata/Palettes/index.html,1,ENTRY_ID is the zero-based archive table ordinal
E:\cultures\vanilla-data\DataX\Libs\data0001.lib,1897,data\engine2d\bin\palettes\landscapes\tree01.pcx,132828014,901,PCX,Palettes,img:1897,PIXEL_CONFIRMED,Metadata/Palettes/landscapes/tree01.png,Metadata/Palettes/index.html,1,ENTRY_ID is the zero-based archive table ordinal
E:\cultures\vanilla-data\DataX\Libs\data0001.lib,1898,data\engine2d\bin\sounds\ambient\owl_01.wav,141745680,36796,WAV,Audio,aud:1898,UNKNOWN,Audio/ambient/owl_01.wav,Audio/index.html,1,ENTRY_ID is the zero-based archive table ordinal
E:\cultures\vanilla-data\DataX\Libs\data0001.lib,1899,data\engine2d\bin\sounds\misc\teleporter.wav,177745074,167342,WAV,Audio,aud:1899,UNKNOWN,Audio/misc/teleporter.wav,Audio/index.html,1,ENTRY_ID is the zero-based archive table ordinal
E:\cultures\vanilla-data\DataX\Libs\data0001.lib,1900,data\engine2d\bin\sounds\static\meltiron.wav,182344256,57206,WAV,Audio,aud:1900,SOURCE_COMPLETE,Audio/static/meltiron.wav,Audio/index.html,1,ENTRY_ID is the zero-based archive table ordinal
E:\cultures\vanilla-data\DataX\Libs\data0001.lib,1901,data\maps\campaign_03_06_sub2\text\eng\briefings\palettes\pal_white.bmp,220359745,65078,BMP,Images,img:1901,SOURCE_COMPLETE,UI/Maps/campaign_03_06_sub2/text_eng_briefings_palettes/pal_white.png,UI/Images/index.html,1,ENTRY_ID is the zero-based archive table ordinal
E:\cultures\vanilla-data\DataX\Libs\data0001.lib,1902,data\edit\macromaps\desertbrown000.cif,206380,4029,CIF,Native definitions,cif:1902,SOURCE_COMPLETE,Metadata/Sources/CIF/data/edit/macromaps/desertbrown000.cif.txt,Metadata/Sources/index.html,1,ENTRY_ID is the zero-based archive table ordinal
E:\cultures\vanilla-data\DataX\Libs\data0001.lib,1903,data\edit\misc\pal.pcx,2793383,8088,PCX,Images,img:1903,PIXEL_CONFIRMED,UI/Editor/pal.png,UI/Images/index.html,1,ENTRY_ID is the zero-based archive table ordinal
E:\cultures\vanilla-data\DataX\Libs\data0001.lib,1904,data\engine2d\bin\palettes\landscapes\caves.pcx,132782956,901,PCX,Palettes,img:1904,PIXEL_CONFIRMED,Metadata/Palettes/landscapes/caves.png,Metadata/Palettes/index.html,1,ENTRY_ID is the zero-based archive table ordinal
E:\cultures\vanilla-data\DataX\Libs\data0001.lib,1905,data\engine2d\bin\palettes\landscapes\haus01.pcx,132800083,901,PCX,Palettes,img:1905,PIXEL_CONFIRMED,Metadata/Palettes/landscapes/haus01.png,Metadata/Palettes/index.html,1,ENTRY_ID is the zero-based archive table ordinal
E:\cultures\vanilla-data\DataX\Libs\data0001.lib,1906,data\engine2d\bin\palettes\landscapes\rock03.pcx,132816301,901,PCX,Palettes,img:1906,PIXEL_CONFIRMED,Metadata/Palettes/landscapes/rock03.png,Metadata/Palettes/index.html,1,ENTRY_ID is the zero-based archive table ordinal
E:\cultures\vanilla-data\DataX\Libs\data0001.lib,1907,data\engine2d\bin\palettes\landscapes\snake.pcx,132823509,901,PCX,Palettes,img:1907,PIXEL_CONFIRMED,Metadata/Palettes/landscapes/snake.png,Metadata/Palettes/index.html,1,ENTRY_ID is the zero-based archive table ordinal
E:\cultures\vanilla-data\DataX\Libs\data0001.lib,1908,data\engine2d\bin\palettes\landscapes\tree02.pcx,132828915,901,PCX,Palettes,img:1908,PIXEL_CONFIRMED,Metadata/Palettes/landscapes/tree02.png,Metadata/Palettes/index.html,1,ENTRY_ID is the zero-based archive table ordinal
E:\cultures\vanilla-data\DataX\Libs\data0001.lib,1909,data\engine2d\bin\sounds\ambient\owl_02.wav,141782476,42920,WAV,Audio,aud:1909,UNKNOWN,Audio/ambient/owl_02.wav,Audio/index.html,1,ENTRY_ID is the zero-based archive table ordinal
E:\cultures\vanilla-data\DataX\Libs\data0001.lib,1910,data\engine2d\bin\sounds\static\weresnakehit01.wav,186987480,38838,WAV,Audio,aud:1910,SOURCE_COMPLETE,Audio/static/weresnakehit01.wav,Audio/index.html,1,ENTRY_ID is the zero-based archive table ordinal
E:\cultures\vanilla-data\DataX\Libs\data0001.lib,1911,data\text\eng\hypertext\ingamehelp\keys.txt,255124436,4134,TXT,Native documents,doc:1911,SOURCE_COMPLETE,Metadata/Sources/Raw/data/text/eng/hypertext/ingamehelp/keys.txt,Metadata/Sources/index.html,1,ENTRY_ID is the zero-based archive table ordinal
E:\cultures\vanilla-data\DataX\Libs\data0001.lib,1912,data\edit\macromaps\desertstone000.cif,220261,4029,CIF,Native definitions,cif:1912,SOURCE_COMPLETE,Metadata/Sources/CIF/data/edit/macromaps/desertstone000.cif.txt,Metadata/Sources/index.html,1,ENTRY_ID is the zero-based archive table ordinal
E:\cultures\vanilla-data\DataX\Libs\data0001.lib,1913,data\engine2d\bin\bobs\ls_trees.bmd,116627698,2166208,BMD,Source libraries,lib:ls_trees,SOURCE_COMPLETE,Shared/SourceLibraries/ls_trees/library.json,Shared/SourceLibraries/index.html,178,ENTRY_ID is the zero-based archive table ordinal
E:\cultures\vanilla-data\DataX\Libs\data0001.lib,1914,data\engine2d\bin\bobs\ls_water.bmd,122220184,357364,BMD,Source libraries,lib:ls_water,SOURCE_COMPLETE,Shared/SourceLibraries/ls_water/library.json,Shared/SourceLibraries/index.html,13,ENTRY_ID is the zero-based archive table ordinal
E:\cultures\vanilla-data\DataX\Libs\data0001.lib,1915,data\engine2d\bin\palettes\landscapes\bush01.pcx,132781154,901,PCX,Palettes,img:1915,PIXEL_CONFIRMED,Metadata/Palettes/landscapes/bush01.png,Metadata/Palettes/index.html,1,ENTRY_ID is the zero-based archive table ordinal
E:\cultures\vanilla-data\DataX\Libs\data0001.lib,1916,data\engine2d\bin\palettes\landscapes\haus02.pcx,132800984,901,PCX,Palettes,img:1916,PIXEL_CONFIRMED,Metadata/Palettes/landscapes/haus02.png,Metadata/Palettes/index.html,1,ENTRY_ID is the zero-based archive table ordinal
E:\cultures\vanilla-data\DataX\Libs\data0001.lib,1917,data\engine2d\bin\palettes\landscapes\tree03.pcx,132829816,901,PCX,Palettes,img:1917,PIXEL_CONFIRMED,Metadata/Palettes/landscapes/tree03.png,Metadata/Palettes/index.html,1,ENTRY_ID is the zero-based archive table ordinal
E:\cultures\vanilla-data\DataX\Libs\data0001.lib,1918,data\engine2d\bin\sounds\static\weresnakehit02.wav,187026318,30672,WAV,Audio,aud:1918,SOURCE_COMPLETE,Audio/static/weresnakehit02.wav,Audio/index.html,1,ENTRY_ID is the zero-based archive table ordinal
E:\cultures\vanilla-data\DataX\Libs\data0001.lib,1919,data\edit\macromaps\desertstone001.cif,236332,9729,CIF,Native definitions,cif:1919,SOURCE_COMPLETE,Metadata/Sources/CIF/data/edit/macromaps/desertstone001.cif.txt,Metadata/Sources/index.html,1,ENTRY_ID is the zero-based archive table ordinal
E:\cultures\vanilla-data\DataX\Libs\data0001.lib,1920,data\engine2d\bin\palettes\landscapes\wave01.pcx,132836123,902,PCX,Palettes,img:1920,PIXEL_CONFIRMED,Metadata/Palettes/landscapes/wave01.png,Metadata/Palettes/index.html,1,ENTRY_ID is the zero-based archive table ordinal
E:\cultures\vanilla-data\DataX\Libs\data0001.lib,1921,data\engine2d\bin\sounds\generic\human_clearthroat f 01.wav,150447348,38838,WAV,Audio,aud:1921,SOURCE_COMPLETE,Audio/generic/human_clearthroat f 01.wav,Audio/index.html,1,ENTRY_ID is the zero-based archive table ordinal
E:\cultures\vanilla-data\DataX\Libs\data0001.lib,1922,data\engine2d\bin\sounds\static\weresnakehit03.wav,187056990,16386,WAV,Audio,aud:1922,SOURCE_COMPLETE,Audio/static/weresnakehit03.wav,Audio/index.html,1,ENTRY_ID is the zero-based archive table ordinal
E:\cultures\vanilla-data\DataX\Libs\data0001.lib,1923,data\maps\campaign_03_03_sub1\text\eng\briefings\palettes\font_dark.pcx,210757929,125239,PCX,Images,img:1923,PIXEL_CONFIRMED,UI/Maps/campaign_03_03_sub1/text_eng_briefings_palettes/font_dark.png,UI/Images/index.html,1,ENTRY_ID is the zero-based archive table ordinal
E:\cultures\vanilla-data\DataX\Libs\data0001.lib,1924,data\text\eng\strings\help\houseshelp.cif,255184516,9300,CIF,Native definitions,cif:1924,SOURCE_COMPLETE,Metadata/Sources/CIF/data/text/eng/strings/help/houseshelp.cif.txt,Metadata/Sources/index.html,1,ENTRY_ID is the zero-based archive table ordinal
E:\cultures\vanilla-data\DataX\Libs\data0001.lib,1925,data\engine2d\bin\bobs\ls_vehicles_s.bmd,121985192,123138,BMD,Source libraries,lib:ls_vehicles_s,SOURCE_COMPLETE,Shared/SourceLibraries/ls_vehicles_s/library.json,Shared/SourceLibraries/index.html,73,ENTRY_ID is the zero-based archive table ordinal
E:\cultures\vanilla-data\DataX\Libs\data0001.lib,1926,data\engine2d\bin\palettes\landscapes\wave02.pcx,132837025,902,PCX,Palettes,img:1926,PIXEL_CONFIRMED,Metadata/Palettes/landscapes/wave02.png,Metadata/Palettes/index.html,1,ENTRY_ID is the zero-based archive table ordinal
E:\cultures\vanilla-data\DataX\Libs\data0001.lib,1927,data\engine2d\bin\sounds\generic\human_clearthroat f 02.wav,150486186,69452,WAV,Audio,aud:1927,SOURCE_COMPLETE,Audio/generic/human_clearthroat f 02.wav,Audio/index.html,1,ENTRY_ID is the zero-based archive table ordinal
E:\cultures\vanilla-data\DataX\Libs\data0001.lib,1928,data\maps\campaign_03_03_sub2\text\eng\briefings\palettes\font_dark.pcx,211327482,125239,PCX,Images,img:1928,PIXEL_CONFIRMED,UI/Maps/campaign_03_03_sub2/text_eng_briefings_palettes/font_dark.png,UI/Images/index.html,1,ENTRY_ID is the zero-based archive table ordinal
E:\cultures\vanilla-data\DataX\Libs\data0001.lib,1929,data\maps\multiplayer_204_special_cap-the-flag\map.dat,233852312,1399291,DAT,Native documents,doc:1929,SOURCE_COMPLETE,Metadata/Sources/Raw/data/maps/multiplayer_204_special_cap-the-flag/map.dat,Metadata/Sources/index.html,1,ENTRY_ID is the zero-based archive table ordinal
E:\cultures\vanilla-data\DataX\Libs\data0001.lib,1930,data\maps\singleplayer_03_01-sub1\text\eng\strings.cif,237926603,173,CIF,Native definitions,cif:1930,SOURCE_COMPLETE,Metadata/Sources/CIF/data/maps/singleplayer_03_01-sub1/text/eng/strings.cif.txt,Metadata/Sources/index.html,1,ENTRY_ID is the zero-based archive table ordinal
E:\cultures\vanilla-data\DataX\Libs\data0001.lib,1931,data\engine2d\bin\palettes\landscapes\wave03.pcx,132837927,902,PCX,Palettes,img:1931,PIXEL_CONFIRMED,Metadata/Palettes/landscapes/wave03.png,Metadata/Palettes/index.html,1,ENTRY_ID is the zero-based archive table ordinal
E:\cultures\vanilla-data\DataX\Libs\data0001.lib,1932,data\maps\campaign_03_03_sub3\text\eng\briefings\palettes\font_dark.pcx,211897157,125239,PCX,Images,img:1932,PIXEL_CONFIRMED,UI/Maps/campaign_03_03_sub3/text_eng_briefings_palettes/font_dark.png,UI/Images/index.html,1,ENTRY_ID is the zero-based archive table ordinal
E:\cultures\vanilla-data\DataX\Libs\data0001.lib,1933,data\maps\campaign_03_05_sub1\text\eng\briefings\palettes\font_dark.pcx,215526864,125239,PCX,Images,img:1933,PIXEL_CONFIRMED,UI/Maps/campaign_03_05_sub1/text_eng_briefings_palettes/font_dark.png,UI/Images/index.html,1,ENTRY_ID is the zero-based archive table ordinal
E:\cultures\vanilla-data\DataX\Libs\data0001.lib,1934,data\maps\campaign_03_05_sub2\text\eng\briefings\palettes\font_dark.pcx,216221066,125239,PCX,Images,img:1934,PIXEL_CONFIRMED,UI/Maps/campaign_03_05_sub2/text_eng_briefings_palettes/font_dark.png,UI/Images/index.html,1,ENTRY_ID is the zero-based archive table ordinal
E:\cultures\vanilla-data\DataX\Libs\data0001.lib,1935,data\maps\campaign_03_06_sub1\text\eng\briefings\palettes\font_dark.pcx,219652272,125239,PCX,Images,img:1935,PIXEL_CONFIRMED,UI/Maps/campaign_03_06_sub1/text_eng_briefings_palettes/font_dark.png,UI/Images/index.html,1,ENTRY_ID is the zero-based archive table ordinal
E:\cultures\vanilla-data\DataX\Libs\data0001.lib,1936,data\engine2d\bin\palettes\landscapes\tree_pear01.pcx,132834321,901,PCX,Palettes,img:1936,PIXEL_CONFIRMED,Metadata/Palettes/landscapes/tree_pear01.png,Metadata/Palettes/index.html,1,ENTRY_ID is the zero-based archive table ordinal
E:\cultures\vanilla-data\DataX\Libs\data0001.lib,1937,data\engine2d\bin\textures\tran_water_coast_a.pcx,192864730,37293,PCX,Images,img:1937,PIXEL_CONFIRMED,Terrain/Textures/tran_water_coast_a.png,Terrain/Textures/index.html,1,ENTRY_ID is the zero-based archive table ordinal
E:\cultures\vanilla-data\DataX\Libs\data0001.lib,1938,data\maps\campaign_03_06_sub2\text\eng\briefings\palettes\font_dark.pcx,220234506,125239,PCX,Images,img:1938,PIXEL_CONFIRMED,UI/Maps/campaign_03_06_sub2/text_eng_briefings_palettes/font_dark.png,UI/Images/index.html,1,ENTRY_ID is the zero-based archive table ordinal
E:\cultures\vanilla-data\DataX\Libs\data0001.lib,1939,data\edit\macromaps\shiva construction test.cif,460251,361568,CIF,Native definitions,cif:1939,SOURCE_COMPLETE,Metadata/Sources/CIF/data/edit/macromaps/shiva construction test.cif.txt,Metadata/Sources/index.html,1,ENTRY_ID is the zero-based archive table ordinal
E:\cultures\vanilla-data\DataX\Libs\data0001.lib,1940,data\maps\multiplayer_203_special_militär\map.cif,232206294,86225,CIF,Native definitions,cif:1940,SOURCE_COMPLETE,Metadata/Sources/CIF/data/maps/multiplayer_203_special_militär/map.cif.txt,Metadata/Sources/index.html,1,ENTRY_ID is the zero-based archive table ordinal
E:\cultures\vanilla-data\DataX\Libs\data0001.lib,1941,data\engine2d\bin\sounds\jingles\jingles_missionlost.wav,176283484,422544,WAV,Audio,aud:1941,SOURCE_COMPLETE,Audio/jingles/jingles_missionlost.wav,Audio/index.html,1,ENTRY_ID is the zero-based archive table ordinal
E:\cultures\vanilla-data\DataX\Libs\data0001.lib,1942,data\engine2d\bin\sounds\static\bearattack01.wav,178196642,49042,WAV,Audio,aud:1942,SOURCE_COMPLETE,Audio/static/bearattack01.wav,Audio/index.html,1,ENTRY_ID is the zero-based archive table ordinal
E:\cultures\vanilla-data\DataX\Libs\data0001.lib,1943,data\gui\bitmaps\bg_headline.pcx,196020051,83075,PCX,Images,img:1943,PIXEL_CONFIRMED,UI/Bitmaps/bg_headline.png,UI/Images/index.html,1,ENTRY_ID is the zero-based archive table ordinal
E:\cultures\vanilla-data\DataX\Libs\data0001.lib,1944,data\maps\multiplayer_204_special_cap-the-flag\text\eng\briefings\fonts\fonthead16bld.fnt,233539635,23016,FNT,Fonts,font:1944,SOURCE_COMPLETE,,UI/Fonts/index.html,1,ENTRY_ID is the zero-based archive table ordinal
E:\cultures\vanilla-data\DataX\Libs\data0001.lib,1945,data\engine2d\bin\sounds\generic\human_clearthroat m 01.wav,150555638,51084,WAV,Audio,aud:1945,SOURCE_COMPLETE,Audio/generic/human_clearthroat m 01.wav,Audio/index.html,1,ENTRY_ID is the zero-based archive table ordinal
E:\cultures\vanilla-data\DataX\Libs\data0001.lib,1946,data\maps\campaign_03_01\map.cif,203248164,77712,CIF,Native definitions,cif:1946,SOURCE_COMPLETE,Metadata/Sources/CIF/data/maps/campaign_03_01/map.cif.txt,Metadata/Sources/index.html,1,ENTRY_ID is the zero-based archive table ordinal
E:\cultures\vanilla-data\DataX\Libs\data0001.lib,1947,data\maps\multiplayer_204_special_cap-the-flag\minimap\minimap.pcx,233463220,43492,PCX,Images,img:1947,PIXEL_CONFIRMED,UI/Maps/multiplayer_204_special_cap-the-flag/minimap/minimap.png,UI/Images/index.html,1,ENTRY_ID is the zero-based archive table ordinal
E:\cultures\vanilla-data\DataX\Libs\data0001.lib,1948,data\edit\macromaps\meadowmegadark000.cif,284931,5111,CIF,Native definitions,cif:1948,SOURCE_COMPLETE,Metadata/Sources/CIF/data/edit/macromaps/meadowmegadark000.cif.txt,Metadata/Sources/index.html,1,ENTRY_ID is the zero-based archive table ordinal
E:\cultures\vanilla-data\DataX\Libs\data0001.lib,1949,data\engine2d\bin\bobs\ls_goetter2.bmd,86595230,2159722,BMD,Source libraries,lib:ls_goetter2,SOURCE_COMPLETE,Shared/SourceLibraries/ls_goetter2/library.json,Shared/SourceLibraries/index.html,24,ENTRY_ID is the zero-based archive table ordinal
E:\cultures\vanilla-data\DataX\Libs\data0001.lib,1950,data\engine2d\bin\sounds\generic\human_clearthroat m 02.wav,150606722,63330,WAV,Audio,aud:1950,SOURCE_COMPLETE,Audio/generic/human_clearthroat m 02.wav,Audio/index.html,1,ENTRY_ID is the zero-based archive table ordinal
E:\cultures\vanilla-data\DataX\Libs\data0001.lib,1951,data\maps\campaign_03_02\map.cif,206390917,73197,CIF,Native definitions,cif:1951,SOURCE_COMPLETE,Metadata/Sources/CIF/data/maps/campaign_03_02/map.cif.txt,Metadata/Sources/index.html,1,ENTRY_ID is the zero-based archive table ordinal
E:\cultures\vanilla-data\DataX\Libs\data0001.lib,1952,data\edit\macromaps\meadowmegadark001.cif,290042,9633,CIF,Native definitions,cif:1952,SOURCE_COMPLETE,Metadata/Sources/CIF/data/edit/macromaps/meadowmegadark001.cif.txt,Metadata/Sources/index.html,1,ENTRY_ID is the zero-based archive table ordinal
E:\cultures\vanilla-data\DataX\Libs\data0001.lib,1953,data\maps\campaign_03_03\map.cif,209289603,90748,CIF,Native definitions,cif:1953,SOURCE_COMPLETE,Metadata/Sources/CIF/data/maps/campaign_03_03/map.cif.txt,Metadata/Sources/index.html,1,ENTRY_ID is the zero-based archive table ordinal
E:\cultures\vanilla-data\DataX\Libs\data0001.lib,1954,data\maps\singleplayer_03_01-sub1\text\eng\briefings\graphics\people_dead_f.pcx,237641934,92541,PCX,Images,img:1954,PIXEL_CONFIRMED,UI/Maps/singleplayer_03_01-sub1/text_eng_briefings_graphics/people_dead_f.png,UI/Images/index.html,1,ENTRY_ID is the zero-based archive table ordinal
E:\cultures\vanilla-data\DataX\Libs\data0001.lib,1955,data\engine2d\bin\sounds\generic\animals_cattle01.wav,147027860,59248,WAV,Audio,aud:1955,SOURCE_COMPLETE,Audio/generic/animals_cattle01.wav,Audio/index.html,1,ENTRY_ID is the zero-based archive table ordinal
E:\cultures\vanilla-data\DataX\Libs\data0001.lib,1956,data\maps\campaign_03_04\map.cif,212802084,69342,CIF,Native definitions,cif:1956,SOURCE_COMPLETE,Metadata/Sources/CIF/data/maps/campaign_03_04/map.cif.txt,Metadata/Sources/index.html,1,ENTRY_ID is the zero-based archive table ordinal
E:\cultures\vanilla-data\DataX\Libs\data0001.lib,1957,data\engine2d\bin\bobs\ls_ruin_frank.bmd,111885831,95754,BMD,Source libraries,lib:ls_ruin_frank,SOURCE_COMPLETE,Shared/SourceLibraries/ls_ruin_frank/library.json,Shared/SourceLibraries/index.html,10,ENTRY_ID is the zero-based archive table ordinal
E:\cultures\vanilla-data\DataX\Libs\data0001.lib,1958,data\engine2d\bin\palettes\goods\goods_gold.pcx,132765836,901,PCX,Palettes,img:1958,PIXEL_CONFIRMED,Metadata/Palettes/goods/goods_gold.png,Metadata/Palettes/index.html,1,ENTRY_ID is the zero-based archive table ordinal
E:\cultures\vanilla-data\DataX\Libs\data0001.lib,1959,data\engine2d\bin\palettes\landscapes\smoke.pcx,132822608,901,PCX,Palettes,img:1959,PIXEL_CONFIRMED,Metadata/Palettes/landscapes/smoke.png,Metadata/Palettes/index.html,1,ENTRY_ID is the zero-based archive table ordinal
E:\cultures\vanilla-data\DataX\Libs\data0001.lib,1960,data\engine2d\bin\sounds\generic\animals_cattle02.wav,147087108,63330,WAV,Audio,aud:1960,SOURCE_COMPLETE,Audio/generic/animals_cattle02.wav,Audio/index.html,1,ENTRY_ID is the zero-based archive table ordinal
E:\cultures\vanilla-data\DataX\Libs\data0001.lib,1961,data\engine2d\bin\sounds\jingles\jingles_openchest.wav,177159188,193954,WAV,Audio,aud:1961,SOURCE_COMPLETE,Audio/jingles/jingles_openchest.wav,Audio/index.html,1,ENTRY_ID is the zero-based archive table ordinal
E:\cultures\vanilla-data\DataX\Libs\data0001.lib,1962,data\gui\palettes\bar_standart.pcx,202164641,901,PCX,Images,img:1962,PIXEL_CONFIRMED,UI/Palettes/bar_standart.png,UI/Images/index.html,1,ENTRY_ID is the zero-based archive table ordinal
E:\cultures\vanilla-data\DataX\Libs\data0001.lib,1963,data\maps\campaign_03_05\map.cif,213986875,62456,CIF,Native definitions,cif:1963,SOURCE_COMPLETE,Metadata/Sources/CIF/data/maps/campaign_03_05/map.cif.txt,Metadata/Sources/index.html,1,ENTRY_ID is the zero-based archive table ordinal
E:\cultures\vanilla-data\DataX\Libs\data0001.lib,1964,data\text\eng\hypertext\credits\graphics\funatics.pcx,253316083,11148,PCX,Images,img:1964,PIXEL_CONFIRMED,UI/Hypertext/credits_graphics/funatics.png,UI/Images/index.html,1,ENTRY_ID is the zero-based archive table ordinal
E:\cultures\vanilla-data\DataX\Libs\data0001.lib,1965,data\engine2d\bin\bobs\ls_stonehenge.bmd,116402341,66009,BMD,Source libraries,lib:ls_stonehenge,SOURCE_COMPLETE,Shared/SourceLibraries/ls_stonehenge/library.json,Shared/SourceLibraries/index.html,11,ENTRY_ID is the zero-based archive table ordinal
E:\cultures\vanilla-data\DataX\Libs\data0001.lib,1966,data\engine2d\bin\sounds\generic\animals_cattle03.wav,147150438,57206,WAV,Audio,aud:1966,SOURCE_COMPLETE,Audio/generic/animals_cattle03.wav,Audio/index.html,1,ENTRY_ID is the zero-based archive table ordinal
E:\cultures\vanilla-data\DataX\Libs\data0001.lib,1967,data\maps\campaign_03_06\map.cif,217515577,62138,CIF,Native definitions,cif:1967,SOURCE_COMPLETE,Metadata/Sources/CIF/data/maps/campaign_03_06/map.cif.txt,Metadata/Sources/index.html,1,ENTRY_ID is the zero-based archive table ordinal
E:\cultures\vanilla-data\DataX\Libs\data0001.lib,1968,data\maps\multiplayer_203_special_militär\map.dat,232292519,1170701,DAT,Native documents,doc:1968,SOURCE_COMPLETE,Metadata/Sources/Raw/data/maps/multiplayer_203_special_militär/map.dat,Metadata/Sources/index.html,1,ENTRY_ID is the zero-based archive table ordinal
E:\cultures\vanilla-data\DataX\Libs\data0001.lib,1969,data\engine2d\bin\palettes\goods\goods_food.pcx,132764034,901,PCX,Palettes,img:1969,PIXEL_CONFIRMED,Metadata/Palettes/goods/goods_food.png,Metadata/Palettes/index.html,1,ENTRY_ID is the zero-based archive table ordinal
E:\cultures\vanilla-data\DataX\Libs\data0001.lib,1970,data\engine2d\bin\sounds\generic\animals_cattle04.wav,147207644,73534,WAV,Audio,aud:1970,SOURCE_COMPLETE,Audio/generic/animals_cattle04.wav,Audio/index.html,1,ENTRY_ID is the zero-based archive table ordinal
E:\cultures\vanilla-data\DataX\Libs\data0001.lib,1971,data\maps\campaign_03_07\map.cif,221221796,77287,CIF,Native definitions,cif:1971,SOURCE_COMPLETE,Metadata/Sources/CIF/data/maps/campaign_03_07/map.cif.txt,Metadata/Sources/index.html,1,ENTRY_ID is the zero-based archive table ordinal
E:\cultures\vanilla-data\DataX\Libs\data0001.lib,1972,data\maps\tutorial_001\text\eng\briefings\0000.hlt,245650477,328,HLT,Native documents,doc:1972,SOURCE_COMPLETE,Metadata/Sources/Raw/data/maps/tutorial_001/text/eng/briefings/0000.hlt,Metadata/Sources/index.html,1,ENTRY_ID is the zero-based archive table ordinal
E:\cultures\vanilla-data\DataX\Libs\data0001.lib,1973,data\engine2d\bin\palettes\goods\goods_clay.pcx,132761331,901,PCX,Palettes,img:1973,PIXEL_CONFIRMED,Metadata/Palettes/goods/goods_clay.png,Metadata/Palettes/index.html,1,ENTRY_ID is the zero-based archive table ordinal
E:\cultures\vanilla-data\DataX\Libs\data0001.lib,1974,data\engine2d\bin\palettes\landscapes\haus_sepia.pcx,132806390,901,PCX,Palettes,img:1974,PIXEL_CONFIRMED,Metadata/Palettes/landscapes/haus_sepia.png,Metadata/Palettes/index.html,1,ENTRY_ID is the zero-based archive table ordinal
E:\cultures\vanilla-data\DataX\Libs\data0001.lib,1975,data\engine2d\bin\sounds\generic\animals_cattle05.wav,147281178,77616,WAV,Audio,aud:1975,SOURCE_COMPLETE,Audio/generic/animals_cattle05.wav,Audio/index.html,1,ENTRY_ID is the zero-based archive table ordinal
E:\cultures\vanilla-data\DataX\Libs\data0001.lib,1976,data\engine2d\bin\textures\tran_sand_a.pcx,192440995,54323,PCX,Images,img:1976,PIXEL_CONFIRMED,Terrain/Textures/tran_sand_a.png,Terrain/Textures/index.html,1,ENTRY_ID is the zero-based archive table ordinal
E:\cultures\vanilla-data\DataX\Libs\data0001.lib,1977,data\maps\campaign_03_01\map.dat,203325876,1838233,DAT,Native documents,doc:1977,SOURCE_COMPLETE,Metadata/Sources/Raw/data/maps/campaign_03_01/map.dat,Metadata/Sources/index.html,1,ENTRY_ID is the zero-based archive table ordinal
E:\cultures\vanilla-data\DataX\Libs\data0001.lib,1978,data\maps\campaign_03_08\map.cif,223265512,66839,CIF,Native definitions,cif:1978,SOURCE_COMPLETE,Metadata/Sources/CIF/data/maps/campaign_03_08/map.cif.txt,Metadata/Sources/index.html,1,ENTRY_ID is the zero-based archive table ordinal
E:\cultures\vanilla-data\DataX\Libs\data0001.lib,1979,data\maps\multiplayer_205_special_cap-the-cow\text\eng\briefings\0000.hlt,235542008,269,HLT,Native documents,doc:1979,SOURCE_COMPLETE,Metadata/Sources/Raw/data/maps/multiplayer_205_special_cap-the-cow/text/eng/briefings/0000.hlt,Metadata/Sources/index.html,1,ENTRY_ID is the zero-based archive table ordinal
E:\cultures\vanilla-data\DataX\Libs\data0001.lib,1980,data\maps\tutorial_001\text\eng\briefings\0001.hlt,245650805,122,HLT,Native documents,doc:1980,SOURCE_COMPLETE,Metadata/Sources/Raw/data/maps/tutorial_001/text/eng/briefings/0001.hlt,Metadata/Sources/index.html,1,ENTRY_ID is the zero-based archive table ordinal
E:\cultures\vanilla-data\DataX\Libs\data0001.lib,1981,data\maps\tutorial_001\text\eng\briefings\0010.hlt,245651955,120,HLT,Native documents,doc:1981,SOURCE_COMPLETE,Metadata/Sources/Raw/data/maps/tutorial_001/text/eng/briefings/0010.hlt,Metadata/Sources/index.html,1,ENTRY_ID is the zero-based archive table ordinal
E:\cultures\vanilla-data\DataX\Libs\data0001.lib,1982,data\maps\tutorial_001\text\eng\briefings\0100.hlt,245653638,152,HLT,Native documents,doc:1982,SOURCE_COMPLETE,Metadata/Sources/Raw/data/maps/tutorial_001/text/eng/briefings/0100.hlt,Metadata/Sources/index.html,1,ENTRY_ID is the zero-based archive table ordinal
E:\cultures\vanilla-data\DataX\Libs\data0001.lib,1983,data\maps\tutorial_002\text\eng\briefings\0000.hlt,246718450,328,HLT,Native documents,doc:1983,SOURCE_COMPLETE,Metadata/Sources/Raw/data/maps/tutorial_002/text/eng/briefings/0000.hlt,Metadata/Sources/index.html,1,ENTRY_ID is the zero-based archive table ordinal
E:\cultures\vanilla-data\DataX\Libs\data0001.lib,1984,data\engine2d\bin\sounds\ambient\beach1.wav,132983620,675630,WAV,Audio,aud:1984,UNKNOWN,Audio/ambient/beach1.wav,Audio/index.html,1,ENTRY_ID is the zero-based archive table ordinal
E:\cultures\vanilla-data\DataX\Libs\data0001.lib,1985,data\maps\campaign_03_02\map.dat,206464114,1553088,DAT,Native documents,doc:1985,SOURCE_COMPLETE,Metadata/Sources/Raw/data/maps/campaign_03_02/map.dat,Metadata/Sources/index.html,1,ENTRY_ID is the zero-based archive table ordinal
E:\cultures\vanilla-data\DataX\Libs\data0001.lib,1986,data\maps\tutorial_001\text\eng\briefings\0002.hlt,245650927,122,HLT,Native documents,doc:1986,SOURCE_COMPLETE,Metadata/Sources/Raw/data/maps/tutorial_001/text/eng/briefings/0002.hlt,Metadata/Sources/index.html,1,ENTRY_ID is the zero-based archive table ordinal
E:\cultures\vanilla-data\DataX\Libs\data0001.lib,1987,data\maps\tutorial_001\text\eng\briefings\0011.hlt,245652075,120,HLT,Native documents,doc:1987,SOURCE_COMPLETE,Metadata/Sources/Raw/data/maps/tutorial_001/text/eng/briefings/0011.hlt,Metadata/Sources/index.html,1,ENTRY_ID is the zero-based archive table ordinal
E:\cultures\vanilla-data\DataX\Libs\data0001.lib,1988,data\maps\tutorial_001\text\eng\briefings\0020.hlt,245653169,122,HLT,Native documents,doc:1988,SOURCE_COMPLETE,Metadata/Sources/Raw/data/maps/tutorial_001/text/eng/briefings/0020.hlt,Metadata/Sources/index.html,1,ENTRY_ID is the zero-based archive table ordinal
E:\cultures\vanilla-data\DataX\Libs\data0001.lib,1989,data\maps\tutorial_001\text\eng\briefings\0200.hlt,245653790,152,HLT,Native documents,doc:1989,SOURCE_COMPLETE,Metadata/Sources/Raw/data/maps/tutorial_001/text/eng/briefings/0200.hlt,Metadata/Sources/index.html,1,ENTRY_ID is the zero-based archive table ordinal
E:\cultures\vanilla-data\DataX\Libs\data0001.lib,1990,data\maps\tutorial_002\text\eng\briefings\0001.hlt,246718778,154,HLT,Native documents,doc:1990,SOURCE_COMPLETE,Metadata/Sources/Raw/data/maps/tutorial_002/text/eng/briefings/0001.hlt,Metadata/Sources/index.html,1,ENTRY_ID is the zero-based archive table ordinal
E:\cultures\vanilla-data\DataX\Libs\data0001.lib,1991,data\maps\tutorial_002\text\eng\briefings\0010.hlt,246720057,122,HLT,Native documents,doc:1991,SOURCE_COMPLETE,Metadata/Sources/Raw/data/maps/tutorial_002/text/eng/briefings/0010.hlt,Metadata/Sources/index.html,1,ENTRY_ID is the zero-based archive table ordinal
E:\cultures\vanilla-data\DataX\Libs\data0001.lib,1992,data\maps\tutorial_002\text\eng\briefings\0100.hlt,246721742,152,HLT,Native documents,doc:1992,SOURCE_COMPLETE,Metadata/Sources/Raw/data/maps/tutorial_002/text/eng/briefings/0100.hlt,Metadata/Sources/index.html,1,ENTRY_ID is the zero-based archive table ordinal
E:\cultures\vanilla-data\DataX\Libs\data0001.lib,1993,data\maps\tutorial_003\text\eng\briefings\0000.hlt,247699785,328,HLT,Native documents,doc:1993,SOURCE_COMPLETE,Metadata/Sources/Raw/data/maps/tutorial_003/text/eng/briefings/0000.hlt,Metadata/Sources/index.html,1,ENTRY_ID is the zero-based archive table ordinal
E:\cultures\vanilla-data\DataX\Libs\data0001.lib,1994,data\engine2d\bin\bobs\ls_wonders2.bmd,124975295,2675469,BMD,Source libraries,lib:ls_wonders2,SOURCE_COMPLETE,Shared/SourceLibraries/ls_wonders2/library.json,Shared/SourceLibraries/index.html,9,ENTRY_ID is the zero-based archive table ordinal
E:\cultures\vanilla-data\DataX\Libs\data0001.lib,1995,data\engine2d\bin\sounds\ambient\beach2.wav,133659250,628686,WAV,Audio,aud:1995,SOURCE_COMPLETE,Audio/ambient/beach2.wav,Audio/index.html,1,ENTRY_ID is the zero-based archive table ordinal
E:\cultures\vanilla-data\DataX\Libs\data0001.lib,1996,data\maps\campaign_03_03\map.dat,209380351,1134990,DAT,Native documents,doc:1996,SOURCE_COMPLETE,Metadata/Sources/Raw/data/maps/campaign_03_03/map.dat,Metadata/Sources/index.html,1,ENTRY_ID is the zero-based archive table ordinal
E:\cultures\vanilla-data\DataX\Libs\data0001.lib,1997,data\maps\multiplayer_204_special_cap-the-flag\text\eng\briefings\palettes\pal_white.bmp,233687890,65078,BMP,Images,img:1997,SOURCE_COMPLETE,UI/Maps/multiplayer_204_special_cap-the-flag/text_eng_briefings_palettes/pal_white.png,UI/Images/index.html,1,ENTRY_ID is the zero-based archive table ordinal
E:\cultures\vanilla-data\DataX\Libs\data0001.lib,1998,data\maps\tutorial_001\text\eng\briefings\0003.hlt,245651049,153,HLT,Native documents,doc:1998,SOURCE_COMPLETE,Metadata/Sources/Raw/data/maps/tutorial_001/text/eng/briefings/0003.hlt,Metadata/Sources/index.html,1,ENTRY_ID is the zero-based archive table ordinal
E:\cultures\vanilla-data\DataX\Libs\data0001.lib,1999,data\maps\tutorial_001\text\eng\briefings\0012.hlt,245652195,124,HLT,Native documents,doc:1999,SOURCE_COMPLETE,Metadata/Sources/Raw/data/maps/tutorial_001/text/eng/briefings/0012.hlt,Metadata/Sources/index.html,1,ENTRY_ID is the zero-based archive table ordinal
E:\cultures\vanilla-data\DataX\Libs\data0001.lib,2000,data\maps\tutorial_001\text\eng\briefings\0300.hlt,245653942,152,HLT,Native documents,doc:2000,SOURCE_COMPLETE,Metadata/Sources/Raw/data/maps/tutorial_001/text/eng/briefings/0300.hlt,Metadata/Sources/index.html,1,ENTRY_ID is the zero-based archive table ordinal
E:\cultures\vanilla-data\DataX\Libs\data0001.lib,2001,data\maps\tutorial_002\text\eng\briefings\0002.hlt,246718932,154,HLT,Native documents,doc:2001,SOURCE_COMPLETE,Metadata/Sources/Raw/data/maps/tutorial_002/text/eng/briefings/0002.hlt,Metadata/Sources/index.html,1,ENTRY_ID is the zero-based archive table ordinal
E:\cultures\vanilla-data\DataX\Libs\data0001.lib,2002,data\maps\tutorial_002\text\eng\briefings\0011.hlt,246720179,120,HLT,Native documents,doc:2002,SOURCE_COMPLETE,Metadata/Sources/Raw/data/maps/tutorial_002/text/eng/briefings/0011.hlt,Metadata/Sources/index.html,1,ENTRY_ID is the zero-based archive table ordinal
E:\cultures\vanilla-data\DataX\Libs\data0001.lib,2003,data\maps\tutorial_002\text\eng\briefings\0020.hlt,246721273,122,HLT,Native documents,doc:2003,SOURCE_COMPLETE,Metadata/Sources/Raw/data/maps/tutorial_002/text/eng/briefings/0020.hlt,Metadata/Sources/index.html,1,ENTRY_ID is the zero-based archive table ordinal
E:\cultures\vanilla-data\DataX\Libs\data0001.lib,2004,data\maps\tutorial_002\text\eng\briefings\0200.hlt,246721894,152,HLT,Native documents,doc:2004,SOURCE_COMPLETE,Metadata/Sources/Raw/data/maps/tutorial_002/text/eng/briefings/0200.hlt,Metadata/Sources/index.html,1,ENTRY_ID is the zero-based archive table ordinal
E:\cultures\vanilla-data\DataX\Libs\data0001.lib,2005,data\maps\tutorial_003\text\eng\briefings\0001.hlt,247700113,155,HLT,Native documents,doc:2005,SOURCE_COMPLETE,Metadata/Sources/Raw/data/maps/tutorial_003/text/eng/briefings/0001.hlt,Metadata/Sources/index.html,1,ENTRY_ID is the zero-based archive table ordinal
E:\cultures\vanilla-data\DataX\Libs\data0001.lib,2006,data\maps\tutorial_003\text\eng\briefings\0010.hlt,247701296,120,HLT,Native documents,doc:2006,SOURCE_COMPLETE,Metadata/Sources/Raw/data/maps/tutorial_003/text/eng/briefings/0010.hlt,Metadata/Sources/index.html,1,ENTRY_ID is the zero-based archive table ordinal
E:\cultures\vanilla-data\DataX\Libs\data0001.lib,2007,data\maps\tutorial_003\text\eng\briefings\0100.hlt,247702979,152,HLT,Native documents,doc:2007,SOURCE_COMPLETE,Metadata/Sources/Raw/data/maps/tutorial_003/text/eng/briefings/0100.hlt,Metadata/Sources/index.html,1,ENTRY_ID is the zero-based archive table ordinal
E:\cultures\vanilla-data\DataX\Libs\data0001.lib,2008,data\maps\tutorial_004\text\eng\briefings\0000.hlt,248554704,328,HLT,Native documents,doc:2008,SOURCE_COMPLETE,Metadata/Sources/Raw/data/maps/tutorial_004/text/eng/briefings/0000.hlt,Metadata/Sources/index.html,1,ENTRY_ID is the zero-based archive table ordinal
E:\cultures\vanilla-data\DataX\Libs\data0001.lib,2009,data\engine2d\bin\bobs\ls_wonders3.bmd,127653421,3621890,BMD,Source libraries,lib:ls_wonders3,SOURCE_COMPLETE,Shared/SourceLibraries/ls_wonders3/library.json,Shared/SourceLibraries/index.html,32,ENTRY_ID is the zero-based archive table ordinal
E:\cultures\vanilla-data\DataX\Libs\data0001.lib,2010,data\engine2d\bin\sounds\humantalk\latin\l01.wav,154912822,26592,WAV,Audio,aud:2010,SOURCE_COMPLETE,Audio/latin/l01.wav,Audio/index.html,1,ENTRY_ID is the zero-based archive table ordinal
E:\cultures\vanilla-data\DataX\Libs\data0001.lib,2011,data\engine2d\bin\sounds\humantalk\latin\l10.wav,155107244,20468,WAV,Audio,aud:2011,SOURCE_COMPLETE,Audio/latin/l10.wav,Audio/index.html,1,ENTRY_ID is the zero-based archive table ordinal
E:\cultures\vanilla-data\DataX\Libs\data0001.lib,2012,data\engine2d\bin\sounds\static\fisthitwoman01.wav,181006928,22510,WAV,Audio,aud:2012,SOURCE_COMPLETE,Audio/static/fisthitwoman01.wav,Audio/index.html,1,ENTRY_ID is the zero-based archive table ordinal
E:\cultures\vanilla-data\DataX\Libs\data0001.lib,2013,data\maps\campaign_03_04\map.dat,212871426,608612,DAT,Native documents,doc:2013,SOURCE_COMPLETE,Metadata/Sources/Raw/data/maps/campaign_03_04/map.dat,Metadata/Sources/index.html,1,ENTRY_ID is the zero-based archive table ordinal
E:\cultures\vanilla-data\DataX\Libs\data0001.lib,2014,data\maps\multiplayer_203_special_militär\text\eng\briefings\fonts\fonthead16bld.fnt,231989893,23016,FNT,Fonts,font:2014,SOURCE_COMPLETE,,UI/Fonts/index.html,1,ENTRY_ID is the zero-based archive table ordinal
E:\cultures\vanilla-data\DataX\Libs\data0001.lib,2015,data\maps\tutorial_001\text\eng\briefings\0004.hlt,245651202,120,HLT,Native documents,doc:2015,SOURCE_COMPLETE,Metadata/Sources/Raw/data/maps/tutorial_001/text/eng/briefings/0004.hlt,Metadata/Sources/index.html,1,ENTRY_ID is the zero-based archive table ordinal
E:\cultures\vanilla-data\DataX\Libs\data0001.lib,2016,data\maps\tutorial_001\text\eng\briefings\0013.hlt,245652319,122,HLT,Native documents,doc:2016,SOURCE_COMPLETE,Metadata/Sources/Raw/data/maps/tutorial_001/text/eng/briefings/0013.hlt,Metadata/Sources/index.html,1,ENTRY_ID is the zero-based archive table ordinal
E:\cultures\vanilla-data\DataX\Libs\data0001.lib,2017,data\maps\tutorial_002\text\eng\briefings\0003.hlt,246719086,153,HLT,Native documents,doc:2017,SOURCE_COMPLETE,Metadata/Sources/Raw/data/maps/tutorial_002/text/eng/briefings/0003.hlt,Metadata/Sources/index.html,1,ENTRY_ID is the zero-based archive table ordinal
E:\cultures\vanilla-data\DataX\Libs\data0001.lib,2018,data\maps\tutorial_002\text\eng\briefings\0012.hlt,246720299,124,HLT,Native documents,doc:2018,SOURCE_COMPLETE,Metadata/Sources/Raw/data/maps/tutorial_002/text/eng/briefings/0012.hlt,Metadata/Sources/index.html,1,ENTRY_ID is the zero-based archive table ordinal
E:\cultures\vanilla-data\DataX\Libs\data0001.lib,2019,data\maps\tutorial_002\text\eng\briefings\0300.hlt,246722046,152,HLT,Native documents,doc:2019,SOURCE_COMPLETE,Metadata/Sources/Raw/data/maps/tutorial_002/text/eng/briefings/0300.hlt,Metadata/Sources/index.html,1,ENTRY_ID is the zero-based archive table ordinal
E:\cultures\vanilla-data\DataX\Libs\data0001.lib,2020,data\maps\tutorial_003\text\eng\briefings\0002.hlt,247700268,155,HLT,Native documents,doc:2020,SOURCE_COMPLETE,Metadata/Sources/Raw/data/maps/tutorial_003/text/eng/briefings/0002.hlt,Metadata/Sources/index.html,1,ENTRY_ID is the zero-based archive table ordinal
E:\cultures\vanilla-data\DataX\Libs\data0001.lib,2021,data\maps\tutorial_003\text\eng\briefings\0011.hlt,247701416,120,HLT,Native documents,doc:2021,SOURCE_COMPLETE,Metadata/Sources/Raw/data/maps/tutorial_003/text/eng/briefings/0011.hlt,Metadata/Sources/index.html,1,ENTRY_ID is the zero-based archive table ordinal
E:\cultures\vanilla-data\DataX\Libs\data0001.lib,2022,data\maps\tutorial_003\text\eng\briefings\0020.hlt,247702510,122,HLT,Native documents,doc:2022,SOURCE_COMPLETE,Metadata/Sources/Raw/data/maps/tutorial_003/text/eng/briefings/0020.hlt,Metadata/Sources/index.html,1,ENTRY_ID is the zero-based archive table ordinal
E:\cultures\vanilla-data\DataX\Libs\data0001.lib,2023,data\maps\tutorial_003\text\eng\briefings\0200.hlt,247703131,152,HLT,Native documents,doc:2023,SOURCE_COMPLETE,Metadata/Sources/Raw/data/maps/tutorial_003/text/eng/briefings/0200.hlt,Metadata/Sources/index.html,1,ENTRY_ID is the zero-based archive table ordinal
E:\cultures\vanilla-data\DataX\Libs\data0001.lib,2024,data\maps\tutorial_004\text\eng\briefings\0001.hlt,248555032,155,HLT,Native documents,doc:2024,SOURCE_COMPLETE,Metadata/Sources/Raw/data/maps/tutorial_004/text/eng/briefings/0001.hlt,Metadata/Sources/index.html,1,ENTRY_ID is the zero-based archive table ordinal
E:\cultures\vanilla-data\DataX\Libs\data0001.lib,2025,data\maps\tutorial_004\text\eng\briefings\0010.hlt,248556215,120,HLT,Native documents,doc:2025,SOURCE_COMPLETE,Metadata/Sources/Raw/data/maps/tutorial_004/text/eng/briefings/0010.hlt,Metadata/Sources/index.html,1,ENTRY_ID is the zero-based archive table ordinal
E:\cultures\vanilla-data\DataX\Libs\data0001.lib,2026,data\maps\tutorial_004\text\eng\briefings\0100.hlt,248557898,152,HLT,Native documents,doc:2026,SOURCE_COMPLETE,Metadata/Sources/Raw/data/maps/tutorial_004/text/eng/briefings/0100.hlt,Metadata/Sources/index.html,1,ENTRY_ID is the zero-based archive table ordinal
E:\cultures\vanilla-data\DataX\Libs\data0001.lib,2027,data\maps\tutorial_005\text\eng\briefings\0000.hlt,249411368,361,HLT,Native documents,doc:2027,SOURCE_COMPLETE,Metadata/Sources/Raw/data/maps/tutorial_005/text/eng/briefings/0000.hlt,Metadata/Sources/index.html,1,ENTRY_ID is the zero-based archive table ordinal
E:\cultures\vanilla-data\DataX\Libs\data0001.lib,2028,data\engine2d\bin\sounds\generic\human_gasp f 01.wav,151503774,12304,WAV,Audio,aud:2028,SOURCE_COMPLETE,Audio/generic/human_gasp f 01.wav,Audio/index.html,1,ENTRY_ID is the zero-based archive table ordinal
E:\cultures\vanilla-data\DataX\Libs\data0001.lib,2029,data\engine2d\bin\sounds\generic\human_sigh f 01.wav,152356038,104150,WAV,Audio,aud:2029,SOURCE_COMPLETE,Audio/generic/human_sigh f 01.wav,Audio/index.html,1,ENTRY_ID is the zero-based archive table ordinal
E:\cultures\vanilla-data\DataX\Libs\data0001.lib,2030,data\engine2d\bin\sounds\humantalk\latin\l02.wav,154939414,20468,WAV,Audio,aud:2030,SOURCE_COMPLETE,Audio/latin/l02.wav,Audio/index.html,1,ENTRY_ID is the zero-based archive table ordinal
E:\cultures\vanilla-data\DataX\Libs\data0001.lib,2031,data\engine2d\bin\sounds\humantalk\latin\l11.wav,155307554,47002,WAV,Audio,aud:2031,SOURCE_COMPLETE,Audio/latin/l11.wav,Audio/index.html,1,ENTRY_ID is the zero-based archive table ordinal
E:\cultures\vanilla-data\DataX\Libs\data0001.lib,2032,data\engine2d\bin\sounds\humantalk\latin\l20.wav,155763224,53124,WAV,Audio,aud:2032,SOURCE_COMPLETE,Audio/latin/l20.wav,Audio/index.html,1,ENTRY_ID is the zero-based archive table ordinal
E:\cultures\vanilla-data\DataX\Libs\data0001.lib,2033,data\engine2d\bin\sounds\static\fisthitwoman02.wav,181029438,12304,WAV,Audio,aud:2033,SOURCE_COMPLETE,Audio/static/fisthitwoman02.wav,Audio/index.html,1,ENTRY_ID is the zero-based archive table ordinal
E:\cultures\vanilla-data\DataX\Libs\data0001.lib,2034,data\engine2d\bin\sounds\static\mason01.wav,182201272,75574,WAV,Audio,aud:2034,SOURCE_COMPLETE,Audio/static/mason01.wav,Audio/index.html,1,ENTRY_ID is the zero-based archive table ordinal
E:\cultures\vanilla-data\DataX\Libs\data0001.lib,2035,data\maps\campaign_03_05\map.dat,214049331,1327486,DAT,Native documents,doc:2035,SOURCE_COMPLETE,Metadata/Sources/Raw/data/maps/campaign_03_05/map.dat,Metadata/Sources/index.html,1,ENTRY_ID is the zero-based archive table ordinal
E:\cultures\vanilla-data\DataX\Libs\data0001.lib,2036,data\maps\multiplayer_203_special_militär\minimap\minimap.pcx,231908714,48256,PCX,Images,img:2036,PIXEL_CONFIRMED,UI/Maps/multiplayer_203_special_militär/minimap/minimap.png,UI/Images/index.html,1,ENTRY_ID is the zero-based archive table ordinal
E:\cultures\vanilla-data\DataX\Libs\data0001.lib,2037,data\maps\tutorial_001\text\eng\briefings\0005.hlt,245651322,120,HLT,Native documents,doc:2037,SOURCE_COMPLETE,Metadata/Sources/Raw/data/maps/tutorial_001/text/eng/briefings/0005.hlt,Metadata/Sources/index.html,1,ENTRY_ID is the zero-based archive table ordinal
E:\cultures\vanilla-data\DataX\Libs\data0001.lib,2038,data\maps\tutorial_001\text\eng\briefings\0014.hlt,245652441,122,HLT,Native documents,doc:2038,SOURCE_COMPLETE,Metadata/Sources/Raw/data/maps/tutorial_001/text/eng/briefings/0014.hlt,Metadata/Sources/index.html,1,ENTRY_ID is the zero-based archive table ordinal
E:\cultures\vanilla-data\DataX\Libs\data0001.lib,2039,data\maps\tutorial_001\text\eng\briefings\0050.hlt,245653291,347,HLT,Native documents,doc:2039,SOURCE_COMPLETE,Metadata/Sources/Raw/data/maps/tutorial_001/text/eng/briefings/0050.hlt,Metadata/Sources/index.html,1,ENTRY_ID is the zero-based archive table ordinal
E:\cultures\vanilla-data\DataX\Libs\data0001.lib,2040,data\maps\tutorial_002\text\eng\briefings\0004.hlt,246719239,152,HLT,Native documents,doc:2040,SOURCE_COMPLETE,Metadata/Sources/Raw/data/maps/tutorial_002/text/eng/briefings/0004.hlt,Metadata/Sources/index.html,1,ENTRY_ID is the zero-based archive table ordinal
E:\cultures\vanilla-data\DataX\Libs\data0001.lib,2041,data\maps\tutorial_002\text\eng\briefings\0013.hlt,246720423,122,HLT,Native documents,doc:2041,SOURCE_COMPLETE,Metadata/Sources/Raw/data/maps/tutorial_002/text/eng/briefings/0013.hlt,Metadata/Sources/index.html,1,ENTRY_ID is the zero-based archive table ordinal
E:\cultures\vanilla-data\DataX\Libs\data0001.lib,2042,data\maps\tutorial_003\text\eng\briefings\0003.hlt,247700423,120,HLT,Native documents,doc:2042,SOURCE_COMPLETE,Metadata/Sources/Raw/data/maps/tutorial_003/text/eng/briefings/0003.hlt,Metadata/Sources/index.html,1,ENTRY_ID is the zero-based archive table ordinal
E:\cultures\vanilla-data\DataX\Libs\data0001.lib,2043,data\maps\tutorial_003\text\eng\briefings\0012.hlt,247701536,124,HLT,Native documents,doc:2043,SOURCE_COMPLETE,Metadata/Sources/Raw/data/maps/tutorial_003/text/eng/briefings/0012.hlt,Metadata/Sources/index.html,1,ENTRY_ID is the zero-based archive table ordinal
E:\cultures\vanilla-data\DataX\Libs\data0001.lib,2044,data\maps\tutorial_003\text\eng\briefings\0300.hlt,247703283,152,HLT,Native documents,doc:2044,SOURCE_COMPLETE,Metadata/Sources/Raw/data/maps/tutorial_003/text/eng/briefings/0300.hlt,Metadata/Sources/index.html,1,ENTRY_ID is the zero-based archive table ordinal
E:\cultures\vanilla-data\DataX\Libs\data0001.lib,2045,data\maps\tutorial_004\text\eng\briefings\0002.hlt,248555187,122,HLT,Native documents,doc:2045,SOURCE_COMPLETE,Metadata/Sources/Raw/data/maps/tutorial_004/text/eng/briefings/0002.hlt,Metadata/Sources/index.html,1,ENTRY_ID is the zero-based archive table ordinal
E:\cultures\vanilla-data\DataX\Libs\data0001.lib,2046,data\maps\tutorial_004\text\eng\briefings\0011.hlt,248556335,120,HLT,Native documents,doc:2046,SOURCE_COMPLETE,Metadata/Sources/Raw/data/maps/tutorial_004/text/eng/briefings/0011.hlt,Metadata/Sources/index.html,1,ENTRY_ID is the zero-based archive table ordinal
E:\cultures\vanilla-data\DataX\Libs\data0001.lib,2047,data\maps\tutorial_004\text\eng\briefings\0020.hlt,248557429,122,HLT,Native documents,doc:2047,SOURCE_COMPLETE,Metadata/Sources/Raw/data/maps/tutorial_004/text/eng/briefings/0020.hlt,Metadata/Sources/index.html,1,ENTRY_ID is the zero-based archive table ordinal
E:\cultures\vanilla-data\DataX\Libs\data0001.lib,2048,data\maps\tutorial_004\text\eng\briefings\0200.hlt,248558050,152,HLT,Native documents,doc:2048,SOURCE_COMPLETE,Metadata/Sources/Raw/data/maps/tutorial_004/text/eng/briefings/0200.hlt,Metadata/Sources/index.html,1,ENTRY_ID is the zero-based archive table ordinal
E:\cultures\vanilla-data\DataX\Libs\data0001.lib,2049,data\maps\tutorial_005\text\eng\briefings\0001.hlt,249411729,155,HLT,Native documents,doc:2049,SOURCE_COMPLETE,Metadata/Sources/Raw/data/maps/tutorial_005/text/eng/briefings/0001.hlt,Metadata/Sources/index.html,1,ENTRY_ID is the zero-based archive table ordinal
E:\cultures\vanilla-data\DataX\Libs\data0001.lib,2050,data\maps\tutorial_005\text\eng\briefings\0010.hlt,249412947,120,HLT,Native documents,doc:2050,SOURCE_COMPLETE,Metadata/Sources/Raw/data/maps/tutorial_005/text/eng/briefings/0010.hlt,Metadata/Sources/index.html,1,ENTRY_ID is the zero-based archive table ordinal
E:\cultures\vanilla-data\DataX\Libs\data0001.lib,2051,data\maps\tutorial_005\text\eng\briefings\0100.hlt,249414628,152,HLT,Native documents,doc:2051,SOURCE_COMPLETE,Metadata/Sources/Raw/data/maps/tutorial_005/text/eng/briefings/0100.hlt,Metadata/Sources/index.html,1,ENTRY_ID is the zero-based archive table ordinal
E:\cultures\vanilla-data\DataX\Libs\data0001.lib,2052,data\maps\tutorial_006\text\eng\briefings\0000.hlt,250964756,284,HLT,Native documents,doc:2052,SOURCE_COMPLETE,Metadata/Sources/Raw/data/maps/tutorial_006/text/eng/briefings/0000.hlt,Metadata/Sources/index.html,1,ENTRY_ID is the zero-based archive table ordinal
E:\cultures\vanilla-data\DataX\Libs\data0001.lib,2053,data\engine2d\bin\sounds\generic\human_gasp f 02.wav,151516078,16386,WAV,Audio,aud:2053,SOURCE_COMPLETE,Audio/generic/human_gasp f 02.wav,Audio/index.html,1,ENTRY_ID is the zero-based archive table ordinal
E:\cultures\vanilla-data\DataX\Libs\data0001.lib,2054,data\engine2d\bin\sounds\generic\human_sigh f 02.wav,152460188,126600,WAV,Audio,aud:2054,SOURCE_COMPLETE,Audio/generic/human_sigh f 02.wav,Audio/index.html,1,ENTRY_ID is the zero-based archive table ordinal
E:\cultures\vanilla-data\DataX\Libs\data0001.lib,2055,data\engine2d\bin\sounds\humantalk\latin\l03.wav,154959882,24550,WAV,Audio,aud:2055,SOURCE_COMPLETE,Audio/latin/l03.wav,Audio/index.html,1,ENTRY_ID is the zero-based archive table ordinal
E:\cultures\vanilla-data\DataX\Libs\data0001.lib,2056,data\engine2d\bin\sounds\humantalk\latin\l12.wav,155354556,42920,WAV,Audio,aud:2056,SOURCE_COMPLETE,Audio/latin/l12.wav,Audio/index.html,1,ENTRY_ID is the zero-based archive table ordinal
E:\cultures\vanilla-data\DataX\Libs\data0001.lib,2057,data\engine2d\bin\sounds\humantalk\latin\l21.wav,155816348,59248,WAV,Audio,aud:2057,SOURCE_COMPLETE,Audio/latin/l21.wav,Audio/index.html,1,ENTRY_ID is the zero-based archive table ordinal
E:\cultures\vanilla-data\DataX\Libs\data0001.lib,2058,data\engine2d\bin\sounds\humantalk\latin\l30.wav,156341410,71494,WAV,Audio,aud:2058,SOURCE_COMPLETE,Audio/latin/l30.wav,Audio/index.html,1,ENTRY_ID is the zero-based archive table ordinal
E:\cultures\vanilla-data\DataX\Libs\data0001.lib,2059,data\engine2d\bin\sounds\static\fisthitwoman03.wav,181041742,14346,WAV,Audio,aud:2059,SOURCE_COMPLETE,Audio/static/fisthitwoman03.wav,Audio/index.html,1,ENTRY_ID is the zero-based archive table ordinal
E:\cultures\vanilla-data\DataX\Libs\data0001.lib,2060,data\engine2d\bin\sounds\static\mason02.wav,182276846,67410,WAV,Audio,aud:2060,SOURCE_COMPLETE,Audio/static/mason02.wav,Audio/index.html,1,ENTRY_ID is the zero-based archive table ordinal
E:\cultures\vanilla-data\DataX\Libs\data0001.lib,2061,data\engine2d\bin\textures\tran_desert_ad_a.pcx,191794187,52915,PCX,Images,img:2061,PIXEL_CONFIRMED,Terrain/Textures/tran_desert_ad_a.png,Terrain/Textures/index.html,1,ENTRY_ID is the zero-based archive table ordinal
E:\cultures\vanilla-data\DataX\Libs\data0001.lib,2062,data\engine2d\bin\textures\tran_mountain.pcx,192235260,62578,PCX,Images,img:2062,PIXEL_CONFIRMED,Terrain/Textures/tran_mountain.png,Terrain/Textures/index.html,3,ENTRY_ID is the zero-based archive table ordinal
E:\cultures\vanilla-data\DataX\Libs\data0001.lib,2063,data\maps\campaign_03_01\text\eng\briefings\fonts\fonthead16bld.fnt,202679190,23016,FNT,Fonts,font:2063,SOURCE_COMPLETE,,UI/Fonts/index.html,1,ENTRY_ID is the zero-based archive table ordinal
E:\cultures\vanilla-data\DataX\Libs\data0001.lib,2064,data\maps\campaign_03_06\map.dat,217577715,1831969,DAT,Native documents,doc:2064,SOURCE_COMPLETE,Metadata/Sources/Raw/data/maps/campaign_03_06/map.dat,Metadata/Sources/index.html,1,ENTRY_ID is the zero-based archive table ordinal
E:\cultures\vanilla-data\DataX\Libs\data0001.lib,2065,data\maps\tutorial_001\text\eng\briefings\0006.hlt,245651442,120,HLT,Native documents,doc:2065,SOURCE_COMPLETE,Metadata/Sources/Raw/data/maps/tutorial_001/text/eng/briefings/0006.hlt,Metadata/Sources/index.html,1,ENTRY_ID is the zero-based archive table ordinal
E:\cultures\vanilla-data\DataX\Libs\data0001.lib,2066,data\maps\tutorial_001\text\eng\briefings\0015.hlt,245652563,120,HLT,Native documents,doc:2066,SOURCE_COMPLETE,Metadata/Sources/Raw/data/maps/tutorial_001/text/eng/briefings/0015.hlt,Metadata/Sources/index.html,1,ENTRY_ID is the zero-based archive table ordinal
E:\cultures\vanilla-data\DataX\Libs\data0001.lib,2067,data\maps\tutorial_002\text\eng\briefings\0005.hlt,246719391,120,HLT,Native documents,doc:2067,SOURCE_COMPLETE,Metadata/Sources/Raw/data/maps/tutorial_002/text/eng/briefings/0005.hlt,Metadata/Sources/index.html,1,ENTRY_ID is the zero-based archive table ordinal
E:\cultures\vanilla-data\DataX\Libs\data0001.lib,2068,data\maps\tutorial_002\text\eng\briefings\0014.hlt,246720545,122,HLT,Native documents,doc:2068,SOURCE_COMPLETE,Metadata/Sources/Raw/data/maps/tutorial_002/text/eng/briefings/0014.hlt,Metadata/Sources/index.html,1,ENTRY_ID is the zero-based archive table ordinal
E:\cultures\vanilla-data\DataX\Libs\data0001.lib,2069,data\maps\tutorial_002\text\eng\briefings\0050.hlt,246721395,347,HLT,Native documents,doc:2069,SOURCE_COMPLETE,Metadata/Sources/Raw/data/maps/tutorial_002/text/eng/briefings/0050.hlt,Metadata/Sources/index.html,1,ENTRY_ID is the zero-based archive table ordinal
E:\cultures\vanilla-data\DataX\Libs\data0001.lib,2070,data\maps\tutorial_003\text\eng\briefings\0004.hlt,247700543,153,HLT,Native documents,doc:2070,SOURCE_COMPLETE,Metadata/Sources/Raw/data/maps/tutorial_003/text/eng/briefings/0004.hlt,Metadata/Sources/index.html,1,ENTRY_ID is the zero-based archive table ordinal
E:\cultures\vanilla-data\DataX\Libs\data0001.lib,2071,data\maps\tutorial_003\text\eng\briefings\0013.hlt,247701660,122,HLT,Native documents,doc:2071,SOURCE_COMPLETE,Metadata/Sources/Raw/data/maps/tutorial_003/text/eng/briefings/0013.hlt,Metadata/Sources/index.html,1,ENTRY_ID is the zero-based archive table ordinal
E:\cultures\vanilla-data\DataX\Libs\data0001.lib,2072,data\maps\tutorial_004\text\eng\briefings\0003.hlt,248555309,120,HLT,Native documents,doc:2072,SOURCE_COMPLETE,Metadata/Sources/Raw/data/maps/tutorial_004/text/eng/briefings/0003.hlt,Metadata/Sources/index.html,1,ENTRY_ID is the zero-based archive table ordinal
E:\cultures\vanilla-data\DataX\Libs\data0001.lib,2073,data\maps\tutorial_004\text\eng\briefings\0012.hlt,248556455,124,HLT,Native documents,doc:2073,SOURCE_COMPLETE,Metadata/Sources/Raw/data/maps/tutorial_004/text/eng/briefings/0012.hlt,Metadata/Sources/index.html,1,ENTRY_ID is the zero-based archive table ordinal
E:\cultures\vanilla-data\DataX\Libs\data0001.lib,2074,data\maps\tutorial_004\text\eng\briefings\0300.hlt,248558202,152,HLT,Native documents,doc:2074,SOURCE_COMPLETE,Metadata/Sources/Raw/data/maps/tutorial_004/text/eng/briefings/0300.hlt,Metadata/Sources/index.html,1,ENTRY_ID is the zero-based archive table ordinal
E:\cultures\vanilla-data\DataX\Libs\data0001.lib,2075,data\maps\tutorial_005\text\eng\briefings\0002.hlt,249411884,124,HLT,Native documents,doc:2075,SOURCE_COMPLETE,Metadata/Sources/Raw/data/maps/tutorial_005/text/eng/briefings/0002.hlt,Metadata/Sources/index.html,1,ENTRY_ID is the zero-based archive table ordinal
E:\cultures\vanilla-data\DataX\Libs\data0001.lib,2076,data\maps\tutorial_005\text\eng\briefings\0011.hlt,249413067,120,HLT,Native documents,doc:2076,SOURCE_COMPLETE,Metadata/Sources/Raw/data/maps/tutorial_005/text/eng/briefings/0011.hlt,Metadata/Sources/index.html,1,ENTRY_ID is the zero-based archive table ordinal
E:\cultures\vanilla-data\DataX\Libs\data0001.lib,2077,data\maps\tutorial_005\text\eng\briefings\0020.hlt,249414159,122,HLT,Native documents,doc:2077,SOURCE_COMPLETE,Metadata/Sources/Raw/data/maps/tutorial_005/text/eng/briefings/0020.hlt,Metadata/Sources/index.html,1,ENTRY_ID is the zero-based archive table ordinal
E:\cultures\vanilla-data\DataX\Libs\data0001.lib,2078,data\maps\tutorial_005\text\eng\briefings\0200.hlt,249414780,152,HLT,Native documents,doc:2078,SOURCE_COMPLETE,Metadata/Sources/Raw/data/maps/tutorial_005/text/eng/briefings/0200.hlt,Metadata/Sources/index.html,1,ENTRY_ID is the zero-based archive table ordinal
E:\cultures\vanilla-data\DataX\Libs\data0001.lib,2079,data\maps\tutorial_006\text\eng\briefings\0001.hlt,250965040,154,HLT,Native documents,doc:2079,SOURCE_COMPLETE,Metadata/Sources/Raw/data/maps/tutorial_006/text/eng/briefings/0001.hlt,Metadata/Sources/index.html,1,ENTRY_ID is the zero-based archive table ordinal
E:\cultures\vanilla-data\DataX\Libs\data0001.lib,2080,data\maps\tutorial_006\text\eng\briefings\0010.hlt,250966319,120,HLT,Native documents,doc:2080,SOURCE_COMPLETE,Metadata/Sources/Raw/data/maps/tutorial_006/text/eng/briefings/0010.hlt,Metadata/Sources/index.html,1,ENTRY_ID is the zero-based archive table ordinal
E:\cultures\vanilla-data\DataX\Libs\data0001.lib,2081,data\maps\tutorial_006\text\eng\briefings\0100.hlt,250967869,152,HLT,Native documents,doc:2081,SOURCE_COMPLETE,Metadata/Sources/Raw/data/maps/tutorial_006/text/eng/briefings/0100.hlt,Metadata/Sources/index.html,1,ENTRY_ID is the zero-based archive table ordinal
E:\cultures\vanilla-data\DataX\Libs\data0001.lib,2082,data\maps\tutorial_007\text\eng\briefings\0000.hlt,252414936,328,HLT,Native documents,doc:2082,SOURCE_COMPLETE,Metadata/Sources/Raw/data/maps/tutorial_007/text/eng/briefings/0000.hlt,Metadata/Sources/index.html,1,ENTRY_ID is the zero-based archive table ordinal
E:\cultures\vanilla-data\DataX\Libs\data0001.lib,2083,data\engine2d\bin\palettes\landscapes\haus_druid.pcx,132804588,901,PCX,Palettes,img:2083,PIXEL_CONFIRMED,Metadata/Palettes/landscapes/haus_druid.png,Metadata/Palettes/index.html,1,ENTRY_ID is the zero-based archive table ordinal
E:\cultures\vanilla-data\DataX\Libs\data0001.lib,2084,data\engine2d\bin\sounds\humantalk\latin\l04.wav,154984432,22510,WAV,Audio,aud:2084,SOURCE_COMPLETE,Audio/latin/l04.wav,Audio/index.html,1,ENTRY_ID is the zero-based archive table ordinal
E:\cultures\vanilla-data\DataX\Libs\data0001.lib,2085,data\engine2d\bin\sounds\humantalk\latin\l13.wav,155397476,51084,WAV,Audio,aud:2085,SOURCE_COMPLETE,Audio/latin/l13.wav,Audio/index.html,1,ENTRY_ID is the zero-based archive table ordinal
E:\cultures\vanilla-data\DataX\Libs\data0001.lib,2086,data\engine2d\bin\sounds\humantalk\latin\l22.wav,155875596,59248,WAV,Audio,aud:2086,SOURCE_COMPLETE,Audio/latin/l22.wav,Audio/index.html,1,ENTRY_ID is the zero-based archive table ordinal
E:\cultures\vanilla-data\DataX\Libs\data0001.lib,2087,data\engine2d\bin\sounds\humantalk\latin\l31.wav,156412904,104150,WAV,Audio,aud:2087,SOURCE_COMPLETE,Audio/latin/l31.wav,Audio/index.html,1,ENTRY_ID is the zero-based archive table ordinal
E:\cultures\vanilla-data\DataX\Libs\data0001.lib,2088,data\engine2d\bin\sounds\humantalk\latin\l40.wav,157137986,30672,WAV,Audio,aud:2088,SOURCE_COMPLETE,Audio/latin/l40.wav,Audio/index.html,1,ENTRY_ID is the zero-based archive table ordinal
E:\cultures\vanilla-data\DataX\Libs\data0001.lib,2089,data\engine2d\bin\sounds\static\hunter_arrow01.wav,181964048,8222,WAV,Audio,aud:2089,SOURCE_COMPLETE,Audio/static/hunter_arrow01.wav,Audio/index.html,1,ENTRY_ID is the zero-based archive table ordinal
E:\cultures\vanilla-data\DataX\Libs\data0001.lib,2090,data\maps\campaign_03_01_sub\text\eng\briefings\0000.hlt,205597014,375,HLT,Native documents,doc:2090,SOURCE_COMPLETE,Metadata/Sources/Raw/data/maps/campaign_03_01_sub/text/eng/briefings/0000.hlt,Metadata/Sources/index.html,1,ENTRY_ID is the zero-based archive table ordinal
E:\cultures\vanilla-data\DataX\Libs\data0001.lib,2091,data\maps\campaign_03_02\text\eng\briefings\fonts\fonthead16bld.fnt,205873501,23016,FNT,Fonts,font:2091,SOURCE_COMPLETE,,UI/Fonts/index.html,1,ENTRY_ID is the zero-based archive table ordinal
E:\cultures\vanilla-data\DataX\Libs\data0001.lib,2092,data\maps\campaign_03_07\map.dat,221299083,1515102,DAT,Native documents,doc:2092,SOURCE_COMPLETE,Metadata/Sources/Raw/data/maps/campaign_03_07/map.dat,Metadata/Sources/index.html,1,ENTRY_ID is the zero-based archive table ordinal
E:\cultures\vanilla-data\DataX\Libs\data0001.lib,2093,data\maps\tutorial_001\text\eng\briefings\0007.hlt,245651562,153,HLT,Native documents,doc:2093,SOURCE_COMPLETE,Metadata/Sources/Raw/data/maps/tutorial_001/text/eng/briefings/0007.hlt,Metadata/Sources/index.html,1,ENTRY_ID is the zero-based archive table ordinal
E:\cultures\vanilla-data\DataX\Libs\data0001.lib,2094,data\maps\tutorial_001\text\eng\briefings\0016.hlt,245652683,120,HLT,Native documents,doc:2094,SOURCE_COMPLETE,Metadata/Sources/Raw/data/maps/tutorial_001/text/eng/briefings/0016.hlt,Metadata/Sources/index.html,1,ENTRY_ID is the zero-based archive table ordinal
E:\cultures\vanilla-data\DataX\Libs\data0001.lib,2095,data\maps\tutorial_002\text\eng\briefings\0006.hlt,246719511,120,HLT,Native documents,doc:2095,SOURCE_COMPLETE,Metadata/Sources/Raw/data/maps/tutorial_002/text/eng/briefings/0006.hlt,Metadata/Sources/index.html,1,ENTRY_ID is the zero-based archive table ordinal
E:\cultures\vanilla-data\DataX\Libs\data0001.lib,2096,data\maps\tutorial_002\text\eng\briefings\0015.hlt,246720667,120,HLT,Native documents,doc:2096,SOURCE_COMPLETE,Metadata/Sources/Raw/data/maps/tutorial_002/text/eng/briefings/0015.hlt,Metadata/Sources/index.html,1,ENTRY_ID is the zero-based archive table ordinal
E:\cultures\vanilla-data\DataX\Libs\data0001.lib,2097,data\maps\tutorial_003\text\eng\briefings\0005.hlt,247700696,120,HLT,Native documents,doc:2097,SOURCE_COMPLETE,Metadata/Sources/Raw/data/maps/tutorial_003/text/eng/briefings/0005.hlt,Metadata/Sources/index.html,1,ENTRY_ID is the zero-based archive table ordinal
E:\cultures\vanilla-data\DataX\Libs\data0001.lib,2098,data\maps\tutorial_003\text\eng\briefings\0014.hlt,247701782,122,HLT,Native documents,doc:2098,SOURCE_COMPLETE,Metadata/Sources/Raw/data/maps/tutorial_003/text/eng/briefings/0014.hlt,Metadata/Sources/index.html,1,ENTRY_ID is the zero-based archive table ordinal
E:\cultures\vanilla-data\DataX\Libs\data0001.lib,2099,data\maps\tutorial_003\text\eng\briefings\0050.hlt,247702632,347,HLT,Native documents,doc:2099,SOURCE_COMPLETE,Metadata/Sources/Raw/data/maps/tutorial_003/text/eng/briefings/0050.hlt,Metadata/Sources/index.html,1,ENTRY_ID is the zero-based archive table ordinal
E:\cultures\vanilla-data\DataX\Libs\data0001.lib,2100,data\maps\tutorial_004\text\eng\briefings\0004.hlt,248555429,153,HLT,Native documents,doc:2100,SOURCE_COMPLETE,Metadata/Sources/Raw/data/maps/tutorial_004/text/eng/briefings/0004.hlt,Metadata/Sources/index.html,1,ENTRY_ID is the zero-based archive table ordinal
E:\cultures\vanilla-data\DataX\Libs\data0001.lib,2101,data\maps\tutorial_004\text\eng\briefings\0013.hlt,248556579,122,HLT,Native documents,doc:2101,SOURCE_COMPLETE,Metadata/Sources/Raw/data/maps/tutorial_004/text/eng/briefings/0013.hlt,Metadata/Sources/index.html,1,ENTRY_ID is the zero-based archive table ordinal
E:\cultures\vanilla-data\DataX\Libs\data0001.lib,2102,data\maps\tutorial_005\text\eng\briefings\0003.hlt,249412008,153,HLT,Native documents,doc:2102,SOURCE_COMPLETE,Metadata/Sources/Raw/data/maps/tutorial_005/text/eng/briefings/0003.hlt,Metadata/Sources/index.html,1,ENTRY_ID is the zero-based archive table ordinal
E:\cultures\vanilla-data\DataX\Libs\data0001.lib,2103,data\maps\tutorial_005\text\eng\briefings\0012.hlt,249413187,122,HLT,Native documents,doc:2103,SOURCE_COMPLETE,Metadata/Sources/Raw/data/maps/tutorial_005/text/eng/briefings/0012.hlt,Metadata/Sources/index.html,1,ENTRY_ID is the zero-based archive table ordinal
E:\cultures\vanilla-data\DataX\Libs\data0001.lib,2104,data\maps\tutorial_005\text\eng\briefings\0300.hlt,249414932,152,HLT,Native documents,doc:2104,SOURCE_COMPLETE,Metadata/Sources/Raw/data/maps/tutorial_005/text/eng/briefings/0300.hlt,Metadata/Sources/index.html,1,ENTRY_ID is the zero-based archive table ordinal
E:\cultures\vanilla-data\DataX\Libs\data0001.lib,2105,data\maps\tutorial_006\text\eng\briefings\0002.hlt,250965194,154,HLT,Native documents,doc:2105,SOURCE_COMPLETE,Metadata/Sources/Raw/data/maps/tutorial_006/text/eng/briefings/0002.hlt,Metadata/Sources/index.html,1,ENTRY_ID is the zero-based archive table ordinal
E:\cultures\vanilla-data\DataX\Libs\data0001.lib,2106,data\maps\tutorial_006\text\eng\briefings\0011.hlt,250966439,152,HLT,Native documents,doc:2106,SOURCE_COMPLETE,Metadata/Sources/Raw/data/maps/tutorial_006/text/eng/briefings/0011.hlt,Metadata/Sources/index.html,1,ENTRY_ID is the zero-based archive table ordinal
E:\cultures\vanilla-data\DataX\Libs\data0001.lib,2107,data\maps\tutorial_006\text\eng\briefings\0020.hlt,250967627,122,HLT,Native documents,doc:2107,SOURCE_COMPLETE,Metadata/Sources/Raw/data/maps/tutorial_006/text/eng/briefings/0020.hlt,Metadata/Sources/index.html,1,ENTRY_ID is the zero-based archive table ordinal
E:\cultures\vanilla-data\DataX\Libs\data0001.lib,2108,data\maps\tutorial_007\text\eng\briefings\0001.hlt,252415264,155,HLT,Native documents,doc:2108,SOURCE_COMPLETE,Metadata/Sources/Raw/data/maps/tutorial_007/text/eng/briefings/0001.hlt,Metadata/Sources/index.html,1,ENTRY_ID is the zero-based archive table ordinal
E:\cultures\vanilla-data\DataX\Libs\data0001.lib,2109,data\maps\tutorial_007\text\eng\briefings\0010.hlt,252416512,152,HLT,Native documents,doc:2109,SOURCE_COMPLETE,Metadata/Sources/Raw/data/maps/tutorial_007/text/eng/briefings/0010.hlt,Metadata/Sources/index.html,1,ENTRY_ID is the zero-based archive table ordinal
E:\cultures\vanilla-data\DataX\Libs\data0001.lib,2110,data\maps\tutorial_007\text\eng\briefings\0100.hlt,252418289,152,HLT,Native documents,doc:2110,SOURCE_COMPLETE,Metadata/Sources/Raw/data/maps/tutorial_007/text/eng/briefings/0100.hlt,Metadata/Sources/index.html,1,ENTRY_ID is the zero-based archive table ordinal
E:\cultures\vanilla-data\DataX\Libs\data0001.lib,2111,data\engine2d\bin\bobs\ls_triggers_s.bmd,119386622,5920,BMD,Source libraries,lib:ls_triggers_s,SOURCE_COMPLETE,Shared/SourceLibraries/ls_triggers_s/library.json,Shared/SourceLibraries/index.html,1,ENTRY_ID is the zero-based archive table ordinal
E:\cultures\vanilla-data\DataX\Libs\data0001.lib,2112,data\engine2d\bin\sounds\humantalk\latin\l05.wav,155006942,20468,WAV,Audio,aud:2112,SOURCE_COMPLETE,Audio/latin/l05.wav,Audio/index.html,1,ENTRY_ID is the zero-based archive table ordinal
E:\cultures\vanilla-data\DataX\Libs\data0001.lib,2113,data\engine2d\bin\sounds\humantalk\latin\l14.wav,155448560,51084,WAV,Audio,aud:2113,SOURCE_COMPLETE,Audio/latin/l14.wav,Audio/index.html,1,ENTRY_ID is the zero-based archive table ordinal
E:\cultures\vanilla-data\DataX\Libs\data0001.lib,2114,data\engine2d\bin\sounds\humantalk\latin\l23.wav,155934844,49042,WAV,Audio,aud:2114,SOURCE_COMPLETE,Audio/latin/l23.wav,Audio/index.html,1,ENTRY_ID is the zero-based archive table ordinal
E:\cultures\vanilla-data\DataX\Libs\data0001.lib,2115,data\engine2d\bin\sounds\humantalk\latin\l32.wav,156517054,73534,WAV,Audio,aud:2115,SOURCE_COMPLETE,Audio/latin/l32.wav,Audio/index.html,1,ENTRY_ID is the zero-based archive table ordinal
E:\cultures\vanilla-data\DataX\Libs\data0001.lib,2116,data\engine2d\bin\sounds\humantalk\latin\l41.wav,157168658,36796,WAV,Audio,aud:2116,SOURCE_COMPLETE,Audio/latin/l41.wav,Audio/index.html,1,ENTRY_ID is the zero-based archive table ordinal
E:\cultures\vanilla-data\DataX\Libs\data0001.lib,2117,data\engine2d\bin\sounds\humantalk\latin\l50.wav,157636570,87822,WAV,Audio,aud:2117,SOURCE_COMPLETE,Audio/latin/l50.wav,Audio/index.html,1,ENTRY_ID is the zero-based archive table ordinal
E:\cultures\vanilla-data\DataX\Libs\data0001.lib,2118,data\gui\bitmaps\bg_selected.pcx,196103126,74778,PCX,Images,img:2118,PIXEL_CONFIRMED,UI/Bitmaps/bg_selected.png,UI/Images/index.html,1,ENTRY_ID is the zero-based archive table ordinal
E:\cultures\vanilla-data\DataX\Libs\data0001.lib,2119,data\maps\campaign_03_01_sub\text\eng\briefings\0001.hlt,205597389,128,HLT,Native documents,doc:2119,SOURCE_COMPLETE,Metadata/Sources/Raw/data/maps/campaign_03_01_sub/text/eng/briefings/0001.hlt,Metadata/Sources/index.html,1,ENTRY_ID is the zero-based archive table ordinal
E:\cultures\vanilla-data\DataX\Libs\data0001.lib,2120,data\maps\campaign_03_01_sub\text\eng\briefings\0100.hlt,205598476,152,HLT,Native documents,doc:2120,SOURCE_COMPLETE,Metadata/Sources/Raw/data/maps/campaign_03_01_sub/text/eng/briefings/0100.hlt,Metadata/Sources/index.html,1,ENTRY_ID is the zero-based archive table ordinal
E:\cultures\vanilla-data\DataX\Libs\data0001.lib,2121,data\maps\campaign_03_02_sub\text\eng\briefings\0000.hlt,208450107,375,HLT,Native documents,doc:2121,SOURCE_COMPLETE,Metadata/Sources/Raw/data/maps/campaign_03_02_sub/text/eng/briefings/0000.hlt,Metadata/Sources/index.html,1,ENTRY_ID is the zero-based archive table ordinal
E:\cultures\vanilla-data\DataX\Libs\data0001.lib,2122,data\maps\campaign_03_03\text\eng\briefings\fonts\fonthead16bld.fnt,208611771,23016,FNT,Fonts,font:2122,SOURCE_COMPLETE,,UI/Fonts/index.html,1,ENTRY_ID is the zero-based archive table ordinal
E:\cultures\vanilla-data\DataX\Libs\data0001.lib,2123,data\maps\campaign_03_08\map.dat,223332351,1370719,DAT,Native documents,doc:2123,SOURCE_COMPLETE,Metadata/Sources/Raw/data/maps/campaign_03_08/map.dat,Metadata/Sources/index.html,1,ENTRY_ID is the zero-based archive table ordinal
E:\cultures\vanilla-data\DataX\Libs\data0001.lib,2124,data\maps\tutorial_001\text\eng\briefings\0008.hlt,245651715,120,HLT,Native documents,doc:2124,SOURCE_COMPLETE,Metadata/Sources/Raw/data/maps/tutorial_001/text/eng/briefings/0008.hlt,Metadata/Sources/index.html,1,ENTRY_ID is the zero-based archive table ordinal
E:\cultures\vanilla-data\DataX\Libs\data0001.lib,2125,data\maps\tutorial_001\text\eng\briefings\0017.hlt,245652803,122,HLT,Native documents,doc:2125,SOURCE_COMPLETE,Metadata/Sources/Raw/data/maps/tutorial_001/text/eng/briefings/0017.hlt,Metadata/Sources/index.html,1,ENTRY_ID is the zero-based archive table ordinal
E:\cultures\vanilla-data\DataX\Libs\data0001.lib,2126,data\maps\tutorial_002\text\eng\briefings\0007.hlt,246719631,153,HLT,Native documents,doc:2126,SOURCE_COMPLETE,Metadata/Sources/Raw/data/maps/tutorial_002/text/eng/briefings/0007.hlt,Metadata/Sources/index.html,1,ENTRY_ID is the zero-based archive table ordinal
E:\cultures\vanilla-data\DataX\Libs\data0001.lib,2127,data\maps\tutorial_002\text\eng\briefings\0016.hlt,246720787,120,HLT,Native documents,doc:2127,SOURCE_COMPLETE,Metadata/Sources/Raw/data/maps/tutorial_002/text/eng/briefings/0016.hlt,Metadata/Sources/index.html,1,ENTRY_ID is the zero-based archive table ordinal
E:\cultures\vanilla-data\DataX\Libs\data0001.lib,2128,data\maps\tutorial_003\text\eng\briefings\0006.hlt,247700816,120,HLT,Native documents,doc:2128,SOURCE_COMPLETE,Metadata/Sources/Raw/data/maps/tutorial_003/text/eng/briefings/0006.hlt,Metadata/Sources/index.html,1,ENTRY_ID is the zero-based archive table ordinal
E:\cultures\vanilla-data\DataX\Libs\data0001.lib,2129,data\maps\tutorial_003\text\eng\briefings\0015.hlt,247701904,120,HLT,Native documents,doc:2129,SOURCE_COMPLETE,Metadata/Sources/Raw/data/maps/tutorial_003/text/eng/briefings/0015.hlt,Metadata/Sources/index.html,1,ENTRY_ID is the zero-based archive table ordinal
E:\cultures\vanilla-data\DataX\Libs\data0001.lib,2130,data\maps\tutorial_004\text\eng\briefings\0005.hlt,248555582,120,HLT,Native documents,doc:2130,SOURCE_COMPLETE,Metadata/Sources/Raw/data/maps/tutorial_004/text/eng/briefings/0005.hlt,Metadata/Sources/index.html,1,ENTRY_ID is the zero-based archive table ordinal
E:\cultures\vanilla-data\DataX\Libs\data0001.lib,2131,data\maps\tutorial_004\text\eng\briefings\0014.hlt,248556701,122,HLT,Native documents,doc:2131,SOURCE_COMPLETE,Metadata/Sources/Raw/data/maps/tutorial_004/text/eng/briefings/0014.hlt,Metadata/Sources/index.html,1,ENTRY_ID is the zero-based archive table ordinal
E:\cultures\vanilla-data\DataX\Libs\data0001.lib,2132,data\maps\tutorial_004\text\eng\briefings\0050.hlt,248557551,347,HLT,Native documents,doc:2132,SOURCE_COMPLETE,Metadata/Sources/Raw/data/maps/tutorial_004/text/eng/briefings/0050.hlt,Metadata/Sources/index.html,1,ENTRY_ID is the zero-based archive table ordinal
E:\cultures\vanilla-data\DataX\Libs\data0001.lib,2133,data\maps\tutorial_005\text\eng\briefings\0004.hlt,249412161,120,HLT,Native documents,doc:2133,SOURCE_COMPLETE,Metadata/Sources/Raw/data/maps/tutorial_005/text/eng/briefings/0004.hlt,Metadata/Sources/index.html,1,ENTRY_ID is the zero-based archive table ordinal
E:\cultures\vanilla-data\DataX\Libs\data0001.lib,2134,data\maps\tutorial_005\text\eng\briefings\0013.hlt,249413309,122,HLT,Native documents,doc:2134,SOURCE_COMPLETE,Metadata/Sources/Raw/data/maps/tutorial_005/text/eng/briefings/0013.hlt,Metadata/Sources/index.html,1,ENTRY_ID is the zero-based archive table ordinal
E:\cultures\vanilla-data\DataX\Libs\data0001.lib,2135,data\maps\tutorial_006\text\eng\briefings\0003.hlt,250965348,153,HLT,Native documents,doc:2135,SOURCE_COMPLETE,Metadata/Sources/Raw/data/maps/tutorial_006/text/eng/briefings/0003.hlt,Metadata/Sources/index.html,1,ENTRY_ID is the zero-based archive table ordinal
E:\cultures\vanilla-data\DataX\Libs\data0001.lib,2136,data\maps\tutorial_006\text\eng\briefings\0012.hlt,250966591,154,HLT,Native documents,doc:2136,SOURCE_COMPLETE,Metadata/Sources/Raw/data/maps/tutorial_006/text/eng/briefings/0012.hlt,Metadata/Sources/index.html,1,ENTRY_ID is the zero-based archive table ordinal
E:\cultures\vanilla-data\DataX\Libs\data0001.lib,2137,data\maps\tutorial_006\text\eng\briefings\0021.hlt,250967749,120,HLT,Native documents,doc:2137,SOURCE_COMPLETE,Metadata/Sources/Raw/data/maps/tutorial_006/text/eng/briefings/0021.hlt,Metadata/Sources/index.html,1,ENTRY_ID is the zero-based archive table ordinal
E:\cultures\vanilla-data\DataX\Libs\data0001.lib,2138,data\maps\tutorial_007\text\eng\briefings\0002.hlt,252415419,122,HLT,Native documents,doc:2138,SOURCE_COMPLETE,Metadata/Sources/Raw/data/maps/tutorial_007/text/eng/briefings/0002.hlt,Metadata/Sources/index.html,1,ENTRY_ID is the zero-based archive table ordinal
E:\cultures\vanilla-data\DataX\Libs\data0001.lib,2139,data\maps\tutorial_007\text\eng\briefings\0011.hlt,252416664,152,HLT,Native documents,doc:2139,SOURCE_COMPLETE,Metadata/Sources/Raw/data/maps/tutorial_007/text/eng/briefings/0011.hlt,Metadata/Sources/index.html,1,ENTRY_ID is the zero-based archive table ordinal
E:\cultures\vanilla-data\DataX\Libs\data0001.lib,2140,data\maps\tutorial_007\text\eng\briefings\0020.hlt,252417820,122,HLT,Native documents,doc:2140,SOURCE_COMPLETE,Metadata/Sources/Raw/data/maps/tutorial_007/text/eng/briefings/0020.hlt,Metadata/Sources/index.html,1,ENTRY_ID is the zero-based archive table ordinal
E:\cultures\vanilla-data\DataX\Libs\data0001.lib,2141,data\text\eng\strings\help\mischelp.cif,255193816,4450,CIF,Native definitions,cif:2141,SOURCE_COMPLETE,Metadata/Sources/CIF/data/text/eng/strings/help/mischelp.cif.txt,Metadata/Sources/index.html,1,ENTRY_ID is the zero-based archive table ordinal
E:\cultures\vanilla-data\DataX\Libs\data0001.lib,2142,data\edit\macromaps\snow000.cif,2726631,3693,CIF,Native definitions,cif:2142,SOURCE_COMPLETE,Metadata/Sources/CIF/data/edit/macromaps/snow000.cif.txt,Metadata/Sources/index.html,1,ENTRY_ID is the zero-based archive table ordinal
E:\cultures\vanilla-data\DataX\Libs\data0001.lib,2143,data\engine2d\bin\palettes\creatures\egypt_soldier.pcx,132723489,901,PCX,Palettes,img:2143,PIXEL_CONFIRMED,Metadata/Palettes/creatures/egypt_soldier.png,Metadata/Palettes/index.html,1,ENTRY_ID is the zero-based archive table ordinal
E:\cultures\vanilla-data\DataX\Libs\data0001.lib,2144,data\engine2d\bin\sounds\humantalk\latin\l06.wav,155027410,22510,WAV,Audio,aud:2144,SOURCE_COMPLETE,Audio/latin/l06.wav,Audio/index.html,1,ENTRY_ID is the zero-based archive table ordinal
E:\cultures\vanilla-data\DataX\Libs\data0001.lib,2145,data\engine2d\bin\sounds\humantalk\latin\l15.wav,155499644,67410,WAV,Audio,aud:2145,SOURCE_COMPLETE,Audio/latin/l15.wav,Audio/index.html,1,ENTRY_ID is the zero-based archive table ordinal
E:\cultures\vanilla-data\DataX\Libs\data0001.lib,2146,data\engine2d\bin\sounds\humantalk\latin\l24.wav,155983886,59248,WAV,Audio,aud:2146,SOURCE_COMPLETE,Audio/latin/l24.wav,Audio/index.html,1,ENTRY_ID is the zero-based archive table ordinal
E:\cultures\vanilla-data\DataX\Libs\data0001.lib,2147,data\engine2d\bin\sounds\humantalk\latin\l33.wav,156590588,75574,WAV,Audio,aud:2147,SOURCE_COMPLETE,Audio/latin/l33.wav,Audio/index.html,1,ENTRY_ID is the zero-based archive table ordinal
E:\cultures\vanilla-data\DataX\Libs\data0001.lib,2148,data\engine2d\bin\sounds\humantalk\latin\l42.wav,157205454,40878,WAV,Audio,aud:2148,SOURCE_COMPLETE,Audio/latin/l42.wav,Audio/index.html,1,ENTRY_ID is the zero-based archive table ordinal
E:\cultures\vanilla-data\DataX\Libs\data0001.lib,2149,data\engine2d\bin\sounds\humantalk\latin\l51.wav,157724392,69452,WAV,Audio,aud:2149,SOURCE_COMPLETE,Audio/latin/l51.wav,Audio/index.html,1,ENTRY_ID is the zero-based archive table ordinal
E:\cultures\vanilla-data\DataX\Libs\data0001.lib,2150,data\engine2d\bin\sounds\humantalk\latin\l60.wav,158298436,47002,WAV,Audio,aud:2150,SOURCE_COMPLETE,Audio/latin/l60.wav,Audio/index.html,1,ENTRY_ID is the zero-based archive table ordinal
E:\cultures\vanilla-data\DataX\Libs\data0001.lib,2151,data\maps\campaign_03_01_sub\text\eng\briefings\0002.hlt,205597517,124,HLT,Native documents,doc:2151,SOURCE_COMPLETE,Metadata/Sources/Raw/data/maps/campaign_03_01_sub/text/eng/briefings/0002.hlt,Metadata/Sources/index.html,1,ENTRY_ID is the zero-based archive table ordinal
E:\cultures\vanilla-data\DataX\Libs\data0001.lib,2152,data\maps\campaign_03_01_sub\text\eng\briefings\0200.hlt,205598628,152,HLT,Native documents,doc:2152,SOURCE_COMPLETE,Metadata/Sources/Raw/data/maps/campaign_03_01_sub/text/eng/briefings/0200.hlt,Metadata/Sources/index.html,1,ENTRY_ID is the zero-based archive table ordinal
E:\cultures\vanilla-data\DataX\Libs\data0001.lib,2153,data\maps\campaign_03_02_sub\text\eng\briefings\0001.hlt,208450482,128,HLT,Native documents,doc:2153,SOURCE_COMPLETE,Metadata/Sources/Raw/data/maps/campaign_03_02_sub/text/eng/briefings/0001.hlt,Metadata/Sources/index.html,1,ENTRY_ID is the zero-based archive table ordinal
E:\cultures\vanilla-data\DataX\Libs\data0001.lib,2154,data\maps\campaign_03_02_sub\text\eng\briefings\0010.hlt,208451615,152,HLT,Native documents,doc:2154,SOURCE_COMPLETE,Metadata/Sources/Raw/data/maps/campaign_03_02_sub/text/eng/briefings/0010.hlt,Metadata/Sources/index.html,1,ENTRY_ID is the zero-based archive table ordinal
E:\cultures\vanilla-data\DataX\Libs\data0001.lib,2155,data\maps\campaign_03_02_sub\text\eng\briefings\0100.hlt,208452110,152,HLT,Native documents,doc:2155,SOURCE_COMPLETE,Metadata/Sources/Raw/data/maps/campaign_03_02_sub/text/eng/briefings/0100.hlt,Metadata/Sources/index.html,1,ENTRY_ID is the zero-based archive table ordinal
E:\cultures\vanilla-data\DataX\Libs\data0001.lib,2156,data\maps\campaign_03_04\text\eng\briefings\fonts\fonthead16bld.fnt,212199711,23016,FNT,Fonts,font:2156,SOURCE_COMPLETE,,UI/Fonts/index.html,1,ENTRY_ID is the zero-based archive table ordinal
E:\cultures\vanilla-data\DataX\Libs\data0001.lib,2157,data\maps\tutorial_001\text\eng\briefings\0009.hlt,245651835,120,HLT,Native documents,doc:2157,SOURCE_COMPLETE,Metadata/Sources/Raw/data/maps/tutorial_001/text/eng/briefings/0009.hlt,Metadata/Sources/index.html,1,ENTRY_ID is the zero-based archive table ordinal
E:\cultures\vanilla-data\DataX\Libs\data0001.lib,2158,data\maps\tutorial_001\text\eng\briefings\0018.hlt,245652925,122,HLT,Native documents,doc:2158,SOURCE_COMPLETE,Metadata/Sources/Raw/data/maps/tutorial_001/text/eng/briefings/0018.hlt,Metadata/Sources/index.html,1,ENTRY_ID is the zero-based archive table ordinal
E:\cultures\vanilla-data\DataX\Libs\data0001.lib,2159,data\maps\tutorial_002\text\eng\briefings\0008.hlt,246719784,153,HLT,Native documents,doc:2159,SOURCE_COMPLETE,Metadata/Sources/Raw/data/maps/tutorial_002/text/eng/briefings/0008.hlt,Metadata/Sources/index.html,1,ENTRY_ID is the zero-based archive table ordinal
E:\cultures\vanilla-data\DataX\Libs\data0001.lib,2160,data\maps\tutorial_002\text\eng\briefings\0017.hlt,246720907,122,HLT,Native documents,doc:2160,SOURCE_COMPLETE,Metadata/Sources/Raw/data/maps/tutorial_002/text/eng/briefings/0017.hlt,Metadata/Sources/index.html,1,ENTRY_ID is the zero-based archive table ordinal
E:\cultures\vanilla-data\DataX\Libs\data0001.lib,2161,data\maps\tutorial_003\text\eng\briefings\0007.hlt,247700936,120,HLT,Native documents,doc:2161,SOURCE_COMPLETE,Metadata/Sources/Raw/data/maps/tutorial_003/text/eng/briefings/0007.hlt,Metadata/Sources/index.html,1,ENTRY_ID is the zero-based archive table ordinal
E:\cultures\vanilla-data\DataX\Libs\data0001.lib,2162,data\maps\tutorial_003\text\eng\briefings\0016.hlt,247702024,120,HLT,Native documents,doc:2162,SOURCE_COMPLETE,Metadata/Sources/Raw/data/maps/tutorial_003/text/eng/briefings/0016.hlt,Metadata/Sources/index.html,1,ENTRY_ID is the zero-based archive table ordinal
E:\cultures\vanilla-data\DataX\Libs\data0001.lib,2163,data\maps\tutorial_004\text\eng\briefings\0006.hlt,248555702,153,HLT,Native documents,doc:2163,SOURCE_COMPLETE,Metadata/Sources/Raw/data/maps/tutorial_004/text/eng/briefings/0006.hlt,Metadata/Sources/index.html,1,ENTRY_ID is the zero-based archive table ordinal
E:\cultures\vanilla-data\DataX\Libs\data0001.lib,2164,data\maps\tutorial_004\text\eng\briefings\0015.hlt,248556823,120,HLT,Native documents,doc:2164,SOURCE_COMPLETE,Metadata/Sources/Raw/data/maps/tutorial_004/text/eng/briefings/0015.hlt,Metadata/Sources/index.html,1,ENTRY_ID is the zero-based archive table ordinal
E:\cultures\vanilla-data\DataX\Libs\data0001.lib,2165,data\maps\tutorial_005\text\eng\briefings\0005.hlt,249412281,120,HLT,Native documents,doc:2165,SOURCE_COMPLETE,Metadata/Sources/Raw/data/maps/tutorial_005/text/eng/briefings/0005.hlt,Metadata/Sources/index.html,1,ENTRY_ID is the zero-based archive table ordinal
E:\cultures\vanilla-data\DataX\Libs\data0001.lib,2166,data\maps\tutorial_005\text\eng\briefings\0014.hlt,249413431,122,HLT,Native documents,doc:2166,SOURCE_COMPLETE,Metadata/Sources/Raw/data/maps/tutorial_005/text/eng/briefings/0014.hlt,Metadata/Sources/index.html,1,ENTRY_ID is the zero-based archive table ordinal
E:\cultures\vanilla-data\DataX\Libs\data0001.lib,2167,data\maps\tutorial_005\text\eng\briefings\0050.hlt,249414281,347,HLT,Native documents,doc:2167,SOURCE_COMPLETE,Metadata/Sources/Raw/data/maps/tutorial_005/text/eng/briefings/0050.hlt,Metadata/Sources/index.html,1,ENTRY_ID is the zero-based archive table ordinal
E:\cultures\vanilla-data\DataX\Libs\data0001.lib,2168,data\maps\tutorial_006\text\eng\briefings\0004.hlt,250965501,152,HLT,Native documents,doc:2168,SOURCE_COMPLETE,Metadata/Sources/Raw/data/maps/tutorial_006/text/eng/briefings/0004.hlt,Metadata/Sources/index.html,1,ENTRY_ID is the zero-based archive table ordinal
E:\cultures\vanilla-data\DataX\Libs\data0001.lib,2169,data\maps\tutorial_006\text\eng\briefings\0013.hlt,250966745,122,HLT,Native documents,doc:2169,SOURCE_COMPLETE,Metadata/Sources/Raw/data/maps/tutorial_006/text/eng/briefings/0013.hlt,Metadata/Sources/index.html,1,ENTRY_ID is the zero-based archive table ordinal
E:\cultures\vanilla-data\DataX\Libs\data0001.lib,2170,data\maps\tutorial_007\text\eng\briefings\0003.hlt,252415541,120,HLT,Native documents,doc:2170,SOURCE_COMPLETE,Metadata/Sources/Raw/data/maps/tutorial_007/text/eng/briefings/0003.hlt,Metadata/Sources/index.html,1,ENTRY_ID is the zero-based archive table ordinal
E:\cultures\vanilla-data\DataX\Libs\data0001.lib,2171,data\maps\tutorial_007\text\eng\briefings\0012.hlt,252416816,154,HLT,Native documents,doc:2171,SOURCE_COMPLETE,Metadata/Sources/Raw/data/maps/tutorial_007/text/eng/briefings/0012.hlt,Metadata/Sources/index.html,1,ENTRY_ID is the zero-based archive table ordinal
E:\cultures\vanilla-data\DataX\Libs\data0001.lib,2172,data\text\eng\hypertext\credits\index.hlt,253453934,2887,HLT,Native documents,doc:2172,SOURCE_COMPLETE,Metadata/Sources/Raw/data/text/eng/hypertext/credits/index.hlt,Metadata/Sources/index.html,1,ENTRY_ID is the zero-based archive table ordinal
E:\cultures\vanilla-data\DataX\Libs\data0001.lib,2173,data\edit\macromaps\desertstone000_rund.cif,228415,3792,CIF,Native definitions,cif:2173,SOURCE_COMPLETE,Metadata/Sources/CIF/data/edit/macromaps/desertstone000_rund.cif.txt,Metadata/Sources/index.html,1,ENTRY_ID is the zero-based archive table ordinal
E:\cultures\vanilla-data\DataX\Libs\data0001.lib,2174,data\engine2d\bin\palettes\landscapes\wonders_semiramis.pcx,132843334,139385,PCX,Palettes,img:2174,PIXEL_CONFIRMED,Metadata/Palettes/landscapes/wonders_semiramis.png,Metadata/Palettes/index.html,1,ENTRY_ID is the zero-based archive table ordinal
E:\cultures\vanilla-data\DataX\Libs\data0001.lib,2175,data\engine2d\bin\sounds\humantalk\latin\l07.wav,155049920,18428,WAV,Audio,aud:2175,SOURCE_COMPLETE,Audio/latin/l07.wav,Audio/index.html,1,ENTRY_ID is the zero-based archive table ordinal
E:\cultures\vanilla-data\DataX\Libs\data0001.lib,2176,data\engine2d\bin\sounds\humantalk\latin\l16.wav,155567054,51084,WAV,Audio,aud:2176,SOURCE_COMPLETE,Audio/latin/l16.wav,Audio/index.html,1,ENTRY_ID is the zero-based archive table ordinal
E:\cultures\vanilla-data\DataX\Libs\data0001.lib,2177,data\engine2d\bin\sounds\humantalk\latin\l25.wav,156043134,49042,WAV,Audio,aud:2177,SOURCE_COMPLETE,Audio/latin/l25.wav,Audio/index.html,1,ENTRY_ID is the zero-based archive table ordinal
E:\cultures\vanilla-data\DataX\Libs\data0001.lib,2178,data\engine2d\bin\sounds\humantalk\latin\l34.wav,156666162,77616,WAV,Audio,aud:2178,SOURCE_COMPLETE,Audio/latin/l34.wav,Audio/index.html,1,ENTRY_ID is the zero-based archive table ordinal
E:\cultures\vanilla-data\DataX\Libs\data0001.lib,2179,data\engine2d\bin\sounds\humantalk\latin\l43.wav,157246332,36796,WAV,Audio,aud:2179,SOURCE_COMPLETE,Audio/latin/l43.wav,Audio/index.html,1,ENTRY_ID is the zero-based archive table ordinal
E:\cultures\vanilla-data\DataX\Libs\data0001.lib,2180,data\engine2d\bin\sounds\humantalk\latin\l52.wav,157793844,75574,WAV,Audio,aud:2180,SOURCE_COMPLETE,Audio/latin/l52.wav,Audio/index.html,1,ENTRY_ID is the zero-based archive table ordinal
E:\cultures\vanilla-data\DataX\Libs\data0001.lib,2181,data\engine2d\bin\textures\tran_desertbrown_a.pcx,191729204,64983,PCX,Images,img:2181,PIXEL_CONFIRMED,Terrain/Textures/tran_desertbrown_a.png,Terrain/Textures/index.html,1,ENTRY_ID is the zero-based archive table ordinal
E:\cultures\vanilla-data\DataX\Libs\data0001.lib,2182,data\maps\campaign_03_01_sub\text\eng\briefings\0003.hlt,205597641,152,HLT,Native documents,doc:2182,SOURCE_COMPLETE,Metadata/Sources/Raw/data/maps/campaign_03_01_sub/text/eng/briefings/0003.hlt,Metadata/Sources/index.html,1,ENTRY_ID is the zero-based archive table ordinal
E:\cultures\vanilla-data\DataX\Libs\data0001.lib,2183,data\maps\campaign_03_01_sub\text\eng\briefings\0300.hlt,205598780,152,HLT,Native documents,doc:2183,SOURCE_COMPLETE,Metadata/Sources/Raw/data/maps/campaign_03_01_sub/text/eng/briefings/0300.hlt,Metadata/Sources/index.html,1,ENTRY_ID is the zero-based archive table ordinal
E:\cultures\vanilla-data\DataX\Libs\data0001.lib,2184,data\maps\campaign_03_02_sub\text\eng\briefings\0002.hlt,208450610,124,HLT,Native documents,doc:2184,SOURCE_COMPLETE,Metadata/Sources/Raw/data/maps/campaign_03_02_sub/text/eng/briefings/0002.hlt,Metadata/Sources/index.html,1,ENTRY_ID is the zero-based archive table ordinal
E:\cultures\vanilla-data\DataX\Libs\data0001.lib,2185,data\maps\campaign_03_02_sub\text\eng\briefings\0200.hlt,208452262,152,HLT,Native documents,doc:2185,SOURCE_COMPLETE,Metadata/Sources/Raw/data/maps/campaign_03_02_sub/text/eng/briefings/0200.hlt,Metadata/Sources/index.html,1,ENTRY_ID is the zero-based archive table ordinal
E:\cultures\vanilla-data\DataX\Libs\data0001.lib,2186,data\maps\campaign_03_05\text\eng\briefings\fonts\fonthead16bld.fnt,213515229,23016,FNT,Fonts,font:2186,SOURCE_COMPLETE,,UI/Fonts/index.html,1,ENTRY_ID is the zero-based archive table ordinal
E:\cultures\vanilla-data\DataX\Libs\data0001.lib,2187,data\maps\demo_mainmenu_10\text\eng\briefings\graphics\hero_dead_f.pcx,224837420,94108,PCX,Images,img:2187,PIXEL_CONFIRMED,UI/Maps/demo_mainmenu_10/text_eng_briefings_graphics/hero_dead_f.png,UI/Images/index.html,1,ENTRY_ID is the zero-based archive table ordinal
E:\cultures\vanilla-data\DataX\Libs\data0001.lib,2188,data\maps\multiplayer_204_special_cap-the-flag\text\eng\briefings\palettes\font_dark.pcx,233562651,125239,PCX,Images,img:2188,PIXEL_CONFIRMED,UI/Maps/multiplayer_204_special_cap-the-flag/text_eng_briefings_palettes/font_dark.png,UI/Images/index.html,1,ENTRY_ID is the zero-based archive table ordinal
E:\cultures\vanilla-data\DataX\Libs\data0001.lib,2189,data\maps\tutorial_001\text\eng\briefings\0019.hlt,245653047,122,HLT,Native documents,doc:2189,SOURCE_COMPLETE,Metadata/Sources/Raw/data/maps/tutorial_001/text/eng/briefings/0019.hlt,Metadata/Sources/index.html,1,ENTRY_ID is the zero-based archive table ordinal
E:\cultures\vanilla-data\DataX\Libs\data0001.lib,2190,data\maps\tutorial_002\text\eng\briefings\0009.hlt,246719937,120,HLT,Native documents,doc:2190,SOURCE_COMPLETE,Metadata/Sources/Raw/data/maps/tutorial_002/text/eng/briefings/0009.hlt,Metadata/Sources/index.html,1,ENTRY_ID is the zero-based archive table ordinal
E:\cultures\vanilla-data\DataX\Libs\data0001.lib,2191,data\maps\tutorial_002\text\eng\briefings\0018.hlt,246721029,122,HLT,Native documents,doc:2191,SOURCE_COMPLETE,Metadata/Sources/Raw/data/maps/tutorial_002/text/eng/briefings/0018.hlt,Metadata/Sources/index.html,1,ENTRY_ID is the zero-based archive table ordinal
E:\cultures\vanilla-data\DataX\Libs\data0001.lib,2192,data\maps\tutorial_003\text\eng\briefings\0008.hlt,247701056,120,HLT,Native documents,doc:2192,SOURCE_COMPLETE,Metadata/Sources/Raw/data/maps/tutorial_003/text/eng/briefings/0008.hlt,Metadata/Sources/index.html,1,ENTRY_ID is the zero-based archive table ordinal
E:\cultures\vanilla-data\DataX\Libs\data0001.lib,2193,data\maps\tutorial_003\text\eng\briefings\0017.hlt,247702144,122,HLT,Native documents,doc:2193,SOURCE_COMPLETE,Metadata/Sources/Raw/data/maps/tutorial_003/text/eng/briefings/0017.hlt,Metadata/Sources/index.html,1,ENTRY_ID is the zero-based archive table ordinal
E:\cultures\vanilla-data\DataX\Libs\data0001.lib,2194,data\maps\tutorial_004\text\eng\briefings\0007.hlt,248555855,120,HLT,Native documents,doc:2194,SOURCE_COMPLETE,Metadata/Sources/Raw/data/maps/tutorial_004/text/eng/briefings/0007.hlt,Metadata/Sources/index.html,1,ENTRY_ID is the zero-based archive table ordinal
E:\cultures\vanilla-data\DataX\Libs\data0001.lib,2195,data\maps\tutorial_004\text\eng\briefings\0016.hlt,248556943,120,HLT,Native documents,doc:2195,SOURCE_COMPLETE,Metadata/Sources/Raw/data/maps/tutorial_004/text/eng/briefings/0016.hlt,Metadata/Sources/index.html,1,ENTRY_ID is the zero-based archive table ordinal
E:\cultures\vanilla-data\DataX\Libs\data0001.lib,2196,data\maps\tutorial_005\text\eng\briefings\0006.hlt,249412401,153,HLT,Native documents,doc:2196,SOURCE_COMPLETE,Metadata/Sources/Raw/data/maps/tutorial_005/text/eng/briefings/0006.hlt,Metadata/Sources/index.html,1,ENTRY_ID is the zero-based archive table ordinal
E:\cultures\vanilla-data\DataX\Libs\data0001.lib,2197,data\maps\tutorial_005\text\eng\briefings\0015.hlt,249413553,120,HLT,Native documents,doc:2197,SOURCE_COMPLETE,Metadata/Sources/Raw/data/maps/tutorial_005/text/eng/briefings/0015.hlt,Metadata/Sources/index.html,1,ENTRY_ID is the zero-based archive table ordinal
E:\cultures\vanilla-data\DataX\Libs\data0001.lib,2198,data\maps\tutorial_006\text\eng\briefings\0005.hlt,250965653,120,HLT,Native documents,doc:2198,SOURCE_COMPLETE,Metadata/Sources/Raw/data/maps/tutorial_006/text/eng/briefings/0005.hlt,Metadata/Sources/index.html,1,ENTRY_ID is the zero-based archive table ordinal
E:\cultures\vanilla-data\DataX\Libs\data0001.lib,2199,data\maps\tutorial_006\text\eng\briefings\0014.hlt,250966867,122,HLT,Native documents,doc:2199,SOURCE_COMPLETE,Metadata/Sources/Raw/data/maps/tutorial_006/text/eng/briefings/0014.hlt,Metadata/Sources/index.html,1,ENTRY_ID is the zero-based archive table ordinal
E:\cultures\vanilla-data\DataX\Libs\data0001.lib,2200,data\maps\tutorial_007\text\eng\briefings\0004.hlt,252415661,122,HLT,Native documents,doc:2200,SOURCE_COMPLETE,Metadata/Sources/Raw/data/maps/tutorial_007/text/eng/briefings/0004.hlt,Metadata/Sources/index.html,1,ENTRY_ID is the zero-based archive table ordinal
E:\cultures\vanilla-data\DataX\Libs\data0001.lib,2201,data\maps\tutorial_007\text\eng\briefings\0013.hlt,252416970,122,HLT,Native documents,doc:2201,SOURCE_COMPLETE,Metadata/Sources/Raw/data/maps/tutorial_007/text/eng/briefings/0013.hlt,Metadata/Sources/index.html,1,ENTRY_ID is the zero-based archive table ordinal
E:\cultures\vanilla-data\DataX\Libs\data0001.lib,2202,data\engine2d\bin\sounds\humantalk\latin\l08.wav,155068348,18428,WAV,Audio,aud:2202,SOURCE_COMPLETE,Audio/latin/l08.wav,Audio/index.html,1,ENTRY_ID is the zero-based archive table ordinal
E:\cultures\vanilla-data\DataX\Libs\data0001.lib,2203,data\engine2d\bin\sounds\humantalk\latin\l17.wav,155618138,49042,WAV,Audio,aud:2203,SOURCE_COMPLETE,Audio/latin/l17.wav,Audio/index.html,1,ENTRY_ID is the zero-based archive table ordinal
E:\cultures\vanilla-data\DataX\Libs\data0001.lib,2204,data\engine2d\bin\sounds\humantalk\latin\l26.wav,156092176,57206,WAV,Audio,aud:2204,SOURCE_COMPLETE,Audio/latin/l26.wav,Audio/index.html,1,ENTRY_ID is the zero-based archive table ordinal
E:\cultures\vanilla-data\DataX\Libs\data0001.lib,2205,data\engine2d\bin\sounds\humantalk\latin\l35.wav,156743778,71494,WAV,Audio,aud:2205,SOURCE_COMPLETE,Audio/latin/l35.wav,Audio/index.html,1,ENTRY_ID is the zero-based archive table ordinal
E:\cultures\vanilla-data\DataX\Libs\data0001.lib,2206,data\engine2d\bin\sounds\humantalk\latin\l44.wav,157283128,36796,WAV,Audio,aud:2206,SOURCE_COMPLETE,Audio/latin/l44.wav,Audio/index.html,1,ENTRY_ID is the zero-based archive table ordinal
E:\cultures\vanilla-data\DataX\Libs\data0001.lib,2207,data\engine2d\bin\sounds\humantalk\latin\l53.wav,157869418,73534,WAV,Audio,aud:2207,SOURCE_COMPLETE,Audio/latin/l53.wav,Audio/index.html,1,ENTRY_ID is the zero-based archive table ordinal
E:\cultures\vanilla-data\DataX\Libs\data0001.lib,2208,data\engine2d\bin\sounds\humantalk\latin\l80.wav,158345438,40878,WAV,Audio,aud:2208,SOURCE_COMPLETE,Audio/latin/l80.wav,Audio/index.html,1,ENTRY_ID is the zero-based archive table ordinal
E:\cultures\vanilla-data\DataX\Libs\data0001.lib,2209,data\maps\campaign_03_01_sub\text\eng\briefings\0004.hlt,205597793,152,HLT,Native documents,doc:2209,SOURCE_COMPLETE,Metadata/Sources/Raw/data/maps/campaign_03_01_sub/text/eng/briefings/0004.hlt,Metadata/Sources/index.html,1,ENTRY_ID is the zero-based archive table ordinal
E:\cultures\vanilla-data\DataX\Libs\data0001.lib,2210,data\maps\campaign_03_01_sub\text\eng\briefings\0400.hlt,205598932,152,HLT,Native documents,doc:2210,SOURCE_COMPLETE,Metadata/Sources/Raw/data/maps/campaign_03_01_sub/text/eng/briefings/0400.hlt,Metadata/Sources/index.html,1,ENTRY_ID is the zero-based archive table ordinal
E:\cultures\vanilla-data\DataX\Libs\data0001.lib,2211,data\maps\campaign_03_02_sub\text\eng\briefings\0003.hlt,208450734,122,HLT,Native documents,doc:2211,SOURCE_COMPLETE,Metadata/Sources/Raw/data/maps/campaign_03_02_sub/text/eng/briefings/0003.hlt,Metadata/Sources/index.html,1,ENTRY_ID is the zero-based archive table ordinal
E:\cultures\vanilla-data\DataX\Libs\data0001.lib,2212,data\maps\campaign_03_02_sub\text\eng\briefings\0300.hlt,208452414,152,HLT,Native documents,doc:2212,SOURCE_COMPLETE,Metadata/Sources/Raw/data/maps/campaign_03_02_sub/text/eng/briefings/0300.hlt,Metadata/Sources/index.html,1,ENTRY_ID is the zero-based archive table ordinal
E:\cultures\vanilla-data\DataX\Libs\data0001.lib,2213,data\maps\campaign_03_06\text\eng\briefings\fonts\fonthead16bld.fnt,216948949,23016,FNT,Fonts,font:2213,SOURCE_COMPLETE,,UI/Fonts/index.html,1,ENTRY_ID is the zero-based archive table ordinal
E:\cultures\vanilla-data\DataX\Libs\data0001.lib,2214,data\maps\singleplayer_03_01\text\eng\briefings\fonts\font10.fnt,236211847,15083,FNT,Fonts,font:2214,SOURCE_COMPLETE,,UI/Fonts/index.html,1,ENTRY_ID is the zero-based archive table ordinal
E:\cultures\vanilla-data\DataX\Libs\data0001.lib,2215,data\maps\tutorial_002\text\eng\briefings\0019.hlt,246721151,122,HLT,Native documents,doc:2215,SOURCE_COMPLETE,Metadata/Sources/Raw/data/maps/tutorial_002/text/eng/briefings/0019.hlt,Metadata/Sources/index.html,1,ENTRY_ID is the zero-based archive table ordinal
E:\cultures\vanilla-data\DataX\Libs\data0001.lib,2216,data\maps\tutorial_003\text\eng\briefings\0009.hlt,247701176,120,HLT,Native documents,doc:2216,SOURCE_COMPLETE,Metadata/Sources/Raw/data/maps/tutorial_003/text/eng/briefings/0009.hlt,Metadata/Sources/index.html,1,ENTRY_ID is the zero-based archive table ordinal
E:\cultures\vanilla-data\DataX\Libs\data0001.lib,2217,data\maps\tutorial_003\text\eng\briefings\0018.hlt,247702266,122,HLT,Native documents,doc:2217,SOURCE_COMPLETE,Metadata/Sources/Raw/data/maps/tutorial_003/text/eng/briefings/0018.hlt,Metadata/Sources/index.html,1,ENTRY_ID is the zero-based archive table ordinal
E:\cultures\vanilla-data\DataX\Libs\data0001.lib,2218,data\maps\tutorial_004\text\eng\briefings\0008.hlt,248555975,120,HLT,Native documents,doc:2218,SOURCE_COMPLETE,Metadata/Sources/Raw/data/maps/tutorial_004/text/eng/briefings/0008.hlt,Metadata/Sources/index.html,1,ENTRY_ID is the zero-based archive table ordinal
E:\cultures\vanilla-data\DataX\Libs\data0001.lib,2219,data\maps\tutorial_004\text\eng\briefings\0017.hlt,248557063,122,HLT,Native documents,doc:2219,SOURCE_COMPLETE,Metadata/Sources/Raw/data/maps/tutorial_004/text/eng/briefings/0017.hlt,Metadata/Sources/index.html,1,ENTRY_ID is the zero-based archive table ordinal
E:\cultures\vanilla-data\DataX\Libs\data0001.lib,2220,data\maps\tutorial_005\text\eng\briefings\0007.hlt,249412554,120,HLT,Native documents,doc:2220,SOURCE_COMPLETE,Metadata/Sources/Raw/data/maps/tutorial_005/text/eng/briefings/0007.hlt,Metadata/Sources/index.html,1,ENTRY_ID is the zero-based archive table ordinal
E:\cultures\vanilla-data\DataX\Libs\data0001.lib,2221,data\maps\tutorial_005\text\eng\briefings\0016.hlt,249413673,120,HLT,Native documents,doc:2221,SOURCE_COMPLETE,Metadata/Sources/Raw/data/maps/tutorial_005/text/eng/briefings/0016.hlt,Metadata/Sources/index.html,1,ENTRY_ID is the zero-based archive table ordinal
E:\cultures\vanilla-data\DataX\Libs\data0001.lib,2222,data\maps\tutorial_006\text\eng\briefings\0006.hlt,250965773,153,HLT,Native documents,doc:2222,SOURCE_COMPLETE,Metadata/Sources/Raw/data/maps/tutorial_006/text/eng/briefings/0006.hlt,Metadata/Sources/index.html,1,ENTRY_ID is the zero-based archive table ordinal
E:\cultures\vanilla-data\DataX\Libs\data0001.lib,2223,data\maps\tutorial_006\text\eng\briefings\0015.hlt,250966989,120,HLT,Native documents,doc:2223,SOURCE_COMPLETE,Metadata/Sources/Raw/data/maps/tutorial_006/text/eng/briefings/0015.hlt,Metadata/Sources/index.html,1,ENTRY_ID is the zero-based archive table ordinal
E:\cultures\vanilla-data\DataX\Libs\data0001.lib,2224,data\maps\tutorial_007\text\eng\briefings\0005.hlt,252415783,153,HLT,Native documents,doc:2224,SOURCE_COMPLETE,Metadata/Sources/Raw/data/maps/tutorial_007/text/eng/briefings/0005.hlt,Metadata/Sources/index.html,1,ENTRY_ID is the zero-based archive table ordinal
E:\cultures\vanilla-data\DataX\Libs\data0001.lib,2225,data\maps\tutorial_007\text\eng\briefings\0014.hlt,252417092,122,HLT,Native documents,doc:2225,SOURCE_COMPLETE,Metadata/Sources/Raw/data/maps/tutorial_007/text/eng/briefings/0014.hlt,Metadata/Sources/index.html,1,ENTRY_ID is the zero-based archive table ordinal
E:\cultures\vanilla-data\DataX\Libs\data0001.lib,2226,data\maps\tutorial_007\text\eng\briefings\0050.hlt,252417942,347,HLT,Native documents,doc:2226,SOURCE_COMPLETE,Metadata/Sources/Raw/data/maps/tutorial_007/text/eng/briefings/0050.hlt,Metadata/Sources/index.html,1,ENTRY_ID is the zero-based archive table ordinal
E:\cultures\vanilla-data\DataX\Libs\data0001.lib,2227,data\engine2d\bin\sounds\generic\human_gasp m 01.wav,151532464,28632,WAV,Audio,aud:2227,SOURCE_COMPLETE,Audio/generic/human_gasp m 01.wav,Audio/index.html,1,ENTRY_ID is the zero-based archive table ordinal
E:\cultures\vanilla-data\DataX\Libs\data0001.lib,2228,data\engine2d\bin\sounds\generic\human_sigh m 01.wav,152586788,61288,WAV,Audio,aud:2228,SOURCE_COMPLETE,Audio/generic/human_sigh m 01.wav,Audio/index.html,1,ENTRY_ID is the zero-based archive table ordinal
E:\cultures\vanilla-data\DataX\Libs\data0001.lib,2229,data\engine2d\bin\sounds\humantalk\latin\l09.wav,155086776,20468,WAV,Audio,aud:2229,SOURCE_COMPLETE,Audio/latin/l09.wav,Audio/index.html,1,ENTRY_ID is the zero-based archive table ordinal
E:\cultures\vanilla-data\DataX\Libs\data0001.lib,2230,data\engine2d\bin\sounds\humantalk\latin\l18.wav,155667180,47002,WAV,Audio,aud:2230,SOURCE_COMPLETE,Audio/latin/l18.wav,Audio/index.html,1,ENTRY_ID is the zero-based archive table ordinal
E:\cultures\vanilla-data\DataX\Libs\data0001.lib,2231,data\engine2d\bin\sounds\humantalk\latin\l27.wav,156149382,57206,WAV,Audio,aud:2231,SOURCE_COMPLETE,Audio/latin/l27.wav,Audio/index.html,1,ENTRY_ID is the zero-based archive table ordinal
E:\cultures\vanilla-data\DataX\Libs\data0001.lib,2232,data\engine2d\bin\sounds\humantalk\latin\l36.wav,156815272,59248,WAV,Audio,aud:2232,SOURCE_COMPLETE,Audio/latin/l36.wav,Audio/index.html,1,ENTRY_ID is the zero-based archive table ordinal
E:\cultures\vanilla-data\DataX\Libs\data0001.lib,2233,data\engine2d\bin\sounds\humantalk\latin\l45.wav,157319924,34756,WAV,Audio,aud:2233,SOURCE_COMPLETE,Audio/latin/l45.wav,Audio/index.html,1,ENTRY_ID is the zero-based archive table ordinal
E:\cultures\vanilla-data\DataX\Libs\data0001.lib,2234,data\engine2d\bin\sounds\humantalk\latin\l54.wav,157942952,79658,WAV,Audio,aud:2234,SOURCE_COMPLETE,Audio/latin/l54.wav,Audio/index.html,1,ENTRY_ID is the zero-based archive table ordinal
E:\cultures\vanilla-data\DataX\Libs\data0001.lib,2235,data\engine2d\bin\sounds\humantalk\latin\l81.wav,158386316,65370,WAV,Audio,aud:2235,SOURCE_COMPLETE,Audio/latin/l81.wav,Audio/index.html,1,ENTRY_ID is the zero-based archive table ordinal
E:\cultures\vanilla-data\DataX\Libs\data0001.lib,2236,data\engine2d\bin\sounds\humantalk\latin\l90.wav,158809330,42920,WAV,Audio,aud:2236,SOURCE_COMPLETE,Audio/latin/l90.wav,Audio/index.html,1,ENTRY_ID is the zero-based archive table ordinal
E:\cultures\vanilla-data\DataX\Libs\data0001.lib,2237,data\engine2d\bin\textures\overlay_house.pcx,187784640,59317,PCX,Images,img:2237,PIXEL_CONFIRMED,Terrain/Textures/overlay_house.png,Terrain/Textures/index.html,3,ENTRY_ID is the zero-based archive table ordinal
E:\cultures\vanilla-data\DataX\Libs\data0001.lib,2238,data\engine2d\inis\particel\particel.cif,195245533,6354,CIF,Native definitions,cif:2238,SOURCE_COMPLETE,Metadata/Sources/CIF/data/engine2d/inis/particel/particel.cif.txt,Metadata/Sources/index.html,1,ENTRY_ID is the zero-based archive table ordinal
E:\cultures\vanilla-data\DataX\Libs\data0001.lib,2239,data\maps\campaign_03_01_sub\text\eng\briefings\0005.hlt,205597945,151,HLT,Native documents,doc:2239,SOURCE_COMPLETE,Metadata/Sources/Raw/data/maps/campaign_03_01_sub/text/eng/briefings/0005.hlt,Metadata/Sources/index.html,1,ENTRY_ID is the zero-based archive table ordinal
E:\cultures\vanilla-data\DataX\Libs\data0001.lib,2240,data\maps\campaign_03_01_sub\text\eng\briefings\0050.hlt,205598096,380,HLT,Native documents,doc:2240,SOURCE_COMPLETE,Metadata/Sources/Raw/data/maps/campaign_03_01_sub/text/eng/briefings/0050.hlt,Metadata/Sources/index.html,1,ENTRY_ID is the zero-based archive table ordinal
E:\cultures\vanilla-data\DataX\Libs\data0001.lib,2241,data\maps\campaign_03_02_sub\text\eng\briefings\0004.hlt,208450856,122,HLT,Native documents,doc:2241,SOURCE_COMPLETE,Metadata/Sources/Raw/data/maps/campaign_03_02_sub/text/eng/briefings/0004.hlt,Metadata/Sources/index.html,1,ENTRY_ID is the zero-based archive table ordinal
E:\cultures\vanilla-data\DataX\Libs\data0001.lib,2242,data\maps\campaign_03_02_sub\text\eng\briefings\0400.hlt,208452566,152,HLT,Native documents,doc:2242,SOURCE_COMPLETE,Metadata/Sources/Raw/data/maps/campaign_03_02_sub/text/eng/briefings/0400.hlt,Metadata/Sources/index.html,1,ENTRY_ID is the zero-based archive table ordinal
E:\cultures\vanilla-data\DataX\Libs\data0001.lib,2243,data\maps\campaign_03_07\text\eng\briefings\fonts\fonthead16bld.fnt,220612269,23016,FNT,Fonts,font:2243,SOURCE_COMPLETE,,UI/Fonts/index.html,1,ENTRY_ID is the zero-based archive table ordinal
E:\cultures\vanilla-data\DataX\Libs\data0001.lib,2244,data\maps\singleplayer_03_02\text\eng\briefings\fonts\font10.fnt,238039170,15083,FNT,Fonts,font:2244,SOURCE_COMPLETE,,UI/Fonts/index.html,1,ENTRY_ID is the zero-based archive table ordinal
E:\cultures\vanilla-data\DataX\Libs\data0001.lib,2245,data\maps\tutorial_003\text\eng\briefings\0019.hlt,247702388,122,HLT,Native documents,doc:2245,SOURCE_COMPLETE,Metadata/Sources/Raw/data/maps/tutorial_003/text/eng/briefings/0019.hlt,Metadata/Sources/index.html,1,ENTRY_ID is the zero-based archive table ordinal
E:\cultures\vanilla-data\DataX\Libs\data0001.lib,2246,data\maps\tutorial_004\text\eng\briefings\0009.hlt,248556095,120,HLT,Native documents,doc:2246,SOURCE_COMPLETE,Metadata/Sources/Raw/data/maps/tutorial_004/text/eng/briefings/0009.hlt,Metadata/Sources/index.html,1,ENTRY_ID is the zero-based archive table ordinal
E:\cultures\vanilla-data\DataX\Libs\data0001.lib,2247,data\maps\tutorial_004\text\eng\briefings\0018.hlt,248557185,122,HLT,Native documents,doc:2247,SOURCE_COMPLETE,Metadata/Sources/Raw/data/maps/tutorial_004/text/eng/briefings/0018.hlt,Metadata/Sources/index.html,1,ENTRY_ID is the zero-based archive table ordinal
E:\cultures\vanilla-data\DataX\Libs\data0001.lib,2248,data\maps\tutorial_005\text\eng\briefings\0008.hlt,249412674,153,HLT,Native documents,doc:2248,SOURCE_COMPLETE,Metadata/Sources/Raw/data/maps/tutorial_005/text/eng/briefings/0008.hlt,Metadata/Sources/index.html,1,ENTRY_ID is the zero-based archive table ordinal
E:\cultures\vanilla-data\DataX\Libs\data0001.lib,2249,data\maps\tutorial_005\text\eng\briefings\0017.hlt,249413793,122,HLT,Native documents,doc:2249,SOURCE_COMPLETE,Metadata/Sources/Raw/data/maps/tutorial_005/text/eng/briefings/0017.hlt,Metadata/Sources/index.html,1,ENTRY_ID is the zero-based archive table ordinal
E:\cultures\vanilla-data\DataX\Libs\data0001.lib,2250,data\maps\tutorial_006\text\eng\briefings\0007.hlt,250965926,120,HLT,Native documents,doc:2250,SOURCE_COMPLETE,Metadata/Sources/Raw/data/maps/tutorial_006/text/eng/briefings/0007.hlt,Metadata/Sources/index.html,1,ENTRY_ID is the zero-based archive table ordinal
E:\cultures\vanilla-data\DataX\Libs\data0001.lib,2251,data\maps\tutorial_006\text\eng\briefings\0016.hlt,250967109,120,HLT,Native documents,doc:2251,SOURCE_COMPLETE,Metadata/Sources/Raw/data/maps/tutorial_006/text/eng/briefings/0016.hlt,Metadata/Sources/index.html,1,ENTRY_ID is the zero-based archive table ordinal
E:\cultures\vanilla-data\DataX\Libs\data0001.lib,2252,data\maps\tutorial_007\text\eng\briefings\0006.hlt,252415936,120,HLT,Native documents,doc:2252,SOURCE_COMPLETE,Metadata/Sources/Raw/data/maps/tutorial_007/text/eng/briefings/0006.hlt,Metadata/Sources/index.html,1,ENTRY_ID is the zero-based archive table ordinal
E:\cultures\vanilla-data\DataX\Libs\data0001.lib,2253,data\maps\tutorial_007\text\eng\briefings\0015.hlt,252417214,120,HLT,Native documents,doc:2253,SOURCE_COMPLETE,Metadata/Sources/Raw/data/maps/tutorial_007/text/eng/briefings/0015.hlt,Metadata/Sources/index.html,1,ENTRY_ID is the zero-based archive table ordinal
E:\cultures\vanilla-data\DataX\Libs\data0001.lib,2254,data\edit\randomgroups\random_groups_landscapes.cif,2801471,25682,CIF,Native definitions,cif:2254,SOURCE_COMPLETE,Metadata/Sources/CIF/data/edit/randomgroups/random_groups_landscapes.cif.txt,Metadata/Sources/index.html,1,ENTRY_ID is the zero-based archive table ordinal
E:\cultures\vanilla-data\DataX\Libs\data0001.lib,2255,data\engine2d\bin\sounds\generic\human_gasp m 02.wav,151561096,14346,WAV,Audio,aud:2255,SOURCE_COMPLETE,Audio/generic/human_gasp m 02.wav,Audio/index.html,1,ENTRY_ID is the zero-based archive table ordinal
E:\cultures\vanilla-data\DataX\Libs\data0001.lib,2256,data\engine2d\bin\sounds\generic\human_sigh m 02.wav,152648076,49042,WAV,Audio,aud:2256,SOURCE_COMPLETE,Audio/generic/human_sigh m 02.wav,Audio/index.html,1,ENTRY_ID is the zero-based archive table ordinal
E:\cultures\vanilla-data\DataX\Libs\data0001.lib,2257,data\engine2d\bin\sounds\humantalk\latin\l19.wav,155714182,49042,WAV,Audio,aud:2257,SOURCE_COMPLETE,Audio/latin/l19.wav,Audio/index.html,1,ENTRY_ID is the zero-based archive table ordinal
E:\cultures\vanilla-data\DataX\Libs\data0001.lib,2258,data\engine2d\bin\sounds\humantalk\latin\l28.wav,156206588,65370,WAV,Audio,aud:2258,SOURCE_COMPLETE,Audio/latin/l28.wav,Audio/index.html,1,ENTRY_ID is the zero-based archive table ordinal
E:\cultures\vanilla-data\DataX\Libs\data0001.lib,2259,data\engine2d\bin\sounds\humantalk\latin\l37.wav,156874520,87822,WAV,Audio,aud:2259,SOURCE_COMPLETE,Audio/latin/l37.wav,Audio/index.html,1,ENTRY_ID is the zero-based archive table ordinal
E:\cultures\vanilla-data\DataX\Libs\data0001.lib,2260,data\engine2d\bin\sounds\humantalk\latin\l46.wav,157354680,36796,WAV,Audio,aud:2260,SOURCE_COMPLETE,Audio/latin/l46.wav,Audio/index.html,1,ENTRY_ID is the zero-based archive table ordinal
E:\cultures\vanilla-data\DataX\Libs\data0001.lib,2261,data\engine2d\bin\sounds\humantalk\latin\l55.wav,158022610,77616,WAV,Audio,aud:2261,SOURCE_COMPLETE,Audio/latin/l55.wav,Audio/index.html,1,ENTRY_ID is the zero-based archive table ordinal
E:\cultures\vanilla-data\DataX\Libs\data0001.lib,2262,data\engine2d\bin\sounds\humantalk\latin\l82.wav,158451686,40878,WAV,Audio,aud:2262,SOURCE_COMPLETE,Audio/latin/l82.wav,Audio/index.html,1,ENTRY_ID is the zero-based archive table ordinal
E:\cultures\vanilla-data\DataX\Libs\data0001.lib,2263,data\engine2d\bin\sounds\humantalk\latin\l91.wav,158852250,55166,WAV,Audio,aud:2263,SOURCE_COMPLETE,Audio/latin/l91.wav,Audio/index.html,1,ENTRY_ID is the zero-based archive table ordinal
E:\cultures\vanilla-data\DataX\Libs\data0001.lib,2264,data\maps\campaign_03_02_sub\text\eng\briefings\0005.hlt,208450978,149,HLT,Native documents,doc:2264,SOURCE_COMPLETE,Metadata/Sources/Raw/data/maps/campaign_03_02_sub/text/eng/briefings/0005.hlt,Metadata/Sources/index.html,1,ENTRY_ID is the zero-based archive table ordinal
E:\cultures\vanilla-data\DataX\Libs\data0001.lib,2265,data\maps\campaign_03_02_sub\text\eng\briefings\0050.hlt,208451767,343,HLT,Native documents,doc:2265,SOURCE_COMPLETE,Metadata/Sources/Raw/data/maps/campaign_03_02_sub/text/eng/briefings/0050.hlt,Metadata/Sources/index.html,1,ENTRY_ID is the zero-based archive table ordinal
E:\cultures\vanilla-data\DataX\Libs\data0001.lib,2266,data\maps\campaign_03_08\text\eng\briefings\fonts\fonthead16bld.fnt,222847108,23016,FNT,Fonts,font:2266,SOURCE_COMPLETE,,UI/Fonts/index.html,1,ENTRY_ID is the zero-based archive table ordinal
E:\cultures\vanilla-data\DataX\Libs\data0001.lib,2267,data\maps\singleplayer_03_01\text\eng\briefings\fonts\font12.fnt,236226930,17840,FNT,Fonts,font:2267,SOURCE_COMPLETE,,UI/Fonts/index.html,1,ENTRY_ID is the zero-based archive table ordinal
E:\cultures\vanilla-data\DataX\Libs\data0001.lib,2268,data\maps\singleplayer_03_03\text\eng\briefings\fonts\font10.fnt,239202163,15083,FNT,Fonts,font:2268,SOURCE_COMPLETE,,UI/Fonts/index.html,1,ENTRY_ID is the zero-based archive table ordinal
E:\cultures\vanilla-data\DataX\Libs\data0001.lib,2269,data\maps\tutorial_004\text\eng\briefings\0019.hlt,248557307,122,HLT,Native documents,doc:2269,SOURCE_COMPLETE,Metadata/Sources/Raw/data/maps/tutorial_004/text/eng/briefings/0019.hlt,Metadata/Sources/index.html,1,ENTRY_ID is the zero-based archive table ordinal
E:\cultures\vanilla-data\DataX\Libs\data0001.lib,2270,data\maps\tutorial_005\text\eng\briefings\0009.hlt,249412827,120,HLT,Native documents,doc:2270,SOURCE_COMPLETE,Metadata/Sources/Raw/data/maps/tutorial_005/text/eng/briefings/0009.hlt,Metadata/Sources/index.html,1,ENTRY_ID is the zero-based archive table ordinal
E:\cultures\vanilla-data\DataX\Libs\data0001.lib,2271,data\maps\tutorial_005\text\eng\briefings\0018.hlt,249413915,122,HLT,Native documents,doc:2271,SOURCE_COMPLETE,Metadata/Sources/Raw/data/maps/tutorial_005/text/eng/briefings/0018.hlt,Metadata/Sources/index.html,1,ENTRY_ID is the zero-based archive table ordinal
E:\cultures\vanilla-data\DataX\Libs\data0001.lib,2272,data\maps\tutorial_006\text\eng\briefings\0008.hlt,250966046,153,HLT,Native documents,doc:2272,SOURCE_COMPLETE,Metadata/Sources/Raw/data/maps/tutorial_006/text/eng/briefings/0008.hlt,Metadata/Sources/index.html,1,ENTRY_ID is the zero-based archive table ordinal
E:\cultures\vanilla-data\DataX\Libs\data0001.lib,2273,data\maps\tutorial_006\text\eng\briefings\0017.hlt,250967229,154,HLT,Native documents,doc:2273,SOURCE_COMPLETE,Metadata/Sources/Raw/data/maps/tutorial_006/text/eng/briefings/0017.hlt,Metadata/Sources/index.html,1,ENTRY_ID is the zero-based archive table ordinal
E:\cultures\vanilla-data\DataX\Libs\data0001.lib,2274,data\maps\tutorial_007\text\eng\briefings\0007.hlt,252416056,152,HLT,Native documents,doc:2274,SOURCE_COMPLETE,Metadata/Sources/Raw/data/maps/tutorial_007/text/eng/briefings/0007.hlt,Metadata/Sources/index.html,1,ENTRY_ID is the zero-based archive table ordinal
E:\cultures\vanilla-data\DataX\Libs\data0001.lib,2275,data\maps\tutorial_007\text\eng\briefings\0016.hlt,252417334,120,HLT,Native documents,doc:2275,SOURCE_COMPLETE,Metadata/Sources/Raw/data/maps/tutorial_007/text/eng/briefings/0016.hlt,Metadata/Sources/index.html,1,ENTRY_ID is the zero-based archive table ordinal
E:\cultures\vanilla-data\DataX\Libs\data0001.lib,2276,data\engine2d\bin\bobs\ls_bridge_s.bmd,81031455,10671,BMD,Source libraries,lib:ls_bridge_s,SOURCE_COMPLETE,Shared/SourceLibraries/ls_bridge_s/library.json,Shared/SourceLibraries/index.html,1,ENTRY_ID is the zero-based archive table ordinal
E:\cultures\vanilla-data\DataX\Libs\data0001.lib,2277,data\engine2d\bin\sounds\ambient\oracleloop.wav,141562254,183426,WAV,Audio,aud:2277,SOURCE_COMPLETE,Audio/ambient/oracleloop.wav,Audio/index.html,1,ENTRY_ID is the zero-based archive table ordinal
E:\cultures\vanilla-data\DataX\Libs\data0001.lib,2278,data\engine2d\bin\sounds\humantalk\latin\l29.wav,156271958,69452,WAV,Audio,aud:2278,SOURCE_COMPLETE,Audio/latin/l29.wav,Audio/index.html,1,ENTRY_ID is the zero-based archive table ordinal
E:\cultures\vanilla-data\DataX\Libs\data0001.lib,2279,data\engine2d\bin\sounds\humantalk\latin\l38.wav,156962342,87822,WAV,Audio,aud:2279,SOURCE_COMPLETE,Audio/latin/l38.wav,Audio/index.html,1,ENTRY_ID is the zero-based archive table ordinal
E:\cultures\vanilla-data\DataX\Libs\data0001.lib,2280,data\engine2d\bin\sounds\humantalk\latin\l47.wav,157391476,67410,WAV,Audio,aud:2280,SOURCE_COMPLETE,Audio/latin/l47.wav,Audio/index.html,1,ENTRY_ID is the zero-based archive table ordinal
E:\cultures\vanilla-data\DataX\Libs\data0001.lib,2281,data\engine2d\bin\sounds\humantalk\latin\l56.wav,158100226,51084,WAV,Audio,aud:2281,SOURCE_COMPLETE,Audio/latin/l56.wav,Audio/index.html,1,ENTRY_ID is the zero-based archive table ordinal
E:\cultures\vanilla-data\DataX\Libs\data0001.lib,2282,data\engine2d\bin\sounds\humantalk\latin\l83.wav,158492564,51084,WAV,Audio,aud:2282,SOURCE_COMPLETE,Audio/latin/l83.wav,Audio/index.html,1,ENTRY_ID is the zero-based archive table ordinal
E:\cultures\vanilla-data\DataX\Libs\data0001.lib,2283,data\engine2d\bin\sounds\humantalk\latin\l92.wav,158907416,32714,WAV,Audio,aud:2283,SOURCE_COMPLETE,Audio/latin/l92.wav,Audio/index.html,1,ENTRY_ID is the zero-based archive table ordinal
E:\cultures\vanilla-data\DataX\Libs\data0001.lib,2284,data\gui\palettes\context.pcx,202170050,901,PCX,Images,img:2284,PIXEL_CONFIRMED,UI/Palettes/context.png,UI/Images/index.html,1,ENTRY_ID is the zero-based archive table ordinal
E:\cultures\vanilla-data\DataX\Libs\data0001.lib,2285,data\maps\campaign_03_02_sub\text\eng\briefings\0006.hlt,208451127,122,HLT,Native documents,doc:2285,SOURCE_COMPLETE,Metadata/Sources/Raw/data/maps/campaign_03_02_sub/text/eng/briefings/0006.hlt,Metadata/Sources/index.html,1,ENTRY_ID is the zero-based archive table ordinal
E:\cultures\vanilla-data\DataX\Libs\data0001.lib,2286,data\maps\multiplayer_203_special_militär\text\eng\briefings\palettes\pal_white.bmp,232138148,65078,BMP,Images,img:2286,SOURCE_COMPLETE,UI/Maps/multiplayer_203_special_militär/text_eng_briefings_palettes/pal_white.png,UI/Images/index.html,1,ENTRY_ID is the zero-based archive table ordinal
E:\cultures\vanilla-data\DataX\Libs\data0001.lib,2287,data\maps\singleplayer_03_02\text\eng\briefings\fonts\font12.fnt,238054253,17840,FNT,Fonts,font:2287,SOURCE_COMPLETE,,UI/Fonts/index.html,1,ENTRY_ID is the zero-based archive table ordinal
E:\cultures\vanilla-data\DataX\Libs\data0001.lib,2288,data\maps\singleplayer_03_04\text\eng\briefings\fonts\font10.fnt,240489190,15083,FNT,Fonts,font:2288,SOURCE_COMPLETE,,UI/Fonts/index.html,1,ENTRY_ID is the zero-based archive table ordinal
E:\cultures\vanilla-data\DataX\Libs\data0001.lib,2289,data\maps\tutorial_005\text\eng\briefings\0019.hlt,249414037,122,HLT,Native documents,doc:2289,SOURCE_COMPLETE,Metadata/Sources/Raw/data/maps/tutorial_005/text/eng/briefings/0019.hlt,Metadata/Sources/index.html,1,ENTRY_ID is the zero-based archive table ordinal
E:\cultures\vanilla-data\DataX\Libs\data0001.lib,2290,data\maps\tutorial_006\text\eng\briefings\0009.hlt,250966199,120,HLT,Native documents,doc:2290,SOURCE_COMPLETE,Metadata/Sources/Raw/data/maps/tutorial_006/text/eng/briefings/0009.hlt,Metadata/Sources/index.html,1,ENTRY_ID is the zero-based archive table ordinal
E:\cultures\vanilla-data\DataX\Libs\data0001.lib,2291,data\maps\tutorial_006\text\eng\briefings\0018.hlt,250967383,122,HLT,Native documents,doc:2291,SOURCE_COMPLETE,Metadata/Sources/Raw/data/maps/tutorial_006/text/eng/briefings/0018.hlt,Metadata/Sources/index.html,1,ENTRY_ID is the zero-based archive table ordinal
E:\cultures\vanilla-data\DataX\Libs\data0001.lib,2292,data\maps\tutorial_007\text\eng\briefings\0008.hlt,252416208,152,HLT,Native documents,doc:2292,SOURCE_COMPLETE,Metadata/Sources/Raw/data/maps/tutorial_007/text/eng/briefings/0008.hlt,Metadata/Sources/index.html,1,ENTRY_ID is the zero-based archive table ordinal
E:\cultures\vanilla-data\DataX\Libs\data0001.lib,2293,data\maps\tutorial_007\text\eng\briefings\0017.hlt,252417454,122,HLT,Native documents,doc:2293,SOURCE_COMPLETE,Metadata/Sources/Raw/data/maps/tutorial_007/text/eng/briefings/0017.hlt,Metadata/Sources/index.html,1,ENTRY_ID is the zero-based archive table ordinal
E:\cultures\vanilla-data\DataX\Libs\data0001.lib,2294,data\engine2d\bin\sounds\humantalk\latin\l39.wav,157050164,87822,WAV,Audio,aud:2294,SOURCE_COMPLETE,Audio/latin/l39.wav,Audio/index.html,1,ENTRY_ID is the zero-based archive table ordinal
E:\cultures\vanilla-data\DataX\Libs\data0001.lib,2295,data\engine2d\bin\sounds\humantalk\latin\l48.wav,157458886,77616,WAV,Audio,aud:2295,SOURCE_COMPLETE,Audio/latin/l48.wav,Audio/index.html,1,ENTRY_ID is the zero-based archive table ordinal
E:\cultures\vanilla-data\DataX\Libs\data0001.lib,2296,data\engine2d\bin\sounds\humantalk\latin\l57.wav,158151310,49042,WAV,Audio,aud:2296,SOURCE_COMPLETE,Audio/latin/l57.wav,Audio/index.html,1,ENTRY_ID is the zero-based archive table ordinal
E:\cultures\vanilla-data\DataX\Libs\data0001.lib,2297,data\engine2d\bin\sounds\humantalk\latin\l84.wav,158543648,32714,WAV,Audio,aud:2297,SOURCE_COMPLETE,Audio/latin/l84.wav,Audio/index.html,1,ENTRY_ID is the zero-based archive table ordinal
E:\cultures\vanilla-data\DataX\Libs\data0001.lib,2298,data\engine2d\bin\sounds\humantalk\latin\l93.wav,158940130,63330,WAV,Audio,aud:2298,SOURCE_COMPLETE,Audio/latin/l93.wav,Audio/index.html,1,ENTRY_ID is the zero-based archive table ordinal
E:\cultures\vanilla-data\DataX\Libs\data0001.lib,2299,data\engine2d\bin\sounds\static\swing01.wav,185464774,14346,WAV,Audio,aud:2299,SOURCE_COMPLETE,Audio/static/swing01.wav,Audio/index.html,1,ENTRY_ID is the zero-based archive table ordinal
E:\cultures\vanilla-data\DataX\Libs\data0001.lib,2300,data\maps\campaign_03_02_sub\text\eng\briefings\0007.hlt,208451249,122,HLT,Native documents,doc:2300,SOURCE_COMPLETE,Metadata/Sources/Raw/data/maps/campaign_03_02_sub/text/eng/briefings/0007.hlt,Metadata/Sources/index.html,1,ENTRY_ID is the zero-based archive table ordinal
E:\cultures\vanilla-data\DataX\Libs\data0001.lib,2301,data\maps\singleplayer_03_03\text\eng\briefings\fonts\font12.fnt,239217246,17840,FNT,Fonts,font:2301,SOURCE_COMPLETE,,UI/Fonts/index.html,1,ENTRY_ID is the zero-based archive table ordinal
E:\cultures\vanilla-data\DataX\Libs\data0001.lib,2302,data\maps\singleplayer_03_05\text\eng\briefings\fonts\font10.fnt,243387610,15083,FNT,Fonts,font:2302,SOURCE_COMPLETE,,UI/Fonts/index.html,1,ENTRY_ID is the zero-based archive table ordinal
E:\cultures\vanilla-data\DataX\Libs\data0001.lib,2303,data\maps\tutorial_006\text\eng\briefings\0019.hlt,250967505,122,HLT,Native documents,doc:2303,SOURCE_COMPLETE,Metadata/Sources/Raw/data/maps/tutorial_006/text/eng/briefings/0019.hlt,Metadata/Sources/index.html,1,ENTRY_ID is the zero-based archive table ordinal
E:\cultures\vanilla-data\DataX\Libs\data0001.lib,2304,data\maps\tutorial_007\text\eng\briefings\0009.hlt,252416360,152,HLT,Native documents,doc:2304,SOURCE_COMPLETE,Metadata/Sources/Raw/data/maps/tutorial_007/text/eng/briefings/0009.hlt,Metadata/Sources/index.html,1,ENTRY_ID is the zero-based archive table ordinal
E:\cultures\vanilla-data\DataX\Libs\data0001.lib,2305,data\maps\tutorial_007\text\eng\briefings\0018.hlt,252417576,122,HLT,Native documents,doc:2305,SOURCE_COMPLETE,Metadata/Sources/Raw/data/maps/tutorial_007/text/eng/briefings/0018.hlt,Metadata/Sources/index.html,1,ENTRY_ID is the zero-based archive table ordinal
E:\cultures\vanilla-data\DataX\Libs\data0001.lib,2306,data\engine2d\bin\palettes\goods\goods_iron.pcx,132767638,901,PCX,Palettes,img:2306,PIXEL_CONFIRMED,Metadata/Palettes/goods/goods_iron.png,Metadata/Palettes/index.html,1,ENTRY_ID is the zero-based archive table ordinal
E:\cultures\vanilla-data\DataX\Libs\data0001.lib,2307,data\engine2d\bin\sounds\ambient\branchcrack_01.wav,135535842,24550,WAV,Audio,aud:2307,SOURCE_COMPLETE,Audio/ambient/branchcrack_01.wav,Audio/index.html,1,ENTRY_ID is the zero-based archive table ordinal
E:\cultures\vanilla-data\DataX\Libs\data0001.lib,2308,data\engine2d\bin\sounds\humantalk\latin\l49.wav,157536502,100068,WAV,Audio,aud:2308,SOURCE_COMPLETE,Audio/latin/l49.wav,Audio/index.html,1,ENTRY_ID is the zero-based archive table ordinal
E:\cultures\vanilla-data\DataX\Libs\data0001.lib,2309,data\engine2d\bin\sounds\humantalk\latin\l58.wav,158200352,53124,WAV,Audio,aud:2309,SOURCE_COMPLETE,Audio/latin/l58.wav,Audio/index.html,1,ENTRY_ID is the zero-based archive table ordinal
E:\cultures\vanilla-data\DataX\Libs\data0001.lib,2310,data\engine2d\bin\sounds\humantalk\latin\l85.wav,158576362,63330,WAV,Audio,aud:2310,SOURCE_COMPLETE,Audio/latin/l85.wav,Audio/index.html,1,ENTRY_ID is the zero-based archive table ordinal
E:\cultures\vanilla-data\DataX\Libs\data0001.lib,2311,data\engine2d\bin\sounds\humantalk\latin\l94.wav,159003460,40878,WAV,Audio,aud:2311,SOURCE_COMPLETE,Audio/latin/l94.wav,Audio/index.html,1,ENTRY_ID is the zero-based archive table ordinal
E:\cultures\vanilla-data\DataX\Libs\data0001.lib,2312,data\engine2d\bin\sounds\static\swing02.wav,185479120,12304,WAV,Audio,aud:2312,SOURCE_COMPLETE,Audio/static/swing02.wav,Audio/index.html,1,ENTRY_ID is the zero-based archive table ordinal
E:\cultures\vanilla-data\DataX\Libs\data0001.lib,2313,data\logic\vehicletypes.cif,202573256,8174,CIF,Native definitions,cif:2313,SOURCE_COMPLETE,Metadata/Sources/CIF/data/logic/vehicletypes.cif.txt,Metadata/Sources/index.html,1,ENTRY_ID is the zero-based archive table ordinal
E:\cultures\vanilla-data\DataX\Libs\data0001.lib,2314,data\maps\campaign_03_01\text\eng\briefings\palettes\pal_white.bmp,203156623,65078,BMP,Images,img:2314,SOURCE_COMPLETE,UI/Maps/campaign_03_01/text_eng_briefings_palettes/pal_white.png,UI/Images/index.html,1,ENTRY_ID is the zero-based archive table ordinal
E:\cultures\vanilla-data\DataX\Libs\data0001.lib,2315,data\maps\campaign_03_02_sub\text\eng\briefings\0008.hlt,208451371,122,HLT,Native documents,doc:2315,SOURCE_COMPLETE,Metadata/Sources/Raw/data/maps/campaign_03_02_sub/text/eng/briefings/0008.hlt,Metadata/Sources/index.html,1,ENTRY_ID is the zero-based archive table ordinal
E:\cultures\vanilla-data\DataX\Libs\data0001.lib,2316,data\maps\singleplayer_03_04\text\eng\briefings\fonts\font12.fnt,240504273,17840,FNT,Fonts,font:2316,SOURCE_COMPLETE,,UI/Fonts/index.html,1,ENTRY_ID is the zero-based archive table ordinal
E:\cultures\vanilla-data\DataX\Libs\data0001.lib,2317,data\maps\tutorial_007\text\eng\briefings\0019.hlt,252417698,122,HLT,Native documents,doc:2317,SOURCE_COMPLETE,Metadata/Sources/Raw/data/maps/tutorial_007/text/eng/briefings/0019.hlt,Metadata/Sources/index.html,1,ENTRY_ID is the zero-based archive table ordinal
E:\cultures\vanilla-data\DataX\Libs\data0001.lib,2318,data\engine2d\bin\palettes\creatures\fishes.pcx,132724390,901,PCX,Palettes,img:2318,PIXEL_CONFIRMED,Metadata/Palettes/creatures/fishes.png,Metadata/Palettes/index.html,1,ENTRY_ID is the zero-based archive table ordinal
E:\cultures\vanilla-data\DataX\Libs\data0001.lib,2319,data\engine2d\bin\palettes\goods\goods_wood.pcx,132776648,901,PCX,Palettes,img:2319,PIXEL_CONFIRMED,Metadata/Palettes/goods/goods_wood.png,Metadata/Palettes/index.html,1,ENTRY_ID is the zero-based archive table ordinal
E:\cultures\vanilla-data\DataX\Libs\data0001.lib,2320,data\engine2d\bin\sounds\ambient\branchcrack_02.wav,135560392,49042,WAV,Audio,aud:2320,SOURCE_COMPLETE,Audio/ambient/branchcrack_02.wav,Audio/index.html,1,ENTRY_ID is the zero-based archive table ordinal
E:\cultures\vanilla-data\DataX\Libs\data0001.lib,2321,data\engine2d\bin\sounds\humantalk\latin\l59.wav,158253476,44960,WAV,Audio,aud:2321,SOURCE_COMPLETE,Audio/latin/l59.wav,Audio/index.html,1,ENTRY_ID is the zero-based archive table ordinal
E:\cultures\vanilla-data\DataX\Libs\data0001.lib,2322,data\engine2d\bin\sounds\humantalk\latin\l86.wav,158639692,40878,WAV,Audio,aud:2322,SOURCE_COMPLETE,Audio/latin/l86.wav,Audio/index.html,1,ENTRY_ID is the zero-based archive table ordinal
E:\cultures\vanilla-data\DataX\Libs\data0001.lib,2323,data\engine2d\bin\sounds\humantalk\latin\l95.wav,159044338,61288,WAV,Audio,aud:2323,SOURCE_COMPLETE,Audio/latin/l95.wav,Audio/index.html,1,ENTRY_ID is the zero-based archive table ordinal
E:\cultures\vanilla-data\DataX\Libs\data0001.lib,2324,data\engine2d\bin\sounds\static\lionattack01.wav,182027612,65370,WAV,Audio,aud:2324,SOURCE_COMPLETE,Audio/static/lionattack01.wav,Audio/index.html,1,ENTRY_ID is the zero-based archive table ordinal
E:\cultures\vanilla-data\DataX\Libs\data0001.lib,2325,data\engine2d\bin\sounds\static\swing03.wav,185491424,10264,WAV,Audio,aud:2325,SOURCE_COMPLETE,Audio/static/swing03.wav,Audio/index.html,1,ENTRY_ID is the zero-based archive table ordinal
E:\cultures\vanilla-data\DataX\Libs\data0001.lib,2326,data\gui\lang\eng\bobs\ls_menu_logos_s.bmd,198802641,36,BMD,Source libraries,lib:ls_menu_logos_s,SOURCE_COMPLETE,Shared/SourceLibraries/ls_menu_logos_s/library.json,Shared/SourceLibraries/index.html,1,ENTRY_ID is the zero-based archive table ordinal
E:\cultures\vanilla-data\DataX\Libs\data0001.lib,2327,data\maps\campaign_03_02\text\eng\briefings\palettes\pal_white.bmp,206306474,65078,BMP,Images,img:2327,SOURCE_COMPLETE,UI/Maps/campaign_03_02/text_eng_briefings_palettes/pal_white.png,UI/Images/index.html,1,ENTRY_ID is the zero-based archive table ordinal
E:\cultures\vanilla-data\DataX\Libs\data0001.lib,2328,data\maps\campaign_03_02_sub\text\eng\briefings\0009.hlt,208451493,122,HLT,Native documents,doc:2328,SOURCE_COMPLETE,Metadata/Sources/Raw/data/maps/campaign_03_02_sub/text/eng/briefings/0009.hlt,Metadata/Sources/index.html,1,ENTRY_ID is the zero-based archive table ordinal
E:\cultures\vanilla-data\DataX\Libs\data0001.lib,2329,data\maps\singleplayer_03_05\text\eng\briefings\fonts\font12.fnt,243402693,17840,FNT,Fonts,font:2329,SOURCE_COMPLETE,,UI/Fonts/index.html,1,ENTRY_ID is the zero-based archive table ordinal
E:\cultures\vanilla-data\DataX\Libs\data0001.lib,2330,data\maps\tutorial_001\text\eng\briefings\briefings.txt,245654094,6374,TXT,Native documents,doc:2330,SOURCE_COMPLETE,Metadata/Sources/Raw/data/maps/tutorial_001/text/eng/briefings/briefings.txt,Metadata/Sources/index.html,1,ENTRY_ID is the zero-based archive table ordinal
E:\cultures\vanilla-data\DataX\Libs\data0001.lib,2331,data\text\eng\strings\gameobjects\militarymodes.cif,255171238,190,CIF,Native definitions,cif:2331,SOURCE_COMPLETE,Metadata/Sources/CIF/data/text/eng/strings/gameobjects/militarymodes.cif.txt,Metadata/Sources/index.html,1,ENTRY_ID is the zero-based archive table ordinal
E:\cultures\vanilla-data\DataX\Libs\data0001.lib,2332,data\engine2d\bin\bobs\ls_shipwrecks.bmd,112175554,235022,BMD,Source libraries,lib:ls_shipwrecks,SOURCE_COMPLETE,Shared/SourceLibraries/ls_shipwrecks/library.json,Shared/SourceLibraries/index.html,20,ENTRY_ID is the zero-based archive table ordinal
E:\cultures\vanilla-data\DataX\Libs\data0001.lib,2333,data\engine2d\bin\palettes\creatures\norne01.pcx,132733400,901,PCX,Palettes,img:2333,PIXEL_CONFIRMED,Metadata/Palettes/creatures/norne01.png,Metadata/Palettes/index.html,1,ENTRY_ID is the zero-based archive table ordinal
E:\cultures\vanilla-data\DataX\Libs\data0001.lib,2334,data\engine2d\bin\sounds\ambient\branchcrack_03.wav,135609434,57206,WAV,Audio,aud:2334,SOURCE_COMPLETE,Audio/ambient/branchcrack_03.wav,Audio/index.html,1,ENTRY_ID is the zero-based archive table ordinal
E:\cultures\vanilla-data\DataX\Libs\data0001.lib,2335,data\engine2d\bin\sounds\humantalk\latin\l87.wav,158680570,51084,WAV,Audio,aud:2335,SOURCE_COMPLETE,Audio/latin/l87.wav,Audio/index.html,1,ENTRY_ID is the zero-based archive table ordinal
E:\cultures\vanilla-data\DataX\Libs\data0001.lib,2336,data\engine2d\bin\sounds\humantalk\latin\l96.wav,159105626,38838,WAV,Audio,aud:2336,SOURCE_COMPLETE,Audio/latin/l96.wav,Audio/index.html,1,ENTRY_ID is the zero-based archive table ordinal
E:\cultures\vanilla-data\DataX\Libs\data0001.lib,2337,data\engine2d\bin\sounds\static\lionattack02.wav,182092982,71494,WAV,Audio,aud:2337,SOURCE_COMPLETE,Audio/static/lionattack02.wav,Audio/index.html,1,ENTRY_ID is the zero-based archive table ordinal
E:\cultures\vanilla-data\DataX\Libs\data0001.lib,2338,data\engine2d\bin\sounds\static\swing04.wav,185501688,6182,WAV,Audio,aud:2338,SOURCE_COMPLETE,Audio/static/swing04.wav,Audio/index.html,1,ENTRY_ID is the zero-based archive table ordinal
E:\cultures\vanilla-data\DataX\Libs\data0001.lib,2339,data\maps\campaign_03_03\text\eng\briefings\palettes\pal_white.bmp,209180768,65078,BMP,Images,img:2339,SOURCE_COMPLETE,UI/Maps/campaign_03_03/text_eng_briefings_palettes/pal_white.png,UI/Images/index.html,1,ENTRY_ID is the zero-based archive table ordinal
E:\cultures\vanilla-data\DataX\Libs\data0001.lib,2340,data\maps\multiplayer_205_special_cap-the-cow\text\eng\briefings\briefings.txt,235542277,377,TXT,Native documents,doc:2340,SOURCE_COMPLETE,Metadata/Sources/Raw/data/maps/multiplayer_205_special_cap-the-cow/text/eng/briefings/briefings.txt,Metadata/Sources/index.html,1,ENTRY_ID is the zero-based archive table ordinal
E:\cultures\vanilla-data\DataX\Libs\data0001.lib,2341,data\maps\tutorial_002\text\eng\briefings\briefings.txt,246722198,6487,TXT,Native documents,doc:2341,SOURCE_COMPLETE,Metadata/Sources/Raw/data/maps/tutorial_002/text/eng/briefings/briefings.txt,Metadata/Sources/index.html,1,ENTRY_ID is the zero-based archive table ordinal
E:\cultures\vanilla-data\DataX\Libs\data0001.lib,2342,data\engine2d\bin\palettes\creatures\norne02.pcx,132734301,901,PCX,Palettes,img:2342,PIXEL_CONFIRMED,Metadata/Palettes/creatures/norne02.png,Metadata/Palettes/index.html,1,ENTRY_ID is the zero-based archive table ordinal
E:\cultures\vanilla-data\DataX\Libs\data0001.lib,2343,data\engine2d\bin\sounds\ambient\branchcrack_04.wav,135666640,47002,WAV,Audio,aud:2343,SOURCE_COMPLETE,Audio/ambient/branchcrack_04.wav,Audio/index.html,1,ENTRY_ID is the zero-based archive table ordinal
E:\cultures\vanilla-data\DataX\Libs\data0001.lib,2344,data\engine2d\bin\sounds\humantalk\latin\l88.wav,158731654,26592,WAV,Audio,aud:2344,SOURCE_COMPLETE,Audio/latin/l88.wav,Audio/index.html,1,ENTRY_ID is the zero-based archive table ordinal
E:\cultures\vanilla-data\DataX\Libs\data0001.lib,2345,data\engine2d\bin\sounds\humantalk\latin\l97.wav,159144464,59248,WAV,Audio,aud:2345,SOURCE_COMPLETE,Audio/latin/l97.wav,Audio/index.html,1,ENTRY_ID is the zero-based archive table ordinal
E:\cultures\vanilla-data\DataX\Libs\data0001.lib,2346,data\engine2d\bin\sounds\static\swing05.wav,185507870,8222,WAV,Audio,aud:2346,SOURCE_COMPLETE,Audio/static/swing05.wav,Audio/index.html,1,ENTRY_ID is the zero-based archive table ordinal
E:\cultures\vanilla-data\DataX\Libs\data0001.lib,2347,data\maps\campaign_03_04\text\eng\briefings\palettes\pal_white.bmp,212700725,65078,BMP,Images,img:2347,SOURCE_COMPLETE,UI/Maps/campaign_03_04/text_eng_briefings_palettes/pal_white.png,UI/Images/index.html,1,ENTRY_ID is the zero-based archive table ordinal
E:\cultures\vanilla-data\DataX\Libs\data0001.lib,2348,data\maps\tutorial_003\text\eng\briefings\briefings.txt,247703435,5692,TXT,Native documents,doc:2348,SOURCE_COMPLETE,Metadata/Sources/Raw/data/maps/tutorial_003/text/eng/briefings/briefings.txt,Metadata/Sources/index.html,1,ENTRY_ID is the zero-based archive table ordinal
E:\cultures\vanilla-data\DataX\Libs\data0001.lib,2349,data\engine2d\bin\bobs\ls_houses_beduines.bmd,89862152,374351,BMD,Source libraries,lib:ls_houses_beduines,SOURCE_COMPLETE,Shared/SourceLibraries/ls_houses_beduines/library.json,Shared/SourceLibraries/index.html,6,ENTRY_ID is the zero-based archive table ordinal
E:\cultures\vanilla-data\DataX\Libs\data0001.lib,2350,data\engine2d\bin\sounds\ambient\branchcrack_05.wav,135713642,63330,WAV,Audio,aud:2350,SOURCE_COMPLETE,Audio/ambient/branchcrack_05.wav,Audio/index.html,1,ENTRY_ID is the zero-based archive table ordinal
E:\cultures\vanilla-data\DataX\Libs\data0001.lib,2351,data\engine2d\bin\sounds\humantalk\latin\l89.wav,158758246,51084,WAV,Audio,aud:2351,SOURCE_COMPLETE,Audio/latin/l89.wav,Audio/index.html,1,ENTRY_ID is the zero-based archive table ordinal
E:\cultures\vanilla-data\DataX\Libs\data0001.lib,2352,data\engine2d\bin\sounds\humantalk\latin\l98.wav,159203712,49042,WAV,Audio,aud:2352,SOURCE_COMPLETE,Audio/latin/l98.wav,Audio/index.html,1,ENTRY_ID is the zero-based archive table ordinal
E:\cultures\vanilla-data\DataX\Libs\data0001.lib,2353,data\gui\palettes\frame.pcx,202174559,904,PCX,Images,img:2353,PIXEL_CONFIRMED,UI/Palettes/frame.png,UI/Images/index.html,1,ENTRY_ID is the zero-based archive table ordinal
E:\cultures\vanilla-data\DataX\Libs\data0001.lib,2354,data\maps\campaign_03_05\text\eng\briefings\palettes\pal_white.bmp,213901600,65078,BMP,Images,img:2354,SOURCE_COMPLETE,UI/Maps/campaign_03_05/text_eng_briefings_palettes/pal_white.png,UI/Images/index.html,1,ENTRY_ID is the zero-based archive table ordinal
E:\cultures\vanilla-data\DataX\Libs\data0001.lib,2355,data\maps\tutorial_004\text\eng\briefings\briefings.txt,248558354,8723,TXT,Native documents,doc:2355,SOURCE_COMPLETE,Metadata/Sources/Raw/data/maps/tutorial_004/text/eng/briefings/briefings.txt,Metadata/Sources/index.html,1,ENTRY_ID is the zero-based archive table ordinal
E:\cultures\vanilla-data\DataX\Libs\data0001.lib,2356,data\edit\macromaps\shiva marriage test.cif,1682451,348317,CIF,Native definitions,cif:2356,SOURCE_COMPLETE,Metadata/Sources/CIF/data/edit/macromaps/shiva marriage test.cif.txt,Metadata/Sources/index.html,1,ENTRY_ID is the zero-based archive table ordinal
E:\cultures\vanilla-data\DataX\Libs\data0001.lib,2357,data\engine2d\bin\sounds\ambient\branchcrack_06.wav,135776972,73534,WAV,Audio,aud:2357,SOURCE_COMPLETE,Audio/ambient/branchcrack_06.wav,Audio/index.html,1,ENTRY_ID is the zero-based archive table ordinal
E:\cultures\vanilla-data\DataX\Libs\data0001.lib,2358,data\engine2d\bin\sounds\humantalk\latin\l99.wav,159252754,51084,WAV,Audio,aud:2358,SOURCE_COMPLETE,Audio/latin/l99.wav,Audio/index.html,1,ENTRY_ID is the zero-based archive table ordinal
E:\cultures\vanilla-data\DataX\Libs\data0001.lib,2359,data\gui\lang\eng\bobs\ls_gui_window_s.bmd,197207924,36,BMD,Source libraries,lib:ls_gui_window_s,SOURCE_COMPLETE,Shared/SourceLibraries/ls_gui_window_s/library.json,Shared/SourceLibraries/index.html,1,ENTRY_ID is the zero-based archive table ordinal
E:\cultures\vanilla-data\DataX\Libs\data0001.lib,2360,data\maps\campaign_03_06\text\eng\briefings\palettes\pal_white.bmp,217426700,65078,BMP,Images,img:2360,SOURCE_COMPLETE,UI/Maps/campaign_03_06/text_eng_briefings_palettes/pal_white.png,UI/Images/index.html,1,ENTRY_ID is the zero-based archive table ordinal
E:\cultures\vanilla-data\DataX\Libs\data0001.lib,2361,data\maps\multiplayer_203_special_militär\text\eng\briefings\palettes\font_dark.pcx,232012909,125239,PCX,Images,img:2361,PIXEL_CONFIRMED,UI/Maps/multiplayer_203_special_militär/text_eng_briefings_palettes/font_dark.png,UI/Images/index.html,1,ENTRY_ID is the zero-based archive table ordinal
E:\cultures\vanilla-data\DataX\Libs\data0001.lib,2362,data\maps\tutorial_005\text\eng\briefings\briefings.txt,249415084,7627,TXT,Native documents,doc:2362,SOURCE_COMPLETE,Metadata/Sources/Raw/data/maps/tutorial_005/text/eng/briefings/briefings.txt,Metadata/Sources/index.html,1,ENTRY_ID is the zero-based archive table ordinal
E:\cultures\vanilla-data\DataX\Libs\data0001.lib,2363,data\engine2d\bin\sounds\ambient\branchcrack_07.wav,135850506,73534,WAV,Audio,aud:2363,SOURCE_COMPLETE,Audio/ambient/branchcrack_07.wav,Audio/index.html,1,ENTRY_ID is the zero-based archive table ordinal
E:\cultures\vanilla-data\DataX\Libs\data0001.lib,2364,data\maps\campaign_03_07\text\eng\briefings\palettes\pal_white.bmp,221135820,65078,BMP,Images,img:2364,SOURCE_COMPLETE,UI/Maps/campaign_03_07/text_eng_briefings_palettes/pal_white.png,UI/Images/index.html,1,ENTRY_ID is the zero-based archive table ordinal
E:\cultures\vanilla-data\DataX\Libs\data0001.lib,2365,data\maps\tutorial_006\text\eng\briefings\briefings.txt,250968021,14410,TXT,Native documents,doc:2365,SOURCE_COMPLETE,Metadata/Sources/Raw/data/maps/tutorial_006/text/eng/briefings/briefings.txt,Metadata/Sources/index.html,1,ENTRY_ID is the zero-based archive table ordinal
E:\cultures\vanilla-data\DataX\Libs\data0001.lib,2366,data\engine2d\bin\sounds\ambient\branchcrack_08.wav,135924040,51084,WAV,Audio,aud:2366,SOURCE_COMPLETE,Audio/ambient/branchcrack_08.wav,Audio/index.html,1,ENTRY_ID is the zero-based archive table ordinal
E:\cultures\vanilla-data\DataX\Libs\data0001.lib,2367,data\maps\campaign_03_01\text\eng\briefings\palettes\font_dark.pcx,203031384,125239,PCX,Images,img:2367,PIXEL_CONFIRMED,UI/Maps/campaign_03_01/text_eng_briefings_palettes/font_dark.png,UI/Images/index.html,1,ENTRY_ID is the zero-based archive table ordinal
E:\cultures\vanilla-data\DataX\Libs\data0001.lib,2368,data\maps\campaign_03_08\text\eng\briefings\palettes\pal_white.bmp,223182012,65078,BMP,Images,img:2368,SOURCE_COMPLETE,UI/Maps/campaign_03_08/text_eng_briefings_palettes/pal_white.png,UI/Images/index.html,1,ENTRY_ID is the zero-based archive table ordinal
E:\cultures\vanilla-data\DataX\Libs\data0001.lib,2369,data\maps\tutorial_007\text\eng\briefings\briefings.txt,252418441,7331,TXT,Native documents,doc:2369,SOURCE_COMPLETE,Metadata/Sources/Raw/data/maps/tutorial_007/text/eng/briefings/briefings.txt,Metadata/Sources/index.html,1,ENTRY_ID is the zero-based archive table ordinal
E:\cultures\vanilla-data\DataX\Libs\data0001.lib,2370,data\text\eng\strings\gameobjects\tribes.cif,255171587,2060,CIF,Native definitions,cif:2370,SOURCE_COMPLETE,Metadata/Sources/CIF/data/text/eng/strings/gameobjects/tribes.cif.txt,Metadata/Sources/index.html,1,ENTRY_ID is the zero-based archive table ordinal
E:\cultures\vanilla-data\DataX\Libs\data0001.lib,2371,data\text\eng\strings\updates\update103.cif,255229621,277,CIF,Native definitions,cif:2371,SOURCE_COMPLETE,Metadata/Sources/CIF/data/text/eng/strings/updates/update103.cif.txt,Metadata/Sources/index.html,1,ENTRY_ID is the zero-based archive table ordinal
E:\cultures\vanilla-data\DataX\Libs\data0001.lib,2372,data\engine2d\bin\bobs\ls_houses_vehicles.bmd,102518318,70271,BMD,Source libraries,lib:ls_houses_vehicles,SOURCE_COMPLETE,Shared/SourceLibraries/ls_houses_vehicles/library.json,Shared/SourceLibraries/index.html,4,ENTRY_ID is the zero-based archive table ordinal
E:\cultures\vanilla-data\DataX\Libs\data0001.lib,2373,data\engine2d\bin\sounds\humantalk\oldenglish\o01.wav,159303838,57206,WAV,Audio,aud:2373,SOURCE_COMPLETE,Audio/oldenglish/o01.wav,Audio/index.html,1,ENTRY_ID is the zero-based archive table ordinal
E:\cultures\vanilla-data\DataX\Libs\data0001.lib,2374,data\engine2d\bin\sounds\humantalk\oldenglish\o10.wav,159877884,51084,WAV,Audio,aud:2374,SOURCE_COMPLETE,Audio/oldenglish/o10.wav,Audio/index.html,1,ENTRY_ID is the zero-based archive table ordinal
E:\cultures\vanilla-data\DataX\Libs\data0001.lib,2375,data\engine2d\bin\textures\tran_meadow.pcx,191969751,62774,PCX,Images,img:2375,PIXEL_CONFIRMED,Terrain/Textures/tran_meadow.png,Terrain/Textures/index.html,3,ENTRY_ID is the zero-based archive table ordinal
E:\cultures\vanilla-data\DataX\Libs\data0001.lib,2376,data\maps\campaign_03_01_sub\text\eng\briefings\briefings.txt,205599084,2879,TXT,Native documents,doc:2376,SOURCE_COMPLETE,Metadata/Sources/Raw/data/maps/campaign_03_01_sub/text/eng/briefings/briefings.txt,Metadata/Sources/index.html,1,ENTRY_ID is the zero-based archive table ordinal
E:\cultures\vanilla-data\DataX\Libs\data0001.lib,2377,data\maps\campaign_03_02\text\eng\briefings\palettes\font_dark.pcx,206181235,125239,PCX,Images,img:2377,PIXEL_CONFIRMED,UI/Maps/campaign_03_02/text_eng_briefings_palettes/font_dark.png,UI/Images/index.html,1,ENTRY_ID is the zero-based archive table ordinal
E:\cultures\vanilla-data\DataX\Libs\data0001.lib,2378,data\maps\campaign_03_03_sub1\text\eng\briefings\fonts\font10.fnt,210515341,15083,FNT,Fonts,font:2378,SOURCE_COMPLETE,,UI/Fonts/index.html,1,ENTRY_ID is the zero-based archive table ordinal
E:\cultures\vanilla-data\DataX\Libs\data0001.lib,2379,data\edit\macromaps\schatz auf lichtung.cif,330034,52837,CIF,Native definitions,cif:2379,SOURCE_COMPLETE,Metadata/Sources/CIF/data/edit/macromaps/schatz auf lichtung.cif.txt,Metadata/Sources/index.html,1,ENTRY_ID is the zero-based archive table ordinal
E:\cultures\vanilla-data\DataX\Libs\data0001.lib,2380,data\engine2d\bin\sounds\generic\human_yawn f 01.wav,152901626,110272,WAV,Audio,aud:2380,SOURCE_COMPLETE,Audio/generic/human_yawn f 01.wav,Audio/index.html,1,ENTRY_ID is the zero-based archive table ordinal
E:\cultures\vanilla-data\DataX\Libs\data0001.lib,2381,data\engine2d\bin\sounds\humantalk\oldenglish\o02.wav,159361044,102108,WAV,Audio,aud:2381,SOURCE_COMPLETE,Audio/oldenglish/o02.wav,Audio/index.html,1,ENTRY_ID is the zero-based archive table ordinal
E:\cultures\vanilla-data\DataX\Libs\data0001.lib,2382,data\engine2d\bin\sounds\humantalk\oldenglish\o11.wav,159928968,47002,WAV,Audio,aud:2382,SOURCE_COMPLETE,Audio/oldenglish/o11.wav,Audio/index.html,1,ENTRY_ID is the zero-based archive table ordinal
E:\cultures\vanilla-data\DataX\Libs\data0001.lib,2383,data\engine2d\bin\sounds\humantalk\oldenglish\o20.wav,160423416,51084,WAV,Audio,aud:2383,SOURCE_COMPLETE,Audio/oldenglish/o20.wav,Audio/index.html,1,ENTRY_ID is the zero-based archive table ordinal
E:\cultures\vanilla-data\DataX\Libs\data0001.lib,2384,data\engine2d\bin\textures\tran_meadow_dark.pcx,192051080,61677,PCX,Images,img:2384,PIXEL_CONFIRMED,Terrain/Textures/tran_meadow_dark.png,Terrain/Textures/index.html,3,ENTRY_ID is the zero-based archive table ordinal
E:\cultures\vanilla-data\DataX\Libs\data0001.lib,2385,data\maps\campaign_03_02_sub\text\eng\briefings\briefings.txt,208452718,5099,TXT,Native documents,doc:2385,SOURCE_COMPLETE,Metadata/Sources/Raw/data/maps/campaign_03_02_sub/text/eng/briefings/briefings.txt,Metadata/Sources/index.html,1,ENTRY_ID is the zero-based archive table ordinal
E:\cultures\vanilla-data\DataX\Libs\data0001.lib,2386,data\maps\campaign_03_03\text\eng\briefings\palettes\font_dark.pcx,209055529,125239,PCX,Images,img:2386,PIXEL_CONFIRMED,UI/Maps/campaign_03_03/text_eng_briefings_palettes/font_dark.png,UI/Images/index.html,1,ENTRY_ID is the zero-based archive table ordinal
E:\cultures\vanilla-data\DataX\Libs\data0001.lib,2387,data\maps\campaign_03_03_sub2\text\eng\briefings\fonts\font10.fnt,211084894,15083,FNT,Fonts,font:2387,SOURCE_COMPLETE,,UI/Fonts/index.html,1,ENTRY_ID is the zero-based archive table ordinal
E:\cultures\vanilla-data\DataX\Libs\data0001.lib,2388,data\text\eng\hypertext\history\mythology.txt,254776443,19401,TXT,Native documents,doc:2388,SOURCE_COMPLETE,Metadata/Sources/Raw/data/text/eng/hypertext/history/mythology.txt,Metadata/Sources/index.html,1,ENTRY_ID is the zero-based archive table ordinal
E:\cultures\vanilla-data\DataX\Libs\data0001.lib,2389,data\engine2d\bin\sounds\generic\animals_bear01.wav,146463902,116396,WAV,Audio,aud:2389,SOURCE_COMPLETE,Audio/generic/animals_bear01.wav,Audio/index.html,1,ENTRY_ID is the zero-based archive table ordinal
E:\cultures\vanilla-data\DataX\Libs\data0001.lib,2390,data\engine2d\bin\sounds\generic\human_yawn f 02.wav,153011898,91904,WAV,Audio,aud:2390,SOURCE_COMPLETE,Audio/generic/human_yawn f 02.wav,Audio/index.html,1,ENTRY_ID is the zero-based archive table ordinal
E:\cultures\vanilla-data\DataX\Libs\data0001.lib,2391,data\engine2d\bin\sounds\humantalk\oldenglish\o03.wav,159463152,47002,WAV,Audio,aud:2391,SOURCE_COMPLETE,Audio/oldenglish/o03.wav,Audio/index.html,1,ENTRY_ID is the zero-based archive table ordinal
E:\cultures\vanilla-data\DataX\Libs\data0001.lib,2392,data\engine2d\bin\sounds\humantalk\oldenglish\o12.wav,159975970,51084,WAV,Audio,aud:2392,SOURCE_COMPLETE,Audio/oldenglish/o12.wav,Audio/index.html,1,ENTRY_ID is the zero-based archive table ordinal
E:\cultures\vanilla-data\DataX\Libs\data0001.lib,2393,data\engine2d\bin\sounds\humantalk\oldenglish\o21.wav,160474500,40878,WAV,Audio,aud:2393,SOURCE_COMPLETE,Audio/oldenglish/o21.wav,Audio/index.html,1,ENTRY_ID is the zero-based archive table ordinal
E:\cultures\vanilla-data\DataX\Libs\data0001.lib,2394,data\engine2d\bin\sounds\humantalk\oldenglish\o30.wav,160936292,22510,WAV,Audio,aud:2394,SOURCE_COMPLETE,Audio/oldenglish/o30.wav,Audio/index.html,1,ENTRY_ID is the zero-based archive table ordinal
E:\cultures\vanilla-data\DataX\Libs\data0001.lib,2395,data\engine2d\bin\sounds\static\carpenter_plane01.wav,178646012,114354,WAV,Audio,aud:2395,SOURCE_COMPLETE,Audio/static/carpenter_plane01.wav,Audio/index.html,1,ENTRY_ID is the zero-based archive table ordinal
E:\cultures\vanilla-data\DataX\Libs\data0001.lib,2396,data\maps\campaign_03_03_sub1\text\eng\briefings\fonts\font12.fnt,210530424,17840,FNT,Fonts,font:2396,SOURCE_COMPLETE,,UI/Fonts/index.html,1,ENTRY_ID is the zero-based archive table ordinal
E:\cultures\vanilla-data\DataX\Libs\data0001.lib,2397,data\maps\campaign_03_03_sub3\text\eng\briefings\fonts\font10.fnt,211654569,15083,FNT,Fonts,font:2397,SOURCE_COMPLETE,,UI/Fonts/index.html,1,ENTRY_ID is the zero-based archive table ordinal
E:\cultures\vanilla-data\DataX\Libs\data0001.lib,2398,data\maps\campaign_03_04\text\eng\briefings\palettes\font_dark.pcx,212575486,125239,PCX,Images,img:2398,PIXEL_CONFIRMED,UI/Maps/campaign_03_04/text_eng_briefings_palettes/font_dark.png,UI/Images/index.html,1,ENTRY_ID is the zero-based archive table ordinal
E:\cultures\vanilla-data\DataX\Libs\data0001.lib,2399,data\maps\campaign_03_05_sub1\text\eng\briefings\fonts\font10.fnt,215376817,15083,FNT,Fonts,font:2399,SOURCE_COMPLETE,,UI/Fonts/index.html,1,ENTRY_ID is the zero-based archive table ordinal
E:\cultures\vanilla-data\DataX\Libs\data0001.lib,2400,data\engine2d\bin\palettes\creatures\djinny.pcx,132722588,901,PCX,Palettes,img:2400,PIXEL_CONFIRMED,Metadata/Palettes/creatures/djinny.png,Metadata/Palettes/index.html,1,ENTRY_ID is the zero-based archive table ordinal
E:\cultures\vanilla-data\DataX\Libs\data0001.lib,2401,data\engine2d\bin\sounds\generic\animals_bear02.wav,146580298,95986,WAV,Audio,aud:2401,SOURCE_COMPLETE,Audio/generic/animals_bear02.wav,Audio/index.html,1,ENTRY_ID is the zero-based archive table ordinal
E:\cultures\vanilla-data\DataX\Libs\data0001.lib,2402,data\engine2d\bin\sounds\humantalk\oldenglish\o04.wav,159510154,47002,WAV,Audio,aud:2402,SOURCE_COMPLETE,Audio/oldenglish/o04.wav,Audio/index.html,1,ENTRY_ID is the zero-based archive table ordinal
E:\cultures\vanilla-data\DataX\Libs\data0001.lib,2403,data\engine2d\bin\sounds\humantalk\oldenglish\o13.wav,160027054,49042,WAV,Audio,aud:2403,SOURCE_COMPLETE,Audio/oldenglish/o13.wav,Audio/index.html,1,ENTRY_ID is the zero-based archive table ordinal
E:\cultures\vanilla-data\DataX\Libs\data0001.lib,2404,data\engine2d\bin\sounds\humantalk\oldenglish\o22.wav,160515378,42920,WAV,Audio,aud:2404,SOURCE_COMPLETE,Audio/oldenglish/o22.wav,Audio/index.html,1,ENTRY_ID is the zero-based archive table ordinal
E:\cultures\vanilla-data\DataX\Libs\data0001.lib,2405,data\engine2d\bin\sounds\humantalk\oldenglish\o31.wav,160958802,38838,WAV,Audio,aud:2405,SOURCE_COMPLETE,Audio/oldenglish/o31.wav,Audio/index.html,1,ENTRY_ID is the zero-based archive table ordinal
E:\cultures\vanilla-data\DataX\Libs\data0001.lib,2406,data\maps\campaign_03_03_sub2\text\eng\briefings\fonts\font12.fnt,211099977,17840,FNT,Fonts,font:2406,SOURCE_COMPLETE,,UI/Fonts/index.html,1,ENTRY_ID is the zero-based archive table ordinal
E:\cultures\vanilla-data\DataX\Libs\data0001.lib,2407,data\maps\campaign_03_05\text\eng\briefings\palettes\font_dark.pcx,213776361,125239,PCX,Images,img:2407,PIXEL_CONFIRMED,UI/Maps/campaign_03_05/text_eng_briefings_palettes/font_dark.png,UI/Images/index.html,1,ENTRY_ID is the zero-based archive table ordinal
E:\cultures\vanilla-data\DataX\Libs\data0001.lib,2408,data\maps\campaign_03_05_sub2\text\eng\briefings\fonts\font10.fnt,216071019,15083,FNT,Fonts,font:2408,SOURCE_COMPLETE,,UI/Fonts/index.html,1,ENTRY_ID is the zero-based archive table ordinal
E:\cultures\vanilla-data\DataX\Libs\data0001.lib,2409,data\maps\campaign_03_06_sub1\text\eng\briefings\fonts\font10.fnt,219409684,15083,FNT,Fonts,font:2409,SOURCE_COMPLETE,,UI/Fonts/index.html,1,ENTRY_ID is the zero-based archive table ordinal
E:\cultures\vanilla-data\DataX\Libs\data0001.lib,2410,data\text\eng\strings\ingamegui\ingameguimain.cif,255204065,3002,CIF,Native definitions,cif:2410,SOURCE_COMPLETE,Metadata/Sources/CIF/data/text/eng/strings/ingamegui/ingameguimain.cif.txt,Metadata/Sources/index.html,1,ENTRY_ID is the zero-based archive table ordinal
E:\cultures\vanilla-data\DataX\Libs\data0001.lib,2411,data\engine2d\bin\sounds\generic\animals_bear03.wav,146676284,69452,WAV,Audio,aud:2411,SOURCE_COMPLETE,Audio/generic/animals_bear03.wav,Audio/index.html,1,ENTRY_ID is the zero-based archive table ordinal
E:\cultures\vanilla-data\DataX\Libs\data0001.lib,2412,data\engine2d\bin\sounds\gui\briefing_popup.wav,153285566,22510,WAV,Audio,aud:2412,UNKNOWN,Audio/gui/briefing_popup.wav,Audio/index.html,1,ENTRY_ID is the zero-based archive table ordinal
E:\cultures\vanilla-data\DataX\Libs\data0001.lib,2413,data\engine2d\bin\sounds\humantalk\oldenglish\o05.wav,159557156,91904,WAV,Audio,aud:2413,SOURCE_COMPLETE,Audio/oldenglish/o05.wav,Audio/index.html,1,ENTRY_ID is the zero-based archive table ordinal
E:\cultures\vanilla-data\DataX\Libs\data0001.lib,2414,data\engine2d\bin\sounds\humantalk\oldenglish\o14.wav,160076096,51084,WAV,Audio,aud:2414,SOURCE_COMPLETE,Audio/oldenglish/o14.wav,Audio/index.html,1,ENTRY_ID is the zero-based archive table ordinal
E:\cultures\vanilla-data\DataX\Libs\data0001.lib,2415,data\engine2d\bin\sounds\humantalk\oldenglish\o23.wav,160558298,79658,WAV,Audio,aud:2415,SOURCE_COMPLETE,Audio/oldenglish/o23.wav,Audio/index.html,1,ENTRY_ID is the zero-based archive table ordinal
E:\cultures\vanilla-data\DataX\Libs\data0001.lib,2416,data\engine2d\bin\sounds\humantalk\oldenglish\o32.wav,160997640,20468,WAV,Audio,aud:2416,SOURCE_COMPLETE,Audio/oldenglish/o32.wav,Audio/index.html,1,ENTRY_ID is the zero-based archive table ordinal
E:\cultures\vanilla-data\DataX\Libs\data0001.lib,2417,data\engine2d\bin\sounds\static\housecrash01.wav,181702684,130682,WAV,Audio,aud:2417,SOURCE_COMPLETE,Audio/static/housecrash01.wav,Audio/index.html,1,ENTRY_ID is the zero-based archive table ordinal
E:\cultures\vanilla-data\DataX\Libs\data0001.lib,2418,data\gui\lang\eng\pictures\menubg.bmp,199762731,960054,BMP,Images,img:2418,SOURCE_COMPLETE,UI/Pictures/menubg.png,UI/Images/index.html,1,ENTRY_ID is the zero-based archive table ordinal
E:\cultures\vanilla-data\DataX\Libs\data0001.lib,2419,data\maps\campaign_03_03_sub3\text\eng\briefings\fonts\font12.fnt,211669652,17840,FNT,Fonts,font:2419,SOURCE_COMPLETE,,UI/Fonts/index.html,1,ENTRY_ID is the zero-based archive table ordinal
E:\cultures\vanilla-data\DataX\Libs\data0001.lib,2420,data\maps\campaign_03_05_sub1\text\eng\briefings\fonts\font12.fnt,215391900,17840,FNT,Fonts,font:2420,SOURCE_COMPLETE,,UI/Fonts/index.html,1,ENTRY_ID is the zero-based archive table ordinal
E:\cultures\vanilla-data\DataX\Libs\data0001.lib,2421,data\maps\campaign_03_06\text\eng\briefings\palettes\font_dark.pcx,217301461,125239,PCX,Images,img:2421,PIXEL_CONFIRMED,UI/Maps/campaign_03_06/text_eng_briefings_palettes/font_dark.png,UI/Images/index.html,1,ENTRY_ID is the zero-based archive table ordinal
E:\cultures\vanilla-data\DataX\Libs\data0001.lib,2422,data\maps\campaign_03_06_sub2\text\eng\briefings\fonts\font10.fnt,219991918,15083,FNT,Fonts,font:2422,SOURCE_COMPLETE,,UI/Fonts/index.html,1,ENTRY_ID is the zero-based archive table ordinal
E:\cultures\vanilla-data\DataX\Libs\data0001.lib,2423,data\engine2d\bin\bobs\test_effect.bmd,131288212,44577,BMD,Source libraries,lib:test_effect,SOURCE_COMPLETE,Shared/SourceLibraries/test_effect/library.json,Shared/SourceLibraries/index.html,10,ENTRY_ID is the zero-based archive table ordinal
E:\cultures\vanilla-data\DataX\Libs\data0001.lib,2424,data\engine2d\bin\sounds\generic\animals_bear04.wav,146745736,38838,WAV,Audio,aud:2424,SOURCE_COMPLETE,Audio/generic/animals_bear04.wav,Audio/index.html,1,ENTRY_ID is the zero-based archive table ordinal
E:\cultures\vanilla-data\DataX\Libs\data0001.lib,2425,data\engine2d\bin\sounds\humantalk\oldenglish\o06.wav,159649060,59248,WAV,Audio,aud:2425,SOURCE_COMPLETE,Audio/oldenglish/o06.wav,Audio/index.html,1,ENTRY_ID is the zero-based archive table ordinal
E:\cultures\vanilla-data\DataX\Libs\data0001.lib,2426,data\engine2d\bin\sounds\humantalk\oldenglish\o15.wav,160127180,49042,WAV,Audio,aud:2426,SOURCE_COMPLETE,Audio/oldenglish/o15.wav,Audio/index.html,1,ENTRY_ID is the zero-based archive table ordinal
E:\cultures\vanilla-data\DataX\Libs\data0001.lib,2427,data\engine2d\bin\sounds\humantalk\oldenglish\o24.wav,160637956,63330,WAV,Audio,aud:2427,SOURCE_COMPLETE,Audio/oldenglish/o24.wav,Audio/index.html,1,ENTRY_ID is the zero-based archive table ordinal
E:\cultures\vanilla-data\DataX\Libs\data0001.lib,2428,data\engine2d\bin\sounds\humantalk\oldenglish\o33.wav,161018108,24550,WAV,Audio,aud:2428,SOURCE_COMPLETE,Audio/oldenglish/o33.wav,Audio/index.html,1,ENTRY_ID is the zero-based archive table ordinal
E:\cultures\vanilla-data\DataX\Libs\data0001.lib,2429,data\engine2d\bin\sounds\static\housecrash02.wav,181833366,130682,WAV,Audio,aud:2429,SOURCE_COMPLETE,Audio/static/housecrash02.wav,Audio/index.html,1,ENTRY_ID is the zero-based archive table ordinal
E:\cultures\vanilla-data\DataX\Libs\data0001.lib,2430,data\gui\palettes\papyrus.pcx,202179968,901,PCX,Images,img:2430,PIXEL_CONFIRMED,UI/Palettes/papyrus.png,UI/Images/index.html,1,ENTRY_ID is the zero-based archive table ordinal
E:\cultures\vanilla-data\DataX\Libs\data0001.lib,2431,data\maps\campaign_03_05_sub2\text\eng\briefings\fonts\font12.fnt,216086102,17840,FNT,Fonts,font:2431,SOURCE_COMPLETE,,UI/Fonts/index.html,1,ENTRY_ID is the zero-based archive table ordinal
E:\cultures\vanilla-data\DataX\Libs\data0001.lib,2432,data\maps\campaign_03_06_sub1\text\eng\briefings\fonts\font12.fnt,219424767,17840,FNT,Fonts,font:2432,SOURCE_COMPLETE,,UI/Fonts/index.html,1,ENTRY_ID is the zero-based archive table ordinal
E:\cultures\vanilla-data\DataX\Libs\data0001.lib,2433,data\maps\campaign_03_07\text\eng\briefings\palettes\font_dark.pcx,221010581,125239,PCX,Images,img:2433,PIXEL_CONFIRMED,UI/Maps/campaign_03_07/text_eng_briefings_palettes/font_dark.png,UI/Images/index.html,1,ENTRY_ID is the zero-based archive table ordinal
E:\cultures\vanilla-data\DataX\Libs\data0001.lib,2434,data\engine2d\bin\bobs\ls_beduines.bmd,80551866,108496,BMD,Source libraries,lib:ls_beduines,SOURCE_COMPLETE,Shared/SourceLibraries/ls_beduines/library.json,Shared/SourceLibraries/index.html,10,ENTRY_ID is the zero-based archive table ordinal
E:\cultures\vanilla-data\DataX\Libs\data0001.lib,2435,data\engine2d\bin\sounds\humantalk\oldenglish\o07.wav,159708308,49042,WAV,Audio,aud:2435,SOURCE_COMPLETE,Audio/oldenglish/o07.wav,Audio/index.html,1,ENTRY_ID is the zero-based archive table ordinal
E:\cultures\vanilla-data\DataX\Libs\data0001.lib,2436,data\engine2d\bin\sounds\humantalk\oldenglish\o16.wav,160176222,51084,WAV,Audio,aud:2436,SOURCE_COMPLETE,Audio/oldenglish/o16.wav,Audio/index.html,1,ENTRY_ID is the zero-based archive table ordinal
E:\cultures\vanilla-data\DataX\Libs\data0001.lib,2437,data\engine2d\bin\sounds\humantalk\oldenglish\o25.wav,160701286,53124,WAV,Audio,aud:2437,SOURCE_COMPLETE,Audio/oldenglish/o25.wav,Audio/index.html,1,ENTRY_ID is the zero-based archive table ordinal
E:\cultures\vanilla-data\DataX\Libs\data0001.lib,2438,data\maps\campaign_03_06_sub2\text\eng\briefings\fonts\font12.fnt,220007001,17840,FNT,Fonts,font:2438,SOURCE_COMPLETE,,UI/Fonts/index.html,1,ENTRY_ID is the zero-based archive table ordinal
E:\cultures\vanilla-data\DataX\Libs\data0001.lib,2439,data\maps\campaign_03_08\text\eng\briefings\palettes\font_dark.pcx,223056773,125239,PCX,Images,img:2439,PIXEL_CONFIRMED,UI/Maps/campaign_03_08/text_eng_briefings_palettes/font_dark.png,UI/Images/index.html,1,ENTRY_ID is the zero-based archive table ordinal
E:\cultures\vanilla-data\DataX\Libs\data0001.lib,2440,data\maps\multiplayer_02_06_ressourcen\map.cif,225659797,35554,CIF,Native definitions,cif:2440,SOURCE_COMPLETE,Metadata/Sources/CIF/data/maps/multiplayer_02_06_ressourcen/map.cif.txt,Metadata/Sources/index.html,1,ENTRY_ID is the zero-based archive table ordinal
E:\cultures\vanilla-data\DataX\Libs\data0001.lib,2441,data\edit\macromaps\shiva meadow with basic houses.cif,2030768,347546,CIF,Native definitions,cif:2441,SOURCE_COMPLETE,Metadata/Sources/CIF/data/edit/macromaps/shiva meadow with basic houses.cif.txt,Metadata/Sources/index.html,1,ENTRY_ID is the zero-based archive table ordinal
E:\cultures\vanilla-data\DataX\Libs\data0001.lib,2442,data\engine2d\bin\bobs\ls_houses_viking_s.bmd,110985921,16409,BMD,Source libraries,lib:ls_houses_viking_s,SOURCE_COMPLETE,Shared/SourceLibraries/ls_houses_viking_s/library.json,Shared/SourceLibraries/index.html,15,ENTRY_ID is the zero-based archive table ordinal
E:\cultures\vanilla-data\DataX\Libs\data0001.lib,2443,data\engine2d\bin\sounds\humantalk\oldenglish\o08.wav,159757350,75574,WAV,Audio,aud:2443,SOURCE_COMPLETE,Audio/oldenglish/o08.wav,Audio/index.html,1,ENTRY_ID is the zero-based archive table ordinal
E:\cultures\vanilla-data\DataX\Libs\data0001.lib,2444,data\engine2d\bin\sounds\humantalk\oldenglish\o17.wav,160227306,77616,WAV,Audio,aud:2444,SOURCE_COMPLETE,Audio/oldenglish/o17.wav,Audio/index.html,1,ENTRY_ID is the zero-based archive table ordinal
E:\cultures\vanilla-data\DataX\Libs\data0001.lib,2445,data\engine2d\bin\sounds\humantalk\oldenglish\o26.wav,160754410,44960,WAV,Audio,aud:2445,SOURCE_COMPLETE,Audio/oldenglish/o26.wav,Audio/index.html,1,ENTRY_ID is the zero-based archive table ordinal
E:\cultures\vanilla-data\DataX\Libs\data0001.lib,2446,data\maps\tutorial_001\text\eng\strings.cif,245660468,679,CIF,Native definitions,cif:2446,SOURCE_COMPLETE,Metadata/Sources/CIF/data/maps/tutorial_001/text/eng/strings.cif.txt,Metadata/Sources/index.html,1,ENTRY_ID is the zero-based archive table ordinal
E:\cultures\vanilla-data\DataX\Libs\data0001.lib,2447,data\engine2d\bin\palettes\creatures\oxcart.pcx,132735202,901,PCX,Palettes,img:2447,PIXEL_CONFIRMED,Metadata/Palettes/creatures/oxcart.png,Metadata/Palettes/index.html,1,ENTRY_ID is the zero-based archive table ordinal
E:\cultures\vanilla-data\DataX\Libs\data0001.lib,2448,data\engine2d\bin\sounds\generic\human_yawn m 01.wav,153103802,114354,WAV,Audio,aud:2448,SOURCE_COMPLETE,Audio/generic/human_yawn m 01.wav,Audio/index.html,1,ENTRY_ID is the zero-based archive table ordinal
E:\cultures\vanilla-data\DataX\Libs\data0001.lib,2449,data\engine2d\bin\sounds\humantalk\oldenglish\o09.wav,159832924,44960,WAV,Audio,aud:2449,SOURCE_COMPLETE,Audio/oldenglish/o09.wav,Audio/index.html,1,ENTRY_ID is the zero-based archive table ordinal
E:\cultures\vanilla-data\DataX\Libs\data0001.lib,2450,data\engine2d\bin\sounds\humantalk\oldenglish\o18.wav,160304922,61288,WAV,Audio,aud:2450,SOURCE_COMPLETE,Audio/oldenglish/o18.wav,Audio/index.html,1,ENTRY_ID is the zero-based archive table ordinal
E:\cultures\vanilla-data\DataX\Libs\data0001.lib,2451,data\engine2d\bin\sounds\humantalk\oldenglish\o27.wav,160799370,49042,WAV,Audio,aud:2451,SOURCE_COMPLETE,Audio/oldenglish/o27.wav,Audio/index.html,1,ENTRY_ID is the zero-based archive table ordinal
E:\cultures\vanilla-data\DataX\Libs\data0001.lib,2452,data\maps\multiplayer_205_special_cap-the-cow\text\eng\strings.cif,235542654,936,CIF,Native definitions,cif:2452,SOURCE_COMPLETE,Metadata/Sources/CIF/data/maps/multiplayer_205_special_cap-the-cow/text/eng/strings.cif.txt,Metadata/Sources/index.html,1,ENTRY_ID is the zero-based archive table ordinal
E:\cultures\vanilla-data\DataX\Libs\data0001.lib,2453,data\maps\tutorial_002\text\eng\strings.cif,246728685,713,CIF,Native definitions,cif:2453,SOURCE_COMPLETE,Metadata/Sources/CIF/data/maps/tutorial_002/text/eng/strings.cif.txt,Metadata/Sources/index.html,1,ENTRY_ID is the zero-based archive table ordinal
E:\cultures\vanilla-data\DataX\Libs\data0001.lib,2454,data\engine2d\bin\palettes\creatures\colors.pcx,132719885,901,PCX,Palettes,img:2454,PIXEL_CONFIRMED,Metadata/Palettes/creatures/colors.png,Metadata/Palettes/index.html,1,ENTRY_ID is the zero-based archive table ordinal
E:\cultures\vanilla-data\DataX\Libs\data0001.lib,2455,data\engine2d\bin\sounds\generic\human_yawn m 02.wav,153218156,67410,WAV,Audio,aud:2455,SOURCE_COMPLETE,Audio/generic/human_yawn m 02.wav,Audio/index.html,1,ENTRY_ID is the zero-based archive table ordinal
E:\cultures\vanilla-data\DataX\Libs\data0001.lib,2456,data\engine2d\bin\sounds\humantalk\oldenglish\o19.wav,160366210,57206,WAV,Audio,aud:2456,SOURCE_COMPLETE,Audio/oldenglish/o19.wav,Audio/index.html,1,ENTRY_ID is the zero-based archive table ordinal
E:\cultures\vanilla-data\DataX\Libs\data0001.lib,2457,data\engine2d\bin\sounds\humantalk\oldenglish\o28.wav,160848412,40878,WAV,Audio,aud:2457,SOURCE_COMPLETE,Audio/oldenglish/o28.wav,Audio/index.html,1,ENTRY_ID is the zero-based archive table ordinal
E:\cultures\vanilla-data\DataX\Libs\data0001.lib,2458,data\engine2d\bin\sounds\static\eat01.wav,179454600,138846,WAV,Audio,aud:2458,SOURCE_COMPLETE,Audio/static/eat01.wav,Audio/index.html,1,ENTRY_ID is the zero-based archive table ordinal
E:\cultures\vanilla-data\DataX\Libs\data0001.lib,2459,data\maps\tutorial_003\text\eng\strings.cif,247709127,1279,CIF,Native definitions,cif:2459,SOURCE_COMPLETE,Metadata/Sources/CIF/data/maps/tutorial_003/text/eng/strings.cif.txt,Metadata/Sources/index.html,1,ENTRY_ID is the zero-based archive table ordinal
E:\cultures\vanilla-data\DataX\Libs\data0001.lib,2460,data\engine2d\bin\bobs\ls_vehicles.bmd,119392542,2592650,BMD,Source libraries,lib:ls_vehicles,SOURCE_COMPLETE,Shared/SourceLibraries/ls_vehicles/library.json,Shared/SourceLibraries/index.html,73,ENTRY_ID is the zero-based archive table ordinal
E:\cultures\vanilla-data\DataX\Libs\data0001.lib,2461,data\engine2d\bin\palettes\creatures\colors_pale.pcx,132720786,901,PCX,Palettes,img:2461,PIXEL_CONFIRMED,Metadata/Palettes/creatures/colors_pale.png,Metadata/Palettes/index.html,1,ENTRY_ID is the zero-based archive table ordinal
E:\cultures\vanilla-data\DataX\Libs\data0001.lib,2462,data\engine2d\bin\sounds\humantalk\oldenglish\o29.wav,160889290,47002,WAV,Audio,aud:2462,SOURCE_COMPLETE,Audio/oldenglish/o29.wav,Audio/index.html,1,ENTRY_ID is the zero-based archive table ordinal
E:\cultures\vanilla-data\DataX\Libs\data0001.lib,2463,data\engine2d\bin\sounds\static\catapult_impact01.wav,179152356,161298,WAV,Audio,aud:2463,SOURCE_COMPLETE,Audio/static/catapult_impact01.wav,Audio/index.html,1,ENTRY_ID is the zero-based archive table ordinal
E:\cultures\vanilla-data\DataX\Libs\data0001.lib,2464,data\engine2d\bin\sounds\static\eat02.wav,179593446,142928,WAV,Audio,aud:2464,SOURCE_COMPLETE,Audio/static/eat02.wav,Audio/index.html,1,ENTRY_ID is the zero-based archive table ordinal
E:\cultures\vanilla-data\DataX\Libs\data0001.lib,2465,data\engine2d\bin\textures\tran_snow_a.pcx,192550079,42537,PCX,Images,img:2465,PIXEL_CONFIRMED,Terrain/Textures/tran_snow_a.png,Terrain/Textures/index.html,1,ENTRY_ID is the zero-based archive table ordinal
E:\cultures\vanilla-data\DataX\Libs\data0001.lib,2466,data\maps\tutorial_004\text\eng\strings.cif,248567077,1699,CIF,Native definitions,cif:2466,SOURCE_COMPLETE,Metadata/Sources/CIF/data/maps/tutorial_004/text/eng/strings.cif.txt,Metadata/Sources/index.html,1,ENTRY_ID is the zero-based archive table ordinal
E:\cultures\vanilla-data\DataX\Libs\data0001.lib,2467,data\text\eng\strings\ingamegui\ingameguimisc.cif,255210314,2450,CIF,Native definitions,cif:2467,SOURCE_COMPLETE,Metadata/Sources/CIF/data/text/eng/strings/ingamegui/ingameguimisc.cif.txt,Metadata/Sources/index.html,1,ENTRY_ID is the zero-based archive table ordinal
E:\cultures\vanilla-data\DataX\Libs\data0001.lib,2468,data\engine2d\bin\palettes\landscapes\caves2.pcx,132783857,901,PCX,Palettes,img:2468,PIXEL_CONFIRMED,Metadata/Palettes/landscapes/caves2.png,Metadata/Palettes/index.html,1,ENTRY_ID is the zero-based archive table ordinal
E:\cultures\vanilla-data\DataX\Libs\data0001.lib,2469,data\engine2d\bin\sounds\static\catapult_impact02.wav,179313654,138846,WAV,Audio,aud:2469,SOURCE_COMPLETE,Audio/static/catapult_impact02.wav,Audio/index.html,1,ENTRY_ID is the zero-based archive table ordinal
E:\cultures\vanilla-data\DataX\Libs\data0001.lib,2470,data\engine2d\bin\sounds\static\eat03.wav,179736374,130682,WAV,Audio,aud:2470,SOURCE_COMPLETE,Audio/static/eat03.wav,Audio/index.html,1,ENTRY_ID is the zero-based archive table ordinal
E:\cultures\vanilla-data\DataX\Libs\data0001.lib,2471,data\maps\tutorial_005\text\eng\strings.cif,249422711,898,CIF,Native definitions,cif:2471,SOURCE_COMPLETE,Metadata/Sources/CIF/data/maps/tutorial_005/text/eng/strings.cif.txt,Metadata/Sources/index.html,1,ENTRY_ID is the zero-based archive table ordinal
E:\cultures\vanilla-data\DataX\Libs\data0001.lib,2472,data\engine2d\bin\palettes\landscapes\haus_byzantine01.pcx,132802786,901,PCX,Palettes,img:2472,PIXEL_CONFIRMED,Metadata/Palettes/landscapes/haus_byzantine01.png,Metadata/Palettes/index.html,1,ENTRY_ID is the zero-based archive table ordinal
E:\cultures\vanilla-data\DataX\Libs\data0001.lib,2473,data\engine2d\bin\sounds\ambient\underworld.wav,143454816,616742,WAV,Audio,aud:2473,SOURCE_COMPLETE,Audio/ambient/underworld.wav,Audio/index.html,1,ENTRY_ID is the zero-based archive table ordinal
E:\cultures\vanilla-data\DataX\Libs\data0001.lib,2474,data\engine2d\bin\sounds\generic\animals_boar01.wav,146784574,40878,WAV,Audio,aud:2474,SOURCE_COMPLETE,Audio/generic/animals_boar01.wav,Audio/index.html,1,ENTRY_ID is the zero-based archive table ordinal
E:\cultures\vanilla-data\DataX\Libs\data0001.lib,2475,data\engine2d\bin\sounds\static\eat04.wav,179867056,118436,WAV,Audio,aud:2475,SOURCE_COMPLETE,Audio/static/eat04.wav,Audio/index.html,1,ENTRY_ID is the zero-based archive table ordinal
E:\cultures\vanilla-data\DataX\Libs\data0001.lib,2476,data\engine2d\bin\sounds\static\hunter_bow01.wav,181972270,22510,WAV,Audio,aud:2476,SOURCE_COMPLETE,Audio/static/hunter_bow01.wav,Audio/index.html,1,ENTRY_ID is the zero-based archive table ordinal
E:\cultures\vanilla-data\DataX\Libs\data0001.lib,2477,data\engine2d\bin\sounds\static\weresnakeattack01.wav,186688912,16386,WAV,Audio,aud:2477,SOURCE_COMPLETE,Audio/static/weresnakeattack01.wav,Audio/index.html,1,ENTRY_ID is the zero-based archive table ordinal
E:\cultures\vanilla-data\DataX\Libs\data0001.lib,2478,data\engine2d\bin\sounds\static\weresnakeattack10.wav,186795334,42920,WAV,Audio,aud:2478,SOURCE_COMPLETE,Audio/static/weresnakeattack10.wav,Audio/index.html,1,ENTRY_ID is the zero-based archive table ordinal
E:\cultures\vanilla-data\DataX\Libs\data0001.lib,2479,data\maps\tutorial_006\text\eng\strings.cif,250982431,1020,CIF,Native definitions,cif:2479,SOURCE_COMPLETE,Metadata/Sources/CIF/data/maps/tutorial_006/text/eng/strings.cif.txt,Metadata/Sources/index.html,1,ENTRY_ID is the zero-based archive table ordinal
E:\cultures\vanilla-data\DataX\Libs\data0001.lib,2480,data\edit\macromaps\xsnowbuildable000.cif,2770858,4221,CIF,Native definitions,cif:2480,SOURCE_COMPLETE,Metadata/Sources/CIF/data/edit/macromaps/xsnowbuildable000.cif.txt,Metadata/Sources/index.html,1,ENTRY_ID is the zero-based archive table ordinal
E:\cultures\vanilla-data\DataX\Libs\data0001.lib,2481,data\engine2d\bin\palettes\landscapes\haus_byzantine02.pcx,132803687,901,PCX,Palettes,img:2481,PIXEL_CONFIRMED,Metadata/Palettes/landscapes/haus_byzantine02.png,Metadata/Palettes/index.html,1,ENTRY_ID is the zero-based archive table ordinal
E:\cultures\vanilla-data\DataX\Libs\data0001.lib,2482,data\engine2d\bin\sounds\generic\animals_boar02.wav,146825452,20468,WAV,Audio,aud:2482,SOURCE_COMPLETE,Audio/generic/animals_boar02.wav,Audio/index.html,1,ENTRY_ID is the zero-based archive table ordinal
E:\cultures\vanilla-data\DataX\Libs\data0001.lib,2483,data\engine2d\bin\sounds\static\axe01.wav,178033068,6182,WAV,Audio,aud:2483,SOURCE_COMPLETE,Audio/static/axe01.wav,Audio/index.html,1,ENTRY_ID is the zero-based archive table ordinal
E:\cultures\vanilla-data\DataX\Libs\data0001.lib,2484,data\engine2d\bin\sounds\static\weresnakeattack02.wav,186705298,20468,WAV,Audio,aud:2484,SOURCE_COMPLETE,Audio/static/weresnakeattack02.wav,Audio/index.html,1,ENTRY_ID is the zero-based archive table ordinal
E:\cultures\vanilla-data\DataX\Libs\data0001.lib,2485,data\engine2d\bin\sounds\static\weresnakeattack11.wav,186838254,49042,WAV,Audio,aud:2485,SOURCE_COMPLETE,Audio/static/weresnakeattack11.wav,Audio/index.html,1,ENTRY_ID is the zero-based archive table ordinal
E:\cultures\vanilla-data\DataX\Libs\data0001.lib,2486,data\maps\multiplayer_02_06_ressourcen\map.dat,225695351,2946706,DAT,Native documents,doc:2486,SOURCE_COMPLETE,Metadata/Sources/Raw/data/maps/multiplayer_02_06_ressourcen/map.dat,Metadata/Sources/index.html,1,ENTRY_ID is the zero-based archive table ordinal
E:\cultures\vanilla-data\DataX\Libs\data0001.lib,2487,data\maps\singleplayer_03_01-sub1\text\eng\briefings\graphics\hero_dead_f.pcx,237547826,94108,PCX,Images,img:2487,PIXEL_CONFIRMED,UI/Maps/singleplayer_03_01-sub1/text_eng_briefings_graphics/hero_dead_f.png,UI/Images/index.html,1,ENTRY_ID is the zero-based archive table ordinal
E:\cultures\vanilla-data\DataX\Libs\data0001.lib,2488,data\maps\tutorial_007\text\eng\strings.cif,252425772,1143,CIF,Native definitions,cif:2488,SOURCE_COMPLETE,Metadata/Sources/CIF/data/maps/tutorial_007/text/eng/strings.cif.txt,Metadata/Sources/index.html,1,ENTRY_ID is the zero-based archive table ordinal
E:\cultures\vanilla-data\DataX\Libs\data0001.lib,2489,data\text\eng\hypertext\ingamehelp\graphics\gfx_test.bmp,254856363,17462,BMP,Images,img:2489,SOURCE_COMPLETE,UI/Hypertext/ingamehelp_graphics/gfx_test.png,UI/Images/index.html,1,ENTRY_ID is the zero-based archive table ordinal
E:\cultures\vanilla-data\DataX\Libs\data0001.lib,2490,data\text\eng\strings\gameobjects\houses.cif,255136759,3173,CIF,Native definitions,cif:2490,SOURCE_COMPLETE,Metadata/Sources/CIF/data/text/eng/strings/gameobjects/houses.cif.txt,Metadata/Sources/index.html,1,ENTRY_ID is the zero-based archive table ordinal
E:\cultures\vanilla-data\DataX\Libs\data0001.lib,2491,data\engine2d\bin\sounds\generic\animals_boar03.wav,146845920,32714,WAV,Audio,aud:2491,SOURCE_COMPLETE,Audio/generic/animals_boar03.wav,Audio/index.html,1,ENTRY_ID is the zero-based archive table ordinal
E:\cultures\vanilla-data\DataX\Libs\data0001.lib,2492,data\engine2d\bin\sounds\jingles\jingles_civildefense.wav,175411744,279674,WAV,Audio,aud:2492,SOURCE_COMPLETE,Audio/jingles/jingles_civildefense.wav,Audio/index.html,1,ENTRY_ID is the zero-based archive table ordinal
E:\cultures\vanilla-data\DataX\Libs\data0001.lib,2493,data\engine2d\bin\sounds\static\axe02.wav,178039250,12304,WAV,Audio,aud:2493,SOURCE_COMPLETE,Audio/static/axe02.wav,Audio/index.html,1,ENTRY_ID is the zero-based archive table ordinal
E:\cultures\vanilla-data\DataX\Libs\data0001.lib,2494,data\engine2d\bin\sounds\static\weresnakeattack03.wav,186725766,24550,WAV,Audio,aud:2494,SOURCE_COMPLETE,Audio/static/weresnakeattack03.wav,Audio/index.html,1,ENTRY_ID is the zero-based archive table ordinal
E:\cultures\vanilla-data\DataX\Libs\data0001.lib,2495,data\maps\campaign_03_01_sub\text\eng\strings.cif,205601963,395,CIF,Native definitions,cif:2495,SOURCE_COMPLETE,Metadata/Sources/CIF/data/maps/campaign_03_01_sub/text/eng/strings.cif.txt,Metadata/Sources/index.html,1,ENTRY_ID is the zero-based archive table ordinal
E:\cultures\vanilla-data\DataX\Libs\data0001.lib,2496,data\edit\randomgroups\random_groups_patterns_edit_external.cif,2873632,6579,CIF,Native definitions,cif:2496,SOURCE_COMPLETE,Metadata/Sources/CIF/data/edit/randomgroups/random_groups_patterns_edit_external.cif.txt,Metadata/Sources/index.html,1,ENTRY_ID is the zero-based archive table ordinal
E:\cultures\vanilla-data\DataX\Libs\data0001.lib,2497,data\engine2d\bin\palettes\landscapes\grasssnow01.pcx,132798281,901,PCX,Palettes,img:2497,PIXEL_CONFIRMED,Metadata/Palettes/landscapes/grasssnow01.png,Metadata/Palettes/index.html,1,ENTRY_ID is the zero-based archive table ordinal
E:\cultures\vanilla-data\DataX\Libs\data0001.lib,2498,data\engine2d\bin\sounds\generic\animals_boar04.wav,146878634,65370,WAV,Audio,aud:2498,SOURCE_COMPLETE,Audio/generic/animals_boar04.wav,Audio/index.html,1,ENTRY_ID is the zero-based archive table ordinal
E:\cultures\vanilla-data\DataX\Libs\data0001.lib,2499,data\engine2d\bin\sounds\generic\animals_duck01.wav,147663428,44960,WAV,Audio,aud:2499,SOURCE_COMPLETE,Audio/generic/animals_duck01.wav,Audio/index.html,1,ENTRY_ID is the zero-based archive table ordinal
E:\cultures\vanilla-data\DataX\Libs\data0001.lib,2500,data\engine2d\bin\sounds\static\axe03.wav,178051554,10264,WAV,Audio,aud:2500,SOURCE_COMPLETE,Audio/static/axe03.wav,Audio/index.html,1,ENTRY_ID is the zero-based archive table ordinal
E:\cultures\vanilla-data\DataX\Libs\data0001.lib,2501,data\engine2d\bin\sounds\static\weresnakeattack04.wav,186750316,20468,WAV,Audio,aud:2501,SOURCE_COMPLETE,Audio/static/weresnakeattack04.wav,Audio/index.html,1,ENTRY_ID is the zero-based archive table ordinal
E:\cultures\vanilla-data\DataX\Libs\data0001.lib,2502,data\maps\campaign_03_02_sub\text\eng\strings.cif,208457817,648,CIF,Native definitions,cif:2502,SOURCE_COMPLETE,Metadata/Sources/CIF/data/maps/campaign_03_02_sub/text/eng/strings.cif.txt,Metadata/Sources/index.html,1,ENTRY_ID is the zero-based archive table ordinal
E:\cultures\vanilla-data\DataX\Libs\data0001.lib,2503,data\maps\tutorial_001\text\eng\briefings\graphics\people_dead_f.pcx,245367619,92541,PCX,Images,img:2503,PIXEL_CONFIRMED,UI/Maps/tutorial_001/text_eng_briefings_graphics/people_dead_f.png,UI/Images/index.html,1,ENTRY_ID is the zero-based archive table ordinal
E:\cultures\vanilla-data\DataX\Libs\data0001.lib,2504,data\text\eng\hypertext\history\palettes\font_red.pcx,254649628,125239,PCX,Images,img:2504,PIXEL_CONFIRMED,UI/Hypertext/history_palettes/font_red.png,UI/Images/index.html,1,ENTRY_ID is the zero-based archive table ordinal
E:\cultures\vanilla-data\DataX\Libs\data0001.lib,2505,data\text\eng\strings\ingamegui\ingameguihumanwindow.cif,255201486,2579,CIF,Native definitions,cif:2505,SOURCE_COMPLETE,Metadata/Sources/CIF/data/text/eng/strings/ingamegui/ingameguihumanwindow.cif.txt,Metadata/Sources/index.html,1,ENTRY_ID is the zero-based archive table ordinal
E:\cultures\vanilla-data\DataX\Libs\data0001.lib,2506,data\engine2d\bin\sounds\generic\animals_duck02.wav,147708388,26592,WAV,Audio,aud:2506,SOURCE_COMPLETE,Audio/generic/animals_duck02.wav,Audio/index.html,1,ENTRY_ID is the zero-based archive table ordinal
E:\cultures\vanilla-data\DataX\Libs\data0001.lib,2507,data\engine2d\bin\sounds\static\weresnakeattack05.wav,186770784,24550,WAV,Audio,aud:2507,SOURCE_COMPLETE,Audio/static/weresnakeattack05.wav,Audio/index.html,1,ENTRY_ID is the zero-based archive table ordinal
E:\cultures\vanilla-data\DataX\Libs\data0001.lib,2508,data\engine2d\inis\palettes\palettes.cif,195217928,26863,CIF,Native definitions,cif:2508,SOURCE_COMPLETE,Metadata/Sources/CIF/data/engine2d/inis/palettes/palettes.cif.txt,Metadata/Sources/index.html,1,ENTRY_ID is the zero-based archive table ordinal
E:\cultures\vanilla-data\DataX\Libs\data0001.lib,2509,data\maps\tutorial_002\text\eng\briefings\graphics\people_dead_f.pcx,246435592,92541,PCX,Images,img:2509,PIXEL_CONFIRMED,UI/Maps/tutorial_002/text_eng_briefings_graphics/people_dead_f.png,UI/Images/index.html,1,ENTRY_ID is the zero-based archive table ordinal
E:\cultures\vanilla-data\DataX\Libs\data0001.lib,2510,data\engine2d\bin\palettes\creatures\bear.pcx,132716281,901,PCX,Palettes,img:2510,PIXEL_CONFIRMED,Metadata/Palettes/creatures/bear.png,Metadata/Palettes/index.html,1,ENTRY_ID is the zero-based archive table ordinal
E:\cultures\vanilla-data\DataX\Libs\data0001.lib,2511,data\engine2d\bin\sounds\generic\animals_duck03.wav,147734980,16386,WAV,Audio,aud:2511,SOURCE_COMPLETE,Audio/generic/animals_duck03.wav,Audio/index.html,1,ENTRY_ID is the zero-based archive table ordinal
E:\cultures\vanilla-data\DataX\Libs\data0001.lib,2512,data\engine2d\bin\sounds\static\woodenchest.wav,187770294,14346,WAV,Audio,aud:2512,SOURCE_COMPLETE,Audio/static/woodenchest.wav,Audio/index.html,1,ENTRY_ID is the zero-based archive table ordinal
E:\cultures\vanilla-data\DataX\Libs\data0001.lib,2513,data\maps\tutorial_003\text\eng\briefings\graphics\people_dead_f.pcx,247416927,92541,PCX,Images,img:2513,PIXEL_CONFIRMED,UI/Maps/tutorial_003/text_eng_briefings_graphics/people_dead_f.png,UI/Images/index.html,1,ENTRY_ID is the zero-based archive table ordinal
E:\cultures\vanilla-data\DataX\Libs\data0001.lib,2514,data\text\eng\strings\gameobjects\experiences.cif,255130606,2697,CIF,Native definitions,cif:2514,SOURCE_COMPLETE,Metadata/Sources/CIF/data/text/eng/strings/gameobjects/experiences.cif.txt,Metadata/Sources/index.html,1,ENTRY_ID is the zero-based archive table ordinal
E:\cultures\vanilla-data\DataX\Libs\data0001.lib,2515,data\edit\macromaps\deserta000.cif,196528,1041,CIF,Native definitions,cif:2515,SOURCE_COMPLETE,Metadata/Sources/CIF/data/edit/macromaps/deserta000.cif.txt,Metadata/Sources/index.html,1,ENTRY_ID is the zero-based archive table ordinal
E:\cultures\vanilla-data\DataX\Libs\data0001.lib,2516,data\engine2d\bin\sounds\generic\animals_duck04.wav,147751366,14346,WAV,Audio,aud:2516,SOURCE_COMPLETE,Audio/generic/animals_duck04.wav,Audio/index.html,1,ENTRY_ID is the zero-based archive table ordinal
E:\cultures\vanilla-data\DataX\Libs\data0001.lib,2517,data\maps\multiplayer_02_06_ressourcen\text\eng\briefings\fonts\fonthead16bld.fnt,225444879,23016,FNT,Fonts,font:2517,SOURCE_COMPLETE,,UI/Fonts/index.html,1,ENTRY_ID is the zero-based archive table ordinal
E:\cultures\vanilla-data\DataX\Libs\data0001.lib,2518,data\maps\tutorial_004\text\eng\briefings\graphics\people_dead_f.pcx,248271846,92541,PCX,Images,img:2518,PIXEL_CONFIRMED,UI/Maps/tutorial_004/text_eng_briefings_graphics/people_dead_f.png,UI/Images/index.html,1,ENTRY_ID is the zero-based archive table ordinal
E:\cultures\vanilla-data\DataX\Libs\data0001.lib,2519,data\edit\macromaps\deserta001.cif,197569,3885,CIF,Native definitions,cif:2519,SOURCE_COMPLETE,Metadata/Sources/CIF/data/edit/macromaps/deserta001.cif.txt,Metadata/Sources/index.html,1,ENTRY_ID is the zero-based archive table ordinal
E:\cultures\vanilla-data\DataX\Libs\data0001.lib,2520,data\edit\macromaps\desertb000.cif,201454,1041,CIF,Native definitions,cif:2520,SOURCE_COMPLETE,Metadata/Sources/CIF/data/edit/macromaps/desertb000.cif.txt,Metadata/Sources/index.html,1,ENTRY_ID is the zero-based archive table ordinal
E:\cultures\vanilla-data\DataX\Libs\data0001.lib,2521,data\engine2d\bin\sounds\generic\animals_goat01.wav,147810672,22510,WAV,Audio,aud:2521,SOURCE_COMPLETE,Audio/generic/animals_goat01.wav,Audio/index.html,1,ENTRY_ID is the zero-based archive table ordinal
E:\cultures\vanilla-data\DataX\Libs\data0001.lib,2522,data\maps\multiplayer_02_06_ressourcen\minimap\minimap.pcx,225370128,41828,PCX,Images,img:2522,PIXEL_CONFIRMED,UI/Maps/multiplayer_02_06_ressourcen/minimap/minimap.png,UI/Images/index.html,1,ENTRY_ID is the zero-based archive table ordinal
E:\cultures\vanilla-data\DataX\Libs\data0001.lib,2523,data\maps\tutorial_005\text\eng\briefings\graphics\people_dead_f.pcx,249128510,92541,PCX,Images,img:2523,PIXEL_CONFIRMED,UI/Maps/tutorial_005/text_eng_briefings_graphics/people_dead_f.png,UI/Images/index.html,1,ENTRY_ID is the zero-based archive table ordinal
E:\cultures\vanilla-data\DataX\Libs\data0001.lib,2524,data\edit\macromaps\desertb001.cif,202495,3885,CIF,Native definitions,cif:2524,SOURCE_COMPLETE,Metadata/Sources/CIF/data/edit/macromaps/desertb001.cif.txt,Metadata/Sources/index.html,1,ENTRY_ID is the zero-based archive table ordinal
E:\cultures\vanilla-data\DataX\Libs\data0001.lib,2525,data\edit\macromaps\desertc000.cif,210409,1041,CIF,Native definitions,cif:2525,SOURCE_COMPLETE,Metadata/Sources/CIF/data/edit/macromaps/desertc000.cif.txt,Metadata/Sources/index.html,1,ENTRY_ID is the zero-based archive table ordinal
E:\cultures\vanilla-data\DataX\Libs\data0001.lib,2526,data\engine2d\bin\sounds\generic\animals_goat02.wav,147833182,51084,WAV,Audio,aud:2526,SOURCE_COMPLETE,Audio/generic/animals_goat02.wav,Audio/index.html,1,ENTRY_ID is the zero-based archive table ordinal
E:\cultures\vanilla-data\DataX\Libs\data0001.lib,2527,data\maps\tutorial_006\text\eng\briefings\graphics\people_dead_f.pcx,250681898,92541,PCX,Images,img:2527,PIXEL_CONFIRMED,UI/Maps/tutorial_006/text_eng_briefings_graphics/people_dead_f.png,UI/Images/index.html,1,ENTRY_ID is the zero-based archive table ordinal
E:\cultures\vanilla-data\DataX\Libs\data0001.lib,2528,data\edit\macromaps\desertc001.cif,211450,3885,CIF,Native definitions,cif:2528,SOURCE_COMPLETE,Metadata/Sources/CIF/data/edit/macromaps/desertc001.cif.txt,Metadata/Sources/index.html,1,ENTRY_ID is the zero-based archive table ordinal
E:\cultures\vanilla-data\DataX\Libs\data0001.lib,2529,data\edit\macromaps\desertd000.cif,215335,1041,CIF,Native definitions,cif:2529,SOURCE_COMPLETE,Metadata/Sources/CIF/data/edit/macromaps/desertd000.cif.txt,Metadata/Sources/index.html,1,ENTRY_ID is the zero-based archive table ordinal
E:\cultures\vanilla-data\DataX\Libs\data0001.lib,2530,data\engine2d\bin\palettes\landscapes\haus_saracen01.pcx,132805489,901,PCX,Palettes,img:2530,PIXEL_CONFIRMED,Metadata/Palettes/landscapes/haus_saracen01.png,Metadata/Palettes/index.html,1,ENTRY_ID is the zero-based archive table ordinal
E:\cultures\vanilla-data\DataX\Libs\data0001.lib,2531,data\engine2d\bin\sounds\generic\animals_goat03.wav,147884266,30672,WAV,Audio,aud:2531,SOURCE_COMPLETE,Audio/generic/animals_goat03.wav,Audio/index.html,1,ENTRY_ID is the zero-based archive table ordinal
E:\cultures\vanilla-data\DataX\Libs\data0001.lib,2532,data\maps\singleplayer_03_01\text\eng\briefings\0000.hlt,236798015,300,HLT,Native documents,doc:2532,SOURCE_COMPLETE,Metadata/Sources/Raw/data/maps/singleplayer_03_01/text/eng/briefings/0000.hlt,Metadata/Sources/index.html,1,ENTRY_ID is the zero-based archive table ordinal
E:\cultures\vanilla-data\DataX\Libs\data0001.lib,2533,data\maps\tutorial_007\text\eng\briefings\graphics\people_dead_f.pcx,252132078,92541,PCX,Images,img:2533,PIXEL_CONFIRMED,UI/Maps/tutorial_007/text_eng_briefings_graphics/people_dead_f.png,UI/Images/index.html,1,ENTRY_ID is the zero-based archive table ordinal
E:\cultures\vanilla-data\DataX\Libs\data0001.lib,2534,data\text\eng\hypertext\history\index.hlt,254774867,1576,HLT,Native documents,doc:2534,SOURCE_COMPLETE,Metadata/Sources/Raw/data/text/eng/hypertext/history/index.hlt,Metadata/Sources/index.html,1,ENTRY_ID is the zero-based archive table ordinal
E:\cultures\vanilla-data\DataX\Libs\data0001.lib,2535,data\edit\macromaps\desertd001.cif,216376,3885,CIF,Native definitions,cif:2535,SOURCE_COMPLETE,Metadata/Sources/CIF/data/edit/macromaps/desertd001.cif.txt,Metadata/Sources/index.html,1,ENTRY_ID is the zero-based archive table ordinal
E:\cultures\vanilla-data\DataX\Libs\data0001.lib,2536,data\engine2d\bin\sounds\generic\animals_goat04.wav,147914938,32714,WAV,Audio,aud:2536,SOURCE_COMPLETE,Audio/generic/animals_goat04.wav,Audio/index.html,1,ENTRY_ID is the zero-based archive table ordinal
E:\cultures\vanilla-data\DataX\Libs\data0001.lib,2537,data\engine2d\bin\sounds\static\sword long swing01.wav,185971702,36796,WAV,Audio,aud:2537,SOURCE_COMPLETE,Audio/static/sword long swing01.wav,Audio/index.html,1,ENTRY_ID is the zero-based archive table ordinal
E:\cultures\vanilla-data\DataX\Libs\data0001.lib,2538,data\maps\campaign_03_01_sub\text\eng\briefings\graphics\people_dead_f.pcx,205314156,92541,PCX,Images,img:2538,PIXEL_CONFIRMED,UI/Maps/campaign_03_01_sub/text_eng_briefings_graphics/people_dead_f.png,UI/Images/index.html,1,ENTRY_ID is the zero-based archive table ordinal
E:\cultures\vanilla-data\DataX\Libs\data0001.lib,2539,data\maps\singleplayer_03_01\text\eng\briefings\0001.hlt,236798315,291,HLT,Native documents,doc:2539,SOURCE_COMPLETE,Metadata/Sources/Raw/data/maps/singleplayer_03_01/text/eng/briefings/0001.hlt,Metadata/Sources/index.html,1,ENTRY_ID is the zero-based archive table ordinal
E:\cultures\vanilla-data\DataX\Libs\data0001.lib,2540,data\maps\singleplayer_03_01\text\eng\briefings\0010.hlt,236800261,150,HLT,Native documents,doc:2540,SOURCE_COMPLETE,Metadata/Sources/Raw/data/maps/singleplayer_03_01/text/eng/briefings/0010.hlt,Metadata/Sources/index.html,1,ENTRY_ID is the zero-based archive table ordinal
E:\cultures\vanilla-data\DataX\Libs\data0001.lib,2541,data\maps\singleplayer_03_02\text\eng\briefings\0000.hlt,238625338,299,HLT,Native documents,doc:2541,SOURCE_COMPLETE,Metadata/Sources/Raw/data/maps/singleplayer_03_02/text/eng/briefings/0000.hlt,Metadata/Sources/index.html,1,ENTRY_ID is the zero-based archive table ordinal
E:\cultures\vanilla-data\DataX\Libs\data0001.lib,2542,data\engine2d\bin\palettes\creatures\deer.pcx,132721687,901,PCX,Palettes,img:2542,PIXEL_CONFIRMED,Metadata/Palettes/creatures/deer.png,Metadata/Palettes/index.html,1,ENTRY_ID is the zero-based archive table ordinal
E:\cultures\vanilla-data\DataX\Libs\data0001.lib,2543,data\engine2d\bin\sounds\generic\animals_goat05.wav,147947652,26592,WAV,Audio,aud:2543,SOURCE_COMPLETE,Audio/generic/animals_goat05.wav,Audio/index.html,1,ENTRY_ID is the zero-based archive table ordinal
E:\cultures\vanilla-data\DataX\Libs\data0001.lib,2544,data\engine2d\bin\sounds\static\sword long swing02.wav,186008498,36796,WAV,Audio,aud:2544,SOURCE_COMPLETE,Audio/static/sword long swing02.wav,Audio/index.html,1,ENTRY_ID is the zero-based archive table ordinal
E:\cultures\vanilla-data\DataX\Libs\data0001.lib,2545,data\maps\campaign_03_02_sub\text\eng\briefings\graphics\people_dead_f.pcx,208167249,92541,PCX,Images,img:2545,PIXEL_CONFIRMED,UI/Maps/campaign_03_02_sub/text_eng_briefings_graphics/people_dead_f.png,UI/Images/index.html,1,ENTRY_ID is the zero-based archive table ordinal
E:\cultures\vanilla-data\DataX\Libs\data0001.lib,2546,data\maps\multiplayer_204_special_cap-the-flag\text\eng\briefings\fonts\font10.fnt,233506712,15083,FNT,Fonts,font:2546,SOURCE_COMPLETE,,UI/Fonts/index.html,1,ENTRY_ID is the zero-based archive table ordinal
E:\cultures\vanilla-data\DataX\Libs\data0001.lib,2547,data\maps\singleplayer_03_01\text\eng\briefings\0002.hlt,236798606,287,HLT,Native documents,doc:2547,SOURCE_COMPLETE,Metadata/Sources/Raw/data/maps/singleplayer_03_01/text/eng/briefings/0002.hlt,Metadata/Sources/index.html,1,ENTRY_ID is the zero-based archive table ordinal
E:\cultures\vanilla-data\DataX\Libs\data0001.lib,2548,data\maps\singleplayer_03_01\text\eng\briefings\0011.hlt,236800411,120,HLT,Native documents,doc:2548,SOURCE_COMPLETE,Metadata/Sources/Raw/data/maps/singleplayer_03_01/text/eng/briefings/0011.hlt,Metadata/Sources/index.html,1,ENTRY_ID is the zero-based archive table ordinal
E:\cultures\vanilla-data\DataX\Libs\data0001.lib,2549,data\maps\singleplayer_03_01\text\eng\briefings\0020.hlt,236801726,153,HLT,Native documents,doc:2549,SOURCE_COMPLETE,Metadata/Sources/Raw/data/maps/singleplayer_03_01/text/eng/briefings/0020.hlt,Metadata/Sources/index.html,1,ENTRY_ID is the zero-based archive table ordinal
E:\cultures\vanilla-data\DataX\Libs\data0001.lib,2550,data\maps\singleplayer_03_02\text\eng\briefings\0001.hlt,238625637,293,HLT,Native documents,doc:2550,SOURCE_COMPLETE,Metadata/Sources/Raw/data/maps/singleplayer_03_02/text/eng/briefings/0001.hlt,Metadata/Sources/index.html,1,ENTRY_ID is the zero-based archive table ordinal
E:\cultures\vanilla-data\DataX\Libs\data0001.lib,2551,data\maps\singleplayer_03_02\text\eng\briefings\0010.hlt,238627196,120,HLT,Native documents,doc:2551,SOURCE_COMPLETE,Metadata/Sources/Raw/data/maps/singleplayer_03_02/text/eng/briefings/0010.hlt,Metadata/Sources/index.html,1,ENTRY_ID is the zero-based archive table ordinal
E:\cultures\vanilla-data\DataX\Libs\data0001.lib,2552,data\maps\singleplayer_03_03\text\eng\briefings\0000.hlt,239788331,263,HLT,Native documents,doc:2552,SOURCE_COMPLETE,Metadata/Sources/Raw/data/maps/singleplayer_03_03/text/eng/briefings/0000.hlt,Metadata/Sources/index.html,1,ENTRY_ID is the zero-based archive table ordinal
E:\cultures\vanilla-data\DataX\Libs\data0001.lib,2553,data\text\eng\hypertext\ingamehelp\palettes\font_red.pcx,254999064,125239,PCX,Images,img:2553,PIXEL_CONFIRMED,UI/Hypertext/ingamehelp_palettes/font_red.png,UI/Images/index.html,1,ENTRY_ID is the zero-based archive table ordinal
E:\cultures\vanilla-data\DataX\Libs\data0001.lib,2554,data\engine2d\bin\bobs\ls_ground_s.bmd,89428757,29358,BMD,Source libraries,lib:ls_ground_s,SOURCE_COMPLETE,Shared/SourceLibraries/ls_ground_s/library.json,Shared/SourceLibraries/index.html,4,ENTRY_ID is the zero-based archive table ordinal
E:\cultures\vanilla-data\DataX\Libs\data0001.lib,2555,data\engine2d\bin\sounds\generic\animals_goat06.wav,147974244,30672,WAV,Audio,aud:2555,SOURCE_COMPLETE,Audio/generic/animals_goat06.wav,Audio/index.html,1,ENTRY_ID is the zero-based archive table ordinal
E:\cultures\vanilla-data\DataX\Libs\data0001.lib,2556,data\engine2d\bin\sounds\static\sword long swing03.wav,186045294,34756,WAV,Audio,aud:2556,SOURCE_COMPLETE,Audio/static/sword long swing03.wav,Audio/index.html,1,ENTRY_ID is the zero-based archive table ordinal
E:\cultures\vanilla-data\DataX\Libs\data0001.lib,2557,data\maps\singleplayer_03_01\text\eng\briefings\0003.hlt,236798893,288,HLT,Native documents,doc:2557,SOURCE_COMPLETE,Metadata/Sources/Raw/data/maps/singleplayer_03_01/text/eng/briefings/0003.hlt,Metadata/Sources/index.html,1,ENTRY_ID is the zero-based archive table ordinal
E:\cultures\vanilla-data\DataX\Libs\data0001.lib,2558,data\maps\singleplayer_03_01\text\eng\briefings\0012.hlt,236800531,120,HLT,Native documents,doc:2558,SOURCE_COMPLETE,Metadata/Sources/Raw/data/maps/singleplayer_03_01/text/eng/briefings/0012.hlt,Metadata/Sources/index.html,1,ENTRY_ID is the zero-based archive table ordinal
E:\cultures\vanilla-data\DataX\Libs\data0001.lib,2559,data\maps\singleplayer_03_01\text\eng\briefings\0021.hlt,236801879,122,HLT,Native documents,doc:2559,SOURCE_COMPLETE,Metadata/Sources/Raw/data/maps/singleplayer_03_01/text/eng/briefings/0021.hlt,Metadata/Sources/index.html,1,ENTRY_ID is the zero-based archive table ordinal
E:\cultures\vanilla-data\DataX\Libs\data0001.lib,2560,data\maps\singleplayer_03_02\text\eng\briefings\0002.hlt,238625930,289,HLT,Native documents,doc:2560,SOURCE_COMPLETE,Metadata/Sources/Raw/data/maps/singleplayer_03_02/text/eng/briefings/0002.hlt,Metadata/Sources/index.html,1,ENTRY_ID is the zero-based archive table ordinal
E:\cultures\vanilla-data\DataX\Libs\data0001.lib,2561,data\maps\singleplayer_03_02\text\eng\briefings\0011.hlt,238627316,252,HLT,Native documents,doc:2561,SOURCE_COMPLETE,Metadata/Sources/Raw/data/maps/singleplayer_03_02/text/eng/briefings/0011.hlt,Metadata/Sources/index.html,1,ENTRY_ID is the zero-based archive table ordinal
E:\cultures\vanilla-data\DataX\Libs\data0001.lib,2562,data\maps\singleplayer_03_03\text\eng\briefings\0001.hlt,239788594,254,HLT,Native documents,doc:2562,SOURCE_COMPLETE,Metadata/Sources/Raw/data/maps/singleplayer_03_03/text/eng/briefings/0001.hlt,Metadata/Sources/index.html,1,ENTRY_ID is the zero-based archive table ordinal
E:\cultures\vanilla-data\DataX\Libs\data0001.lib,2563,data\maps\singleplayer_03_04\text\eng\briefings\0000.hlt,241075358,263,HLT,Native documents,doc:2563,SOURCE_COMPLETE,Metadata/Sources/Raw/data/maps/singleplayer_03_04/text/eng/briefings/0000.hlt,Metadata/Sources/index.html,1,ENTRY_ID is the zero-based archive table ordinal
E:\cultures\vanilla-data\DataX\Libs\data0001.lib,2564,data\text\eng\strings\ingamegui\ingameguimisclogic.cif,255212764,2900,CIF,Native definitions,cif:2564,SOURCE_COMPLETE,Metadata/Sources/CIF/data/text/eng/strings/ingamegui/ingameguimisclogic.cif.txt,Metadata/Sources/index.html,1,ENTRY_ID is the zero-based archive table ordinal
E:\cultures\vanilla-data\DataX\Libs\data0001.lib,2565,data\engine2d\bin\sounds\static\sword long swing04.wav,186080050,38838,WAV,Audio,aud:2565,SOURCE_COMPLETE,Audio/static/sword long swing04.wav,Audio/index.html,1,ENTRY_ID is the zero-based archive table ordinal
E:\cultures\vanilla-data\DataX\Libs\data0001.lib,2566,data\engine2d\bin\sounds\static\weresnakegethit01.wav,186887296,16386,WAV,Audio,aud:2566,SOURCE_COMPLETE,Audio/static/weresnakegethit01.wav,Audio/index.html,1,ENTRY_ID is the zero-based archive table ordinal
E:\cultures\vanilla-data\DataX\Libs\data0001.lib,2567,data\maps\multiplayer_204_special_cap-the-flag\text\eng\briefings\fonts\font12.fnt,233521795,17840,FNT,Fonts,font:2567,SOURCE_COMPLETE,,UI/Fonts/index.html,1,ENTRY_ID is the zero-based archive table ordinal
E:\cultures\vanilla-data\DataX\Libs\data0001.lib,2568,data\maps\singleplayer_03_01\text\eng\briefings\0004.hlt,236799181,285,HLT,Native documents,doc:2568,SOURCE_COMPLETE,Metadata/Sources/Raw/data/maps/singleplayer_03_01/text/eng/briefings/0004.hlt,Metadata/Sources/index.html,1,ENTRY_ID is the zero-based archive table ordinal
E:\cultures\vanilla-data\DataX\Libs\data0001.lib,2569,data\maps\singleplayer_03_01\text\eng\briefings\0013.hlt,236800651,154,HLT,Native documents,doc:2569,SOURCE_COMPLETE,Metadata/Sources/Raw/data/maps/singleplayer_03_01/text/eng/briefings/0013.hlt,Metadata/Sources/index.html,1,ENTRY_ID is the zero-based archive table ordinal
E:\cultures\vanilla-data\DataX\Libs\data0001.lib,2570,data\maps\singleplayer_03_01\text\eng\briefings\0022.hlt,236802001,153,HLT,Native documents,doc:2570,SOURCE_COMPLETE,Metadata/Sources/Raw/data/maps/singleplayer_03_01/text/eng/briefings/0022.hlt,Metadata/Sources/index.html,1,ENTRY_ID is the zero-based archive table ordinal
E:\cultures\vanilla-data\DataX\Libs\data0001.lib,2571,data\maps\singleplayer_03_02\text\eng\briefings\0003.hlt,238626219,154,HLT,Native documents,doc:2571,SOURCE_COMPLETE,Metadata/Sources/Raw/data/maps/singleplayer_03_02/text/eng/briefings/0003.hlt,Metadata/Sources/index.html,1,ENTRY_ID is the zero-based archive table ordinal
E:\cultures\vanilla-data\DataX\Libs\data0001.lib,2572,data\maps\singleplayer_03_02\text\eng\briefings\0012.hlt,238627568,120,HLT,Native documents,doc:2572,SOURCE_COMPLETE,Metadata/Sources/Raw/data/maps/singleplayer_03_02/text/eng/briefings/0012.hlt,Metadata/Sources/index.html,1,ENTRY_ID is the zero-based archive table ordinal
E:\cultures\vanilla-data\DataX\Libs\data0001.lib,2573,data\maps\singleplayer_03_03\text\eng\briefings\0002.hlt,239788848,253,HLT,Native documents,doc:2573,SOURCE_COMPLETE,Metadata/Sources/Raw/data/maps/singleplayer_03_03/text/eng/briefings/0002.hlt,Metadata/Sources/index.html,1,ENTRY_ID is the zero-based archive table ordinal
E:\cultures\vanilla-data\DataX\Libs\data0001.lib,2574,data\maps\singleplayer_03_04\text\eng\briefings\0001.hlt,241075621,157,HLT,Native documents,doc:2574,SOURCE_COMPLETE,Metadata/Sources/Raw/data/maps/singleplayer_03_04/text/eng/briefings/0001.hlt,Metadata/Sources/index.html,1,ENTRY_ID is the zero-based archive table ordinal
E:\cultures\vanilla-data\DataX\Libs\data0001.lib,2575,data\maps\singleplayer_03_04\text\eng\briefings\0010.hlt,241076909,150,HLT,Native documents,doc:2575,SOURCE_COMPLETE,Metadata/Sources/Raw/data/maps/singleplayer_03_04/text/eng/briefings/0010.hlt,Metadata/Sources/index.html,1,ENTRY_ID is the zero-based archive table ordinal
E:\cultures\vanilla-data\DataX\Libs\data0001.lib,2576,data\maps\singleplayer_03_05\text\eng\briefings\0000.hlt,243973778,263,HLT,Native documents,doc:2576,SOURCE_COMPLETE,Metadata/Sources/Raw/data/maps/singleplayer_03_05/text/eng/briefings/0000.hlt,Metadata/Sources/index.html,1,ENTRY_ID is the zero-based archive table ordinal
E:\cultures\vanilla-data\DataX\Libs\data0001.lib,2577,data\text\eng\hypertext\credits\graphics\separator_00.pcx,253327231,1464,PCX,Images,img:2577,PIXEL_CONFIRMED,UI/Hypertext/credits_graphics/separator_00.png,UI/Images/index.html,1,ENTRY_ID is the zero-based archive table ordinal
E:\cultures\vanilla-data\DataX\Libs\data0001.lib,2578,data\engine2d\bin\sounds\ambient\sirens_01.wav,141825396,436832,WAV,Audio,aud:2578,SOURCE_COMPLETE,Audio/ambient/sirens_01.wav,Audio/index.html,1,ENTRY_ID is the zero-based archive table ordinal
E:\cultures\vanilla-data\DataX\Libs\data0001.lib,2579,data\engine2d\bin\sounds\ambient\water1.wav,144828828,130682,WAV,Audio,aud:2579,UNKNOWN,Audio/ambient/water1.wav,Audio/index.html,1,ENTRY_ID is the zero-based archive table ordinal
E:\cultures\vanilla-data\DataX\Libs\data0001.lib,2580,data\engine2d\bin\sounds\generic\animals_lion01.wav,148004916,112312,WAV,Audio,aud:2580,SOURCE_COMPLETE,Audio/generic/animals_lion01.wav,Audio/index.html,1,ENTRY_ID is the zero-based archive table ordinal
E:\cultures\vanilla-data\DataX\Libs\data0001.lib,2581,data\engine2d\bin\sounds\static\weresnakegethit02.wav,186903682,36796,WAV,Audio,aud:2581,SOURCE_COMPLETE,Audio/static/weresnakegethit02.wav,Audio/index.html,1,ENTRY_ID is the zero-based archive table ordinal
E:\cultures\vanilla-data\DataX\Libs\data0001.lib,2582,data\gui\palettes\menu_remap.pcx,202179067,901,PCX,Images,img:2582,PIXEL_CONFIRMED,UI/Palettes/menu_remap.png,UI/Images/index.html,1,ENTRY_ID is the zero-based archive table ordinal
E:\cultures\vanilla-data\DataX\Libs\data0001.lib,2583,data\maps\multiplayer_201_special_coop\map.cif,228931118,84068,CIF,Native definitions,cif:2583,SOURCE_COMPLETE,Metadata/Sources/CIF/data/maps/multiplayer_201_special_coop/map.cif.txt,Metadata/Sources/index.html,1,ENTRY_ID is the zero-based archive table ordinal
E:\cultures\vanilla-data\DataX\Libs\data0001.lib,2584,data\maps\singleplayer_03_01\text\eng\briefings\0005.hlt,236799466,253,HLT,Native documents,doc:2584,SOURCE_COMPLETE,Metadata/Sources/Raw/data/maps/singleplayer_03_01/text/eng/briefings/0005.hlt,Metadata/Sources/index.html,1,ENTRY_ID is the zero-based archive table ordinal
E:\cultures\vanilla-data\DataX\Libs\data0001.lib,2585,data\maps\singleplayer_03_01\text\eng\briefings\0014.hlt,236800805,154,HLT,Native documents,doc:2585,SOURCE_COMPLETE,Metadata/Sources/Raw/data/maps/singleplayer_03_01/text/eng/briefings/0014.hlt,Metadata/Sources/index.html,1,ENTRY_ID is the zero-based archive table ordinal
E:\cultures\vanilla-data\DataX\Libs\data0001.lib,2586,data\maps\singleplayer_03_01\text\eng\briefings\0023.hlt,236802154,122,HLT,Native documents,doc:2586,SOURCE_COMPLETE,Metadata/Sources/Raw/data/maps/singleplayer_03_01/text/eng/briefings/0023.hlt,Metadata/Sources/index.html,1,ENTRY_ID is the zero-based archive table ordinal
E:\cultures\vanilla-data\DataX\Libs\data0001.lib,2587,data\maps\singleplayer_03_02\text\eng\briefings\0004.hlt,238626373,120,HLT,Native documents,doc:2587,SOURCE_COMPLETE,Metadata/Sources/Raw/data/maps/singleplayer_03_02/text/eng/briefings/0004.hlt,Metadata/Sources/index.html,1,ENTRY_ID is the zero-based archive table ordinal
E:\cultures\vanilla-data\DataX\Libs\data0001.lib,2588,data\maps\singleplayer_03_02\text\eng\briefings\0013.hlt,238627688,120,HLT,Native documents,doc:2588,SOURCE_COMPLETE,Metadata/Sources/Raw/data/maps/singleplayer_03_02/text/eng/briefings/0013.hlt,Metadata/Sources/index.html,1,ENTRY_ID is the zero-based archive table ordinal
E:\cultures\vanilla-data\DataX\Libs\data0001.lib,2589,data\maps\singleplayer_03_03\text\eng\briefings\0003.hlt,239789101,120,HLT,Native documents,doc:2589,SOURCE_COMPLETE,Metadata/Sources/Raw/data/maps/singleplayer_03_03/text/eng/briefings/0003.hlt,Metadata/Sources/index.html,1,ENTRY_ID is the zero-based archive table ordinal
E:\cultures\vanilla-data\DataX\Libs\data0001.lib,2590,data\maps\singleplayer_03_04\text\eng\briefings\0002.hlt,241075778,155,HLT,Native documents,doc:2590,SOURCE_COMPLETE,Metadata/Sources/Raw/data/maps/singleplayer_03_04/text/eng/briefings/0002.hlt,Metadata/Sources/index.html,1,ENTRY_ID is the zero-based archive table ordinal
E:\cultures\vanilla-data\DataX\Libs\data0001.lib,2591,data\maps\singleplayer_03_04\text\eng\briefings\0011.hlt,241077059,120,HLT,Native documents,doc:2591,SOURCE_COMPLETE,Metadata/Sources/Raw/data/maps/singleplayer_03_04/text/eng/briefings/0011.hlt,Metadata/Sources/index.html,1,ENTRY_ID is the zero-based archive table ordinal
E:\cultures\vanilla-data\DataX\Libs\data0001.lib,2592,data\maps\singleplayer_03_04\text\eng\briefings\0020.hlt,241078252,154,HLT,Native documents,doc:2592,SOURCE_COMPLETE,Metadata/Sources/Raw/data/maps/singleplayer_03_04/text/eng/briefings/0020.hlt,Metadata/Sources/index.html,1,ENTRY_ID is the zero-based archive table ordinal
E:\cultures\vanilla-data\DataX\Libs\data0001.lib,2593,data\maps\singleplayer_03_05\text\eng\briefings\0001.hlt,243974041,122,HLT,Native documents,doc:2593,SOURCE_COMPLETE,Metadata/Sources/Raw/data/maps/singleplayer_03_05/text/eng/briefings/0001.hlt,Metadata/Sources/index.html,1,ENTRY_ID is the zero-based archive table ordinal
E:\cultures\vanilla-data\DataX\Libs\data0001.lib,2594,data\maps\singleplayer_03_05\text\eng\briefings\0010.hlt,243975262,120,HLT,Native documents,doc:2594,SOURCE_COMPLETE,Metadata/Sources/Raw/data/maps/singleplayer_03_05/text/eng/briefings/0010.hlt,Metadata/Sources/index.html,1,ENTRY_ID is the zero-based archive table ordinal
E:\cultures\vanilla-data\DataX\Libs\data0001.lib,2595,data\text\eng\strings\ingamegui\ingameguihousewindow.cif,255198266,2090,CIF,Native definitions,cif:2595,SOURCE_COMPLETE,Metadata/Sources/CIF/data/text/eng/strings/ingamegui/ingameguihousewindow.cif.txt,Metadata/Sources/index.html,1,ENTRY_ID is the zero-based archive table ordinal
E:\cultures\vanilla-data\DataX\Libs\data0001.lib,2596,data\engine2d\bin\palettes\creatures\hair.pcx,132726192,901,PCX,Palettes,img:2596,PIXEL_CONFIRMED,Metadata/Palettes/creatures/hair.png,Metadata/Palettes/index.html,1,ENTRY_ID is the zero-based archive table ordinal
E:\cultures\vanilla-data\DataX\Libs\data0001.lib,2597,data\engine2d\bin\palettes\landscapes\harbour01.pcx,132799182,901,PCX,Palettes,img:2597,PIXEL_CONFIRMED,Metadata/Palettes/landscapes/harbour01.png,Metadata/Palettes/index.html,1,ENTRY_ID is the zero-based archive table ordinal
E:\cultures\vanilla-data\DataX\Libs\data0001.lib,2598,data\engine2d\bin\sounds\ambient\sirens_02.wav,142262228,573580,WAV,Audio,aud:2598,SOURCE_COMPLETE,Audio/ambient/sirens_02.wav,Audio/index.html,1,ENTRY_ID is the zero-based archive table ordinal
E:\cultures\vanilla-data\DataX\Libs\data0001.lib,2599,data\engine2d\bin\sounds\ambient\water2.wav,144959510,591948,WAV,Audio,aud:2599,SOURCE_COMPLETE,Audio/ambient/water2.wav,Audio/index.html,1,ENTRY_ID is the zero-based archive table ordinal
E:\cultures\vanilla-data\DataX\Libs\data0001.lib,2600,data\engine2d\bin\sounds\generic\animals_lion02.wav,148117228,69452,WAV,Audio,aud:2600,SOURCE_COMPLETE,Audio/generic/animals_lion02.wav,Audio/index.html,1,ENTRY_ID is the zero-based archive table ordinal
E:\cultures\vanilla-data\DataX\Libs\data0001.lib,2601,data\engine2d\bin\sounds\static\weresnakegethit03.wav,186940478,47002,WAV,Audio,aud:2601,SOURCE_COMPLETE,Audio/static/weresnakegethit03.wav,Audio/index.html,1,ENTRY_ID is the zero-based archive table ordinal
E:\cultures\vanilla-data\DataX\Libs\data0001.lib,2602,data\maps\singleplayer_03_01\text\eng\briefings\0006.hlt,236799719,120,HLT,Native documents,doc:2602,SOURCE_COMPLETE,Metadata/Sources/Raw/data/maps/singleplayer_03_01/text/eng/briefings/0006.hlt,Metadata/Sources/index.html,1,ENTRY_ID is the zero-based archive table ordinal
E:\cultures\vanilla-data\DataX\Libs\data0001.lib,2603,data\maps\singleplayer_03_01\text\eng\briefings\0015.hlt,236800959,151,HLT,Native documents,doc:2603,SOURCE_COMPLETE,Metadata/Sources/Raw/data/maps/singleplayer_03_01/text/eng/briefings/0015.hlt,Metadata/Sources/index.html,1,ENTRY_ID is the zero-based archive table ordinal
E:\cultures\vanilla-data\DataX\Libs\data0001.lib,2604,data\maps\singleplayer_03_02\text\eng\briefings\0005.hlt,238626493,155,HLT,Native documents,doc:2604,SOURCE_COMPLETE,Metadata/Sources/Raw/data/maps/singleplayer_03_02/text/eng/briefings/0005.hlt,Metadata/Sources/index.html,1,ENTRY_ID is the zero-based archive table ordinal
E:\cultures\vanilla-data\DataX\Libs\data0001.lib,2605,data\maps\singleplayer_03_02\text\eng\briefings\0014.hlt,238627808,120,HLT,Native documents,doc:2605,SOURCE_COMPLETE,Metadata/Sources/Raw/data/maps/singleplayer_03_02/text/eng/briefings/0014.hlt,Metadata/Sources/index.html,1,ENTRY_ID is the zero-based archive table ordinal
E:\cultures\vanilla-data\DataX\Libs\data0001.lib,2606,data\maps\singleplayer_03_03\text\eng\briefings\0004.hlt,239789221,154,HLT,Native documents,doc:2606,SOURCE_COMPLETE,Metadata/Sources/Raw/data/maps/singleplayer_03_03/text/eng/briefings/0004.hlt,Metadata/Sources/index.html,1,ENTRY_ID is the zero-based archive table ordinal
E:\cultures\vanilla-data\DataX\Libs\data0001.lib,2607,data\maps\singleplayer_03_04\text\eng\briefings\0003.hlt,241075933,154,HLT,Native documents,doc:2607,SOURCE_COMPLETE,Metadata/Sources/Raw/data/maps/singleplayer_03_04/text/eng/briefings/0003.hlt,Metadata/Sources/index.html,1,ENTRY_ID is the zero-based archive table ordinal
E:\cultures\vanilla-data\DataX\Libs\data0001.lib,2608,data\maps\singleplayer_03_04\text\eng\briefings\0012.hlt,241077179,120,HLT,Native documents,doc:2608,SOURCE_COMPLETE,Metadata/Sources/Raw/data/maps/singleplayer_03_04/text/eng/briefings/0012.hlt,Metadata/Sources/index.html,1,ENTRY_ID is the zero-based archive table ordinal
E:\cultures\vanilla-data\DataX\Libs\data0001.lib,2609,data\maps\singleplayer_03_04\text\eng\briefings\0021.hlt,241078406,155,HLT,Native documents,doc:2609,SOURCE_COMPLETE,Metadata/Sources/Raw/data/maps/singleplayer_03_04/text/eng/briefings/0021.hlt,Metadata/Sources/index.html,1,ENTRY_ID is the zero-based archive table ordinal
E:\cultures\vanilla-data\DataX\Libs\data0001.lib,2610,data\maps\singleplayer_03_04\text\eng\briefings\0030.hlt,241079916,150,HLT,Native documents,doc:2610,SOURCE_COMPLETE,Metadata/Sources/Raw/data/maps/singleplayer_03_04/text/eng/briefings/0030.hlt,Metadata/Sources/index.html,1,ENTRY_ID is the zero-based archive table ordinal
E:\cultures\vanilla-data\DataX\Libs\data0001.lib,2611,data\maps\singleplayer_03_05\text\eng\briefings\0002.hlt,243974163,155,HLT,Native documents,doc:2611,SOURCE_COMPLETE,Metadata/Sources/Raw/data/maps/singleplayer_03_05/text/eng/briefings/0002.hlt,Metadata/Sources/index.html,1,ENTRY_ID is the zero-based archive table ordinal
E:\cultures\vanilla-data\DataX\Libs\data0001.lib,2612,data\maps\singleplayer_03_05\text\eng\briefings\0011.hlt,243975382,120,HLT,Native documents,doc:2612,SOURCE_COMPLETE,Metadata/Sources/Raw/data/maps/singleplayer_03_05/text/eng/briefings/0011.hlt,Metadata/Sources/index.html,1,ENTRY_ID is the zero-based archive table ordinal
E:\cultures\vanilla-data\DataX\Libs\data0001.lib,2613,data\engine2d\bin\sounds\ambient\water3.wav,145551458,781762,WAV,Audio,aud:2613,SOURCE_COMPLETE,Audio/ambient/water3.wav,Audio/index.html,1,ENTRY_ID is the zero-based archive table ordinal
E:\cultures\vanilla-data\DataX\Libs\data0001.lib,2614,data\engine2d\bin\sounds\generic\animals_lion03.wav,148186680,67410,WAV,Audio,aud:2614,SOURCE_COMPLETE,Audio/generic/animals_lion03.wav,Audio/index.html,1,ENTRY_ID is the zero-based archive table ordinal
E:\cultures\vanilla-data\DataX\Libs\data0001.lib,2615,data\engine2d\bin\sounds\humantalk\latin\l100.wav,155127712,36796,WAV,Audio,aud:2615,SOURCE_COMPLETE,Audio/latin/l100.wav,Audio/index.html,1,ENTRY_ID is the zero-based archive table ordinal
E:\cultures\vanilla-data\DataX\Libs\data0001.lib,2616,data\maps\multiplayer_02_06_ressourcen\text\eng\briefings\palettes\pal_white.bmp,225593134,65078,BMP,Images,img:2616,SOURCE_COMPLETE,UI/Maps/multiplayer_02_06_ressourcen/text_eng_briefings_palettes/pal_white.png,UI/Images/index.html,1,ENTRY_ID is the zero-based archive table ordinal
E:\cultures\vanilla-data\DataX\Libs\data0001.lib,2617,data\maps\singleplayer_03_01\text\eng\briefings\0007.hlt,236799839,120,HLT,Native documents,doc:2617,SOURCE_COMPLETE,Metadata/Sources/Raw/data/maps/singleplayer_03_01/text/eng/briefings/0007.hlt,Metadata/Sources/index.html,1,ENTRY_ID is the zero-based archive table ordinal
E:\cultures\vanilla-data\DataX\Libs\data0001.lib,2618,data\maps\singleplayer_03_01\text\eng\briefings\0016.hlt,236801110,154,HLT,Native documents,doc:2618,SOURCE_COMPLETE,Metadata/Sources/Raw/data/maps/singleplayer_03_01/text/eng/briefings/0016.hlt,Metadata/Sources/index.html,1,ENTRY_ID is the zero-based archive table ordinal
E:\cultures\vanilla-data\DataX\Libs\data0001.lib,2619,data\maps\singleplayer_03_02\text\eng\briefings\0006.hlt,238626648,120,HLT,Native documents,doc:2619,SOURCE_COMPLETE,Metadata/Sources/Raw/data/maps/singleplayer_03_02/text/eng/briefings/0006.hlt,Metadata/Sources/index.html,1,ENTRY_ID is the zero-based archive table ordinal
E:\cultures\vanilla-data\DataX\Libs\data0001.lib,2620,data\maps\singleplayer_03_03\text\eng\briefings\0005.hlt,239789375,120,HLT,Native documents,doc:2620,SOURCE_COMPLETE,Metadata/Sources/Raw/data/maps/singleplayer_03_03/text/eng/briefings/0005.hlt,Metadata/Sources/index.html,1,ENTRY_ID is the zero-based archive table ordinal
E:\cultures\vanilla-data\DataX\Libs\data0001.lib,2621,data\maps\singleplayer_03_04\text\eng\briefings\0004.hlt,241076087,154,HLT,Native documents,doc:2621,SOURCE_COMPLETE,Metadata/Sources/Raw/data/maps/singleplayer_03_04/text/eng/briefings/0004.hlt,Metadata/Sources/index.html,1,ENTRY_ID is the zero-based archive table ordinal
E:\cultures\vanilla-data\DataX\Libs\data0001.lib,2622,data\maps\singleplayer_03_04\text\eng\briefings\0013.hlt,241077299,155,HLT,Native documents,doc:2622,SOURCE_COMPLETE,Metadata/Sources/Raw/data/maps/singleplayer_03_04/text/eng/briefings/0013.hlt,Metadata/Sources/index.html,1,ENTRY_ID is the zero-based archive table ordinal
E:\cultures\vanilla-data\DataX\Libs\data0001.lib,2623,data\maps\singleplayer_03_04\text\eng\briefings\0022.hlt,241078561,155,HLT,Native documents,doc:2623,SOURCE_COMPLETE,Metadata/Sources/Raw/data/maps/singleplayer_03_04/text/eng/briefings/0022.hlt,Metadata/Sources/index.html,1,ENTRY_ID is the zero-based archive table ordinal
E:\cultures\vanilla-data\DataX\Libs\data0001.lib,2624,data\maps\singleplayer_03_04\text\eng\briefings\0031.hlt,241080066,154,HLT,Native documents,doc:2624,SOURCE_COMPLETE,Metadata/Sources/Raw/data/maps/singleplayer_03_04/text/eng/briefings/0031.hlt,Metadata/Sources/index.html,1,ENTRY_ID is the zero-based archive table ordinal
E:\cultures\vanilla-data\DataX\Libs\data0001.lib,2625,data\maps\singleplayer_03_04\text\eng\briefings\0040.hlt,241081581,128,HLT,Native documents,doc:2625,SOURCE_COMPLETE,Metadata/Sources/Raw/data/maps/singleplayer_03_04/text/eng/briefings/0040.hlt,Metadata/Sources/index.html,1,ENTRY_ID is the zero-based archive table ordinal
E:\cultures\vanilla-data\DataX\Libs\data0001.lib,2626,data\maps\singleplayer_03_05\text\eng\briefings\0003.hlt,243974318,120,HLT,Native documents,doc:2626,SOURCE_COMPLETE,Metadata/Sources/Raw/data/maps/singleplayer_03_05/text/eng/briefings/0003.hlt,Metadata/Sources/index.html,1,ENTRY_ID is the zero-based archive table ordinal
E:\cultures\vanilla-data\DataX\Libs\data0001.lib,2627,data\maps\singleplayer_03_05\text\eng\briefings\0012.hlt,243975502,120,HLT,Native documents,doc:2627,SOURCE_COMPLETE,Metadata/Sources/Raw/data/maps/singleplayer_03_05/text/eng/briefings/0012.hlt,Metadata/Sources/index.html,1,ENTRY_ID is the zero-based archive table ordinal
E:\cultures\vanilla-data\DataX\Libs\data0001.lib,2628,data\edit\macromaps\beach000.cif,185641,3741,CIF,Native definitions,cif:2628,SOURCE_COMPLETE,Metadata/Sources/CIF/data/edit/macromaps/beach000.cif.txt,Metadata/Sources/index.html,1,ENTRY_ID is the zero-based archive table ordinal
E:\cultures\vanilla-data\DataX\Libs\data0001.lib,2629,data\engine2d\bin\sounds\ambient\water4.wav,146333220,130682,WAV,Audio,aud:2629,UNKNOWN,Audio/ambient/water4.wav,Audio/index.html,1,ENTRY_ID is the zero-based archive table ordinal
E:\cultures\vanilla-data\DataX\Libs\data0001.lib,2630,data\engine2d\bin\sounds\generic\animals_lion04.wav,148254090,65370,WAV,Audio,aud:2630,SOURCE_COMPLETE,Audio/generic/animals_lion04.wav,Audio/index.html,1,ENTRY_ID is the zero-based archive table ordinal
E:\cultures\vanilla-data\DataX\Libs\data0001.lib,2631,data\engine2d\bin\sounds\humantalk\latin\l101.wav,155164508,51084,WAV,Audio,aud:2631,SOURCE_COMPLETE,Audio/latin/l101.wav,Audio/index.html,1,ENTRY_ID is the zero-based archive table ordinal
E:\cultures\vanilla-data\DataX\Libs\data0001.lib,2632,data\maps\singleplayer_03_01\text\eng\briefings\0008.hlt,236799959,152,HLT,Native documents,doc:2632,SOURCE_COMPLETE,Metadata/Sources/Raw/data/maps/singleplayer_03_01/text/eng/briefings/0008.hlt,Metadata/Sources/index.html,1,ENTRY_ID is the zero-based archive table ordinal
E:\cultures\vanilla-data\DataX\Libs\data0001.lib,2633,data\maps\singleplayer_03_01\text\eng\briefings\0017.hlt,236801264,154,HLT,Native documents,doc:2633,SOURCE_COMPLETE,Metadata/Sources/Raw/data/maps/singleplayer_03_01/text/eng/briefings/0017.hlt,Metadata/Sources/index.html,1,ENTRY_ID is the zero-based archive table ordinal
E:\cultures\vanilla-data\DataX\Libs\data0001.lib,2634,data\maps\singleplayer_03_02\text\eng\briefings\0007.hlt,238626768,120,HLT,Native documents,doc:2634,SOURCE_COMPLETE,Metadata/Sources/Raw/data/maps/singleplayer_03_02/text/eng/briefings/0007.hlt,Metadata/Sources/index.html,1,ENTRY_ID is the zero-based archive table ordinal
E:\cultures\vanilla-data\DataX\Libs\data0001.lib,2635,data\maps\singleplayer_03_03\text\eng\briefings\0006.hlt,239789495,154,HLT,Native documents,doc:2635,SOURCE_COMPLETE,Metadata/Sources/Raw/data/maps/singleplayer_03_03/text/eng/briefings/0006.hlt,Metadata/Sources/index.html,1,ENTRY_ID is the zero-based archive table ordinal
E:\cultures\vanilla-data\DataX\Libs\data0001.lib,2636,data\maps\singleplayer_03_04\text\eng\briefings\0005.hlt,241076241,120,HLT,Native documents,doc:2636,SOURCE_COMPLETE,Metadata/Sources/Raw/data/maps/singleplayer_03_04/text/eng/briefings/0005.hlt,Metadata/Sources/index.html,1,ENTRY_ID is the zero-based archive table ordinal
E:\cultures\vanilla-data\DataX\Libs\data0001.lib,2637,data\maps\singleplayer_03_04\text\eng\briefings\0014.hlt,241077454,122,HLT,Native documents,doc:2637,SOURCE_COMPLETE,Metadata/Sources/Raw/data/maps/singleplayer_03_04/text/eng/briefings/0014.hlt,Metadata/Sources/index.html,1,ENTRY_ID is the zero-based archive table ordinal
E:\cultures\vanilla-data\DataX\Libs\data0001.lib,2638,data\maps\singleplayer_03_04\text\eng\briefings\0023.hlt,241078716,154,HLT,Native documents,doc:2638,SOURCE_COMPLETE,Metadata/Sources/Raw/data/maps/singleplayer_03_04/text/eng/briefings/0023.hlt,Metadata/Sources/index.html,1,ENTRY_ID is the zero-based archive table ordinal
E:\cultures\vanilla-data\DataX\Libs\data0001.lib,2639,data\maps\singleplayer_03_04\text\eng\briefings\0032.hlt,241080220,120,HLT,Native documents,doc:2639,SOURCE_COMPLETE,Metadata/Sources/Raw/data/maps/singleplayer_03_04/text/eng/briefings/0032.hlt,Metadata/Sources/index.html,1,ENTRY_ID is the zero-based archive table ordinal
E:\cultures\vanilla-data\DataX\Libs\data0001.lib,2640,data\maps\singleplayer_03_04\text\eng\briefings\0041.hlt,241081709,128,HLT,Native documents,doc:2640,SOURCE_COMPLETE,Metadata/Sources/Raw/data/maps/singleplayer_03_04/text/eng/briefings/0041.hlt,Metadata/Sources/index.html,1,ENTRY_ID is the zero-based archive table ordinal
E:\cultures\vanilla-data\DataX\Libs\data0001.lib,2641,data\maps\singleplayer_03_05\text\eng\briefings\0004.hlt,243974438,155,HLT,Native documents,doc:2641,SOURCE_COMPLETE,Metadata/Sources/Raw/data/maps/singleplayer_03_05/text/eng/briefings/0004.hlt,Metadata/Sources/index.html,1,ENTRY_ID is the zero-based archive table ordinal
E:\cultures\vanilla-data\DataX\Libs\data0001.lib,2642,data\maps\singleplayer_03_05\text\eng\briefings\0013.hlt,243975622,122,HLT,Native documents,doc:2642,SOURCE_COMPLETE,Metadata/Sources/Raw/data/maps/singleplayer_03_05/text/eng/briefings/0013.hlt,Metadata/Sources/index.html,1,ENTRY_ID is the zero-based archive table ordinal
E:\cultures\vanilla-data\DataX\Libs\data0001.lib,2643,data\text\eng\hypertext\ingamehelp\index.hlt,255124303,133,HLT,Native documents,doc:2643,SOURCE_COMPLETE,Metadata/Sources/Raw/data/text/eng/hypertext/ingamehelp/index.hlt,Metadata/Sources/index.html,1,ENTRY_ID is the zero-based archive table ordinal
E:\cultures\vanilla-data\DataX\Libs\data0001.lib,2644,data\engine2d\bin\bobs\ls_triggers.bmd,119206234,180388,BMD,Source libraries,lib:ls_triggers,SOURCE_COMPLETE,Shared/SourceLibraries/ls_triggers/library.json,Shared/SourceLibraries/index.html,9,ENTRY_ID is the zero-based archive table ordinal
E:\cultures\vanilla-data\DataX\Libs\data0001.lib,2645,data\engine2d\bin\palettes\landscapes\wonders_pyramid.pcx,132842433,901,PCX,Palettes,img:2645,PIXEL_CONFIRMED,Metadata/Palettes/landscapes/wonders_pyramid.png,Metadata/Palettes/index.html,1,ENTRY_ID is the zero-based archive table ordinal
E:\cultures\vanilla-data\DataX\Libs\data0001.lib,2646,data\engine2d\bin\sounds\humantalk\latin\l102.wav,155215592,40878,WAV,Audio,aud:2646,SOURCE_COMPLETE,Audio/latin/l102.wav,Audio/index.html,1,ENTRY_ID is the zero-based archive table ordinal
E:\cultures\vanilla-data\DataX\Libs\data0001.lib,2647,data\maps\singleplayer_03_01\text\eng\briefings\0009.hlt,236800111,150,HLT,Native documents,doc:2647,SOURCE_COMPLETE,Metadata/Sources/Raw/data/maps/singleplayer_03_01/text/eng/briefings/0009.hlt,Metadata/Sources/index.html,1,ENTRY_ID is the zero-based archive table ordinal
E:\cultures\vanilla-data\DataX\Libs\data0001.lib,2648,data\maps\singleplayer_03_01\text\eng\briefings\0018.hlt,236801418,154,HLT,Native documents,doc:2648,SOURCE_COMPLETE,Metadata/Sources/Raw/data/maps/singleplayer_03_01/text/eng/briefings/0018.hlt,Metadata/Sources/index.html,1,ENTRY_ID is the zero-based archive table ordinal
E:\cultures\vanilla-data\DataX\Libs\data0001.lib,2649,data\maps\singleplayer_03_02\text\eng\briefings\0008.hlt,238626888,155,HLT,Native documents,doc:2649,SOURCE_COMPLETE,Metadata/Sources/Raw/data/maps/singleplayer_03_02/text/eng/briefings/0008.hlt,Metadata/Sources/index.html,1,ENTRY_ID is the zero-based archive table ordinal
E:\cultures\vanilla-data\DataX\Libs\data0001.lib,2650,data\maps\singleplayer_03_03\text\eng\briefings\0007.hlt,239789649,120,HLT,Native documents,doc:2650,SOURCE_COMPLETE,Metadata/Sources/Raw/data/maps/singleplayer_03_03/text/eng/briefings/0007.hlt,Metadata/Sources/index.html,1,ENTRY_ID is the zero-based archive table ordinal
E:\cultures\vanilla-data\DataX\Libs\data0001.lib,2651,data\maps\singleplayer_03_04\text\eng\briefings\0006.hlt,241076361,120,HLT,Native documents,doc:2651,SOURCE_COMPLETE,Metadata/Sources/Raw/data/maps/singleplayer_03_04/text/eng/briefings/0006.hlt,Metadata/Sources/index.html,1,ENTRY_ID is the zero-based archive table ordinal
E:\cultures\vanilla-data\DataX\Libs\data0001.lib,2652,data\maps\singleplayer_03_04\text\eng\briefings\0015.hlt,241077576,122,HLT,Native documents,doc:2652,SOURCE_COMPLETE,Metadata/Sources/Raw/data/maps/singleplayer_03_04/text/eng/briefings/0015.hlt,Metadata/Sources/index.html,1,ENTRY_ID is the zero-based archive table ordinal
E:\cultures\vanilla-data\DataX\Libs\data0001.lib,2653,data\maps\singleplayer_03_04\text\eng\briefings\0024.hlt,241078870,120,HLT,Native documents,doc:2653,SOURCE_COMPLETE,Metadata/Sources/Raw/data/maps/singleplayer_03_04/text/eng/briefings/0024.hlt,Metadata/Sources/index.html,1,ENTRY_ID is the zero-based archive table ordinal
E:\cultures\vanilla-data\DataX\Libs\data0001.lib,2654,data\maps\singleplayer_03_04\text\eng\briefings\0033.hlt,241080340,154,HLT,Native documents,doc:2654,SOURCE_COMPLETE,Metadata/Sources/Raw/data/maps/singleplayer_03_04/text/eng/briefings/0033.hlt,Metadata/Sources/index.html,1,ENTRY_ID is the zero-based archive table ordinal
E:\cultures\vanilla-data\DataX\Libs\data0001.lib,2655,data\maps\singleplayer_03_05\text\eng\briefings\0005.hlt,243974593,155,HLT,Native documents,doc:2655,SOURCE_COMPLETE,Metadata/Sources/Raw/data/maps/singleplayer_03_05/text/eng/briefings/0005.hlt,Metadata/Sources/index.html,1,ENTRY_ID is the zero-based archive table ordinal
E:\cultures\vanilla-data\DataX\Libs\data0001.lib,2656,data\maps\singleplayer_03_05\text\eng\briefings\0014.hlt,243975744,155,HLT,Native documents,doc:2656,SOURCE_COMPLETE,Metadata/Sources/Raw/data/maps/singleplayer_03_05/text/eng/briefings/0014.hlt,Metadata/Sources/index.html,1,ENTRY_ID is the zero-based archive table ordinal
E:\cultures\vanilla-data\DataX\Libs\data0001.lib,2657,data\engine2d\bin\palettes\goods\goods_longsword.pcx,132769440,901,PCX,Palettes,img:2657,PIXEL_CONFIRMED,Metadata/Palettes/goods/goods_longsword.png,Metadata/Palettes/index.html,1,ENTRY_ID is the zero-based archive table ordinal
E:\cultures\vanilla-data\DataX\Libs\data0001.lib,2658,data\engine2d\bin\sounds\humantalk\latin\l103.wav,155256470,51084,WAV,Audio,aud:2658,SOURCE_COMPLETE,Audio/latin/l103.wav,Audio/index.html,1,ENTRY_ID is the zero-based archive table ordinal
E:\cultures\vanilla-data\DataX\Libs\data0001.lib,2659,data\engine2d\bin\textures\tran_water_coast.pcx,192808108,56622,PCX,Images,img:2659,PIXEL_CONFIRMED,Terrain/Textures/tran_water_coast.png,Terrain/Textures/index.html,3,ENTRY_ID is the zero-based archive table ordinal
E:\cultures\vanilla-data\DataX\Libs\data0001.lib,2660,data\maps\singleplayer_03_01\text\eng\briefings\0019.hlt,236801572,154,HLT,Native documents,doc:2660,SOURCE_COMPLETE,Metadata/Sources/Raw/data/maps/singleplayer_03_01/text/eng/briefings/0019.hlt,Metadata/Sources/index.html,1,ENTRY_ID is the zero-based archive table ordinal
E:\cultures\vanilla-data\DataX\Libs\data0001.lib,2661,data\maps\singleplayer_03_02\text\eng\briefings\0009.hlt,238627043,153,HLT,Native documents,doc:2661,SOURCE_COMPLETE,Metadata/Sources/Raw/data/maps/singleplayer_03_02/text/eng/briefings/0009.hlt,Metadata/Sources/index.html,1,ENTRY_ID is the zero-based archive table ordinal
E:\cultures\vanilla-data\DataX\Libs\data0001.lib,2662,data\maps\singleplayer_03_03\text\eng\briefings\0008.hlt,239789769,120,HLT,Native documents,doc:2662,SOURCE_COMPLETE,Metadata/Sources/Raw/data/maps/singleplayer_03_03/text/eng/briefings/0008.hlt,Metadata/Sources/index.html,1,ENTRY_ID is the zero-based archive table ordinal
E:\cultures\vanilla-data\DataX\Libs\data0001.lib,2663,data\maps\singleplayer_03_04\text\eng\briefings\0007.hlt,241076481,155,HLT,Native documents,doc:2663,SOURCE_COMPLETE,Metadata/Sources/Raw/data/maps/singleplayer_03_04/text/eng/briefings/0007.hlt,Metadata/Sources/index.html,1,ENTRY_ID is the zero-based archive table ordinal
E:\cultures\vanilla-data\DataX\Libs\data0001.lib,2664,data\maps\singleplayer_03_04\text\eng\briefings\0016.hlt,241077698,122,HLT,Native documents,doc:2664,SOURCE_COMPLETE,Metadata/Sources/Raw/data/maps/singleplayer_03_04/text/eng/briefings/0016.hlt,Metadata/Sources/index.html,1,ENTRY_ID is the zero-based archive table ordinal
E:\cultures\vanilla-data\DataX\Libs\data0001.lib,2665,data\maps\singleplayer_03_04\text\eng\briefings\0025.hlt,241078990,120,HLT,Native documents,doc:2665,SOURCE_COMPLETE,Metadata/Sources/Raw/data/maps/singleplayer_03_04/text/eng/briefings/0025.hlt,Metadata/Sources/index.html,1,ENTRY_ID is the zero-based archive table ordinal
E:\cultures\vanilla-data\DataX\Libs\data0001.lib,2666,data\maps\singleplayer_03_04\text\eng\briefings\0034.hlt,241080494,289,HLT,Native documents,doc:2666,SOURCE_COMPLETE,Metadata/Sources/Raw/data/maps/singleplayer_03_04/text/eng/briefings/0034.hlt,Metadata/Sources/index.html,1,ENTRY_ID is the zero-based archive table ordinal
E:\cultures\vanilla-data\DataX\Libs\data0001.lib,2667,data\maps\singleplayer_03_05\text\eng\briefings\0006.hlt,243974748,120,HLT,Native documents,doc:2667,SOURCE_COMPLETE,Metadata/Sources/Raw/data/maps/singleplayer_03_05/text/eng/briefings/0006.hlt,Metadata/Sources/index.html,1,ENTRY_ID is the zero-based archive table ordinal
E:\cultures\vanilla-data\DataX\Libs\data0001.lib,2668,data\maps\singleplayer_03_05\text\eng\briefings\0015.hlt,243975899,122,HLT,Native documents,doc:2668,SOURCE_COMPLETE,Metadata/Sources/Raw/data/maps/singleplayer_03_05/text/eng/briefings/0015.hlt,Metadata/Sources/index.html,1,ENTRY_ID is the zero-based archive table ordinal
E:\cultures\vanilla-data\DataX\Libs\data0001.lib,2669,data\engine2d\bin\sounds\generic\animals_wolf01.wav,149242692,253142,WAV,Audio,aud:2669,SOURCE_COMPLETE,Audio/generic/animals_wolf01.wav,Audio/index.html,1,ENTRY_ID is the zero-based archive table ordinal
E:\cultures\vanilla-data\DataX\Libs\data0001.lib,2670,data\maps\singleplayer_03_04\text\eng\briefings\0008.hlt,241076636,120,HLT,Native documents,doc:2670,SOURCE_COMPLETE,Metadata/Sources/Raw/data/maps/singleplayer_03_04/text/eng/briefings/0008.hlt,Metadata/Sources/index.html,1,ENTRY_ID is the zero-based archive table ordinal
E:\cultures\vanilla-data\DataX\Libs\data0001.lib,2671,data\maps\singleplayer_03_04\text\eng\briefings\0017.hlt,241077820,155,HLT,Native documents,doc:2671,SOURCE_COMPLETE,Metadata/Sources/Raw/data/maps/singleplayer_03_04/text/eng/briefings/0017.hlt,Metadata/Sources/index.html,1,ENTRY_ID is the zero-based archive table ordinal
E:\cultures\vanilla-data\DataX\Libs\data0001.lib,2672,data\maps\singleplayer_03_04\text\eng\briefings\0026.hlt,241079110,120,HLT,Native documents,doc:2672,SOURCE_COMPLETE,Metadata/Sources/Raw/data/maps/singleplayer_03_04/text/eng/briefings/0026.hlt,Metadata/Sources/index.html,1,ENTRY_ID is the zero-based archive table ordinal
E:\cultures\vanilla-data\DataX\Libs\data0001.lib,2673,data\maps\singleplayer_03_04\text\eng\briefings\0035.hlt,241080783,286,HLT,Native documents,doc:2673,SOURCE_COMPLETE,Metadata/Sources/Raw/data/maps/singleplayer_03_04/text/eng/briefings/0035.hlt,Metadata/Sources/index.html,1,ENTRY_ID is the zero-based archive table ordinal
E:\cultures\vanilla-data\DataX\Libs\data0001.lib,2674,data\maps\singleplayer_03_05\text\eng\briefings\0007.hlt,243974868,120,HLT,Native documents,doc:2674,SOURCE_COMPLETE,Metadata/Sources/Raw/data/maps/singleplayer_03_05/text/eng/briefings/0007.hlt,Metadata/Sources/index.html,1,ENTRY_ID is the zero-based archive table ordinal
E:\cultures\vanilla-data\DataX\Libs\data0001.lib,2675,data\engine2d\bin\sounds\generic\animals_wolf02.wav,149495834,224568,WAV,Audio,aud:2675,SOURCE_COMPLETE,Audio/generic/animals_wolf02.wav,Audio/index.html,1,ENTRY_ID is the zero-based archive table ordinal
E:\cultures\vanilla-data\DataX\Libs\data0001.lib,2676,data\gui\bitmaps\bg_button_hilite.pcx,195900990,119061,PCX,Images,img:2676,PIXEL_CONFIRMED,UI/Bitmaps/bg_button_hilite.png,UI/Images/index.html,1,ENTRY_ID is the zero-based archive table ordinal
E:\cultures\vanilla-data\DataX\Libs\data0001.lib,2677,data\maps\multiplayer_201_special_coop\map.dat,229015186,1346544,DAT,Native documents,doc:2677,SOURCE_COMPLETE,Metadata/Sources/Raw/data/maps/multiplayer_201_special_coop/map.dat,Metadata/Sources/index.html,1,ENTRY_ID is the zero-based archive table ordinal
E:\cultures\vanilla-data\DataX\Libs\data0001.lib,2678,data\maps\singleplayer_03_04\text\eng\briefings\0009.hlt,241076756,153,HLT,Native documents,doc:2678,SOURCE_COMPLETE,Metadata/Sources/Raw/data/maps/singleplayer_03_04/text/eng/briefings/0009.hlt,Metadata/Sources/index.html,1,ENTRY_ID is the zero-based archive table ordinal
E:\cultures\vanilla-data\DataX\Libs\data0001.lib,2679,data\maps\singleplayer_03_04\text\eng\briefings\0018.hlt,241077975,155,HLT,Native documents,doc:2679,SOURCE_COMPLETE,Metadata/Sources/Raw/data/maps/singleplayer_03_04/text/eng/briefings/0018.hlt,Metadata/Sources/index.html,1,ENTRY_ID is the zero-based archive table ordinal
E:\cultures\vanilla-data\DataX\Libs\data0001.lib,2680,data\maps\singleplayer_03_04\text\eng\briefings\0027.hlt,241079230,252,HLT,Native documents,doc:2680,SOURCE_COMPLETE,Metadata/Sources/Raw/data/maps/singleplayer_03_04/text/eng/briefings/0027.hlt,Metadata/Sources/index.html,1,ENTRY_ID is the zero-based archive table ordinal
E:\cultures\vanilla-data\DataX\Libs\data0001.lib,2681,data\maps\singleplayer_03_04\text\eng\briefings\0036.hlt,241081069,128,HLT,Native documents,doc:2681,SOURCE_COMPLETE,Metadata/Sources/Raw/data/maps/singleplayer_03_04/text/eng/briefings/0036.hlt,Metadata/Sources/index.html,1,ENTRY_ID is the zero-based archive table ordinal
E:\cultures\vanilla-data\DataX\Libs\data0001.lib,2682,data\maps\singleplayer_03_05\text\eng\briefings\0008.hlt,243974988,154,HLT,Native documents,doc:2682,SOURCE_COMPLETE,Metadata/Sources/Raw/data/maps/singleplayer_03_05/text/eng/briefings/0008.hlt,Metadata/Sources/index.html,1,ENTRY_ID is the zero-based archive table ordinal
E:\cultures\vanilla-data\DataX\Libs\data0001.lib,2683,data\engine2d\bin\palettes\creatures\grizzu.pcx,132725291,901,PCX,Palettes,img:2683,PIXEL_CONFIRMED,Metadata/Palettes/creatures/grizzu.png,Metadata/Palettes/index.html,1,ENTRY_ID is the zero-based archive table ordinal
E:\cultures\vanilla-data\DataX\Libs\data0001.lib,2684,data\engine2d\bin\sounds\generic\animals_wolf03.wav,149720402,183748,WAV,Audio,aud:2684,SOURCE_COMPLETE,Audio/generic/animals_wolf03.wav,Audio/index.html,1,ENTRY_ID is the zero-based archive table ordinal
E:\cultures\vanilla-data\DataX\Libs\data0001.lib,2685,data\maps\campaign_03_03_sub1\text\eng\briefings\0000.hlt,210948246,295,HLT,Native documents,doc:2685,SOURCE_COMPLETE,Metadata/Sources/Raw/data/maps/campaign_03_03_sub1/text/eng/briefings/0000.hlt,Metadata/Sources/index.html,1,ENTRY_ID is the zero-based archive table ordinal
E:\cultures\vanilla-data\DataX\Libs\data0001.lib,2686,data\maps\multiplayer_203_special_militär\text\eng\briefings\fonts\font10.fnt,231956970,15083,FNT,Fonts,font:2686,SOURCE_COMPLETE,,UI/Fonts/index.html,1,ENTRY_ID is the zero-based archive table ordinal
E:\cultures\vanilla-data\DataX\Libs\data0001.lib,2687,data\maps\singleplayer_03_04\text\eng\briefings\0019.hlt,241078130,122,HLT,Native documents,doc:2687,SOURCE_COMPLETE,Metadata/Sources/Raw/data/maps/singleplayer_03_04/text/eng/briefings/0019.hlt,Metadata/Sources/index.html,1,ENTRY_ID is the zero-based archive table ordinal
E:\cultures\vanilla-data\DataX\Libs\data0001.lib,2688,data\maps\singleplayer_03_04\text\eng\briefings\0028.hlt,241079482,284,HLT,Native documents,doc:2688,SOURCE_COMPLETE,Metadata/Sources/Raw/data/maps/singleplayer_03_04/text/eng/briefings/0028.hlt,Metadata/Sources/index.html,1,ENTRY_ID is the zero-based archive table ordinal
E:\cultures\vanilla-data\DataX\Libs\data0001.lib,2689,data\maps\singleplayer_03_04\text\eng\briefings\0037.hlt,241081197,128,HLT,Native documents,doc:2689,SOURCE_COMPLETE,Metadata/Sources/Raw/data/maps/singleplayer_03_04/text/eng/briefings/0037.hlt,Metadata/Sources/index.html,1,ENTRY_ID is the zero-based archive table ordinal
E:\cultures\vanilla-data\DataX\Libs\data0001.lib,2690,data\maps\singleplayer_03_05\text\eng\briefings\0009.hlt,243975142,120,HLT,Native documents,doc:2690,SOURCE_COMPLETE,Metadata/Sources/Raw/data/maps/singleplayer_03_05/text/eng/briefings/0009.hlt,Metadata/Sources/index.html,1,ENTRY_ID is the zero-based archive table ordinal
