ARCHIVE,ENTRY_ID,ENTRY,FORMAT,CHANNELS,SAMPLE_RATE,BITS,DURATION_S,NATIVE_NAMES,NATIVE_SECTIONS,HUMAN_USE,ANIMAL_USE,CATEGORY,CONFIDENCE,OUTPUT,SHA256,MAP_USES
E:\cultures\vanilla-data\DataX\Libs\data0001.lib,1,data\engine2d\bin\sounds\generic\animals_wolf04.wav,PCM,1,22050,16,4.86,"[""generic werewolf""]","[""soundfxstatic""]","[""tribe6:generic""]",[],Human voices,NATIVE_TABLE,Audio/generic/animals_wolf04.wav,e8d615f61edddd9c2bc1d72e5dff98484bd51ee2d0f137a6859d9e07a9225c8f,
E:\cultures\vanilla-data\DataX\Libs\data0001.lib,2,data\engine2d\bin\sounds\jingles\jingles_death.wav,PCM,1,22050,16,4.767,"[""""]","[""soundfxjingle""]",[],[],Music jingles,NATIVE_TABLE,Audio/jingles/jingles_death.wav,62ec39ac9186f8aa539ebd59eb06dc2e96b42d99f41561153ea8f94b2d63289f,
E:\cultures\vanilla-data\DataX\Libs\data0001.lib,12,data\engine2d\bin\sounds\generic\animals_wolf05.wav,PCM,1,22050,16,4.258,"[""generic werewolf""]","[""soundfxstatic""]","[""tribe6:generic""]",[],Human voices,NATIVE_TABLE,Audio/generic/animals_wolf05.wav,31924586ca6e58f6eadcfb5aeb200a5a7bc88f4fc3bbf9f5c995b2e72f7a77e2,
E:\cultures\vanilla-data\DataX\Libs\data0001.lib,27,data\engine2d\bin\sounds\generic\animals_wolf06.wav,PCM,1,22050,16,2.592,"[""generic werewolf""]","[""soundfxstatic""]","[""tribe6:generic""]",[],Human voices,NATIVE_TABLE,Audio/generic/animals_wolf06.wav,1aa03cceb4da43e8ca11cc5b18470557a33bcd84de6662c6e2e3866c8cb66a34,
E:\cultures\vanilla-data\DataX\Libs\data0001.lib,65,data\engine2d\bin\sounds\ambient\bird_01.wav,PCM,1,22050,16,1.574,"[""all trees""]","[""soundfxambient""]",[],[],Ambient,NATIVE_TABLE,Audio/ambient/bird_01.wav,dce1f1be1d480ed49aa9027dc18510b54549da67e3e950b1df3b979ff22e83b3,
E:\cultures\vanilla-data\DataX\Libs\data0001.lib,66,data\engine2d\bin\sounds\ambient\bird_10.wav,PCM,1,22050,16,1.363,"[""all trees""]","[""soundfxambient""]",[],[],Ambient,NATIVE_TABLE,Audio/ambient/bird_10.wav,e27d3c4b6be42aecb7479e433d015dce3aebd9b9da8764cc766808c8f1fb6632,
E:\cultures\vanilla-data\DataX\Libs\data0001.lib,88,data\engine2d\bin\sounds\ambient\bird_02.wav,PCM,1,22050,16,1.092,"[""all trees""]","[""soundfxambient""]",[],[],Ambient,NATIVE_TABLE,Audio/ambient/bird_02.wav,d0403e0ab3730f0ea95a066780dc04f91affd871380809fb63a0fd4e974661b9,
E:\cultures\vanilla-data\DataX\Libs\data0001.lib,89,data\engine2d\bin\sounds\ambient\bird_11.wav,PCM,1,22050,16,1.033,"[""all trees""]","[""soundfxambient""]",[],[],Ambient,NATIVE_TABLE,Audio/ambient/bird_11.wav,f1fee29e6ee50545c8fe80c4f6d2de48fc74a410ec6fed00c252bc7f1125c3c0,
E:\cultures\vanilla-data\DataX\Libs\data0001.lib,110,data\engine2d\bin\sounds\ambient\bird_03.wav,PCM,1,22050,16,1.247,"[""all trees""]","[""soundfxambient""]",[],[],Ambient,NATIVE_TABLE,Audio/ambient/bird_03.wav,34ad262362bf1ed491f4b2976ea56d76f86fb08224c8a6cdfcce96b32cdc3c9b,
E:\cultures\vanilla-data\DataX\Libs\data0001.lib,111,data\engine2d\bin\sounds\ambient\bird_12.wav,PCM,1,22050,16,1.759,"[""all trees""]","[""soundfxambient""]",[],[],Ambient,NATIVE_TABLE,Audio/ambient/bird_12.wav,dc290e156a7cb487741354b639eca5c78ca4b24cca9419edb5ac18f9c6daa2fb,
E:\cultures\vanilla-data\DataX\Libs\data0001.lib,131,data\engine2d\bin\sounds\ambient\bird_04.wav,PCM,1,22050,16,1.494,"[""all trees""]","[""soundfxambient""]",[],[],Ambient,NATIVE_TABLE,Audio/ambient/bird_04.wav,480ab08fde3479abcf7b5a9e18a3529bbe6ee966a1ed2b2d1eb7bb7f2003e73d,
E:\cultures\vanilla-data\DataX\Libs\data0001.lib,132,data\engine2d\bin\sounds\ambient\bird_13.wav,PCM,1,22050,16,1.551,"[""all trees""]","[""soundfxambient""]",[],[],Ambient,NATIVE_TABLE,Audio/ambient/bird_13.wav,a84e1ae85e77bb00a4b8726856cd4ca98d97a321c95a9240f4012b611d9ea4e6,
E:\cultures\vanilla-data\DataX\Libs\data0001.lib,153,data\engine2d\bin\sounds\ambient\bird_05.wav,PCM,1,22050,16,1.384,"[""all trees""]","[""soundfxambient""]",[],[],Ambient,NATIVE_TABLE,Audio/ambient/bird_05.wav,7c7146e7413a24675e0c7c724ecb1524e962e5af123937c163f9122b79a35e70,
E:\cultures\vanilla-data\DataX\Libs\data0001.lib,154,data\engine2d\bin\sounds\ambient\bird_14.wav,PCM,1,22050,16,1.011,"[""all trees""]","[""soundfxambient""]",[],[],Ambient,NATIVE_TABLE,Audio/ambient/bird_14.wav,d8cada004e5a557160220b2ab03f5d3e78152dc9b2646c5ddcc6e8b48e91f692,
E:\cultures\vanilla-data\DataX\Libs\data0001.lib,173,data\engine2d\bin\sounds\ambient\bird_06.wav,PCM,1,22050,16,1.556,"[""all trees""]","[""soundfxambient""]",[],[],Ambient,NATIVE_TABLE,Audio/ambient/bird_06.wav,84d149eae215023f93586e13557fb9edc84c3875cd43bf77fac36f0906104ee7,
E:\cultures\vanilla-data\DataX\Libs\data0001.lib,174,data\engine2d\bin\sounds\ambient\bird_15.wav,PCM,1,22050,16,1.025,"[""all trees""]","[""soundfxambient""]",[],[],Ambient,NATIVE_TABLE,Audio/ambient/bird_15.wav,7e1d3d76448f0e8eaffc09e82218f4bfe4e8509983dfe7b4655617896aa53472,
E:\cultures\vanilla-data\DataX\Libs\data0001.lib,175,data\engine2d\bin\sounds\gui\click_fail.wav,PCM,1,22050,16,0.139,[],[],[],[],UI,UNKNOWN (no native reference),Audio/gui/click_fail.wav,a6252194bbcba3c9efde417a8e8e3049aa77f3fd101168e6ee48f525ed686999,
E:\cultures\vanilla-data\DataX\Libs\data0001.lib,188,data\engine2d\bin\sounds\ambient\bird_07.wav,PCM,1,22050,16,1.128,"[""all trees""]","[""soundfxambient""]",[],[],Ambient,NATIVE_TABLE,Audio/ambient/bird_07.wav,73649432be5244f682bfec38a9e166f89725dc292893e52438e88b4526113d16,
E:\cultures\vanilla-data\DataX\Libs\data0001.lib,189,data\engine2d\bin\sounds\ambient\bird_16.wav,PCM,1,22050,16,1.592,"[""all trees""]","[""soundfxambient""]",[],[],Ambient,NATIVE_TABLE,Audio/ambient/bird_16.wav,f336b031ee0b88b358345a25e630dc4352e43360fa2f01b71a3be74c10460ac8,
E:\cultures\vanilla-data\DataX\Libs\data0001.lib,203,data\engine2d\bin\sounds\ambient\bird_08.wav,PCM,1,22050,16,1.367,"[""all trees""]","[""soundfxambient""]",[],[],Ambient,NATIVE_TABLE,Audio/ambient/bird_08.wav,f612b6158da52b1710ab8688bb5541ec2a15bcaad76e904f1a1020840c80cfcd,
E:\cultures\vanilla-data\DataX\Libs\data0001.lib,204,data\engine2d\bin\sounds\ambient\bird_17.wav,PCM,1,22050,16,1.032,"[""all trees""]","[""soundfxambient""]",[],[],Ambient,NATIVE_TABLE,Audio/ambient/bird_17.wav,4dbe23193375e3a81acce0d1646f3136fa31719135e44c2b367c6dcf012ad9c2,
E:\cultures\vanilla-data\DataX\Libs\data0001.lib,215,data\engine2d\bin\sounds\ambient\bird_09.wav,PCM,1,22050,16,0.673,"[""all trees""]","[""soundfxambient""]",[],[],Ambient,NATIVE_TABLE,Audio/ambient/bird_09.wav,d916a3e102868a78a35ef0f744def4dd5123572714a4d2421755d42701d06be6,
E:\cultures\vanilla-data\DataX\Libs\data0001.lib,237,data\engine2d\bin\sounds\static\sword long hit01.wav,PCM,1,22050,16,0.694,"[""weapon sword long hit""]","[""soundfxstatic""]",[],[],Combat (name-derived),NAME_DERIVED,Audio/static/sword long hit01.wav,90d56e1fffe0c1ac084525219ef340ad850f3153eb6c28c3d4d23f49ea30eefc,
E:\cultures\vanilla-data\DataX\Libs\data0001.lib,242,data\engine2d\bin\sounds\static\sword long hit02.wav,PCM,1,22050,16,0.926,"[""weapon sword long hit""]","[""soundfxstatic""]",[],[],Combat (name-derived),NAME_DERIVED,Audio/static/sword long hit02.wav,165072addea54be02569fa28f97d057f30339737b052ebb81a619e0878807776,
E:\cultures\vanilla-data\DataX\Libs\data0001.lib,247,data\engine2d\bin\sounds\static\sword long hit03.wav,PCM,1,22050,16,1.064,"[""weapon sword long hit""]","[""soundfxstatic""]",[],[],Combat (name-derived),NAME_DERIVED,Audio/static/sword long hit03.wav,4db0589b524b745532f17404f559fff2f95aa4a594190bfb8fcd6865ddd1bfaf,
E:\cultures\vanilla-data\DataX\Libs\data0001.lib,251,data\engine2d\bin\sounds\jingles\jingles_birth.wav,PCM,1,22050,16,4.86,"[""""]","[""soundfxjingle""]",[],[],Music jingles,NATIVE_TABLE,Audio/jingles/jingles_birth.wav,27e347372b719990f3c33c29839451046152d86d0bf3b8dbd16f054d7b9fed05,
E:\cultures\vanilla-data\DataX\Libs\data0001.lib,252,data\engine2d\bin\sounds\static\sword long hit04.wav,PCM,1,22050,16,0.926,"[""weapon sword long hit""]","[""soundfxstatic""]",[],[],Combat (name-derived),NAME_DERIVED,Audio/static/sword long hit04.wav,2ed7266e8d7b58be61926490c283a22793a21f9cf481efc2879785ec0eeea8fe,
E:\cultures\vanilla-data\DataX\Libs\data0001.lib,257,data\engine2d\bin\sounds\static\sword long hit05.wav,PCM,1,22050,16,0.231,"[""weapon sword long hit house""]","[""soundfxstatic""]",[],[],Combat (name-derived),NAME_DERIVED,Audio/static/sword long hit05.wav,e34f838340ac879dc3d5553a5d0b8118705ad95496a0bc0296b91585b8df1861,
E:\cultures\vanilla-data\DataX\Libs\data0001.lib,261,data\engine2d\bin\sounds\static\sword long hit06.wav,PCM,1,22050,16,0.324,"[""weapon sword long hit wood""]","[""soundfxstatic""]",[],[],Combat (name-derived),NAME_DERIVED,Audio/static/sword long hit06.wav,8453b978f9458aa4e9ed699640b39ec3fa79fe01cfd0d260b76c2bddd69b63b5,
E:\cultures\vanilla-data\DataX\Libs\data0001.lib,296,data\engine2d\bin\sounds\generic\animals_chicken01.wav,PCM,1,22050,16,2.499,"[""chicken sounds""]","[""soundfxstatic""]",[],"[""tribe30""]",Animals,NATIVE_TABLE,Audio/generic/animals_chicken01.wav,beae06943ba54ed7e29b9dea2cdfcccf22cc438744baaa8170ec3731402f2932,
E:\cultures\vanilla-data\DataX\Libs\data0001.lib,297,data\engine2d\bin\sounds\static\arrow_hit.wav,PCM,1,22050,16,0.231,"[""weapon bow hit""]","[""soundfxstatic""]",[],[],Combat (name-derived),NAME_DERIVED,Audio/static/arrow_hit.wav,a49519c50e5384bd13546c4db3757acd5648ab05eddac4c3aec30e2eec8967ff,
E:\cultures\vanilla-data\DataX\Libs\data0001.lib,298,data\engine2d\bin\sounds\static\carpenter_saw01.wav,PCM,1,22050,16,4.489,"[""carpenter saw""]","[""soundfxstatic""]",[],[],Production/actions (folder static),FOLDER_ONLY,Audio/static/carpenter_saw01.wav,08e5edf1cb13170edb578745ab114784b65aedcd120e73d0b0ed5687b5c6bb48,
E:\cultures\vanilla-data\DataX\Libs\data0001.lib,308,data\engine2d\bin\sounds\generic\animals_chicken02.wav,PCM,1,22050,16,0.787,"[""chicken sounds""]","[""soundfxstatic""]",[],"[""tribe30""]",Animals,NATIVE_TABLE,Audio/generic/animals_chicken02.wav,ae8f8838d7557e5fcbec6c4c6f14ed444db580296ee299207dfebc0ea13b0d34,
E:\cultures\vanilla-data\DataX\Libs\data0001.lib,318,data\engine2d\bin\sounds\generic\animals_chicken03.wav,PCM,1,22050,16,0.926,"[""chicken sounds""]","[""soundfxstatic""]",[],"[""tribe30""]",Animals,NATIVE_TABLE,Audio/generic/animals_chicken03.wav,1a1ddab5a8f60903dc1f6f09d8eb460340b84a27c713d8da908bc4f1984a6a6b,
E:\cultures\vanilla-data\DataX\Libs\data0001.lib,326,data\engine2d\bin\sounds\generic\animals_chicken04.wav,PCM,1,22050,16,0.555,"[""chicken sounds""]","[""soundfxstatic""]",[],"[""tribe30""]",Animals,NATIVE_TABLE,Audio/generic/animals_chicken04.wav,a5b7321d5e3f0aff39d524d0bfbf58cffb764eb1afb9ddb8124fe77af24cdf90,
E:\cultures\vanilla-data\DataX\Libs\data0001.lib,327,data\engine2d\bin\sounds\static\welllever.wav,PCM,1,22050,16,3.24,"[""well lever""]","[""soundfxstatic""]",[],[],Production/actions (folder static),FOLDER_ONLY,Audio/static/welllever.wav,e3fdba6de9e2f6c0a44b67226622be86b2d76e9c18d7e442124ffd1557268d1d,
E:\cultures\vanilla-data\DataX\Libs\data0001.lib,337,data\engine2d\bin\sounds\static\hotironcoolwater.wav,PCM,1,22050,16,0.833,"[""hammer iron""]","[""soundfxstatic""]",[],[],Environment (name-derived),NAME_DERIVED,Audio/static/hotironcoolwater.wav,cc4d15e595166da0e1aa11f1c894c8449a096f8eeaaaaae3ae93e1c62e697cd0,
E:\cultures\vanilla-data\DataX\Libs\data0001.lib,338,data\engine2d\bin\sounds\static\wolvehit01.wav,PCM,1,22050,16,0.278,"[""wolve hit""]","[""soundfxstatic""]",[],[],Combat (name-derived),NAME_DERIVED,Audio/static/wolvehit01.wav,209d29ed4c88ee8f00b927ded7b263dd3fafb14fba4053fd5919d4aad82d5412,
E:\cultures\vanilla-data\DataX\Libs\data0001.lib,351,data\engine2d\bin\sounds\static\wolvehit02.wav,PCM,1,22050,16,0.231,"[""wolve hit""]","[""soundfxstatic""]",[],[],Combat (name-derived),NAME_DERIVED,Audio/static/wolvehit02.wav,5fa77577e6965644c8164ccdd6765a0334bf3b12f6fcf25df2fc53270e848516,
E:\cultures\vanilla-data\DataX\Libs\data0001.lib,360,data\engine2d\bin\sounds\static\wolvehit03.wav,PCM,1,22050,16,0.185,"[""wolve hit""]","[""soundfxstatic""]",[],[],Combat (name-derived),NAME_DERIVED,Audio/static/wolvehit03.wav,cd335b4afb74b10ba0c363ebc2c60a4fa3328b3bab06c136ea172459ee424424,
E:\cultures\vanilla-data\DataX\Libs\data0001.lib,368,data\engine2d\bin\sounds\static\wolvehit04.wav,PCM,1,22050,16,0.231,"[""wolve hit""]","[""soundfxstatic""]",[],[],Combat (name-derived),NAME_DERIVED,Audio/static/wolvehit04.wav,4c98a8c4db76cb8624253c4350a746e38bad33ee88f3894f7e9acf48dc9ccaea,
E:\cultures\vanilla-data\DataX\Libs\data0001.lib,374,data\engine2d\bin\sounds\static\wolvehit05.wav,PCM,1,22050,16,0.278,"[""wolve hit""]","[""soundfxstatic""]",[],[],Combat (name-derived),NAME_DERIVED,Audio/static/wolvehit05.wav,9adf67a85145427b6625070bc8b3590434185cc4ca5fd292652a9f072221a1d8,
E:\cultures\vanilla-data\DataX\Libs\data0001.lib,405,data\engine2d\bin\sounds\generic\human_fart01.wav,PCM,1,22050,16,0.139,"[""generic arabian male"", ""generic frank male"", ""generic latin female"", ""generic latin male"", ""generic viking children"", ""generic viking female"", ""generic viking male""]","[""soundfxstatic""]","[""tribe1:generic"", ""tribe2:generic"", ""tribe3:generic"", ""tribe4:generic""]",[],Human voices,NATIVE_TABLE,Audio/generic/human_fart01.wav,6550ee8de22dccdf83c022fd8421e06a336db47af072092980e158df2b6c0fa4,
E:\cultures\vanilla-data\DataX\Libs\data0001.lib,406,data\engine2d\bin\sounds\static\hammer01.wav,PCM,1,22050,16,0.093,"[""hammer wood""]","[""soundfxstatic""]",[],[],Production/actions (folder static),FOLDER_ONLY,Audio/static/hammer01.wav,0d47487aad32eff0cfe1f07c9c4634ec471b749f1a1fb53b94b911b7865714fd,
E:\cultures\vanilla-data\DataX\Libs\data0001.lib,423,data\engine2d\bin\sounds\generic\human_fart02.wav,PCM,1,22050,16,0.185,"[""generic arabian male"", ""generic frank male"", ""generic latin female"", ""generic latin male"", ""generic viking children"", ""generic viking female"", ""generic viking male""]","[""soundfxstatic""]","[""tribe1:generic"", ""tribe2:generic"", ""tribe3:generic"", ""tribe4:generic""]",[],Human voices,NATIVE_TABLE,Audio/generic/human_fart02.wav,d2946a92f221eb90717de8d94de0ebb8954bf7053305ccb9f047ce8c68d5b0c6,
E:\cultures\vanilla-data\DataX\Libs\data0001.lib,424,data\engine2d\bin\sounds\static\hammer02.wav,PCM,1,22050,16,0.463,"[""hammer wood""]","[""soundfxstatic""]",[],[],Production/actions (folder static),FOLDER_ONLY,Audio/static/hammer02.wav,9a6f1bb9a5bfdf6bcbeb2b778a801004ef3d6590996b70a53b0c6a2d33e38562,
E:\cultures\vanilla-data\DataX\Libs\data0001.lib,448,data\engine2d\bin\sounds\static\hammer03.wav,PCM,1,22050,16,0.509,[],[],[],[],Production/actions (folder static),UNKNOWN (no native reference),Audio/static/hammer03.wav,56b334566dc3aae44c94f52f5b84807c83fdc13624d1ed7f530fa5482bb1e163,
E:\cultures\vanilla-data\DataX\Libs\data0001.lib,476,data\engine2d\bin\sounds\static\hammer04.wav,PCM,1,22050,16,0.139,"[""hammer sign""]","[""soundfxstatic""]",[],[],Production/actions (folder static),FOLDER_ONLY,Audio/static/hammer04.wav,68ed2638c4cafc154a208339dcbbe7fbf340085a8207c7a12e76c105cb55f0c9,
E:\cultures\vanilla-data\DataX\Libs\data0001.lib,509,data\engine2d\bin\sounds\static\hammer05.wav,PCM,1,22050,16,0.526,"[""hammer iron""]","[""soundfxstatic""]",[],[],Production/actions (folder static),FOLDER_ONLY,Audio/static/hammer05.wav,44305357c67ca8daf70d1f46dd4dab6c8eda32c5f2e91bb8bfc1e8961b4146aa,
E:\cultures\vanilla-data\DataX\Libs\data0001.lib,547,data\engine2d\bin\sounds\static\hammer06.wav,PCM,1,22050,16,0.165,"[""build street""]","[""soundfxstatic""]",[],[],Construction (name-derived),NAME_DERIVED,Audio/static/hammer06.wav,e5fcf2bd63aa7a62d33b187cbcfed011e77f9a870a6a5a3dc16306198538be9b,
E:\cultures\vanilla-data\DataX\Libs\data0001.lib,584,data\engine2d\bin\sounds\static\arrow_hit_dirt.wav,PCM,1,22050,16,0.694,"[""weapon bow hit dirt""]","[""soundfxstatic""]",[],[],Combat (name-derived),NAME_DERIVED,Audio/static/arrow_hit_dirt.wav,1416f8a909227829ae6b624da41f2840e34ef5d1570c422abadd7f68fff009a1,
E:\cultures\vanilla-data\DataX\Libs\data0001.lib,585,data\engine2d\bin\sounds\static\hammer07.wav,PCM,1,22050,16,0.879,"[""stone ore""]","[""soundfxstatic""]",[],[],Production/actions (folder static),FOLDER_ONLY,Audio/static/hammer07.wav,6b80471cac9c4484764d17d2e2aa65e48f56ba08f93c9ff389ee41a7490f88b2,
E:\cultures\vanilla-data\DataX\Libs\data0001.lib,629,data\engine2d\bin\sounds\generic\human_laugh c 01.wav,PCM,1,22050,16,1.064,"[""generic viking children"", ""laugh child""]","[""soundfxstatic""]","[""tribe1:generic"", ""tribe2:generic"", ""tribe3:generic"", ""tribe4:generic""]",[],Human voices,NATIVE_TABLE,Audio/generic/human_laugh c 01.wav,2c61864b77657361d24ccb420b4f1fe79004dde914ceb30cab6e6464de6e03ec,
E:\cultures\vanilla-data\DataX\Libs\data0001.lib,630,data\engine2d\bin\sounds\static\hammer08.wav,PCM,1,22050,16,0.787,"[""stone ore""]","[""soundfxstatic""]",[],[],Production/actions (folder static),FOLDER_ONLY,Audio/static/hammer08.wav,e890b311ea7ab732028fab927f7d6d2aed89a859bd9dd44178aaf46366c25bf7,
E:\cultures\vanilla-data\DataX\Libs\data0001.lib,668,data\engine2d\bin\sounds\generic\human_laugh c 02.wav,PCM,1,22050,16,0.694,"[""generic viking children"", ""laugh child""]","[""soundfxstatic""]","[""tribe1:generic"", ""tribe2:generic"", ""tribe3:generic"", ""tribe4:generic""]",[],Human voices,NATIVE_TABLE,Audio/generic/human_laugh c 02.wav,4740ab2375d912352024a571f7bf80b8fb92acb6b1aeec9d7cfb97881763d39a,
E:\cultures\vanilla-data\DataX\Libs\data0001.lib,669,data\engine2d\bin\sounds\static\hammer09.wav,PCM,1,22050,16,0.093,"[""stone ore""]","[""soundfxstatic""]",[],[],Production/actions (folder static),FOLDER_ONLY,Audio/static/hammer09.wav,f2fdbff7c310e0b1db8dff04dcbd30b2d2848c1fa5719abce3e5d03862d82bf0,
E:\cultures\vanilla-data\DataX\Libs\data0001.lib,706,data\engine2d\bin\sounds\generic\human_laugh c 03.wav,PCM,1,22050,16,1.296,"[""generic viking children"", ""laugh child""]","[""soundfxstatic""]","[""tribe1:generic"", ""tribe2:generic"", ""tribe3:generic"", ""tribe4:generic""]",[],Human voices,NATIVE_TABLE,Audio/generic/human_laugh c 03.wav,3157352e3e9b59ddd579ffd0c168389ba0272cdd00b2d003fa525c1e0f78ef5a,
E:\cultures\vanilla-data\DataX\Libs\data0001.lib,740,data\engine2d\bin\sounds\generic\human_laugh c 04.wav,PCM,1,22050,16,0.602,"[""generic viking children"", ""laugh child""]","[""soundfxstatic""]","[""tribe1:generic"", ""tribe2:generic"", ""tribe3:generic"", ""tribe4:generic""]",[],Human voices,NATIVE_TABLE,Audio/generic/human_laugh c 04.wav,4b3b85bb687581a8981d961cd4055992ec25397f83643e27c2cad547018b4426,
E:\cultures\vanilla-data\DataX\Libs\data0001.lib,741,data\engine2d\bin\sounds\generic\human_laugh f 01.wav,PCM,1,22050,16,1.62,"[""generic latin female"", ""generic viking female"", ""laugh woman"", ""talk byzanz female"", ""talk viking female""]","[""soundfxstatic""]","[""tribe1:generic"", ""tribe2:generic"", ""tribe3:generic"", ""tribe4:generic""]",[],Human voices,NATIVE_TABLE,Audio/generic/human_laugh f 01.wav,b60788c3a4bd73c5ca0c1f51529fc49c782b1e2956dfade64451c1393b7af700,
E:\cultures\vanilla-data\DataX\Libs\data0001.lib,742,data\engine2d\bin\sounds\static\magicalchest.wav,PCM,1,22050,16,0.833,"[""open magical chest""]","[""soundfxstatic""]",[],[],Production/actions (folder static),FOLDER_ONLY,Audio/static/magicalchest.wav,52a5f6e6bdb1a2cbc3b64c34deeba49bb0af498aae70a4a0d54ca19ccf652249,
E:\cultures\vanilla-data\DataX\Libs\data0001.lib,768,data\engine2d\bin\sounds\generic\human_laugh c 05.wav,PCM,1,22050,16,0.648,"[""generic viking children"", ""laugh child""]","[""soundfxstatic""]","[""tribe1:generic"", ""tribe2:generic"", ""tribe3:generic"", ""tribe4:generic""]",[],Human voices,NATIVE_TABLE,Audio/generic/human_laugh c 05.wav,a1581868857bca9c86c96edcf6dfc47942c527ec6d159e4db5a099d1c4db531b,
E:\cultures\vanilla-data\DataX\Libs\data0001.lib,769,data\engine2d\bin\sounds\generic\human_laugh f 02.wav,PCM,1,22050,16,1.342,"[""generic latin female"", ""generic viking female"", ""laugh woman"", ""talk byzanz female"", ""talk viking female""]","[""soundfxstatic""]","[""tribe1:generic"", ""tribe2:generic"", ""tribe3:generic"", ""tribe4:generic""]",[],Human voices,NATIVE_TABLE,Audio/generic/human_laugh f 02.wav,ca99ed5111cc156da71f62edfceef857dae4b7ad4e29b33aab75cc3cedcfa382,
E:\cultures\vanilla-data\DataX\Libs\data0001.lib,791,data\engine2d\bin\sounds\generic\human_burp01.wav,PCM,1,22050,16,0.417,"[""generic arabian male"", ""generic frank male"", ""generic latin female"", ""generic latin male"", ""generic viking children"", ""generic viking female"", ""generic viking male""]","[""soundfxstatic""]","[""tribe1:generic"", ""tribe2:generic"", ""tribe3:generic"", ""tribe4:generic""]",[],Human voices,NATIVE_TABLE,Audio/generic/human_burp01.wav,4cb9793121d0de0dfcc49a386a529d1b1eef61cf8b29142e429525cfe5ea5734,
E:\cultures\vanilla-data\DataX\Libs\data0001.lib,792,data\engine2d\bin\sounds\generic\human_cough c 01.wav,PCM,1,22050,16,1.527,"[""generic viking children""]","[""soundfxstatic""]","[""tribe1:generic"", ""tribe2:generic"", ""tribe3:generic"", ""tribe4:generic""]",[],Human voices,NATIVE_TABLE,Audio/generic/human_cough c 01.wav,23f1182b5c776bf0994a3a61b968316d6716bc4d978d145542785b00552ee5d4,
E:\cultures\vanilla-data\DataX\Libs\data0001.lib,793,data\engine2d\bin\sounds\generic\human_laugh c 06.wav,PCM,1,22050,16,0.37,"[""generic viking children"", ""laugh child""]","[""soundfxstatic""]","[""tribe1:generic"", ""tribe2:generic"", ""tribe3:generic"", ""tribe4:generic""]",[],Human voices,NATIVE_TABLE,Audio/generic/human_laugh c 06.wav,59801e616841ef1bb87699359516d801be6261b763124a482b6ba79d63be3a69,
E:\cultures\vanilla-data\DataX\Libs\data0001.lib,794,data\engine2d\bin\sounds\generic\human_laugh f 03.wav,PCM,1,22050,16,0.972,"[""generic latin female"", ""generic viking female"", ""laugh woman"", ""talk byzanz female"", ""talk viking female""]","[""soundfxstatic""]","[""tribe1:generic"", ""tribe2:generic"", ""tribe3:generic"", ""tribe4:generic""]",[],Human voices,NATIVE_TABLE,Audio/generic/human_laugh f 03.wav,b938c711d27c4db8cb528dc129295385a2b857e415ff0f7d644ee67ce70d0c60,
E:\cultures\vanilla-data\DataX\Libs\data0001.lib,795,data\engine2d\bin\sounds\static\arrow_hit_wood.wav,PCM,1,22050,16,0.972,"[""weapon bow hit wood""]","[""soundfxstatic""]",[],[],Combat (name-derived),NAME_DERIVED,Audio/static/arrow_hit_wood.wav,1b562da9e7b059817b7f01d6b2c3c84995324ac8e49b7e77409111b8e46f9bbb,
E:\cultures\vanilla-data\DataX\Libs\data0001.lib,810,data\engine2d\bin\sounds\generic\human_burp02.wav,PCM,1,22050,16,0.185,"[""generic arabian male"", ""generic frank male"", ""generic latin female"", ""generic latin male"", ""generic viking children"", ""generic viking female"", ""generic viking male""]","[""soundfxstatic""]","[""tribe1:generic"", ""tribe2:generic"", ""tribe3:generic"", ""tribe4:generic""]",[],Human voices,NATIVE_TABLE,Audio/generic/human_burp02.wav,b289469177088b15d6f473c05fab7826955d6ca803049d9e8ab7863a03dae833,
E:\cultures\vanilla-data\DataX\Libs\data0001.lib,811,data\engine2d\bin\sounds\generic\human_cough c 02.wav,PCM,1,22050,16,1.25,"[""generic viking children""]","[""soundfxstatic""]","[""tribe1:generic"", ""tribe2:generic"", ""tribe3:generic"", ""tribe4:generic""]",[],Human voices,NATIVE_TABLE,Audio/generic/human_cough c 02.wav,6d890308a40cd54397d24ba5122c98f612be9fe88afd94443866ba1ceb065af7,
E:\cultures\vanilla-data\DataX\Libs\data0001.lib,812,data\engine2d\bin\sounds\generic\human_laugh c 07.wav,PCM,1,22050,16,0.833,"[""generic viking children"", ""laugh child""]","[""soundfxstatic""]","[""tribe1:generic"", ""tribe2:generic"", ""tribe3:generic"", ""tribe4:generic""]",[],Human voices,NATIVE_TABLE,Audio/generic/human_laugh c 07.wav,abfec370c20c0aa3dcf6403ba514df928388cdfa37f20d301243b9b2940f1fd9,
E:\cultures\vanilla-data\DataX\Libs\data0001.lib,813,data\engine2d\bin\sounds\generic\human_laugh f 04.wav,PCM,1,22050,16,1.851,"[""generic latin female"", ""generic viking female"", ""laugh woman"", ""talk byzanz female"", ""talk viking female""]","[""soundfxstatic""]","[""tribe1:generic"", ""tribe2:generic"", ""tribe3:generic"", ""tribe4:generic""]",[],Human voices,NATIVE_TABLE,Audio/generic/human_laugh f 04.wav,84beea2f5f8a0172b55858496fa347078c008c91bb2f95ec06c323206cd88edf,
E:\cultures\vanilla-data\DataX\Libs\data0001.lib,825,data\engine2d\bin\sounds\generic\human_cough c 03.wav,PCM,1,22050,16,1.111,"[""generic viking children""]","[""soundfxstatic""]","[""tribe1:generic"", ""tribe2:generic"", ""tribe3:generic"", ""tribe4:generic""]",[],Human voices,NATIVE_TABLE,Audio/generic/human_cough c 03.wav,bf80e33fbf75b842fa72a365d6ecdd4734c3abab55f9cf11c1e2e4f64fecac7e,
E:\cultures\vanilla-data\DataX\Libs\data0001.lib,826,data\engine2d\bin\sounds\generic\human_laugh f 05.wav,PCM,1,22050,16,0.926,"[""generic latin female"", ""generic viking female"", ""laugh woman"", ""talk byzanz female"", ""talk viking female""]","[""soundfxstatic""]","[""tribe1:generic"", ""tribe2:generic"", ""tribe3:generic"", ""tribe4:generic""]",[],Human voices,NATIVE_TABLE,Audio/generic/human_laugh f 05.wav,25a051b6c5eb2d19993f395b11a970b05e22fbf96f0fdcbc6f3216c368421151,
E:\cultures\vanilla-data\DataX\Libs\data0001.lib,839,data\engine2d\bin\sounds\generic\human_cough c 04.wav,PCM,1,22050,16,0.879,"[""generic viking children""]","[""soundfxstatic""]","[""tribe1:generic"", ""tribe2:generic"", ""tribe3:generic"", ""tribe4:generic""]",[],Human voices,NATIVE_TABLE,Audio/generic/human_cough c 04.wav,d7546dd709a36b0f46e846e860d8ecb074840a8441472d33df79a13580bff63b,
E:\cultures\vanilla-data\DataX\Libs\data0001.lib,840,data\engine2d\bin\sounds\generic\human_cough f 01.wav,PCM,1,22050,16,1.25,"[""generic latin female"", ""generic viking female""]","[""soundfxstatic""]","[""tribe1:generic"", ""tribe2:generic"", ""tribe3:generic"", ""tribe4:generic""]",[],Human voices,NATIVE_TABLE,Audio/generic/human_cough f 01.wav,ad5534702191f8d42d57e48171473806d96db5305c58b20e9230649e19175b02,
E:\cultures\vanilla-data\DataX\Libs\data0001.lib,841,data\engine2d\bin\sounds\misc\earthquak.wav,PCM,1,11025,16,9.81,[],[],[],[],Unknown,UNKNOWN (no native reference),Audio/misc/earthquak.wav,0b87e2fb31678a145827caff0df13d62cfffa598d01c45836df20b1a1068e1e8,
E:\cultures\vanilla-data\DataX\Libs\data0001.lib,850,data\engine2d\bin\sounds\generic\human_cough f 02.wav,PCM,1,22050,16,0.694,"[""generic latin female"", ""generic viking female""]","[""soundfxstatic""]","[""tribe1:generic"", ""tribe2:generic"", ""tribe3:generic"", ""tribe4:generic""]",[],Human voices,NATIVE_TABLE,Audio/generic/human_cough f 02.wav,7e17543458a5b52fced1b10e1d40e4d5efce16f2cb9bf63982b8e1bcd3138910,
E:\cultures\vanilla-data\DataX\Libs\data0001.lib,851,data\engine2d\bin\sounds\jingles\jingles_technology.wav,PCM,1,22050,16,3.98,"[""""]","[""soundfxjingle""]",[],[],Music jingles,NATIVE_TABLE,Audio/jingles/jingles_technology.wav,1b1ec251dcfcdc682b2086667245c8d2d8a896743cc839a23d24149176a6d432,
E:\cultures\vanilla-data\DataX\Libs\data0001.lib,855,data\engine2d\bin\sounds\generic\human_cough f 03.wav,PCM,1,22050,16,1.157,"[""generic latin female"", ""generic viking female""]","[""soundfxstatic""]","[""tribe1:generic"", ""tribe2:generic"", ""tribe3:generic"", ""tribe4:generic""]",[],Human voices,NATIVE_TABLE,Audio/generic/human_cough f 03.wav,a1f354633b635a49b3cdbb7957780fc4c01a3a048824dbad9b94d16d384f7488,
E:\cultures\vanilla-data\DataX\Libs\data0001.lib,856,data\engine2d\bin\sounds\generic\human_laugh m 01.wav,PCM,1,22050,16,1.203,"[""generic arabian male"", ""generic frank male"", ""generic latin male"", ""generic viking male"", ""laugh man"", ""talk arabs male"", ""talk byzanz male"", ""talk franks male"", ""talk viking male""]","[""soundfxstatic""]","[""tribe1:generic"", ""tribe2:generic"", ""tribe3:generic"", ""tribe4:generic""]",[],Human voices,NATIVE_TABLE,Audio/generic/human_laugh m 01.wav,48d3355f229aa0a07d40aeeb36de40cd67b0aaa6b20f4013745a6279f6c8bd61,
E:\cultures\vanilla-data\DataX\Libs\data0001.lib,862,data\engine2d\bin\sounds\generic\human_cough f 04.wav,PCM,1,22050,16,1.064,"[""generic latin female"", ""generic viking female""]","[""soundfxstatic""]","[""tribe1:generic"", ""tribe2:generic"", ""tribe3:generic"", ""tribe4:generic""]",[],Human voices,NATIVE_TABLE,Audio/generic/human_cough f 04.wav,5b72415be103ba9c819a95fb299352d3a994f137e7dd9f0429d0ab8a8dde5fe3,
E:\cultures\vanilla-data\DataX\Libs\data0001.lib,863,data\engine2d\bin\sounds\generic\human_laugh m 02.wav,PCM,1,22050,16,1.018,"[""generic arabian male"", ""generic frank male"", ""generic latin male"", ""generic viking male"", ""laugh man"", ""talk arabs male"", ""talk byzanz male"", ""talk franks male"", ""talk viking male""]","[""soundfxstatic""]","[""tribe1:generic"", ""tribe2:generic"", ""tribe3:generic"", ""tribe4:generic""]",[],Human voices,NATIVE_TABLE,Audio/generic/human_laugh m 02.wav,5b3ea7a642e32fbcd29e7fb7a722cbf310cd8f457c2af117b12a3d21d57d9308,
E:\cultures\vanilla-data\DataX\Libs\data0001.lib,869,data\engine2d\bin\sounds\generic\human_cough f 05.wav,PCM,1,22050,16,1.388,"[""generic latin female"", ""generic viking female""]","[""soundfxstatic""]","[""tribe1:generic"", ""tribe2:generic"", ""tribe3:generic"", ""tribe4:generic""]",[],Human voices,NATIVE_TABLE,Audio/generic/human_cough f 05.wav,e0fd2ed08ad6bd910071f1b17a3cda178d7879f59c5a129e2334abebde644100,
E:\cultures\vanilla-data\DataX\Libs\data0001.lib,870,data\engine2d\bin\sounds\generic\human_laugh m 03.wav,PCM,1,22050,16,1.342,"[""generic arabian male"", ""generic frank male"", ""generic latin male"", ""generic viking male"", ""laugh man"", ""talk arabs male"", ""talk byzanz male"", ""talk franks male"", ""talk viking male""]","[""soundfxstatic""]","[""tribe1:generic"", ""tribe2:generic"", ""tribe3:generic"", ""tribe4:generic""]",[],Human voices,NATIVE_TABLE,Audio/generic/human_laugh m 03.wav,41c74dd3dc6ac4f1e6fafffc8b2c2275dd6f2d1bb1cc402a039b9441ac4d5a40,
E:\cultures\vanilla-data\DataX\Libs\data0001.lib,871,data\engine2d\bin\sounds\static\treefalling01.wav,PCM,1,22050,16,1.805,"[""woodcutter treefalling""]","[""soundfxstatic""]",[],[],Production/actions (folder static),FOLDER_ONLY,Audio/static/treefalling01.wav,f228ee929ac7b973d8729aeac43f64e0b011a2e80f4c08c3f3266687dacbe08c,
E:\cultures\vanilla-data\DataX\Libs\data0001.lib,876,data\engine2d\bin\sounds\generic\human_laugh m 04.wav,PCM,1,22050,16,1.898,"[""generic arabian male"", ""generic frank male"", ""generic latin male"", ""generic viking male"", ""laugh man"", ""talk arabs male"", ""talk byzanz male"", ""talk franks male"", ""talk viking male""]","[""soundfxstatic""]","[""tribe1:generic"", ""tribe2:generic"", ""tribe3:generic"", ""tribe4:generic""]",[],Human voices,NATIVE_TABLE,Audio/generic/human_laugh m 04.wav,752d0910d56e89977cd3e74f655cd800fdb33d0b39bab4f30bbb28484adace5a,
E:\cultures\vanilla-data\DataX\Libs\data0001.lib,877,data\engine2d\bin\sounds\static\treefalling02.wav,PCM,1,22050,16,2.129,"[""woodcutter treefalling""]","[""soundfxstatic""]",[],[],Production/actions (folder static),FOLDER_ONLY,Audio/static/treefalling02.wav,e8872c6b2696f10b536b13966eb6b6691fadc7e8771fa3e55cc495bfe46922e6,
E:\cultures\vanilla-data\DataX\Libs\data0001.lib,881,data\engine2d\bin\sounds\static\treefalling03.wav,PCM,1,22050,16,2.221,"[""woodcutter treefalling""]","[""soundfxstatic""]",[],[],Production/actions (folder static),FOLDER_ONLY,Audio/static/treefalling03.wav,e29f5a0c7234ce7b904d301246c2c8c389c80a43a6bfd8643df56b38d416b34b,
E:\cultures\vanilla-data\DataX\Libs\data0001.lib,887,data\engine2d\bin\sounds\generic\human_cough m 01.wav,PCM,1,22050,16,1.435,"[""generic arabian male"", ""generic frank male"", ""generic latin male"", ""generic viking male""]","[""soundfxstatic""]","[""tribe1:generic"", ""tribe2:generic"", ""tribe3:generic"", ""tribe4:generic""]",[],Human voices,NATIVE_TABLE,Audio/generic/human_cough m 01.wav,2d608ec3f5339a4593f99eec7216bbb65185a57ee3dc79d725936034bfbe81e7,
E:\cultures\vanilla-data\DataX\Libs\data0001.lib,888,data\engine2d\bin\sounds\static\scythe01.wav,PCM,1,22050,16,0.231,"[""farmer scythe""]","[""soundfxstatic""]",[],[],Production/actions (folder static),FOLDER_ONLY,Audio/static/scythe01.wav,dfe1faa2498bfdd0f5ba98b331b25f5cfd8fdadde84e3855c14a3e9143c43f28,
E:\cultures\vanilla-data\DataX\Libs\data0001.lib,893,data\engine2d\bin\sounds\generic\human_cough m 02.wav,PCM,1,22050,16,1.157,"[""generic arabian male"", ""generic frank male"", ""generic latin male"", ""generic viking male""]","[""soundfxstatic""]","[""tribe1:generic"", ""tribe2:generic"", ""tribe3:generic"", ""tribe4:generic""]",[],Human voices,NATIVE_TABLE,Audio/generic/human_cough m 02.wav,9eaba4eae2bf8d9ede4e25b6d5bc4b77d3054c1927d45ddbf6118c8e37cf40d9,
E:\cultures\vanilla-data\DataX\Libs\data0001.lib,894,data\engine2d\bin\sounds\static\scythe02.wav,PCM,1,22050,16,0.324,"[""farmer scythe""]","[""soundfxstatic""]",[],[],Production/actions (folder static),FOLDER_ONLY,Audio/static/scythe02.wav,458bd3bbe3663f839aeae67091ebd5d9d9698f7dfced2a9bd3b42cc45792dd9c,
E:\cultures\vanilla-data\DataX\Libs\data0001.lib,895,data\engine2d\bin\sounds\static\shovel01.wav,PCM,1,22050,16,0.787,"[""shovel clay""]","[""soundfxstatic""]",[],[],Production/actions (folder static),FOLDER_ONLY,Audio/static/shovel01.wav,ed0ff4422246bf7950c44ed900b393ddf1006dd2f05857cba5ee88bcf1232d41,
E:\cultures\vanilla-data\DataX\Libs\data0001.lib,901,data\engine2d\bin\sounds\generic\human_cough m 03.wav,PCM,1,22050,16,1.203,"[""generic arabian male"", ""generic frank male"", ""generic latin male"", ""generic viking male""]","[""soundfxstatic""]","[""tribe1:generic"", ""tribe2:generic"", ""tribe3:generic"", ""tribe4:generic""]",[],Human voices,NATIVE_TABLE,Audio/generic/human_cough m 03.wav,5b03a7834cd1086879a812b8b0548c575b3fcdaf2f6e612b7813a06503c0a995,
E:\cultures\vanilla-data\DataX\Libs\data0001.lib,902,data\engine2d\bin\sounds\jingles\jingles_housebuilt.wav,PCM,1,22050,16,4.582,"[""""]","[""soundfxjingle""]",[],[],Music jingles,NATIVE_TABLE,Audio/jingles/jingles_housebuilt.wav,ffefafe533be1c5c622a55e4d07252c24ffb862dcd91b36a4917f4112d8496a4,
E:\cultures\vanilla-data\DataX\Libs\data0001.lib,903,data\engine2d\bin\sounds\static\scythe03.wav,PCM,1,22050,16,0.185,"[""farmer scythe""]","[""soundfxstatic""]",[],[],Production/actions (folder static),FOLDER_ONLY,Audio/static/scythe03.wav,a45240c41a281afced476fd2c8f936bbdcffebeaa6df2b651fd9e0b6c717b1a7,
E:\cultures\vanilla-data\DataX\Libs\data0001.lib,904,data\engine2d\bin\sounds\static\shovel02.wav,PCM,1,22050,16,0.648,"[""shovel clay""]","[""soundfxstatic""]",[],[],Production/actions (folder static),FOLDER_ONLY,Audio/static/shovel02.wav,cc4b67299d3db8c849a0ece1a3ecbba195e34fadf0dfda73a99478ca453c0158,
E:\cultures\vanilla-data\DataX\Libs\data0001.lib,905,data\engine2d\bin\sounds\static\switch01.wav,PCM,1,22050,16,4.397,"[""ground plate switch""]","[""soundfxstatic""]",[],[],Production/actions (folder static),FOLDER_ONLY,Audio/static/switch01.wav,c7b76de538a84e7f90f836d0559a3b5b142563f0ef35e950408945ce869b5cda,
E:\cultures\vanilla-data\DataX\Libs\data0001.lib,909,data\engine2d\bin\sounds\generic\human_cough m 04.wav,PCM,1,22050,16,1.296,"[""generic arabian male"", ""generic frank male"", ""generic latin male"", ""generic viking male""]","[""soundfxstatic""]","[""tribe1:generic"", ""tribe2:generic"", ""tribe3:generic"", ""tribe4:generic""]",[],Human voices,NATIVE_TABLE,Audio/generic/human_cough m 04.wav,4bf9357216f5b32cca47238e07a001748b6f635c08fada1bfa9647438be327ae,
E:\cultures\vanilla-data\DataX\Libs\data0001.lib,910,data\engine2d\bin\sounds\static\scythe04.wav,PCM,1,22050,16,0.231,"[""farmer scythe""]","[""soundfxstatic""]",[],[],Production/actions (folder static),FOLDER_ONLY,Audio/static/scythe04.wav,730fafb00aafa79b2a729965fed1356d98698fe59d1254bd19e9f86c8561aaa5,
E:\cultures\vanilla-data\DataX\Libs\data0001.lib,911,data\engine2d\bin\sounds\static\shovel03.wav,PCM,1,22050,16,0.879,"[""shovel clay2""]","[""soundfxstatic""]",[],[],Production/actions (folder static),FOLDER_ONLY,Audio/static/shovel03.wav,6b99ea71f0bbae31bf69547aab3262edc094b17f4614f4e7642480d30f219f6b,
E:\cultures\vanilla-data\DataX\Libs\data0001.lib,912,data\engine2d\bin\sounds\static\switch02.wav,PCM,1,22050,16,1.759,"[""ground plate switch 2""]","[""soundfxstatic""]",[],[],Production/actions (folder static),FOLDER_ONLY,Audio/static/switch02.wav,62199c6960c7f35f478dddd4800f9f5148358920ae7ae7995348b9494d687892,
E:\cultures\vanilla-data\DataX\Libs\data0001.lib,913,data\engine2d\bin\sounds\static\wateringcan01.wav,PCM,1,22050,16,1.805,"[""watering can""]","[""soundfxstatic""]",[],[],Environment (name-derived),NAME_DERIVED,Audio/static/wateringcan01.wav,879a4baac497903f1a8cd7a6f3044500ecea7cf2cfaea75f68e26fff6c230192,
E:\cultures\vanilla-data\DataX\Libs\data0001.lib,923,data\engine2d\bin\sounds\jingles\jingles_marriage.wav,PCM,1,22050,16,4.073,"[""""]","[""soundfxjingle""]",[],[],Music jingles,NATIVE_TABLE,Audio/jingles/jingles_marriage.wav,684ce078f98d071a0c3cc6a65358279826bde5433744c3459d4e0a11c87cec55,
E:\cultures\vanilla-data\DataX\Libs\data0001.lib,952,data\engine2d\bin\sounds\generic\animals_camel01.wav,PCM,1,22050,16,0.602,"[""camel sounds""]","[""soundfxstatic""]",[],"[""tribe21""]",Animals,NATIVE_TABLE,Audio/generic/animals_camel01.wav,7ce80edb8e3a10e7d46b53e69fd1665a6a9416da6e01a2cea9090d93360afc23,
E:\cultures\vanilla-data\DataX\Libs\data0001.lib,957,data\engine2d\bin\sounds\generic\animals_camel02.wav,PCM,1,22050,16,0.555,"[""camel sounds""]","[""soundfxstatic""]",[],"[""tribe21""]",Animals,NATIVE_TABLE,Audio/generic/animals_camel02.wav,9b445aa99143f731fc3a758204c3aba795f83abc7a6ef7068b7b5aaef00bb247,
E:\cultures\vanilla-data\DataX\Libs\data0001.lib,962,data\engine2d\bin\sounds\generic\animals_camel03.wav,PCM,1,22050,16,0.74,"[""camel sounds""]","[""soundfxstatic""]",[],"[""tribe21""]",Animals,NATIVE_TABLE,Audio/generic/animals_camel03.wav,9732b685f0e0ef8e37a57213c02257116472e5d584fadf33c679b5735c547baa,
E:\cultures\vanilla-data\DataX\Libs\data0001.lib,963,data\engine2d\bin\sounds\static\carpenter_hammer01.wav,PCM,1,22050,16,0.555,"[""carpenter hammer""]","[""soundfxstatic""]",[],[],Production/actions (folder static),FOLDER_ONLY,Audio/static/carpenter_hammer01.wav,135d4ffcb9c6ced909e4437b53996381e45e6f7546ceb6f6740e3dd13f508cd2,
E:\cultures\vanilla-data\DataX\Libs\data0001.lib,970,data\engine2d\bin\sounds\static\potter01.wav,PCM,1,22050,16,3.147,"[""potter""]","[""soundfxstatic""]",[],[],Production/actions (folder static),FOLDER_ONLY,Audio/static/potter01.wav,5acb4e57a1ee3d9b81c6a4151a26cf5d1d394320d52f7694529808afef6dddbd,
E:\cultures\vanilla-data\DataX\Libs\data0001.lib,988,data\engine2d\bin\sounds\jingles\jingles_missionwon.wav,PCM,1,22050,16,10.274,"[""""]","[""soundfxjingle""]",[],[],Music jingles,NATIVE_TABLE,Audio/jingles/jingles_missionwon.wav,9b4c0f58129eb27b1c9a8c9d9d2d47bb88e15ac8d133ae8d4be8a3b6419bb6f8,
E:\cultures\vanilla-data\DataX\Libs\data0001.lib,991,data\engine2d\bin\sounds\ambient\meadow1.wav,PCM,1,22050,16,11.339,"[""meadow green""]","[""soundfxambient""]",[],[],Ambient,NATIVE_TABLE,Audio/ambient/meadow1.wav,29b2f21b6d3c49dffaf8b3a56cd46df851fd181daf272761013f302d53479eaa,
E:\cultures\vanilla-data\DataX\Libs\data0001.lib,992,data\engine2d\bin\sounds\static\wolveattack01.wav,PCM,1,22050,16,1.481,"[""wolve attack""]","[""soundfxstatic""]",[],[],Production/actions (folder static),FOLDER_ONLY,Audio/static/wolveattack01.wav,20028a6366233dfcb5094709dda5aee4c71d51a272b2ae6e1c915b5b4849eaae,
E:\cultures\vanilla-data\DataX\Libs\data0001.lib,1000,data\engine2d\bin\sounds\ambient\meadow2.wav,PCM,1,22050,16,15.319,"[""meadow dark""]","[""soundfxambient""]",[],[],Ambient,NATIVE_TABLE,Audio/ambient/meadow2.wav,3010d29d5ec4b32cd6c953f3b25b449656755e1a99365f9eefd470a07d1d1413,
E:\cultures\vanilla-data\DataX\Libs\data0001.lib,1001,data\engine2d\bin\sounds\static\wolveattack02.wav,PCM,1,22050,16,1.62,"[""wolve attack""]","[""soundfxstatic""]",[],[],Production/actions (folder static),FOLDER_ONLY,Audio/static/wolveattack02.wav,586575dbc7d22e5a301c8798652af833878f92e66174356f38462b5df32c1d9a,
E:\cultures\vanilla-data\DataX\Libs\data0001.lib,1005,data\engine2d\bin\sounds\static\wolveattack03.wav,PCM,1,22050,16,1.388,"[""werewolf attack""]","[""soundfxstatic""]",[],[],Production/actions (folder static),FOLDER_ONLY,Audio/static/wolveattack03.wav,5b8b6a844fdd799c7f58aa3456166b0efcf8d0a97b44856f97c8102427ad79c6,
E:\cultures\vanilla-data\DataX\Libs\data0001.lib,1010,data\engine2d\bin\sounds\static\wolveattack04.wav,PCM,1,22050,16,1.805,"[""werewolf attack""]","[""soundfxstatic""]",[],[],Production/actions (folder static),FOLDER_ONLY,Audio/static/wolveattack04.wav,fb86f478ea9de6c2d056aad306c62663099752a9c2cf8ce4c5ee08b5d10519bd,
E:\cultures\vanilla-data\DataX\Libs\data0001.lib,1014,data\engine2d\bin\sounds\static\wolveattack05.wav,PCM,1,22050,16,1.435,"[""werewolf attack""]","[""soundfxstatic""]",[],[],Production/actions (folder static),FOLDER_ONLY,Audio/static/wolveattack05.wav,2e504f52ac690091d0d4b37548c6971d6ef26a2a75d5b373cb4e7eb0030d5904,
E:\cultures\vanilla-data\DataX\Libs\data0001.lib,1018,data\engine2d\bin\sounds\static\wolveattack06.wav,PCM,1,22050,16,1.388,"[""werewolf attack""]","[""soundfxstatic""]",[],[],Production/actions (folder static),FOLDER_ONLY,Audio/static/wolveattack06.wav,aa0edda50a7444cecfe86d77f6ec57afc24a3970f830d8b3b5b3d35ddcc1e0c2,
E:\cultures\vanilla-data\DataX\Libs\data0001.lib,1022,data\engine2d\bin\sounds\generic\animals_snake01.wav,PCM,1,22050,16,2.314,"[""generic snake""]","[""soundfxstatic""]","[""tribe5:generic""]",[],Human voices,NATIVE_TABLE,Audio/generic/animals_snake01.wav,3c9c671a0008449a72a1c2af3d8dc89b84bdbb97638d1212949bf968bb8a9921,
E:\cultures\vanilla-data\DataX\Libs\data0001.lib,1023,data\engine2d\bin\sounds\static\wolveattack07.wav,PCM,1,22050,16,1.25,"[""werewolf attack""]","[""soundfxstatic""]",[],[],Production/actions (folder static),FOLDER_ONLY,Audio/static/wolveattack07.wav,60c098a9f84192b4f2d926c00297ec64bf49a2bf1182a4653b6e0e5b24bcff3e,
E:\cultures\vanilla-data\DataX\Libs\data0001.lib,1025,data\engine2d\bin\sounds\generic\animals_snake02.wav,PCM,1,22050,16,1.574,"[""generic snake""]","[""soundfxstatic""]","[""tribe5:generic""]",[],Human voices,NATIVE_TABLE,Audio/generic/animals_snake02.wav,327a33ea2749340a875efa08409746b1b65d186b0d32a3d56292bd1f54dd9308,
E:\cultures\vanilla-data\DataX\Libs\data0001.lib,1026,data\engine2d\bin\sounds\static\wolveattack08.wav,PCM,1,22050,16,1.157,"[""werewolf attack""]","[""soundfxstatic""]",[],[],Production/actions (folder static),FOLDER_ONLY,Audio/static/wolveattack08.wav,0cc89fe7585195c32848a08b8c942e72a89538de953c64b23dfd3ae0aad13301,
E:\cultures\vanilla-data\DataX\Libs\data0001.lib,1029,data\engine2d\bin\sounds\generic\animals_snake03.wav,PCM,1,22050,16,3.795,"[""generic snake""]","[""soundfxstatic""]","[""tribe5:generic""]",[],Human voices,NATIVE_TABLE,Audio/generic/animals_snake03.wav,538437fca785bd92868dabe8cab6f0234d60351e8560279baf5f753119ff4296,
E:\cultures\vanilla-data\DataX\Libs\data0001.lib,1031,data\engine2d\bin\sounds\generic\animals_sheep01.wav,PCM,1,22050,16,0.74,"[""sheep"", ""sheep sounds""]","[""soundfxstatic""]",[],"[""tribe19""]",Animals,NATIVE_TABLE,Audio/generic/animals_sheep01.wav,ae37926a59d2dd21f13aaa6069bb9f061d7631306747ce2684067e11ee37b963,
E:\cultures\vanilla-data\DataX\Libs\data0001.lib,1032,data\engine2d\bin\sounds\generic\animals_snake04.wav,PCM,1,22050,16,1.111,"[""generic snake""]","[""soundfxstatic""]","[""tribe5:generic""]",[],Human voices,NATIVE_TABLE,Audio/generic/animals_snake04.wav,6110e713f2464b2fd668d7b24b99c280b9a466cd0bfab4f9b7a0481230747672,
E:\cultures\vanilla-data\DataX\Libs\data0001.lib,1033,data\engine2d\bin\sounds\humantalk\f1ok01.wav,PCM,1,22050,16,0.463,"[""frank female ok 01"", ""talk viking female"", ""viking female ok 01""]","[""soundfxstatic""]","[""tribe1:respond"", ""tribe2:respond""]",[],Human voices,NATIVE_TABLE,Audio/humantalk/f1ok01.wav,e49c358e9adf80768204e8ac98e39a78a654da0a3e95a4667fb561c47f334a2e,
E:\cultures\vanilla-data\DataX\Libs\data0001.lib,1034,data\engine2d\bin\sounds\humantalk\talk_f01.wav,PCM,1,22050,16,3.055,"[""socialtalk female""]","[""soundfxstatic""]",[],[],Human voices,FOLDER_ONLY,Audio/humantalk/talk_f01.wav,8b8d6dd6776f1d404120e76ead2028d2673ccb8b91be1ef1071b6a2878b1887e,
E:\cultures\vanilla-data\DataX\Libs\data0001.lib,1035,data\engine2d\bin\sounds\humantalk\talk_f10.wav,PCM,1,22050,16,4.35,[],[],[],[],Human voices,UNKNOWN (no native reference),Audio/humantalk/talk_f10.wav,96474872474543d4ee675f3dd1e0ec299d16b11acc543aa5a4bc7d0129eae324,
E:\cultures\vanilla-data\DataX\Libs\data0001.lib,1036,data\engine2d\bin\sounds\ambient\desert1.wav,PCM,1,22050,16,14.208,[],[],[],[],Ambient,UNKNOWN (no native reference),Audio/ambient/desert1.wav,0985f847313a51a4d2b87d5f71dfd1fda7ff20139e86122c333c4666d95c6920,
E:\cultures\vanilla-data\DataX\Libs\data0001.lib,1037,data\engine2d\bin\sounds\generic\animals_sheep02.wav,PCM,1,22050,16,1.018,"[""sheep"", ""sheep sounds""]","[""soundfxstatic""]",[],"[""tribe19""]",Animals,NATIVE_TABLE,Audio/generic/animals_sheep02.wav,35bc93de4e9bd80c276def21f6703e2a78569cbf5f9e1092a5faa14d09ed70f1,
E:\cultures\vanilla-data\DataX\Libs\data0001.lib,1038,data\engine2d\bin\sounds\generic\animals_snake05.wav,PCM,1,22050,16,1.157,"[""generic snake""]","[""soundfxstatic""]","[""tribe5:generic""]",[],Human voices,NATIVE_TABLE,Audio/generic/animals_snake05.wav,d39932797526e702abe329ed70038bbb853f0fa0dcae0a7344bc3a6b067ccdf1,
E:\cultures\vanilla-data\DataX\Libs\data0001.lib,1039,data\engine2d\bin\sounds\gui\chat_incoming.wav,PCM,1,22050,16,0.185,[],[],[],[],UI,UNKNOWN (no native reference),Audio/gui/chat_incoming.wav,1e67b1edddb0baf9b2307c294170ba04c68d858756bdd8abddb34a7f951c2411,
E:\cultures\vanilla-data\DataX\Libs\data0001.lib,1040,data\engine2d\bin\sounds\gui\click_confirm.wav,PCM,1,22050,16,0.046,"[""gui_click""]","[""soundfxstatic""]",[],[],UI,NATIVE_TABLE,Audio/gui/click_confirm.wav,b4ad059bc444a768e0110f8218cf8340d4818ccd07fbcb1aaf13321abfb9efcc,
E:\cultures\vanilla-data\DataX\Libs\data0001.lib,1041,data\engine2d\bin\sounds\humantalk\f1ok02.wav,PCM,1,22050,16,0.833,"[""frank female ok 01"", ""talk viking female"", ""viking female ok 01""]","[""soundfxstatic""]","[""tribe1:respond"", ""tribe2:respond""]",[],Human voices,NATIVE_TABLE,Audio/humantalk/f1ok02.wav,f2933620b74ed5ae11d6a774332d62111217f82a9842a12ea4b26961dd7a4211,
E:\cultures\vanilla-data\DataX\Libs\data0001.lib,1042,data\engine2d\bin\sounds\humantalk\f2ok01.wav,PCM,1,22050,16,0.602,"[""talk viking female"", ""viking female ok 02""]","[""soundfxstatic""]","[""tribe1:respond""]",[],Human voices,NATIVE_TABLE,Audio/humantalk/f2ok01.wav,81e55937ce8f3bfb3eac8824f9c3ca60ba9e5a997a790c5826473b00c6f6092a,
E:\cultures\vanilla-data\DataX\Libs\data0001.lib,1043,data\engine2d\bin\sounds\humantalk\talk_f02.wav,PCM,1,22050,16,2.083,"[""socialtalk female""]","[""soundfxstatic""]",[],[],Human voices,FOLDER_ONLY,Audio/humantalk/talk_f02.wav,701c6820622f78f5cc66db04ad326fb5117044fd8a3f992135f77ee4f6b516be,
E:\cultures\vanilla-data\DataX\Libs\data0001.lib,1044,data\engine2d\bin\sounds\humantalk\talk_f11.wav,PCM,1,22050,16,4.026,"[""socialtalk female""]","[""soundfxstatic""]",[],[],Human voices,FOLDER_ONLY,Audio/humantalk/talk_f11.wav,0515874f9864af374ec10fedb9a77f4568ffed3fe8e74062df51f818d6aeba22,
E:\cultures\vanilla-data\DataX\Libs\data0001.lib,1045,data\engine2d\bin\sounds\humantalk\talk_f20.wav,PCM,1,22050,16,6.017,"[""socialtalk female""]","[""soundfxstatic""]",[],[],Human voices,FOLDER_ONLY,Audio/humantalk/talk_f20.wav,7a6124326cf63c493210f0590e93070f949197c9e94bf95ad688c2bd14c0be60,
E:\cultures\vanilla-data\DataX\Libs\data0001.lib,1050,data\engine2d\bin\sounds\ambient\bird_wingflap01.wav,PCM,1,22050,16,1.157,"[""all trees""]","[""soundfxambient""]",[],[],Ambient,NATIVE_TABLE,Audio/ambient/bird_wingflap01.wav,7aaaf147a138697e45d9fe70c60cfbbe415be856fe77cea3f9abd3b380099ca8,
E:\cultures\vanilla-data\DataX\Libs\data0001.lib,1051,data\engine2d\bin\sounds\ambient\desert2.wav,PCM,1,22050,16,14.116,[],[],[],[],Ambient,UNKNOWN (no native reference),Audio/ambient/desert2.wav,68d90c9d7262b50c892e0af49d3c812876329446dd4006e482cc0f5caf7fa5f5,
E:\cultures\vanilla-data\DataX\Libs\data0001.lib,1052,data\engine2d\bin\sounds\generic\animals_sheep03.wav,PCM,1,22050,16,1.157,"[""sheep"", ""sheep sounds""]","[""soundfxstatic""]",[],"[""tribe19""]",Animals,NATIVE_TABLE,Audio/generic/animals_sheep03.wav,c6b71993059f12b2062c69b8afee2acc3cb5c538d849e653acbbcbab690a177d,
E:\cultures\vanilla-data\DataX\Libs\data0001.lib,1053,data\engine2d\bin\sounds\generic\animals_snake06.wav,PCM,1,22050,16,2.314,"[""generic snake""]","[""soundfxstatic""]","[""tribe5:generic""]",[],Human voices,NATIVE_TABLE,Audio/generic/animals_snake06.wav,f2d51443b7e032cb15f311a930852f045aa65e11cb2b99415fa67aa46a8297d6,
E:\cultures\vanilla-data\DataX\Libs\data0001.lib,1054,data\engine2d\bin\sounds\humantalk\f1ok03.wav,PCM,1,22050,16,0.879,"[""frank female ok 01"", ""talk viking female"", ""viking female ok 01""]","[""soundfxstatic""]","[""tribe1:respond"", ""tribe2:respond""]",[],Human voices,NATIVE_TABLE,Audio/humantalk/f1ok03.wav,0daa919a2ba651d237699127c04dac521e44b83c18361a774c31d042ec804b7c,
E:\cultures\vanilla-data\DataX\Libs\data0001.lib,1055,data\engine2d\bin\sounds\humantalk\f2ok02.wav,PCM,1,22050,16,0.787,"[""talk viking female"", ""viking female ok 02""]","[""soundfxstatic""]","[""tribe1:respond""]",[],Human voices,NATIVE_TABLE,Audio/humantalk/f2ok02.wav,3f99015362e619bfe808eba44256e5e70718b8d090f29d3eecb45599b232260f,
E:\cultures\vanilla-data\DataX\Libs\data0001.lib,1056,data\engine2d\bin\sounds\humantalk\f3ok01.wav,PCM,1,22050,16,0.324,"[""talk viking female"", ""viking female ok 03""]","[""soundfxstatic""]","[""tribe1:respond""]",[],Human voices,NATIVE_TABLE,Audio/humantalk/f3ok01.wav,865a45b9f3da1f6b4e6e3126880d4df816f2d1af16f414706297a9611ff1bdb2,
E:\cultures\vanilla-data\DataX\Libs\data0001.lib,1057,data\engine2d\bin\sounds\humantalk\talk_f03.wav,PCM,1,22050,16,1.805,"[""socialtalk female""]","[""soundfxstatic""]",[],[],Human voices,FOLDER_ONLY,Audio/humantalk/talk_f03.wav,875f6aef9692f82edf2d88408d1efe7f15f657f950eda682e984895cfd34d8a9,
E:\cultures\vanilla-data\DataX\Libs\data0001.lib,1058,data\engine2d\bin\sounds\humantalk\talk_f12.wav,PCM,1,22050,16,4.628,"[""socialtalk female""]","[""soundfxstatic""]",[],[],Human voices,FOLDER_ONLY,Audio/humantalk/talk_f12.wav,9f4fc95f26f03aa2e9c7f9a7c197e6b70689b7f6268530502af7a7b745c87a0f,
E:\cultures\vanilla-data\DataX\Libs\data0001.lib,1059,data\engine2d\bin\sounds\humantalk\talk_f21.wav,PCM,1,22050,16,1.99,"[""socialtalk female""]","[""soundfxstatic""]",[],[],Human voices,FOLDER_ONLY,Audio/humantalk/talk_f21.wav,db803308e500f2b20d78744e01e43051cce866c000b519a7142dfefbd7a8c0b7,
E:\cultures\vanilla-data\DataX\Libs\data0001.lib,1060,data\engine2d\bin\sounds\humantalk\talk_f30.wav,PCM,1,22050,16,6.757,"[""socialtalk female""]","[""soundfxstatic""]",[],[],Human voices,FOLDER_ONLY,Audio/humantalk/talk_f30.wav,079bd14b44828fb2a8ef3832e62e7116b88eb0497745212c3530a863aaad4955,
E:\cultures\vanilla-data\DataX\Libs\data0001.lib,1062,data\engine2d\bin\sounds\ambient\bird_wingflap02.wav,PCM,1,22050,16,1.527,"[""all trees""]","[""soundfxambient""]",[],[],Ambient,NATIVE_TABLE,Audio/ambient/bird_wingflap02.wav,594d5b71d60c5f26359ddab0ad266ab38ff9643c8406bdc9b52b31387f261fb4,
E:\cultures\vanilla-data\DataX\Libs\data0001.lib,1063,data\engine2d\bin\sounds\ambient\desert3.wav,PCM,1,22050,16,14.069,"[""desert sand""]","[""soundfxambient""]",[],[],Ambient,NATIVE_TABLE,Audio/ambient/desert3.wav,bd860f034dc6bbc1fbd9114d53d97e03457aa064b15e966fe646953b3f3b8e2c,
E:\cultures\vanilla-data\DataX\Libs\data0001.lib,1064,data\engine2d\bin\sounds\generic\animals_sheep04.wav,PCM,1,22050,16,2.268,"[""sheep sounds""]","[""soundfxstatic""]",[],"[""tribe19""]",Animals,NATIVE_TABLE,Audio/generic/animals_sheep04.wav,1ac80d768fc8600590baeb5c36b5eb944d8ecee73eabf9668c7496608db14e7b,
E:\cultures\vanilla-data\DataX\Libs\data0001.lib,1065,data\engine2d\bin\sounds\generic\animals_snake07.wav,PCM,1,22050,16,2.221,"[""generic snake""]","[""soundfxstatic""]","[""tribe5:generic""]",[],Human voices,NATIVE_TABLE,Audio/generic/animals_snake07.wav,0a47a7c2cc52d96f18b150ba851d73cbbc0b0d24ac6ab6634141af28d14d3b6f,
E:\cultures\vanilla-data\DataX\Libs\data0001.lib,1066,data\engine2d\bin\sounds\humantalk\f1no01.wav,PCM,1,22050,16,0.648,"[""frank female no 01"", ""talk viking female"", ""viking female no 01""]","[""soundfxstatic""]","[""tribe1:respond"", ""tribe2:respond""]",[],Human voices,NATIVE_TABLE,Audio/humantalk/f1no01.wav,864953879b8a8a200e24fb79602ec604139cba9876ef59670f721689b5dddc15,
E:\cultures\vanilla-data\DataX\Libs\data0001.lib,1067,data\engine2d\bin\sounds\humantalk\f2ok03.wav,PCM,1,22050,16,0.926,"[""talk viking female"", ""viking female ok 02""]","[""soundfxstatic""]","[""tribe1:respond""]",[],Human voices,NATIVE_TABLE,Audio/humantalk/f2ok03.wav,8937cde1a6002d9acfe30fb045ead5c0c4b6c08549727f3aa34d2ce43fd26ef2,
E:\cultures\vanilla-data\DataX\Libs\data0001.lib,1068,data\engine2d\bin\sounds\humantalk\f3ok02.wav,PCM,1,22050,16,0.972,"[""talk viking female"", ""viking female ok 03""]","[""soundfxstatic""]","[""tribe1:respond""]",[],Human voices,NATIVE_TABLE,Audio/humantalk/f3ok02.wav,634b9f6861f66648f2f2351ccc326ed17194d46983f60fd36144fdc36c2a3720,
E:\cultures\vanilla-data\DataX\Libs\data0001.lib,1069,data\engine2d\bin\sounds\humantalk\f4ok01.wav,PCM,1,22050,16,0.509,"[""talk viking female"", ""viking female ok 04""]","[""soundfxstatic""]","[""tribe1:respond""]",[],Human voices,NATIVE_TABLE,Audio/humantalk/f4ok01.wav,2fcdd3c4bf103f559b6ca27613b8d7cdc3a6afa42044b4ef661bb2f2ba4f98b5,
E:\cultures\vanilla-data\DataX\Libs\data0001.lib,1070,data\engine2d\bin\sounds\humantalk\talk_f04.wav,PCM,1,22050,16,5.183,"[""socialtalk female""]","[""soundfxstatic""]",[],[],Human voices,FOLDER_ONLY,Audio/humantalk/talk_f04.wav,74a88c8bcf0f0a4dc96ec88fb8f8cb8c047e66b714f301de044ccc4a24f958f2,
E:\cultures\vanilla-data\DataX\Libs\data0001.lib,1071,data\engine2d\bin\sounds\humantalk\talk_f13.wav,PCM,1,22050,16,3.425,"[""socialtalk female""]","[""soundfxstatic""]",[],[],Human voices,FOLDER_ONLY,Audio/humantalk/talk_f13.wav,07a5aa705b4a434770ddc4432aa4959e6455eba08611677e5382496c0464658d,
E:\cultures\vanilla-data\DataX\Libs\data0001.lib,1072,data\engine2d\bin\sounds\humantalk\talk_f22.wav,PCM,1,22050,16,1.481,"[""socialtalk female""]","[""soundfxstatic""]",[],[],Human voices,FOLDER_ONLY,Audio/humantalk/talk_f22.wav,610749003d817b4346ec78172d8a6fe29c67cf6872b12172291d0ab3420bac44,
E:\cultures\vanilla-data\DataX\Libs\data0001.lib,1073,data\engine2d\bin\sounds\humantalk\talk_f31.wav,PCM,1,22050,16,1.064,"[""socialtalk female""]","[""soundfxstatic""]",[],[],Human voices,FOLDER_ONLY,Audio/humantalk/talk_f31.wav,a7c7ee67c185ba53ed166c199055140ad6d116349814aaad8fd9e1d21d52aa5b,
E:\cultures\vanilla-data\DataX\Libs\data0001.lib,1076,data\engine2d\bin\sounds\ambient\bird_wingflap03.wav,PCM,1,22050,16,1.157,"[""all trees""]","[""soundfxambient""]",[],[],Ambient,NATIVE_TABLE,Audio/ambient/bird_wingflap03.wav,9692531710c38ef9d650e6d7f801e0d981101c171ee785c777372efd86b48804,
E:\cultures\vanilla-data\DataX\Libs\data0001.lib,1077,data\engine2d\bin\sounds\generic\animals_snake08.wav,PCM,1,22050,16,1.25,"[""generic snake""]","[""soundfxstatic""]","[""tribe5:generic""]",[],Human voices,NATIVE_TABLE,Audio/generic/animals_snake08.wav,afea97da2f49f8a52ffba7e5e32abbd70f2852c7d8f658f8bdf2acdd4a2d2167,
E:\cultures\vanilla-data\DataX\Libs\data0001.lib,1078,data\engine2d\bin\sounds\humantalk\f1no02.wav,PCM,1,22050,16,0.833,"[""frank female no 01"", ""talk viking female"", ""viking female no 01""]","[""soundfxstatic""]","[""tribe1:respond"", ""tribe2:respond""]",[],Human voices,NATIVE_TABLE,Audio/humantalk/f1no02.wav,7f5b5fca0351d671261aec51b5678de5d71107eeb5f1189e01aa139523d11ee4,
E:\cultures\vanilla-data\DataX\Libs\data0001.lib,1079,data\engine2d\bin\sounds\humantalk\f2no01.wav,PCM,1,22050,16,0.833,"[""talk viking female"", ""viking female no 02""]","[""soundfxstatic""]","[""tribe1:respond""]",[],Human voices,NATIVE_TABLE,Audio/humantalk/f2no01.wav,13bee6f8bc27fa67a6cd058c1e1cfc3912690a109534b232b16dca9942bfbed5,
E:\cultures\vanilla-data\DataX\Libs\data0001.lib,1080,data\engine2d\bin\sounds\humantalk\f3ok03.wav,PCM,1,22050,16,0.972,"[""talk viking female"", ""viking female ok 03""]","[""soundfxstatic""]","[""tribe1:respond""]",[],Human voices,NATIVE_TABLE,Audio/humantalk/f3ok03.wav,cccb8963add23d6546194069cfe260219c1216cf3168b9d55752fcb9f025455a,
E:\cultures\vanilla-data\DataX\Libs\data0001.lib,1081,data\engine2d\bin\sounds\humantalk\f4ok02.wav,PCM,1,22050,16,0.879,"[""talk viking female"", ""viking female ok 04""]","[""soundfxstatic""]","[""tribe1:respond""]",[],Human voices,NATIVE_TABLE,Audio/humantalk/f4ok02.wav,a0feceb1bfb9b9673d38ea00f25534872f45c21677656b44158bf3ceebca1c67,
E:\cultures\vanilla-data\DataX\Libs\data0001.lib,1082,data\engine2d\bin\sounds\humantalk\f5ok01.wav,PCM,1,22050,16,0.602,"[""talk viking female"", ""viking female ok 05""]","[""soundfxstatic""]","[""tribe1:respond""]",[],Human voices,NATIVE_TABLE,Audio/humantalk/f5ok01.wav,d6e4049384cd403e96d9c0ab99e1454f7ec2dc1a10691d2021ae4c7a6f58eafd,
E:\cultures\vanilla-data\DataX\Libs\data0001.lib,1083,data\engine2d\bin\sounds\humantalk\talk_f05.wav,PCM,1,22050,16,2.962,"[""socialtalk female""]","[""soundfxstatic""]",[],[],Human voices,FOLDER_ONLY,Audio/humantalk/talk_f05.wav,5f378bf70fa9da718ebb95979a4bad424d990b4a465eaaf1c755d84da3f2ba84,
E:\cultures\vanilla-data\DataX\Libs\data0001.lib,1084,data\engine2d\bin\sounds\humantalk\talk_f14.wav,PCM,1,22050,16,4.026,"[""socialtalk female""]","[""soundfxstatic""]",[],[],Human voices,FOLDER_ONLY,Audio/humantalk/talk_f14.wav,2ae8c556676dbd1627d2c1378237129d1c92ab1e51442842a102f5da61f75287,
E:\cultures\vanilla-data\DataX\Libs\data0001.lib,1085,data\engine2d\bin\sounds\humantalk\talk_f23.wav,PCM,1,22050,16,0.972,"[""socialtalk female""]","[""soundfxstatic""]",[],[],Human voices,FOLDER_ONLY,Audio/humantalk/talk_f23.wav,533d47fe13e4a89d670ea218e185ea3484bf63407b4a28819431976071e00707,
E:\cultures\vanilla-data\DataX\Libs\data0001.lib,1086,data\engine2d\bin\sounds\humantalk\talk_f32.wav,PCM,1,22050,16,4.813,"[""socialtalk female""]","[""soundfxstatic""]",[],[],Human voices,FOLDER_ONLY,Audio/humantalk/talk_f32.wav,e53793922c3c1bed74003804033b5cb4eac54662d0a264bce63593a35b382810,
E:\cultures\vanilla-data\DataX\Libs\data0001.lib,1087,data\engine2d\bin\sounds\static\wolvegethit01.wav,PCM,1,22050,16,0.879,"[""wolve get hit""]","[""soundfxstatic""]","[""tribe6:scream""]",[],Human voices,NATIVE_TABLE,Audio/static/wolvegethit01.wav,917493757f7dafb5d3b2dce0c04d6d3ad5936ba6f546ccfc61589375629f0400,
E:\cultures\vanilla-data\DataX\Libs\data0001.lib,1088,data\engine2d\bin\sounds\ambient\bird_wingflap04.wav,PCM,1,22050,16,0.879,"[""all trees""]","[""soundfxambient""]",[],[],Ambient,NATIVE_TABLE,Audio/ambient/bird_wingflap04.wav,b4de59345e789b8297dc00d650d95d6da3b2a0dbd09328e62d15de5d442f2e82,
E:\cultures\vanilla-data\DataX\Libs\data0001.lib,1089,data\engine2d\bin\sounds\humantalk\f1no03.wav,PCM,1,22050,16,0.787,"[""frank female no 01"", ""talk viking female"", ""viking female no 01""]","[""soundfxstatic""]","[""tribe1:respond"", ""tribe2:respond""]",[],Human voices,NATIVE_TABLE,Audio/humantalk/f1no03.wav,faf4bc2e38ecf05e79a39cb7e700c131940ea7958da3b17d43bbae61a9620c05,
E:\cultures\vanilla-data\DataX\Libs\data0001.lib,1090,data\engine2d\bin\sounds\humantalk\f2no02.wav,PCM,1,22050,16,0.879,"[""talk viking female"", ""viking female no 02""]","[""soundfxstatic""]","[""tribe1:respond""]",[],Human voices,NATIVE_TABLE,Audio/humantalk/f2no02.wav,88ce7bf975257b4377056b008b8ab78cfdd51744b72ec92227ce0626fd74e504,
E:\cultures\vanilla-data\DataX\Libs\data0001.lib,1091,data\engine2d\bin\sounds\humantalk\f3no01.wav,PCM,1,22050,16,0.648,"[""talk viking female"", ""viking female no 03""]","[""soundfxstatic""]","[""tribe1:respond""]",[],Human voices,NATIVE_TABLE,Audio/humantalk/f3no01.wav,e4bc35688f4b42897e9ce2c115a946901ccdb106a7ab0c97c1171e01372ceaa8,
E:\cultures\vanilla-data\DataX\Libs\data0001.lib,1092,data\engine2d\bin\sounds\humantalk\f4ok03.wav,PCM,1,22050,16,1.111,"[""talk viking female"", ""viking female ok 04""]","[""soundfxstatic""]","[""tribe1:respond""]",[],Human voices,NATIVE_TABLE,Audio/humantalk/f4ok03.wav,6f09008b7016106eea0669940da3d037b2a74817c96651b2c10704b8e10abc80,
E:\cultures\vanilla-data\DataX\Libs\data0001.lib,1093,data\engine2d\bin\sounds\humantalk\f5ok02.wav,PCM,1,22050,16,0.972,"[""talk viking female"", ""viking female ok 05""]","[""soundfxstatic""]","[""tribe1:respond""]",[],Human voices,NATIVE_TABLE,Audio/humantalk/f5ok02.wav,e58ceb7cb5140883a9c8e9fce06708691be7d794889b92f687aea8a0b4b1bbec,
E:\cultures\vanilla-data\DataX\Libs\data0001.lib,1094,data\engine2d\bin\sounds\humantalk\f6ok01.wav,PCM,1,22050,16,0.602,"[""talk viking female"", ""viking female ok 06""]","[""soundfxstatic""]","[""tribe1:respond""]",[],Human voices,NATIVE_TABLE,Audio/humantalk/f6ok01.wav,fadcfe76223179684cb5bcafb258562274cb8063665be10a4d79c0b73744573b,
E:\cultures\vanilla-data\DataX\Libs\data0001.lib,1095,data\engine2d\bin\sounds\humantalk\talk_f06.wav,PCM,1,22050,16,1.898,"[""socialtalk female""]","[""soundfxstatic""]",[],[],Human voices,FOLDER_ONLY,Audio/humantalk/talk_f06.wav,f9464127309fed5a60544e523d793e82755594763e926ca6530c3407e4833b0e,
E:\cultures\vanilla-data\DataX\Libs\data0001.lib,1096,data\engine2d\bin\sounds\humantalk\talk_f15.wav,PCM,1,22050,16,0.879,"[""socialtalk female""]","[""soundfxstatic""]",[],[],Human voices,FOLDER_ONLY,Audio/humantalk/talk_f15.wav,b525f5242cd7de7f51b90611323f84ed04b19ebb5e5d72f3608f62119e99f9f5,
E:\cultures\vanilla-data\DataX\Libs\data0001.lib,1097,data\engine2d\bin\sounds\humantalk\talk_f24.wav,PCM,1,22050,16,6.433,"[""socialtalk female""]","[""soundfxstatic""]",[],[],Human voices,FOLDER_ONLY,Audio/humantalk/talk_f24.wav,31f9f7d8b8bb5a2e51ce392f423004c3c1d1e9da22274eb27121eef7cd061e3e,
E:\cultures\vanilla-data\DataX\Libs\data0001.lib,1098,data\engine2d\bin\sounds\humantalk\talk_f33.wav,PCM,1,22050,16,5.322,"[""socialtalk female""]","[""soundfxstatic""]",[],[],Human voices,FOLDER_ONLY,Audio/humantalk/talk_f33.wav,a9b7fed1c1bcd77ee43970b4efc0dbc5520fbd24c88e614365f8032af3cc8fd7,
E:\cultures\vanilla-data\DataX\Libs\data0001.lib,1099,data\engine2d\bin\sounds\static\wolvegethit02.wav,PCM,1,22050,16,1.157,"[""wolve get hit""]","[""soundfxstatic""]","[""tribe6:scream""]",[],Human voices,NATIVE_TABLE,Audio/static/wolvegethit02.wav,7d361058c3be6121a75f584107e3ebdc3687ce2544dde40f9425b05bc8fba9d1,
E:\cultures\vanilla-data\DataX\Libs\data0001.lib,1104,data\engine2d\bin\sounds\ambient\bird_wingflap05.wav,PCM,1,22050,16,0.972,"[""all trees""]","[""soundfxambient""]",[],[],Ambient,NATIVE_TABLE,Audio/ambient/bird_wingflap05.wav,b432ce6bb266b870db0569ef553bf78451b7d610f43b94666e1b2bf7c7420553,
E:\cultures\vanilla-data\DataX\Libs\data0001.lib,1105,data\engine2d\bin\sounds\humantalk\f1no04.wav,PCM,1,22050,16,0.926,"[""frank female no 01"", ""talk viking female"", ""viking female no 01""]","[""soundfxstatic""]","[""tribe1:respond"", ""tribe2:respond""]",[],Human voices,NATIVE_TABLE,Audio/humantalk/f1no04.wav,fda79964c6f274112b527b105663cc5c87ae797558370b66cb15c71d090a313d,
E:\cultures\vanilla-data\DataX\Libs\data0001.lib,1106,data\engine2d\bin\sounds\humantalk\f2no03.wav,PCM,1,22050,16,0.879,"[""talk viking female"", ""viking female no 02""]","[""soundfxstatic""]","[""tribe1:respond""]",[],Human voices,NATIVE_TABLE,Audio/humantalk/f2no03.wav,8c649c0ff8b8ac8addadf2d75a370fb70564ddf0f21d091191d42696c466f083,
E:\cultures\vanilla-data\DataX\Libs\data0001.lib,1107,data\engine2d\bin\sounds\humantalk\f3no02.wav,PCM,1,22050,16,0.879,"[""talk viking female"", ""viking female no 03""]","[""soundfxstatic""]","[""tribe1:respond""]",[],Human voices,NATIVE_TABLE,Audio/humantalk/f3no02.wav,0f6ffabd45af4d78ed43b73c2ea098caf5c69fe252dce4ab2434bbc7b1d3806b,
E:\cultures\vanilla-data\DataX\Libs\data0001.lib,1108,data\engine2d\bin\sounds\humantalk\f4no01.wav,PCM,1,22050,16,0.555,"[""talk viking female"", ""viking female no 04""]","[""soundfxstatic""]","[""tribe1:respond""]",[],Human voices,NATIVE_TABLE,Audio/humantalk/f4no01.wav,fed866e319b2421aeeb5bc0528aaceee7a732b128e031553cb1d86600c5c079f,
E:\cultures\vanilla-data\DataX\Libs\data0001.lib,1109,data\engine2d\bin\sounds\humantalk\f5ok03.wav,PCM,1,22050,16,1.018,"[""talk viking female"", ""viking female ok 05""]","[""soundfxstatic""]","[""tribe1:respond""]",[],Human voices,NATIVE_TABLE,Audio/humantalk/f5ok03.wav,153ebee9f8b47ef0b3daed2479fe09315e8ac16e007ae7adb86f7253d249bdf7,
E:\cultures\vanilla-data\DataX\Libs\data0001.lib,1110,data\engine2d\bin\sounds\humantalk\f6ok02.wav,PCM,1,22050,16,0.972,"[""talk viking female"", ""viking female ok 06""]","[""soundfxstatic""]","[""tribe1:respond""]",[],Human voices,NATIVE_TABLE,Audio/humantalk/f6ok02.wav,fd0f262256c25469f2bb0202f69fc2cbb1f6458bf2cb2839cd53f7879ea6125b,
E:\cultures\vanilla-data\DataX\Libs\data0001.lib,1111,data\engine2d\bin\sounds\humantalk\talk_f07.wav,PCM,1,22050,16,4.073,"[""socialtalk female""]","[""soundfxstatic""]",[],[],Human voices,FOLDER_ONLY,Audio/humantalk/talk_f07.wav,ab331fcb8146582bd1db4afc0100c861e459e5c4ab167774f45f129be9adfd1c,
E:\cultures\vanilla-data\DataX\Libs\data0001.lib,1112,data\engine2d\bin\sounds\humantalk\talk_f16.wav,PCM,1,22050,16,1.435,"[""socialtalk female""]","[""soundfxstatic""]",[],[],Human voices,FOLDER_ONLY,Audio/humantalk/talk_f16.wav,1bc07ae855f75012697e6e9e36046f3ccd9680703f62bcc71640bdc61a991f93,
E:\cultures\vanilla-data\DataX\Libs\data0001.lib,1113,data\engine2d\bin\sounds\humantalk\talk_f25.wav,PCM,1,22050,16,1.898,"[""socialtalk female""]","[""soundfxstatic""]",[],[],Human voices,FOLDER_ONLY,Audio/humantalk/talk_f25.wav,ca143001c4cbf534eb9d52f1efada04aaa1404078c3d3ffbbf9cfa593004cdce,
E:\cultures\vanilla-data\DataX\Libs\data0001.lib,1114,data\engine2d\bin\sounds\humantalk\talk_f34.wav,PCM,1,22050,16,1.944,"[""socialtalk female""]","[""soundfxstatic""]",[],[],Human voices,FOLDER_ONLY,Audio/humantalk/talk_f34.wav,0a9b11e685ae38ea210213a029aaf96566322b106aa4607edd1ea1a989c8ba27,
E:\cultures\vanilla-data\DataX\Libs\data0001.lib,1115,data\engine2d\bin\sounds\static\ship01.wav,PCM,1,22050,16,1.574,"[""ship group1 water""]","[""soundfxstatic""]",[],[],Ships (name-derived),NAME_DERIVED,Audio/static/ship01.wav,c817c782e0fe53d9af3bd9b0cfb0ad3d196349909f991876dcf7df6f23e18020,
E:\cultures\vanilla-data\DataX\Libs\data0001.lib,1116,data\engine2d\bin\sounds\static\ship10.wav,PCM,1,22050,16,0.324,"[""ship group4 seagulls""]","[""soundfxstatic""]",[],[],Ships (name-derived),NAME_DERIVED,Audio/static/ship10.wav,452b0d70b2150c55a789aac95e8dc488e98cdd0dbd35f7fa953e5910195331bc,
E:\cultures\vanilla-data\DataX\Libs\data0001.lib,1117,data\engine2d\bin\sounds\static\wolvegethit03.wav,PCM,1,22050,16,1.018,"[""wolve get hit""]","[""soundfxstatic""]","[""tribe6:scream""]",[],Human voices,NATIVE_TABLE,Audio/static/wolvegethit03.wav,80d3d80d6c1322f47e8b222e6fa1609321e3e23ebdfa776897237b1851d8ad93,
E:\cultures\vanilla-data\DataX\Libs\data0001.lib,1119,data\engine2d\bin\sounds\ambient\bird_wingflap06.wav,PCM,1,22050,16,0.694,"[""all trees""]","[""soundfxambient""]",[],[],Ambient,NATIVE_TABLE,Audio/ambient/bird_wingflap06.wav,d16df082d79a724e23932282a34512e5d87db42a8c682cc93dbb68d17eee73d4,
E:\cultures\vanilla-data\DataX\Libs\data0001.lib,1120,data\engine2d\bin\sounds\humantalk\f2no04.wav,PCM,1,22050,16,0.879,"[""talk viking female"", ""viking female no 02""]","[""soundfxstatic""]","[""tribe1:respond""]",[],Human voices,NATIVE_TABLE,Audio/humantalk/f2no04.wav,7e9d143dd077bf2e3fcb47eae1b1a0196aa2102afca9be8d92cc20fbec3fc5e1,
E:\cultures\vanilla-data\DataX\Libs\data0001.lib,1121,data\engine2d\bin\sounds\humantalk\f3no03.wav,PCM,1,22050,16,0.926,"[""talk viking female"", ""viking female no 03""]","[""soundfxstatic""]","[""tribe1:respond""]",[],Human voices,NATIVE_TABLE,Audio/humantalk/f3no03.wav,24783d6e34824d75169471a7d07ddd637e9921ef6e2f1be61a1ce8d135ba224d,
E:\cultures\vanilla-data\DataX\Libs\data0001.lib,1122,data\engine2d\bin\sounds\humantalk\f4no02.wav,PCM,1,22050,16,0.972,"[""talk viking female"", ""viking female no 04""]","[""soundfxstatic""]","[""tribe1:respond""]",[],Human voices,NATIVE_TABLE,Audio/humantalk/f4no02.wav,f23d2d4ad68a320476397450dbd24550edfcc7ad7d8233c4d7ee4ee47805e95b,
E:\cultures\vanilla-data\DataX\Libs\data0001.lib,1123,data\engine2d\bin\sounds\humantalk\f5no01.wav,PCM,1,22050,16,0.833,"[""talk viking female"", ""viking female no 05""]","[""soundfxstatic""]","[""tribe1:respond""]",[],Human voices,NATIVE_TABLE,Audio/humantalk/f5no01.wav,e9c5f9f18ebaa27efcef7d330ab7bc6a49455df6d87439e894f01c98fe371eec,
E:\cultures\vanilla-data\DataX\Libs\data0001.lib,1124,data\engine2d\bin\sounds\humantalk\f6ok03.wav,PCM,1,22050,16,0.926,"[""talk viking female"", ""viking female ok 06""]","[""soundfxstatic""]","[""tribe1:respond""]",[],Human voices,NATIVE_TABLE,Audio/humantalk/f6ok03.wav,0eb4902ee7579328adec6480d28a087848e7377a0b675ac38b6a918b293c518a,
E:\cultures\vanilla-data\DataX\Libs\data0001.lib,1125,data\engine2d\bin\sounds\humantalk\m1ok01.wav,PCM,1,22050,16,0.555,"[""talk viking male"", ""viking male ok 01""]","[""soundfxstatic""]","[""tribe1:respond""]",[],Human voices,NATIVE_TABLE,Audio/humantalk/m1ok01.wav,c582973c0511311c232500c47c213e5abe2a40b0bcb0a8373ca9042dba1bb8ab,
E:\cultures\vanilla-data\DataX\Libs\data0001.lib,1126,data\engine2d\bin\sounds\humantalk\talk_f08.wav,PCM,1,22050,16,6.664,"[""socialtalk female""]","[""soundfxstatic""]",[],[],Human voices,FOLDER_ONLY,Audio/humantalk/talk_f08.wav,694eb08c610da35b91b05a12ba83cc556ae5008e7d5fc39231ba3939c8071a76,
E:\cultures\vanilla-data\DataX\Libs\data0001.lib,1127,data\engine2d\bin\sounds\humantalk\talk_f17.wav,PCM,1,22050,16,1.759,"[""socialtalk female""]","[""soundfxstatic""]",[],[],Human voices,FOLDER_ONLY,Audio/humantalk/talk_f17.wav,9e8833236197084bd937ef73f01bafa0197809f8052587e2739c3b1e1d465ee1,
E:\cultures\vanilla-data\DataX\Libs\data0001.lib,1128,data\engine2d\bin\sounds\humantalk\talk_f26.wav,PCM,1,22050,16,3.008,"[""socialtalk female""]","[""soundfxstatic""]",[],[],Human voices,FOLDER_ONLY,Audio/humantalk/talk_f26.wav,bc97176c7d92cfeab2f7e3484a860e42aa524f7845ad2e8838547d6f22fc5579,
E:\cultures\vanilla-data\DataX\Libs\data0001.lib,1129,data\engine2d\bin\sounds\humantalk\talk_m01.wav,PCM,1,22050,16,3.055,"[""socialtalk male""]","[""soundfxstatic""]",[],[],Human voices,FOLDER_ONLY,Audio/humantalk/talk_m01.wav,3a797965b555e0ea7a752b227be5068d5b1d800fe300f610d65633a5f1b252c2,
E:\cultures\vanilla-data\DataX\Libs\data0001.lib,1130,data\engine2d\bin\sounds\humantalk\talk_m10.wav,PCM,1,22050,16,2.175,[],[],[],[],Human voices,UNKNOWN (no native reference),Audio/humantalk/talk_m10.wav,6821562ef1b6f932b8aeb39deeb0d167604cf7e1677d6df8025ad3180bebad89,
E:\cultures\vanilla-data\DataX\Libs\data0001.lib,1131,data\engine2d\bin\sounds\static\ship02.wav,PCM,1,22050,16,2.869,"[""ship group1 water""]","[""soundfxstatic""]",[],[],Ships (name-derived),NAME_DERIVED,Audio/static/ship02.wav,8581b2bae64ea601083aed7976a4888315b32713969dc86bf1b402806f64033f,
E:\cultures\vanilla-data\DataX\Libs\data0001.lib,1132,data\engine2d\bin\sounds\static\ship11.wav,PCM,1,22050,16,1.064,"[""ship group4 seagulls""]","[""soundfxstatic""]",[],[],Ships (name-derived),NAME_DERIVED,Audio/static/ship11.wav,7a586fedfec37f5ac8ed7c0d85bc0c8930e28e4194986c1c6c8e0eb7fe789429,
E:\cultures\vanilla-data\DataX\Libs\data0001.lib,1136,data\engine2d\bin\sounds\humantalk\f3no04.wav,PCM,1,22050,16,1.064,"[""talk viking female"", ""viking female no 03""]","[""soundfxstatic""]","[""tribe1:respond""]",[],Human voices,NATIVE_TABLE,Audio/humantalk/f3no04.wav,cdc06018f3e9b7bcf41d4b68e9a29a644d0f4c308fbceb2071a712fd00eed3d0,
E:\cultures\vanilla-data\DataX\Libs\data0001.lib,1137,data\engine2d\bin\sounds\humantalk\f4no03.wav,PCM,1,22050,16,0.972,"[""talk viking female"", ""viking female no 04""]","[""soundfxstatic""]","[""tribe1:respond""]",[],Human voices,NATIVE_TABLE,Audio/humantalk/f4no03.wav,6f555d7c429327ffd3facc4cf20d94b9c7e15715bbbac7d980a4b455f53969cd,
E:\cultures\vanilla-data\DataX\Libs\data0001.lib,1138,data\engine2d\bin\sounds\humantalk\f5no02.wav,PCM,1,22050,16,0.972,"[""talk viking female"", ""viking female no 05""]","[""soundfxstatic""]","[""tribe1:respond""]",[],Human voices,NATIVE_TABLE,Audio/humantalk/f5no02.wav,45ed41b63af339eff04f8e496341d15c72f6d7e97c8d25356d0c640da696cf40,
E:\cultures\vanilla-data\DataX\Libs\data0001.lib,1139,data\engine2d\bin\sounds\humantalk\f6no01.wav,PCM,1,22050,16,0.787,"[""talk viking female"", ""viking female no 06""]","[""soundfxstatic""]","[""tribe1:respond""]",[],Human voices,NATIVE_TABLE,Audio/humantalk/f6no01.wav,2ead03c1bd2cfe74bfa09a125dcf80c6edfe0300dc92ceca5db13749181d5297,
E:\cultures\vanilla-data\DataX\Libs\data0001.lib,1140,data\engine2d\bin\sounds\humantalk\m1ok02.wav,PCM,1,22050,16,0.37,"[""talk viking male"", ""viking male ok 01""]","[""soundfxstatic""]","[""tribe1:respond""]",[],Human voices,NATIVE_TABLE,Audio/humantalk/m1ok02.wav,62dfb693b784370659df9174aebf7e856c9d6b35c39475360bc8de717d2f8f21,
E:\cultures\vanilla-data\DataX\Libs\data0001.lib,1141,data\engine2d\bin\sounds\humantalk\m2ok01.wav,PCM,1,22050,16,0.463,"[""talk viking male"", ""viking male ok 02""]","[""soundfxstatic""]","[""tribe1:respond""]",[],Human voices,NATIVE_TABLE,Audio/humantalk/m2ok01.wav,5404502a6dfc19a336c2f9452df6b3c1a3acebe59dd5e034f620c25a980b8c02,
E:\cultures\vanilla-data\DataX\Libs\data0001.lib,1142,data\engine2d\bin\sounds\humantalk\talk_f09.wav,PCM,1,22050,16,3.564,"[""socialtalk female""]","[""soundfxstatic""]",[],[],Human voices,FOLDER_ONLY,Audio/humantalk/talk_f09.wav,e6d8876e4a601185f8f158df880c2697bca0f5f38e00528c956b9afdc539f98a,
E:\cultures\vanilla-data\DataX\Libs\data0001.lib,1143,data\engine2d\bin\sounds\humantalk\talk_f18.wav,PCM,1,22050,16,1.851,"[""socialtalk female""]","[""soundfxstatic""]",[],[],Human voices,FOLDER_ONLY,Audio/humantalk/talk_f18.wav,47e853640fb94da2dd4b14f297140f38c8b3e67626c803f16fd61445647ea24d,
E:\cultures\vanilla-data\DataX\Libs\data0001.lib,1144,data\engine2d\bin\sounds\humantalk\talk_f27.wav,PCM,1,22050,16,3.193,"[""socialtalk female""]","[""soundfxstatic""]",[],[],Human voices,FOLDER_ONLY,Audio/humantalk/talk_f27.wav,da76288eddf53b450415b8ce57febcff31bd062820f44e0f8217eebc1888fd15,
E:\cultures\vanilla-data\DataX\Libs\data0001.lib,1145,data\engine2d\bin\sounds\humantalk\talk_m02.wav,PCM,1,22050,16,2.221,"[""socialtalk male""]","[""soundfxstatic""]",[],[],Human voices,FOLDER_ONLY,Audio/humantalk/talk_m02.wav,3838efb1644033767f78d9e2ea308c3b2e932e9ccdff51f3dd1b5f3690c2e587,
E:\cultures\vanilla-data\DataX\Libs\data0001.lib,1146,data\engine2d\bin\sounds\humantalk\talk_m11.wav,PCM,1,22050,16,2.407,"[""socialtalk male""]","[""soundfxstatic""]",[],[],Human voices,FOLDER_ONLY,Audio/humantalk/talk_m11.wav,5a9019e7d7f4c061711ce38e203929578e4a4e941779897677a213caa28f41b7,
E:\cultures\vanilla-data\DataX\Libs\data0001.lib,1147,data\engine2d\bin\sounds\humantalk\talk_m20.wav,PCM,1,22050,16,3.379,"[""socialtalk male""]","[""soundfxstatic""]",[],[],Human voices,FOLDER_ONLY,Audio/humantalk/talk_m20.wav,e1ba3dea438cc9aa6e6fb8c798810d4ea0cb5651cc828db673291d101122ed05,
E:\cultures\vanilla-data\DataX\Libs\data0001.lib,1148,data\engine2d\bin\sounds\static\ship03.wav,PCM,1,22050,16,2.731,"[""ship group1 water""]","[""soundfxstatic""]",[],[],Ships (name-derived),NAME_DERIVED,Audio/static/ship03.wav,a62408ad04a74b7f2824a9bf219c1acf08fff377a7f055df4bdf0589d1eb62fd,
E:\cultures\vanilla-data\DataX\Libs\data0001.lib,1149,data\engine2d\bin\sounds\static\ship12.wav,PCM,1,22050,16,0.648,"[""ship group4 seagulls""]","[""soundfxstatic""]",[],[],Ships (name-derived),NAME_DERIVED,Audio/static/ship12.wav,79f42234072ca1bb173fdf85849a0f48a182437a63d056eac296ed8ff31944cd,
E:\cultures\vanilla-data\DataX\Libs\data0001.lib,1154,data\engine2d\bin\sounds\humantalk\f4no04.wav,PCM,1,22050,16,0.833,"[""talk viking female"", ""viking female no 04""]","[""soundfxstatic""]","[""tribe1:respond""]",[],Human voices,NATIVE_TABLE,Audio/humantalk/f4no04.wav,9a982c08c88ff826bf8a918ffa21f122ae8d0f4905987ed01134ea2f5a5cbec2,
E:\cultures\vanilla-data\DataX\Libs\data0001.lib,1155,data\engine2d\bin\sounds\humantalk\f5no03.wav,PCM,1,22050,16,0.972,"[""talk viking female"", ""viking female no 05""]","[""soundfxstatic""]","[""tribe1:respond""]",[],Human voices,NATIVE_TABLE,Audio/humantalk/f5no03.wav,53b26fb219f23fa2582721eaf8f8aeee50dfc0925d7a05a9830645f7b0c9df1c,
E:\cultures\vanilla-data\DataX\Libs\data0001.lib,1156,data\engine2d\bin\sounds\humantalk\f6no02.wav,PCM,1,22050,16,0.972,"[""talk viking female"", ""viking female no 06""]","[""soundfxstatic""]","[""tribe1:respond""]",[],Human voices,NATIVE_TABLE,Audio/humantalk/f6no02.wav,de408e373d1c087642ec58f493756ff38d2478bcd322c3a7eb83430bea3564b0,
E:\cultures\vanilla-data\DataX\Libs\data0001.lib,1157,data\engine2d\bin\sounds\humantalk\m1ok03.wav,PCM,1,22050,16,0.37,"[""talk viking male"", ""viking male ok 01""]","[""soundfxstatic""]","[""tribe1:respond""]",[],Human voices,NATIVE_TABLE,Audio/humantalk/m1ok03.wav,57eb019ed75a7271ee332402469b8494319255509a8a8b7275efbdcb88a67da3,
E:\cultures\vanilla-data\DataX\Libs\data0001.lib,1158,data\engine2d\bin\sounds\humantalk\m2ok02.wav,PCM,1,22050,16,0.787,"[""talk viking male"", ""viking male ok 02""]","[""soundfxstatic""]","[""tribe1:respond""]",[],Human voices,NATIVE_TABLE,Audio/humantalk/m2ok02.wav,73ba0980c94aba5216362d22773d0f29a01e357423f398d20e622fdb6914972a,
E:\cultures\vanilla-data\DataX\Libs\data0001.lib,1159,data\engine2d\bin\sounds\humantalk\m3ok01.wav,PCM,1,22050,16,0.833,"[""talk viking male"", ""viking male ok 03""]","[""soundfxstatic""]","[""tribe1:respond""]",[],Human voices,NATIVE_TABLE,Audio/humantalk/m3ok01.wav,f761ff0284ec9e700f5eb264862f3b7d27d7cab76b59b2ee64022429958845ad,
E:\cultures\vanilla-data\DataX\Libs\data0001.lib,1160,data\engine2d\bin\sounds\humantalk\talk_f19.wav,PCM,1,22050,16,1.527,"[""socialtalk female""]","[""soundfxstatic""]",[],[],Human voices,FOLDER_ONLY,Audio/humantalk/talk_f19.wav,827934c3091c2b1db700282a4b21ff29ac8bddf6adbf71c5bfa0a8eb9a515dc0,
E:\cultures\vanilla-data\DataX\Libs\data0001.lib,1161,data\engine2d\bin\sounds\humantalk\talk_f28.wav,PCM,1,22050,16,1.481,"[""socialtalk female""]","[""soundfxstatic""]",[],[],Human voices,FOLDER_ONLY,Audio/humantalk/talk_f28.wav,f619588d8e5972fea7b73267a46421c3b76a3047524f8eec4d79300b341e73d1,
E:\cultures\vanilla-data\DataX\Libs\data0001.lib,1162,data\engine2d\bin\sounds\humantalk\talk_m03.wav,PCM,1,22050,16,4.443,"[""socialtalk male""]","[""soundfxstatic""]",[],[],Human voices,FOLDER_ONLY,Audio/humantalk/talk_m03.wav,7f56d18057b32298b493000380341d8f7531940193ec17008f0584a018cfe17e,
E:\cultures\vanilla-data\DataX\Libs\data0001.lib,1163,data\engine2d\bin\sounds\humantalk\talk_m12.wav,PCM,1,22050,16,3.008,"[""socialtalk male""]","[""soundfxstatic""]",[],[],Human voices,FOLDER_ONLY,Audio/humantalk/talk_m12.wav,511a874a2a3b5df3a3c66c8c4f56ae1ac51faf5f1c0802333243b38946d5e536,
E:\cultures\vanilla-data\DataX\Libs\data0001.lib,1164,data\engine2d\bin\sounds\humantalk\talk_m21.wav,PCM,1,22050,16,7.174,"[""socialtalk male""]","[""soundfxstatic""]",[],[],Human voices,FOLDER_ONLY,Audio/humantalk/talk_m21.wav,9e49856f9768d9cc040e3d35800394779dcc6e088e85740c4f7964a33fe84b28,
E:\cultures\vanilla-data\DataX\Libs\data0001.lib,1165,data\engine2d\bin\sounds\static\horn01.wav,PCM,1,22050,16,1.666,"[""magic horn""]","[""soundfxstatic""]",[],[],Production/actions (folder static),FOLDER_ONLY,Audio/static/horn01.wav,cfacfae8052d57db29c38d1d1c285d4d04657964ea923ffb2c8197cd91ff586b,
E:\cultures\vanilla-data\DataX\Libs\data0001.lib,1166,data\engine2d\bin\sounds\static\ship04.wav,PCM,1,22050,16,2.314,"[""ship group2 creak""]","[""soundfxstatic""]",[],[],Ships (name-derived),NAME_DERIVED,Audio/static/ship04.wav,f526419aa88c6429ca05b5850106e726fd76c457c47b6edeea2b9464ce24c28b,
E:\cultures\vanilla-data\DataX\Libs\data0001.lib,1169,data\engine2d\bin\sounds\humantalk\f5no04.wav,PCM,1,22050,16,0.926,"[""talk viking female"", ""viking female no 05""]","[""soundfxstatic""]","[""tribe1:respond""]",[],Human voices,NATIVE_TABLE,Audio/humantalk/f5no04.wav,b455035be845b5106e537c261a255c247d0b09149cca7caa5f364f7249ad3255,
E:\cultures\vanilla-data\DataX\Libs\data0001.lib,1170,data\engine2d\bin\sounds\humantalk\f6no03.wav,PCM,1,22050,16,0.833,"[""talk viking female"", ""viking female no 06""]","[""soundfxstatic""]","[""tribe1:respond""]",[],Human voices,NATIVE_TABLE,Audio/humantalk/f6no03.wav,8ecad6ea4cb7c4254871e0c0d3ce8954c492b76a15d9e2d282f8709bec464856,
E:\cultures\vanilla-data\DataX\Libs\data0001.lib,1171,data\engine2d\bin\sounds\humantalk\m1no01.wav,PCM,1,22050,16,0.463,"[""talk viking male"", ""viking male no 01""]","[""soundfxstatic""]","[""tribe1:respond""]",[],Human voices,NATIVE_TABLE,Audio/humantalk/m1no01.wav,c55805ec8ed7c26d10835b6323543c819ea6ca17c8e9966af96fcd8f0e845e01,
E:\cultures\vanilla-data\DataX\Libs\data0001.lib,1172,data\engine2d\bin\sounds\humantalk\m1ok04.wav,PCM,1,22050,16,0.417,"[""talk viking male"", ""viking male ok 01""]","[""soundfxstatic""]","[""tribe1:respond""]",[],Human voices,NATIVE_TABLE,Audio/humantalk/m1ok04.wav,ea194bae76c64bd451a2977ea91b76a412dca2a792855605a54c4bbe519c0ac4,
E:\cultures\vanilla-data\DataX\Libs\data0001.lib,1173,data\engine2d\bin\sounds\humantalk\m2ok03.wav,PCM,1,22050,16,0.602,"[""talk viking male"", ""viking male ok 02""]","[""soundfxstatic""]","[""tribe1:respond""]",[],Human voices,NATIVE_TABLE,Audio/humantalk/m2ok03.wav,2b977b70fee88324a1d5b731369c0626cd0ecefa6c411d312c7634e9532750ac,
E:\cultures\vanilla-data\DataX\Libs\data0001.lib,1174,data\engine2d\bin\sounds\humantalk\m3ok02.wav,PCM,1,22050,16,0.972,"[""talk viking male"", ""viking male ok 03""]","[""soundfxstatic""]","[""tribe1:respond""]",[],Human voices,NATIVE_TABLE,Audio/humantalk/m3ok02.wav,040f70b8a3aaab6c3e3b941782df8dbf587357c4a1cb250f3c2cf0265ac73fa2,
E:\cultures\vanilla-data\DataX\Libs\data0001.lib,1175,data\engine2d\bin\sounds\humantalk\m4ok01.wav,PCM,1,22050,16,1.25,"[""talk viking male"", ""viking male ok 04""]","[""soundfxstatic""]","[""tribe1:respond""]",[],Human voices,NATIVE_TABLE,Audio/humantalk/m4ok01.wav,70a9374adc5a591ad99ec3da785f6ff31f8fad9acc6639d0792f77cdd2919cc5,
E:\cultures\vanilla-data\DataX\Libs\data0001.lib,1176,data\engine2d\bin\sounds\humantalk\talk_f29.wav,PCM,1,22050,16,3.749,"[""socialtalk female""]","[""soundfxstatic""]",[],[],Human voices,FOLDER_ONLY,Audio/humantalk/talk_f29.wav,9f0c11f8ab8fe37ab800e5aabda31f39705cff740c009c5343bd12d34fb17dfc,
E:\cultures\vanilla-data\DataX\Libs\data0001.lib,1177,data\engine2d\bin\sounds\humantalk\talk_m04.wav,PCM,1,22050,16,2.731,"[""socialtalk male""]","[""soundfxstatic""]",[],[],Human voices,FOLDER_ONLY,Audio/humantalk/talk_m04.wav,cb459e8acb78eeb38ee5af5f522b7adfea12831d13fbf743a4a57d588e18c1f0,
E:\cultures\vanilla-data\DataX\Libs\data0001.lib,1178,data\engine2d\bin\sounds\humantalk\talk_m13.wav,PCM,1,22050,16,2.869,"[""socialtalk male""]","[""soundfxstatic""]",[],[],Human voices,FOLDER_ONLY,Audio/humantalk/talk_m13.wav,4c6a71466d43b7c23d880df814be65c15a67547c1223cc8a1451455b94861660,
E:\cultures\vanilla-data\DataX\Libs\data0001.lib,1179,data\engine2d\bin\sounds\humantalk\talk_m22.wav,PCM,1,22050,16,8.608,"[""socialtalk male""]","[""soundfxstatic""]",[],[],Human voices,FOLDER_ONLY,Audio/humantalk/talk_m22.wav,a46400c33155afa3ab47248a9d9b063e5ac6a95eae5b66dfedd37916897bb01b,
E:\cultures\vanilla-data\DataX\Libs\data0001.lib,1180,data\engine2d\bin\sounds\static\ship05.wav,PCM,1,22050,16,2.777,"[""ship group2 creak""]","[""soundfxstatic""]",[],[],Ships (name-derived),NAME_DERIVED,Audio/static/ship05.wav,6f909a19c9a14c67e7b9dd49055ddd81b503118d7bd1fdc84e875a8151a9b3ca,
E:\cultures\vanilla-data\DataX\Libs\data0001.lib,1184,data\engine2d\bin\sounds\humantalk\f6no04.wav,PCM,1,22050,16,0.879,"[""talk viking female"", ""viking female no 06""]","[""soundfxstatic""]","[""tribe1:respond""]",[],Human voices,NATIVE_TABLE,Audio/humantalk/f6no04.wav,083d7579b2d1109e3fb4bbc03fce06f2bfeb6114ba1db57590d354b6348b348e,
E:\cultures\vanilla-data\DataX\Libs\data0001.lib,1185,data\engine2d\bin\sounds\humantalk\m1no02.wav,PCM,1,22050,16,0.463,"[""talk viking male"", ""viking male no 01""]","[""soundfxstatic""]","[""tribe1:respond""]",[],Human voices,NATIVE_TABLE,Audio/humantalk/m1no02.wav,c45364dc5134c67e5656418546f0d356c326edc7c644d439baffc09bc5794c0d,
E:\cultures\vanilla-data\DataX\Libs\data0001.lib,1186,data\engine2d\bin\sounds\humantalk\m1ok05.wav,PCM,1,22050,16,0.463,"[""talk viking male"", ""viking male ok 01""]","[""soundfxstatic""]","[""tribe1:respond""]",[],Human voices,NATIVE_TABLE,Audio/humantalk/m1ok05.wav,05ea9fd39ee0bb27372cf738e443c79f94b0e223dacd0a351d80990f1959d5e8,
E:\cultures\vanilla-data\DataX\Libs\data0001.lib,1187,data\engine2d\bin\sounds\humantalk\m2no01.wav,PCM,1,22050,16,0.324,"[""talk viking male"", ""viking male no 02""]","[""soundfxstatic""]","[""tribe1:respond""]",[],Human voices,NATIVE_TABLE,Audio/humantalk/m2no01.wav,25e1559a5cdb6469968d65e8a97dfd20fa65556c170aa4eda2046ff4b1a89781,
E:\cultures\vanilla-data\DataX\Libs\data0001.lib,1188,data\engine2d\bin\sounds\humantalk\m2ok04.wav,PCM,1,22050,16,1.111,"[""talk viking male"", ""viking male ok 02""]","[""soundfxstatic""]","[""tribe1:respond""]",[],Human voices,NATIVE_TABLE,Audio/humantalk/m2ok04.wav,35959ce10b40293bc7e919d85c9958e3f6538a9d5968d1427e59889cca26dab5,
E:\cultures\vanilla-data\DataX\Libs\data0001.lib,1189,data\engine2d\bin\sounds\humantalk\m3ok03.wav,PCM,1,22050,16,1.111,"[""talk viking male"", ""viking male ok 03""]","[""soundfxstatic""]","[""tribe1:respond""]",[],Human voices,NATIVE_TABLE,Audio/humantalk/m3ok03.wav,75d4aa8eeb4b7ab904358c5c5bcb88fa22776e841e83bd0e6b6452d26a54bfd4,
E:\cultures\vanilla-data\DataX\Libs\data0001.lib,1190,data\engine2d\bin\sounds\humantalk\m4ok02.wav,PCM,1,22050,16,0.37,"[""talk viking male"", ""viking male ok 04""]","[""soundfxstatic""]","[""tribe1:respond""]",[],Human voices,NATIVE_TABLE,Audio/humantalk/m4ok02.wav,ff67f39079748dfaa3ac0f8d3e0aa3205b3c5ae9ea187d5f7a3c0838e1212f74,
E:\cultures\vanilla-data\DataX\Libs\data0001.lib,1191,data\engine2d\bin\sounds\humantalk\m5ok01.wav,PCM,1,22050,16,0.833,"[""talk viking male"", ""viking male ok 05""]","[""soundfxstatic""]","[""tribe1:respond""]",[],Human voices,NATIVE_TABLE,Audio/humantalk/m5ok01.wav,b86dd5d41713f6b37d23e17dbc36dda8e3d8e30307cf294b298fa891ce83d355,
E:\cultures\vanilla-data\DataX\Libs\data0001.lib,1192,data\engine2d\bin\sounds\humantalk\talk_m05.wav,PCM,1,22050,16,1.157,"[""socialtalk male""]","[""soundfxstatic""]",[],[],Human voices,FOLDER_ONLY,Audio/humantalk/talk_m05.wav,9aaadfddbd31e66c48324b95169bb8c361c43c3ec0273010d98c17d548839c9e,
E:\cultures\vanilla-data\DataX\Libs\data0001.lib,1193,data\engine2d\bin\sounds\humantalk\talk_m14.wav,PCM,1,22050,16,3.61,"[""socialtalk male""]","[""soundfxstatic""]",[],[],Human voices,FOLDER_ONLY,Audio/humantalk/talk_m14.wav,78e310485b950d6aeb37db2dd07cd20fbbba156253dafcfd995afebccb89369b,
E:\cultures\vanilla-data\DataX\Libs\data0001.lib,1194,data\engine2d\bin\sounds\static\ship06.wav,PCM,1,22050,16,4.35,"[""ship group2 creak""]","[""soundfxstatic""]",[],[],Ships (name-derived),NAME_DERIVED,Audio/static/ship06.wav,7680eb7594f64984993421592747cc3af86f2c6a3b35c4b5936c4dc4b970da3b,
E:\cultures\vanilla-data\DataX\Libs\data0001.lib,1197,data\engine2d\bin\sounds\humantalk\m1no03.wav,PCM,1,22050,16,0.972,"[""talk viking male"", ""viking male no 01""]","[""soundfxstatic""]","[""tribe1:respond""]",[],Human voices,NATIVE_TABLE,Audio/humantalk/m1no03.wav,1ac8476233a0e0a3fb48740248cfc59b12f573239502c6ba9d9f23e40777e338,
E:\cultures\vanilla-data\DataX\Libs\data0001.lib,1198,data\engine2d\bin\sounds\humantalk\m2no02.wav,PCM,1,22050,16,0.879,"[""talk viking male"", ""viking male no 02""]","[""soundfxstatic""]","[""tribe1:respond""]",[],Human voices,NATIVE_TABLE,Audio/humantalk/m2no02.wav,5b31c98892bc05cfa8ca3e6561955eb0c73e2071bc24dba5ddc049e3d0a971bb,
E:\cultures\vanilla-data\DataX\Libs\data0001.lib,1199,data\engine2d\bin\sounds\humantalk\m2ok05.wav,PCM,1,22050,16,0.972,"[""talk viking male"", ""viking male ok 02""]","[""soundfxstatic""]","[""tribe1:respond""]",[],Human voices,NATIVE_TABLE,Audio/humantalk/m2ok05.wav,e00859e3cf64f32dd877c7d20fb84e448c16af90fa738ba5eda2bbd72e1e56c4,
E:\cultures\vanilla-data\DataX\Libs\data0001.lib,1200,data\engine2d\bin\sounds\humantalk\m3no01.wav,PCM,1,22050,16,0.972,"[""talk viking male"", ""viking male no 03""]","[""soundfxstatic""]","[""tribe1:respond""]",[],Human voices,NATIVE_TABLE,Audio/humantalk/m3no01.wav,8cfc3d6d74e746d58523fbaef82cfdcbc407e493f92acc634c6d4bf05594f201,
E:\cultures\vanilla-data\DataX\Libs\data0001.lib,1201,data\engine2d\bin\sounds\humantalk\m3ok04.wav,PCM,1,22050,16,0.463,"[""talk viking male"", ""viking male ok 03""]","[""soundfxstatic""]","[""tribe1:respond""]",[],Human voices,NATIVE_TABLE,Audio/humantalk/m3ok04.wav,50d0cab31c0636a66c41f42f7c6d32a26bf793ffb6eceeac67d19c0ffb77d9c8,
E:\cultures\vanilla-data\DataX\Libs\data0001.lib,1202,data\engine2d\bin\sounds\humantalk\m4ok03.wav,PCM,1,22050,16,0.926,"[""talk viking male"", ""viking male ok 04""]","[""soundfxstatic""]","[""tribe1:respond""]",[],Human voices,NATIVE_TABLE,Audio/humantalk/m4ok03.wav,e3059d19760f2709feaf561102cef6da768a046d949837a490d987af94cd7208,
E:\cultures\vanilla-data\DataX\Libs\data0001.lib,1203,data\engine2d\bin\sounds\humantalk\m5ok02.wav,PCM,1,22050,16,0.463,"[""talk viking male"", ""viking male ok 05""]","[""soundfxstatic""]","[""tribe1:respond""]",[],Human voices,NATIVE_TABLE,Audio/humantalk/m5ok02.wav,dd6db96853dbae99bacd75ca66f9925e071ee1fedf9b02e754e9a1905bba8ab5,
E:\cultures\vanilla-data\DataX\Libs\data0001.lib,1204,data\engine2d\bin\sounds\humantalk\m6ok01.wav,PCM,1,22050,16,0.463,"[""talk viking male"", ""viking male ok 06""]","[""soundfxstatic""]","[""tribe1:respond""]",[],Human voices,NATIVE_TABLE,Audio/humantalk/m6ok01.wav,d25e2a64b0339e3f0047fdbab17bcabe11f8e657b62ff05b25e04ad37187ac4b,
E:\cultures\vanilla-data\DataX\Libs\data0001.lib,1205,data\engine2d\bin\sounds\humantalk\talk_m06.wav,PCM,1,22050,16,9.025,"[""socialtalk male""]","[""soundfxstatic""]",[],[],Human voices,FOLDER_ONLY,Audio/humantalk/talk_m06.wav,1437ca09b1cedbe0d6a17afb088ed18828154298502136f39a5cc252968de8a3,
E:\cultures\vanilla-data\DataX\Libs\data0001.lib,1206,data\engine2d\bin\sounds\humantalk\talk_m15.wav,PCM,1,22050,16,4.489,"[""socialtalk male""]","[""soundfxstatic""]",[],[],Human voices,FOLDER_ONLY,Audio/humantalk/talk_m15.wav,1ad6dd6c9abf879353e03a4aa6ca0eb2ead6ecacf1da707fe581f1b5d6ac89cf,
E:\cultures\vanilla-data\DataX\Libs\data0001.lib,1207,data\engine2d\bin\sounds\static\kiss01.wav,PCM,1,22050,16,0.093,"[""kiss (rated pg-13)""]","[""soundfxstatic""]",[],[],Production/actions (folder static),FOLDER_ONLY,Audio/static/kiss01.wav,8b28d3c9cc1077ef21dbe10e0e4a7aaa4178e5b0f0b47c4723afb08c5375c5b1,
E:\cultures\vanilla-data\DataX\Libs\data0001.lib,1208,data\engine2d\bin\sounds\static\ship07.wav,PCM,1,22050,16,3.147,"[""ship group3 sails bell""]","[""soundfxstatic""]",[],[],Ships (name-derived),NAME_DERIVED,Audio/static/ship07.wav,cc9cb9a37461ed56cd91e467b4c9aa5532b856a49081ec4d027243a6025dc135,
E:\cultures\vanilla-data\DataX\Libs\data0001.lib,1209,data\engine2d\bin\sounds\static\short_arrow01.wav,PCM,1,22050,16,0.093,"[""weapon bow short arrow""]","[""soundfxstatic""]",[],[],Combat (name-derived),NAME_DERIVED,Audio/static/short_arrow01.wav,a49238284e20aaef70f708d2aeb0f21fac374fc7b7e6675eaecab205b377be75,
E:\cultures\vanilla-data\DataX\Libs\data0001.lib,1214,data\engine2d\bin\sounds\ambient\forest1.wav,PCM,1,22050,16,13.884,[],[],[],[],Ambient,UNKNOWN (no native reference),Audio/ambient/forest1.wav,1e2e59d07ae7cb4bd8902117e8c4def74bb6731ea6bbb50fa52a6ce87fbf22f0,
E:\cultures\vanilla-data\DataX\Libs\data0001.lib,1215,data\engine2d\bin\sounds\humantalk\m1no04.wav,PCM,1,22050,16,0.926,"[""talk viking male"", ""viking male no 01""]","[""soundfxstatic""]","[""tribe1:respond""]",[],Human voices,NATIVE_TABLE,Audio/humantalk/m1no04.wav,c15cc77a3f278566aca81c029bf5c703f3418858ff9f6201d1a94d77f2e6de08,
E:\cultures\vanilla-data\DataX\Libs\data0001.lib,1216,data\engine2d\bin\sounds\humantalk\m2no03.wav,PCM,1,22050,16,0.417,"[""talk viking male"", ""viking male no 02""]","[""soundfxstatic""]","[""tribe1:respond""]",[],Human voices,NATIVE_TABLE,Audio/humantalk/m2no03.wav,43b729fe840cac3fb2865c2cf2476f5e2404f4d1a2bbcd2f3c50b2a5aa3213cd,
E:\cultures\vanilla-data\DataX\Libs\data0001.lib,1217,data\engine2d\bin\sounds\humantalk\m2ok06.wav,PCM,1,22050,16,0.417,"[""talk viking male"", ""viking male ok 02""]","[""soundfxstatic""]","[""tribe1:respond""]",[],Human voices,NATIVE_TABLE,Audio/humantalk/m2ok06.wav,c10f763e8a0150bf2ec73d945a605a4013a383d2e930d351adb67372ab64137f,
E:\cultures\vanilla-data\DataX\Libs\data0001.lib,1218,data\engine2d\bin\sounds\humantalk\m3no02.wav,PCM,1,22050,16,0.463,"[""talk viking male"", ""viking male no 03""]","[""soundfxstatic""]","[""tribe1:respond""]",[],Human voices,NATIVE_TABLE,Audio/humantalk/m3no02.wav,cb49d5037a99d7e2dae53c4fb9be15204382cfc30463f597f64b73a4f3e39463,
E:\cultures\vanilla-data\DataX\Libs\data0001.lib,1219,data\engine2d\bin\sounds\humantalk\m3ok05.wav,PCM,1,22050,16,0.37,"[""talk viking male"", ""viking male ok 03""]","[""soundfxstatic""]","[""tribe1:respond""]",[],Human voices,NATIVE_TABLE,Audio/humantalk/m3ok05.wav,d6a852df732a38f60f5269155305fa8852d513926ffdd71b29d14307513adc88,
E:\cultures\vanilla-data\DataX\Libs\data0001.lib,1220,data\engine2d\bin\sounds\humantalk\m4no01.wav,PCM,1,22050,16,0.555,"[""talk viking male"", ""viking male no 04""]","[""soundfxstatic""]","[""tribe1:respond""]",[],Human voices,NATIVE_TABLE,Audio/humantalk/m4no01.wav,5364e64232b8cd3897e3e0b1a7da4241432b7b5f13943f415c88dd25b7a4bca6,
E:\cultures\vanilla-data\DataX\Libs\data0001.lib,1221,data\engine2d\bin\sounds\humantalk\m4ok04.wav,PCM,1,22050,16,1.111,"[""talk viking male"", ""viking male ok 04""]","[""soundfxstatic""]","[""tribe1:respond""]",[],Human voices,NATIVE_TABLE,Audio/humantalk/m4ok04.wav,0efd31253a506499bf62dc70f2319ecdab92b94d3e7562d7d201ed9901ffc1ac,
E:\cultures\vanilla-data\DataX\Libs\data0001.lib,1222,data\engine2d\bin\sounds\humantalk\m5ok03.wav,PCM,1,22050,16,0.463,"[""talk viking male"", ""viking male ok 05""]","[""soundfxstatic""]","[""tribe1:respond""]",[],Human voices,NATIVE_TABLE,Audio/humantalk/m5ok03.wav,2eb46be1b1837f89c4c6e2d6f34ee074844c8b2efe7645a84389267eaaa64baf,
E:\cultures\vanilla-data\DataX\Libs\data0001.lib,1223,data\engine2d\bin\sounds\humantalk\m6ok02.wav,PCM,1,22050,16,0.648,"[""talk viking male"", ""viking male ok 06""]","[""soundfxstatic""]","[""tribe1:respond""]",[],Human voices,NATIVE_TABLE,Audio/humantalk/m6ok02.wav,653e1a68911f7f782a0437f39806999421f67da61ddb474a2acaf4f2fae16f2d,
E:\cultures\vanilla-data\DataX\Libs\data0001.lib,1224,data\engine2d\bin\sounds\humantalk\m7ok01.wav,PCM,1,22050,16,0.648,"[""talk viking male"", ""viking male ok 07""]","[""soundfxstatic""]","[""tribe1:respond""]",[],Human voices,NATIVE_TABLE,Audio/humantalk/m7ok01.wav,992a351f52a12c1c99079dd70fd5b77650858bbc341ed039acf884984e71f4f1,
E:\cultures\vanilla-data\DataX\Libs\data0001.lib,1225,data\engine2d\bin\sounds\humantalk\talk_m07.wav,PCM,1,22050,16,3.379,"[""socialtalk male""]","[""soundfxstatic""]",[],[],Human voices,FOLDER_ONLY,Audio/humantalk/talk_m07.wav,9d88093b02d31b63df4fa833063cea6dccb151a6b2644e4af62c41738b39d85f,
E:\cultures\vanilla-data\DataX\Libs\data0001.lib,1226,data\engine2d\bin\sounds\humantalk\talk_m16.wav,PCM,1,22050,16,3.841,"[""socialtalk male""]","[""soundfxstatic""]",[],[],Human voices,FOLDER_ONLY,Audio/humantalk/talk_m16.wav,aef71f46ecb67884a9b3dcd1b010289639f2f9ee2f8075963b2922c5b3eff2d2,
E:\cultures\vanilla-data\DataX\Libs\data0001.lib,1227,data\engine2d\bin\sounds\static\kiss02.wav,PCM,1,22050,16,0.046,"[""kiss (rated pg-13)""]","[""soundfxstatic""]",[],[],Production/actions (folder static),FOLDER_ONLY,Audio/static/kiss02.wav,cebb06be94201861c81ba5d730e395789e15fda7573247d0961a67806c9bae64,
E:\cultures\vanilla-data\DataX\Libs\data0001.lib,1228,data\engine2d\bin\sounds\static\ship08.wav,PCM,1,22050,16,2.684,"[""ship group3 sails bell""]","[""soundfxstatic""]",[],[],Ships (name-derived),NAME_DERIVED,Audio/static/ship08.wav,397fedd5ea2cb705f9a75817a81577381f4958e7df885c5e4b9467af6d21d8a0,
E:\cultures\vanilla-data\DataX\Libs\data0001.lib,1233,data\engine2d\bin\sounds\ambient\forest2.wav,PCM,1,22050,16,14.208,"[""forest""]","[""soundfxambient""]",[],[],Ambient,NATIVE_TABLE,Audio/ambient/forest2.wav,0cb76fe910fdd46d6042a3ac633e342930b0c1774bff17e4cdc03e62f585ef13,
E:\cultures\vanilla-data\DataX\Libs\data0001.lib,1234,data\engine2d\bin\sounds\humantalk\m1no05.wav,PCM,1,22050,16,0.602,"[""talk viking male"", ""viking male no 01""]","[""soundfxstatic""]","[""tribe1:respond""]",[],Human voices,NATIVE_TABLE,Audio/humantalk/m1no05.wav,279bb43a145e7aeb54d0118f8390d5fe78638d3fda285f2f1842cfec19759efe,
E:\cultures\vanilla-data\DataX\Libs\data0001.lib,1235,data\engine2d\bin\sounds\humantalk\m2no04.wav,PCM,1,22050,16,0.879,"[""talk viking male"", ""viking male no 02""]","[""soundfxstatic""]","[""tribe1:respond""]",[],Human voices,NATIVE_TABLE,Audio/humantalk/m2no04.wav,fc9b2e3be918a50a6b8103002db79d1fcdb87d7ebe728769131802a7e91e192b,
E:\cultures\vanilla-data\DataX\Libs\data0001.lib,1236,data\engine2d\bin\sounds\humantalk\m2ok07.wav,PCM,1,22050,16,0.37,"[""talk viking male"", ""viking male ok 02""]","[""soundfxstatic""]","[""tribe1:respond""]",[],Human voices,NATIVE_TABLE,Audio/humantalk/m2ok07.wav,2a942c2866c7169015a3349642de76381c065670f18f4892d089467f26b3a563,
E:\cultures\vanilla-data\DataX\Libs\data0001.lib,1237,data\engine2d\bin\sounds\humantalk\m3no03.wav,PCM,1,22050,16,0.417,"[""talk viking male"", ""viking male no 03""]","[""soundfxstatic""]","[""tribe1:respond""]",[],Human voices,NATIVE_TABLE,Audio/humantalk/m3no03.wav,81986eaf35feec98903d4aff0bf4b23f7ccfe8fc39edcaa8356ab01babd0858b,
E:\cultures\vanilla-data\DataX\Libs\data0001.lib,1238,data\engine2d\bin\sounds\humantalk\m4no02.wav,PCM,1,22050,16,1.203,"[""talk viking male"", ""viking male no 04""]","[""soundfxstatic""]","[""tribe1:respond""]",[],Human voices,NATIVE_TABLE,Audio/humantalk/m4no02.wav,02255bc3197e93154c223b56bcef5ce21817a1606f10da46b57c72b78fa72f80,
E:\cultures\vanilla-data\DataX\Libs\data0001.lib,1239,data\engine2d\bin\sounds\humantalk\m4ok05.wav,PCM,1,22050,16,0.463,"[""talk viking male"", ""viking male ok 04""]","[""soundfxstatic""]","[""tribe1:respond""]",[],Human voices,NATIVE_TABLE,Audio/humantalk/m4ok05.wav,312b7f3c63c8878feca4dd0044a90f05ad12e4247bc4d55194be37f499aacda6,
E:\cultures\vanilla-data\DataX\Libs\data0001.lib,1240,data\engine2d\bin\sounds\humantalk\m5no01.wav,PCM,1,22050,16,0.555,"[""talk viking male"", ""viking male no 05""]","[""soundfxstatic""]","[""tribe1:respond""]",[],Human voices,NATIVE_TABLE,Audio/humantalk/m5no01.wav,1146a70f7780bf31407c7f4228b04b87d4aabe986f011bd72accff23de2834c6,
E:\cultures\vanilla-data\DataX\Libs\data0001.lib,1241,data\engine2d\bin\sounds\humantalk\m6ok03.wav,PCM,1,22050,16,0.972,"[""talk viking male"", ""viking male ok 06""]","[""soundfxstatic""]","[""tribe1:respond""]",[],Human voices,NATIVE_TABLE,Audio/humantalk/m6ok03.wav,fbd90f6c6e0e1fbe86aaa5c20c55db6ca328bacc37653433795717f71ad47f85,
E:\cultures\vanilla-data\DataX\Libs\data0001.lib,1242,data\engine2d\bin\sounds\humantalk\m7ok02.wav,PCM,1,22050,16,0.787,"[""talk viking male"", ""viking male ok 07""]","[""soundfxstatic""]","[""tribe1:respond""]",[],Human voices,NATIVE_TABLE,Audio/humantalk/m7ok02.wav,b4b76685e27f58544af4ad5d1badecc8a3ec734be132cf847de51e39db1b4524,
E:\cultures\vanilla-data\DataX\Libs\data0001.lib,1243,data\engine2d\bin\sounds\humantalk\m8ok01.wav,PCM,1,22050,16,0.463,"[""talk viking male"", ""viking male ok 08""]","[""soundfxstatic""]","[""tribe1:respond""]",[],Human voices,NATIVE_TABLE,Audio/humantalk/m8ok01.wav,b762fbce630a4d003c03b9ce14a261b5b93513ed5a4bbc05c22e71a2bb52c8a1,
E:\cultures\vanilla-data\DataX\Libs\data0001.lib,1244,data\engine2d\bin\sounds\humantalk\talk_m08.wav,PCM,1,22050,16,3.471,"[""socialtalk male""]","[""soundfxstatic""]",[],[],Human voices,FOLDER_ONLY,Audio/humantalk/talk_m08.wav,9a075e49043ec7076fcf1c1ec8612e0bae87db1d5c384e067bae66eef99b4154,
E:\cultures\vanilla-data\DataX\Libs\data0001.lib,1245,data\engine2d\bin\sounds\humantalk\talk_m17.wav,PCM,1,22050,16,7.312,"[""socialtalk male""]","[""soundfxstatic""]",[],[],Human voices,FOLDER_ONLY,Audio/humantalk/talk_m17.wav,a0d12eba328d605081152febcb85dc292893f18e93b3fb133845518da096bf07,
E:\cultures\vanilla-data\DataX\Libs\data0001.lib,1246,data\engine2d\bin\sounds\static\kiss03.wav,PCM,1,22050,16,0.602,"[""kiss (rated pg-13)""]","[""soundfxstatic""]",[],[],Production/actions (folder static),FOLDER_ONLY,Audio/static/kiss03.wav,7e6578fda226117187fb8a23cfd67883a23c55697e375376387ff867a13b04a1,
E:\cultures\vanilla-data\DataX\Libs\data0001.lib,1247,data\engine2d\bin\sounds\static\ship09.wav,PCM,1,22050,16,1.666,"[""ship group3 sails bell""]","[""soundfxstatic""]",[],[],Ships (name-derived),NAME_DERIVED,Audio/static/ship09.wav,7bd47ef045c087826c20c5655868b695679b527fd7d6d5b8242835786be63593,
E:\cultures\vanilla-data\DataX\Libs\data0001.lib,1254,data\engine2d\bin\sounds\generic\animals_evilrabbit01.wav,PCM,1,22050,16,1.018,"[""evilrabbit attack"", ""rabbit_evil sounds""]","[""soundfxstatic""]",[],"[""tribe18""]",Animals,NATIVE_TABLE,Audio/generic/animals_evilrabbit01.wav,239fe94fd4531b773710fea5369e1df82ba86714862afd597525690f59b5fb21,
E:\cultures\vanilla-data\DataX\Libs\data0001.lib,1255,data\engine2d\bin\sounds\humantalk\m2no05.wav,PCM,1,22050,16,1.064,"[""talk viking male"", ""viking male no 02""]","[""soundfxstatic""]","[""tribe1:respond""]",[],Human voices,NATIVE_TABLE,Audio/humantalk/m2no05.wav,c20ecbf8f472a6232cb867f8a75801ec848638580bd58808b07799ba1b251b93,
E:\cultures\vanilla-data\DataX\Libs\data0001.lib,1256,data\engine2d\bin\sounds\humantalk\m2ok08.wav,PCM,1,22050,16,0.37,"[""talk viking male"", ""viking male ok 02""]","[""soundfxstatic""]","[""tribe1:respond""]",[],Human voices,NATIVE_TABLE,Audio/humantalk/m2ok08.wav,54fe2149648fee23a3c3c4e453d606133d442f30917ea1dab9b8c147a2998aa8,
E:\cultures\vanilla-data\DataX\Libs\data0001.lib,1257,data\engine2d\bin\sounds\humantalk\m3no04.wav,PCM,1,22050,16,0.926,"[""talk viking male"", ""viking male no 03""]","[""soundfxstatic""]","[""tribe1:respond""]",[],Human voices,NATIVE_TABLE,Audio/humantalk/m3no04.wav,fd510a7ea92e7ca8a3e6600b3332b2179b46a3d822fa38028845cd7017070e8a,
E:\cultures\vanilla-data\DataX\Libs\data0001.lib,1258,data\engine2d\bin\sounds\humantalk\m4no03.wav,PCM,1,22050,16,0.833,"[""talk viking male"", ""viking male no 04""]","[""soundfxstatic""]","[""tribe1:respond""]",[],Human voices,NATIVE_TABLE,Audio/humantalk/m4no03.wav,5ba969a5d9409a4c451b5388314b6a1061fb521047b599921e418d2455ab6465,
E:\cultures\vanilla-data\DataX\Libs\data0001.lib,1259,data\engine2d\bin\sounds\humantalk\m4ok06.wav,PCM,1,22050,16,1.435,"[""talk viking male"", ""viking male ok 04""]","[""soundfxstatic""]","[""tribe1:respond""]",[],Human voices,NATIVE_TABLE,Audio/humantalk/m4ok06.wav,9c6c908a819bf8652268998787f445937114335f66fe2479c26ef9ecdfaaed1a,
E:\cultures\vanilla-data\DataX\Libs\data0001.lib,1260,data\engine2d\bin\sounds\humantalk\m5no02.wav,PCM,1,22050,16,1.018,"[""talk viking male"", ""viking male no 05""]","[""soundfxstatic""]","[""tribe1:respond""]",[],Human voices,NATIVE_TABLE,Audio/humantalk/m5no02.wav,59a325d53831087d89da3a1619cc9bc999ddc0cd7b7002057b5c3b4827b1c98c,
E:\cultures\vanilla-data\DataX\Libs\data0001.lib,1261,data\engine2d\bin\sounds\humantalk\m6no01.wav,PCM,1,22050,16,0.648,"[""talk viking male"", ""viking male no 06""]","[""soundfxstatic""]","[""tribe1:respond""]",[],Human voices,NATIVE_TABLE,Audio/humantalk/m6no01.wav,63a48ee32cca47fb29053ad1b726a482c1ea75d6fed1651b63a5ad1194bc7d9f,
E:\cultures\vanilla-data\DataX\Libs\data0001.lib,1262,data\engine2d\bin\sounds\humantalk\m7ok03.wav,PCM,1,22050,16,1.203,"[""talk viking male"", ""viking male ok 07""]","[""soundfxstatic""]","[""tribe1:respond""]",[],Human voices,NATIVE_TABLE,Audio/humantalk/m7ok03.wav,f3adfd23eee5053f7b1b38178c0b62bd74f78a5eb0e63537374a8ef4bfa768db,
E:\cultures\vanilla-data\DataX\Libs\data0001.lib,1263,data\engine2d\bin\sounds\humantalk\m8ok02.wav,PCM,1,22050,16,0.833,"[""talk viking male"", ""viking male ok 08""]","[""soundfxstatic""]","[""tribe1:respond""]",[],Human voices,NATIVE_TABLE,Audio/humantalk/m8ok02.wav,01df6a31ceb8b3c167a0ef8ed4808ad3ee4cea96a91527f9baebdb5836e3e471,
E:\cultures\vanilla-data\DataX\Libs\data0001.lib,1264,data\engine2d\bin\sounds\humantalk\m9ok01.wav,PCM,1,22050,16,0.833,"[""talk viking male"", ""viking male ok 09""]","[""soundfxstatic""]","[""tribe1:respond""]",[],Human voices,NATIVE_TABLE,Audio/humantalk/m9ok01.wav,33e327cea84205698760cf92989bc88c0959ec6ae3c49f62073158ae717a57a5,
E:\cultures\vanilla-data\DataX\Libs\data0001.lib,1265,data\engine2d\bin\sounds\humantalk\talk_m09.wav,PCM,1,22050,16,1.944,"[""socialtalk male""]","[""soundfxstatic""]",[],[],Human voices,FOLDER_ONLY,Audio/humantalk/talk_m09.wav,33ec7fd9e7fb6068997d1e055f713d97ab68eaf5959e198dedbb86af7f2bd979,
E:\cultures\vanilla-data\DataX\Libs\data0001.lib,1266,data\engine2d\bin\sounds\humantalk\talk_m18.wav,PCM,1,22050,16,2.592,"[""socialtalk male""]","[""soundfxstatic""]",[],[],Human voices,FOLDER_ONLY,Audio/humantalk/talk_m18.wav,2b1eb7c95bce4187a940540b165dbd2c5701966029911239c8184e5b6d17b2f8,
E:\cultures\vanilla-data\DataX\Libs\data0001.lib,1271,data\engine2d\bin\sounds\humantalk\m2no06.wav,PCM,1,22050,16,0.602,"[""talk viking male"", ""viking male no 02""]","[""soundfxstatic""]","[""tribe1:respond""]",[],Human voices,NATIVE_TABLE,Audio/humantalk/m2no06.wav,b734b491f12156aea18169a4c77c46a051808d39fe0b900d10c6a2f226182691,
E:\cultures\vanilla-data\DataX\Libs\data0001.lib,1272,data\engine2d\bin\sounds\humantalk\m2ok09.wav,PCM,1,22050,16,0.417,"[""talk viking male"", ""viking male ok 02""]","[""soundfxstatic""]","[""tribe1:respond""]",[],Human voices,NATIVE_TABLE,Audio/humantalk/m2ok09.wav,628f311cb4226e642e8b4227de2abf23a4643beb000dab6360acfc76c3d1ef08,
E:\cultures\vanilla-data\DataX\Libs\data0001.lib,1273,data\engine2d\bin\sounds\humantalk\m3no05.wav,PCM,1,22050,16,0.972,"[""talk viking male"", ""viking male no 03""]","[""soundfxstatic""]","[""tribe1:respond""]",[],Human voices,NATIVE_TABLE,Audio/humantalk/m3no05.wav,bd653c5d53b62e4bfb95e87bc7831a2d6346403ea8e434d000a4bf5fefa4b588,
E:\cultures\vanilla-data\DataX\Libs\data0001.lib,1274,data\engine2d\bin\sounds\humantalk\m4no04.wav,PCM,1,22050,16,0.972,"[""talk viking male"", ""viking male no 04""]","[""soundfxstatic""]","[""tribe1:respond""]",[],Human voices,NATIVE_TABLE,Audio/humantalk/m4no04.wav,d83351e384426848180c79f08547d256d16861774de1df71fd897bad84ea2a43,
E:\cultures\vanilla-data\DataX\Libs\data0001.lib,1275,data\engine2d\bin\sounds\humantalk\m4ok07.wav,PCM,1,22050,16,0.324,"[""talk viking male"", ""viking male ok 04""]","[""soundfxstatic""]","[""tribe1:respond""]",[],Human voices,NATIVE_TABLE,Audio/humantalk/m4ok07.wav,0a070ed20fe01b68543b2d154301d0a4c09a48893a5ab4e5206814444839dd79,
E:\cultures\vanilla-data\DataX\Libs\data0001.lib,1276,data\engine2d\bin\sounds\humantalk\m5no03.wav,PCM,1,22050,16,0.926,"[""talk viking male"", ""viking male no 05""]","[""soundfxstatic""]","[""tribe1:respond""]",[],Human voices,NATIVE_TABLE,Audio/humantalk/m5no03.wav,1e8fef88b95c4f16962692dd71751f10cc90d8adb04084d6bda5069af9235fc7,
E:\cultures\vanilla-data\DataX\Libs\data0001.lib,1277,data\engine2d\bin\sounds\humantalk\m6no02.wav,PCM,1,22050,16,0.972,"[""talk viking male"", ""viking male no 06""]","[""soundfxstatic""]","[""tribe1:respond""]",[],Human voices,NATIVE_TABLE,Audio/humantalk/m6no02.wav,29093b6f0245b48746a8dda59ebe24b8315fba47705cb7f3e28c2368e8a4fb26,
E:\cultures\vanilla-data\DataX\Libs\data0001.lib,1278,data\engine2d\bin\sounds\humantalk\m7no01.wav,PCM,1,22050,16,0.694,"[""talk viking male"", ""viking male no 07""]","[""soundfxstatic""]","[""tribe1:respond""]",[],Human voices,NATIVE_TABLE,Audio/humantalk/m7no01.wav,5fecae2cf1d364d414295e9cc6beb9aa8745b7b8ddabec47bf0980e9a2e900bf,
E:\cultures\vanilla-data\DataX\Libs\data0001.lib,1279,data\engine2d\bin\sounds\humantalk\m8ok03.wav,PCM,1,22050,16,0.972,"[""talk viking male"", ""viking male ok 08""]","[""soundfxstatic""]","[""tribe1:respond""]",[],Human voices,NATIVE_TABLE,Audio/humantalk/m8ok03.wav,a455753bcd06322e4a8da34d8f43f78e2f3c7aad97b0f5e2d6c70a51f3863620,
E:\cultures\vanilla-data\DataX\Libs\data0001.lib,1280,data\engine2d\bin\sounds\humantalk\m9ok02.wav,PCM,1,22050,16,0.879,"[""talk viking male"", ""viking male ok 09""]","[""soundfxstatic""]","[""tribe1:respond""]",[],Human voices,NATIVE_TABLE,Audio/humantalk/m9ok02.wav,2526c8a01aa98c2b774c5861c748575e47af950c8a0c3d7e8d0792a1196b064e,
E:\cultures\vanilla-data\DataX\Libs\data0001.lib,1281,data\engine2d\bin\sounds\humantalk\talk_m19.wav,PCM,1,22050,16,2.684,"[""socialtalk male""]","[""soundfxstatic""]",[],[],Human voices,FOLDER_ONLY,Audio/humantalk/talk_m19.wav,8e0d7a257ef0789bdb45a61d108eac43b1a84330331b2582d0c068e93b09fa63,
E:\cultures\vanilla-data\DataX\Libs\data0001.lib,1287,data\engine2d\bin\sounds\humantalk\m2no07.wav,PCM,1,22050,16,0.833,"[""talk viking male"", ""viking male no 02""]","[""soundfxstatic""]","[""tribe1:respond""]",[],Human voices,NATIVE_TABLE,Audio/humantalk/m2no07.wav,f4bc8031d42e3fd1b591294915eaedf23fd4b926dd49598663436062b4aab551,
E:\cultures\vanilla-data\DataX\Libs\data0001.lib,1288,data\engine2d\bin\sounds\humantalk\m4no05.wav,PCM,1,22050,16,0.972,"[""talk viking male"", ""viking male no 04""]","[""soundfxstatic""]","[""tribe1:respond""]",[],Human voices,NATIVE_TABLE,Audio/humantalk/m4no05.wav,f5ce6fe16bbebc7fa576d66b8ff6462b50aec16af0bb0a23f57911c21be77292,
E:\cultures\vanilla-data\DataX\Libs\data0001.lib,1289,data\engine2d\bin\sounds\humantalk\m5no04.wav,PCM,1,22050,16,1.064,"[""talk viking male"", ""viking male no 05""]","[""soundfxstatic""]","[""tribe1:respond""]",[],Human voices,NATIVE_TABLE,Audio/humantalk/m5no04.wav,58a81afdaafa344ff84a80675da34b8424d68db189b81165bac733c11f79f56d,
E:\cultures\vanilla-data\DataX\Libs\data0001.lib,1290,data\engine2d\bin\sounds\humantalk\m6no03.wav,PCM,1,22050,16,0.926,"[""talk viking male"", ""viking male no 06""]","[""soundfxstatic""]","[""tribe1:respond""]",[],Human voices,NATIVE_TABLE,Audio/humantalk/m6no03.wav,29270fac89e89ea309bbdd7be1305f7b09424e66f498e09a4c1a55b344e4c9d7,
E:\cultures\vanilla-data\DataX\Libs\data0001.lib,1291,data\engine2d\bin\sounds\humantalk\m7no02.wav,PCM,1,22050,16,0.879,"[""talk viking male"", ""viking male no 07""]","[""soundfxstatic""]","[""tribe1:respond""]",[],Human voices,NATIVE_TABLE,Audio/humantalk/m7no02.wav,af41f34af78f0ddd6b863e506095f82b1eb1fdc771edb31b3cce7a4e5b491ca0,
E:\cultures\vanilla-data\DataX\Libs\data0001.lib,1292,data\engine2d\bin\sounds\humantalk\m8no01.wav,PCM,1,22050,16,0.648,"[""talk viking male"", ""viking male no 08""]","[""soundfxstatic""]","[""tribe1:respond""]",[],Human voices,NATIVE_TABLE,Audio/humantalk/m8no01.wav,b139c1467d4dec9e40a2723618453922f521fd964f962cece313f3534b11345a,
E:\cultures\vanilla-data\DataX\Libs\data0001.lib,1293,data\engine2d\bin\sounds\humantalk\m9ok03.wav,PCM,1,22050,16,0.972,"[""talk viking male"", ""viking male ok 09""]","[""soundfxstatic""]","[""tribe1:respond""]",[],Human voices,NATIVE_TABLE,Audio/humantalk/m9ok03.wav,e703c758c1e1bd14fff2e2af8f614ebbaa374d9c52d4e824eebe150f0fada735,
E:\cultures\vanilla-data\DataX\Libs\data0001.lib,1294,data\engine2d\bin\sounds\static\spear_hit01.wav,PCM,1,22050,16,1.064,"[""weapon spear hit wood""]","[""soundfxstatic""]",[],[],Combat (name-derived),NAME_DERIVED,Audio/static/spear_hit01.wav,f5228418707b2a3587a65914cad733e9b8d3176b382bb788f56826a34bc533b6,
E:\cultures\vanilla-data\DataX\Libs\data0001.lib,1298,data\engine2d\bin\sounds\humantalk\m4no06.wav,PCM,1,22050,16,1.203,"[""talk viking male"", ""viking male no 04""]","[""soundfxstatic""]","[""tribe1:respond""]",[],Human voices,NATIVE_TABLE,Audio/humantalk/m4no06.wav,d95d5bcfc5ced38b9357014d3e965ddac16c045f920a3dc098e3be53edfffc67,
E:\cultures\vanilla-data\DataX\Libs\data0001.lib,1299,data\engine2d\bin\sounds\humantalk\m5no05.wav,PCM,1,22050,16,1.111,"[""talk viking male"", ""viking male no 05""]","[""soundfxstatic""]","[""tribe1:respond""]",[],Human voices,NATIVE_TABLE,Audio/humantalk/m5no05.wav,9ee486e754976d96b9a06e1dfd71540f1eacf7699bfe594aa66b642f31613a4a,
E:\cultures\vanilla-data\DataX\Libs\data0001.lib,1300,data\engine2d\bin\sounds\humantalk\m6no04.wav,PCM,1,22050,16,0.926,"[""talk viking male"", ""viking male no 06""]","[""soundfxstatic""]","[""tribe1:respond""]",[],Human voices,NATIVE_TABLE,Audio/humantalk/m6no04.wav,f82b7c1718b5f0a9178fbb6941f88050ce8f9d42e8023458b482c6d2c2562404,
E:\cultures\vanilla-data\DataX\Libs\data0001.lib,1301,data\engine2d\bin\sounds\humantalk\m7no03.wav,PCM,1,22050,16,0.926,"[""talk viking male"", ""viking male no 07""]","[""soundfxstatic""]","[""tribe1:respond""]",[],Human voices,NATIVE_TABLE,Audio/humantalk/m7no03.wav,5d0222b1d67f9ec09019185f196b977585fa697a475206a1f3a10b65d37970b8,
E:\cultures\vanilla-data\DataX\Libs\data0001.lib,1302,data\engine2d\bin\sounds\humantalk\m8no02.wav,PCM,1,22050,16,0.972,"[""talk viking male"", ""viking male no 08""]","[""soundfxstatic""]","[""tribe1:respond""]",[],Human voices,NATIVE_TABLE,Audio/humantalk/m8no02.wav,e2d5419245d27049fbfc51888d1014f1e7330ffe4adfa299204f7b98ddbec957,
E:\cultures\vanilla-data\DataX\Libs\data0001.lib,1303,data\engine2d\bin\sounds\humantalk\m9no01.wav,PCM,1,22050,16,0.74,"[""talk viking male"", ""viking male no 09""]","[""soundfxstatic""]","[""tribe1:respond""]",[],Human voices,NATIVE_TABLE,Audio/humantalk/m9no01.wav,61c12d13fbe219b92f83a23f40e5a2be57d952433af1e5b9b50b14744a3783e7,
E:\cultures\vanilla-data\DataX\Libs\data0001.lib,1304,data\engine2d\bin\sounds\static\spear_hit02.wav,PCM,1,22050,16,0.231,"[""weapon spear hit""]","[""soundfxstatic""]",[],[],Combat (name-derived),NAME_DERIVED,Audio/static/spear_hit02.wav,584e83818a67daf9ad95b5dce39fc2c39a918440e851d781ad0516017dc9d393,
E:\cultures\vanilla-data\DataX\Libs\data0001.lib,1309,data\engine2d\bin\sounds\humantalk\m4no07.wav,PCM,1,22050,16,0.926,"[""talk viking male"", ""viking male no 04""]","[""soundfxstatic""]","[""tribe1:respond""]",[],Human voices,NATIVE_TABLE,Audio/humantalk/m4no07.wav,147db77fd6c76b2f90392fbf075bf56c2b74456d24f95a240cf5cea8ce28e03f,
E:\cultures\vanilla-data\DataX\Libs\data0001.lib,1310,data\engine2d\bin\sounds\humantalk\m5no06.wav,PCM,1,22050,16,0.972,"[""talk viking male"", ""viking male no 05""]","[""soundfxstatic""]","[""tribe1:respond""]",[],Human voices,NATIVE_TABLE,Audio/humantalk/m5no06.wav,5f457c35fab34f20c7748bf4677f6f3c7ec0ae4911464eb4925cc9b5a9862357,
E:\cultures\vanilla-data\DataX\Libs\data0001.lib,1311,data\engine2d\bin\sounds\humantalk\m7no04.wav,PCM,1,22050,16,0.926,"[""talk viking male"", ""viking male no 07""]","[""soundfxstatic""]","[""tribe1:respond""]",[],Human voices,NATIVE_TABLE,Audio/humantalk/m7no04.wav,b740b96c16bbec0ece717d19919cbf9159d266244d8347dc628496e7ae320f1f,
E:\cultures\vanilla-data\DataX\Libs\data0001.lib,1312,data\engine2d\bin\sounds\humantalk\m8no03.wav,PCM,1,22050,16,0.787,"[""talk viking male"", ""viking male no 08""]","[""soundfxstatic""]","[""tribe1:respond""]",[],Human voices,NATIVE_TABLE,Audio/humantalk/m8no03.wav,e0aae5231051efc1305f9f38787d1e0c50302329711c5ad5ac7a95861d9b878e,
E:\cultures\vanilla-data\DataX\Libs\data0001.lib,1313,data\engine2d\bin\sounds\humantalk\m9no02.wav,PCM,1,22050,16,0.972,"[""talk viking male"", ""viking male no 09""]","[""soundfxstatic""]","[""tribe1:respond""]",[],Human voices,NATIVE_TABLE,Audio/humantalk/m9no02.wav,53d1cf051e3e68768cd50e4677d2e0c1d13b79d63a1eacdc334f44de5eaf0178,
E:\cultures\vanilla-data\DataX\Libs\data0001.lib,1314,data\engine2d\bin\sounds\static\spear_hit03.wav,PCM,1,22050,16,0.324,"[""weapon spear hit dirt""]","[""soundfxstatic""]",[],[],Combat (name-derived),NAME_DERIVED,Audio/static/spear_hit03.wav,51479b6841a198eb6100b01e9ae0aa8c03c98c616b8330e92ba1462f2b09f313,
E:\cultures\vanilla-data\DataX\Libs\data0001.lib,1319,data\engine2d\bin\sounds\humantalk\m4no08.wav,PCM,1,22050,16,0.879,"[""talk viking male"", ""viking male no 04""]","[""soundfxstatic""]","[""tribe1:respond""]",[],Human voices,NATIVE_TABLE,Audio/humantalk/m4no08.wav,70129f721b8408cf521b4a293c39dc8f2eb96648a21c268fb8b27d829eff9787,
E:\cultures\vanilla-data\DataX\Libs\data0001.lib,1320,data\engine2d\bin\sounds\humantalk\m5no07.wav,PCM,1,22050,16,0.926,"[""talk viking male"", ""viking male no 05""]","[""soundfxstatic""]","[""tribe1:respond""]",[],Human voices,NATIVE_TABLE,Audio/humantalk/m5no07.wav,1cc7de516f866840b9e3e5c0a9df2475922a53d864fdf27882b05b0320307917,
E:\cultures\vanilla-data\DataX\Libs\data0001.lib,1321,data\engine2d\bin\sounds\humantalk\m8no04.wav,PCM,1,22050,16,0.926,"[""talk viking male"", ""viking male no 08""]","[""soundfxstatic""]","[""tribe1:respond""]",[],Human voices,NATIVE_TABLE,Audio/humantalk/m8no04.wav,5e45cd218423746f0c24151591aa11cb89405535de4ae7f89fb5b3851598c9bb,
E:\cultures\vanilla-data\DataX\Libs\data0001.lib,1322,data\engine2d\bin\sounds\humantalk\m9no03.wav,PCM,1,22050,16,0.879,"[""talk viking male"", ""viking male no 09""]","[""soundfxstatic""]","[""tribe1:respond""]",[],Human voices,NATIVE_TABLE,Audio/humantalk/m9no03.wav,c69df551e680b72ac417943e797063e674c810d4880b59beab358fb7c6524621,
E:\cultures\vanilla-data\DataX\Libs\data0001.lib,1323,data\engine2d\bin\sounds\static\spear_hit04.wav,PCM,1,22050,16,0.879,"[""weapon spear hit stone""]","[""soundfxstatic""]",[],[],Combat (name-derived),NAME_DERIVED,Audio/static/spear_hit04.wav,9dc6cbee3795d5952a5812e7752b2a375e086a1fcc84396d9eaac7024276dba7,
E:\cultures\vanilla-data\DataX\Libs\data0001.lib,1329,data\engine2d\bin\sounds\humantalk\m4no09.wav,PCM,1,22050,16,0.787,"[""talk viking male"", ""viking male no 04""]","[""soundfxstatic""]","[""tribe1:respond""]",[],Human voices,NATIVE_TABLE,Audio/humantalk/m4no09.wav,89082f51935f02ff8c291ea9c9864ad46a67aba02f17a63fecf11cfb856f2515,
E:\cultures\vanilla-data\DataX\Libs\data0001.lib,1330,data\engine2d\bin\sounds\humantalk\m9no04.wav,PCM,1,22050,16,0.972,"[""talk viking male"", ""viking male no 09""]","[""soundfxstatic""]","[""tribe1:respond""]",[],Human voices,NATIVE_TABLE,Audio/humantalk/m9no04.wav,99dc5b9fd92ba3538f642e931032ca5d0b736aac6b7fccf8a4a8e3ada5af1144,
E:\cultures\vanilla-data\DataX\Libs\data0001.lib,1331,data\engine2d\bin\sounds\static\spear_hit05.wav,PCM,1,22050,16,1.018,"[""weapon spear hit water""]","[""soundfxstatic""]",[],[],Combat (name-derived),NAME_DERIVED,Audio/static/spear_hit05.wav,8bb33937ed6ceb4370d7dab3cf432827847e14da5166ef00dbe2e62a122177a1,
E:\cultures\vanilla-data\DataX\Libs\data0001.lib,1352,data\engine2d\bin\sounds\humantalk\arabian\a01.wav,PCM,1,22050,16,0.602,"[""arabian male no 02"", ""generic arabian male"", ""talk arabs male""]","[""soundfxstatic""]","[""tribe4:generic"", ""tribe4:respond""]",[],Human voices,NATIVE_TABLE,Audio/arabian/a01.wav,948dc0174ca5784f0733584baa50c19b868ef299f97b9f753767752a3d43c91a,
E:\cultures\vanilla-data\DataX\Libs\data0001.lib,1353,data\engine2d\bin\sounds\humantalk\arabian\a10.wav,PCM,1,22050,16,0.879,"[""arabian male ok 02"", ""generic arabian male"", ""talk arabs male""]","[""soundfxstatic""]","[""tribe4:generic"", ""tribe4:respond""]",[],Human voices,NATIVE_TABLE,Audio/arabian/a10.wav,bb914c14772ad0ab3f805498aa8d9ad2c5d4588f018a72eb765465a0c1ddb0c8,
E:\cultures\vanilla-data\DataX\Libs\data0001.lib,1359,data\engine2d\bin\sounds\humantalk\arabian\a02.wav,PCM,1,22050,16,0.648,"[""arabian male no 03"", ""generic arabian male"", ""talk arabs male""]","[""soundfxstatic""]","[""tribe4:generic"", ""tribe4:respond""]",[],Human voices,NATIVE_TABLE,Audio/arabian/a02.wav,ab8718943f2a38bc916f48f6057d60b7f3fde7800a3fca74b05097d4952c60c8,
E:\cultures\vanilla-data\DataX\Libs\data0001.lib,1360,data\engine2d\bin\sounds\humantalk\arabian\a11.wav,PCM,1,22050,16,0.879,"[""arabian male ok 03"", ""generic arabian male"", ""talk arabs male""]","[""soundfxstatic""]","[""tribe4:generic"", ""tribe4:respond""]",[],Human voices,NATIVE_TABLE,Audio/arabian/a11.wav,251fe8d199b4e7b09fbe4cf1df0c8a0ecb943559fcd080f2c2194032cfee4a9a,
E:\cultures\vanilla-data\DataX\Libs\data0001.lib,1361,data\engine2d\bin\sounds\humantalk\arabian\a20.wav,PCM,1,22050,16,1.388,"[""generic arabian male"", ""talk arabs male""]","[""soundfxstatic""]","[""tribe4:generic""]",[],Human voices,NATIVE_TABLE,Audio/arabian/a20.wav,41018997ca82ef9938c221b6d2d20a25d3d7159b57ab7b2db1b74ae2867d2341,
E:\cultures\vanilla-data\DataX\Libs\data0001.lib,1370,data\engine2d\bin\sounds\humantalk\arabian\a03.wav,PCM,1,22050,16,0.74,"[""arabian male no 01"", ""generic arabian male"", ""talk arabs male""]","[""soundfxstatic""]","[""tribe4:generic"", ""tribe4:respond""]",[],Human voices,NATIVE_TABLE,Audio/arabian/a03.wav,6878f5587f2751a43a4ec8e1726014590c76ca9b318e8c78e354c9c1771be1ca,
E:\cultures\vanilla-data\DataX\Libs\data0001.lib,1371,data\engine2d\bin\sounds\humantalk\arabian\a12.wav,PCM,1,22050,16,0.648,"[""generic arabian male"", ""talk arabs male""]","[""soundfxstatic""]","[""tribe4:generic""]",[],Human voices,NATIVE_TABLE,Audio/arabian/a12.wav,5ff5c283b452cb30d40252776fae2f6cd0ba3f0b8dffca22c6c264d18f20a13e,
E:\cultures\vanilla-data\DataX\Libs\data0001.lib,1372,data\engine2d\bin\sounds\humantalk\arabian\a21.wav,PCM,1,22050,16,1.666,"[""generic arabian male"", ""talk arabs male""]","[""soundfxstatic""]","[""tribe4:generic""]",[],Human voices,NATIVE_TABLE,Audio/arabian/a21.wav,f396e407322725a4c6db54c0462531f4667b0b04809cafa1982abc4fff196e20,
E:\cultures\vanilla-data\DataX\Libs\data0001.lib,1373,data\engine2d\bin\sounds\humantalk\arabian\a30.wav,PCM,1,22050,16,0.694,"[""generic arabian male"", ""talk arabs male""]","[""soundfxstatic""]","[""tribe4:generic""]",[],Human voices,NATIVE_TABLE,Audio/arabian/a30.wav,c005489970d22c76a259b0ae8bb1079f2776e0beb47b1ca8d77e974c80667c6e,
E:\cultures\vanilla-data\DataX\Libs\data0001.lib,1378,data\engine2d\bin\sounds\humantalk\arabian\a04.wav,PCM,1,22050,16,0.694,"[""generic arabian male"", ""talk arabs male""]","[""soundfxstatic""]","[""tribe4:generic""]",[],Human voices,NATIVE_TABLE,Audio/arabian/a04.wav,d882dabf76b157dba41900622bf0d036a1d7f8eb890238f9c00ea78bb02d9dca,
E:\cultures\vanilla-data\DataX\Libs\data0001.lib,1379,data\engine2d\bin\sounds\humantalk\arabian\a13.wav,PCM,1,22050,16,0.694,"[""generic arabian male"", ""talk arabs male""]","[""soundfxstatic""]","[""tribe4:generic""]",[],Human voices,NATIVE_TABLE,Audio/arabian/a13.wav,64119fe36a323a6211c7273c4514632d70e2d4b0ceee65bdd107f1af0e210b31,
E:\cultures\vanilla-data\DataX\Libs\data0001.lib,1380,data\engine2d\bin\sounds\humantalk\arabian\a22.wav,PCM,1,22050,16,1.157,"[""generic arabian male"", ""talk arabs male""]","[""soundfxstatic""]","[""tribe4:generic""]",[],Human voices,NATIVE_TABLE,Audio/arabian/a22.wav,c71509a3a4174e9f58b8ae0ab0e5321bafea3a5c0d22e0bc60d803e56337c1d1,
E:\cultures\vanilla-data\DataX\Libs\data0001.lib,1381,data\engine2d\bin\sounds\humantalk\arabian\a31.wav,PCM,1,22050,16,1.111,"[""generic arabian male"", ""talk arabs male""]","[""soundfxstatic""]","[""tribe4:generic""]",[],Human voices,NATIVE_TABLE,Audio/arabian/a31.wav,21effeb54f9b8a7c9c7ffeecf3c3e8d51d7a758308466138ce746faa8a8c0abd,
E:\cultures\vanilla-data\DataX\Libs\data0001.lib,1382,data\engine2d\bin\sounds\humantalk\arabian\a40.wav,PCM,1,22050,16,0.463,"[""generic arabian male"", ""talk arabs male""]","[""soundfxstatic""]","[""tribe4:generic""]",[],Human voices,NATIVE_TABLE,Audio/arabian/a40.wav,b048acf61cb757e17f0e23a926c217ea54b3271c2c880baad9e9d93bd34c629a,
E:\cultures\vanilla-data\DataX\Libs\data0001.lib,1383,data\engine2d\bin\sounds\static\dummy.wav,PCM,1,22050,16,0.046,"[""bear get hit"", ""bear hit"", ""bee sounds"", ""butterfly sounds"", ""cattle"", ""crab sounds"", ""deer sounds"", ""dragon sounds"", ""dromedary sounds"", ""elephant sounds"", ""evilrabbit get hit"", ""evilrabbit hit"", ""fisherman humming1"", ""frog sounds"", ""goose sounds"", ""hammer on marble"", ""horse sounds"", ""ibex sounds"", ""laugh child"", ""laugh man"", ""laugh woman"", ""lion get hit"", ""lion hit"", ""make love (rated pg-13)"", ""mason thinking"", ""mosquito sounds"", ""parrot sounds"", ""rabbit sounds"", ""raven sounds"", ""scorpion sounds"", ""sheep"", ""sleep woman"", ""sleep woman short"", ""snake sounds"", ""sparrow sounds"", ""stag sounds"", ""swan sounds"", ""yawn man"", ""yawn woman""]","[""soundfxstatic""]",[],"[""tribe11"", ""tribe12"", ""tribe15"", ""tribe16"", ""tribe17"", ""tribe22"", ""tribe23"", ""tribe24"", ""tribe27"", ""tribe28"", ""tribe29"", ""tribe32"", ""tribe33"", ""tribe34"", ""tribe35"", ""tribe36"", ""tribe37"", ""tribe38"", ""tribe39"", ""tribe40"", ""tribe41""]",Animals,NATIVE_TABLE,Audio/static/dummy.wav,b4ad059bc444a768e0110f8218cf8340d4818ccd07fbcb1aaf13321abfb9efcc,
E:\cultures\vanilla-data\DataX\Libs\data0001.lib,1390,data\engine2d\bin\sounds\humantalk\arabian\a05.wav,PCM,1,22050,16,1.018,"[""arabian male ok 01"", ""generic arabian male"", ""talk arabs male""]","[""soundfxstatic""]","[""tribe4:generic"", ""tribe4:respond""]",[],Human voices,NATIVE_TABLE,Audio/arabian/a05.wav,994c292e2201b90a5d3914f91e81d16a6670411c8b0aef5eb16dffad22ef1b90,
E:\cultures\vanilla-data\DataX\Libs\data0001.lib,1391,data\engine2d\bin\sounds\humantalk\arabian\a14.wav,PCM,1,22050,16,0.833,"[""generic arabian male"", ""talk arabs male""]","[""soundfxstatic""]","[""tribe4:generic""]",[],Human voices,NATIVE_TABLE,Audio/arabian/a14.wav,e7b801aec012f211b2fdaa24f810e3be63c109e3169e636cd808b5a6aac23c5e,
E:\cultures\vanilla-data\DataX\Libs\data0001.lib,1392,data\engine2d\bin\sounds\humantalk\arabian\a23.wav,PCM,1,22050,16,1.481,"[""generic arabian male"", ""talk arabs male""]","[""soundfxstatic""]","[""tribe4:generic""]",[],Human voices,NATIVE_TABLE,Audio/arabian/a23.wav,212874035990fc3a6632f4986c06ce228a5c59d4f3e34d6689ed2ab3ff573787,
E:\cultures\vanilla-data\DataX\Libs\data0001.lib,1393,data\engine2d\bin\sounds\humantalk\arabian\a32.wav,PCM,1,22050,16,1.157,"[""generic arabian male"", ""talk arabs male""]","[""soundfxstatic""]","[""tribe4:generic""]",[],Human voices,NATIVE_TABLE,Audio/arabian/a32.wav,abd5c1c9e74887372c53babafc40cdaac5e294ff642003d08ededeeba61880ab,
E:\cultures\vanilla-data\DataX\Libs\data0001.lib,1394,data\engine2d\bin\sounds\humantalk\arabian\a41.wav,PCM,1,22050,16,0.463,"[""generic arabian male"", ""talk arabs male""]","[""soundfxstatic""]","[""tribe4:generic""]",[],Human voices,NATIVE_TABLE,Audio/arabian/a41.wav,f6599d1a0b7f39c888e5ef7b6a3904c3b10189ebed470f1efe3dbcc6ee9d7b30,
E:\cultures\vanilla-data\DataX\Libs\data0001.lib,1404,data\engine2d\bin\sounds\humantalk\arabian\a06.wav,PCM,1,22050,16,0.555,"[""generic arabian male"", ""talk arabs male""]","[""soundfxstatic""]","[""tribe4:generic""]",[],Human voices,NATIVE_TABLE,Audio/arabian/a06.wav,13da3406a223539b64a2a767012b209b230aa497fd051603fb0c3278b4f6a5b0,
E:\cultures\vanilla-data\DataX\Libs\data0001.lib,1405,data\engine2d\bin\sounds\humantalk\arabian\a15.wav,PCM,1,22050,16,0.879,"[""generic arabian male"", ""talk arabs male""]","[""soundfxstatic""]","[""tribe4:generic""]",[],Human voices,NATIVE_TABLE,Audio/arabian/a15.wav,d49bebac994a40e2827b6d8e7b45559dd66e38f92229d0a358646e26066837e6,
E:\cultures\vanilla-data\DataX\Libs\data0001.lib,1406,data\engine2d\bin\sounds\humantalk\arabian\a24.wav,PCM,1,22050,16,0.74,"[""generic arabian male"", ""talk arabs male""]","[""soundfxstatic""]","[""tribe4:generic""]",[],Human voices,NATIVE_TABLE,Audio/arabian/a24.wav,59b5ea4a8dce38536151bffcf316b517384989748fb8f78cac48275a253c77f5,
E:\cultures\vanilla-data\DataX\Libs\data0001.lib,1407,data\engine2d\bin\sounds\humantalk\arabian\a33.wav,PCM,1,22050,16,1.018,"[""generic arabian male"", ""talk arabs male""]","[""soundfxstatic""]","[""tribe4:generic""]",[],Human voices,NATIVE_TABLE,Audio/arabian/a33.wav,755e9037c4044c6196157e634c94ae56c0d66c915bc460f5b4611f916fe0171e,
E:\cultures\vanilla-data\DataX\Libs\data0001.lib,1413,data\engine2d\bin\sounds\humantalk\arabian\a07.wav,PCM,1,22050,16,0.555,"[""generic arabian male"", ""talk arabs male""]","[""soundfxstatic""]","[""tribe4:generic""]",[],Human voices,NATIVE_TABLE,Audio/arabian/a07.wav,e957fcf30d7047467725fe4aacbfc84e97d5b6bde5c08640237bd73074b41340,
E:\cultures\vanilla-data\DataX\Libs\data0001.lib,1414,data\engine2d\bin\sounds\humantalk\arabian\a16.wav,PCM,1,22050,16,0.833,"[""generic arabian male"", ""talk arabs male""]","[""soundfxstatic""]","[""tribe4:generic""]",[],Human voices,NATIVE_TABLE,Audio/arabian/a16.wav,5212ef88ab31c8e97bf893202a1bd34e921612df6d2eb886eda857df8a286a77,
E:\cultures\vanilla-data\DataX\Libs\data0001.lib,1415,data\engine2d\bin\sounds\humantalk\arabian\a25.wav,PCM,1,22050,16,0.879,"[""generic arabian male"", ""talk arabs male""]","[""soundfxstatic""]","[""tribe4:generic""]",[],Human voices,NATIVE_TABLE,Audio/arabian/a25.wav,cdf4247dc1ec9f255f2552f4e007e8d042ebf0d357d61b3059bdc70e279dcdb2,
E:\cultures\vanilla-data\DataX\Libs\data0001.lib,1416,data\engine2d\bin\sounds\humantalk\arabian\a34.wav,PCM,1,22050,16,0.926,"[""generic arabian male"", ""talk arabs male""]","[""soundfxstatic""]","[""tribe4:generic""]",[],Human voices,NATIVE_TABLE,Audio/arabian/a34.wav,00b479e192a962443195f7d81985c1ac2f342e1e196b4296feee7aeed83f5284,
E:\cultures\vanilla-data\DataX\Libs\data0001.lib,1424,data\engine2d\bin\sounds\humantalk\arabian\a08.wav,PCM,1,22050,16,1.157,"[""generic arabian male"", ""talk arabs male""]","[""soundfxstatic""]","[""tribe4:generic""]",[],Human voices,NATIVE_TABLE,Audio/arabian/a08.wav,636e930c4efa46fe06943a6c175183d32815ea734ca666c47656f56fcebaf753,
E:\cultures\vanilla-data\DataX\Libs\data0001.lib,1425,data\engine2d\bin\sounds\humantalk\arabian\a17.wav,PCM,1,22050,16,0.833,"[""generic arabian male"", ""talk arabs male""]","[""soundfxstatic""]","[""tribe4:generic""]",[],Human voices,NATIVE_TABLE,Audio/arabian/a17.wav,4821c15c72dafc59feb7af13dc1f23a98ca7fba2103d423704bdd481a39ca3fc,
E:\cultures\vanilla-data\DataX\Libs\data0001.lib,1426,data\engine2d\bin\sounds\humantalk\arabian\a26.wav,PCM,1,22050,16,0.694,"[""generic arabian male"", ""talk arabs male""]","[""soundfxstatic""]","[""tribe4:generic""]",[],Human voices,NATIVE_TABLE,Audio/arabian/a26.wav,37c607230f29f405d01fdfe14c2cc2403cf399bfdf41919ad71f7095d5738c02,
E:\cultures\vanilla-data\DataX\Libs\data0001.lib,1427,data\engine2d\bin\sounds\humantalk\arabian\a35.wav,PCM,1,22050,16,0.74,"[""generic arabian male"", ""talk arabs male""]","[""soundfxstatic""]","[""tribe4:generic""]",[],Human voices,NATIVE_TABLE,Audio/arabian/a35.wav,32fc4788db87cded008bc819cdbebdec8c4f0fda1b9d35c84146ca00447f1e35,
E:\cultures\vanilla-data\DataX\Libs\data0001.lib,1433,data\engine2d\bin\sounds\humantalk\arabian\a09.wav,PCM,1,22050,16,1.712,"[""arabian male ok 01"", ""generic arabian male"", ""talk arabs male""]","[""soundfxstatic""]","[""tribe4:generic"", ""tribe4:respond""]",[],Human voices,NATIVE_TABLE,Audio/arabian/a09.wav,792a9a4d899bcdcecd25c6632ef6a71589580aa78165c1ea651ce8018f8277aa,
E:\cultures\vanilla-data\DataX\Libs\data0001.lib,1434,data\engine2d\bin\sounds\humantalk\arabian\a18.wav,PCM,1,22050,16,0.879,"[""generic arabian male"", ""talk arabs male""]","[""soundfxstatic""]","[""tribe4:generic""]",[],Human voices,NATIVE_TABLE,Audio/arabian/a18.wav,64b4d54f0d75739792f29eca309c3a0a389f466a973b818c20a9758e34da520a,
E:\cultures\vanilla-data\DataX\Libs\data0001.lib,1435,data\engine2d\bin\sounds\humantalk\arabian\a27.wav,PCM,1,22050,16,0.787,"[""generic arabian male"", ""talk arabs male""]","[""soundfxstatic""]","[""tribe4:generic""]",[],Human voices,NATIVE_TABLE,Audio/arabian/a27.wav,848cd224956bbdc347bcdb3d5620ff4e265510c5a3c891f0692bf935ef35d87a,
E:\cultures\vanilla-data\DataX\Libs\data0001.lib,1436,data\engine2d\bin\sounds\humantalk\arabian\a36.wav,PCM,1,22050,16,0.648,"[""generic arabian male"", ""talk arabs male""]","[""soundfxstatic""]","[""tribe4:generic""]",[],Human voices,NATIVE_TABLE,Audio/arabian/a36.wav,aa685652064e76e3c3c1bb9657b0badac4a55c573a48bd1703cccaa9a3725279,
E:\cultures\vanilla-data\DataX\Libs\data0001.lib,1441,data\engine2d\bin\sounds\humantalk\arabian\a19.wav,PCM,1,22050,16,1.712,"[""generic arabian male"", ""talk arabs male""]","[""soundfxstatic""]","[""tribe4:generic""]",[],Human voices,NATIVE_TABLE,Audio/arabian/a19.wav,ed0087f356217cba8f0db3fc053e6651cd25c472acccfe98b1af0fe2ad45a30d,
E:\cultures\vanilla-data\DataX\Libs\data0001.lib,1442,data\engine2d\bin\sounds\humantalk\arabian\a28.wav,PCM,1,22050,16,0.972,"[""generic arabian male"", ""talk arabs male""]","[""soundfxstatic""]","[""tribe4:generic""]",[],Human voices,NATIVE_TABLE,Audio/arabian/a28.wav,d0a0b5aa974f5730ccc0f4ba51369fae2d49aff313e15b57eae46da5c87961a5,
E:\cultures\vanilla-data\DataX\Libs\data0001.lib,1443,data\engine2d\bin\sounds\humantalk\arabian\a37.wav,PCM,1,22050,16,0.463,"[""generic arabian male"", ""talk arabs male""]","[""soundfxstatic""]","[""tribe4:generic""]",[],Human voices,NATIVE_TABLE,Audio/arabian/a37.wav,7a6d3132017e76a2ac8fe7c2e96b4f539f7a9ae4084692b130e005a35f19dc12,
E:\cultures\vanilla-data\DataX\Libs\data0001.lib,1449,data\engine2d\bin\sounds\humantalk\arabian\a29.wav,PCM,1,22050,16,0.648,"[""generic arabian male"", ""talk arabs male""]","[""soundfxstatic""]","[""tribe4:generic""]",[],Human voices,NATIVE_TABLE,Audio/arabian/a29.wav,3d2213156991aa19057d8fadd16f50e93ae1bf0f5c10dc353139df64528f1ae5,
E:\cultures\vanilla-data\DataX\Libs\data0001.lib,1450,data\engine2d\bin\sounds\humantalk\arabian\a38.wav,PCM,1,22050,16,0.602,"[""generic arabian male"", ""talk arabs male""]","[""soundfxstatic""]","[""tribe4:generic""]",[],Human voices,NATIVE_TABLE,Audio/arabian/a38.wav,fd09a9cf97557a7663e26029b91e264fc58c355acc97aa503d8dd394a817d869,
E:\cultures\vanilla-data\DataX\Libs\data0001.lib,1454,data\engine2d\bin\sounds\generic\animals_dog01.wav,PCM,1,22050,16,0.324,"[""dog sounds""]","[""soundfxstatic""]",[],"[""tribe13""]",Animals,NATIVE_TABLE,Audio/generic/animals_dog01.wav,a7d84277c88dede960ad797763eee40d371eb2a5e4a3723f57e69bf2a2283115,
E:\cultures\vanilla-data\DataX\Libs\data0001.lib,1455,data\engine2d\bin\sounds\humantalk\arabian\a39.wav,PCM,1,22050,16,0.509,"[""generic arabian male"", ""talk arabs male""]","[""soundfxstatic""]","[""tribe4:generic""]",[],Human voices,NATIVE_TABLE,Audio/arabian/a39.wav,69d3db5418d1f3ca238e97255dee4d0a35b53a07e139989773727f75979051b5,
E:\cultures\vanilla-data\DataX\Libs\data0001.lib,1464,data\engine2d\bin\sounds\generic\animals_dog02.wav,PCM,1,22050,16,0.324,"[""dog sounds""]","[""soundfxstatic""]",[],"[""tribe13""]",Animals,NATIVE_TABLE,Audio/generic/animals_dog02.wav,a18ff7ee6870740ae5efc5ac2b47a12292127aaa108535a571bd1e8bb17ad101,
E:\cultures\vanilla-data\DataX\Libs\data0001.lib,1465,data\engine2d\bin\sounds\static\snore m 01.wav,PCM,1,22050,16,12.45,"[""sleep man""]","[""soundfxstatic""]",[],[],Production/actions (folder static),FOLDER_ONLY,Audio/static/snore m 01.wav,c62a19642570238920c9cffdcb0f56d41bcc53ff92344d4d8e99c15a84f52e3a,
E:\cultures\vanilla-data\DataX\Libs\data0001.lib,1473,data\engine2d\bin\sounds\generic\animals_dog03.wav,PCM,1,22050,16,0.37,"[""dog sounds""]","[""soundfxstatic""]",[],"[""tribe13""]",Animals,NATIVE_TABLE,Audio/generic/animals_dog03.wav,899aadce24c343a177017abd14b5d677cb19f3c47d0f3d66d5fbae5b03994b87,
E:\cultures\vanilla-data\DataX\Libs\data0001.lib,1474,data\engine2d\bin\sounds\static\snore m 02.wav,PCM,1,22050,16,12.542,"[""sleep man""]","[""soundfxstatic""]",[],[],Production/actions (folder static),FOLDER_ONLY,Audio/static/snore m 02.wav,1a61b98d1baa4d22df08621bbe011d3acc03d9963d7456a02de12516e89ecc1e,
E:\cultures\vanilla-data\DataX\Libs\data0001.lib,1482,data\engine2d\bin\sounds\generic\animals_dog04.wav,PCM,1,22050,16,0.648,"[""dog sounds""]","[""soundfxstatic""]",[],"[""tribe13""]",Animals,NATIVE_TABLE,Audio/generic/animals_dog04.wav,dec3da63c1caf8f4266346db841bfd946c923770f255dbf6809e9a24f4c6200c,
E:\cultures\vanilla-data\DataX\Libs\data0001.lib,1483,data\engine2d\bin\sounds\static\snore m 03.wav,PCM,1,22050,16,3.98,"[""sleep man short""]","[""soundfxstatic""]",[],[],Production/actions (folder static),FOLDER_ONLY,Audio/static/snore m 03.wav,b968f61b6e97cc6fe7519eac28d2bc9bcdffcdd1c79f415b66fc9a75fa1aa582,
E:\cultures\vanilla-data\DataX\Libs\data0001.lib,1491,data\engine2d\bin\sounds\ambient\grass_01.wav,PCM,1,22050,16,0.926,"[""all snow trees"", ""all trees""]","[""soundfxambient""]",[],[],Ambient,NATIVE_TABLE,Audio/ambient/grass_01.wav,b2d7e6e75a793913171baeee60c7b359ebdd95797212d36ec5506757156f7074,
E:\cultures\vanilla-data\DataX\Libs\data0001.lib,1492,data\engine2d\bin\sounds\generic\animals_dog05.wav,PCM,1,22050,16,0.463,"[""dog sounds""]","[""soundfxstatic""]",[],"[""tribe13""]",Animals,NATIVE_TABLE,Audio/generic/animals_dog05.wav,7e82d5e24d4a5db4d3ba14dd71a85c48cd2c70db5c1e2b453ae154b0d7b2f228,
E:\cultures\vanilla-data\DataX\Libs\data0001.lib,1493,data\engine2d\bin\sounds\static\short_bow01.wav,PCM,1,22050,16,0.278,"[""weapon bow short""]","[""soundfxstatic""]",[],[],Production/actions (folder static),FOLDER_ONLY,Audio/static/short_bow01.wav,b505517c59bef9d1fb52fbe7ba3b4a5815599f9146d4129903818765f079105f,
E:\cultures\vanilla-data\DataX\Libs\data0001.lib,1494,data\engine2d\bin\sounds\static\snore m 04.wav,PCM,1,22050,16,3.98,"[""sleep man short""]","[""soundfxstatic""]",[],[],Production/actions (folder static),FOLDER_ONLY,Audio/static/snore m 04.wav,a99bab244629df101f9aaef3717e496d8cf5a8b7f4e79cf90a622506314f29a6,
E:\cultures\vanilla-data\DataX\Libs\data0001.lib,1506,data\engine2d\bin\sounds\ambient\grass_02.wav,PCM,1,22050,16,1.712,"[""all snow trees"", ""all trees""]","[""soundfxambient""]",[],[],Ambient,NATIVE_TABLE,Audio/ambient/grass_02.wav,ee30e74f76d25481b28b0023968c3e6f1fb7ca50d770387d1fc13dd8a054dcce,
E:\cultures\vanilla-data\DataX\Libs\data0001.lib,1518,data\engine2d\bin\sounds\ambient\grass_03.wav,PCM,1,22050,16,1.25,"[""all snow trees"", ""all trees""]","[""soundfxambient""]",[],[],Ambient,NATIVE_TABLE,Audio/ambient/grass_03.wav,2d002b6408801872c075c8fd957096122beaae5fded4ed70aecf1ffebb7429e7,
E:\cultures\vanilla-data\DataX\Libs\data0001.lib,1575,data\engine2d\bin\sounds\ambient\stone_01.wav,PCM,1,22050,16,1.388,"[""all stones""]","[""soundfxambient""]",[],[],Ambient,NATIVE_TABLE,Audio/ambient/stone_01.wav,f9ff290108921352c8b02c5a579148323c66569bec66c48537667995bc470795,
E:\cultures\vanilla-data\DataX\Libs\data0001.lib,1576,data\engine2d\bin\sounds\ambient\stone_10.wav,PCM,1,22050,16,1.62,"[""all stones""]","[""soundfxambient""]",[],[],Ambient,NATIVE_TABLE,Audio/ambient/stone_10.wav,0e5ff697cd01de0949531ba1b9526ff6933da6ec64427f3d0be243dcfa1e5942,
E:\cultures\vanilla-data\DataX\Libs\data0001.lib,1582,data\engine2d\bin\sounds\ambient\stone_02.wav,PCM,1,22050,16,1.25,"[""all stones""]","[""soundfxambient""]",[],[],Ambient,NATIVE_TABLE,Audio/ambient/stone_02.wav,a602374c2207fff1b27249f589cf4e54d48c9aaf946dbada7438b9efdd40083b,
E:\cultures\vanilla-data\DataX\Libs\data0001.lib,1591,data\engine2d\bin\sounds\ambient\stone_03.wav,PCM,1,22050,16,1.157,"[""all stones""]","[""soundfxambient""]",[],[],Ambient,NATIVE_TABLE,Audio/ambient/stone_03.wav,5131413306d9f707c74c9a3fc197553f1b512dbd9bfac4bf65d689d0ca4d3330,
E:\cultures\vanilla-data\DataX\Libs\data0001.lib,1598,data\engine2d\bin\sounds\ambient\stone_04.wav,PCM,1,22050,16,1.481,"[""all stones""]","[""soundfxambient""]",[],[],Ambient,NATIVE_TABLE,Audio/ambient/stone_04.wav,ef690f4d4b95b6dac53f56edef6157876ad1d34ba2e2c4879e731ecd75c87775,
E:\cultures\vanilla-data\DataX\Libs\data0001.lib,1604,data\engine2d\bin\sounds\ambient\stone_05.wav,PCM,1,22050,16,0.555,"[""all stones""]","[""soundfxambient""]",[],[],Ambient,NATIVE_TABLE,Audio/ambient/stone_05.wav,96c7b8773f196d9ccff6471cd6b9d65a8afe5d6e69994e56b4b20a20bb5c7d3f,
E:\cultures\vanilla-data\DataX\Libs\data0001.lib,1605,data\engine2d\bin\sounds\static\sword short hit01.wav,PCM,1,22050,16,0.463,"[""weapon sword short hit""]","[""soundfxstatic""]",[],[],Combat (name-derived),NAME_DERIVED,Audio/static/sword short hit01.wav,e25c7763d59bedcf7143bcb3a25258b480c9e8e772026739d8cae7914829e94f,
E:\cultures\vanilla-data\DataX\Libs\data0001.lib,1610,data\engine2d\bin\sounds\ambient\stone_06.wav,PCM,1,22050,16,1.435,"[""all stones""]","[""soundfxambient""]",[],[],Ambient,NATIVE_TABLE,Audio/ambient/stone_06.wav,c25968102c8a6040576c5b5e877dafa968889748e4b0a3149106753d52012920,
E:\cultures\vanilla-data\DataX\Libs\data0001.lib,1611,data\engine2d\bin\sounds\humantalk\m10ok01.wav,PCM,1,22050,16,0.509,"[""talk viking male"", ""viking male ok 10""]","[""soundfxstatic""]","[""tribe1:respond""]",[],Human voices,NATIVE_TABLE,Audio/humantalk/m10ok01.wav,e08c60d0438e345fbe4aea676fe9c6af05da74f0f9d2ca124cc701529a505fd3,
E:\cultures\vanilla-data\DataX\Libs\data0001.lib,1612,data\engine2d\bin\sounds\static\sword short hit02.wav,PCM,1,22050,16,0.463,"[""weapon sword short hit""]","[""soundfxstatic""]",[],[],Combat (name-derived),NAME_DERIVED,Audio/static/sword short hit02.wav,36e3b8da7a658d9f12f711471e4138ea0e1aaa51067f925e3bf65de35d95464c,
E:\cultures\vanilla-data\DataX\Libs\data0001.lib,1618,data\engine2d\bin\sounds\ambient\stone_07.wav,PCM,1,22050,16,2.221,"[""all stones""]","[""soundfxambient""]",[],[],Ambient,NATIVE_TABLE,Audio/ambient/stone_07.wav,5266d854d95a16bbecf9c4af83e56b696c61cd32a0b11fee018e08e50dc05c41,
E:\cultures\vanilla-data\DataX\Libs\data0001.lib,1619,data\engine2d\bin\sounds\humantalk\m10ok02.wav,PCM,1,22050,16,0.787,"[""talk viking male"", ""viking male ok 10""]","[""soundfxstatic""]","[""tribe1:respond""]",[],Human voices,NATIVE_TABLE,Audio/humantalk/m10ok02.wav,fc12e15525579a9d2da05514c564c5b3e4e65402c289f724aca0e8c4872849c2,
E:\cultures\vanilla-data\DataX\Libs\data0001.lib,1620,data\engine2d\bin\sounds\humantalk\m11ok01.wav,PCM,1,22050,16,0.324,"[""talk viking male"", ""viking male ok 11""]","[""soundfxstatic""]","[""tribe1:respond""]",[],Human voices,NATIVE_TABLE,Audio/humantalk/m11ok01.wav,c7e1135ac72034a294582bb2655747af61141bd9acb225d2fce5c12fa4d02a75,
E:\cultures\vanilla-data\DataX\Libs\data0001.lib,1621,data\engine2d\bin\sounds\static\sword short hit03.wav,PCM,1,22050,16,0.417,"[""weapon sword short hit""]","[""soundfxstatic""]",[],[],Combat (name-derived),NAME_DERIVED,Audio/static/sword short hit03.wav,a1986b7adfb16b388d78d8eb73c37cd944596f09173922d5c1a566d0eea50c72,
E:\cultures\vanilla-data\DataX\Libs\data0001.lib,1624,data\engine2d\bin\sounds\ambient\stone_08.wav,PCM,1,22050,16,1.157,"[""all stones""]","[""soundfxambient""]",[],[],Ambient,NATIVE_TABLE,Audio/ambient/stone_08.wav,b104b911e5db38d6620b400803cbee171338e0f4437eee44070b72b42e3b0568,
E:\cultures\vanilla-data\DataX\Libs\data0001.lib,1625,data\engine2d\bin\sounds\humantalk\m10ok03.wav,PCM,1,22050,16,0.972,"[""talk viking male"", ""viking male ok 10""]","[""soundfxstatic""]","[""tribe1:respond""]",[],Human voices,NATIVE_TABLE,Audio/humantalk/m10ok03.wav,fc61d5085ee1e6759ae8b96f518c439ac392dd8d5be79efd132d963404f661eb,
E:\cultures\vanilla-data\DataX\Libs\data0001.lib,1626,data\engine2d\bin\sounds\humantalk\m11ok02.wav,PCM,1,22050,16,0.787,"[""talk viking male"", ""viking male ok 11""]","[""soundfxstatic""]","[""tribe1:respond""]",[],Human voices,NATIVE_TABLE,Audio/humantalk/m11ok02.wav,b3eb13878e6bc92b5ae2fee448aff6653af2da1cd786b89e58c9604058d87246,
E:\cultures\vanilla-data\DataX\Libs\data0001.lib,1627,data\engine2d\bin\sounds\humantalk\m12ok01.wav,PCM,1,22050,16,0.37,"[""talk viking male"", ""viking male ok 12""]","[""soundfxstatic""]","[""tribe1:respond""]",[],Human voices,NATIVE_TABLE,Audio/humantalk/m12ok01.wav,aec677eefc04083d121982987cc33cea12534706e7087ec2bf551b087f14cb56,
E:\cultures\vanilla-data\DataX\Libs\data0001.lib,1628,data\engine2d\bin\sounds\static\sword short hit04.wav,PCM,1,22050,16,0.139,"[""weapon sword short hit house""]","[""soundfxstatic""]",[],[],Combat (name-derived),NAME_DERIVED,Audio/static/sword short hit04.wav,4a64856ecc4cb30d7687125084dd0c5e9b0780c76d4d76b5ef5fbb746729722e,
E:\cultures\vanilla-data\DataX\Libs\data0001.lib,1633,data\engine2d\bin\sounds\ambient\stone_09.wav,PCM,1,22050,16,1.759,"[""all stones""]","[""soundfxambient""]",[],[],Ambient,NATIVE_TABLE,Audio/ambient/stone_09.wav,57c74afe053182911f20db40ec81ea138fee33760cef89c74496f4ba8915b534,
E:\cultures\vanilla-data\DataX\Libs\data0001.lib,1634,data\engine2d\bin\sounds\humantalk\m10no01.wav,PCM,1,22050,16,0.648,"[""talk viking male"", ""viking male no 10""]","[""soundfxstatic""]","[""tribe1:respond""]",[],Human voices,NATIVE_TABLE,Audio/humantalk/m10no01.wav,89ada2d59917f41b6a36392498a92088e03c96dcc859d2f604778dd220158fe8,
E:\cultures\vanilla-data\DataX\Libs\data0001.lib,1635,data\engine2d\bin\sounds\humantalk\m11ok03.wav,PCM,1,22050,16,0.926,"[""talk viking male"", ""viking male ok 11""]","[""soundfxstatic""]","[""tribe1:respond""]",[],Human voices,NATIVE_TABLE,Audio/humantalk/m11ok03.wav,81789ce75e44e18d20b30288b806ba6e8c1475bb4ed097c66b8817dcc592d894,
E:\cultures\vanilla-data\DataX\Libs\data0001.lib,1636,data\engine2d\bin\sounds\humantalk\m12ok02.wav,PCM,1,22050,16,0.787,"[""talk viking male"", ""viking male ok 12""]","[""soundfxstatic""]","[""tribe1:respond""]",[],Human voices,NATIVE_TABLE,Audio/humantalk/m12ok02.wav,5c35ba47eb96a6068b952459b29f852f81b157238aabf915ca9c22a195a655e4,
E:\cultures\vanilla-data\DataX\Libs\data0001.lib,1637,data\engine2d\bin\sounds\humantalk\m13ok01.wav,PCM,1,22050,16,0.324,"[""talk viking male"", ""viking male ok 13""]","[""soundfxstatic""]","[""tribe1:respond""]",[],Human voices,NATIVE_TABLE,Audio/humantalk/m13ok01.wav,867e9f4e0f51109f157e35fc0c54db404ab25ae7d19e24b5f63a0be1c7e80dc8,
E:\cultures\vanilla-data\DataX\Libs\data0001.lib,1638,data\engine2d\bin\sounds\static\fishing01.wav,PCM,1,22050,16,0.787,"[""fisherman in""]","[""soundfxstatic""]",[],[],Production/actions (folder static),FOLDER_ONLY,Audio/static/fishing01.wav,77b419d29eec75a747bb6e04f01b3f437e2a6ecb80fa74b707fbef15284fa6c0,
E:\cultures\vanilla-data\DataX\Libs\data0001.lib,1639,data\engine2d\bin\sounds\static\fishing10.wav,PCM,1,22050,16,2.36,"[""fisherman humming1""]","[""soundfxstatic""]",[],[],Production/actions (folder static),FOLDER_ONLY,Audio/static/fishing10.wav,170e0f2dcb0118bbabea0e57df5301a2caf5fb386fadbef5287b6073d31452db,
E:\cultures\vanilla-data\DataX\Libs\data0001.lib,1640,data\engine2d\bin\sounds\static\sword short hit05.wav,PCM,1,22050,16,0.231,"[""weapon sword short hit wood""]","[""soundfxstatic""]",[],[],Combat (name-derived),NAME_DERIVED,Audio/static/sword short hit05.wav,9670f6dbf412fdc30be7bc1f3889db888ec55ccb8454e58112caf4fb6761be12,
E:\cultures\vanilla-data\DataX\Libs\data0001.lib,1643,data\engine2d\bin\sounds\ambient\volcano.wav,PCM,1,22050,16,17.17,"[""volcano""]","[""soundfxambient""]",[],[],Ambient,NATIVE_TABLE,Audio/ambient/volcano.wav,fe3a55d70f33a25b7e992f29ce9c2368995f5d66c3a3e1b2251bf5205a5a84bf,
E:\cultures\vanilla-data\DataX\Libs\data0001.lib,1644,data\engine2d\bin\sounds\humantalk\m10no02.wav,PCM,1,22050,16,0.926,"[""talk viking male"", ""viking male no 10""]","[""soundfxstatic""]","[""tribe1:respond""]",[],Human voices,NATIVE_TABLE,Audio/humantalk/m10no02.wav,ef9ef1e7fc4632cb0dfc9c4bed5723b113e984d77604279b11317cd38e9fdc32,
E:\cultures\vanilla-data\DataX\Libs\data0001.lib,1645,data\engine2d\bin\sounds\humantalk\m11no01.wav,PCM,1,22050,16,0.509,"[""talk viking male"", ""viking male no 11""]","[""soundfxstatic""]","[""tribe1:respond""]",[],Human voices,NATIVE_TABLE,Audio/humantalk/m11no01.wav,a2dd792ca3a09391aaaba7fcef524ab2f6711dee41b7ca44e1abb9cfcf8ba431,
E:\cultures\vanilla-data\DataX\Libs\data0001.lib,1646,data\engine2d\bin\sounds\humantalk\m12ok03.wav,PCM,1,22050,16,0.972,"[""talk viking male"", ""viking male ok 12""]","[""soundfxstatic""]","[""tribe1:respond""]",[],Human voices,NATIVE_TABLE,Audio/humantalk/m12ok03.wav,7670a6913e087a656f1f2984071b18f5068cd0d09aadad5a74d1b028c058aa34,
E:\cultures\vanilla-data\DataX\Libs\data0001.lib,1647,data\engine2d\bin\sounds\humantalk\m13ok02.wav,PCM,1,22050,16,0.694,"[""talk viking male"", ""viking male ok 13""]","[""soundfxstatic""]","[""tribe1:respond""]",[],Human voices,NATIVE_TABLE,Audio/humantalk/m13ok02.wav,e5af85572bc12339aa2cbfac4af00bc30f45999eda47f7323b16a6162b9d16de,
E:\cultures\vanilla-data\DataX\Libs\data0001.lib,1648,data\engine2d\bin\sounds\static\fishing02.wav,PCM,1,22050,16,0.463,"[""fisherman out no fish""]","[""soundfxstatic""]",[],[],Production/actions (folder static),FOLDER_ONLY,Audio/static/fishing02.wav,cb44d5edc3d3f6acd5f9cda581330025d7e33dad0e01bc81e4b862c6226a4aff,
E:\cultures\vanilla-data\DataX\Libs\data0001.lib,1655,data\engine2d\bin\sounds\humantalk\m10no03.wav,PCM,1,22050,16,0.879,"[""talk viking male"", ""viking male no 10""]","[""soundfxstatic""]","[""tribe1:respond""]",[],Human voices,NATIVE_TABLE,Audio/humantalk/m10no03.wav,03cbce5c54a0e5395bec5d1d5545b28b66f4c81e8db353c0b174b0d22aa38c96,
E:\cultures\vanilla-data\DataX\Libs\data0001.lib,1656,data\engine2d\bin\sounds\humantalk\m11no02.wav,PCM,1,22050,16,0.833,"[""talk viking male"", ""viking male no 11""]","[""soundfxstatic""]","[""tribe1:respond""]",[],Human voices,NATIVE_TABLE,Audio/humantalk/m11no02.wav,c8c142f52f7c7b7d43aa60deb3ed470fcf1f811aa7f6e1c8ac45d2dc66061b3e,
E:\cultures\vanilla-data\DataX\Libs\data0001.lib,1657,data\engine2d\bin\sounds\humantalk\m12no01.wav,PCM,1,22050,16,0.555,"[""talk viking male"", ""viking male no 12""]","[""soundfxstatic""]","[""tribe1:respond""]",[],Human voices,NATIVE_TABLE,Audio/humantalk/m12no01.wav,3dec3d30f34c2ea20c33721db67bf23fef1390c7ee2d45778361d5053f8d681a,
E:\cultures\vanilla-data\DataX\Libs\data0001.lib,1658,data\engine2d\bin\sounds\humantalk\m13ok03.wav,PCM,1,22050,16,0.833,"[""talk viking male"", ""viking male ok 13""]","[""soundfxstatic""]","[""tribe1:respond""]",[],Human voices,NATIVE_TABLE,Audio/humantalk/m13ok03.wav,11711fbf1c9a09c4a262238c60c7afb23c63b8cb950f6ab62906a24b659c0492,
E:\cultures\vanilla-data\DataX\Libs\data0001.lib,1659,data\engine2d\bin\sounds\static\fishing03.wav,PCM,1,22050,16,1.342,"[""fisherman out fish""]","[""soundfxstatic""]",[],[],Production/actions (folder static),FOLDER_ONLY,Audio/static/fishing03.wav,a075d91ff9688bf8234ae692c31504de29e4a41100c341ef836eda17adaa671a,
E:\cultures\vanilla-data\DataX\Libs\data0001.lib,1662,data\engine2d\bin\sounds\ambient\c2 ambient loops.txt,TEXT,,,,,[],[],[],[],Ambient,NATIVE_TABLE,Audio/ambient/c2 ambient loops.txt,a09e3e8b66b0503fe9dd353f31ec380992fbba06db3987e25d854c7e1492e903,
E:\cultures\vanilla-data\DataX\Libs\data0001.lib,1663,data\engine2d\bin\sounds\humantalk\m10no04.wav,PCM,1,22050,16,0.879,"[""talk viking male"", ""viking male no 10""]","[""soundfxstatic""]","[""tribe1:respond""]",[],Human voices,NATIVE_TABLE,Audio/humantalk/m10no04.wav,775cddd1e4c31f3613c97feb0f9581582e9fef9ea421a2d0eb82c027b6a849f2,
E:\cultures\vanilla-data\DataX\Libs\data0001.lib,1664,data\engine2d\bin\sounds\humantalk\m11no03.wav,PCM,1,22050,16,0.833,"[""talk viking male"", ""viking male no 11""]","[""soundfxstatic""]","[""tribe1:respond""]",[],Human voices,NATIVE_TABLE,Audio/humantalk/m11no03.wav,45200ea91a0b99e10a10906085f3191ac7f5aefa4eb2bac3594d593bb3db0907,
E:\cultures\vanilla-data\DataX\Libs\data0001.lib,1665,data\engine2d\bin\sounds\humantalk\m12no02.wav,PCM,1,22050,16,0.879,"[""talk viking male"", ""viking male no 12""]","[""soundfxstatic""]","[""tribe1:respond""]",[],Human voices,NATIVE_TABLE,Audio/humantalk/m12no02.wav,69ecbe9ea262e653df1284f37ea3d40e1611b35c1b8bcb3f0eccfb51466e77dd,
E:\cultures\vanilla-data\DataX\Libs\data0001.lib,1666,data\engine2d\bin\sounds\humantalk\m13no01.wav,PCM,1,22050,16,0.602,"[""talk viking male"", ""viking male no 13""]","[""soundfxstatic""]","[""tribe1:respond""]",[],Human voices,NATIVE_TABLE,Audio/humantalk/m13no01.wav,77b77668d7b8b0218d84ce07ed22ba5189db0f2cca99db9b48098ee292f97a93,
E:\cultures\vanilla-data\DataX\Libs\data0001.lib,1667,data\engine2d\bin\sounds\static\fishing04.wav,PCM,1,22050,16,0.833,"[""fisherman out fish""]","[""soundfxstatic""]",[],[],Production/actions (folder static),FOLDER_ONLY,Audio/static/fishing04.wav,ff2a3fd882830f07fb408d20586cc068edf686fdb2f9cbb36c7b81cadf5ed62e,
E:\cultures\vanilla-data\DataX\Libs\data0001.lib,1668,data\engine2d\bin\sounds\static\hit f 01.wav,PCM,1,22050,16,0.417,"[""woman get hit""]","[""soundfxstatic""]","[""tribe1:scream"", ""tribe2:scream"", ""tribe3:scream"", ""tribe4:scream""]",[],Human voices,NATIVE_TABLE,Audio/static/hit f 01.wav,4d98593f80f30cd2100d8752ada52fe457aa93a6a0ecde34fb13655d0415c5ba,
E:\cultures\vanilla-data\DataX\Libs\data0001.lib,1671,data\engine2d\bin\sounds\humantalk\m11no04.wav,PCM,1,22050,16,0.787,"[""talk viking male"", ""viking male no 11""]","[""soundfxstatic""]","[""tribe1:respond""]",[],Human voices,NATIVE_TABLE,Audio/humantalk/m11no04.wav,7669bb3aa14e50d4d11fc977083d9f0845e21fab8943ac6294a7ce2de132b47d,
E:\cultures\vanilla-data\DataX\Libs\data0001.lib,1672,data\engine2d\bin\sounds\humantalk\m12no03.wav,PCM,1,22050,16,0.879,"[""talk viking male"", ""viking male no 12""]","[""soundfxstatic""]","[""tribe1:respond""]",[],Human voices,NATIVE_TABLE,Audio/humantalk/m12no03.wav,9f6a1cd9efa102b66a34d74db04a88442fa7b628710c52a89db71f430af50e35,
E:\cultures\vanilla-data\DataX\Libs\data0001.lib,1673,data\engine2d\bin\sounds\humantalk\m13no02.wav,PCM,1,22050,16,0.833,"[""talk viking male"", ""viking male no 13""]","[""soundfxstatic""]","[""tribe1:respond""]",[],Human voices,NATIVE_TABLE,Audio/humantalk/m13no02.wav,3d128230bb6a658c42860a235fb309a3f6b79260162b3256c11ce77d614130ac,
E:\cultures\vanilla-data\DataX\Libs\data0001.lib,1674,data\engine2d\bin\sounds\static\fishing05.wav,PCM,1,22050,16,2.916,"[""fisherman humming1""]","[""soundfxstatic""]",[],[],Production/actions (folder static),FOLDER_ONLY,Audio/static/fishing05.wav,44adf10a5aadf37b6acb66e9ee437eac6e696e21c05c127074c11f1762e5833d,
E:\cultures\vanilla-data\DataX\Libs\data0001.lib,1675,data\engine2d\bin\sounds\static\hit f 02.wav,PCM,1,22050,16,0.509,"[""woman get hit""]","[""soundfxstatic""]","[""tribe1:scream"", ""tribe2:scream"", ""tribe3:scream"", ""tribe4:scream""]",[],Human voices,NATIVE_TABLE,Audio/static/hit f 02.wav,8dc7fd8c69243249c67584bcd3913a55d3a6d7a4967eeba2b545fbe6d5fd128d,
E:\cultures\vanilla-data\DataX\Libs\data0001.lib,1681,data\engine2d\bin\sounds\humantalk\m12no04.wav,PCM,1,22050,16,0.972,"[""talk viking male"", ""viking male no 12""]","[""soundfxstatic""]","[""tribe1:respond""]",[],Human voices,NATIVE_TABLE,Audio/humantalk/m12no04.wav,990f4db2826fb724925be0ce256f3f34348eeacd53ece52e18ec69fc223d0c4f,
E:\cultures\vanilla-data\DataX\Libs\data0001.lib,1682,data\engine2d\bin\sounds\humantalk\m13no03.wav,PCM,1,22050,16,0.926,"[""talk viking male"", ""viking male no 13""]","[""soundfxstatic""]","[""tribe1:respond""]",[],Human voices,NATIVE_TABLE,Audio/humantalk/m13no03.wav,141dec7f5ed35566ffa2a97a356ac889e6466cc6ef347d368a01c9e4bebb5e6d,
E:\cultures\vanilla-data\DataX\Libs\data0001.lib,1683,data\engine2d\bin\sounds\static\butcher01.wav,PCM,1,22050,16,2.407,"[""butcher""]","[""soundfxstatic""]",[],[],Production/actions (folder static),FOLDER_ONLY,Audio/static/butcher01.wav,e6aac74262144886f6791157306f930beeb2d1a98a8be922cacf512546e353b3,
E:\cultures\vanilla-data\DataX\Libs\data0001.lib,1684,data\engine2d\bin\sounds\static\fishing06.wav,PCM,1,22050,16,4.304,"[""fisherman humming1""]","[""soundfxstatic""]",[],[],Production/actions (folder static),FOLDER_ONLY,Audio/static/fishing06.wav,0d602a654b7382411a841e847bf024f845c25548b1f008184b64f2bd83f7a063,
E:\cultures\vanilla-data\DataX\Libs\data0001.lib,1685,data\engine2d\bin\sounds\static\hit f 03.wav,PCM,1,22050,16,0.324,"[""weapon woman fist hit wood""]","[""soundfxstatic""]",[],[],Combat (name-derived),NAME_DERIVED,Audio/static/hit f 03.wav,3c9912d7ad2fa90ae07bf4c29f4dc6f23532bc7f25f82b192882382e2f5fd808,
E:\cultures\vanilla-data\DataX\Libs\data0001.lib,1688,data\engine2d\bin\sounds\humantalk\m13no04.wav,PCM,1,22050,16,0.926,"[""talk viking male"", ""viking male no 13""]","[""soundfxstatic""]","[""tribe1:respond""]",[],Human voices,NATIVE_TABLE,Audio/humantalk/m13no04.wav,26579075f9244e94ce490ec00bb9913d6d160cb1bb2e0572da6f0c4c2a2fb263,
E:\cultures\vanilla-data\DataX\Libs\data0001.lib,1689,data\engine2d\bin\sounds\static\butcher02.wav,PCM,1,22050,16,2.453,"[""butcher""]","[""soundfxstatic""]",[],[],Production/actions (folder static),FOLDER_ONLY,Audio/static/butcher02.wav,874005fffab41d51a9ca101835b9613a9fac9378e12ada6a7e12008aa4018558,
E:\cultures\vanilla-data\DataX\Libs\data0001.lib,1690,data\engine2d\bin\sounds\static\fishing07.wav,PCM,1,22050,16,1.898,"[""fisherman humming1""]","[""soundfxstatic""]",[],[],Production/actions (folder static),FOLDER_ONLY,Audio/static/fishing07.wav,aee2d808ba13f5fbdc4321dd08bfb048630c64eb98e74fbfcccb6805640f42fb,
E:\cultures\vanilla-data\DataX\Libs\data0001.lib,1691,data\engine2d\bin\sounds\static\hit f 04.wav,PCM,1,22050,16,0.602,"[""woman get hit""]","[""soundfxstatic""]","[""tribe1:scream"", ""tribe2:scream"", ""tribe3:scream"", ""tribe4:scream""]",[],Human voices,NATIVE_TABLE,Audio/static/hit f 04.wav,300597268b371d8f3b4080ec4fc375a33a3e416273dc8ed86723940cccc1c715,
E:\cultures\vanilla-data\DataX\Libs\data0001.lib,1697,data\engine2d\bin\sounds\static\butcher03.wav,PCM,1,22050,16,1.203,"[""butcher""]","[""soundfxstatic""]",[],[],Production/actions (folder static),FOLDER_ONLY,Audio/static/butcher03.wav,a932edda0b678c206e567fb4e4938bf467c3cfd9fe59931a707a5316a75a96f6,
E:\cultures\vanilla-data\DataX\Libs\data0001.lib,1698,data\engine2d\bin\sounds\static\fishing08.wav,PCM,1,22050,16,1.111,"[""fisherman humming1""]","[""soundfxstatic""]",[],[],Production/actions (folder static),FOLDER_ONLY,Audio/static/fishing08.wav,cd748211592a143a18b8963204f31767137c72bb97eb2685f8cecbeb0e606e65,
E:\cultures\vanilla-data\DataX\Libs\data0001.lib,1699,data\engine2d\bin\sounds\static\hit f 05.wav,PCM,1,22050,16,0.555,"[""woman get hit""]","[""soundfxstatic""]","[""tribe1:scream"", ""tribe2:scream"", ""tribe3:scream"", ""tribe4:scream""]",[],Human voices,NATIVE_TABLE,Audio/static/hit f 05.wav,b07dc8b1744c8669b22ad6b72cc90d42b6e6c30f53c066664a9403e6b6a64ee7,
E:\cultures\vanilla-data\DataX\Libs\data0001.lib,1705,data\engine2d\bin\sounds\static\arrow_hit_water.wav,PCM,1,22050,16,0.833,"[""weapon bow hit water""]","[""soundfxstatic""]",[],[],Combat (name-derived),NAME_DERIVED,Audio/static/arrow_hit_water.wav,293f22f15fb87ac6b00147a0daafdc0689566028f32a05ff882cbd8c7696cad5,
E:\cultures\vanilla-data\DataX\Libs\data0001.lib,1706,data\engine2d\bin\sounds\static\butcher04.wav,PCM,1,22050,16,2.453,"[""butcher""]","[""soundfxstatic""]",[],[],Production/actions (folder static),FOLDER_ONLY,Audio/static/butcher04.wav,f43e32f2920b1cc47127fd73343c6ea00940d91ad5997f28143eff8bf3b221d1,
E:\cultures\vanilla-data\DataX\Libs\data0001.lib,1707,data\engine2d\bin\sounds\static\fishing09.wav,PCM,1,22050,16,1.944,"[""fisherman humming1""]","[""soundfxstatic""]",[],[],Production/actions (folder static),FOLDER_ONLY,Audio/static/fishing09.wav,b7a02a6b4016725af4c4901c94bf9f27c7e20c9784c8757efcfb3f9c3c3ab06f,
E:\cultures\vanilla-data\DataX\Libs\data0001.lib,1708,data\engine2d\bin\sounds\static\hit f 06.wav,PCM,1,22050,16,0.509,"[""woman get hit""]","[""soundfxstatic""]","[""tribe1:scream"", ""tribe2:scream"", ""tribe3:scream"", ""tribe4:scream""]",[],Human voices,NATIVE_TABLE,Audio/static/hit f 06.wav,d3ad692b9f761ffd531d7daa50454012dd27c3408fc63cdd85714d8aad9e410b,
E:\cultures\vanilla-data\DataX\Libs\data0001.lib,1713,data\engine2d\bin\sounds\static\hit f 07.wav,PCM,1,22050,16,0.37,"[""woman get hit""]","[""soundfxstatic""]","[""tribe1:scream"", ""tribe2:scream"", ""tribe3:scream"", ""tribe4:scream""]",[],Human voices,NATIVE_TABLE,Audio/static/hit f 07.wav,7d3dc5f4a7471286a08f8354c14ec6875180a039775b5b91e718aad0c24e304f,
E:\cultures\vanilla-data\DataX\Libs\data0001.lib,1720,data\engine2d\bin\sounds\static\hit f 08.wav,PCM,1,22050,16,1.203,"[""woman get hit""]","[""soundfxstatic""]","[""tribe1:scream"", ""tribe2:scream"", ""tribe3:scream"", ""tribe4:scream""]",[],Human voices,NATIVE_TABLE,Audio/static/hit f 08.wav,33bf148d97e10d8bf4b208b6a171a9deaf75b20775eead3710a1e9eefda9e196,
E:\cultures\vanilla-data\DataX\Libs\data0001.lib,1721,data\engine2d\bin\sounds\static\hit m 01.wav,PCM,1,22050,16,0.555,"[""man get hit""]","[""soundfxstatic""]","[""tribe1:scream"", ""tribe2:scream"", ""tribe3:scream"", ""tribe4:scream""]",[],Human voices,NATIVE_TABLE,Audio/static/hit m 01.wav,7b1c4e7395752594abeb12fc5e4e849bb086aad3ff03ef7ebf06a3c3f18591b3,
E:\cultures\vanilla-data\DataX\Libs\data0001.lib,1722,data\engine2d\bin\sounds\static\hit m 10.wav,PCM,1,22050,16,0.139,"[""man get hit""]","[""soundfxstatic""]","[""tribe1:scream"", ""tribe2:scream"", ""tribe3:scream"", ""tribe4:scream""]",[],Human voices,NATIVE_TABLE,Audio/static/hit m 10.wav,5d594af67b993e634f2fc749e6064359245250d67c4a39f61e79883fd7c17f1b,
E:\cultures\vanilla-data\DataX\Libs\data0001.lib,1730,data\engine2d\bin\sounds\static\hit f 09.wav,PCM,1,22050,16,0.694,"[""woman get hit""]","[""soundfxstatic""]","[""tribe1:scream"", ""tribe2:scream"", ""tribe3:scream"", ""tribe4:scream""]",[],Human voices,NATIVE_TABLE,Audio/static/hit f 09.wav,1d8e297fc7d3a8a12fb6e07f583ee11930f5c8a17a2e1484433991e8045579ef,
E:\cultures\vanilla-data\DataX\Libs\data0001.lib,1731,data\engine2d\bin\sounds\static\hit m 02.wav,PCM,1,22050,16,0.602,"[""man get hit""]","[""soundfxstatic""]","[""tribe1:scream"", ""tribe2:scream"", ""tribe3:scream"", ""tribe4:scream""]",[],Human voices,NATIVE_TABLE,Audio/static/hit m 02.wav,93b1cf31b4a5f19dd0ab2937151963aeafd9ca902d3a38fa9b8aa5196f398ad0,
E:\cultures\vanilla-data\DataX\Libs\data0001.lib,1732,data\engine2d\bin\sounds\static\hit m 11.wav,PCM,1,22050,16,0.185,"[""man get hit""]","[""soundfxstatic""]","[""tribe1:scream"", ""tribe2:scream"", ""tribe3:scream"", ""tribe4:scream""]",[],Human voices,NATIVE_TABLE,Audio/static/hit m 11.wav,e5024557fc2eeffbaa5ad8fe77b6846acc110b007da925ed64bfeb5ea18a3beb,
E:\cultures\vanilla-data\DataX\Libs\data0001.lib,1738,data\engine2d\bin\sounds\static\hit m 03.wav,PCM,1,22050,16,0.37,"[""weapon fist hit wood""]","[""soundfxstatic""]",[],[],Combat (name-derived),NAME_DERIVED,Audio/static/hit m 03.wav,358cd5452b9454e3ff1e8b6f477c07db8f1cf322e381e28222de239ae6c0f1ae,
E:\cultures\vanilla-data\DataX\Libs\data0001.lib,1741,data\engine2d\bin\sounds\static\baker_shovel01.wav,PCM,1,22050,16,1.805,"[""baker shovel long""]","[""soundfxstatic""]",[],[],Production/actions (folder static),FOLDER_ONLY,Audio/static/baker_shovel01.wav,8e8180f3bc62a7c8af3eeef7c5c3942084a2bc251abd1ae362c5a0e6773e256c,
E:\cultures\vanilla-data\DataX\Libs\data0001.lib,1742,data\engine2d\bin\sounds\static\hit m 04.wav,PCM,1,22050,16,0.278,"[""man get hit""]","[""soundfxstatic""]","[""tribe1:scream"", ""tribe2:scream"", ""tribe3:scream"", ""tribe4:scream""]",[],Human voices,NATIVE_TABLE,Audio/static/hit m 04.wav,1e15ef454a1c821115bb0d5117f172ba07ce78028d757a683486c1d4eeedd734,
E:\cultures\vanilla-data\DataX\Libs\data0001.lib,1744,data\engine2d\bin\sounds\static\baker_shovel02.wav,PCM,1,22050,16,1.25,"[""baker shovel short""]","[""soundfxstatic""]",[],[],Production/actions (folder static),FOLDER_ONLY,Audio/static/baker_shovel02.wav,9853fb1b566797bfc2bc3375931b5d5eb02ad4ea898510efdd567bd51dbb3592,
E:\cultures\vanilla-data\DataX\Libs\data0001.lib,1745,data\engine2d\bin\sounds\static\hit m 05.wav,PCM,1,22050,16,0.463,"[""man get hit""]","[""soundfxstatic""]","[""tribe1:scream"", ""tribe2:scream"", ""tribe3:scream"", ""tribe4:scream""]",[],Human voices,NATIVE_TABLE,Audio/static/hit m 05.wav,7756d4fb7fc9eb6dde1dfb3d31eef0623d06473eff4e2e3b79f7861b69a85754,
E:\cultures\vanilla-data\DataX\Libs\data0001.lib,1750,data\engine2d\bin\sounds\static\hit m 06.wav,PCM,1,22050,16,0.139,"[""man get hit""]","[""soundfxstatic""]","[""tribe1:scream"", ""tribe2:scream"", ""tribe3:scream"", ""tribe4:scream""]",[],Human voices,NATIVE_TABLE,Audio/static/hit m 06.wav,2b802905db72f4955b9bcc6e3ba363783ba4e8095925316c6d16004d482b4074,
E:\cultures\vanilla-data\DataX\Libs\data0001.lib,1757,data\engine2d\bin\sounds\static\hit m 07.wav,PCM,1,22050,16,0.139,"[""man get hit""]","[""soundfxstatic""]","[""tribe1:scream"", ""tribe2:scream"", ""tribe3:scream"", ""tribe4:scream""]",[],Human voices,NATIVE_TABLE,Audio/static/hit m 07.wav,e341c14a2988b98522b00a530abbc5947f6debcd88e50a2425b4a5aa75a66641,
E:\cultures\vanilla-data\DataX\Libs\data0001.lib,1767,data\engine2d\bin\sounds\static\hit m 08.wav,PCM,1,22050,16,0.185,"[""man get hit""]","[""soundfxstatic""]","[""tribe1:scream"", ""tribe2:scream"", ""tribe3:scream"", ""tribe4:scream""]",[],Human voices,NATIVE_TABLE,Audio/static/hit m 08.wav,8aa92958a29f9eb5c578ca3307e93893a8b9dbd1c8b79ccc4e63fbcecec16918,
E:\cultures\vanilla-data\DataX\Libs\data0001.lib,1778,data\engine2d\bin\sounds\ambient\ice_cracking1.wav,PCM,1,22050,16,1.875,"[""ice cracks""]","[""soundfxambient""]",[],[],Ambient,NATIVE_TABLE,Audio/ambient/ice_cracking1.wav,ffb7a6b702252dff82d99fb250ba846fc7a42745f26f457aa6347a82e0fee5e8,
E:\cultures\vanilla-data\DataX\Libs\data0001.lib,1779,data\engine2d\bin\sounds\generic\human_sneeze c 01.wav,PCM,1,22050,16,0.37,"[""generic viking children""]","[""soundfxstatic""]","[""tribe1:generic"", ""tribe2:generic"", ""tribe3:generic"", ""tribe4:generic""]",[],Human voices,NATIVE_TABLE,Audio/generic/human_sneeze c 01.wav,5cdfdbe29bf4ad8f229c12c5901161619856f2799c01287e2611f66ed442f888,
E:\cultures\vanilla-data\DataX\Libs\data0001.lib,1780,data\engine2d\bin\sounds\static\hit m 09.wav,PCM,1,22050,16,0.231,"[""man get hit""]","[""soundfxstatic""]","[""tribe1:scream"", ""tribe2:scream"", ""tribe3:scream"", ""tribe4:scream""]",[],Human voices,NATIVE_TABLE,Audio/static/hit m 09.wav,1971c59f650824c47a2e05a2bb58a1782f73453fc4246dcd90a9830336537eee,
E:\cultures\vanilla-data\DataX\Libs\data0001.lib,1791,data\engine2d\bin\sounds\ambient\ice_cracking2.wav,PCM,1,22050,16,3.432,"[""ice cracks""]","[""soundfxambient""]",[],[],Ambient,NATIVE_TABLE,Audio/ambient/ice_cracking2.wav,8b9d254a1519b737d42949cdf733e14af86103af32ee806be231c08bf359f25e,
E:\cultures\vanilla-data\DataX\Libs\data0001.lib,1792,data\engine2d\bin\sounds\generic\human_sneeze c 02.wav,PCM,1,22050,16,0.509,"[""generic viking children""]","[""soundfxstatic""]","[""tribe1:generic"", ""tribe2:generic"", ""tribe3:generic"", ""tribe4:generic""]",[],Human voices,NATIVE_TABLE,Audio/generic/human_sneeze c 02.wav,e92c9ed456a6f1b3ddf192b8d87aa07f05208e6db7990004dee96d9fea58a3cb,
E:\cultures\vanilla-data\DataX\Libs\data0001.lib,1793,data\engine2d\bin\sounds\static\fisthit01.wav,PCM,1,22050,16,0.185,"[""weapon fist hit""]","[""soundfxstatic""]",[],[],Combat (name-derived),NAME_DERIVED,Audio/static/fisthit01.wav,378b1ced884df6b8468ec782434008cb791070fdd75e83f12112a55cb5ce68b9,
E:\cultures\vanilla-data\DataX\Libs\data0001.lib,1801,data\engine2d\bin\sounds\ambient\ice_cracking3.wav,PCM,1,22050,16,1.398,"[""ice cracks""]","[""soundfxambient""]",[],[],Ambient,NATIVE_TABLE,Audio/ambient/ice_cracking3.wav,0d7a3188f3e3d4b3aae0c4fb4408c248ca6e925bb124fbda70edb72a92a7cdec,
E:\cultures\vanilla-data\DataX\Libs\data0001.lib,1802,data\engine2d\bin\sounds\generic\human_crying c 01.wav,PCM,1,22050,16,1.898,"[""generic viking children""]","[""soundfxstatic""]","[""tribe1:generic"", ""tribe2:generic"", ""tribe3:generic"", ""tribe4:generic""]",[],Human voices,NATIVE_TABLE,Audio/generic/human_crying c 01.wav,c5e2db24b67c97dd9ebc278c7fd4e6b3b48e371531222bd5575267d96fadc3eb,
E:\cultures\vanilla-data\DataX\Libs\data0001.lib,1803,data\engine2d\bin\sounds\static\fisthit02.wav,PCM,1,22050,16,0.185,"[""weapon fist hit""]","[""soundfxstatic""]",[],[],Combat (name-derived),NAME_DERIVED,Audio/static/fisthit02.wav,ed2cc43058bbe722f3016155205530a2b1f5f1604ef1431862ddabbbc45f7e04,
E:\cultures\vanilla-data\DataX\Libs\data0001.lib,1812,data\engine2d\bin\sounds\ambient\ice_cracking4.wav,PCM,1,22050,16,3.273,[],[],[],[],Ambient,UNKNOWN (no native reference),Audio/ambient/ice_cracking4.wav,7dd70848f943f3c090883900a6fc1fa90ffcf5aa551cbd939a4274576035e7d6,
E:\cultures\vanilla-data\DataX\Libs\data0001.lib,1813,data\engine2d\bin\sounds\generic\human_crying c 02.wav,PCM,1,22050,16,1.25,"[""generic viking children""]","[""soundfxstatic""]","[""tribe1:generic"", ""tribe2:generic"", ""tribe3:generic"", ""tribe4:generic""]",[],Human voices,NATIVE_TABLE,Audio/generic/human_crying c 02.wav,8e674a16acd20e4c591f081ea8ffb9b00bd3239e582a1a6b264c22c0c31dc2ad,
E:\cultures\vanilla-data\DataX\Libs\data0001.lib,1814,data\engine2d\bin\sounds\generic\human_sneeze f 01.wav,PCM,1,22050,16,1.018,"[""generic latin female"", ""generic viking female""]","[""soundfxstatic""]","[""tribe1:generic"", ""tribe2:generic"", ""tribe3:generic"", ""tribe4:generic""]",[],Human voices,NATIVE_TABLE,Audio/generic/human_sneeze f 01.wav,51fb7516c6d2570f6d99a6b35d02c6aeac4167f4282683e61f62befb8977c399,
E:\cultures\vanilla-data\DataX\Libs\data0001.lib,1815,data\engine2d\bin\sounds\static\catapult.wav,PCM,1,22050,16,4.397,"[""weapon catapult""]","[""soundfxstatic""]",[],[],Production/actions (folder static),FOLDER_ONLY,Audio/static/catapult.wav,bb30ae7778ed7c761056127e147a687b67808744ca94bd65f506507b9621ec08,
E:\cultures\vanilla-data\DataX\Libs\data0001.lib,1816,data\engine2d\bin\sounds\static\fisthit03.wav,PCM,1,22050,16,0.185,"[""weapon fist hit""]","[""soundfxstatic""]",[],[],Combat (name-derived),NAME_DERIVED,Audio/static/fisthit03.wav,1c7270b716a49aa074e77f7fe41aee666b114f918619261d2dfcd7cf5f6a8ff5,
E:\cultures\vanilla-data\DataX\Libs\data0001.lib,1823,data\engine2d\bin\sounds\ambient\ice_cracking5.wav,PCM,1,22050,16,4.227,[],[],[],[],Ambient,UNKNOWN (no native reference),Audio/ambient/ice_cracking5.wav,4bf6538483f7086ff25368a8d816f699082c9e98845201ec5d7a73dc09031d76,
E:\cultures\vanilla-data\DataX\Libs\data0001.lib,1824,data\engine2d\bin\sounds\generic\human_sneeze f 02.wav,PCM,1,22050,16,0.602,"[""generic latin female"", ""generic viking female""]","[""soundfxstatic""]","[""tribe1:generic"", ""tribe2:generic"", ""tribe3:generic"", ""tribe4:generic""]",[],Human voices,NATIVE_TABLE,Audio/generic/human_sneeze f 02.wav,e100c3dc9291e64f3e709e267ecbcb043b4ba80ba794ce4ff81df8a5771ed218,
E:\cultures\vanilla-data\DataX\Libs\data0001.lib,1825,data\engine2d\bin\sounds\static\fisthit04.wav,PCM,1,22050,16,0.278,[],[],[],[],Combat (name-derived),UNKNOWN (no native reference),Audio/static/fisthit04.wav,cfd0e685690f7f067a48a854c539f2a34a426419458903667c24854938a85f9f,
E:\cultures\vanilla-data\DataX\Libs\data0001.lib,1837,data\engine2d\bin\sounds\ambient\ice_cracking6.wav,PCM,1,22050,16,1.97,[],[],[],[],Ambient,UNKNOWN (no native reference),Audio/ambient/ice_cracking6.wav,30bd3e0bce506d4d66be6920a0a67f817899cac47e11ddffb4d40e63819e2284,
E:\cultures\vanilla-data\DataX\Libs\data0001.lib,1838,data\engine2d\bin\sounds\static\fireloop.wav,PCM,1,22050,16,4.026,"[""stereo fire loop""]","[""soundfxstatic""]",[],[],Environment (name-derived),NAME_DERIVED,Audio/static/fireloop.wav,f9624b139d0836b4c8fc8fdaa1fcf7a50e34da8af41b2a267998fd3029c5f7f7,
E:\cultures\vanilla-data\DataX\Libs\data0001.lib,1839,data\engine2d\bin\sounds\static\fisthit05.wav,PCM,1,22050,16,0.324,"[""weapon fist hit""]","[""soundfxstatic""]",[],[],Combat (name-derived),NAME_DERIVED,Audio/static/fisthit05.wav,930a512c0b830d426c106ff59e0df6bf315db7062db7be0bf24ec8f795603758,
E:\cultures\vanilla-data\DataX\Libs\data0001.lib,1858,data\engine2d\bin\sounds\ambient\mysticcircle.wav,PCM,1,22050,16,9.441,[],[],[],[],Ambient,UNKNOWN (no native reference),Audio/ambient/mysticcircle.wav,00abe9cf758d0b506e1ca40f572ac986d5f789d21657a409cd736233b9697c03,
E:\cultures\vanilla-data\DataX\Libs\data0001.lib,1869,data\engine2d\bin\sounds\generic\human_sneeze m 01.wav,PCM,1,22050,16,0.879,"[""generic arabian male"", ""generic frank male"", ""generic latin male"", ""generic viking male""]","[""soundfxstatic""]","[""tribe1:generic"", ""tribe2:generic"", ""tribe3:generic"", ""tribe4:generic""]",[],Human voices,NATIVE_TABLE,Audio/generic/human_sneeze m 01.wav,faaf1561b85705b600114dad8704866de02ee9c241c07aa3fab047991d44457d,
E:\cultures\vanilla-data\DataX\Libs\data0001.lib,1872,data\engine2d\bin\sounds\generic\human_sneeze m 02.wav,PCM,1,22050,16,0.694,"[""generic arabian male"", ""generic frank male"", ""generic latin male"", ""generic viking male""]","[""soundfxstatic""]","[""tribe1:generic"", ""tribe2:generic"", ""tribe3:generic"", ""tribe4:generic""]",[],Human voices,NATIVE_TABLE,Audio/generic/human_sneeze m 02.wav,89cdc9a9a46594da2b18a907c7483402a77c6b66f509ee503634e31949353376,
E:\cultures\vanilla-data\DataX\Libs\data0001.lib,1876,data\engine2d\bin\sounds\generic\human_sneeze m 03.wav,PCM,1,22050,16,0.555,"[""generic arabian male"", ""generic frank male"", ""generic latin male"", ""generic viking male""]","[""soundfxstatic""]","[""tribe1:generic"", ""tribe2:generic"", ""tribe3:generic"", ""tribe4:generic""]",[],Human voices,NATIVE_TABLE,Audio/generic/human_sneeze m 03.wav,ac34c5ab7511621a7801034524c5b214d9e93ecf3a55d145364cd55c23b21266,
E:\cultures\vanilla-data\DataX\Libs\data0001.lib,1898,data\engine2d\bin\sounds\ambient\owl_01.wav,PCM,1,22050,16,0.833,[],[],[],[],Ambient,UNKNOWN (no native reference),Audio/ambient/owl_01.wav,1d7ed708a6b1261b449c4ea5e392209b3f514032771bdf4d241970c359592847,
E:\cultures\vanilla-data\DataX\Libs\data0001.lib,1899,data\engine2d\bin\sounds\misc\teleporter.wav,PCM,1,22050,16,3.794,[],[],[],[],Unknown,UNKNOWN (no native reference),Audio/misc/teleporter.wav,ca718424c84ad5c9799d16f772f2215d40bbfbef72c2dbe8732d76ec93ee4b81,
E:\cultures\vanilla-data\DataX\Libs\data0001.lib,1900,data\engine2d\bin\sounds\static\meltiron.wav,PCM,1,22050,16,1.296,"[""melt iron""]","[""soundfxstatic""]",[],[],Production/actions (folder static),FOLDER_ONLY,Audio/static/meltiron.wav,c816a3048f927c0df00e429d57cb5f8e2cdecb005e08d7edd451576d1702038e,
E:\cultures\vanilla-data\DataX\Libs\data0001.lib,1909,data\engine2d\bin\sounds\ambient\owl_02.wav,PCM,1,22050,16,0.972,[],[],[],[],Ambient,UNKNOWN (no native reference),Audio/ambient/owl_02.wav,2714ddf3f3b2ce70cd6e4b10e2c1917b1f3106b3a9569f88271eeb856f0b3969,
E:\cultures\vanilla-data\DataX\Libs\data0001.lib,1910,data\engine2d\bin\sounds\static\weresnakehit01.wav,PCM,1,22050,16,0.879,"[""weresnake hit""]","[""soundfxstatic""]",[],[],Combat (name-derived),NAME_DERIVED,Audio/static/weresnakehit01.wav,db52c94f4efe2153bd0594fb7ab5996112b0cc51d0832fc5161ee3fcb7615fc8,
E:\cultures\vanilla-data\DataX\Libs\data0001.lib,1918,data\engine2d\bin\sounds\static\weresnakehit02.wav,PCM,1,22050,16,0.694,"[""weresnake hit""]","[""soundfxstatic""]",[],[],Combat (name-derived),NAME_DERIVED,Audio/static/weresnakehit02.wav,df3d0b0d9132405c5292dfc87b0bab3bab812d778f731dab71f8501c8ade8278,
E:\cultures\vanilla-data\DataX\Libs\data0001.lib,1921,data\engine2d\bin\sounds\generic\human_clearthroat f 01.wav,PCM,1,22050,16,0.879,"[""generic latin female"", ""generic viking female""]","[""soundfxstatic""]","[""tribe1:generic"", ""tribe2:generic"", ""tribe3:generic"", ""tribe4:generic""]",[],Human voices,NATIVE_TABLE,Audio/generic/human_clearthroat f 01.wav,a8a0a7dc6ad3d70bc5577630bf817a0ba02de377b7ba33c7e5c2d10a6aff08f9,
E:\cultures\vanilla-data\DataX\Libs\data0001.lib,1922,data\engine2d\bin\sounds\static\weresnakehit03.wav,PCM,1,22050,16,0.37,"[""weresnake hit""]","[""soundfxstatic""]",[],[],Combat (name-derived),NAME_DERIVED,Audio/static/weresnakehit03.wav,95078b37964721a2d994b9e99aea6ebd2d76c467a86dffd97d7cd6486c3520f0,
E:\cultures\vanilla-data\DataX\Libs\data0001.lib,1927,data\engine2d\bin\sounds\generic\human_clearthroat f 02.wav,PCM,1,22050,16,1.574,"[""generic latin female"", ""generic viking female""]","[""soundfxstatic""]","[""tribe1:generic"", ""tribe2:generic"", ""tribe3:generic"", ""tribe4:generic""]",[],Human voices,NATIVE_TABLE,Audio/generic/human_clearthroat f 02.wav,e7a7b7e0f305428e67155c8b67e1c2b7228da6b9cf1ab5378846cade22a22b78,
E:\cultures\vanilla-data\DataX\Libs\data0001.lib,1941,data\engine2d\bin\sounds\jingles\jingles_missionlost.wav,PCM,1,22050,16,9.58,"[""""]","[""soundfxjingle""]",[],[],Music jingles,NATIVE_TABLE,Audio/jingles/jingles_missionlost.wav,bc520a8823c71dd96b8461ab3c6497fd7efc34e439cbe8475f25f87ae4c64b64,
E:\cultures\vanilla-data\DataX\Libs\data0001.lib,1942,data\engine2d\bin\sounds\static\bearattack01.wav,PCM,1,22050,16,1.111,"[""bear attack""]","[""soundfxstatic""]",[],[],Production/actions (folder static),FOLDER_ONLY,Audio/static/bearattack01.wav,aa159199a6ec8d8c46bc7aa59a8a176ae50c1ba14188598a6c35d27428d90581,
E:\cultures\vanilla-data\DataX\Libs\data0001.lib,1945,data\engine2d\bin\sounds\generic\human_clearthroat m 01.wav,PCM,1,22050,16,1.157,"[""generic arabian male"", ""generic frank male"", ""generic latin male"", ""generic viking male""]","[""soundfxstatic""]","[""tribe1:generic"", ""tribe2:generic"", ""tribe3:generic"", ""tribe4:generic""]",[],Human voices,NATIVE_TABLE,Audio/generic/human_clearthroat m 01.wav,85b3d887ba8b8b6cfcf0d4d1aa5c09d0f4f57a042e9c697f403392e5aac0206d,
E:\cultures\vanilla-data\DataX\Libs\data0001.lib,1950,data\engine2d\bin\sounds\generic\human_clearthroat m 02.wav,PCM,1,22050,16,1.435,"[""generic arabian male"", ""generic frank male"", ""generic latin male"", ""generic viking male""]","[""soundfxstatic""]","[""tribe1:generic"", ""tribe2:generic"", ""tribe3:generic"", ""tribe4:generic""]",[],Human voices,NATIVE_TABLE,Audio/generic/human_clearthroat m 02.wav,df07f812737117700b798e04825224d1bc676278f7d27ee9654dbac1871a2763,
E:\cultures\vanilla-data\DataX\Libs\data0001.lib,1955,data\engine2d\bin\sounds\generic\animals_cattle01.wav,PCM,1,22050,16,1.342,"[""cattle"", ""cattle sounds""]","[""soundfxstatic""]",[],"[""tribe10""]",Animals,NATIVE_TABLE,Audio/generic/animals_cattle01.wav,a2b138306c68efa0a0ef7331bfebb39f61248681cd8dd5a30cb311ed3ba8a07f,
E:\cultures\vanilla-data\DataX\Libs\data0001.lib,1960,data\engine2d\bin\sounds\generic\animals_cattle02.wav,PCM,1,22050,16,1.435,"[""cattle"", ""cattle sounds""]","[""soundfxstatic""]",[],"[""tribe10""]",Animals,NATIVE_TABLE,Audio/generic/animals_cattle02.wav,a2f390a4f5ace728ade07230d91dbd5fec9d355cd7444c661b7bc8cd6238604c,
E:\cultures\vanilla-data\DataX\Libs\data0001.lib,1961,data\engine2d\bin\sounds\jingles\jingles_openchest.wav,PCM,1,22050,16,4.397,"[""""]","[""soundfxjingle""]",[],[],Music jingles,NATIVE_TABLE,Audio/jingles/jingles_openchest.wav,9e5a90f515d76c9cf29d2f0e795a0518eed35b2623e72083efed4ae8247533bc,
E:\cultures\vanilla-data\DataX\Libs\data0001.lib,1966,data\engine2d\bin\sounds\generic\animals_cattle03.wav,PCM,1,22050,16,1.296,"[""cattle"", ""cattle sounds""]","[""soundfxstatic""]",[],"[""tribe10""]",Animals,NATIVE_TABLE,Audio/generic/animals_cattle03.wav,0dceba2976a7c9d5d80aee92b36f04cb1a192ee5f8e239e131152a20d055d43b,
E:\cultures\vanilla-data\DataX\Libs\data0001.lib,1970,data\engine2d\bin\sounds\generic\animals_cattle04.wav,PCM,1,22050,16,1.666,"[""cattle"", ""cattle sounds""]","[""soundfxstatic""]",[],"[""tribe10""]",Animals,NATIVE_TABLE,Audio/generic/animals_cattle04.wav,ad78f41658602517c13b4a7d20bf1827de449532025a0e86d94d8d34f74d9fc8,
E:\cultures\vanilla-data\DataX\Libs\data0001.lib,1975,data\engine2d\bin\sounds\generic\animals_cattle05.wav,PCM,1,22050,16,1.759,"[""cattle sounds""]","[""soundfxstatic""]",[],"[""tribe10""]",Animals,NATIVE_TABLE,Audio/generic/animals_cattle05.wav,23bdb9c6e6e8aba405951ed531d8de0380b4fcf4fcc6ef0c0d1efca3e683faf5,
E:\cultures\vanilla-data\DataX\Libs\data0001.lib,1984,data\engine2d\bin\sounds\ambient\beach1.wav,PCM,1,22050,16,15.319,[],[],[],[],Ambient,UNKNOWN (no native reference),Audio/ambient/beach1.wav,03ff09044619b82c21b39a1b2a82f03f93d3c920fdc77e9fb34128717eb893b7,
E:\cultures\vanilla-data\DataX\Libs\data0001.lib,1995,data\engine2d\bin\sounds\ambient\beach2.wav,PCM,1,22050,16,14.255,"[""beach""]","[""soundfxambient""]",[],[],Ambient,NATIVE_TABLE,Audio/ambient/beach2.wav,d85164b458efbf9354b234c0d01a549a987d41c4dc534df18025eb5d91ba9c3f,
E:\cultures\vanilla-data\DataX\Libs\data0001.lib,2010,data\engine2d\bin\sounds\humantalk\latin\l01.wav,PCM,1,22050,16,0.602,"[""generic latin male"", ""talk byzanz male""]","[""soundfxstatic""]","[""tribe3:generic""]",[],Human voices,NATIVE_TABLE,Audio/latin/l01.wav,125997850042b8b3a4d719ddafaafc1735c2010023fbc8f0599fc16d68c49e9c,
E:\cultures\vanilla-data\DataX\Libs\data0001.lib,2011,data\engine2d\bin\sounds\humantalk\latin\l10.wav,PCM,1,22050,16,0.463,"[""generic latin male"", ""talk byzanz male""]","[""soundfxstatic""]","[""tribe3:generic""]",[],Human voices,NATIVE_TABLE,Audio/latin/l10.wav,922cac4553763e107254a4d1651936ecb181c47ebadbaedad25193aeef4548cf,
E:\cultures\vanilla-data\DataX\Libs\data0001.lib,2012,data\engine2d\bin\sounds\static\fisthitwoman01.wav,PCM,1,22050,16,0.509,"[""weapon woman fist hit""]","[""soundfxstatic""]",[],[],Combat (name-derived),NAME_DERIVED,Audio/static/fisthitwoman01.wav,385b934af97510bbf8dc6bcc3f830333dc49c4ded74a05b8cdff5fbce2275ad5,
E:\cultures\vanilla-data\DataX\Libs\data0001.lib,2028,data\engine2d\bin\sounds\generic\human_gasp f 01.wav,PCM,1,22050,16,0.278,"[""generic latin female"", ""generic viking female"", ""talk byzanz female"", ""talk viking female""]","[""soundfxstatic""]","[""tribe1:generic"", ""tribe2:generic"", ""tribe3:generic"", ""tribe4:generic""]",[],Human voices,NATIVE_TABLE,Audio/generic/human_gasp f 01.wav,025ae540094e9b9ebd52bb9f39dc76c4b98470e9eba928cebe7cea680f99e617,
E:\cultures\vanilla-data\DataX\Libs\data0001.lib,2029,data\engine2d\bin\sounds\generic\human_sigh f 01.wav,PCM,1,22050,16,2.36,"[""generic latin female"", ""generic viking female"", ""talk byzanz female"", ""talk viking female""]","[""soundfxstatic""]","[""tribe1:generic"", ""tribe2:generic"", ""tribe3:generic"", ""tribe4:generic""]",[],Human voices,NATIVE_TABLE,Audio/generic/human_sigh f 01.wav,c78a439fb95eca26943b4a2a57dd1c45eb33b3b78e7f8f43681afe592cba1a9b,
E:\cultures\vanilla-data\DataX\Libs\data0001.lib,2030,data\engine2d\bin\sounds\humantalk\latin\l02.wav,PCM,1,22050,16,0.463,"[""generic latin male"", ""talk byzanz male""]","[""soundfxstatic""]","[""tribe3:generic""]",[],Human voices,NATIVE_TABLE,Audio/latin/l02.wav,197c1409f978e758a9fbe4d1e90ef6a2c46f87f21c24d37c6850fdc02d967967,
E:\cultures\vanilla-data\DataX\Libs\data0001.lib,2031,data\engine2d\bin\sounds\humantalk\latin\l11.wav,PCM,1,22050,16,1.064,"[""generic latin male"", ""latin male no 01"", ""talk byzanz male""]","[""soundfxstatic""]","[""tribe3:generic"", ""tribe3:respond""]",[],Human voices,NATIVE_TABLE,Audio/latin/l11.wav,d2082e9090b342790139bd6789b63c93f68dfa68e85ec982a34ce74f7649f226,
E:\cultures\vanilla-data\DataX\Libs\data0001.lib,2032,data\engine2d\bin\sounds\humantalk\latin\l20.wav,PCM,1,22050,16,1.203,"[""generic latin male"", ""talk byzanz male""]","[""soundfxstatic""]","[""tribe3:generic""]",[],Human voices,NATIVE_TABLE,Audio/latin/l20.wav,a513a47b25547603bfe2fc3b6248e430d0cb1f23dfdb42289677794ee4d923f3,
E:\cultures\vanilla-data\DataX\Libs\data0001.lib,2033,data\engine2d\bin\sounds\static\fisthitwoman02.wav,PCM,1,22050,16,0.278,"[""weapon woman fist hit""]","[""soundfxstatic""]",[],[],Combat (name-derived),NAME_DERIVED,Audio/static/fisthitwoman02.wav,af509b8efea05fba746022d441c98c2bd6344df917dd8b28c1b390b26cfc0bcf,
E:\cultures\vanilla-data\DataX\Libs\data0001.lib,2034,data\engine2d\bin\sounds\static\mason01.wav,PCM,1,22050,16,1.712,"[""mason thinking""]","[""soundfxstatic""]",[],[],Production/actions (folder static),FOLDER_ONLY,Audio/static/mason01.wav,a92b211786f02c0c576df091f88e9b9afcd4643ca9d31400ece8e0936ee6c8c7,
E:\cultures\vanilla-data\DataX\Libs\data0001.lib,2053,data\engine2d\bin\sounds\generic\human_gasp f 02.wav,PCM,1,22050,16,0.37,"[""generic latin female"", ""generic viking female"", ""talk byzanz female"", ""talk viking female""]","[""soundfxstatic""]","[""tribe1:generic"", ""tribe2:generic"", ""tribe3:generic"", ""tribe4:generic""]",[],Human voices,NATIVE_TABLE,Audio/generic/human_gasp f 02.wav,feaa63f2cf83d6d83ac5f237bbe77ccf5728fc3154a1d4b674044a0d39a93382,
E:\cultures\vanilla-data\DataX\Libs\data0001.lib,2054,data\engine2d\bin\sounds\generic\human_sigh f 02.wav,PCM,1,22050,16,2.869,"[""generic latin female"", ""generic viking female"", ""talk byzanz female"", ""talk viking female""]","[""soundfxstatic""]","[""tribe1:generic"", ""tribe2:generic"", ""tribe3:generic"", ""tribe4:generic""]",[],Human voices,NATIVE_TABLE,Audio/generic/human_sigh f 02.wav,8ccc0456c429e2d4de850a6083aa5df8674d2ce998c80467abada9f94ccf445e,
E:\cultures\vanilla-data\DataX\Libs\data0001.lib,2055,data\engine2d\bin\sounds\humantalk\latin\l03.wav,PCM,1,22050,16,0.555,"[""generic latin male"", ""talk byzanz male""]","[""soundfxstatic""]","[""tribe3:generic""]",[],Human voices,NATIVE_TABLE,Audio/latin/l03.wav,1637ae617c0e512d03eac978f42ae0c9ff1d677ccf06b45929d5d4b54fba7023,
E:\cultures\vanilla-data\DataX\Libs\data0001.lib,2056,data\engine2d\bin\sounds\humantalk\latin\l12.wav,PCM,1,22050,16,0.972,"[""generic latin male"", ""latin male no 02"", ""talk byzanz male""]","[""soundfxstatic""]","[""tribe3:generic"", ""tribe3:respond""]",[],Human voices,NATIVE_TABLE,Audio/latin/l12.wav,dd791031d5ea1813c83ee5270f037fda9a4aa7087d9618cf3a29548b84755584,
E:\cultures\vanilla-data\DataX\Libs\data0001.lib,2057,data\engine2d\bin\sounds\humantalk\latin\l21.wav,PCM,1,22050,16,1.342,"[""generic latin male"", ""latin male no 01"", ""talk byzanz male""]","[""soundfxstatic""]","[""tribe3:generic"", ""tribe3:respond""]",[],Human voices,NATIVE_TABLE,Audio/latin/l21.wav,004cb61e114088a14fabf7667a8503406300ce32d7a756a4aef6bdd714341356,
E:\cultures\vanilla-data\DataX\Libs\data0001.lib,2058,data\engine2d\bin\sounds\humantalk\latin\l30.wav,PCM,1,22050,16,1.62,"[""generic latin male"", ""latin male no 03"", ""talk byzanz male""]","[""soundfxstatic""]","[""tribe3:generic"", ""tribe3:respond""]",[],Human voices,NATIVE_TABLE,Audio/latin/l30.wav,0d12d71c5b38affd7abd3a58216f788910bf8f23ea28582edbb6faeb0ace721a,
E:\cultures\vanilla-data\DataX\Libs\data0001.lib,2059,data\engine2d\bin\sounds\static\fisthitwoman03.wav,PCM,1,22050,16,0.324,"[""weapon woman fist hit""]","[""soundfxstatic""]",[],[],Combat (name-derived),NAME_DERIVED,Audio/static/fisthitwoman03.wav,a1e446680e8776facfbc5dfaab489d523b8a801160818f359a04cdfa2201b09f,
E:\cultures\vanilla-data\DataX\Libs\data0001.lib,2060,data\engine2d\bin\sounds\static\mason02.wav,PCM,1,22050,16,1.527,"[""mason hammer""]","[""soundfxstatic""]",[],[],Production/actions (folder static),FOLDER_ONLY,Audio/static/mason02.wav,d8080abacfed18308166e064d0b3ffae01ed508765897789bec4eae409d7a8a7,
E:\cultures\vanilla-data\DataX\Libs\data0001.lib,2084,data\engine2d\bin\sounds\humantalk\latin\l04.wav,PCM,1,22050,16,0.509,"[""generic latin male"", ""talk byzanz male""]","[""soundfxstatic""]","[""tribe3:generic""]",[],Human voices,NATIVE_TABLE,Audio/latin/l04.wav,3e8b3e9af8fdf726800bf87e2f36964935cc9757159ef5398bbafaf5c5aa43a3,
E:\cultures\vanilla-data\DataX\Libs\data0001.lib,2085,data\engine2d\bin\sounds\humantalk\latin\l13.wav,PCM,1,22050,16,1.157,"[""generic latin male"", ""latin male no 03"", ""talk byzanz male""]","[""soundfxstatic""]","[""tribe3:generic"", ""tribe3:respond""]",[],Human voices,NATIVE_TABLE,Audio/latin/l13.wav,59666aa6d609701c59e6ebc32eba101b0c2df6ea573c591187fcd824fae02ab8,
E:\cultures\vanilla-data\DataX\Libs\data0001.lib,2086,data\engine2d\bin\sounds\humantalk\latin\l22.wav,PCM,1,22050,16,1.342,"[""generic latin male"", ""talk byzanz male""]","[""soundfxstatic""]","[""tribe3:generic""]",[],Human voices,NATIVE_TABLE,Audio/latin/l22.wav,2a5c58b306d30e8ae72881b337359c0b5433242b5c49cb5943796d7e092ba0be,
E:\cultures\vanilla-data\DataX\Libs\data0001.lib,2087,data\engine2d\bin\sounds\humantalk\latin\l31.wav,PCM,1,22050,16,2.36,"[""generic latin male"", ""latin male no 01"", ""talk byzanz male""]","[""soundfxstatic""]","[""tribe3:generic"", ""tribe3:respond""]",[],Human voices,NATIVE_TABLE,Audio/latin/l31.wav,4090f1ace27486f29050d56e9e42f4d152f842bb9fcee6353c34cb999bd39c82,
E:\cultures\vanilla-data\DataX\Libs\data0001.lib,2088,data\engine2d\bin\sounds\humantalk\latin\l40.wav,PCM,1,22050,16,0.694,"[""generic latin male"", ""talk byzanz male""]","[""soundfxstatic""]","[""tribe3:generic""]",[],Human voices,NATIVE_TABLE,Audio/latin/l40.wav,c58e28126155b894a663a12205c7101477e412840de97fc580ef2c222b73c617,
E:\cultures\vanilla-data\DataX\Libs\data0001.lib,2089,data\engine2d\bin\sounds\static\hunter_arrow01.wav,PCM,1,22050,16,0.185,"[""weapon bow long arrow""]","[""soundfxstatic""]",[],[],Combat (name-derived),NAME_DERIVED,Audio/static/hunter_arrow01.wav,25f37c286b5015db34ccc1916fbba51255458e5a40793b68fa26b426e072d166,
E:\cultures\vanilla-data\DataX\Libs\data0001.lib,2112,data\engine2d\bin\sounds\humantalk\latin\l05.wav,PCM,1,22050,16,0.463,"[""generic latin male"", ""talk byzanz male""]","[""soundfxstatic""]","[""tribe3:generic""]",[],Human voices,NATIVE_TABLE,Audio/latin/l05.wav,74e8f1fcc38e8e356512373eb47f555cfdca17ff3856a57c6595193baec094b4,
E:\cultures\vanilla-data\DataX\Libs\data0001.lib,2113,data\engine2d\bin\sounds\humantalk\latin\l14.wav,PCM,1,22050,16,1.157,"[""generic latin male"", ""talk byzanz male""]","[""soundfxstatic""]","[""tribe3:generic""]",[],Human voices,NATIVE_TABLE,Audio/latin/l14.wav,7248da9cc5660f22ab83a56827d83461d83c1a2c965baaefa0c23dd3bcf14a7f,
E:\cultures\vanilla-data\DataX\Libs\data0001.lib,2114,data\engine2d\bin\sounds\humantalk\latin\l23.wav,PCM,1,22050,16,1.111,"[""generic latin male"", ""talk byzanz male""]","[""soundfxstatic""]","[""tribe3:generic""]",[],Human voices,NATIVE_TABLE,Audio/latin/l23.wav,ca4b24bff147838a28244632967d35618e246b6f4f583923e21db5607d199fb4,
E:\cultures\vanilla-data\DataX\Libs\data0001.lib,2115,data\engine2d\bin\sounds\humantalk\latin\l32.wav,PCM,1,22050,16,1.666,"[""generic latin male"", ""talk byzanz male""]","[""soundfxstatic""]","[""tribe3:generic""]",[],Human voices,NATIVE_TABLE,Audio/latin/l32.wav,c5e43bbb2a5b333308fe00ec82646f045e64597f5b41f35f0a3ab55a3bd17a5f,
E:\cultures\vanilla-data\DataX\Libs\data0001.lib,2116,data\engine2d\bin\sounds\humantalk\latin\l41.wav,PCM,1,22050,16,0.833,"[""generic latin male"", ""latin male ok 01"", ""talk byzanz male""]","[""soundfxstatic""]","[""tribe3:generic"", ""tribe3:respond""]",[],Human voices,NATIVE_TABLE,Audio/latin/l41.wav,59b9a50e49768cc4cd2ff8c4f6e2a70e9f60662d6f97cb89a398fa7ce32f61c8,
E:\cultures\vanilla-data\DataX\Libs\data0001.lib,2117,data\engine2d\bin\sounds\humantalk\latin\l50.wav,PCM,1,22050,16,1.99,"[""generic latin male"", ""talk byzanz male""]","[""soundfxstatic""]","[""tribe3:generic""]",[],Human voices,NATIVE_TABLE,Audio/latin/l50.wav,1eeda807e0a64a8c2ec5309a579005c61f00f35701eba3a6d6aaaf0ed80e7bac,
E:\cultures\vanilla-data\DataX\Libs\data0001.lib,2144,data\engine2d\bin\sounds\humantalk\latin\l06.wav,PCM,1,22050,16,0.509,"[""generic latin male"", ""talk byzanz male""]","[""soundfxstatic""]","[""tribe3:generic""]",[],Human voices,NATIVE_TABLE,Audio/latin/l06.wav,466c5de80ebe01ee59a3b883695059142968f8d0875793dcf055510bc3e0ea04,
E:\cultures\vanilla-data\DataX\Libs\data0001.lib,2145,data\engine2d\bin\sounds\humantalk\latin\l15.wav,PCM,1,22050,16,1.527,"[""generic latin male"", ""latin male ok 02"", ""talk byzanz male""]","[""soundfxstatic""]","[""tribe3:generic"", ""tribe3:respond""]",[],Human voices,NATIVE_TABLE,Audio/latin/l15.wav,7075180202e2262aa5cf87b0e10fe8d03faa66d06fdbb7aa39f607cf0664e939,
E:\cultures\vanilla-data\DataX\Libs\data0001.lib,2146,data\engine2d\bin\sounds\humantalk\latin\l24.wav,PCM,1,22050,16,1.342,"[""generic latin male"", ""talk byzanz male""]","[""soundfxstatic""]","[""tribe3:generic""]",[],Human voices,NATIVE_TABLE,Audio/latin/l24.wav,eba3f662f6e8a5ea1a30f269e968bfb392d204591e77546be3ff23f1032432a5,
E:\cultures\vanilla-data\DataX\Libs\data0001.lib,2147,data\engine2d\bin\sounds\humantalk\latin\l33.wav,PCM,1,22050,16,1.712,"[""generic latin male"", ""latin male ok 03"", ""talk byzanz male""]","[""soundfxstatic""]","[""tribe3:generic"", ""tribe3:respond""]",[],Human voices,NATIVE_TABLE,Audio/latin/l33.wav,6d82e9b78aa736c87e8da7ee61282ac1af3aa6755b418ca3200db3945ae5a9ca,
E:\cultures\vanilla-data\DataX\Libs\data0001.lib,2148,data\engine2d\bin\sounds\humantalk\latin\l42.wav,PCM,1,22050,16,0.926,"[""generic latin male"", ""latin male ok 01"", ""talk byzanz male""]","[""soundfxstatic""]","[""tribe3:generic"", ""tribe3:respond""]",[],Human voices,NATIVE_TABLE,Audio/latin/l42.wav,add1c607a30f0b51120230effa1ff720c6e0dc13445d6e9aaf08dc77fa81f522,
E:\cultures\vanilla-data\DataX\Libs\data0001.lib,2149,data\engine2d\bin\sounds\humantalk\latin\l51.wav,PCM,1,22050,16,1.574,"[""generic latin male"", ""talk byzanz male""]","[""soundfxstatic""]","[""tribe3:generic""]",[],Human voices,NATIVE_TABLE,Audio/latin/l51.wav,44012e424ce9f4b9b61a7ef466450ad748ae06a390c0a5e206cbd1a2b89f050e,
E:\cultures\vanilla-data\DataX\Libs\data0001.lib,2150,data\engine2d\bin\sounds\humantalk\latin\l60.wav,PCM,1,22050,16,1.064,"[""generic latin male"", ""talk byzanz male""]","[""soundfxstatic""]","[""tribe3:generic""]",[],Human voices,NATIVE_TABLE,Audio/latin/l60.wav,9f9f47b5373d6fa61d581b4500af1ef4f473c3b4cf16d6bda76db7a461aa6cac,
E:\cultures\vanilla-data\DataX\Libs\data0001.lib,2175,data\engine2d\bin\sounds\humantalk\latin\l07.wav,PCM,1,22050,16,0.417,"[""generic latin male"", ""talk byzanz male""]","[""soundfxstatic""]","[""tribe3:generic""]",[],Human voices,NATIVE_TABLE,Audio/latin/l07.wav,0ccc58ae619599087508f68e71a22ecc0e0824881ed2e97a14c5160e7ac0477e,
E:\cultures\vanilla-data\DataX\Libs\data0001.lib,2176,data\engine2d\bin\sounds\humantalk\latin\l16.wav,PCM,1,22050,16,1.157,"[""generic latin male"", ""talk byzanz male""]","[""soundfxstatic""]","[""tribe3:generic""]",[],Human voices,NATIVE_TABLE,Audio/latin/l16.wav,e12ba6a994bb405b1e9ddb5e1af78bf16604d86c9243d11665278eadfbe285bd,
E:\cultures\vanilla-data\DataX\Libs\data0001.lib,2177,data\engine2d\bin\sounds\humantalk\latin\l25.wav,PCM,1,22050,16,1.111,"[""generic latin male"", ""talk byzanz male""]","[""soundfxstatic""]","[""tribe3:generic""]",[],Human voices,NATIVE_TABLE,Audio/latin/l25.wav,11099a36c10438670c3c006e096d1ff682e1a1ab1881c64c604b91a16cbe03f0,
E:\cultures\vanilla-data\DataX\Libs\data0001.lib,2178,data\engine2d\bin\sounds\humantalk\latin\l34.wav,PCM,1,22050,16,1.759,"[""generic latin male"", ""talk byzanz male""]","[""soundfxstatic""]","[""tribe3:generic""]",[],Human voices,NATIVE_TABLE,Audio/latin/l34.wav,2ceb82edb3c357e7074c6888bdd481a87c255c4849ad8995e74ba2b22897f8cd,
E:\cultures\vanilla-data\DataX\Libs\data0001.lib,2179,data\engine2d\bin\sounds\humantalk\latin\l43.wav,PCM,1,22050,16,0.833,"[""generic latin male"", ""talk byzanz male""]","[""soundfxstatic""]","[""tribe3:generic""]",[],Human voices,NATIVE_TABLE,Audio/latin/l43.wav,d1eb6d57d76994cbc7db023fe4da3e1dbcc3391ba9f4f3452e5bcf92e071fb18,
E:\cultures\vanilla-data\DataX\Libs\data0001.lib,2180,data\engine2d\bin\sounds\humantalk\latin\l52.wav,PCM,1,22050,16,1.712,"[""generic latin male"", ""talk byzanz male""]","[""soundfxstatic""]","[""tribe3:generic""]",[],Human voices,NATIVE_TABLE,Audio/latin/l52.wav,4638c1aa8269f99fd324fa1e1b2befd90d6196ed177f1012112ea822fedad9c9,
E:\cultures\vanilla-data\DataX\Libs\data0001.lib,2202,data\engine2d\bin\sounds\humantalk\latin\l08.wav,PCM,1,22050,16,0.417,"[""generic latin male"", ""talk byzanz male""]","[""soundfxstatic""]","[""tribe3:generic""]",[],Human voices,NATIVE_TABLE,Audio/latin/l08.wav,dd6900fa5f23bd613004be20b45b308a58b0d967db8ed59139a8b21f573a95a8,
E:\cultures\vanilla-data\DataX\Libs\data0001.lib,2203,data\engine2d\bin\sounds\humantalk\latin\l17.wav,PCM,1,22050,16,1.111,"[""generic latin male"", ""latin male ok 01"", ""talk byzanz male""]","[""soundfxstatic""]","[""tribe3:generic"", ""tribe3:respond""]",[],Human voices,NATIVE_TABLE,Audio/latin/l17.wav,943dc5c7f2fc6e647d30bf844c994fd4165455564b83627ad4c13e81a89c8925,
E:\cultures\vanilla-data\DataX\Libs\data0001.lib,2204,data\engine2d\bin\sounds\humantalk\latin\l26.wav,PCM,1,22050,16,1.296,"[""generic latin male"", ""latin male no 02"", ""talk byzanz male""]","[""soundfxstatic""]","[""tribe3:generic"", ""tribe3:respond""]",[],Human voices,NATIVE_TABLE,Audio/latin/l26.wav,291108cf3bf4d2b335a1f77d187e94393e032cf4d9c9eddaeb32640d0bcb7ab2,
E:\cultures\vanilla-data\DataX\Libs\data0001.lib,2205,data\engine2d\bin\sounds\humantalk\latin\l35.wav,PCM,1,22050,16,1.62,"[""generic latin male"", ""latin male ok 02"", ""talk byzanz male""]","[""soundfxstatic""]","[""tribe3:generic"", ""tribe3:respond""]",[],Human voices,NATIVE_TABLE,Audio/latin/l35.wav,87a32fb081f82a58337508e07462f8234bbc1c20e9ccd176174caaefdd47417f,
E:\cultures\vanilla-data\DataX\Libs\data0001.lib,2206,data\engine2d\bin\sounds\humantalk\latin\l44.wav,PCM,1,22050,16,0.833,"[""generic latin male"", ""talk byzanz male""]","[""soundfxstatic""]","[""tribe3:generic""]",[],Human voices,NATIVE_TABLE,Audio/latin/l44.wav,c0f8ddea747e9242d738601708e11d5ee1c543787d7eb60bc7fb3761ca4f879b,
E:\cultures\vanilla-data\DataX\Libs\data0001.lib,2207,data\engine2d\bin\sounds\humantalk\latin\l53.wav,PCM,1,22050,16,1.666,"[""generic latin male"", ""talk byzanz male""]","[""soundfxstatic""]","[""tribe3:generic""]",[],Human voices,NATIVE_TABLE,Audio/latin/l53.wav,43ec0141241dbb45b354731f8b76975ebbdb344e42489a8f4dda8056b210f108,
E:\cultures\vanilla-data\DataX\Libs\data0001.lib,2208,data\engine2d\bin\sounds\humantalk\latin\l80.wav,PCM,1,22050,16,0.926,"[""generic latin female"", ""latin female ok 01"", ""talk byzanz female""]","[""soundfxstatic""]","[""tribe3:generic"", ""tribe3:respond""]",[],Human voices,NATIVE_TABLE,Audio/latin/l80.wav,b64f250b106194790b1086c66a709ea51130982b320ed98197c3291d5ff929c3,
E:\cultures\vanilla-data\DataX\Libs\data0001.lib,2227,data\engine2d\bin\sounds\generic\human_gasp m 01.wav,PCM,1,22050,16,0.648,"[""generic arabian male"", ""generic frank male"", ""generic latin male"", ""generic viking male"", ""talk arabs male"", ""talk byzanz male"", ""talk franks male"", ""talk viking male""]","[""soundfxstatic""]","[""tribe1:generic"", ""tribe2:generic"", ""tribe3:generic"", ""tribe4:generic""]",[],Human voices,NATIVE_TABLE,Audio/generic/human_gasp m 01.wav,0c4015f1cdbc381b4f0baab8a9b356521b6a58dc5a84b41f3ab5ea0b4086820d,
E:\cultures\vanilla-data\DataX\Libs\data0001.lib,2228,data\engine2d\bin\sounds\generic\human_sigh m 01.wav,PCM,1,22050,16,1.388,"[""generic arabian male"", ""generic frank male"", ""generic latin male"", ""generic viking male"", ""talk arabs male"", ""talk byzanz male"", ""talk franks male"", ""talk viking male""]","[""soundfxstatic""]","[""tribe1:generic"", ""tribe2:generic"", ""tribe3:generic"", ""tribe4:generic""]",[],Human voices,NATIVE_TABLE,Audio/generic/human_sigh m 01.wav,9d7fd9b4914843430674027eeb9c737b51a8f3606af5f57fb58a9d1609a48805,
E:\cultures\vanilla-data\DataX\Libs\data0001.lib,2229,data\engine2d\bin\sounds\humantalk\latin\l09.wav,PCM,1,22050,16,0.463,"[""generic latin male"", ""talk byzanz male""]","[""soundfxstatic""]","[""tribe3:generic""]",[],Human voices,NATIVE_TABLE,Audio/latin/l09.wav,26e394587d793ef83078efbffcf2969e9f6fc92d61974c82dd2333ab72f43fda,
E:\cultures\vanilla-data\DataX\Libs\data0001.lib,2230,data\engine2d\bin\sounds\humantalk\latin\l18.wav,PCM,1,22050,16,1.064,"[""generic latin male"", ""latin male ok 03"", ""talk byzanz male""]","[""soundfxstatic""]","[""tribe3:generic"", ""tribe3:respond""]",[],Human voices,NATIVE_TABLE,Audio/latin/l18.wav,641a457b16d9c2430b84b2e119161723fc423b900c8e9b9acd392ed8e62ba2f0,
E:\cultures\vanilla-data\DataX\Libs\data0001.lib,2231,data\engine2d\bin\sounds\humantalk\latin\l27.wav,PCM,1,22050,16,1.296,"[""generic latin male"", ""talk byzanz male""]","[""soundfxstatic""]","[""tribe3:generic""]",[],Human voices,NATIVE_TABLE,Audio/latin/l27.wav,9a2d82c12a572292673f68d44916cc8eda80515d63d4aa110451859fe3c346eb,
E:\cultures\vanilla-data\DataX\Libs\data0001.lib,2232,data\engine2d\bin\sounds\humantalk\latin\l36.wav,PCM,1,22050,16,1.342,"[""generic latin male"", ""talk byzanz male""]","[""soundfxstatic""]","[""tribe3:generic""]",[],Human voices,NATIVE_TABLE,Audio/latin/l36.wav,48b29b9d043b24c0cbbb9cfe98f779cdbc1ac9baa85b71a0902c60056ab3141f,
E:\cultures\vanilla-data\DataX\Libs\data0001.lib,2233,data\engine2d\bin\sounds\humantalk\latin\l45.wav,PCM,1,22050,16,0.787,"[""generic latin male"", ""talk byzanz male""]","[""soundfxstatic""]","[""tribe3:generic""]",[],Human voices,NATIVE_TABLE,Audio/latin/l45.wav,1a05cd86580e13c52240d4ab292bf994aa91e033f6657a8b2cbbbb90f412f27d,
E:\cultures\vanilla-data\DataX\Libs\data0001.lib,2234,data\engine2d\bin\sounds\humantalk\latin\l54.wav,PCM,1,22050,16,1.805,"[""generic latin male"", ""talk byzanz male""]","[""soundfxstatic""]","[""tribe3:generic""]",[],Human voices,NATIVE_TABLE,Audio/latin/l54.wav,ceb53fbc43d37fccdc3901325b1e55d106ccbbae9941ffca0e50f30a3a08d4ba,
E:\cultures\vanilla-data\DataX\Libs\data0001.lib,2235,data\engine2d\bin\sounds\humantalk\latin\l81.wav,PCM,1,22050,16,1.481,"[""generic latin female"", ""latin female ok 01"", ""talk byzanz female""]","[""soundfxstatic""]","[""tribe3:generic"", ""tribe3:respond""]",[],Human voices,NATIVE_TABLE,Audio/latin/l81.wav,acc40391b1b37df7fd13f21b5702f941ce6b57fa1cfef7661110c6e2b6971a98,
E:\cultures\vanilla-data\DataX\Libs\data0001.lib,2236,data\engine2d\bin\sounds\humantalk\latin\l90.wav,PCM,1,22050,16,0.972,"[""generic latin female"", ""latin female no 03"", ""talk byzanz female""]","[""soundfxstatic""]","[""tribe3:generic"", ""tribe3:respond""]",[],Human voices,NATIVE_TABLE,Audio/latin/l90.wav,a8827b3777cf90b86f3cdfb18c256d07f98732d28dad2db3041c8c86214abf5a,
E:\cultures\vanilla-data\DataX\Libs\data0001.lib,2255,data\engine2d\bin\sounds\generic\human_gasp m 02.wav,PCM,1,22050,16,0.324,"[""generic arabian male"", ""generic frank male"", ""generic latin male"", ""generic viking male"", ""talk arabs male"", ""talk byzanz male"", ""talk franks male"", ""talk viking male""]","[""soundfxstatic""]","[""tribe1:generic"", ""tribe2:generic"", ""tribe3:generic"", ""tribe4:generic""]",[],Human voices,NATIVE_TABLE,Audio/generic/human_gasp m 02.wav,168ea8ba67ec6ad39cb2e27afcdcae8ea89c90f9b994804f5e4e6f166352cd95,
E:\cultures\vanilla-data\DataX\Libs\data0001.lib,2256,data\engine2d\bin\sounds\generic\human_sigh m 02.wav,PCM,1,22050,16,1.111,"[""generic arabian male"", ""generic frank male"", ""generic latin male"", ""generic viking male"", ""talk arabs male"", ""talk byzanz male"", ""talk franks male"", ""talk viking male""]","[""soundfxstatic""]","[""tribe1:generic"", ""tribe2:generic"", ""tribe3:generic"", ""tribe4:generic""]",[],Human voices,NATIVE_TABLE,Audio/generic/human_sigh m 02.wav,2d809403afd79cadedd93b944f01a2aea815adde6919fe682ef426f05ff548a2,
E:\cultures\vanilla-data\DataX\Libs\data0001.lib,2257,data\engine2d\bin\sounds\humantalk\latin\l19.wav,PCM,1,22050,16,1.111,"[""generic latin male"", ""talk byzanz male""]","[""soundfxstatic""]","[""tribe3:generic""]",[],Human voices,NATIVE_TABLE,Audio/latin/l19.wav,2040bcb130ec903fbf58520d5e9724fb2512c48d0cd4491d9cfeb70e9f361307,
E:\cultures\vanilla-data\DataX\Libs\data0001.lib,2258,data\engine2d\bin\sounds\humantalk\latin\l28.wav,PCM,1,22050,16,1.481,"[""generic latin male"", ""latin male no 01"", ""talk byzanz male""]","[""soundfxstatic""]","[""tribe3:generic"", ""tribe3:respond""]",[],Human voices,NATIVE_TABLE,Audio/latin/l28.wav,a2bf61e88329b81e895f1a44cadc43879ddd6196e9f163cc0c5126a13d08de1f,
E:\cultures\vanilla-data\DataX\Libs\data0001.lib,2259,data\engine2d\bin\sounds\humantalk\latin\l37.wav,PCM,1,22050,16,1.99,"[""generic latin male"", ""latin male no 02"", ""talk byzanz male""]","[""soundfxstatic""]","[""tribe3:generic"", ""tribe3:respond""]",[],Human voices,NATIVE_TABLE,Audio/latin/l37.wav,04aa47f962de4f699757dc6223943ab7bc79cccc2d571d257fc2ae66ac7021be,
E:\cultures\vanilla-data\DataX\Libs\data0001.lib,2260,data\engine2d\bin\sounds\humantalk\latin\l46.wav,PCM,1,22050,16,0.833,"[""generic latin male"", ""talk byzanz male""]","[""soundfxstatic""]","[""tribe3:generic""]",[],Human voices,NATIVE_TABLE,Audio/latin/l46.wav,bf850fa1250b2f5aeaf60262e5f37166d091962b63f5559625e54bdd117a759b,
E:\cultures\vanilla-data\DataX\Libs\data0001.lib,2261,data\engine2d\bin\sounds\humantalk\latin\l55.wav,PCM,1,22050,16,1.759,"[""generic latin male"", ""talk byzanz male""]","[""soundfxstatic""]","[""tribe3:generic""]",[],Human voices,NATIVE_TABLE,Audio/latin/l55.wav,f5813e1e09142674530bc912b23febb9eb5f3fd8827fd0e72330d28ee887e77e,
E:\cultures\vanilla-data\DataX\Libs\data0001.lib,2262,data\engine2d\bin\sounds\humantalk\latin\l82.wav,PCM,1,22050,16,0.926,"[""generic latin female"", ""latin female no 01"", ""talk byzanz female""]","[""soundfxstatic""]","[""tribe3:generic"", ""tribe3:respond""]",[],Human voices,NATIVE_TABLE,Audio/latin/l82.wav,7f48cec92bceb590586a576c5696a1e585d1b6287a0a1b6ba256e476fa60bfb6,
E:\cultures\vanilla-data\DataX\Libs\data0001.lib,2263,data\engine2d\bin\sounds\humantalk\latin\l91.wav,PCM,1,22050,16,1.25,"[""generic latin female"", ""latin female no 03"", ""talk byzanz female""]","[""soundfxstatic""]","[""tribe3:generic"", ""tribe3:respond""]",[],Human voices,NATIVE_TABLE,Audio/latin/l91.wav,f6cee5c28b6063134c5fd0496e6573a5418eab0ff7bee689c29a2697d6a0e316,
E:\cultures\vanilla-data\DataX\Libs\data0001.lib,2277,data\engine2d\bin\sounds\ambient\oracleloop.wav,PCM,1,22050,16,4.158,"[""oracle""]","[""soundfxambient""]",[],[],Ambient,NATIVE_TABLE,Audio/ambient/oracleloop.wav,894d4b75616bb58fb40bb2009cd5d122b790b2e722efbf9c8427865c21f9d10c,
E:\cultures\vanilla-data\DataX\Libs\data0001.lib,2278,data\engine2d\bin\sounds\humantalk\latin\l29.wav,PCM,1,22050,16,1.574,"[""generic latin male"", ""latin male no 03"", ""talk byzanz male""]","[""soundfxstatic""]","[""tribe3:generic"", ""tribe3:respond""]",[],Human voices,NATIVE_TABLE,Audio/latin/l29.wav,0e1e18387d9fd5b286fec7670f1612448479fd60ec3b2c1813d4c8d04c0469da,
E:\cultures\vanilla-data\DataX\Libs\data0001.lib,2279,data\engine2d\bin\sounds\humantalk\latin\l38.wav,PCM,1,22050,16,1.99,"[""generic latin male"", ""latin male no 03"", ""talk byzanz male""]","[""soundfxstatic""]","[""tribe3:generic"", ""tribe3:respond""]",[],Human voices,NATIVE_TABLE,Audio/latin/l38.wav,1a7c998451dea153f1f526ca0e6be2680d2e8636ae9ee5d68a329332906f5943,
E:\cultures\vanilla-data\DataX\Libs\data0001.lib,2280,data\engine2d\bin\sounds\humantalk\latin\l47.wav,PCM,1,22050,16,1.527,"[""generic latin male"", ""talk byzanz male""]","[""soundfxstatic""]","[""tribe3:generic""]",[],Human voices,NATIVE_TABLE,Audio/latin/l47.wav,ca75808db31ffc5f984fd31157310f7737cffdae5af924c50f029e4b0de7e2de,
E:\cultures\vanilla-data\DataX\Libs\data0001.lib,2281,data\engine2d\bin\sounds\humantalk\latin\l56.wav,PCM,1,22050,16,1.157,"[""generic latin male"", ""talk byzanz male""]","[""soundfxstatic""]","[""tribe3:generic""]",[],Human voices,NATIVE_TABLE,Audio/latin/l56.wav,216ab91c88a5a10a5f87923062890158ac369075ad3ddbbdd23ef91f75be80d7,
E:\cultures\vanilla-data\DataX\Libs\data0001.lib,2282,data\engine2d\bin\sounds\humantalk\latin\l83.wav,PCM,1,22050,16,1.157,"[""generic latin female"", ""latin female no 01"", ""talk byzanz female""]","[""soundfxstatic""]","[""tribe3:generic"", ""tribe3:respond""]",[],Human voices,NATIVE_TABLE,Audio/latin/l83.wav,b52021f15d73cd8c57ac52a64b6d2e81be6a151182741ebec0c686f46b524e71,
E:\cultures\vanilla-data\DataX\Libs\data0001.lib,2283,data\engine2d\bin\sounds\humantalk\latin\l92.wav,PCM,1,22050,16,0.74,"[""generic latin female"", ""latin female ok 04"", ""talk byzanz female""]","[""soundfxstatic""]","[""tribe3:generic"", ""tribe3:respond""]",[],Human voices,NATIVE_TABLE,Audio/latin/l92.wav,7be76016955f1b80f99714192780c3d9b09d5782c7c790f20cb4518e9f6fe823,
E:\cultures\vanilla-data\DataX\Libs\data0001.lib,2294,data\engine2d\bin\sounds\humantalk\latin\l39.wav,PCM,1,22050,16,1.99,"[""generic latin male"", ""latin male no 02"", ""talk byzanz male""]","[""soundfxstatic""]","[""tribe3:generic"", ""tribe3:respond""]",[],Human voices,NATIVE_TABLE,Audio/latin/l39.wav,1db38c9ff83108de209fb60be7b554475718f885ab87aa335c56408fbc6daf3b,
E:\cultures\vanilla-data\DataX\Libs\data0001.lib,2295,data\engine2d\bin\sounds\humantalk\latin\l48.wav,PCM,1,22050,16,1.759,"[""generic latin male"", ""talk byzanz male""]","[""soundfxstatic""]","[""tribe3:generic""]",[],Human voices,NATIVE_TABLE,Audio/latin/l48.wav,6aa177000464856475b21107e8d39d384b7f1d20a7a19ed927a387a01fe40c06,
E:\cultures\vanilla-data\DataX\Libs\data0001.lib,2296,data\engine2d\bin\sounds\humantalk\latin\l57.wav,PCM,1,22050,16,1.111,"[""generic latin male"", ""talk byzanz male""]","[""soundfxstatic""]","[""tribe3:generic""]",[],Human voices,NATIVE_TABLE,Audio/latin/l57.wav,9258fa788d75c1f1b8ec5aae0c74a131935cb9810dcfd1784de473ce6becdefb,
E:\cultures\vanilla-data\DataX\Libs\data0001.lib,2297,data\engine2d\bin\sounds\humantalk\latin\l84.wav,PCM,1,22050,16,0.74,"[""generic latin female"", ""latin female ok 02"", ""talk byzanz female""]","[""soundfxstatic""]","[""tribe3:generic"", ""tribe3:respond""]",[],Human voices,NATIVE_TABLE,Audio/latin/l84.wav,41fed11f10a3a9e752af6878e57f4602c280cc56b21b63b8556a1d77b52eaf40,
E:\cultures\vanilla-data\DataX\Libs\data0001.lib,2298,data\engine2d\bin\sounds\humantalk\latin\l93.wav,PCM,1,22050,16,1.435,"[""generic latin female"", ""latin female ok 04"", ""talk byzanz female""]","[""soundfxstatic""]","[""tribe3:generic"", ""tribe3:respond""]",[],Human voices,NATIVE_TABLE,Audio/latin/l93.wav,574ec81a04e6361540c41664b3dd8a1c2d9f5a67341fe98bf2be474587d5165a,
E:\cultures\vanilla-data\DataX\Libs\data0001.lib,2299,data\engine2d\bin\sounds\static\swing01.wav,PCM,1,22050,16,0.324,"[""weapon fist"", ""weapon spear"", ""weapon sword short""]","[""soundfxstatic""]",[],[],Combat (name-derived),NAME_DERIVED,Audio/static/swing01.wav,3f6685bec786ec82afdbc8cfb3430d0b8787bed32dd4467de55105b4c5443190,
E:\cultures\vanilla-data\DataX\Libs\data0001.lib,2307,data\engine2d\bin\sounds\ambient\branchcrack_01.wav,PCM,1,22050,16,0.555,"[""all snow trees"", ""all trees""]","[""soundfxambient""]",[],[],Ambient,NATIVE_TABLE,Audio/ambient/branchcrack_01.wav,2998c87475ca26a30bdb73d74d8a34d79deebed1302423a63417ed4aa157c1f2,
E:\cultures\vanilla-data\DataX\Libs\data0001.lib,2308,data\engine2d\bin\sounds\humantalk\latin\l49.wav,PCM,1,22050,16,2.268,"[""generic latin male"", ""talk byzanz male""]","[""soundfxstatic""]","[""tribe3:generic""]",[],Human voices,NATIVE_TABLE,Audio/latin/l49.wav,cd06bba4f29edf9ae95b54135ff702792f26db0221e162d58d8da5ea69e83ba7,
E:\cultures\vanilla-data\DataX\Libs\data0001.lib,2309,data\engine2d\bin\sounds\humantalk\latin\l58.wav,PCM,1,22050,16,1.203,"[""generic latin male"", ""talk byzanz male""]","[""soundfxstatic""]","[""tribe3:generic""]",[],Human voices,NATIVE_TABLE,Audio/latin/l58.wav,b6f87e9ed9214510cea76bb164daf415c1a9e9fd9f56ef741b0943c9fc94b334,
E:\cultures\vanilla-data\DataX\Libs\data0001.lib,2310,data\engine2d\bin\sounds\humantalk\latin\l85.wav,PCM,1,22050,16,1.435,"[""generic latin female"", ""latin female ok 02"", ""talk byzanz female""]","[""soundfxstatic""]","[""tribe3:generic"", ""tribe3:respond""]",[],Human voices,NATIVE_TABLE,Audio/latin/l85.wav,b1504ee3f5d9c2afbf71920ff083a75974624cd33ae1fb993594cee8a747e002,
E:\cultures\vanilla-data\DataX\Libs\data0001.lib,2311,data\engine2d\bin\sounds\humantalk\latin\l94.wav,PCM,1,22050,16,0.926,"[""generic latin female"", ""latin female no 04"", ""talk byzanz female""]","[""soundfxstatic""]","[""tribe3:generic"", ""tribe3:respond""]",[],Human voices,NATIVE_TABLE,Audio/latin/l94.wav,97af7a149eb288de47ad8021ee62c29ca2bf17a92feb46fca3edf0185fd7b70a,
E:\cultures\vanilla-data\DataX\Libs\data0001.lib,2312,data\engine2d\bin\sounds\static\swing02.wav,PCM,1,22050,16,0.278,"[""weapon fist"", ""weapon spear"", ""weapon sword short""]","[""soundfxstatic""]",[],[],Combat (name-derived),NAME_DERIVED,Audio/static/swing02.wav,c805c7f1c81b978ec9029320c2686192e8c88ecdf0c111d4175f48073abf2f6b,
E:\cultures\vanilla-data\DataX\Libs\data0001.lib,2320,data\engine2d\bin\sounds\ambient\branchcrack_02.wav,PCM,1,22050,16,1.111,"[""all snow trees"", ""all trees""]","[""soundfxambient""]",[],[],Ambient,NATIVE_TABLE,Audio/ambient/branchcrack_02.wav,6a0f4de8d1bde779982383af0cfe096500eb4e42536645e654f740eaaaab7400,
E:\cultures\vanilla-data\DataX\Libs\data0001.lib,2321,data\engine2d\bin\sounds\humantalk\latin\l59.wav,PCM,1,22050,16,1.018,"[""generic latin male"", ""talk byzanz male""]","[""soundfxstatic""]","[""tribe3:generic""]",[],Human voices,NATIVE_TABLE,Audio/latin/l59.wav,cbbd8db6670f5461f4be2bbd98c45d163b734956fec043fa4bb61ca2a479b550,
E:\cultures\vanilla-data\DataX\Libs\data0001.lib,2322,data\engine2d\bin\sounds\humantalk\latin\l86.wav,PCM,1,22050,16,0.926,"[""generic latin female"", ""latin female no 02"", ""talk byzanz female""]","[""soundfxstatic""]","[""tribe3:generic"", ""tribe3:respond""]",[],Human voices,NATIVE_TABLE,Audio/latin/l86.wav,65f70b55b4d997b966a21fa5d1f9c6b16768815e43b159e22425bffb7b12e374,
E:\cultures\vanilla-data\DataX\Libs\data0001.lib,2323,data\engine2d\bin\sounds\humantalk\latin\l95.wav,PCM,1,22050,16,1.388,"[""generic latin female"", ""latin female no 04"", ""talk byzanz female""]","[""soundfxstatic""]","[""tribe3:generic"", ""tribe3:respond""]",[],Human voices,NATIVE_TABLE,Audio/latin/l95.wav,e981b74baf170982bc116adfee346c682bc0e2880ef2110da6785196ccfe99ca,
E:\cultures\vanilla-data\DataX\Libs\data0001.lib,2324,data\engine2d\bin\sounds\static\lionattack01.wav,PCM,1,22050,16,1.481,"[""lion attack""]","[""soundfxstatic""]",[],[],Production/actions (folder static),FOLDER_ONLY,Audio/static/lionattack01.wav,b96cd417899806cc16605f83cc20c019b626ba511037e4e65565627914773b35,
E:\cultures\vanilla-data\DataX\Libs\data0001.lib,2325,data\engine2d\bin\sounds\static\swing03.wav,PCM,1,22050,16,0.231,"[""weapon fist"", ""weapon spear"", ""weapon sword short""]","[""soundfxstatic""]",[],[],Combat (name-derived),NAME_DERIVED,Audio/static/swing03.wav,7f641aac2647f6c4e78422ee2ba8901424006674dab6535ea3b93ee9a7670901,
E:\cultures\vanilla-data\DataX\Libs\data0001.lib,2334,data\engine2d\bin\sounds\ambient\branchcrack_03.wav,PCM,1,22050,16,1.296,"[""all snow trees"", ""all trees""]","[""soundfxambient""]",[],[],Ambient,NATIVE_TABLE,Audio/ambient/branchcrack_03.wav,06e07bb697413894075291d21e518d066832ce5544aebcc9fd92359ffc1926cb,
E:\cultures\vanilla-data\DataX\Libs\data0001.lib,2335,data\engine2d\bin\sounds\humantalk\latin\l87.wav,PCM,1,22050,16,1.157,"[""generic latin female"", ""latin female no 02"", ""talk byzanz female""]","[""soundfxstatic""]","[""tribe3:generic"", ""tribe3:respond""]",[],Human voices,NATIVE_TABLE,Audio/latin/l87.wav,031bbe3a1e5b0f297fc32f05913e6634d0f29841813ba0c63ac94a3251353d97,
E:\cultures\vanilla-data\DataX\Libs\data0001.lib,2336,data\engine2d\bin\sounds\humantalk\latin\l96.wav,PCM,1,22050,16,0.879,"[""generic latin female"", ""latin female ok 05"", ""talk byzanz female""]","[""soundfxstatic""]","[""tribe3:generic"", ""tribe3:respond""]",[],Human voices,NATIVE_TABLE,Audio/latin/l96.wav,a89e4794ba9f1651b0134724b3eed00eb63793cfcd0a41b08645febb1f64c797,
E:\cultures\vanilla-data\DataX\Libs\data0001.lib,2337,data\engine2d\bin\sounds\static\lionattack02.wav,PCM,1,22050,16,1.62,"[""lion attack""]","[""soundfxstatic""]",[],[],Production/actions (folder static),FOLDER_ONLY,Audio/static/lionattack02.wav,ca9c482c6116f80b65c9fd3a6161c17365fd45c3249bb8dd936fc7d2f6aa138e,
E:\cultures\vanilla-data\DataX\Libs\data0001.lib,2338,data\engine2d\bin\sounds\static\swing04.wav,PCM,1,22050,16,0.139,"[""weapon fist"", ""weapon spear"", ""weapon sword short""]","[""soundfxstatic""]",[],[],Combat (name-derived),NAME_DERIVED,Audio/static/swing04.wav,8a427fcd3ad3690f5aacda6725177741a67d0639d06c29875406ffe34218a487,
E:\cultures\vanilla-data\DataX\Libs\data0001.lib,2343,data\engine2d\bin\sounds\ambient\branchcrack_04.wav,PCM,1,22050,16,1.064,"[""all snow trees"", ""all trees""]","[""soundfxambient""]",[],[],Ambient,NATIVE_TABLE,Audio/ambient/branchcrack_04.wav,a0d10163a0b1dd695b399577b196d020b6dcc47b2ad6046f29a162cb14b2ee0a,
E:\cultures\vanilla-data\DataX\Libs\data0001.lib,2344,data\engine2d\bin\sounds\humantalk\latin\l88.wav,PCM,1,22050,16,0.602,"[""generic latin female"", ""latin female ok 03"", ""talk byzanz female""]","[""soundfxstatic""]","[""tribe3:generic"", ""tribe3:respond""]",[],Human voices,NATIVE_TABLE,Audio/latin/l88.wav,582c3686e7372ec3899f9460cbe6480a425c1cb728974df12c91231b1fe1fe9e,
E:\cultures\vanilla-data\DataX\Libs\data0001.lib,2345,data\engine2d\bin\sounds\humantalk\latin\l97.wav,PCM,1,22050,16,1.342,"[""generic latin female"", ""latin female ok 05"", ""talk byzanz female""]","[""soundfxstatic""]","[""tribe3:generic"", ""tribe3:respond""]",[],Human voices,NATIVE_TABLE,Audio/latin/l97.wav,b16c134b71560a69abc7d70328750245b55e7602e397f7539de84ca719bef194,
E:\cultures\vanilla-data\DataX\Libs\data0001.lib,2346,data\engine2d\bin\sounds\static\swing05.wav,PCM,1,22050,16,0.185,"[""weapon fist"", ""weapon spear"", ""weapon sword short""]","[""soundfxstatic""]",[],[],Combat (name-derived),NAME_DERIVED,Audio/static/swing05.wav,2e0e915978433178a5dbfe7dc107e5b37859b107d4927b9f8e385285a20d8ac8,
E:\cultures\vanilla-data\DataX\Libs\data0001.lib,2350,data\engine2d\bin\sounds\ambient\branchcrack_05.wav,PCM,1,22050,16,1.435,"[""all snow trees"", ""all trees""]","[""soundfxambient""]",[],[],Ambient,NATIVE_TABLE,Audio/ambient/branchcrack_05.wav,45e32df1ec2079884484cee3c2da89d7fe988c9aad14a5f1e3877e28f382e469,
E:\cultures\vanilla-data\DataX\Libs\data0001.lib,2351,data\engine2d\bin\sounds\humantalk\latin\l89.wav,PCM,1,22050,16,1.157,"[""generic latin female"", ""latin female ok 03"", ""talk byzanz female""]","[""soundfxstatic""]","[""tribe3:generic"", ""tribe3:respond""]",[],Human voices,NATIVE_TABLE,Audio/latin/l89.wav,94a5b2cc5097b74f5ff85eca43d3782801d52953118c0ade2157dc8c6c2398db,
E:\cultures\vanilla-data\DataX\Libs\data0001.lib,2352,data\engine2d\bin\sounds\humantalk\latin\l98.wav,PCM,1,22050,16,1.111,"[""generic latin female"", ""latin female no 05"", ""talk byzanz female""]","[""soundfxstatic""]","[""tribe3:generic"", ""tribe3:respond""]",[],Human voices,NATIVE_TABLE,Audio/latin/l98.wav,c7e2b9982e2581382a00817bb64ac1e2d27ed793b3fe7fd2f641e96e21bf253b,
E:\cultures\vanilla-data\DataX\Libs\data0001.lib,2357,data\engine2d\bin\sounds\ambient\branchcrack_06.wav,PCM,1,22050,16,1.666,"[""all snow trees"", ""all trees""]","[""soundfxambient""]",[],[],Ambient,NATIVE_TABLE,Audio/ambient/branchcrack_06.wav,0594a67b71da2ebdd1466a94758b46be40b344568c107738afdb1065083dce1f,
E:\cultures\vanilla-data\DataX\Libs\data0001.lib,2358,data\engine2d\bin\sounds\humantalk\latin\l99.wav,PCM,1,22050,16,1.157,"[""generic latin female"", ""latin female no 05"", ""talk byzanz female""]","[""soundfxstatic""]","[""tribe3:generic"", ""tribe3:respond""]",[],Human voices,NATIVE_TABLE,Audio/latin/l99.wav,9a33214d669570bc800015562043254552c7a8b29e6ae71037e1cb95c68a85ea,
E:\cultures\vanilla-data\DataX\Libs\data0001.lib,2363,data\engine2d\bin\sounds\ambient\branchcrack_07.wav,PCM,1,22050,16,1.666,"[""all snow trees"", ""all trees""]","[""soundfxambient""]",[],[],Ambient,NATIVE_TABLE,Audio/ambient/branchcrack_07.wav,e658435feb3402176b03e87898631a1298f5a2afaccac34d5b8c828bb4fea506,
E:\cultures\vanilla-data\DataX\Libs\data0001.lib,2366,data\engine2d\bin\sounds\ambient\branchcrack_08.wav,PCM,1,22050,16,1.157,"[""all snow trees"", ""all trees""]","[""soundfxambient""]",[],[],Ambient,NATIVE_TABLE,Audio/ambient/branchcrack_08.wav,f09a81466204f305683d428c83dda25c439d222445ad56a5aef0d737c0d3ee4f,
E:\cultures\vanilla-data\DataX\Libs\data0001.lib,2373,data\engine2d\bin\sounds\humantalk\oldenglish\o01.wav,PCM,1,22050,16,1.296,"[""generic frank male"", ""talk franks male""]","[""soundfxstatic""]","[""tribe2:generic""]",[],Human voices,NATIVE_TABLE,Audio/oldenglish/o01.wav,12933ac763739a7432b72c04c97e1548cfef91191a12a74392b7a1ad6bf08176,
E:\cultures\vanilla-data\DataX\Libs\data0001.lib,2374,data\engine2d\bin\sounds\humantalk\oldenglish\o10.wav,PCM,1,22050,16,1.157,"[""frank male no 02"", ""generic frank male"", ""talk franks male""]","[""soundfxstatic""]","[""tribe2:generic"", ""tribe2:respond""]",[],Human voices,NATIVE_TABLE,Audio/oldenglish/o10.wav,70bc8f67d59e5c5921f6be288a77b3cd5983c608d9e3467c3869ca1b58af5be3,
E:\cultures\vanilla-data\DataX\Libs\data0001.lib,2380,data\engine2d\bin\sounds\generic\human_yawn f 01.wav,PCM,1,22050,16,2.499,"[""generic latin female"", ""generic viking female"", ""yawn woman""]","[""soundfxstatic""]","[""tribe1:generic"", ""tribe2:generic"", ""tribe3:generic"", ""tribe4:generic""]",[],Human voices,NATIVE_TABLE,Audio/generic/human_yawn f 01.wav,e9be2956541e4a6da4045545a170052d1006c26433bb33a2df30028b1dbf4544,
E:\cultures\vanilla-data\DataX\Libs\data0001.lib,2381,data\engine2d\bin\sounds\humantalk\oldenglish\o02.wav,PCM,1,22050,16,2.314,"[""generic frank male"", ""talk franks male""]","[""soundfxstatic""]","[""tribe2:generic""]",[],Human voices,NATIVE_TABLE,Audio/oldenglish/o02.wav,556be4ae8bf051f0954e6630ecd65b74eea4912e155856cb431bb01251fc0f9b,
E:\cultures\vanilla-data\DataX\Libs\data0001.lib,2382,data\engine2d\bin\sounds\humantalk\oldenglish\o11.wav,PCM,1,22050,16,1.064,"[""frank male no 02"", ""generic frank male"", ""talk franks male""]","[""soundfxstatic""]","[""tribe2:generic"", ""tribe2:respond""]",[],Human voices,NATIVE_TABLE,Audio/oldenglish/o11.wav,802d03dcfa2ec464f30d927abf6fe2d8935ffd23e918adbf038df48c86e9fc08,
E:\cultures\vanilla-data\DataX\Libs\data0001.lib,2383,data\engine2d\bin\sounds\humantalk\oldenglish\o20.wav,PCM,1,22050,16,1.157,"[""frank male ok 03"", ""generic frank male"", ""talk franks male""]","[""soundfxstatic""]","[""tribe2:generic"", ""tribe2:respond""]",[],Human voices,NATIVE_TABLE,Audio/oldenglish/o20.wav,6a68ba755643af82ff3176d7a5a5c4b214bc1e0c722aebfb39df4d7af2f40837,
E:\cultures\vanilla-data\DataX\Libs\data0001.lib,2389,data\engine2d\bin\sounds\generic\animals_bear01.wav,PCM,1,22050,16,2.638,"[""bear sounds""]","[""soundfxstatic""]",[],"[""tribe8""]",Animals,NATIVE_TABLE,Audio/generic/animals_bear01.wav,dc2a59813f1ed514bf887d29b77e7e1102b8b764e2285f29adcbd0a6865c36cc,
E:\cultures\vanilla-data\DataX\Libs\data0001.lib,2390,data\engine2d\bin\sounds\generic\human_yawn f 02.wav,PCM,1,22050,16,2.083,"[""generic latin female"", ""generic viking female"", ""yawn woman""]","[""soundfxstatic""]","[""tribe1:generic"", ""tribe2:generic"", ""tribe3:generic"", ""tribe4:generic""]",[],Human voices,NATIVE_TABLE,Audio/generic/human_yawn f 02.wav,cc9e5a671164c718d67806d9b49f3160f5b70e024b9be8daa6bba923f1f9ea3a,
E:\cultures\vanilla-data\DataX\Libs\data0001.lib,2391,data\engine2d\bin\sounds\humantalk\oldenglish\o03.wav,PCM,1,22050,16,1.064,"[""generic frank male"", ""talk franks male""]","[""soundfxstatic""]","[""tribe2:generic""]",[],Human voices,NATIVE_TABLE,Audio/oldenglish/o03.wav,7b168b4d4547e03e1402aca31ef0cbd02b80571b4fcff135d9f056f627c5ae6c,
E:\cultures\vanilla-data\DataX\Libs\data0001.lib,2392,data\engine2d\bin\sounds\humantalk\oldenglish\o12.wav,PCM,1,22050,16,1.157,"[""frank male no 03"", ""generic frank male"", ""talk franks male""]","[""soundfxstatic""]","[""tribe2:generic"", ""tribe2:respond""]",[],Human voices,NATIVE_TABLE,Audio/oldenglish/o12.wav,595d2f149423c49d85b54e66dca97bf801eff36475886fcd73bb956931fc2569,
E:\cultures\vanilla-data\DataX\Libs\data0001.lib,2393,data\engine2d\bin\sounds\humantalk\oldenglish\o21.wav,PCM,1,22050,16,0.926,"[""generic frank male"", ""talk franks male""]","[""soundfxstatic""]","[""tribe2:generic""]",[],Human voices,NATIVE_TABLE,Audio/oldenglish/o21.wav,9cb3c44719e46a67388528adc0c0920c27545d5b20dd7dbec883e595b2658dfb,
E:\cultures\vanilla-data\DataX\Libs\data0001.lib,2394,data\engine2d\bin\sounds\humantalk\oldenglish\o30.wav,PCM,1,22050,16,0.509,"[""frank male ok 03"", ""generic frank male"", ""talk franks male""]","[""soundfxstatic""]","[""tribe2:generic"", ""tribe2:respond""]",[],Human voices,NATIVE_TABLE,Audio/oldenglish/o30.wav,38178f5a4ae7bd22e3e6e187e0445ef0740853dcf1a3c9f398e08741eb884a61,
E:\cultures\vanilla-data\DataX\Libs\data0001.lib,2395,data\engine2d\bin\sounds\static\carpenter_plane01.wav,PCM,1,22050,16,2.592,"[""carpenter plane""]","[""soundfxstatic""]",[],[],Production/actions (folder static),FOLDER_ONLY,Audio/static/carpenter_plane01.wav,b4a2f28e79ca54088ec061dcca3266b3b0a7070e7610a71fc3c4afc1480d4bd9,
E:\cultures\vanilla-data\DataX\Libs\data0001.lib,2401,data\engine2d\bin\sounds\generic\animals_bear02.wav,PCM,1,22050,16,2.175,"[""bear sounds""]","[""soundfxstatic""]",[],"[""tribe8""]",Animals,NATIVE_TABLE,Audio/generic/animals_bear02.wav,002c246ddf31d89253bf22af33533df8330b95064fa4bd36de05d5e43b1aed55,
E:\cultures\vanilla-data\DataX\Libs\data0001.lib,2402,data\engine2d\bin\sounds\humantalk\oldenglish\o04.wav,PCM,1,22050,16,1.064,"[""generic frank male"", ""talk franks male""]","[""soundfxstatic""]","[""tribe2:generic""]",[],Human voices,NATIVE_TABLE,Audio/oldenglish/o04.wav,a878b2c031e7e0b07b8321ec0bbacc0f916048875645f1c0161a8a454b07c132,
E:\cultures\vanilla-data\DataX\Libs\data0001.lib,2403,data\engine2d\bin\sounds\humantalk\oldenglish\o13.wav,PCM,1,22050,16,1.111,"[""frank male no 01"", ""generic frank male"", ""talk franks male""]","[""soundfxstatic""]","[""tribe2:generic"", ""tribe2:respond""]",[],Human voices,NATIVE_TABLE,Audio/oldenglish/o13.wav,d8ff41f444e84597c838bd1a9e29d68ce89fe93d03614990f74ffeed11061d97,
E:\cultures\vanilla-data\DataX\Libs\data0001.lib,2404,data\engine2d\bin\sounds\humantalk\oldenglish\o22.wav,PCM,1,22050,16,0.972,"[""frank male ok 01"", ""generic frank male"", ""talk franks male""]","[""soundfxstatic""]","[""tribe2:generic"", ""tribe2:respond""]",[],Human voices,NATIVE_TABLE,Audio/oldenglish/o22.wav,34c5bb147b174b369e67ec476e887824889111281f5363a7fc420cd52c91f366,
E:\cultures\vanilla-data\DataX\Libs\data0001.lib,2405,data\engine2d\bin\sounds\humantalk\oldenglish\o31.wav,PCM,1,22050,16,0.879,"[""generic frank male"", ""talk franks male""]","[""soundfxstatic""]","[""tribe2:generic""]",[],Human voices,NATIVE_TABLE,Audio/oldenglish/o31.wav,2011e368b6a833961dec9d37cdfc3c2a372d2206cd99fe190d6ae96d8888f450,
E:\cultures\vanilla-data\DataX\Libs\data0001.lib,2411,data\engine2d\bin\sounds\generic\animals_bear03.wav,PCM,1,22050,16,1.574,"[""bear sounds""]","[""soundfxstatic""]",[],"[""tribe8""]",Animals,NATIVE_TABLE,Audio/generic/animals_bear03.wav,10da0a84d94ca3250c4a814683b636a22b327aa9acc9352110a0bd9d9714f528,
E:\cultures\vanilla-data\DataX\Libs\data0001.lib,2412,data\engine2d\bin\sounds\gui\briefing_popup.wav,PCM,1,22050,16,0.509,[],[],[],[],UI,UNKNOWN (no native reference),Audio/gui/briefing_popup.wav,1c1189aaf1da024d04254eec100a73a2bfb79d30d9fa68256997fc0aa2aeab9a,
E:\cultures\vanilla-data\DataX\Libs\data0001.lib,2413,data\engine2d\bin\sounds\humantalk\oldenglish\o05.wav,PCM,1,22050,16,2.083,"[""generic frank male"", ""talk franks male""]","[""soundfxstatic""]","[""tribe2:generic""]",[],Human voices,NATIVE_TABLE,Audio/oldenglish/o05.wav,170eb9f9cec02c40cff8ded68f36c79ae4483835aab68a6d2591774df83cefc6,
E:\cultures\vanilla-data\DataX\Libs\data0001.lib,2414,data\engine2d\bin\sounds\humantalk\oldenglish\o14.wav,PCM,1,22050,16,1.157,"[""generic frank male"", ""talk franks male""]","[""soundfxstatic""]","[""tribe2:generic""]",[],Human voices,NATIVE_TABLE,Audio/oldenglish/o14.wav,cee752564537ab9170b21cc373e4527fb7374c2583554a066ab26649f7bc6533,
E:\cultures\vanilla-data\DataX\Libs\data0001.lib,2415,data\engine2d\bin\sounds\humantalk\oldenglish\o23.wav,PCM,1,22050,16,1.805,"[""frank male no 01"", ""generic frank male"", ""talk franks male""]","[""soundfxstatic""]","[""tribe2:generic"", ""tribe2:respond""]",[],Human voices,NATIVE_TABLE,Audio/oldenglish/o23.wav,a0c09f319b11bbbb086ffa149d75e5b3ee0f8cfeb47b0c6678ae42a70cfc8a0b,
E:\cultures\vanilla-data\DataX\Libs\data0001.lib,2416,data\engine2d\bin\sounds\humantalk\oldenglish\o32.wav,PCM,1,22050,16,0.463,"[""frank male ok 03"", ""generic frank male"", ""talk franks male""]","[""soundfxstatic""]","[""tribe2:generic"", ""tribe2:respond""]",[],Human voices,NATIVE_TABLE,Audio/oldenglish/o32.wav,47dd864733a5685335c8d52aa846870ed01a381f4cc423f03d64a3e16c2c7ba3,
E:\cultures\vanilla-data\DataX\Libs\data0001.lib,2417,data\engine2d\bin\sounds\static\housecrash01.wav,PCM,1,22050,16,2.962,"[""house crash""]","[""soundfxstatic""]",[],[],Production/actions (folder static),FOLDER_ONLY,Audio/static/housecrash01.wav,72eb512a9d02fb6e971fc8213c16eaa5945cbe6403d0b6e4bb96409543d74e10,
E:\cultures\vanilla-data\DataX\Libs\data0001.lib,2424,data\engine2d\bin\sounds\generic\animals_bear04.wav,PCM,1,22050,16,0.879,"[""bear sounds""]","[""soundfxstatic""]",[],"[""tribe8""]",Animals,NATIVE_TABLE,Audio/generic/animals_bear04.wav,2c2786d2873c1f159fdedf445740c6c66604af38e4edcc152e1cff6387a360c4,
E:\cultures\vanilla-data\DataX\Libs\data0001.lib,2425,data\engine2d\bin\sounds\humantalk\oldenglish\o06.wav,PCM,1,22050,16,1.342,"[""generic frank male"", ""talk franks male""]","[""soundfxstatic""]","[""tribe2:generic""]",[],Human voices,NATIVE_TABLE,Audio/oldenglish/o06.wav,df8e6550cb03f2617972ae86c6f1a46acd77a82cd4e36170552ddec8adf78f2a,
E:\cultures\vanilla-data\DataX\Libs\data0001.lib,2426,data\engine2d\bin\sounds\humantalk\oldenglish\o15.wav,PCM,1,22050,16,1.111,"[""generic frank male"", ""talk franks male""]","[""soundfxstatic""]","[""tribe2:generic""]",[],Human voices,NATIVE_TABLE,Audio/oldenglish/o15.wav,06672a90d6a22946f0b7191f05509ccaa3da6c03d3dc088009fbe5487ffe6f63,
E:\cultures\vanilla-data\DataX\Libs\data0001.lib,2427,data\engine2d\bin\sounds\humantalk\oldenglish\o24.wav,PCM,1,22050,16,1.435,"[""generic frank male"", ""talk franks male""]","[""soundfxstatic""]","[""tribe2:generic""]",[],Human voices,NATIVE_TABLE,Audio/oldenglish/o24.wav,0f8dec915345cd52032716b67ef9fd783f1d8896b42e1de0233a0384afeec302,
E:\cultures\vanilla-data\DataX\Libs\data0001.lib,2428,data\engine2d\bin\sounds\humantalk\oldenglish\o33.wav,PCM,1,22050,16,0.555,"[""frank male ok 01"", ""generic frank male"", ""talk franks male""]","[""soundfxstatic""]","[""tribe2:generic"", ""tribe2:respond""]",[],Human voices,NATIVE_TABLE,Audio/oldenglish/o33.wav,46cf45673522000df35e0e3052b2cd632c43236e1821124c9bd359f0e57187dd,
E:\cultures\vanilla-data\DataX\Libs\data0001.lib,2429,data\engine2d\bin\sounds\static\housecrash02.wav,PCM,1,22050,16,2.962,"[""house crash""]","[""soundfxstatic""]",[],[],Production/actions (folder static),FOLDER_ONLY,Audio/static/housecrash02.wav,27607865c7263646078d541b7d90f89b834422624d885f859bb5532b42fdd22d,
E:\cultures\vanilla-data\DataX\Libs\data0001.lib,2435,data\engine2d\bin\sounds\humantalk\oldenglish\o07.wav,PCM,1,22050,16,1.111,"[""generic frank male"", ""talk franks male""]","[""soundfxstatic""]","[""tribe2:generic""]",[],Human voices,NATIVE_TABLE,Audio/oldenglish/o07.wav,89b4ae5b81c8822c25b4aaab9ac0275e6d2367a935d71e193ea387c6afd3f46c,
E:\cultures\vanilla-data\DataX\Libs\data0001.lib,2436,data\engine2d\bin\sounds\humantalk\oldenglish\o16.wav,PCM,1,22050,16,1.157,"[""generic frank male"", ""talk franks male""]","[""soundfxstatic""]","[""tribe2:generic""]",[],Human voices,NATIVE_TABLE,Audio/oldenglish/o16.wav,3797b09b6fcca4f9203f473e5ef09860a022dffd150dc7eba515a0fed9153ccf,
E:\cultures\vanilla-data\DataX\Libs\data0001.lib,2437,data\engine2d\bin\sounds\humantalk\oldenglish\o25.wav,PCM,1,22050,16,1.203,"[""generic frank male"", ""talk franks male""]","[""soundfxstatic""]","[""tribe2:generic""]",[],Human voices,NATIVE_TABLE,Audio/oldenglish/o25.wav,89180a27a7950e6fbb788bfda2fd4db57ac849cf33970c9ac6c752e2365f740f,
E:\cultures\vanilla-data\DataX\Libs\data0001.lib,2443,data\engine2d\bin\sounds\humantalk\oldenglish\o08.wav,PCM,1,22050,16,1.712,"[""generic frank male"", ""talk franks male""]","[""soundfxstatic""]","[""tribe2:generic""]",[],Human voices,NATIVE_TABLE,Audio/oldenglish/o08.wav,9338631a6bd63f91b30221ec195b0efd5caea5a62d40192b80bae17ad135fdeb,
E:\cultures\vanilla-data\DataX\Libs\data0001.lib,2444,data\engine2d\bin\sounds\humantalk\oldenglish\o17.wav,PCM,1,22050,16,1.759,"[""generic frank male"", ""talk franks male""]","[""soundfxstatic""]","[""tribe2:generic""]",[],Human voices,NATIVE_TABLE,Audio/oldenglish/o17.wav,c958abbb1aedb5a2e83bdabe7d1f0a14dde61f3c128040f6acca239316c1db7d,
E:\cultures\vanilla-data\DataX\Libs\data0001.lib,2445,data\engine2d\bin\sounds\humantalk\oldenglish\o26.wav,PCM,1,22050,16,1.018,"[""generic frank male"", ""talk franks male""]","[""soundfxstatic""]","[""tribe2:generic""]",[],Human voices,NATIVE_TABLE,Audio/oldenglish/o26.wav,ea3be6922fd2775bd0837cd584203bc88dca0afdd0a1a0822b83b679761d82b1,
E:\cultures\vanilla-data\DataX\Libs\data0001.lib,2448,data\engine2d\bin\sounds\generic\human_yawn m 01.wav,PCM,1,22050,16,2.592,"[""generic arabian male"", ""generic frank male"", ""generic latin male"", ""generic viking male"", ""yawn man""]","[""soundfxstatic""]","[""tribe1:generic"", ""tribe2:generic"", ""tribe3:generic"", ""tribe4:generic""]",[],Human voices,NATIVE_TABLE,Audio/generic/human_yawn m 01.wav,eda03d39e2a587d9762c82743fc62d80c836f684a44c31321e2c43e8fb7f63db,
E:\cultures\vanilla-data\DataX\Libs\data0001.lib,2449,data\engine2d\bin\sounds\humantalk\oldenglish\o09.wav,PCM,1,22050,16,1.018,"[""generic frank male"", ""talk franks male""]","[""soundfxstatic""]","[""tribe2:generic""]",[],Human voices,NATIVE_TABLE,Audio/oldenglish/o09.wav,74f46b323386b569dfc7d0c2b6fd415a4d697b9a750750da726569dc98a125fc,
E:\cultures\vanilla-data\DataX\Libs\data0001.lib,2450,data\engine2d\bin\sounds\humantalk\oldenglish\o18.wav,PCM,1,22050,16,1.388,"[""generic frank male"", ""talk franks male""]","[""soundfxstatic""]","[""tribe2:generic""]",[],Human voices,NATIVE_TABLE,Audio/oldenglish/o18.wav,20e00ff1843090292d92389c1c4a9bdbbcb4c3cdbc78e8b89fc9ae72f316a05b,
E:\cultures\vanilla-data\DataX\Libs\data0001.lib,2451,data\engine2d\bin\sounds\humantalk\oldenglish\o27.wav,PCM,1,22050,16,1.111,"[""generic frank male"", ""talk franks male""]","[""soundfxstatic""]","[""tribe2:generic""]",[],Human voices,NATIVE_TABLE,Audio/oldenglish/o27.wav,d151f4fb744e97b50f7f1807d56ca2ebed3441556cb534182fed6225eb679677,
E:\cultures\vanilla-data\DataX\Libs\data0001.lib,2455,data\engine2d\bin\sounds\generic\human_yawn m 02.wav,PCM,1,22050,16,1.527,"[""generic arabian male"", ""generic frank male"", ""generic latin male"", ""generic viking male"", ""yawn man""]","[""soundfxstatic""]","[""tribe1:generic"", ""tribe2:generic"", ""tribe3:generic"", ""tribe4:generic""]",[],Human voices,NATIVE_TABLE,Audio/generic/human_yawn m 02.wav,65ca4b4a882438dd5e4afafb9c0bc6082deb07fda51cb9b846643b3c50ca8a52,
E:\cultures\vanilla-data\DataX\Libs\data0001.lib,2456,data\engine2d\bin\sounds\humantalk\oldenglish\o19.wav,PCM,1,22050,16,1.296,"[""frank male ok 02"", ""generic frank male"", ""talk franks male""]","[""soundfxstatic""]","[""tribe2:generic"", ""tribe2:respond""]",[],Human voices,NATIVE_TABLE,Audio/oldenglish/o19.wav,e29612c868b2f741085e7f13c5e121cda06d3eb5003a68790fb602c72be4a8bc,
E:\cultures\vanilla-data\DataX\Libs\data0001.lib,2457,data\engine2d\bin\sounds\humantalk\oldenglish\o28.wav,PCM,1,22050,16,0.926,"[""generic frank male"", ""talk franks male""]","[""soundfxstatic""]","[""tribe2:generic""]",[],Human voices,NATIVE_TABLE,Audio/oldenglish/o28.wav,ee189e3654bd73935538dcaa4932f92364c84b4a280ff2fe609f226665856c46,
E:\cultures\vanilla-data\DataX\Libs\data0001.lib,2458,data\engine2d\bin\sounds\static\eat01.wav,PCM,1,22050,16,3.147,"[""eat""]","[""soundfxstatic""]",[],[],Production/actions (folder static),FOLDER_ONLY,Audio/static/eat01.wav,d826f04bc5da9e5525fe60181699b5e946c1472d5cde876f4b3cc1843659b8ef,
E:\cultures\vanilla-data\DataX\Libs\data0001.lib,2462,data\engine2d\bin\sounds\humantalk\oldenglish\o29.wav,PCM,1,22050,16,1.064,"[""generic frank male"", ""talk franks male""]","[""soundfxstatic""]","[""tribe2:generic""]",[],Human voices,NATIVE_TABLE,Audio/oldenglish/o29.wav,0a5f791398167c80b64b56fb52da93f6030ad202620ab95ba1fb1665ccdb7fbb,
E:\cultures\vanilla-data\DataX\Libs\data0001.lib,2463,data\engine2d\bin\sounds\static\catapult_impact01.wav,PCM,1,22050,16,3.656,"[""weapon catapult hit water""]","[""soundfxstatic""]",[],[],Combat (name-derived),NAME_DERIVED,Audio/static/catapult_impact01.wav,26aefe67ebf13b33de521ab21ab3fd348ee6039e402da51bd0cba171bbaed49e,
E:\cultures\vanilla-data\DataX\Libs\data0001.lib,2464,data\engine2d\bin\sounds\static\eat02.wav,PCM,1,22050,16,3.24,"[""eat""]","[""soundfxstatic""]",[],[],Production/actions (folder static),FOLDER_ONLY,Audio/static/eat02.wav,fc7c26b0ebcdda0d128252b2336f545ee2bfd34229758799b2a33cd6ba8be8a3,
E:\cultures\vanilla-data\DataX\Libs\data0001.lib,2469,data\engine2d\bin\sounds\static\catapult_impact02.wav,PCM,1,22050,16,3.147,"[""weapon catapult hit""]","[""soundfxstatic""]",[],[],Combat (name-derived),NAME_DERIVED,Audio/static/catapult_impact02.wav,58fd606bf746326113c5b028c6dca12541e3a2b3306c10369b408c4d28b1c492,
E:\cultures\vanilla-data\DataX\Libs\data0001.lib,2470,data\engine2d\bin\sounds\static\eat03.wav,PCM,1,22050,16,2.962,"[""eat""]","[""soundfxstatic""]",[],[],Production/actions (folder static),FOLDER_ONLY,Audio/static/eat03.wav,39076c17b5366d429d811366b3c7f639382c7530db1c2342addf3d7766f7758c,
E:\cultures\vanilla-data\DataX\Libs\data0001.lib,2473,data\engine2d\bin\sounds\ambient\underworld.wav,PCM,1,22050,16,13.984,"[""underworld""]","[""soundfxambient""]",[],[],Ambient,NATIVE_TABLE,Audio/ambient/underworld.wav,e7a47eed8103ac8f3cd655dd2ac8f34668853485f08a7b2312a60bc6c0840759,
E:\cultures\vanilla-data\DataX\Libs\data0001.lib,2474,data\engine2d\bin\sounds\generic\animals_boar01.wav,PCM,1,22050,16,0.926,"[""boar sounds""]","[""soundfxstatic""]",[],"[""tribe9""]",Animals,NATIVE_TABLE,Audio/generic/animals_boar01.wav,4435783bbca0102a170c78c835f2aa7c2f7b2cbd09c082e9756bf6aff2b95754,
E:\cultures\vanilla-data\DataX\Libs\data0001.lib,2475,data\engine2d\bin\sounds\static\eat04.wav,PCM,1,22050,16,2.684,"[""eat""]","[""soundfxstatic""]",[],[],Production/actions (folder static),FOLDER_ONLY,Audio/static/eat04.wav,6cadb334309d68e7f44913ae717e08040fbb3fa7dc37d1fef160195eb20adeed,
E:\cultures\vanilla-data\DataX\Libs\data0001.lib,2476,data\engine2d\bin\sounds\static\hunter_bow01.wav,PCM,1,22050,16,0.509,"[""weapon bow long""]","[""soundfxstatic""]",[],[],Production/actions (folder static),FOLDER_ONLY,Audio/static/hunter_bow01.wav,d26510d1d4c542f03a64bcc7cfabc6b049a2f05621badeacc52e93e1d0c1d2fe,
E:\cultures\vanilla-data\DataX\Libs\data0001.lib,2477,data\engine2d\bin\sounds\static\weresnakeattack01.wav,PCM,1,22050,16,0.37,"[""weresnake attack right claw""]","[""soundfxstatic""]",[],[],Production/actions (folder static),FOLDER_ONLY,Audio/static/weresnakeattack01.wav,31e0d127688f63f49494d5b7d844412c6bbcccb8fb31fefac9650b786010f498,
E:\cultures\vanilla-data\DataX\Libs\data0001.lib,2478,data\engine2d\bin\sounds\static\weresnakeattack10.wav,PCM,1,22050,16,0.972,"[""weresnake attack both claws""]","[""soundfxstatic""]",[],[],Production/actions (folder static),FOLDER_ONLY,Audio/static/weresnakeattack10.wav,88fd2aa617c1ffec3e18958d62f3a33fc6703b9c1d9a7211f51bf825bba9dfd9,
E:\cultures\vanilla-data\DataX\Libs\data0001.lib,2482,data\engine2d\bin\sounds\generic\animals_boar02.wav,PCM,1,22050,16,0.463,"[""boar sounds""]","[""soundfxstatic""]",[],"[""tribe9""]",Animals,NATIVE_TABLE,Audio/generic/animals_boar02.wav,6657219df7e65d61367ef398afeb23f6bc9b1426770b2ac76cab4511f43334ba,
E:\cultures\vanilla-data\DataX\Libs\data0001.lib,2483,data\engine2d\bin\sounds\static\axe01.wav,PCM,1,22050,16,0.139,"[""woodcutter axe""]","[""soundfxstatic""]",[],[],Production/actions (folder static),FOLDER_ONLY,Audio/static/axe01.wav,f4889c3e8fcfa02c4e5610c9441055a6b5e39d231e49aa60efe829979607bce0,
E:\cultures\vanilla-data\DataX\Libs\data0001.lib,2484,data\engine2d\bin\sounds\static\weresnakeattack02.wav,PCM,1,22050,16,0.463,"[""weresnake attack left claw""]","[""soundfxstatic""]",[],[],Production/actions (folder static),FOLDER_ONLY,Audio/static/weresnakeattack02.wav,0e87b2b87b10d2855ecc80734c604db94d9bebe6487549c2c20d12063775a909,
E:\cultures\vanilla-data\DataX\Libs\data0001.lib,2485,data\engine2d\bin\sounds\static\weresnakeattack11.wav,PCM,1,22050,16,1.111,"[""weresnake attack both claws""]","[""soundfxstatic""]",[],[],Production/actions (folder static),FOLDER_ONLY,Audio/static/weresnakeattack11.wav,0a3ca447286a455fc44a55bed3dac9a8f86c6c9bf64ab6ad1c8a9cc0b08950ab,
E:\cultures\vanilla-data\DataX\Libs\data0001.lib,2491,data\engine2d\bin\sounds\generic\animals_boar03.wav,PCM,1,22050,16,0.74,"[""boar sounds""]","[""soundfxstatic""]",[],"[""tribe9""]",Animals,NATIVE_TABLE,Audio/generic/animals_boar03.wav,a8c0b15bba74e6a01a8937ccb16d4fc2b04f2c600252a05201e05d44997fcf18,
E:\cultures\vanilla-data\DataX\Libs\data0001.lib,2492,data\engine2d\bin\sounds\jingles\jingles_civildefense.wav,PCM,1,22050,16,6.34,"[""""]","[""soundfxjingle""]",[],[],Music jingles,NATIVE_TABLE,Audio/jingles/jingles_civildefense.wav,e4ddd23b30ae57a449624285e1b73fe4313e89d0f143b5b286a25ca73cdc59e7,
E:\cultures\vanilla-data\DataX\Libs\data0001.lib,2493,data\engine2d\bin\sounds\static\axe02.wav,PCM,1,22050,16,0.278,"[""woodcutter axe""]","[""soundfxstatic""]",[],[],Production/actions (folder static),FOLDER_ONLY,Audio/static/axe02.wav,1698a6cd22c7f6c5a6c19795451e1125af07b77aacd2bef5217975a09327584d,
E:\cultures\vanilla-data\DataX\Libs\data0001.lib,2494,data\engine2d\bin\sounds\static\weresnakeattack03.wav,PCM,1,22050,16,0.555,"[""weresnake attack right claw""]","[""soundfxstatic""]",[],[],Production/actions (folder static),FOLDER_ONLY,Audio/static/weresnakeattack03.wav,66b8e083c05770f9f0942e7f55df27c7fa152d045332c35b0510191be1b41222,
E:\cultures\vanilla-data\DataX\Libs\data0001.lib,2498,data\engine2d\bin\sounds\generic\animals_boar04.wav,PCM,1,22050,16,1.481,"[""boar sounds""]","[""soundfxstatic""]",[],"[""tribe9""]",Animals,NATIVE_TABLE,Audio/generic/animals_boar04.wav,1a1e615e27fdb73a112e18624b1bca787ae7ae71c3ad4a86ccb08d71da7c5578,
E:\cultures\vanilla-data\DataX\Libs\data0001.lib,2499,data\engine2d\bin\sounds\generic\animals_duck01.wav,PCM,1,22050,16,1.018,"[""duck sounds""]","[""soundfxstatic""]",[],"[""tribe31""]",Animals,NATIVE_TABLE,Audio/generic/animals_duck01.wav,e61f557cb8a50b518c2635525071a97755b51cb46dd5d162e18c75058046bc25,
E:\cultures\vanilla-data\DataX\Libs\data0001.lib,2500,data\engine2d\bin\sounds\static\axe03.wav,PCM,1,22050,16,0.231,"[""woodcutter axe""]","[""soundfxstatic""]",[],[],Production/actions (folder static),FOLDER_ONLY,Audio/static/axe03.wav,d82da2fb35b6b4579b76071b5386ef9c065ba01bbe509ba3f3046d884a1832a8,
E:\cultures\vanilla-data\DataX\Libs\data0001.lib,2501,data\engine2d\bin\sounds\static\weresnakeattack04.wav,PCM,1,22050,16,0.463,"[""weresnake attack left claw""]","[""soundfxstatic""]",[],[],Production/actions (folder static),FOLDER_ONLY,Audio/static/weresnakeattack04.wav,d7d3daff0728bdb88b628c3944d360dd387d7423649926bc9c8a04776003f261,
E:\cultures\vanilla-data\DataX\Libs\data0001.lib,2506,data\engine2d\bin\sounds\generic\animals_duck02.wav,PCM,1,22050,16,0.602,"[""duck sounds""]","[""soundfxstatic""]",[],"[""tribe31""]",Animals,NATIVE_TABLE,Audio/generic/animals_duck02.wav,cbdbc726af7ed6fb406c18aea25e9be8357c90dd460fb4b6efa9d2df27ff1a3f,
E:\cultures\vanilla-data\DataX\Libs\data0001.lib,2507,data\engine2d\bin\sounds\static\weresnakeattack05.wav,PCM,1,22050,16,0.555,"[""weresnake attack left claw""]","[""soundfxstatic""]",[],[],Production/actions (folder static),FOLDER_ONLY,Audio/static/weresnakeattack05.wav,32f7c84fe5533a4cfcb344fa7dd5db0e8532923b7aeca107bce3b8b02f043f6b,
E:\cultures\vanilla-data\DataX\Libs\data0001.lib,2511,data\engine2d\bin\sounds\generic\animals_duck03.wav,PCM,1,22050,16,0.37,"[""duck sounds""]","[""soundfxstatic""]",[],"[""tribe31""]",Animals,NATIVE_TABLE,Audio/generic/animals_duck03.wav,988f36909d83dad0c8d46976ad28a8819c045934979ebc0964d83a545f35ee54,
E:\cultures\vanilla-data\DataX\Libs\data0001.lib,2512,data\engine2d\bin\sounds\static\woodenchest.wav,PCM,1,22050,16,0.324,"[""open wooden chest""]","[""soundfxstatic""]",[],[],Production/actions (folder static),FOLDER_ONLY,Audio/static/woodenchest.wav,a7b59a0dd95135923a5a277698dd0e1d9206d6503a0f200bc03bfc015ec1150d,
E:\cultures\vanilla-data\DataX\Libs\data0001.lib,2516,data\engine2d\bin\sounds\generic\animals_duck04.wav,PCM,1,22050,16,0.324,"[""duck sounds""]","[""soundfxstatic""]",[],"[""tribe31""]",Animals,NATIVE_TABLE,Audio/generic/animals_duck04.wav,68a9dd529c1a5df8da496ee4093411e550665fb009aba0348aadd68763532e26,
E:\cultures\vanilla-data\DataX\Libs\data0001.lib,2521,data\engine2d\bin\sounds\generic\animals_goat01.wav,PCM,1,22050,16,0.509,"[""goat sounds""]","[""soundfxstatic""]",[],"[""tribe14""]",Animals,NATIVE_TABLE,Audio/generic/animals_goat01.wav,8dedd0553c8cf2b9d4b75d3b74940f2cf8a467010c69f2085fe50b4a1a2d3620,
E:\cultures\vanilla-data\DataX\Libs\data0001.lib,2526,data\engine2d\bin\sounds\generic\animals_goat02.wav,PCM,1,22050,16,1.157,"[""goat sounds""]","[""soundfxstatic""]",[],"[""tribe14""]",Animals,NATIVE_TABLE,Audio/generic/animals_goat02.wav,c15c427b70c2dc7223cd62caf84abc62a3c0d13fc70bafe20b5dba8a3705ae2c,
E:\cultures\vanilla-data\DataX\Libs\data0001.lib,2531,data\engine2d\bin\sounds\generic\animals_goat03.wav,PCM,1,22050,16,0.694,"[""goat sounds""]","[""soundfxstatic""]",[],"[""tribe14""]",Animals,NATIVE_TABLE,Audio/generic/animals_goat03.wav,ad969eee797ddf7544a27c7967ce71b55a826e73caa164cd1ab827faf205ea28,
E:\cultures\vanilla-data\DataX\Libs\data0001.lib,2536,data\engine2d\bin\sounds\generic\animals_goat04.wav,PCM,1,22050,16,0.74,"[""goat sounds""]","[""soundfxstatic""]",[],"[""tribe14""]",Animals,NATIVE_TABLE,Audio/generic/animals_goat04.wav,d1777437a82be1fae65f1a2cff740d4f3ad5f7784ba73781ab4b5a152e4683fc,
E:\cultures\vanilla-data\DataX\Libs\data0001.lib,2537,data\engine2d\bin\sounds\static\sword long swing01.wav,PCM,1,22050,16,0.833,"[""weapon sword long""]","[""soundfxstatic""]",[],[],Combat (name-derived),NAME_DERIVED,Audio/static/sword long swing01.wav,0d28b25e1bc1d5239aed0e487b822a49809fe5322844a1b99254e7b04f51d39c,
E:\cultures\vanilla-data\DataX\Libs\data0001.lib,2543,data\engine2d\bin\sounds\generic\animals_goat05.wav,PCM,1,22050,16,0.602,"[""goat sounds""]","[""soundfxstatic""]",[],"[""tribe14""]",Animals,NATIVE_TABLE,Audio/generic/animals_goat05.wav,7d19734bcbb073a1b5e3dbbca0b29575ca7a6babd310355c938539df95d14c6b,
E:\cultures\vanilla-data\DataX\Libs\data0001.lib,2544,data\engine2d\bin\sounds\static\sword long swing02.wav,PCM,1,22050,16,0.833,"[""weapon sword long""]","[""soundfxstatic""]",[],[],Combat (name-derived),NAME_DERIVED,Audio/static/sword long swing02.wav,de8f386f5a00b526f2aa142f02e63b45e1ef7ad1557dc0f89c023e653e9a5771,
E:\cultures\vanilla-data\DataX\Libs\data0001.lib,2555,data\engine2d\bin\sounds\generic\animals_goat06.wav,PCM,1,22050,16,0.694,"[""goat sounds""]","[""soundfxstatic""]",[],"[""tribe14""]",Animals,NATIVE_TABLE,Audio/generic/animals_goat06.wav,81cd8aec39953e4794c66c0babe2569c7da4f5928210d629a903c577dfa69848,
E:\cultures\vanilla-data\DataX\Libs\data0001.lib,2556,data\engine2d\bin\sounds\static\sword long swing03.wav,PCM,1,22050,16,0.787,"[""weapon sword long""]","[""soundfxstatic""]",[],[],Combat (name-derived),NAME_DERIVED,Audio/static/sword long swing03.wav,afe40395938b5a8e360dbc0c65d38c3ec9ba692e35081299e8ae3ea944adb66c,
E:\cultures\vanilla-data\DataX\Libs\data0001.lib,2565,data\engine2d\bin\sounds\static\sword long swing04.wav,PCM,1,22050,16,0.879,"[""weapon sword long""]","[""soundfxstatic""]",[],[],Combat (name-derived),NAME_DERIVED,Audio/static/sword long swing04.wav,946d7fc306f15bfc0470ece1748200d1dbd5c557224c436bcdb0a13b06a76796,
E:\cultures\vanilla-data\DataX\Libs\data0001.lib,2566,data\engine2d\bin\sounds\static\weresnakegethit01.wav,PCM,1,22050,16,0.37,"[""weresnake get hit""]","[""soundfxstatic""]","[""tribe5:scream""]",[],Human voices,NATIVE_TABLE,Audio/static/weresnakegethit01.wav,cbbf860f9f52494f2ff127f9a2253db55d77258b3d673c9a5abc10fd1c6d42ad,
E:\cultures\vanilla-data\DataX\Libs\data0001.lib,2578,data\engine2d\bin\sounds\ambient\sirens_01.wav,PCM,1,22050,16,9.904,"[""sirens""]","[""soundfxambient""]",[],[],Ambient,NATIVE_TABLE,Audio/ambient/sirens_01.wav,cc3599b06c84735041dfe1c13cd720ff494ca5b446ca19e76619a047b97e1245,
E:\cultures\vanilla-data\DataX\Libs\data0001.lib,2579,data\engine2d\bin\sounds\ambient\water1.wav,PCM,1,22050,16,2.962,[],[],[],[],Ambient,UNKNOWN (no native reference),Audio/ambient/water1.wav,b7c8a0857289030b6881c7f3cf3cbd194fe5d3eb321fe1594e1d427016e4281a,
E:\cultures\vanilla-data\DataX\Libs\data0001.lib,2580,data\engine2d\bin\sounds\generic\animals_lion01.wav,PCM,1,22050,16,2.545,"[""lion sounds"", ""lioness sounds""]","[""soundfxstatic""]",[],"[""tribe25"", ""tribe26""]",Animals,NATIVE_TABLE,Audio/generic/animals_lion01.wav,0725fb17275ecf02b79bf1d9efec20f39fe8b123ea584f984e7cc3f43bf44ec8,
E:\cultures\vanilla-data\DataX\Libs\data0001.lib,2581,data\engine2d\bin\sounds\static\weresnakegethit02.wav,PCM,1,22050,16,0.833,"[""weresnake get hit""]","[""soundfxstatic""]","[""tribe5:scream""]",[],Human voices,NATIVE_TABLE,Audio/static/weresnakegethit02.wav,fc4e946e45cf3c51aba4fa1ef971733d8316f3dada64f143a83480003c7d06af,
E:\cultures\vanilla-data\DataX\Libs\data0001.lib,2598,data\engine2d\bin\sounds\ambient\sirens_02.wav,PCM,1,22050,16,13.005,"[""sirens""]","[""soundfxambient""]",[],[],Ambient,NATIVE_TABLE,Audio/ambient/sirens_02.wav,cdd5cb8d5d0a7780bdd7ca422034c3d5e9d8c812dca2cb2b15d9d836d40db868,
E:\cultures\vanilla-data\DataX\Libs\data0001.lib,2599,data\engine2d\bin\sounds\ambient\water2.wav,PCM,1,22050,16,13.422,"[""water standing""]","[""soundfxambient""]",[],[],Ambient,NATIVE_TABLE,Audio/ambient/water2.wav,de2285850c0685d2fa2bed849b680377e8fe029b3289984e8039e33219e73b7e,
E:\cultures\vanilla-data\DataX\Libs\data0001.lib,2600,data\engine2d\bin\sounds\generic\animals_lion02.wav,PCM,1,22050,16,1.574,"[""lion sounds"", ""lioness sounds""]","[""soundfxstatic""]",[],"[""tribe25"", ""tribe26""]",Animals,NATIVE_TABLE,Audio/generic/animals_lion02.wav,7e2e8141db68dd85b69460ac4ce1e9cf7e538b7dcc5cf33999c79950b70434b9,
E:\cultures\vanilla-data\DataX\Libs\data0001.lib,2601,data\engine2d\bin\sounds\static\weresnakegethit03.wav,PCM,1,22050,16,1.064,"[""weresnake get hit""]","[""soundfxstatic""]","[""tribe5:scream""]",[],Human voices,NATIVE_TABLE,Audio/static/weresnakegethit03.wav,cd929fa8674e5bcbe459356f1d16731f8cf6ddff886273a9332d30801e57d90a,
E:\cultures\vanilla-data\DataX\Libs\data0001.lib,2613,data\engine2d\bin\sounds\ambient\water3.wav,PCM,1,22050,16,17.726,"[""water see""]","[""soundfxambient""]",[],[],Ambient,NATIVE_TABLE,Audio/ambient/water3.wav,8e7592e0e5f25ddcd8701bb1d0d2ca93c7bfd8244405ae6105d19c9885d8bda9,
E:\cultures\vanilla-data\DataX\Libs\data0001.lib,2614,data\engine2d\bin\sounds\generic\animals_lion03.wav,PCM,1,22050,16,1.527,"[""lion sounds"", ""lioness sounds""]","[""soundfxstatic""]",[],"[""tribe25"", ""tribe26""]",Animals,NATIVE_TABLE,Audio/generic/animals_lion03.wav,66df08978f4f24cdc5d077215a117a5e4833ef33cdf058299b76b59c2fc3b576,
E:\cultures\vanilla-data\DataX\Libs\data0001.lib,2615,data\engine2d\bin\sounds\humantalk\latin\l100.wav,PCM,1,22050,16,0.833,"[""generic latin female"", ""latin female ok 06"", ""talk byzanz female""]","[""soundfxstatic""]","[""tribe3:generic"", ""tribe3:respond""]",[],Human voices,NATIVE_TABLE,Audio/latin/l100.wav,cbbbc7946ec82d6a63fcb063af1fd9c449e2a60d5953b5f071d00a821ce45339,
E:\cultures\vanilla-data\DataX\Libs\data0001.lib,2629,data\engine2d\bin\sounds\ambient\water4.wav,PCM,1,22050,16,2.962,[],[],[],[],Ambient,UNKNOWN (no native reference),Audio/ambient/water4.wav,01331980cc69de576170c68fd3f5dd5148ded213cdc0714c740d713c2ad88b60,
E:\cultures\vanilla-data\DataX\Libs\data0001.lib,2630,data\engine2d\bin\sounds\generic\animals_lion04.wav,PCM,1,22050,16,1.481,"[""lion sounds"", ""lioness sounds""]","[""soundfxstatic""]",[],"[""tribe25"", ""tribe26""]",Animals,NATIVE_TABLE,Audio/generic/animals_lion04.wav,203f8baf1d860e683c1f6e74aeb071c71ea7c57f7345aa7671ae63fa9811c11e,
E:\cultures\vanilla-data\DataX\Libs\data0001.lib,2631,data\engine2d\bin\sounds\humantalk\latin\l101.wav,PCM,1,22050,16,1.157,"[""generic latin female"", ""latin female ok 06"", ""talk byzanz female""]","[""soundfxstatic""]","[""tribe3:generic"", ""tribe3:respond""]",[],Human voices,NATIVE_TABLE,Audio/latin/l101.wav,6578dbca7920f68466d7e2e90cc4b9bb0170237432ad8cd940de30a972826335,
E:\cultures\vanilla-data\DataX\Libs\data0001.lib,2646,data\engine2d\bin\sounds\humantalk\latin\l102.wav,PCM,1,22050,16,0.926,"[""generic latin female"", ""latin female no 06"", ""talk byzanz female""]","[""soundfxstatic""]","[""tribe3:generic"", ""tribe3:respond""]",[],Human voices,NATIVE_TABLE,Audio/latin/l102.wav,33b26c467ea96ccfd87987bd90154eb5fdb61908db56f541ad4f24dcb75d53e2,
E:\cultures\vanilla-data\DataX\Libs\data0001.lib,2658,data\engine2d\bin\sounds\humantalk\latin\l103.wav,PCM,1,22050,16,1.157,"[""generic latin female"", ""latin female no 06"", ""talk byzanz female""]","[""soundfxstatic""]","[""tribe3:generic"", ""tribe3:respond""]",[],Human voices,NATIVE_TABLE,Audio/latin/l103.wav,41775f2d74cedbc59b0aa542f315ea049bbc0c849aaac107d7af65e81bfc72a2,
E:\cultures\vanilla-data\DataX\Libs\data0001.lib,2669,data\engine2d\bin\sounds\generic\animals_wolf01.wav,PCM,1,22050,16,5.739,"[""generic werewolf"", ""wolf sounds""]","[""soundfxstatic""]","[""tribe6:generic""]","[""tribe20""]",Animals,NATIVE_TABLE,Audio/generic/animals_wolf01.wav,9bc3413266cef621bb617bb068e458664d381e3c68301ddb9a9b14032cd48de2,
E:\cultures\vanilla-data\DataX\Libs\data0001.lib,2675,data\engine2d\bin\sounds\generic\animals_wolf02.wav,PCM,1,22050,16,5.091,"[""generic werewolf"", ""wolf sounds""]","[""soundfxstatic""]","[""tribe6:generic""]","[""tribe20""]",Animals,NATIVE_TABLE,Audio/generic/animals_wolf02.wav,1ba2d991b8efa5f72f23284c244abe53cbb717cf12d916fff1f2e279be5fba27,
E:\cultures\vanilla-data\DataX\Libs\data0001.lib,2684,data\engine2d\bin\sounds\generic\animals_wolf03.wav,PCM,1,22050,16,4.165,"[""generic werewolf""]","[""soundfxstatic""]","[""tribe6:generic""]",[],Human voices,NATIVE_TABLE,Audio/generic/animals_wolf03.wav,1a9e404e69c3b3b585a2c8538b0f31022741fea3d3f5d8af7405fe72e71fb124,
loose DataX file,,E:\cultures\vanilla-data\DataX\DM2\001.dls,DirectMusic DLS RIFF:DLS ,,,,UNKNOWN (DirectMusic segment; no decoder),[],[],[],[],Music (DirectMusic DLS instrument collection),SOURCE_COMPLETE (format); usage UNKNOWN,E:\cultures\vanilla-data\DataX\DM2\001.dls,4764bbb4bf4dccd3832a17e14b9f2fb60b1979665263475701e1045cf7324d65,[]
loose DataX file,,E:\cultures\vanilla-data\DataX\DM2\002.dls,DirectMusic DLS RIFF:DLS ,,,,UNKNOWN (DirectMusic segment; no decoder),[],[],[],[],Music (DirectMusic DLS instrument collection),SOURCE_COMPLETE (format); usage UNKNOWN,E:\cultures\vanilla-data\DataX\DM2\002.dls,887658867d690709ea65e459d8c1608550d005757e8c7ebc4d0e83779224d148,[]
loose DataX file,,E:\cultures\vanilla-data\DataX\DM2\003.dls,DirectMusic DLS RIFF:DLS ,,,,UNKNOWN (DirectMusic segment; no decoder),[],[],[],[],Music (DirectMusic DLS instrument collection),SOURCE_COMPLETE (format); usage UNKNOWN,E:\cultures\vanilla-data\DataX\DM2\003.dls,50367c5bdf0fe7bca3e066923ebfb8a4d259f358658f9511dc8f147de97e28b1,[]
loose DataX file,,E:\cultures\vanilla-data\DataX\DM2\004.dls,DirectMusic DLS RIFF:DLS ,,,,UNKNOWN (DirectMusic segment; no decoder),[],[],[],[],Music (DirectMusic DLS instrument collection),SOURCE_COMPLETE (format); usage UNKNOWN,E:\cultures\vanilla-data\DataX\DM2\004.dls,a3a062a5315fed8178675674278496f16c0feb0d32c32fbc799673dc12b00357,[]
loose DataX file,,E:\cultures\vanilla-data\DataX\DM2\005.dls,DirectMusic DLS RIFF:DLS ,,,,UNKNOWN (DirectMusic segment; no decoder),[],[],[],[],Music (DirectMusic DLS instrument collection),SOURCE_COMPLETE (format); usage UNKNOWN,E:\cultures\vanilla-data\DataX\DM2\005.dls,5b0902f3b7ae7d7f4ee28829f9bb185ed0a1d44294903c060627cb053d3616c6,[]
loose DataX file,,E:\cultures\vanilla-data\DataX\DM2\006.dls,DirectMusic DLS RIFF:DLS ,,,,UNKNOWN (DirectMusic segment; no decoder),[],[],[],[],Music (DirectMusic DLS instrument collection),SOURCE_COMPLETE (format); usage UNKNOWN,E:\cultures\vanilla-data\DataX\DM2\006.dls,beb16eb940b08f9c8ca47a38b0a9a8b6534f170ab2dfc585849031524a03b216,[]
loose DataX file,,E:\cultures\vanilla-data\DataX\DM2\007.dls,DirectMusic DLS RIFF:DLS ,,,,UNKNOWN (DirectMusic segment; no decoder),[],[],[],[],Music (DirectMusic DLS instrument collection),SOURCE_COMPLETE (format); usage UNKNOWN,E:\cultures\vanilla-data\DataX\DM2\007.dls,bc3c41a7e5f2cbe5b03a13a88307ddc096c38dc5a6e7bd98c34f7e8e73af6094,[]
loose DataX file,,E:\cultures\vanilla-data\DataX\DM2\008.dls,DirectMusic DLS RIFF:DLS ,,,,UNKNOWN (DirectMusic segment; no decoder),[],[],[],[],Music (DirectMusic DLS instrument collection),SOURCE_COMPLETE (format); usage UNKNOWN,E:\cultures\vanilla-data\DataX\DM2\008.dls,9b07b1c00c2f7bec2674236a73bdc9348fdbc15b0c6679ec8821709ed9c58748,[]
loose DataX file,,E:\cultures\vanilla-data\DataX\DM2\009.dls,DirectMusic DLS RIFF:DLS ,,,,UNKNOWN (DirectMusic segment; no decoder),[],[],[],[],Music (DirectMusic DLS instrument collection),SOURCE_COMPLETE (format); usage UNKNOWN,E:\cultures\vanilla-data\DataX\DM2\009.dls,8a2f67ca351b2582436302e72821c366a1aa1a634b65acfd7b4cbb10bf96f609,[]
loose DataX file,,E:\cultures\vanilla-data\DataX\DM2\010.dls,DirectMusic DLS RIFF:DLS ,,,,UNKNOWN (DirectMusic segment; no decoder),[],[],[],[],Music (DirectMusic DLS instrument collection),SOURCE_COMPLETE (format); usage UNKNOWN,E:\cultures\vanilla-data\DataX\DM2\010.dls,b205940e923a5e6539507f3588bc56a0e43cb491057defac215db4546ee4eaf0,[]
loose DataX file,,E:\cultures\vanilla-data\DataX\DM2\011.dls,DirectMusic DLS RIFF:DLS ,,,,UNKNOWN (DirectMusic segment; no decoder),[],[],[],[],Music (DirectMusic DLS instrument collection),SOURCE_COMPLETE (format); usage UNKNOWN,E:\cultures\vanilla-data\DataX\DM2\011.dls,6d93fbe6fd2107224727c9fb7958665dac0ac517f1191cad1f57645c356add8c,[]
loose DataX file,,E:\cultures\vanilla-data\DataX\DM2\012.dls,DirectMusic DLS RIFF:DLS ,,,,UNKNOWN (DirectMusic segment; no decoder),[],[],[],[],Music (DirectMusic DLS instrument collection),SOURCE_COMPLETE (format); usage UNKNOWN,E:\cultures\vanilla-data\DataX\DM2\012.dls,dd2ee5b36158ed5944805b668656ad4782ff798dd7c94b017cc90e87fbd357dd,[]
loose DataX file,,E:\cultures\vanilla-data\DataX\DM2\013.dls,DirectMusic DLS RIFF:DLS ,,,,UNKNOWN (DirectMusic segment; no decoder),[],[],[],[],Music (DirectMusic DLS instrument collection),SOURCE_COMPLETE (format); usage UNKNOWN,E:\cultures\vanilla-data\DataX\DM2\013.dls,c697a340355e81f2659e97b257a5c192b97afd671a78af1cfc868afa72d2529e,[]
loose DataX file,,E:\cultures\vanilla-data\DataX\DM2\014.dls,DirectMusic DLS RIFF:DLS ,,,,UNKNOWN (DirectMusic segment; no decoder),[],[],[],[],Music (DirectMusic DLS instrument collection),SOURCE_COMPLETE (format); usage UNKNOWN,E:\cultures\vanilla-data\DataX\DM2\014.dls,87c7f4b6334daf034f3132d48ec2958362e50e51a64c8a9198f8c583af2cd0a9,[]
loose DataX file,,E:\cultures\vanilla-data\DataX\DM2\015.dls,DirectMusic DLS RIFF:DLS ,,,,UNKNOWN (DirectMusic segment; no decoder),[],[],[],[],Music (DirectMusic DLS instrument collection),SOURCE_COMPLETE (format); usage UNKNOWN,E:\cultures\vanilla-data\DataX\DM2\015.dls,4dcdc0a690be7b754100bd8cd642a3a6b360eed7d06deb3971e69200b889e227,[]
loose DataX file,,E:\cultures\vanilla-data\DataX\DM2\016.dls,DirectMusic DLS RIFF:DLS ,,,,UNKNOWN (DirectMusic segment; no decoder),[],[],[],[],Music (DirectMusic DLS instrument collection),SOURCE_COMPLETE (format); usage UNKNOWN,E:\cultures\vanilla-data\DataX\DM2\016.dls,4725229997cd4d79dffd0e473ec642d600617f3f6b90df862f494fc21ff631c7,[]
loose DataX file,,E:\cultures\vanilla-data\DataX\DM2\017.dls,DirectMusic DLS RIFF:DLS ,,,,UNKNOWN (DirectMusic segment; no decoder),[],[],[],[],Music (DirectMusic DLS instrument collection),SOURCE_COMPLETE (format); usage UNKNOWN,E:\cultures\vanilla-data\DataX\DM2\017.dls,c89b6b2a74ae42ebf868253a5d3ffa6e95bab8bf30d0a3ed84c5493e925fe409,[]
loose DataX file,,E:\cultures\vanilla-data\DataX\DM2\018.dls,DirectMusic DLS RIFF:DLS ,,,,UNKNOWN (DirectMusic segment; no decoder),[],[],[],[],Music (DirectMusic DLS instrument collection),SOURCE_COMPLETE (format); usage UNKNOWN,E:\cultures\vanilla-data\DataX\DM2\018.dls,157a8348995f4bec1986994bd1cd2c8e4e9732b3112fc00f646e6069c1f3862c,[]
loose DataX file,,E:\cultures\vanilla-data\DataX\DM2\019.dls,DirectMusic DLS RIFF:DLS ,,,,UNKNOWN (DirectMusic segment; no decoder),[],[],[],[],Music (DirectMusic DLS instrument collection),SOURCE_COMPLETE (format); usage UNKNOWN,E:\cultures\vanilla-data\DataX\DM2\019.dls,7b533c0dba1395be4bbf146ada843eecd9bc21084f69b11f4ae9f1db71e7de72,[]
loose DataX file,,E:\cultures\vanilla-data\DataX\DM2\020.dls,DirectMusic DLS RIFF:DLS ,,,,UNKNOWN (DirectMusic segment; no decoder),[],[],[],[],Music (DirectMusic DLS instrument collection),SOURCE_COMPLETE (format); usage UNKNOWN,E:\cultures\vanilla-data\DataX\DM2\020.dls,b5f0e0c6cabf83c099da65fbcc03fcc91d9945b3c6cd864c206a3505e34e035f,[]
loose DataX file,,E:\cultures\vanilla-data\DataX\DM2\021.dls,DirectMusic DLS RIFF:DLS ,,,,UNKNOWN (DirectMusic segment; no decoder),[],[],[],[],Music (DirectMusic DLS instrument collection),SOURCE_COMPLETE (format); usage UNKNOWN,E:\cultures\vanilla-data\DataX\DM2\021.dls,35e6b25e3b14905f7951aea2ab15a291b8479189971cbc4cf7114d20abd1850c,[]
loose DataX file,,E:\cultures\vanilla-data\DataX\DM2\022.dls,DirectMusic DLS RIFF:DLS ,,,,UNKNOWN (DirectMusic segment; no decoder),[],[],[],[],Music (DirectMusic DLS instrument collection),SOURCE_COMPLETE (format); usage UNKNOWN,E:\cultures\vanilla-data\DataX\DM2\022.dls,2f78707e1e1eaf76b0a42555379bd28dc204c74fd66465957b6ea0da0c7d9fe5,[]
loose DataX file,,E:\cultures\vanilla-data\DataX\DM2\023.dls,DirectMusic DLS RIFF:DLS ,,,,UNKNOWN (DirectMusic segment; no decoder),[],[],[],[],Music (DirectMusic DLS instrument collection),SOURCE_COMPLETE (format); usage UNKNOWN,E:\cultures\vanilla-data\DataX\DM2\023.dls,d0129aa0948bd2756c89297c9c70981a887ac8356c0fa715513dd96d67a0863e,[]
loose DataX file,,E:\cultures\vanilla-data\DataX\DM2\024.dls,DirectMusic DLS RIFF:DLS ,,,,UNKNOWN (DirectMusic segment; no decoder),[],[],[],[],Music (DirectMusic DLS instrument collection),SOURCE_COMPLETE (format); usage UNKNOWN,E:\cultures\vanilla-data\DataX\DM2\024.dls,47eaf47acf21866314661fbd3e8dc74b991beb40201f6d021028e6cd027b6d40,[]
loose DataX file,,E:\cultures\vanilla-data\DataX\DM2\025.dls,DirectMusic DLS RIFF:DLS ,,,,UNKNOWN (DirectMusic segment; no decoder),[],[],[],[],Music (DirectMusic DLS instrument collection),SOURCE_COMPLETE (format); usage UNKNOWN,E:\cultures\vanilla-data\DataX\DM2\025.dls,7add3d5b459de9800c646637f4265dc6e6632ee92aa94faa6ccc9c51043d09f1,[]
loose DataX file,,E:\cultures\vanilla-data\DataX\DM2\026.dls,DirectMusic DLS RIFF:DLS ,,,,UNKNOWN (DirectMusic segment; no decoder),[],[],[],[],Music (DirectMusic DLS instrument collection),SOURCE_COMPLETE (format); usage UNKNOWN,E:\cultures\vanilla-data\DataX\DM2\026.dls,2958566489b2c394146b05e7af3d1ac7831decd4e1089f89a73ca35b41a1a570,[]
loose DataX file,,E:\cultures\vanilla-data\DataX\DM2\027.dls,DirectMusic DLS RIFF:DLS ,,,,UNKNOWN (DirectMusic segment; no decoder),[],[],[],[],Music (DirectMusic DLS instrument collection),SOURCE_COMPLETE (format); usage UNKNOWN,E:\cultures\vanilla-data\DataX\DM2\027.dls,79e524165680a9a66cacefae5d1db80d7679ae7ddbaa9d27f669922515f00fd1,[]
loose DataX file,,E:\cultures\vanilla-data\DataX\DM2\028.dls,DirectMusic DLS RIFF:DLS ,,,,UNKNOWN (DirectMusic segment; no decoder),[],[],[],[],Music (DirectMusic DLS instrument collection),SOURCE_COMPLETE (format); usage UNKNOWN,E:\cultures\vanilla-data\DataX\DM2\028.dls,a32a63ccfc56c5996646f95bd209177ea9dba35d471a2d2662be014b99e1a477,[]
loose DataX file,,E:\cultures\vanilla-data\DataX\DM2\029.dls,DirectMusic DLS RIFF:DLS ,,,,UNKNOWN (DirectMusic segment; no decoder),[],[],[],[],Music (DirectMusic DLS instrument collection),SOURCE_COMPLETE (format); usage UNKNOWN,E:\cultures\vanilla-data\DataX\DM2\029.dls,65f93ad3a89bf204f23928ce3fb151555a039f92acac7357c7dd4b1c5f6b1549,[]
loose DataX file,,E:\cultures\vanilla-data\DataX\DM2\030.dls,DirectMusic DLS RIFF:DLS ,,,,UNKNOWN (DirectMusic segment; no decoder),[],[],[],[],Music (DirectMusic DLS instrument collection),SOURCE_COMPLETE (format); usage UNKNOWN,E:\cultures\vanilla-data\DataX\DM2\030.dls,f1c15c55be8f97c2f166dbe4d0dc98dde079a24d3ef9e99ac57a36b52c130228,[]
loose DataX file,,E:\cultures\vanilla-data\DataX\DM2\031.dls,DirectMusic DLS RIFF:DLS ,,,,UNKNOWN (DirectMusic segment; no decoder),[],[],[],[],Music (DirectMusic DLS instrument collection),SOURCE_COMPLETE (format); usage UNKNOWN,E:\cultures\vanilla-data\DataX\DM2\031.dls,4b4a6653caa8b414c7745bc026be29bb660feb0095a53b7b21df11c78091d98e,[]
loose DataX file,,E:\cultures\vanilla-data\DataX\DM2\032.dls,DirectMusic DLS RIFF:DLS ,,,,UNKNOWN (DirectMusic segment; no decoder),[],[],[],[],Music (DirectMusic DLS instrument collection),SOURCE_COMPLETE (format); usage UNKNOWN,E:\cultures\vanilla-data\DataX\DM2\032.dls,5eb2c34a0678e14184613eb770c660820593ad4c4db1d1452e3ddcf3e3aeede6,[]
loose DataX file,,E:\cultures\vanilla-data\DataX\DM2\033.dls,DirectMusic DLS RIFF:DLS ,,,,UNKNOWN (DirectMusic segment; no decoder),[],[],[],[],Music (DirectMusic DLS instrument collection),SOURCE_COMPLETE (format); usage UNKNOWN,E:\cultures\vanilla-data\DataX\DM2\033.dls,18abbce546f666598fefb3e42eaba7809ab2bf14d29a303ab2d7cf8ebb472699,[]
loose DataX file,,E:\cultures\vanilla-data\DataX\DM2\034.dls,DirectMusic DLS RIFF:DLS ,,,,UNKNOWN (DirectMusic segment; no decoder),[],[],[],[],Music (DirectMusic DLS instrument collection),SOURCE_COMPLETE (format); usage UNKNOWN,E:\cultures\vanilla-data\DataX\DM2\034.dls,9f602e9a339388323a188b5610d67112e8f734d12b2867fdea5f0fbc471658a9,[]
loose DataX file,,E:\cultures\vanilla-data\DataX\DM2\035.dls,DirectMusic DLS RIFF:DLS ,,,,UNKNOWN (DirectMusic segment; no decoder),[],[],[],[],Music (DirectMusic DLS instrument collection),SOURCE_COMPLETE (format); usage UNKNOWN,E:\cultures\vanilla-data\DataX\DM2\035.dls,fde40468b5db5defa7516e67ac1b42484b79ca9c6618b9e8314cae3ee76c8803,[]
loose DataX file,,E:\cultures\vanilla-data\DataX\DM2\036.dls,DirectMusic DLS RIFF:DLS ,,,,UNKNOWN (DirectMusic segment; no decoder),[],[],[],[],Music (DirectMusic DLS instrument collection),SOURCE_COMPLETE (format); usage UNKNOWN,E:\cultures\vanilla-data\DataX\DM2\036.dls,32edca656fcc75cab6c3304a0d685f91850ced67a3202b8767f02a957e7d29ef,[]
loose DataX file,,E:\cultures\vanilla-data\DataX\DM2\037.dls,DirectMusic DLS RIFF:DLS ,,,,UNKNOWN (DirectMusic segment; no decoder),[],[],[],[],Music (DirectMusic DLS instrument collection),SOURCE_COMPLETE (format); usage UNKNOWN,E:\cultures\vanilla-data\DataX\DM2\037.dls,797ae93d659aa35098a77a8928110139feefc694b3ed1e2f835a2e18a7e5923a,[]
loose DataX file,,E:\cultures\vanilla-data\DataX\DM2\038.dls,DirectMusic DLS RIFF:DLS ,,,,UNKNOWN (DirectMusic segment; no decoder),[],[],[],[],Music (DirectMusic DLS instrument collection),SOURCE_COMPLETE (format); usage UNKNOWN,E:\cultures\vanilla-data\DataX\DM2\038.dls,54e99cdf2293e62275142f9e74ce8f83c48609d0ad5e79f3ce8efa862c0cf4f7,[]
loose DataX file,,E:\cultures\vanilla-data\DataX\DM2\039.dls,DirectMusic DLS RIFF:DLS ,,,,UNKNOWN (DirectMusic segment; no decoder),[],[],[],[],Music (DirectMusic DLS instrument collection),SOURCE_COMPLETE (format); usage UNKNOWN,E:\cultures\vanilla-data\DataX\DM2\039.dls,805ae1fcd407406c0aaf496c5f3f40779f77c37806ad09c0472c8640a8c975d0,[]
loose DataX file,,E:\cultures\vanilla-data\DataX\DM2\040.dls,DirectMusic DLS RIFF:DLS ,,,,UNKNOWN (DirectMusic segment; no decoder),[],[],[],[],Music (DirectMusic DLS instrument collection),SOURCE_COMPLETE (format); usage UNKNOWN,E:\cultures\vanilla-data\DataX\DM2\040.dls,d27c40039a7454b21c0f5864801fa0387edbf01f964556543db639269f2bd063,[]
loose DataX file,,E:\cultures\vanilla-data\DataX\DM2\041.dls,DirectMusic DLS RIFF:DLS ,,,,UNKNOWN (DirectMusic segment; no decoder),[],[],[],[],Music (DirectMusic DLS instrument collection),SOURCE_COMPLETE (format); usage UNKNOWN,E:\cultures\vanilla-data\DataX\DM2\041.dls,43d980c1788aef8cf011da81dac8c4381c2ae56fb0a669d5ac7a3ea7dc730aa7,[]
loose DataX file,,E:\cultures\vanilla-data\DataX\DM2\042.dls,DirectMusic DLS RIFF:DLS ,,,,UNKNOWN (DirectMusic segment; no decoder),[],[],[],[],Music (DirectMusic DLS instrument collection),SOURCE_COMPLETE (format); usage UNKNOWN,E:\cultures\vanilla-data\DataX\DM2\042.dls,cd355eb31dd43d2fb76c0400fc18fe73c6358909dcf44442eeb2a24727999d91,[]
loose DataX file,,E:\cultures\vanilla-data\DataX\DM2\043.dls,DirectMusic DLS RIFF:DLS ,,,,UNKNOWN (DirectMusic segment; no decoder),[],[],[],[],Music (DirectMusic DLS instrument collection),SOURCE_COMPLETE (format); usage UNKNOWN,E:\cultures\vanilla-data\DataX\DM2\043.dls,daf6369e2621ebec93e208a1eabc57e1474898e99eaf4283a76be84910e0f15a,[]
loose DataX file,,E:\cultures\vanilla-data\DataX\DM2\044.dls,DirectMusic DLS RIFF:DLS ,,,,UNKNOWN (DirectMusic segment; no decoder),[],[],[],[],Music (DirectMusic DLS instrument collection),SOURCE_COMPLETE (format); usage UNKNOWN,E:\cultures\vanilla-data\DataX\DM2\044.dls,6c8713321a9c0723ad08008ac1c5d394feb85776b8a91a04e9c75a49d6af402a,[]
loose DataX file,,E:\cultures\vanilla-data\DataX\DM2\045.dls,DirectMusic DLS RIFF:DLS ,,,,UNKNOWN (DirectMusic segment; no decoder),[],[],[],[],Music (DirectMusic DLS instrument collection),SOURCE_COMPLETE (format); usage UNKNOWN,E:\cultures\vanilla-data\DataX\DM2\045.dls,60b4579e30ea6a1c6b85edda2e4449371e10ab62e28b596130cae36470bb4506,[]
loose DataX file,,E:\cultures\vanilla-data\DataX\DM2\046.dls,DirectMusic DLS RIFF:DLS ,,,,UNKNOWN (DirectMusic segment; no decoder),[],[],[],[],Music (DirectMusic DLS instrument collection),SOURCE_COMPLETE (format); usage UNKNOWN,E:\cultures\vanilla-data\DataX\DM2\046.dls,bcf469ef4649b3fbaff146dd932fb48561de733f81c6f2d4dc6b365dd30d5fa1,[]
loose DataX file,,E:\cultures\vanilla-data\DataX\DM2\100.dls,DirectMusic DLS RIFF:DLS ,,,,UNKNOWN (DirectMusic segment; no decoder),[],[],[],[],Music (DirectMusic DLS instrument collection),SOURCE_COMPLETE (format); usage UNKNOWN,E:\cultures\vanilla-data\DataX\DM2\100.dls,c9d9ff4440b7dbd727cbd0049ad8b1367b45b714d1af3d3d1d5e8d79847f9821,[]
loose DataX file,,E:\cultures\vanilla-data\DataX\DM2\101.dls,DirectMusic DLS RIFF:DLS ,,,,UNKNOWN (DirectMusic segment; no decoder),[],[],[],[],Music (DirectMusic DLS instrument collection),SOURCE_COMPLETE (format); usage UNKNOWN,E:\cultures\vanilla-data\DataX\DM2\101.dls,d1e920e47c9f0da9a08c36cf4705747a66fd6cf568d29dd44de60918ba9c5301,[]
loose DataX file,,E:\cultures\vanilla-data\DataX\DM2\102.dls,DirectMusic DLS RIFF:DLS ,,,,UNKNOWN (DirectMusic segment; no decoder),[],[],[],[],Music (DirectMusic DLS instrument collection),SOURCE_COMPLETE (format); usage UNKNOWN,E:\cultures\vanilla-data\DataX\DM2\102.dls,daf37f98d3167cd7839005eab1aed25e89c0789e6cf9df620959ec8fe89e2439,[]
loose DataX file,,E:\cultures\vanilla-data\DataX\DM2\Attack_Arabs.sgt,DirectMusic SGT RIFF:DMSG,,,,UNKNOWN (DirectMusic segment; no decoder),[],[],[],[],Music (DirectMusic segment),SOURCE_COMPLETE (format); usage UNKNOWN,E:\cultures\vanilla-data\DataX\DM2\Attack_Arabs.sgt,33f3c98d259fb26763fd7f7d5a5ebf27c0a5764ffe94a58c6b0e4c58bac07baf,[]
loose DataX file,,E:\cultures\vanilla-data\DataX\DM2\Attack_Byzanz.sgt,DirectMusic SGT RIFF:DMSG,,,,UNKNOWN (DirectMusic segment; no decoder),[],[],[],[],Music (DirectMusic segment),SOURCE_COMPLETE (format); usage UNKNOWN,E:\cultures\vanilla-data\DataX\DM2\Attack_Byzanz.sgt,2c7440b82141c5face01f352fa8fc22c0fd1f591bc889f52e25f74f0ea6b9b9e,[]
loose DataX file,,E:\cultures\vanilla-data\DataX\DM2\Attack_Franken.sgt,DirectMusic SGT RIFF:DMSG,,,,UNKNOWN (DirectMusic segment; no decoder),[],[],[],[],Music (DirectMusic segment),SOURCE_COMPLETE (format); usage UNKNOWN,E:\cultures\vanilla-data\DataX\DM2\Attack_Franken.sgt,5cec9cffe22b1a0a028e58921c85ea6f1ebf76b9d94d7ad99335897f11e2be28,[]
loose DataX file,,E:\cultures\vanilla-data\DataX\DM2\Attack_Viking.sgt,DirectMusic SGT RIFF:DMSG,,,,UNKNOWN (DirectMusic segment; no decoder),[],[],[],[],Music (DirectMusic segment),SOURCE_COMPLETE (format); usage UNKNOWN,E:\cultures\vanilla-data\DataX\DM2\Attack_Viking.sgt,c1fca3b002d1a613ff9c6cd57365a106acc04f001dbfdba93ddb4220d4a842d4,[]
loose DataX file,,E:\cultures\vanilla-data\DataX\DM2\Mission_AddOn_Arabs1_Danger.sgt,DirectMusic SGT RIFF:DMSG,,,,UNKNOWN (DirectMusic segment; no decoder),[],[],[],[],Music (DirectMusic segment),SOURCE_COMPLETE (format); usage UNKNOWN,E:\cultures\vanilla-data\DataX\DM2\Mission_AddOn_Arabs1_Danger.sgt,b01ade672371047e6ffd88e30f40d259e55e630730c1c446dffd280b6454d043,[]
loose DataX file,,E:\cultures\vanilla-data\DataX\DM2\Mission_AddOn_Arabs1_Standard.sgt,DirectMusic SGT RIFF:DMSG,,,,UNKNOWN (DirectMusic segment; no decoder),[],[],[],[],Music (DirectMusic segment),SOURCE_COMPLETE (format); usage UNKNOWN,E:\cultures\vanilla-data\DataX\DM2\Mission_AddOn_Arabs1_Standard.sgt,9406879b4db1c2a29e9c0f450222377d6bafbe47145e29428321cc359edadb1c,[]
loose DataX file,,E:\cultures\vanilla-data\DataX\DM2\Mission_AddOn_Arabs1_Wealthy.sgt,DirectMusic SGT RIFF:DMSG,,,,UNKNOWN (DirectMusic segment; no decoder),[],[],[],[],Music (DirectMusic segment),SOURCE_COMPLETE (format); usage UNKNOWN,E:\cultures\vanilla-data\DataX\DM2\Mission_AddOn_Arabs1_Wealthy.sgt,930746ba7653cc6c3765b54c22c32004d670cc42d8c64804274303893dbabcc1,[]
loose DataX file,,E:\cultures\vanilla-data\DataX\DM2\Mission_AddOn_Arabs2_Danger.sgt,DirectMusic SGT RIFF:DMSG,,,,UNKNOWN (DirectMusic segment; no decoder),[],[],[],[],Music (DirectMusic segment),SOURCE_COMPLETE (format); usage UNKNOWN,E:\cultures\vanilla-data\DataX\DM2\Mission_AddOn_Arabs2_Danger.sgt,bdc26588bea11f7188a2f6850e5e688898380b7655db47269e7559152458a3e1,[]
loose DataX file,,E:\cultures\vanilla-data\DataX\DM2\Mission_AddOn_Arabs2_Standard.sgt,DirectMusic SGT RIFF:DMSG,,,,UNKNOWN (DirectMusic segment; no decoder),[],[],[],[],Music (DirectMusic segment),SOURCE_COMPLETE (format); usage UNKNOWN,E:\cultures\vanilla-data\DataX\DM2\Mission_AddOn_Arabs2_Standard.sgt,99f4cabb2fa18010ba0aaae5f3db306c4061af3017252143d5316c98943f834a,[]
loose DataX file,,E:\cultures\vanilla-data\DataX\DM2\Mission_AddOn_Arabs2_Wealthy.sgt,DirectMusic SGT RIFF:DMSG,,,,UNKNOWN (DirectMusic segment; no decoder),[],[],[],[],Music (DirectMusic segment),SOURCE_COMPLETE (format); usage UNKNOWN,E:\cultures\vanilla-data\DataX\DM2\Mission_AddOn_Arabs2_Wealthy.sgt,24be454a6348e6b06f18eba6bfdce2b125a8f6af422b637be9697a103da5f74c,[]
loose DataX file,,E:\cultures\vanilla-data\DataX\DM2\Mission_AddOn_Asgard_Standard.sgt,DirectMusic SGT RIFF:DMSG,,,,UNKNOWN (DirectMusic segment; no decoder),[],[],[],[],Music (DirectMusic segment),SOURCE_COMPLETE (format); usage UNKNOWN,E:\cultures\vanilla-data\DataX\DM2\Mission_AddOn_Asgard_Standard.sgt,2d212a09416bf1d673562379be8c1239230d411de88ea0f42dfb55eafa2c3ed5,[]
loose DataX file,,E:\cultures\vanilla-data\DataX\DM2\Mission_AddOn_Franken1_Standard.sgt,DirectMusic SGT RIFF:DMSG,,,,UNKNOWN (DirectMusic segment; no decoder),[],[],[],[],Music (DirectMusic segment),SOURCE_COMPLETE (format); usage UNKNOWN,E:\cultures\vanilla-data\DataX\DM2\Mission_AddOn_Franken1_Standard.sgt,52e2d50f24f05169b9409ec61e294cb66c3866cfddd0e556dd99c2e1af3df2e9,[]
loose DataX file,,E:\cultures\vanilla-data\DataX\DM2\Mission_AddOn_Franken2_Danger.sgt,DirectMusic SGT RIFF:DMSG,,,,UNKNOWN (DirectMusic segment; no decoder),[],[],[],[],Music (DirectMusic segment),SOURCE_COMPLETE (format); usage UNKNOWN,E:\cultures\vanilla-data\DataX\DM2\Mission_AddOn_Franken2_Danger.sgt,aa66f2f1ffd28db692e1109d4435ad62cfe6b419aa6961f5301329ba1a0193da,[]
loose DataX file,,E:\cultures\vanilla-data\DataX\DM2\Mission_AddOn_Franken2_Standard.sgt,DirectMusic SGT RIFF:DMSG,,,,UNKNOWN (DirectMusic segment; no decoder),[],[],[],[],Music (DirectMusic segment),SOURCE_COMPLETE (format); usage UNKNOWN,E:\cultures\vanilla-data\DataX\DM2\Mission_AddOn_Franken2_Standard.sgt,817df604772452f644c569fe86162d954074869f75eeb1dd460df9f19ff355d4,[]
loose DataX file,,E:\cultures\vanilla-data\DataX\DM2\Mission_AddOn_Franken2_Wealthy.sgt,DirectMusic SGT RIFF:DMSG,,,,UNKNOWN (DirectMusic segment; no decoder),[],[],[],[],Music (DirectMusic segment),SOURCE_COMPLETE (format); usage UNKNOWN,E:\cultures\vanilla-data\DataX\DM2\Mission_AddOn_Franken2_Wealthy.sgt,0dea52252ff45a16125eef8b3399b2087bc197790d2b5b2881529130a633f1a7,[]
loose DataX file,,E:\cultures\vanilla-data\DataX\DM2\Mission_AddOn_Franken3_Danger.sgt,DirectMusic SGT RIFF:DMSG,,,,UNKNOWN (DirectMusic segment; no decoder),[],[],[],[],Music (DirectMusic segment),SOURCE_COMPLETE (format); usage UNKNOWN,E:\cultures\vanilla-data\DataX\DM2\Mission_AddOn_Franken3_Danger.sgt,fd8e8f172ecf08834a949ac79f56493fd3be4a0d9ab2bc73c4df6329df57d449,[]
loose DataX file,,E:\cultures\vanilla-data\DataX\DM2\Mission_AddOn_Franken3_Standard.sgt,DirectMusic SGT RIFF:DMSG,,,,UNKNOWN (DirectMusic segment; no decoder),[],[],[],[],Music (DirectMusic segment),SOURCE_COMPLETE (format); usage UNKNOWN,E:\cultures\vanilla-data\DataX\DM2\Mission_AddOn_Franken3_Standard.sgt,d253228bda11c6452938b2edfbe8b3ba24fbd6279f7b92095ba42a2cec330702,[]
loose DataX file,,E:\cultures\vanilla-data\DataX\DM2\Mission_AddOn_Franken3_Wealthy.sgt,DirectMusic SGT RIFF:DMSG,,,,UNKNOWN (DirectMusic segment; no decoder),[],[],[],[],Music (DirectMusic segment),SOURCE_COMPLETE (format); usage UNKNOWN,E:\cultures\vanilla-data\DataX\DM2\Mission_AddOn_Franken3_Wealthy.sgt,3e91bb6e09d6606c8b743c1086142217291d4d49898c284ecc5b35fff4375990,[]
loose DataX file,,E:\cultures\vanilla-data\DataX\DM2\Mission_AddOn_Nordland_Standard.sgt,DirectMusic SGT RIFF:DMSG,,,,UNKNOWN (DirectMusic segment; no decoder),[],[],[],[],Music (DirectMusic segment),SOURCE_COMPLETE (format); usage UNKNOWN,E:\cultures\vanilla-data\DataX\DM2\Mission_AddOn_Nordland_Standard.sgt,31f1c9e78545bc0446adfbd885f5c4a12cb4bcd12ff9bdb9b10f2fa0ea5f88a4,[]
loose DataX file,,E:\cultures\vanilla-data\DataX\DM2\Mission_AddOn_Underworld_Standard.sgt,DirectMusic SGT RIFF:DMSG,,,,UNKNOWN (DirectMusic segment; no decoder),[],[],[],[],Music (DirectMusic segment),SOURCE_COMPLETE (format); usage UNKNOWN,E:\cultures\vanilla-data\DataX\DM2\Mission_AddOn_Underworld_Standard.sgt,3f1f431a29fde153a6631c7c04dbc2b409413c472d4af9dbc5c0fb45a0d45ed4,[]
loose DataX file,,E:\cultures\vanilla-data\DataX\DM2\Mission_Arabs1_Danger.sgt,DirectMusic SGT RIFF:DMSG,,,,UNKNOWN (DirectMusic segment; no decoder),[],[],[],[],Music (DirectMusic segment),SOURCE_COMPLETE (format); usage UNKNOWN,E:\cultures\vanilla-data\DataX\DM2\Mission_Arabs1_Danger.sgt,b01ade672371047e6ffd88e30f40d259e55e630730c1c446dffd280b6454d043,[]
loose DataX file,,E:\cultures\vanilla-data\DataX\DM2\Mission_Arabs1_Standard.sgt,DirectMusic SGT RIFF:DMSG,,,,UNKNOWN (DirectMusic segment; no decoder),[],[],[],[],Music (DirectMusic segment),SOURCE_COMPLETE (format); usage UNKNOWN,E:\cultures\vanilla-data\DataX\DM2\Mission_Arabs1_Standard.sgt,9406879b4db1c2a29e9c0f450222377d6bafbe47145e29428321cc359edadb1c,[]
loose DataX file,,E:\cultures\vanilla-data\DataX\DM2\Mission_Arabs1_Wealthy.sgt,DirectMusic SGT RIFF:DMSG,,,,UNKNOWN (DirectMusic segment; no decoder),[],[],[],[],Music (DirectMusic segment),SOURCE_COMPLETE (format); usage UNKNOWN,E:\cultures\vanilla-data\DataX\DM2\Mission_Arabs1_Wealthy.sgt,930746ba7653cc6c3765b54c22c32004d670cc42d8c64804274303893dbabcc1,[]
loose DataX file,,E:\cultures\vanilla-data\DataX\DM2\Mission_Arabs2_Danger.sgt,DirectMusic SGT RIFF:DMSG,,,,UNKNOWN (DirectMusic segment; no decoder),[],[],[],[],Music (DirectMusic segment),SOURCE_COMPLETE (format); usage UNKNOWN,E:\cultures\vanilla-data\DataX\DM2\Mission_Arabs2_Danger.sgt,4ad4a6964dc93d3a12b930cca16d535d699bfd35c750aa26e05e5dca3bfaa1ae,[]
loose DataX file,,E:\cultures\vanilla-data\DataX\DM2\Mission_Arabs2_Standard.sgt,DirectMusic SGT RIFF:DMSG,,,,UNKNOWN (DirectMusic segment; no decoder),[],[],[],[],Music (DirectMusic segment),SOURCE_COMPLETE (format); usage UNKNOWN,E:\cultures\vanilla-data\DataX\DM2\Mission_Arabs2_Standard.sgt,edee81726d16e2915e645c92a741b56f5f426f0431095a9572b57c0e61161132,[]
loose DataX file,,E:\cultures\vanilla-data\DataX\DM2\Mission_Arabs2_Wealthy.sgt,DirectMusic SGT RIFF:DMSG,,,,UNKNOWN (DirectMusic segment; no decoder),[],[],[],[],Music (DirectMusic segment),SOURCE_COMPLETE (format); usage UNKNOWN,E:\cultures\vanilla-data\DataX\DM2\Mission_Arabs2_Wealthy.sgt,fe1fa7927fdb6a82883fca4fcdd9fd8c3a32018594143d4b9979204799f9c361,[]
loose DataX file,,E:\cultures\vanilla-data\DataX\DM2\Mission_Arabs3_Danger.sgt,DirectMusic SGT RIFF:DMSG,,,,UNKNOWN (DirectMusic segment; no decoder),[],[],[],[],Music (DirectMusic segment),SOURCE_COMPLETE (format); usage UNKNOWN,E:\cultures\vanilla-data\DataX\DM2\Mission_Arabs3_Danger.sgt,bdc26588bea11f7188a2f6850e5e688898380b7655db47269e7559152458a3e1,[]
loose DataX file,,E:\cultures\vanilla-data\DataX\DM2\Mission_Arabs3_Standard.sgt,DirectMusic SGT RIFF:DMSG,,,,UNKNOWN (DirectMusic segment; no decoder),[],[],[],[],Music (DirectMusic segment),SOURCE_COMPLETE (format); usage UNKNOWN,E:\cultures\vanilla-data\DataX\DM2\Mission_Arabs3_Standard.sgt,99f4cabb2fa18010ba0aaae5f3db306c4061af3017252143d5316c98943f834a,[]
loose DataX file,,E:\cultures\vanilla-data\DataX\DM2\Mission_Arabs3_Wealthy.sgt,DirectMusic SGT RIFF:DMSG,,,,UNKNOWN (DirectMusic segment; no decoder),[],[],[],[],Music (DirectMusic segment),SOURCE_COMPLETE (format); usage UNKNOWN,E:\cultures\vanilla-data\DataX\DM2\Mission_Arabs3_Wealthy.sgt,24be454a6348e6b06f18eba6bfdce2b125a8f6af422b637be9697a103da5f74c,[]
loose DataX file,,E:\cultures\vanilla-data\DataX\DM2\Mission_Byzanz1_Danger.sgt,DirectMusic SGT RIFF:DMSG,,,,UNKNOWN (DirectMusic segment; no decoder),[],[],[],[],Music (DirectMusic segment),SOURCE_COMPLETE (format); usage UNKNOWN,E:\cultures\vanilla-data\DataX\DM2\Mission_Byzanz1_Danger.sgt,9a1c10952a0e70d42a30af784e800d4ef0f7099a647e71fc9130a00d01da0800,[]
loose DataX file,,E:\cultures\vanilla-data\DataX\DM2\Mission_Byzanz1_Standard.sgt,DirectMusic SGT RIFF:DMSG,,,,UNKNOWN (DirectMusic segment; no decoder),[],[],[],[],Music (DirectMusic segment),SOURCE_COMPLETE (format); usage UNKNOWN,E:\cultures\vanilla-data\DataX\DM2\Mission_Byzanz1_Standard.sgt,263fd724e1a993137b7925711bab2fec72a732d046c7775ec0583a872894678d,[]
loose DataX file,,E:\cultures\vanilla-data\DataX\DM2\Mission_Byzanz1_Wealthy.sgt,DirectMusic SGT RIFF:DMSG,,,,UNKNOWN (DirectMusic segment; no decoder),[],[],[],[],Music (DirectMusic segment),SOURCE_COMPLETE (format); usage UNKNOWN,E:\cultures\vanilla-data\DataX\DM2\Mission_Byzanz1_Wealthy.sgt,7e3c6b57273f2c6eb29edc869992a3bd24c4654b266bd592aeec764a00849289,[]
loose DataX file,,E:\cultures\vanilla-data\DataX\DM2\Mission_Byzanz2_Danger.sgt,DirectMusic SGT RIFF:DMSG,,,,UNKNOWN (DirectMusic segment; no decoder),[],[],[],[],Music (DirectMusic segment),SOURCE_COMPLETE (format); usage UNKNOWN,E:\cultures\vanilla-data\DataX\DM2\Mission_Byzanz2_Danger.sgt,8bef8d931c148058be107a13e1d547222306dd4d9f3418f5145b2b42553a1223,[]
loose DataX file,,E:\cultures\vanilla-data\DataX\DM2\Mission_Byzanz2_Standard.sgt,DirectMusic SGT RIFF:DMSG,,,,UNKNOWN (DirectMusic segment; no decoder),[],[],[],[],Music (DirectMusic segment),SOURCE_COMPLETE (format); usage UNKNOWN,E:\cultures\vanilla-data\DataX\DM2\Mission_Byzanz2_Standard.sgt,8f4519598e414006fa5d7e590b9abc3848a6ab7e0bf9e3d364b98a091d421712,[]
loose DataX file,,E:\cultures\vanilla-data\DataX\DM2\Mission_Byzanz2_Wealthy.sgt,DirectMusic SGT RIFF:DMSG,,,,UNKNOWN (DirectMusic segment; no decoder),[],[],[],[],Music (DirectMusic segment),SOURCE_COMPLETE (format); usage UNKNOWN,E:\cultures\vanilla-data\DataX\DM2\Mission_Byzanz2_Wealthy.sgt,ccefacb54a494b04a320e7c77748f674734560fe15df565fc455a16ce5b8a077,[]
loose DataX file,,E:\cultures\vanilla-data\DataX\DM2\Mission_Byzanz3_Danger.sgt,DirectMusic SGT RIFF:DMSG,,,,UNKNOWN (DirectMusic segment; no decoder),[],[],[],[],Music (DirectMusic segment),SOURCE_COMPLETE (format); usage UNKNOWN,E:\cultures\vanilla-data\DataX\DM2\Mission_Byzanz3_Danger.sgt,b0a370262155f2799a1ff6bff8edb1caee2a308da7b9d6f415d5954f0b6cb279,[]
loose DataX file,,E:\cultures\vanilla-data\DataX\DM2\Mission_Byzanz3_Standard.sgt,DirectMusic SGT RIFF:DMSG,,,,UNKNOWN (DirectMusic segment; no decoder),[],[],[],[],Music (DirectMusic segment),SOURCE_COMPLETE (format); usage UNKNOWN,E:\cultures\vanilla-data\DataX\DM2\Mission_Byzanz3_Standard.sgt,559475b6bd694f1fda2b53c6960ccd12070005cd4a749d04693b62c135abc01a,[]
loose DataX file,,E:\cultures\vanilla-data\DataX\DM2\Mission_Byzanz3_Wealthy.sgt,DirectMusic SGT RIFF:DMSG,,,,UNKNOWN (DirectMusic segment; no decoder),[],[],[],[],Music (DirectMusic segment),SOURCE_COMPLETE (format); usage UNKNOWN,E:\cultures\vanilla-data\DataX\DM2\Mission_Byzanz3_Wealthy.sgt,e4e304479f7179cd4d6af3b541a2140ca929990687079504cf916e2279cdd632,[]
loose DataX file,,E:\cultures\vanilla-data\DataX\DM2\Mission_Byzanz4_Danger.sgt,DirectMusic SGT RIFF:DMSG,,,,UNKNOWN (DirectMusic segment; no decoder),[],[],[],[],Music (DirectMusic segment),SOURCE_COMPLETE (format); usage UNKNOWN,E:\cultures\vanilla-data\DataX\DM2\Mission_Byzanz4_Danger.sgt,3672045bdb3bab185ba4d56e0251dc14de02de7234c9cb0faa03a626b93e49da,[]
loose DataX file,,E:\cultures\vanilla-data\DataX\DM2\Mission_Byzanz4_Standard.sgt,DirectMusic SGT RIFF:DMSG,,,,UNKNOWN (DirectMusic segment; no decoder),[],[],[],[],Music (DirectMusic segment),SOURCE_COMPLETE (format); usage UNKNOWN,E:\cultures\vanilla-data\DataX\DM2\Mission_Byzanz4_Standard.sgt,983381e3deb1b79056307d2e0190e7a9d3e7296be362ecc129966b7f2e2894cc,[]
loose DataX file,,E:\cultures\vanilla-data\DataX\DM2\Mission_Byzanz4_Wealthy.sgt,DirectMusic SGT RIFF:DMSG,,,,UNKNOWN (DirectMusic segment; no decoder),[],[],[],[],Music (DirectMusic segment),SOURCE_COMPLETE (format); usage UNKNOWN,E:\cultures\vanilla-data\DataX\DM2\Mission_Byzanz4_Wealthy.sgt,c141c27e94bf2b77c2db11e682a127229ff572c9c616fb5ad90c5314afe0be66,[]
loose DataX file,,E:\cultures\vanilla-data\DataX\DM2\Mission_Franken1_Danger.sgt,DirectMusic SGT RIFF:DMSG,,,,UNKNOWN (DirectMusic segment; no decoder),[],[],[],[],Music (DirectMusic segment),SOURCE_COMPLETE (format); usage UNKNOWN,E:\cultures\vanilla-data\DataX\DM2\Mission_Franken1_Danger.sgt,aa66f2f1ffd28db692e1109d4435ad62cfe6b419aa6961f5301329ba1a0193da,[]
loose DataX file,,E:\cultures\vanilla-data\DataX\DM2\Mission_Franken1_Standard.sgt,DirectMusic SGT RIFF:DMSG,,,,UNKNOWN (DirectMusic segment; no decoder),[],[],[],[],Music (DirectMusic segment),SOURCE_COMPLETE (format); usage UNKNOWN,E:\cultures\vanilla-data\DataX\DM2\Mission_Franken1_Standard.sgt,817df604772452f644c569fe86162d954074869f75eeb1dd460df9f19ff355d4,[]
loose DataX file,,E:\cultures\vanilla-data\DataX\DM2\Mission_Franken1_Wealthy.sgt,DirectMusic SGT RIFF:DMSG,,,,UNKNOWN (DirectMusic segment; no decoder),[],[],[],[],Music (DirectMusic segment),SOURCE_COMPLETE (format); usage UNKNOWN,E:\cultures\vanilla-data\DataX\DM2\Mission_Franken1_Wealthy.sgt,0dea52252ff45a16125eef8b3399b2087bc197790d2b5b2881529130a633f1a7,[]
loose DataX file,,E:\cultures\vanilla-data\DataX\DM2\Mission_Franken2_Danger.sgt,DirectMusic SGT RIFF:DMSG,,,,UNKNOWN (DirectMusic segment; no decoder),[],[],[],[],Music (DirectMusic segment),SOURCE_COMPLETE (format); usage UNKNOWN,E:\cultures\vanilla-data\DataX\DM2\Mission_Franken2_Danger.sgt,fd8e8f172ecf08834a949ac79f56493fd3be4a0d9ab2bc73c4df6329df57d449,[]
loose DataX file,,E:\cultures\vanilla-data\DataX\DM2\Mission_Franken2_Standard.sgt,DirectMusic SGT RIFF:DMSG,,,,UNKNOWN (DirectMusic segment; no decoder),[],[],[],[],Music (DirectMusic segment),SOURCE_COMPLETE (format); usage UNKNOWN,E:\cultures\vanilla-data\DataX\DM2\Mission_Franken2_Standard.sgt,d253228bda11c6452938b2edfbe8b3ba24fbd6279f7b92095ba42a2cec330702,[]
loose DataX file,,E:\cultures\vanilla-data\DataX\DM2\Mission_Franken2_Wealthy.sgt,DirectMusic SGT RIFF:DMSG,,,,UNKNOWN (DirectMusic segment; no decoder),[],[],[],[],Music (DirectMusic segment),SOURCE_COMPLETE (format); usage UNKNOWN,E:\cultures\vanilla-data\DataX\DM2\Mission_Franken2_Wealthy.sgt,3e91bb6e09d6606c8b743c1086142217291d4d49898c284ecc5b35fff4375990,[]
loose DataX file,,E:\cultures\vanilla-data\DataX\DM2\Mission_Midgard1_Standard.sgt,DirectMusic SGT RIFF:DMSG,,,,UNKNOWN (DirectMusic segment; no decoder),[],[],[],[],Music (DirectMusic segment),SOURCE_COMPLETE (format); usage UNKNOWN,E:\cultures\vanilla-data\DataX\DM2\Mission_Midgard1_Standard.sgt,33352f5819abd323d42d33c42fb2d1bfeb617ba522957967eda537e7e8ba1168,[]
loose DataX file,,E:\cultures\vanilla-data\DataX\DM2\Mission_Midgard2_Standard.sgt,DirectMusic SGT RIFF:DMSG,,,,UNKNOWN (DirectMusic segment; no decoder),[],[],[],[],Music (DirectMusic segment),SOURCE_COMPLETE (format); usage UNKNOWN,E:\cultures\vanilla-data\DataX\DM2\Mission_Midgard2_Standard.sgt,bb7219937f44f4acbd8005dbf0182ee02028190af32897091a75259e52daf7cc,[]
loose DataX file,,E:\cultures\vanilla-data\DataX\DM2\Mission_Viking1_Danger.sgt,DirectMusic SGT RIFF:DMSG,,,,UNKNOWN (DirectMusic segment; no decoder),[],[],[],[],Music (DirectMusic segment),SOURCE_COMPLETE (format); usage UNKNOWN,E:\cultures\vanilla-data\DataX\DM2\Mission_Viking1_Danger.sgt,e30a6dfa017ac1f4aba83635b100a68dc4d3b0a68004f7faafcbff456b482d9a,[]
loose DataX file,,E:\cultures\vanilla-data\DataX\DM2\Mission_Viking1_Standard.sgt,DirectMusic SGT RIFF:DMSG,,,,UNKNOWN (DirectMusic segment; no decoder),[],[],[],[],Music (DirectMusic segment),SOURCE_COMPLETE (format); usage UNKNOWN,E:\cultures\vanilla-data\DataX\DM2\Mission_Viking1_Standard.sgt,3b8da096440eaf2a7da9f5bab93325d30b8cf58be93b4e296870763752b152a5,[]
loose DataX file,,E:\cultures\vanilla-data\DataX\DM2\Mission_Viking1_Wealthy.sgt,DirectMusic SGT RIFF:DMSG,,,,UNKNOWN (DirectMusic segment; no decoder),[],[],[],[],Music (DirectMusic segment),SOURCE_COMPLETE (format); usage UNKNOWN,E:\cultures\vanilla-data\DataX\DM2\Mission_Viking1_Wealthy.sgt,72494270473ec023eda098ff0e544e637dff62e5f0c0460f398b2b7943996e57,[]
loose DataX file,,E:\cultures\vanilla-data\DataX\DM2\Theme_Arabs_Friendly.sgt,DirectMusic SGT RIFF:DMSG,,,,UNKNOWN (DirectMusic segment; no decoder),[],[],[],[],Music (DirectMusic segment),SOURCE_COMPLETE (format); usage UNKNOWN,E:\cultures\vanilla-data\DataX\DM2\Theme_Arabs_Friendly.sgt,94d214a561658835284eeb81a592bf66c0c8bf555b40d4835956ba4b88be217c,[]
loose DataX file,,E:\cultures\vanilla-data\DataX\DM2\Theme_Arabs_Hostile.sgt,DirectMusic SGT RIFF:DMSG,,,,UNKNOWN (DirectMusic segment; no decoder),[],[],[],[],Music (DirectMusic segment),SOURCE_COMPLETE (format); usage UNKNOWN,E:\cultures\vanilla-data\DataX\DM2\Theme_Arabs_Hostile.sgt,42c46128bc0c804e76a4204350bfce04e0629e4a41363ce41611c4981d1a0a68,[]
loose DataX file,,E:\cultures\vanilla-data\DataX\DM2\Theme_Arabs_Neutral.sgt,DirectMusic SGT RIFF:DMSG,,,,UNKNOWN (DirectMusic segment; no decoder),[],[],[],[],Music (DirectMusic segment),SOURCE_COMPLETE (format); usage UNKNOWN,E:\cultures\vanilla-data\DataX\DM2\Theme_Arabs_Neutral.sgt,46385b2b252ab7aecaa4103f3fb519680de6cdf29671fe01c4784f8f3d90ae53,[]
loose DataX file,,E:\cultures\vanilla-data\DataX\DM2\Theme_Byzanz_Friendly.sgt,DirectMusic SGT RIFF:DMSG,,,,UNKNOWN (DirectMusic segment; no decoder),[],[],[],[],Music (DirectMusic segment),SOURCE_COMPLETE (format); usage UNKNOWN,E:\cultures\vanilla-data\DataX\DM2\Theme_Byzanz_Friendly.sgt,843dcc74362cc15d54af966904ef0a69b24ccfc8eefa1bcef9638f332a62a325,[]
loose DataX file,,E:\cultures\vanilla-data\DataX\DM2\Theme_Byzanz_Hostile.sgt,DirectMusic SGT RIFF:DMSG,,,,UNKNOWN (DirectMusic segment; no decoder),[],[],[],[],Music (DirectMusic segment),SOURCE_COMPLETE (format); usage UNKNOWN,E:\cultures\vanilla-data\DataX\DM2\Theme_Byzanz_Hostile.sgt,3efbfbd84a5d65d6edba0c9f1b6d2b3460ab777daf1f885dbb1b8589bc8f7ac4,[]
loose DataX file,,E:\cultures\vanilla-data\DataX\DM2\Theme_Byzanz_Neutral.sgt,DirectMusic SGT RIFF:DMSG,,,,UNKNOWN (DirectMusic segment; no decoder),[],[],[],[],Music (DirectMusic segment),SOURCE_COMPLETE (format); usage UNKNOWN,E:\cultures\vanilla-data\DataX\DM2\Theme_Byzanz_Neutral.sgt,f2b0af75f2bcbf2a4f32d9617e610cb19f04f6cf945990eb71346fccaf65cebe,[]
loose DataX file,,E:\cultures\vanilla-data\DataX\DM2\Theme_Franken_Friendly.sgt,DirectMusic SGT RIFF:DMSG,,,,UNKNOWN (DirectMusic segment; no decoder),[],[],[],[],Music (DirectMusic segment),SOURCE_COMPLETE (format); usage UNKNOWN,E:\cultures\vanilla-data\DataX\DM2\Theme_Franken_Friendly.sgt,405c02feec5522634df9ffe244bedfe41988e68033983828eb0ec8395facc773,[]
loose DataX file,,E:\cultures\vanilla-data\DataX\DM2\Theme_Franken_Hostile.sgt,DirectMusic SGT RIFF:DMSG,,,,UNKNOWN (DirectMusic segment; no decoder),[],[],[],[],Music (DirectMusic segment),SOURCE_COMPLETE (format); usage UNKNOWN,E:\cultures\vanilla-data\DataX\DM2\Theme_Franken_Hostile.sgt,886bbc7a189584e7a2531040e68752fcbc07dc006cc6fcf7da91b7d0b4ff0a0e,[]
loose DataX file,,E:\cultures\vanilla-data\DataX\DM2\Theme_Franken_Neutral.sgt,DirectMusic SGT RIFF:DMSG,,,,UNKNOWN (DirectMusic segment; no decoder),[],[],[],[],Music (DirectMusic segment),SOURCE_COMPLETE (format); usage UNKNOWN,E:\cultures\vanilla-data\DataX\DM2\Theme_Franken_Neutral.sgt,f243ed5d8ce6245bad1b84b750ce32bb4697faea2be54018ae1684ef93a4ddcc,[]
loose DataX file,,E:\cultures\vanilla-data\DataX\DM2\Theme_Viking_Friendly.sgt,DirectMusic SGT RIFF:DMSG,,,,UNKNOWN (DirectMusic segment; no decoder),[],[],[],[],Music (DirectMusic segment),SOURCE_COMPLETE (format); usage UNKNOWN,E:\cultures\vanilla-data\DataX\DM2\Theme_Viking_Friendly.sgt,6174cc41ba35255f94f140a5168542c2e811bf30ed02538ad0bad3b80e992481,[]
loose DataX file,,E:\cultures\vanilla-data\DataX\DM2\Theme_Viking_Hostile.sgt,DirectMusic SGT RIFF:DMSG,,,,UNKNOWN (DirectMusic segment; no decoder),[],[],[],[],Music (DirectMusic segment),SOURCE_COMPLETE (format); usage UNKNOWN,E:\cultures\vanilla-data\DataX\DM2\Theme_Viking_Hostile.sgt,40597709fdfb8bf4d2abf998c28ee49bbd4e72e238f87c5d346f6973ed67119a,[]
loose DataX file,,E:\cultures\vanilla-data\DataX\DM2\Theme_Viking_Neutral.sgt,DirectMusic SGT RIFF:DMSG,,,,UNKNOWN (DirectMusic segment; no decoder),[],[],[],[],Music (DirectMusic segment),SOURCE_COMPLETE (format); usage UNKNOWN,E:\cultures\vanilla-data\DataX\DM2\Theme_Viking_Neutral.sgt,8be5c593436587743dd6e2ebab489bc0b6ef373284997d66017d423e9eb953d3,[]
