TRIBE_SET,LIBRARY,PALETTE,BOB_ID,PNG,STATUS,REFERENCE
arabs,data\engine2d\bin\bobs\ls_houses_saracen.bmd,house_saracen01,0,Arabs/Buildings/Fortress_gfx66/level_0/main/frame_000000.png,PIXEL_CONFIRMED,production drawBobClippedBorrowed32 (render_batch.exe)
arabs,data\engine2d\bin\bobs\ls_houses_saracen.bmd,house_saracen01,2,Arabs/Buildings/Fortress_gfx66/level_0/construction/layers/house_saracen01/body_000002.png,PIXEL_CONFIRMED,production drawBobClippedBorrowed32 (render_batch.exe)
arabs,data\engine2d\bin\bobs\ls_houses_saracen.bmd,house_saracen01,1,Arabs/Buildings/Fortress_gfx66/level_0/construction/layers/house_saracen01/body_000001.png,PIXEL_CONFIRMED,production drawBobClippedBorrowed32 (render_batch.exe)
arabs,data\engine2d\bin\bobs\ls_houses_saracen.bmd,house_saracen01,50,Arabs/Buildings/Market_gfx67/level_0/main/frame_000050.png,PIXEL_CONFIRMED,production drawBobClippedBorrowed32 (render_batch.exe)
arabs,data\engine2d\bin\bobs\ls_houses_saracen.bmd,house_saracen01,52,Arabs/Buildings/Market_gfx67/level_0/construction/layers/house_saracen01/body_000052.png,PIXEL_CONFIRMED,production drawBobClippedBorrowed32 (render_batch.exe)
arabs,data\engine2d\bin\bobs\ls_houses_saracen.bmd,house_saracen01,51,Arabs/Buildings/Market_gfx67/level_0/construction/layers/house_saracen01/body_000051.png,PIXEL_CONFIRMED,production drawBobClippedBorrowed32 (render_batch.exe)
arabs,data\engine2d\bin\bobs\ls_houses_saracen.bmd,house_saracen01,30,Arabs/Buildings/Mosqe_gfx68/level_0/main/frame_000030.png,PIXEL_CONFIRMED,production drawBobClippedBorrowed32 (render_batch.exe)
arabs,data\engine2d\bin\bobs\ls_houses_saracen.bmd,house_saracen01,32,Arabs/Buildings/Mosqe_gfx68/level_0/construction/layers/house_saracen01/body_000032.png,PIXEL_CONFIRMED,production drawBobClippedBorrowed32 (render_batch.exe)
arabs,data\engine2d\bin\bobs\ls_houses_saracen.bmd,house_saracen01,31,Arabs/Buildings/Mosqe_gfx68/level_0/construction/layers/house_saracen01/body_000031.png,PIXEL_CONFIRMED,production drawBobClippedBorrowed32 (render_batch.exe)
arabs,data\engine2d\bin\bobs\ls_houses_saracen.bmd,house_saracen01,40,Arabs/Buildings/Palace_gfx69/level_0/main/frame_000040.png,PIXEL_CONFIRMED,production drawBobClippedBorrowed32 (render_batch.exe)
arabs,data\engine2d\bin\bobs\ls_houses_saracen.bmd,house_saracen01,42,Arabs/Buildings/Palace_gfx69/level_0/construction/layers/house_saracen01/body_000042.png,PIXEL_CONFIRMED,production drawBobClippedBorrowed32 (render_batch.exe)
arabs,data\engine2d\bin\bobs\ls_houses_saracen.bmd,house_saracen01,41,Arabs/Buildings/Palace_gfx69/level_0/construction/layers/house_saracen01/body_000041.png,PIXEL_CONFIRMED,production drawBobClippedBorrowed32 (render_batch.exe)
arabs,data\engine2d\bin\bobs\ls_houses_saracen.bmd,house_saracen01,60,Arabs/Buildings/Residence02_gfx71/level_0/main/frame_000060.png,PIXEL_CONFIRMED,production drawBobClippedBorrowed32 (render_batch.exe)
arabs,data\engine2d\bin\bobs\ls_houses_saracen.bmd,house_saracen01,62,Arabs/Buildings/Residence02_gfx71/level_0/construction/layers/house_saracen01/body_000062.png,PIXEL_CONFIRMED,production drawBobClippedBorrowed32 (render_batch.exe)
arabs,data\engine2d\bin\bobs\ls_houses_saracen.bmd,house_saracen01,61,Arabs/Buildings/Residence02_gfx71/level_0/construction/layers/house_saracen01/body_000061.png,PIXEL_CONFIRMED,production drawBobClippedBorrowed32 (render_batch.exe)
arabs,data\engine2d\bin\bobs\ls_houses_saracen.bmd,house_saracen01,70,Arabs/Buildings/Residence03_gfx72/level_0/main/frame_000070.png,PIXEL_CONFIRMED,production drawBobClippedBorrowed32 (render_batch.exe)
arabs,data\engine2d\bin\bobs\ls_houses_saracen.bmd,house_saracen01,72,Arabs/Buildings/Residence03_gfx72/level_0/construction/layers/house_saracen01/body_000072.png,PIXEL_CONFIRMED,production drawBobClippedBorrowed32 (render_batch.exe)
arabs,data\engine2d\bin\bobs\ls_houses_saracen.bmd,house_saracen01,71,Arabs/Buildings/Residence03_gfx72/level_0/construction/layers/house_saracen01/body_000071.png,PIXEL_CONFIRMED,production drawBobClippedBorrowed32 (render_batch.exe)
arabs,data\engine2d\bin\bobs\ls_houses_saracen.bmd,house_saracen01,80,Arabs/Buildings/Residence04_gfx73/level_0/main/frame_000080.png,PIXEL_CONFIRMED,production drawBobClippedBorrowed32 (render_batch.exe)
arabs,data\engine2d\bin\bobs\ls_houses_saracen.bmd,house_saracen01,82,Arabs/Buildings/Residence04_gfx73/level_0/construction/layers/house_saracen01/body_000082.png,PIXEL_CONFIRMED,production drawBobClippedBorrowed32 (render_batch.exe)
arabs,data\engine2d\bin\bobs\ls_houses_saracen.bmd,house_saracen01,81,Arabs/Buildings/Residence04_gfx73/level_0/construction/layers/house_saracen01/body_000081.png,PIXEL_CONFIRMED,production drawBobClippedBorrowed32 (render_batch.exe)
arabs,data\engine2d\bin\bobs\ls_houses_saracen.bmd,house_saracen01,90,Arabs/Buildings/Residence05_gfx74/level_0/main/frame_000090.png,PIXEL_CONFIRMED,production drawBobClippedBorrowed32 (render_batch.exe)
arabs,data\engine2d\bin\bobs\ls_houses_saracen.bmd,house_saracen01,92,Arabs/Buildings/Residence05_gfx74/level_0/construction/layers/house_saracen01/body_000092.png,PIXEL_CONFIRMED,production drawBobClippedBorrowed32 (render_batch.exe)
arabs,data\engine2d\bin\bobs\ls_houses_saracen.bmd,house_saracen01,91,Arabs/Buildings/Residence05_gfx74/level_0/construction/layers/house_saracen01/body_000091.png,PIXEL_CONFIRMED,production drawBobClippedBorrowed32 (render_batch.exe)
arabs,data\engine2d\bin\bobs\ls_houses_saracen.bmd,house_saracen01,100,Arabs/Buildings/Tower_gfx75/level_0/main/frame_000100.png,PIXEL_CONFIRMED,production drawBobClippedBorrowed32 (render_batch.exe)
arabs,data\engine2d\bin\bobs\ls_houses_saracen.bmd,house_saracen01,102,Arabs/Buildings/Tower_gfx75/level_0/construction/layers/house_saracen01/body_000102.png,PIXEL_CONFIRMED,production drawBobClippedBorrowed32 (render_batch.exe)
arabs,data\engine2d\bin\bobs\ls_houses_saracen.bmd,house_saracen01,101,Arabs/Buildings/Tower_gfx75/level_0/construction/layers/house_saracen01/body_000101.png,PIXEL_CONFIRMED,production drawBobClippedBorrowed32 (render_batch.exe)
arabs,data\engine2d\bin\bobs\ls_houses_beduines.bmd,rock03,0,Arabs/Buildings/Tent01_gfx76/level_0/main/frame_000000.png,PIXEL_CONFIRMED,production drawBobClippedBorrowed32 (render_batch.exe)
arabs,data\engine2d\bin\bobs\ls_houses_beduines.bmd,rock03,2,Arabs/Buildings/Tent01_gfx76/level_0/construction/layers/rock03/body_000002.png,PIXEL_CONFIRMED,production drawBobClippedBorrowed32 (render_batch.exe)
arabs,data\engine2d\bin\bobs\ls_houses_beduines.bmd,rock03,1,Arabs/Buildings/Tent01_gfx76/level_0/construction/layers/rock03/body_000001.png,PIXEL_CONFIRMED,production drawBobClippedBorrowed32 (render_batch.exe)
arabs,data\engine2d\bin\bobs\ls_houses_beduines.bmd,rock03,4,Arabs/Buildings/Tent02_gfx77/level_0/main/frame_000004.png,PIXEL_CONFIRMED,production drawBobClippedBorrowed32 (render_batch.exe)
arabs,data\engine2d\bin\bobs\ls_houses_beduines.bmd,rock03,6,Arabs/Buildings/Tent02_gfx77/level_0/construction/layers/rock03/body_000006.png,PIXEL_CONFIRMED,production drawBobClippedBorrowed32 (render_batch.exe)
arabs,data\engine2d\bin\bobs\ls_houses_beduines.bmd,rock03,5,Arabs/Buildings/Tent02_gfx77/level_0/construction/layers/rock03/body_000005.png,PIXEL_CONFIRMED,production drawBobClippedBorrowed32 (render_batch.exe)
arabs,data\engine2d\bin\bobs\ls_houses_beduines.bmd,rock03,8,Arabs/Buildings/Tent03_gfx78/level_0/main/frame_000008.png,PIXEL_CONFIRMED,production drawBobClippedBorrowed32 (render_batch.exe)
arabs,data\engine2d\bin\bobs\ls_houses_beduines.bmd,rock03,10,Arabs/Buildings/Tent03_gfx78/level_0/construction/layers/rock03/body_000010.png,PIXEL_CONFIRMED,production drawBobClippedBorrowed32 (render_batch.exe)
arabs,data\engine2d\bin\bobs\ls_houses_beduines.bmd,rock03,9,Arabs/Buildings/Tent03_gfx78/level_0/construction/layers/rock03/body_000009.png,PIXEL_CONFIRMED,production drawBobClippedBorrowed32 (render_batch.exe)
arabs,data\engine2d\bin\bobs\ls_houses_beduines.bmd,rock03,12,Arabs/Buildings/Tent04_gfx79/level_0/main/frame_000012.png,PIXEL_CONFIRMED,production drawBobClippedBorrowed32 (render_batch.exe)
arabs,data\engine2d\bin\bobs\ls_houses_beduines.bmd,rock03,14,Arabs/Buildings/Tent04_gfx79/level_0/construction/layers/rock03/body_000014.png,PIXEL_CONFIRMED,production drawBobClippedBorrowed32 (render_batch.exe)
arabs,data\engine2d\bin\bobs\ls_houses_beduines.bmd,rock03,13,Arabs/Buildings/Tent04_gfx79/level_0/construction/layers/rock03/body_000013.png,PIXEL_CONFIRMED,production drawBobClippedBorrowed32 (render_batch.exe)
arabs,data\engine2d\bin\bobs\ls_houses_beduines.bmd,rock03,16,Arabs/Buildings/Tent05_gfx80/level_0/main/frame_000016.png,PIXEL_CONFIRMED,production drawBobClippedBorrowed32 (render_batch.exe)
arabs,data\engine2d\bin\bobs\ls_houses_beduines.bmd,rock03,18,Arabs/Buildings/Tent05_gfx80/level_0/construction/layers/rock03/body_000018.png,PIXEL_CONFIRMED,production drawBobClippedBorrowed32 (render_batch.exe)
arabs,data\engine2d\bin\bobs\ls_houses_beduines.bmd,rock03,17,Arabs/Buildings/Tent05_gfx80/level_0/construction/layers/rock03/body_000017.png,PIXEL_CONFIRMED,production drawBobClippedBorrowed32 (render_batch.exe)
byzantines,data\engine2d\bin\bobs\ls_houses_byzantine.bmd,house_byzantine01,0,Byzantines/Buildings/Library_gfx49/level_0/main/frame_000000.png,PIXEL_CONFIRMED,production drawBobClippedBorrowed32 (render_batch.exe)
byzantines,data\engine2d\bin\bobs\ls_houses_byzantine.bmd,house_byzantine01,1,Byzantines/Buildings/Library_gfx49/level_0/construction/layers/house_byzantine01/body_000001.png,PIXEL_CONFIRMED,production drawBobClippedBorrowed32 (render_batch.exe)
byzantines,data\engine2d\bin\bobs\ls_houses_byzantine.bmd,house_byzantine01,2,Byzantines/Buildings/Library_gfx49/level_0/construction/layers/house_byzantine01/body_000002.png,PIXEL_CONFIRMED,production drawBobClippedBorrowed32 (render_batch.exe)
byzantines,data\engine2d\bin\bobs\ls_houses_byzantine.bmd,house_byzantine01,4,Byzantines/Buildings/Harbour01_gfx50/level_0/main/frame_000004.png,PIXEL_CONFIRMED,production drawBobClippedBorrowed32 (render_batch.exe)
byzantines,data\engine2d\bin\bobs\ls_houses_byzantine.bmd,house_byzantine01,5,Byzantines/Buildings/Harbour01_gfx50/level_0/construction/layers/house_byzantine01/body_000005.png,PIXEL_CONFIRMED,production drawBobClippedBorrowed32 (render_batch.exe)
byzantines,data\engine2d\bin\bobs\ls_houses_byzantine.bmd,house_byzantine01,6,Byzantines/Buildings/Harbour01_gfx50/level_0/construction/layers/house_byzantine01/body_000006.png,PIXEL_CONFIRMED,production drawBobClippedBorrowed32 (render_batch.exe)
byzantines,data\engine2d\bin\bobs\ls_houses_byzantine.bmd,house_byzantine01,8,Byzantines/Buildings/Harbour02_gfx51/level_0/main/frame_000008.png,PIXEL_CONFIRMED,production drawBobClippedBorrowed32 (render_batch.exe)
byzantines,data\engine2d\bin\bobs\ls_houses_byzantine.bmd,house_byzantine01,9,Byzantines/Buildings/Harbour02_gfx51/level_0/construction/layers/house_byzantine01/body_000009.png,PIXEL_CONFIRMED,production drawBobClippedBorrowed32 (render_batch.exe)
byzantines,data\engine2d\bin\bobs\ls_houses_byzantine.bmd,house_byzantine01,10,Byzantines/Buildings/Harbour02_gfx51/level_0/construction/layers/house_byzantine01/body_000010.png,PIXEL_CONFIRMED,production drawBobClippedBorrowed32 (render_batch.exe)
byzantines,data\engine2d\bin\bobs\ls_houses_byzantine.bmd,house_byzantine01,12,Byzantines/Buildings/Chapel_gfx52/level_0/main/frame_000012.png,PIXEL_CONFIRMED,production drawBobClippedBorrowed32 (render_batch.exe)
byzantines,data\engine2d\bin\bobs\ls_houses_byzantine.bmd,house_byzantine01,13,Byzantines/Buildings/Chapel_gfx52/level_0/construction/layers/house_byzantine01/body_000013.png,PIXEL_CONFIRMED,production drawBobClippedBorrowed32 (render_batch.exe)
byzantines,data\engine2d\bin\bobs\ls_houses_byzantine.bmd,house_byzantine01,14,Byzantines/Buildings/Chapel_gfx52/level_0/construction/layers/house_byzantine01/body_000014.png,PIXEL_CONFIRMED,production drawBobClippedBorrowed32 (render_batch.exe)
byzantines,data\engine2d\bin\bobs\ls_houses_byzantine.bmd,house_byzantine01,16,Byzantines/Buildings/Cathedral_gfx53/level_0/main/frame_000016.png,PIXEL_CONFIRMED,production drawBobClippedBorrowed32 (render_batch.exe)
byzantines,data\engine2d\bin\bobs\ls_houses_byzantine.bmd,house_byzantine01,17,Byzantines/Buildings/Cathedral_gfx53/level_0/construction/layers/house_byzantine01/body_000017.png,PIXEL_CONFIRMED,production drawBobClippedBorrowed32 (render_batch.exe)
byzantines,data\engine2d\bin\bobs\ls_houses_byzantine.bmd,house_byzantine01,18,Byzantines/Buildings/Cathedral_gfx53/level_0/construction/layers/house_byzantine01/body_000018.png,PIXEL_CONFIRMED,production drawBobClippedBorrowed32 (render_batch.exe)
byzantines,data\engine2d\bin\bobs\ls_houses_byzantine.bmd,house_byzantine01,20,Byzantines/Buildings/Manson_gfx54/level_0/main/frame_000020.png,PIXEL_CONFIRMED,production drawBobClippedBorrowed32 (render_batch.exe)
byzantines,data\engine2d\bin\bobs\ls_houses_byzantine.bmd,house_byzantine01,21,Byzantines/Buildings/Manson_gfx54/level_0/construction/layers/house_byzantine01/body_000021.png,PIXEL_CONFIRMED,production drawBobClippedBorrowed32 (render_batch.exe)
byzantines,data\engine2d\bin\bobs\ls_houses_byzantine.bmd,house_byzantine01,22,Byzantines/Buildings/Manson_gfx54/level_0/construction/layers/house_byzantine01/body_000022.png,PIXEL_CONFIRMED,production drawBobClippedBorrowed32 (render_batch.exe)
byzantines,data\engine2d\bin\bobs\ls_houses_byzantine.bmd,house_byzantine01,24,Byzantines/Buildings/Kaserne_gfx64/level_0/main/frame_000024.png,PIXEL_CONFIRMED,production drawBobClippedBorrowed32 (render_batch.exe)
byzantines,data\engine2d\bin\bobs\ls_houses_byzantine.bmd,house_byzantine01,26,Byzantines/Buildings/Kaserne_gfx64/level_0/construction/layers/house_byzantine01/body_000026.png,PIXEL_CONFIRMED,production drawBobClippedBorrowed32 (render_batch.exe)
byzantines,data\engine2d\bin\bobs\ls_houses_byzantine.bmd,house_byzantine01,25,Byzantines/Buildings/Kaserne_gfx64/level_0/construction/layers/house_byzantine01/body_000025.png,PIXEL_CONFIRMED,production drawBobClippedBorrowed32 (render_batch.exe)
byzantines,data\engine2d\bin\bobs\ls_houses_byzantine.bmd,house_byzantine01,28,Byzantines/Buildings/Palace_gfx65/level_0/main/frame_000028.png,PIXEL_CONFIRMED,production drawBobClippedBorrowed32 (render_batch.exe)
byzantines,data\engine2d\bin\bobs\ls_houses_byzantine.bmd,house_byzantine01,30,Byzantines/Buildings/Palace_gfx65/level_0/construction/layers/house_byzantine01/body_000030.png,PIXEL_CONFIRMED,production drawBobClippedBorrowed32 (render_batch.exe)
byzantines,data\engine2d\bin\bobs\ls_houses_byzantine.bmd,house_byzantine01,29,Byzantines/Buildings/Palace_gfx65/level_0/construction/layers/house_byzantine01/body_000029.png,PIXEL_CONFIRMED,production drawBobClippedBorrowed32 (render_batch.exe)
byzantines,data\engine2d\bin\bobs\ls_houses_byzantine.bmd,house_byzantine02,0,Byzantines/Buildings/Library_gfx49/level_0/main/palette_house_byzantine02/frame_000000.png,PIXEL_CONFIRMED,production drawBobClippedBorrowed32 (render_batch.exe)
byzantines,data\engine2d\bin\bobs\ls_houses_byzantine.bmd,house_byzantine02,1,Byzantines/Buildings/Library_gfx49/level_0/construction/layers/house_byzantine02/body_000001.png,PIXEL_CONFIRMED,production drawBobClippedBorrowed32 (render_batch.exe)
byzantines,data\engine2d\bin\bobs\ls_houses_byzantine.bmd,house_byzantine02,2,Byzantines/Buildings/Library_gfx49/level_0/construction/layers/house_byzantine02/body_000002.png,PIXEL_CONFIRMED,production drawBobClippedBorrowed32 (render_batch.exe)
byzantines,data\engine2d\bin\bobs\ls_houses_byzantine.bmd,house_byzantine02,4,Byzantines/Buildings/Harbour01_gfx50/level_0/main/palette_house_byzantine02/frame_000004.png,PIXEL_CONFIRMED,production drawBobClippedBorrowed32 (render_batch.exe)
byzantines,data\engine2d\bin\bobs\ls_houses_byzantine.bmd,house_byzantine02,5,Byzantines/Buildings/Harbour01_gfx50/level_0/construction/layers/house_byzantine02/body_000005.png,PIXEL_CONFIRMED,production drawBobClippedBorrowed32 (render_batch.exe)
byzantines,data\engine2d\bin\bobs\ls_houses_byzantine.bmd,house_byzantine02,6,Byzantines/Buildings/Harbour01_gfx50/level_0/construction/layers/house_byzantine02/body_000006.png,PIXEL_CONFIRMED,production drawBobClippedBorrowed32 (render_batch.exe)
byzantines,data\engine2d\bin\bobs\ls_houses_byzantine.bmd,house_byzantine02,8,Byzantines/Buildings/Harbour02_gfx51/level_0/main/palette_house_byzantine02/frame_000008.png,PIXEL_CONFIRMED,production drawBobClippedBorrowed32 (render_batch.exe)
byzantines,data\engine2d\bin\bobs\ls_houses_byzantine.bmd,house_byzantine02,9,Byzantines/Buildings/Harbour02_gfx51/level_0/construction/layers/house_byzantine02/body_000009.png,PIXEL_CONFIRMED,production drawBobClippedBorrowed32 (render_batch.exe)
byzantines,data\engine2d\bin\bobs\ls_houses_byzantine.bmd,house_byzantine02,10,Byzantines/Buildings/Harbour02_gfx51/level_0/construction/layers/house_byzantine02/body_000010.png,PIXEL_CONFIRMED,production drawBobClippedBorrowed32 (render_batch.exe)
byzantines,data\engine2d\bin\bobs\ls_houses_byzantine.bmd,house_byzantine02,12,Byzantines/Buildings/Chapel_gfx52/level_0/main/palette_house_byzantine02/frame_000012.png,PIXEL_CONFIRMED,production drawBobClippedBorrowed32 (render_batch.exe)
byzantines,data\engine2d\bin\bobs\ls_houses_byzantine.bmd,house_byzantine02,13,Byzantines/Buildings/Chapel_gfx52/level_0/construction/layers/house_byzantine02/body_000013.png,PIXEL_CONFIRMED,production drawBobClippedBorrowed32 (render_batch.exe)
byzantines,data\engine2d\bin\bobs\ls_houses_byzantine.bmd,house_byzantine02,14,Byzantines/Buildings/Chapel_gfx52/level_0/construction/layers/house_byzantine02/body_000014.png,PIXEL_CONFIRMED,production drawBobClippedBorrowed32 (render_batch.exe)
byzantines,data\engine2d\bin\bobs\ls_houses_byzantine.bmd,house_byzantine02,16,Byzantines/Buildings/Cathedral_gfx53/level_0/main/palette_house_byzantine02/frame_000016.png,PIXEL_CONFIRMED,production drawBobClippedBorrowed32 (render_batch.exe)
byzantines,data\engine2d\bin\bobs\ls_houses_byzantine.bmd,house_byzantine02,17,Byzantines/Buildings/Cathedral_gfx53/level_0/construction/layers/house_byzantine02/body_000017.png,PIXEL_CONFIRMED,production drawBobClippedBorrowed32 (render_batch.exe)
byzantines,data\engine2d\bin\bobs\ls_houses_byzantine.bmd,house_byzantine02,18,Byzantines/Buildings/Cathedral_gfx53/level_0/construction/layers/house_byzantine02/body_000018.png,PIXEL_CONFIRMED,production drawBobClippedBorrowed32 (render_batch.exe)
byzantines,data\engine2d\bin\bobs\ls_houses_byzantine.bmd,house_byzantine02,20,Byzantines/Buildings/Manson_gfx54/level_0/main/palette_house_byzantine02/frame_000020.png,PIXEL_CONFIRMED,production drawBobClippedBorrowed32 (render_batch.exe)
byzantines,data\engine2d\bin\bobs\ls_houses_byzantine.bmd,house_byzantine02,21,Byzantines/Buildings/Manson_gfx54/level_0/construction/layers/house_byzantine02/body_000021.png,PIXEL_CONFIRMED,production drawBobClippedBorrowed32 (render_batch.exe)
byzantines,data\engine2d\bin\bobs\ls_houses_byzantine.bmd,house_byzantine02,22,Byzantines/Buildings/Manson_gfx54/level_0/construction/layers/house_byzantine02/body_000022.png,PIXEL_CONFIRMED,production drawBobClippedBorrowed32 (render_batch.exe)
byzantines,data\engine2d\bin\bobs\ls_houses_byzantine.bmd,house_byzantine02,24,Byzantines/Buildings/Kaserne_gfx64/level_0/main/palette_house_byzantine02/frame_000024.png,PIXEL_CONFIRMED,production drawBobClippedBorrowed32 (render_batch.exe)
byzantines,data\engine2d\bin\bobs\ls_houses_byzantine.bmd,house_byzantine02,26,Byzantines/Buildings/Kaserne_gfx64/level_0/construction/layers/house_byzantine02/body_000026.png,PIXEL_CONFIRMED,production drawBobClippedBorrowed32 (render_batch.exe)
byzantines,data\engine2d\bin\bobs\ls_houses_byzantine.bmd,house_byzantine02,25,Byzantines/Buildings/Kaserne_gfx64/level_0/construction/layers/house_byzantine02/body_000025.png,PIXEL_CONFIRMED,production drawBobClippedBorrowed32 (render_batch.exe)
byzantines,data\engine2d\bin\bobs\ls_houses_byzantine.bmd,house_byzantine02,28,Byzantines/Buildings/Palace_gfx65/level_0/main/palette_house_byzantine02/frame_000028.png,PIXEL_CONFIRMED,production drawBobClippedBorrowed32 (render_batch.exe)
byzantines,data\engine2d\bin\bobs\ls_houses_byzantine.bmd,house_byzantine02,30,Byzantines/Buildings/Palace_gfx65/level_0/construction/layers/house_byzantine02/body_000030.png,PIXEL_CONFIRMED,production drawBobClippedBorrowed32 (render_batch.exe)
byzantines,data\engine2d\bin\bobs\ls_houses_byzantine.bmd,house_byzantine02,29,Byzantines/Buildings/Palace_gfx65/level_0/construction/layers/house_byzantine02/body_000029.png,PIXEL_CONFIRMED,production drawBobClippedBorrowed32 (render_batch.exe)
byzantines,data\engine2d\bin\bobs\ls_houses_byzantine2.bmd,house_byzantine01,24,Byzantines/Buildings/Market_gfx55/level_0/main/frame_000024.png,PIXEL_CONFIRMED,production drawBobClippedBorrowed32 (render_batch.exe)
byzantines,data\engine2d\bin\bobs\ls_houses_byzantine2.bmd,house_byzantine01,25,Byzantines/Buildings/Market_gfx55/level_0/construction/layers/house_byzantine01/body_000025.png,PIXEL_CONFIRMED,production drawBobClippedBorrowed32 (render_batch.exe)
byzantines,data\engine2d\bin\bobs\ls_houses_byzantine2.bmd,house_byzantine01,26,Byzantines/Buildings/Market_gfx55/level_0/construction/layers/house_byzantine01/body_000026.png,PIXEL_CONFIRMED,production drawBobClippedBorrowed32 (render_batch.exe)
byzantines,data\engine2d\bin\bobs\ls_houses_byzantine2.bmd,house_byzantine01,28,Byzantines/Buildings/Home01_gfx56/level_0/main/frame_000028.png,PIXEL_CONFIRMED,production drawBobClippedBorrowed32 (render_batch.exe)
byzantines,data\engine2d\bin\bobs\ls_houses_byzantine2.bmd,house_byzantine01,29,Byzantines/Buildings/Home01_gfx56/level_0/construction/layers/house_byzantine01/body_000029.png,PIXEL_CONFIRMED,production drawBobClippedBorrowed32 (render_batch.exe)
byzantines,data\engine2d\bin\bobs\ls_houses_byzantine2.bmd,house_byzantine01,30,Byzantines/Buildings/Home01_gfx56/level_0/construction/layers/house_byzantine01/body_000030.png,PIXEL_CONFIRMED,production drawBobClippedBorrowed32 (render_batch.exe)
byzantines,data\engine2d\bin\bobs\ls_houses_byzantine2.bmd,house_byzantine01,32,Byzantines/Buildings/Home02_gfx57/level_0/main/frame_000032.png,PIXEL_CONFIRMED,production drawBobClippedBorrowed32 (render_batch.exe)
byzantines,data\engine2d\bin\bobs\ls_houses_byzantine2.bmd,house_byzantine01,33,Byzantines/Buildings/Home02_gfx57/level_0/construction/layers/house_byzantine01/body_000033.png,PIXEL_CONFIRMED,production drawBobClippedBorrowed32 (render_batch.exe)
byzantines,data\engine2d\bin\bobs\ls_houses_byzantine2.bmd,house_byzantine01,34,Byzantines/Buildings/Home02_gfx57/level_0/construction/layers/house_byzantine01/body_000034.png,PIXEL_CONFIRMED,production drawBobClippedBorrowed32 (render_batch.exe)
byzantines,data\engine2d\bin\bobs\ls_houses_byzantine2.bmd,house_byzantine01,36,Byzantines/Buildings/Home03_gfx58/level_0/main/frame_000036.png,PIXEL_CONFIRMED,production drawBobClippedBorrowed32 (render_batch.exe)
byzantines,data\engine2d\bin\bobs\ls_houses_byzantine2.bmd,house_byzantine01,37,Byzantines/Buildings/Home03_gfx58/level_0/construction/layers/house_byzantine01/body_000037.png,PIXEL_CONFIRMED,production drawBobClippedBorrowed32 (render_batch.exe)
byzantines,data\engine2d\bin\bobs\ls_houses_byzantine2.bmd,house_byzantine01,38,Byzantines/Buildings/Home03_gfx58/level_0/construction/layers/house_byzantine01/body_000038.png,PIXEL_CONFIRMED,production drawBobClippedBorrowed32 (render_batch.exe)
byzantines,data\engine2d\bin\bobs\ls_houses_byzantine2.bmd,house_byzantine01,40,Byzantines/Buildings/Doorhouse_gfx59/level_0/main/frame_000040.png,PIXEL_CONFIRMED,production drawBobClippedBorrowed32 (render_batch.exe)
byzantines,data\engine2d\bin\bobs\ls_houses_byzantine2.bmd,house_byzantine01,41,Byzantines/Buildings/Doorhouse_gfx59/level_0/construction/layers/house_byzantine01/body_000041.png,PIXEL_CONFIRMED,production drawBobClippedBorrowed32 (render_batch.exe)
byzantines,data\engine2d\bin\bobs\ls_houses_byzantine2.bmd,house_byzantine01,42,Byzantines/Buildings/Doorhouse_gfx59/level_0/construction/layers/house_byzantine01/body_000042.png,PIXEL_CONFIRMED,production drawBobClippedBorrowed32 (render_batch.exe)
byzantines,data\engine2d\bin\bobs\ls_houses_byzantine2.bmd,house_byzantine01,44,Byzantines/Buildings/Tower_gfx60/level_0/main/frame_000044.png,PIXEL_CONFIRMED,production drawBobClippedBorrowed32 (render_batch.exe)
byzantines,data\engine2d\bin\bobs\ls_houses_byzantine2.bmd,house_byzantine01,45,Byzantines/Buildings/Tower_gfx60/level_0/construction/layers/house_byzantine01/body_000045.png,PIXEL_CONFIRMED,production drawBobClippedBorrowed32 (render_batch.exe)
byzantines,data\engine2d\bin\bobs\ls_houses_byzantine2.bmd,house_byzantine01,46,Byzantines/Buildings/Tower_gfx60/level_0/construction/layers/house_byzantine01/body_000046.png,PIXEL_CONFIRMED,production drawBobClippedBorrowed32 (render_batch.exe)
byzantines,data\engine2d\bin\bobs\ls_houses_byzantine2.bmd,house_byzantine01,48,Byzantines/Buildings/Work01_gfx61/level_0/main/frame_000048.png,PIXEL_CONFIRMED,production drawBobClippedBorrowed32 (render_batch.exe)
byzantines,data\engine2d\bin\bobs\ls_houses_byzantine2.bmd,house_byzantine01,49,Byzantines/Buildings/Work01_gfx61/level_0/construction/layers/house_byzantine01/body_000049.png,PIXEL_CONFIRMED,production drawBobClippedBorrowed32 (render_batch.exe)
byzantines,data\engine2d\bin\bobs\ls_houses_byzantine2.bmd,house_byzantine01,50,Byzantines/Buildings/Work01_gfx61/level_0/construction/layers/house_byzantine01/body_000050.png,PIXEL_CONFIRMED,production drawBobClippedBorrowed32 (render_batch.exe)
byzantines,data\engine2d\bin\bobs\ls_houses_byzantine2.bmd,house_byzantine01,52,Byzantines/Buildings/Work02_gfx62/level_0/main/frame_000052.png,PIXEL_CONFIRMED,production drawBobClippedBorrowed32 (render_batch.exe)
byzantines,data\engine2d\bin\bobs\ls_houses_byzantine2.bmd,house_byzantine01,53,Byzantines/Buildings/Work02_gfx62/level_0/construction/layers/house_byzantine01/body_000053.png,PIXEL_CONFIRMED,production drawBobClippedBorrowed32 (render_batch.exe)
byzantines,data\engine2d\bin\bobs\ls_houses_byzantine2.bmd,house_byzantine01,54,Byzantines/Buildings/Work02_gfx62/level_0/construction/layers/house_byzantine01/body_000054.png,PIXEL_CONFIRMED,production drawBobClippedBorrowed32 (render_batch.exe)
byzantines,data\engine2d\bin\bobs\ls_houses_byzantine2.bmd,house_byzantine01,56,Byzantines/Buildings/Work03_gfx63/level_0/main/frame_000056.png,PIXEL_CONFIRMED,production drawBobClippedBorrowed32 (render_batch.exe)
byzantines,data\engine2d\bin\bobs\ls_houses_byzantine2.bmd,house_byzantine01,57,Byzantines/Buildings/Work03_gfx63/level_0/construction/layers/house_byzantine01/body_000057.png,PIXEL_CONFIRMED,production drawBobClippedBorrowed32 (render_batch.exe)
byzantines,data\engine2d\bin\bobs\ls_houses_byzantine2.bmd,house_byzantine01,58,Byzantines/Buildings/Work03_gfx63/level_0/construction/layers/house_byzantine01/body_000058.png,PIXEL_CONFIRMED,production drawBobClippedBorrowed32 (render_batch.exe)
byzantines,data\engine2d\bin\bobs\ls_houses_byzantine2.bmd,house_byzantine02,24,Byzantines/Buildings/Market_gfx55/level_0/main/palette_house_byzantine02/frame_000024.png,PIXEL_CONFIRMED,production drawBobClippedBorrowed32 (render_batch.exe)
byzantines,data\engine2d\bin\bobs\ls_houses_byzantine2.bmd,house_byzantine02,25,Byzantines/Buildings/Market_gfx55/level_0/construction/layers/house_byzantine02/body_000025.png,PIXEL_CONFIRMED,production drawBobClippedBorrowed32 (render_batch.exe)
byzantines,data\engine2d\bin\bobs\ls_houses_byzantine2.bmd,house_byzantine02,26,Byzantines/Buildings/Market_gfx55/level_0/construction/layers/house_byzantine02/body_000026.png,PIXEL_CONFIRMED,production drawBobClippedBorrowed32 (render_batch.exe)
byzantines,data\engine2d\bin\bobs\ls_houses_byzantine2.bmd,house_byzantine02,28,Byzantines/Buildings/Home01_gfx56/level_0/main/palette_house_byzantine02/frame_000028.png,PIXEL_CONFIRMED,production drawBobClippedBorrowed32 (render_batch.exe)
byzantines,data\engine2d\bin\bobs\ls_houses_byzantine2.bmd,house_byzantine02,29,Byzantines/Buildings/Home01_gfx56/level_0/construction/layers/house_byzantine02/body_000029.png,PIXEL_CONFIRMED,production drawBobClippedBorrowed32 (render_batch.exe)
byzantines,data\engine2d\bin\bobs\ls_houses_byzantine2.bmd,house_byzantine02,30,Byzantines/Buildings/Home01_gfx56/level_0/construction/layers/house_byzantine02/body_000030.png,PIXEL_CONFIRMED,production drawBobClippedBorrowed32 (render_batch.exe)
byzantines,data\engine2d\bin\bobs\ls_houses_byzantine2.bmd,house_byzantine02,32,Byzantines/Buildings/Home02_gfx57/level_0/main/palette_house_byzantine02/frame_000032.png,PIXEL_CONFIRMED,production drawBobClippedBorrowed32 (render_batch.exe)
byzantines,data\engine2d\bin\bobs\ls_houses_byzantine2.bmd,house_byzantine02,33,Byzantines/Buildings/Home02_gfx57/level_0/construction/layers/house_byzantine02/body_000033.png,PIXEL_CONFIRMED,production drawBobClippedBorrowed32 (render_batch.exe)
byzantines,data\engine2d\bin\bobs\ls_houses_byzantine2.bmd,house_byzantine02,34,Byzantines/Buildings/Home02_gfx57/level_0/construction/layers/house_byzantine02/body_000034.png,PIXEL_CONFIRMED,production drawBobClippedBorrowed32 (render_batch.exe)
byzantines,data\engine2d\bin\bobs\ls_houses_byzantine2.bmd,house_byzantine02,36,Byzantines/Buildings/Home03_gfx58/level_0/main/palette_house_byzantine02/frame_000036.png,PIXEL_CONFIRMED,production drawBobClippedBorrowed32 (render_batch.exe)
byzantines,data\engine2d\bin\bobs\ls_houses_byzantine2.bmd,house_byzantine02,37,Byzantines/Buildings/Home03_gfx58/level_0/construction/layers/house_byzantine02/body_000037.png,PIXEL_CONFIRMED,production drawBobClippedBorrowed32 (render_batch.exe)
byzantines,data\engine2d\bin\bobs\ls_houses_byzantine2.bmd,house_byzantine02,38,Byzantines/Buildings/Home03_gfx58/level_0/construction/layers/house_byzantine02/body_000038.png,PIXEL_CONFIRMED,production drawBobClippedBorrowed32 (render_batch.exe)
byzantines,data\engine2d\bin\bobs\ls_houses_byzantine2.bmd,house_byzantine02,40,Byzantines/Buildings/Doorhouse_gfx59/level_0/main/palette_house_byzantine02/frame_000040.png,PIXEL_CONFIRMED,production drawBobClippedBorrowed32 (render_batch.exe)
byzantines,data\engine2d\bin\bobs\ls_houses_byzantine2.bmd,house_byzantine02,41,Byzantines/Buildings/Doorhouse_gfx59/level_0/construction/layers/house_byzantine02/body_000041.png,PIXEL_CONFIRMED,production drawBobClippedBorrowed32 (render_batch.exe)
byzantines,data\engine2d\bin\bobs\ls_houses_byzantine2.bmd,house_byzantine02,42,Byzantines/Buildings/Doorhouse_gfx59/level_0/construction/layers/house_byzantine02/body_000042.png,PIXEL_CONFIRMED,production drawBobClippedBorrowed32 (render_batch.exe)
byzantines,data\engine2d\bin\bobs\ls_houses_byzantine2.bmd,house_byzantine02,44,Byzantines/Buildings/Tower_gfx60/level_0/main/palette_house_byzantine02/frame_000044.png,PIXEL_CONFIRMED,production drawBobClippedBorrowed32 (render_batch.exe)
byzantines,data\engine2d\bin\bobs\ls_houses_byzantine2.bmd,house_byzantine02,45,Byzantines/Buildings/Tower_gfx60/level_0/construction/layers/house_byzantine02/body_000045.png,PIXEL_CONFIRMED,production drawBobClippedBorrowed32 (render_batch.exe)
byzantines,data\engine2d\bin\bobs\ls_houses_byzantine2.bmd,house_byzantine02,46,Byzantines/Buildings/Tower_gfx60/level_0/construction/layers/house_byzantine02/body_000046.png,PIXEL_CONFIRMED,production drawBobClippedBorrowed32 (render_batch.exe)
byzantines,data\engine2d\bin\bobs\ls_houses_byzantine2.bmd,house_byzantine02,48,Byzantines/Buildings/Work01_gfx61/level_0/main/palette_house_byzantine02/frame_000048.png,PIXEL_CONFIRMED,production drawBobClippedBorrowed32 (render_batch.exe)
byzantines,data\engine2d\bin\bobs\ls_houses_byzantine2.bmd,house_byzantine02,49,Byzantines/Buildings/Work01_gfx61/level_0/construction/layers/house_byzantine02/body_000049.png,PIXEL_CONFIRMED,production drawBobClippedBorrowed32 (render_batch.exe)
byzantines,data\engine2d\bin\bobs\ls_houses_byzantine2.bmd,house_byzantine02,50,Byzantines/Buildings/Work01_gfx61/level_0/construction/layers/house_byzantine02/body_000050.png,PIXEL_CONFIRMED,production drawBobClippedBorrowed32 (render_batch.exe)
byzantines,data\engine2d\bin\bobs\ls_houses_byzantine2.bmd,house_byzantine02,52,Byzantines/Buildings/Work02_gfx62/level_0/main/palette_house_byzantine02/frame_000052.png,PIXEL_CONFIRMED,production drawBobClippedBorrowed32 (render_batch.exe)
byzantines,data\engine2d\bin\bobs\ls_houses_byzantine2.bmd,house_byzantine02,53,Byzantines/Buildings/Work02_gfx62/level_0/construction/layers/house_byzantine02/body_000053.png,PIXEL_CONFIRMED,production drawBobClippedBorrowed32 (render_batch.exe)
byzantines,data\engine2d\bin\bobs\ls_houses_byzantine2.bmd,house_byzantine02,54,Byzantines/Buildings/Work02_gfx62/level_0/construction/layers/house_byzantine02/body_000054.png,PIXEL_CONFIRMED,production drawBobClippedBorrowed32 (render_batch.exe)
byzantines,data\engine2d\bin\bobs\ls_houses_byzantine2.bmd,house_byzantine02,56,Byzantines/Buildings/Work03_gfx63/level_0/main/palette_house_byzantine02/frame_000056.png,PIXEL_CONFIRMED,production drawBobClippedBorrowed32 (render_batch.exe)
byzantines,data\engine2d\bin\bobs\ls_houses_byzantine2.bmd,house_byzantine02,57,Byzantines/Buildings/Work03_gfx63/level_0/construction/layers/house_byzantine02/body_000057.png,PIXEL_CONFIRMED,production drawBobClippedBorrowed32 (render_batch.exe)
byzantines,data\engine2d\bin\bobs\ls_houses_byzantine2.bmd,house_byzantine02,58,Byzantines/Buildings/Work03_gfx63/level_0/construction/layers/house_byzantine02/body_000058.png,PIXEL_CONFIRMED,production drawBobClippedBorrowed32 (render_batch.exe)
egypt,data\engine2d\bin\bobs\ls_houses_egypt.bmd,house_saracen01,0,Other Tribes/Egypt/Buildings/Mainhouse_gfx81/level_0/main/frame_000000.png,PIXEL_CONFIRMED,production drawBobClippedBorrowed32 (render_batch.exe)
egypt,data\engine2d\bin\bobs\ls_houses_egypt.bmd,caves,1,Other Tribes/Egypt/Buildings/Barrack_gfx82/level_0/main/frame_000001.png,PIXEL_CONFIRMED,production drawBobClippedBorrowed32 (render_batch.exe)
egypt,data\engine2d\bin\bobs\ls_houses_egypt.bmd,caves,2,Other Tribes/Egypt/Buildings/Tower_gfx83/level_0/main/frame_000002.png,PIXEL_CONFIRMED,production drawBobClippedBorrowed32 (render_batch.exe)
egypt,data\engine2d\bin\bobs\ls_houses_egypt.bmd,caves,3,Other Tribes/Egypt/Buildings/Residence01_gfx84/level_0/main/frame_000003.png,PIXEL_CONFIRMED,production drawBobClippedBorrowed32 (render_batch.exe)
egypt,data\engine2d\bin\bobs\ls_houses_egypt.bmd,caves,4,Other Tribes/Egypt/Buildings/Residence02_gfx85/level_0/main/frame_000004.png,PIXEL_CONFIRMED,production drawBobClippedBorrowed32 (render_batch.exe)
egypt,data\engine2d\bin\bobs\ls_houses_egypt.bmd,caves,5,Other Tribes/Egypt/Buildings/Residence03_gfx86/level_0/main/frame_000005.png,PIXEL_CONFIRMED,production drawBobClippedBorrowed32 (render_batch.exe)
egypt,data\engine2d\bin\bobs\ls_houses_egypt.bmd,caves,6,Other Tribes/Egypt/Buildings/Residence04_gfx87/level_0/main/frame_000006.png,PIXEL_CONFIRMED,production drawBobClippedBorrowed32 (render_batch.exe)
egypt,data\engine2d\bin\bobs\ls_houses_egypt.bmd,caves,7,Other Tribes/Egypt/Buildings/Residence05_gfx88/level_0/main/frame_000007.png,PIXEL_CONFIRMED,production drawBobClippedBorrowed32 (render_batch.exe)
egypt,data\engine2d\bin\bobs\ls_houses_egypt.bmd,caves,8,Other Tribes/Egypt/Buildings/Residence06_gfx89/level_0/main/frame_000008.png,PIXEL_CONFIRMED,production drawBobClippedBorrowed32 (render_batch.exe)
franks,data\engine2d\bin\bobs\ls_houses_frank.bmd,house01,0,Franks/Buildings/Farmhouse_gfx37/level_0/main/frame_000000.png,PIXEL_CONFIRMED,production drawBobClippedBorrowed32 (render_batch.exe)
franks,data\engine2d\bin\bobs\ls_houses_frank.bmd,house01,3,Franks/Buildings/Farmhouse_gfx37/level_0/construction/layers/house01/body_000003.png,PIXEL_CONFIRMED,production drawBobClippedBorrowed32 (render_batch.exe)
franks,data\engine2d\bin\bobs\ls_houses_frank.bmd,house01,2,Franks/Buildings/Farmhouse_gfx37/level_0/construction/layers/house01/body_000002.png,PIXEL_CONFIRMED,production drawBobClippedBorrowed32 (render_batch.exe)
franks,data\engine2d\bin\bobs\ls_houses_frank.bmd,house01,4,Franks/Buildings/Castle_gfx38/level_0/main/frame_000004.png,PIXEL_CONFIRMED,production drawBobClippedBorrowed32 (render_batch.exe)
franks,data\engine2d\bin\bobs\ls_houses_frank.bmd,house01,6,Franks/Buildings/Castle_gfx38/level_0/construction/layers/house01/body_000006.png,PIXEL_CONFIRMED,production drawBobClippedBorrowed32 (render_batch.exe)
franks,data\engine2d\bin\bobs\ls_houses_frank.bmd,house01,7,Franks/Buildings/Castle_gfx38/level_0/construction/layers/house01/body_000007.png,PIXEL_CONFIRMED,production drawBobClippedBorrowed32 (render_batch.exe)
franks,data\engine2d\bin\bobs\ls_houses_frank.bmd,house01,8,Franks/Buildings/Workhouse01_gfx39/level_0/main/frame_000008.png,PIXEL_CONFIRMED,production drawBobClippedBorrowed32 (render_batch.exe)
franks,data\engine2d\bin\bobs\ls_houses_frank.bmd,house01,10,Franks/Buildings/Workhouse01_gfx39/level_0/construction/layers/house01/body_000010.png,PIXEL_CONFIRMED,production drawBobClippedBorrowed32 (render_batch.exe)
franks,data\engine2d\bin\bobs\ls_houses_frank.bmd,house01,11,Franks/Buildings/Workhouse01_gfx39/level_0/construction/layers/house01/body_000011.png,PIXEL_CONFIRMED,production drawBobClippedBorrowed32 (render_batch.exe)
franks,data\engine2d\bin\bobs\ls_houses_frank.bmd,house01,12,Franks/Buildings/Workhouse02_gfx40/level_0/main/frame_000012.png,PIXEL_CONFIRMED,production drawBobClippedBorrowed32 (render_batch.exe)
franks,data\engine2d\bin\bobs\ls_houses_frank.bmd,house01,14,Franks/Buildings/Workhouse02_gfx40/level_0/construction/layers/house01/body_000014.png,PIXEL_CONFIRMED,production drawBobClippedBorrowed32 (render_batch.exe)
franks,data\engine2d\bin\bobs\ls_houses_frank.bmd,house01,15,Franks/Buildings/Workhouse02_gfx40/level_0/construction/layers/house01/body_000015.png,PIXEL_CONFIRMED,production drawBobClippedBorrowed32 (render_batch.exe)
franks,data\engine2d\bin\bobs\ls_houses_frank.bmd,house01,16,Franks/Buildings/Workhouse03_gfx41/level_0/main/frame_000016.png,PIXEL_CONFIRMED,production drawBobClippedBorrowed32 (render_batch.exe)
franks,data\engine2d\bin\bobs\ls_houses_frank.bmd,house01,18,Franks/Buildings/Workhouse03_gfx41/level_0/construction/layers/house01/body_000018.png,PIXEL_CONFIRMED,production drawBobClippedBorrowed32 (render_batch.exe)
franks,data\engine2d\bin\bobs\ls_houses_frank.bmd,house01,19,Franks/Buildings/Workhouse03_gfx41/level_0/construction/layers/house01/body_000019.png,PIXEL_CONFIRMED,production drawBobClippedBorrowed32 (render_batch.exe)
franks,data\engine2d\bin\bobs\ls_houses_frank.bmd,house01,20,Franks/Buildings/Church_gfx42/level_0/main/frame_000020.png,PIXEL_CONFIRMED,production drawBobClippedBorrowed32 (render_batch.exe)
franks,data\engine2d\bin\bobs\ls_houses_frank.bmd,house01,22,Franks/Buildings/Church_gfx42/level_0/construction/layers/house01/body_000022.png,PIXEL_CONFIRMED,production drawBobClippedBorrowed32 (render_batch.exe)
franks,data\engine2d\bin\bobs\ls_houses_frank.bmd,house01,23,Franks/Buildings/Church_gfx42/level_0/construction/layers/house01/body_000023.png,PIXEL_CONFIRMED,production drawBobClippedBorrowed32 (render_batch.exe)
franks,data\engine2d\bin\bobs\ls_houses_frank.bmd,house01,24,Franks/Buildings/Patricianhouse01_gfx43/level_0/main/frame_000024.png,PIXEL_CONFIRMED,production drawBobClippedBorrowed32 (render_batch.exe)
franks,data\engine2d\bin\bobs\ls_houses_frank.bmd,house01,26,Franks/Buildings/Patricianhouse01_gfx43/level_0/construction/layers/house01/body_000026.png,PIXEL_CONFIRMED,production drawBobClippedBorrowed32 (render_batch.exe)
franks,data\engine2d\bin\bobs\ls_houses_frank.bmd,house01,27,Franks/Buildings/Patricianhouse01_gfx43/level_0/construction/layers/house01/body_000027.png,PIXEL_CONFIRMED,production drawBobClippedBorrowed32 (render_batch.exe)
franks,data\engine2d\bin\bobs\ls_houses_frank.bmd,house01,28,Franks/Buildings/Patricianhouse02_gfx44/level_0/main/frame_000028.png,PIXEL_CONFIRMED,production drawBobClippedBorrowed32 (render_batch.exe)
franks,data\engine2d\bin\bobs\ls_houses_frank.bmd,house01,30,Franks/Buildings/Patricianhouse02_gfx44/level_0/construction/layers/house01/body_000030.png,PIXEL_CONFIRMED,production drawBobClippedBorrowed32 (render_batch.exe)
franks,data\engine2d\bin\bobs\ls_houses_frank.bmd,house01,31,Franks/Buildings/Patricianhouse02_gfx44/level_0/construction/layers/house01/body_000031.png,PIXEL_CONFIRMED,production drawBobClippedBorrowed32 (render_batch.exe)
franks,data\engine2d\bin\bobs\ls_houses_frank.bmd,house01,32,Franks/Buildings/Patricianhouse03_gfx45/level_0/main/frame_000032.png,PIXEL_CONFIRMED,production drawBobClippedBorrowed32 (render_batch.exe)
franks,data\engine2d\bin\bobs\ls_houses_frank.bmd,house01,34,Franks/Buildings/Patricianhouse03_gfx45/level_0/construction/layers/house01/body_000034.png,PIXEL_CONFIRMED,production drawBobClippedBorrowed32 (render_batch.exe)
franks,data\engine2d\bin\bobs\ls_houses_frank.bmd,house01,35,Franks/Buildings/Patricianhouse03_gfx45/level_0/construction/layers/house01/body_000035.png,PIXEL_CONFIRMED,production drawBobClippedBorrowed32 (render_batch.exe)
franks,data\engine2d\bin\bobs\ls_houses_frank.bmd,house01,36,Franks/Buildings/Townhall_gfx46/level_0/main/frame_000036.png,PIXEL_CONFIRMED,production drawBobClippedBorrowed32 (render_batch.exe)
franks,data\engine2d\bin\bobs\ls_houses_frank.bmd,house01,38,Franks/Buildings/Townhall_gfx46/level_0/construction/layers/house01/body_000038.png,PIXEL_CONFIRMED,production drawBobClippedBorrowed32 (render_batch.exe)
franks,data\engine2d\bin\bobs\ls_houses_frank.bmd,house01,39,Franks/Buildings/Townhall_gfx46/level_0/construction/layers/house01/body_000039.png,PIXEL_CONFIRMED,production drawBobClippedBorrowed32 (render_batch.exe)
franks,data\engine2d\bin\bobs\ls_houses_frank.bmd,house01,40,Franks/Buildings/Barn_gfx47/level_0/main/frame_000040.png,PIXEL_CONFIRMED,production drawBobClippedBorrowed32 (render_batch.exe)
franks,data\engine2d\bin\bobs\ls_houses_frank.bmd,house01,42,Franks/Buildings/Barn_gfx47/level_0/construction/layers/house01/body_000042.png,PIXEL_CONFIRMED,production drawBobClippedBorrowed32 (render_batch.exe)
franks,data\engine2d\bin\bobs\ls_houses_frank.bmd,house01,43,Franks/Buildings/Barn_gfx47/level_0/construction/layers/house01/body_000043.png,PIXEL_CONFIRMED,production drawBobClippedBorrowed32 (render_batch.exe)
franks,data\engine2d\bin\bobs\ls_houses_frank.bmd,house01,44,Franks/Buildings/Tower_gfx48/level_0/main/frame_000044.png,PIXEL_CONFIRMED,production drawBobClippedBorrowed32 (render_batch.exe)
franks,data\engine2d\bin\bobs\ls_houses_frank.bmd,house01,46,Franks/Buildings/Tower_gfx48/level_0/construction/layers/house01/body_000046.png,PIXEL_CONFIRMED,production drawBobClippedBorrowed32 (render_batch.exe)
franks,data\engine2d\bin\bobs\ls_houses_frank.bmd,house01,47,Franks/Buildings/Tower_gfx48/level_0/construction/layers/house01/body_000047.png,PIXEL_CONFIRMED,production drawBobClippedBorrowed32 (render_batch.exe)
franks,data\engine2d\bin\bobs\ls_houses_frank.bmd,house02,0,Franks/Buildings/Farmhouse_gfx37/level_0/main/palette_house02/frame_000000.png,PIXEL_CONFIRMED,production drawBobClippedBorrowed32 (render_batch.exe)
franks,data\engine2d\bin\bobs\ls_houses_frank.bmd,house02,3,Franks/Buildings/Farmhouse_gfx37/level_0/construction/layers/house02/body_000003.png,PIXEL_CONFIRMED,production drawBobClippedBorrowed32 (render_batch.exe)
franks,data\engine2d\bin\bobs\ls_houses_frank.bmd,house02,2,Franks/Buildings/Farmhouse_gfx37/level_0/construction/layers/house02/body_000002.png,PIXEL_CONFIRMED,production drawBobClippedBorrowed32 (render_batch.exe)
franks,data\engine2d\bin\bobs\ls_houses_frank.bmd,house02,4,Franks/Buildings/Castle_gfx38/level_0/main/palette_house02/frame_000004.png,PIXEL_CONFIRMED,production drawBobClippedBorrowed32 (render_batch.exe)
franks,data\engine2d\bin\bobs\ls_houses_frank.bmd,house02,6,Franks/Buildings/Castle_gfx38/level_0/construction/layers/house02/body_000006.png,PIXEL_CONFIRMED,production drawBobClippedBorrowed32 (render_batch.exe)
franks,data\engine2d\bin\bobs\ls_houses_frank.bmd,house02,7,Franks/Buildings/Castle_gfx38/level_0/construction/layers/house02/body_000007.png,PIXEL_CONFIRMED,production drawBobClippedBorrowed32 (render_batch.exe)
franks,data\engine2d\bin\bobs\ls_houses_frank.bmd,house02,8,Franks/Buildings/Workhouse01_gfx39/level_0/main/palette_house02/frame_000008.png,PIXEL_CONFIRMED,production drawBobClippedBorrowed32 (render_batch.exe)
franks,data\engine2d\bin\bobs\ls_houses_frank.bmd,house02,10,Franks/Buildings/Workhouse01_gfx39/level_0/construction/layers/house02/body_000010.png,PIXEL_CONFIRMED,production drawBobClippedBorrowed32 (render_batch.exe)
franks,data\engine2d\bin\bobs\ls_houses_frank.bmd,house02,11,Franks/Buildings/Workhouse01_gfx39/level_0/construction/layers/house02/body_000011.png,PIXEL_CONFIRMED,production drawBobClippedBorrowed32 (render_batch.exe)
franks,data\engine2d\bin\bobs\ls_houses_frank.bmd,house02,12,Franks/Buildings/Workhouse02_gfx40/level_0/main/palette_house02/frame_000012.png,PIXEL_CONFIRMED,production drawBobClippedBorrowed32 (render_batch.exe)
franks,data\engine2d\bin\bobs\ls_houses_frank.bmd,house02,14,Franks/Buildings/Workhouse02_gfx40/level_0/construction/layers/house02/body_000014.png,PIXEL_CONFIRMED,production drawBobClippedBorrowed32 (render_batch.exe)
franks,data\engine2d\bin\bobs\ls_houses_frank.bmd,house02,15,Franks/Buildings/Workhouse02_gfx40/level_0/construction/layers/house02/body_000015.png,PIXEL_CONFIRMED,production drawBobClippedBorrowed32 (render_batch.exe)
franks,data\engine2d\bin\bobs\ls_houses_frank.bmd,house02,16,Franks/Buildings/Workhouse03_gfx41/level_0/main/palette_house02/frame_000016.png,PIXEL_CONFIRMED,production drawBobClippedBorrowed32 (render_batch.exe)
franks,data\engine2d\bin\bobs\ls_houses_frank.bmd,house02,18,Franks/Buildings/Workhouse03_gfx41/level_0/construction/layers/house02/body_000018.png,PIXEL_CONFIRMED,production drawBobClippedBorrowed32 (render_batch.exe)
franks,data\engine2d\bin\bobs\ls_houses_frank.bmd,house02,19,Franks/Buildings/Workhouse03_gfx41/level_0/construction/layers/house02/body_000019.png,PIXEL_CONFIRMED,production drawBobClippedBorrowed32 (render_batch.exe)
franks,data\engine2d\bin\bobs\ls_houses_frank.bmd,house02,20,Franks/Buildings/Church_gfx42/level_0/main/palette_house02/frame_000020.png,PIXEL_CONFIRMED,production drawBobClippedBorrowed32 (render_batch.exe)
franks,data\engine2d\bin\bobs\ls_houses_frank.bmd,house02,22,Franks/Buildings/Church_gfx42/level_0/construction/layers/house02/body_000022.png,PIXEL_CONFIRMED,production drawBobClippedBorrowed32 (render_batch.exe)
franks,data\engine2d\bin\bobs\ls_houses_frank.bmd,house02,23,Franks/Buildings/Church_gfx42/level_0/construction/layers/house02/body_000023.png,PIXEL_CONFIRMED,production drawBobClippedBorrowed32 (render_batch.exe)
franks,data\engine2d\bin\bobs\ls_houses_frank.bmd,house02,24,Franks/Buildings/Patricianhouse01_gfx43/level_0/main/palette_house02/frame_000024.png,PIXEL_CONFIRMED,production drawBobClippedBorrowed32 (render_batch.exe)
franks,data\engine2d\bin\bobs\ls_houses_frank.bmd,house02,26,Franks/Buildings/Patricianhouse01_gfx43/level_0/construction/layers/house02/body_000026.png,PIXEL_CONFIRMED,production drawBobClippedBorrowed32 (render_batch.exe)
franks,data\engine2d\bin\bobs\ls_houses_frank.bmd,house02,27,Franks/Buildings/Patricianhouse01_gfx43/level_0/construction/layers/house02/body_000027.png,PIXEL_CONFIRMED,production drawBobClippedBorrowed32 (render_batch.exe)
franks,data\engine2d\bin\bobs\ls_houses_frank.bmd,house02,28,Franks/Buildings/Patricianhouse02_gfx44/level_0/main/palette_house02/frame_000028.png,PIXEL_CONFIRMED,production drawBobClippedBorrowed32 (render_batch.exe)
franks,data\engine2d\bin\bobs\ls_houses_frank.bmd,house02,30,Franks/Buildings/Patricianhouse02_gfx44/level_0/construction/layers/house02/body_000030.png,PIXEL_CONFIRMED,production drawBobClippedBorrowed32 (render_batch.exe)
franks,data\engine2d\bin\bobs\ls_houses_frank.bmd,house02,31,Franks/Buildings/Patricianhouse02_gfx44/level_0/construction/layers/house02/body_000031.png,PIXEL_CONFIRMED,production drawBobClippedBorrowed32 (render_batch.exe)
franks,data\engine2d\bin\bobs\ls_houses_frank.bmd,house02,32,Franks/Buildings/Patricianhouse03_gfx45/level_0/main/palette_house02/frame_000032.png,PIXEL_CONFIRMED,production drawBobClippedBorrowed32 (render_batch.exe)
franks,data\engine2d\bin\bobs\ls_houses_frank.bmd,house02,34,Franks/Buildings/Patricianhouse03_gfx45/level_0/construction/layers/house02/body_000034.png,PIXEL_CONFIRMED,production drawBobClippedBorrowed32 (render_batch.exe)
franks,data\engine2d\bin\bobs\ls_houses_frank.bmd,house02,35,Franks/Buildings/Patricianhouse03_gfx45/level_0/construction/layers/house02/body_000035.png,PIXEL_CONFIRMED,production drawBobClippedBorrowed32 (render_batch.exe)
franks,data\engine2d\bin\bobs\ls_houses_frank.bmd,house02,36,Franks/Buildings/Townhall_gfx46/level_0/main/palette_house02/frame_000036.png,PIXEL_CONFIRMED,production drawBobClippedBorrowed32 (render_batch.exe)
franks,data\engine2d\bin\bobs\ls_houses_frank.bmd,house02,38,Franks/Buildings/Townhall_gfx46/level_0/construction/layers/house02/body_000038.png,PIXEL_CONFIRMED,production drawBobClippedBorrowed32 (render_batch.exe)
franks,data\engine2d\bin\bobs\ls_houses_frank.bmd,house02,39,Franks/Buildings/Townhall_gfx46/level_0/construction/layers/house02/body_000039.png,PIXEL_CONFIRMED,production drawBobClippedBorrowed32 (render_batch.exe)
franks,data\engine2d\bin\bobs\ls_houses_frank.bmd,house02,40,Franks/Buildings/Barn_gfx47/level_0/main/palette_house02/frame_000040.png,PIXEL_CONFIRMED,production drawBobClippedBorrowed32 (render_batch.exe)
franks,data\engine2d\bin\bobs\ls_houses_frank.bmd,house02,42,Franks/Buildings/Barn_gfx47/level_0/construction/layers/house02/body_000042.png,PIXEL_CONFIRMED,production drawBobClippedBorrowed32 (render_batch.exe)
franks,data\engine2d\bin\bobs\ls_houses_frank.bmd,house02,43,Franks/Buildings/Barn_gfx47/level_0/construction/layers/house02/body_000043.png,PIXEL_CONFIRMED,production drawBobClippedBorrowed32 (render_batch.exe)
franks,data\engine2d\bin\bobs\ls_houses_frank.bmd,house02,44,Franks/Buildings/Tower_gfx48/level_0/main/palette_house02/frame_000044.png,PIXEL_CONFIRMED,production drawBobClippedBorrowed32 (render_batch.exe)
franks,data\engine2d\bin\bobs\ls_houses_frank.bmd,house02,46,Franks/Buildings/Tower_gfx48/level_0/construction/layers/house02/body_000046.png,PIXEL_CONFIRMED,production drawBobClippedBorrowed32 (render_batch.exe)
franks,data\engine2d\bin\bobs\ls_houses_frank.bmd,house02,47,Franks/Buildings/Tower_gfx48/level_0/construction/layers/house02/body_000047.png,PIXEL_CONFIRMED,production drawBobClippedBorrowed32 (render_batch.exe)
viking,data\engine2d\bin\bobs\ls_houses_viking.bmd,houseMiller01,70,Vikings/Buildings/Mill/level_0/main/frame_000070.png,PIXEL_CONFIRMED,production drawBobClippedBorrowed32 (render_batch.exe)
viking,data\engine2d\bin\bobs\ls_houses_viking.bmd,houseMiller01,72,Vikings/Buildings/Mill/level_0/construction/layers/houseMiller01/body_000072.png,PIXEL_CONFIRMED,production drawBobClippedBorrowed32 (render_batch.exe)
viking,data\engine2d\bin\bobs\ls_houses_viking.bmd,houseMiller01,71,Vikings/Buildings/Mill/level_0/construction/layers/houseMiller01/body_000071.png,PIXEL_CONFIRMED,production drawBobClippedBorrowed32 (render_batch.exe)
viking,data\engine2d\bin\bobs\ls_houses_viking.bmd,houseMiller01,90,Vikings/Buildings/Mill/level_0/states/door/houseMiller01/frame_000090.png,PIXEL_CONFIRMED,production drawBobClippedBorrowed32 (render_batch.exe)
viking,data\engine2d\bin\bobs\ls_houses_viking.bmd,houseMiller01,76,Vikings/Buildings/Mill/level_0/animation/frame_000076.png,PIXEL_CONFIRMED,production drawBobClippedBorrowed32 (render_batch.exe)
viking,data\engine2d\bin\bobs\ls_houses_viking.bmd,houseMiller01,85,Vikings/Buildings/Mill/level_0/animation/frame_000085.png,PIXEL_CONFIRMED,production drawBobClippedBorrowed32 (render_batch.exe)
viking,data\engine2d\bin\bobs\ls_houses_viking.bmd,houseMiller01,84,Vikings/Buildings/Mill/level_0/animation/frame_000084.png,PIXEL_CONFIRMED,production drawBobClippedBorrowed32 (render_batch.exe)
viking,data\engine2d\bin\bobs\ls_houses_viking.bmd,houseMiller01,83,Vikings/Buildings/Mill/level_0/animation/frame_000083.png,PIXEL_CONFIRMED,production drawBobClippedBorrowed32 (render_batch.exe)
viking,data\engine2d\bin\bobs\ls_houses_viking.bmd,houseMiller01,82,Vikings/Buildings/Mill/level_0/animation/frame_000082.png,PIXEL_CONFIRMED,production drawBobClippedBorrowed32 (render_batch.exe)
viking,data\engine2d\bin\bobs\ls_houses_viking.bmd,houseMiller01,81,Vikings/Buildings/Mill/level_0/animation/frame_000081.png,PIXEL_CONFIRMED,production drawBobClippedBorrowed32 (render_batch.exe)
viking,data\engine2d\bin\bobs\ls_houses_viking.bmd,houseMiller01,80,Vikings/Buildings/Mill/level_0/animation/frame_000080.png,PIXEL_CONFIRMED,production drawBobClippedBorrowed32 (render_batch.exe)
viking,data\engine2d\bin\bobs\ls_houses_viking.bmd,houseMiller01,79,Vikings/Buildings/Mill/level_0/animation/frame_000079.png,PIXEL_CONFIRMED,production drawBobClippedBorrowed32 (render_batch.exe)
viking,data\engine2d\bin\bobs\ls_houses_viking.bmd,houseMiller01,78,Vikings/Buildings/Mill/level_0/animation/frame_000078.png,PIXEL_CONFIRMED,production drawBobClippedBorrowed32 (render_batch.exe)
viking,data\engine2d\bin\bobs\ls_houses_viking.bmd,houseMiller01,77,Vikings/Buildings/Mill/level_0/animation/frame_000077.png,PIXEL_CONFIRMED,production drawBobClippedBorrowed32 (render_batch.exe)
viking,data\engine2d\bin\bobs\ls_houses_viking.bmd,houseMiller01,88,Vikings/Buildings/Mill/level_0/animation/frame_000088.png,PIXEL_CONFIRMED,production drawBobClippedBorrowed32 (render_batch.exe)
viking,data\engine2d\bin\bobs\ls_houses_viking.bmd,houseMiller01,87,Vikings/Buildings/Mill/level_0/animation/frame_000087.png,PIXEL_CONFIRMED,production drawBobClippedBorrowed32 (render_batch.exe)
viking,data\engine2d\bin\bobs\ls_houses_viking.bmd,houseMiller01,86,Vikings/Buildings/Mill/level_0/animation/frame_000086.png,PIXEL_CONFIRMED,production drawBobClippedBorrowed32 (render_batch.exe)
viking,data\engine2d\bin\bobs\ls_houses_viking.bmd,house01,101,Vikings/Buildings/Bakery/level_0/main/frame_000101.png,PIXEL_CONFIRMED,production drawBobClippedBorrowed32 (render_batch.exe)
viking,data\engine2d\bin\bobs\ls_houses_viking.bmd,house01,103,Vikings/Buildings/Bakery/level_0/construction/layers/house01/body_000103.png,PIXEL_CONFIRMED,production drawBobClippedBorrowed32 (render_batch.exe)
viking,data\engine2d\bin\bobs\ls_houses_viking.bmd,house01,102,Vikings/Buildings/Bakery/level_0/construction/layers/house01/body_000102.png,PIXEL_CONFIRMED,production drawBobClippedBorrowed32 (render_batch.exe)
viking,data\engine2d\bin\bobs\ls_houses_viking.bmd,house01,105,Vikings/Buildings/Bakery/level_0/construction/layers/house01/body_000105.png,PIXEL_CONFIRMED,production drawBobClippedBorrowed32 (render_batch.exe)
viking,data\engine2d\bin\bobs\ls_houses_viking.bmd,house01,109,Vikings/Buildings/Bakery/level_0/states/door/house01/frame_000109.png,PIXEL_CONFIRMED,production drawBobClippedBorrowed32 (render_batch.exe)
viking,data\engine2d\bin\bobs\ls_houses_viking.bmd,house01,106,Vikings/Buildings/Bakery/level_1/construction/layers/house01/body_000106.png,PIXEL_CONFIRMED,production drawBobClippedBorrowed32 (render_batch.exe)
viking,data\engine2d\bin\bobs\ls_houses_viking.bmd,house01,107,Vikings/Buildings/Bakery/level_1/construction/layers/house01/body_000107.png,PIXEL_CONFIRMED,production drawBobClippedBorrowed32 (render_batch.exe)
viking,data\engine2d\bin\bobs\ls_houses_viking.bmd,house01,110,Vikings/Buildings/Bakery/level_1/states/door/house01/frame_000110.png,PIXEL_CONFIRMED,production drawBobClippedBorrowed32 (render_batch.exe)
viking,data\engine2d\bin\bobs\ls_houses_viking.bmd,house01,1,Vikings/Buildings/Home/level_0/main/frame_000001.png,PIXEL_CONFIRMED,production drawBobClippedBorrowed32 (render_batch.exe)
viking,data\engine2d\bin\bobs\ls_houses_viking.bmd,house01,3,Vikings/Buildings/Home/level_0/construction/layers/house01/body_000003.png,PIXEL_CONFIRMED,production drawBobClippedBorrowed32 (render_batch.exe)
viking,data\engine2d\bin\bobs\ls_houses_viking.bmd,house01,2,Vikings/Buildings/Home/level_0/construction/layers/house01/body_000002.png,PIXEL_CONFIRMED,production drawBobClippedBorrowed32 (render_batch.exe)
viking,data\engine2d\bin\bobs\ls_houses_viking.bmd,house01,11,Vikings/Buildings/Home/level_0/construction/layers/house01/body_000011.png,PIXEL_CONFIRMED,production drawBobClippedBorrowed32 (render_batch.exe)
viking,data\engine2d\bin\bobs\ls_houses_viking.bmd,house01,4,Vikings/Buildings/Home/level_0/states/door/house01/frame_000004.png,PIXEL_CONFIRMED,production drawBobClippedBorrowed32 (render_batch.exe)
viking,data\engine2d\bin\bobs\ls_houses_viking.bmd,house01,13,Vikings/Buildings/Home/level_1/construction/layers/house01/body_000013.png,PIXEL_CONFIRMED,production drawBobClippedBorrowed32 (render_batch.exe)
viking,data\engine2d\bin\bobs\ls_houses_viking.bmd,house01,12,Vikings/Buildings/Home/level_1/construction/layers/house01/body_000012.png,PIXEL_CONFIRMED,production drawBobClippedBorrowed32 (render_batch.exe)
viking,data\engine2d\bin\bobs\ls_houses_viking.bmd,house01,21,Vikings/Buildings/Home/level_1/construction/layers/house01/body_000021.png,PIXEL_CONFIRMED,production drawBobClippedBorrowed32 (render_batch.exe)
viking,data\engine2d\bin\bobs\ls_houses_viking.bmd,house01,14,Vikings/Buildings/Home/level_1/states/door/house01/frame_000014.png,PIXEL_CONFIRMED,production drawBobClippedBorrowed32 (render_batch.exe)
viking,data\engine2d\bin\bobs\ls_houses_viking.bmd,house01,23,Vikings/Buildings/Home/level_2/construction/layers/house01/body_000023.png,PIXEL_CONFIRMED,production drawBobClippedBorrowed32 (render_batch.exe)
viking,data\engine2d\bin\bobs\ls_houses_viking.bmd,house01,22,Vikings/Buildings/Home/level_2/construction/layers/house01/body_000022.png,PIXEL_CONFIRMED,production drawBobClippedBorrowed32 (render_batch.exe)
viking,data\engine2d\bin\bobs\ls_houses_viking.bmd,house01,31,Vikings/Buildings/Home/level_2/construction/layers/house01/body_000031.png,PIXEL_CONFIRMED,production drawBobClippedBorrowed32 (render_batch.exe)
viking,data\engine2d\bin\bobs\ls_houses_viking.bmd,house01,24,Vikings/Buildings/Home/level_2/states/door/house01/frame_000024.png,PIXEL_CONFIRMED,production drawBobClippedBorrowed32 (render_batch.exe)
viking,data\engine2d\bin\bobs\ls_houses_viking.bmd,house01,33,Vikings/Buildings/Home/level_3/construction/layers/house01/body_000033.png,PIXEL_CONFIRMED,production drawBobClippedBorrowed32 (render_batch.exe)
viking,data\engine2d\bin\bobs\ls_houses_viking.bmd,house01,32,Vikings/Buildings/Home/level_3/construction/layers/house01/body_000032.png,PIXEL_CONFIRMED,production drawBobClippedBorrowed32 (render_batch.exe)
viking,data\engine2d\bin\bobs\ls_houses_viking.bmd,house01,41,Vikings/Buildings/Home/level_3/construction/layers/house01/body_000041.png,PIXEL_CONFIRMED,production drawBobClippedBorrowed32 (render_batch.exe)
viking,data\engine2d\bin\bobs\ls_houses_viking.bmd,house01,34,Vikings/Buildings/Home/level_3/states/door/house01/frame_000034.png,PIXEL_CONFIRMED,production drawBobClippedBorrowed32 (render_batch.exe)
viking,data\engine2d\bin\bobs\ls_houses_viking.bmd,house01,43,Vikings/Buildings/Home/level_4/construction/layers/house01/body_000043.png,PIXEL_CONFIRMED,production drawBobClippedBorrowed32 (render_batch.exe)
viking,data\engine2d\bin\bobs\ls_houses_viking.bmd,house01,42,Vikings/Buildings/Home/level_4/construction/layers/house01/body_000042.png,PIXEL_CONFIRMED,production drawBobClippedBorrowed32 (render_batch.exe)
viking,data\engine2d\bin\bobs\ls_houses_viking.bmd,house01,44,Vikings/Buildings/Home/level_4/states/door/house01/frame_000044.png,PIXEL_CONFIRMED,production drawBobClippedBorrowed32 (render_batch.exe)
viking,data\engine2d\bin\bobs\ls_houses_viking.bmd,house01,131,Vikings/Buildings/Well/level_0/main/frame_000131.png,PIXEL_CONFIRMED,production drawBobClippedBorrowed32 (render_batch.exe)
viking,data\engine2d\bin\bobs\ls_houses_viking.bmd,house01,133,Vikings/Buildings/Well/level_0/construction/layers/house01/body_000133.png,PIXEL_CONFIRMED,production drawBobClippedBorrowed32 (render_batch.exe)
viking,data\engine2d\bin\bobs\ls_houses_viking.bmd,house01,132,Vikings/Buildings/Well/level_0/construction/layers/house01/body_000132.png,PIXEL_CONFIRMED,production drawBobClippedBorrowed32 (render_batch.exe)
viking,data\engine2d\bin\bobs\ls_houses_viking.bmd,house01,60,Vikings/Buildings/Farm/level_0/main/frame_000060.png,PIXEL_CONFIRMED,production drawBobClippedBorrowed32 (render_batch.exe)
viking,data\engine2d\bin\bobs\ls_houses_viking.bmd,house01,62,Vikings/Buildings/Farm/level_0/construction/layers/house01/body_000062.png,PIXEL_CONFIRMED,production drawBobClippedBorrowed32 (render_batch.exe)
viking,data\engine2d\bin\bobs\ls_houses_viking.bmd,house01,61,Vikings/Buildings/Farm/level_0/construction/layers/house01/body_000061.png,PIXEL_CONFIRMED,production drawBobClippedBorrowed32 (render_batch.exe)
viking,data\engine2d\bin\bobs\ls_houses_viking.bmd,house01,66,Vikings/Buildings/Farm/level_0/states/door/house01/frame_000066.png,PIXEL_CONFIRMED,production drawBobClippedBorrowed32 (render_batch.exe)
viking,data\engine2d\bin\bobs\ls_houses_viking.bmd,house01,91,Vikings/Buildings/Hive/level_0/main/frame_000091.png,PIXEL_CONFIRMED,production drawBobClippedBorrowed32 (render_batch.exe)
viking,data\engine2d\bin\bobs\ls_houses_viking.bmd,house01,93,Vikings/Buildings/Hive/level_0/construction/layers/house01/body_000093.png,PIXEL_CONFIRMED,production drawBobClippedBorrowed32 (render_batch.exe)
viking,data\engine2d\bin\bobs\ls_houses_viking.bmd,house01,92,Vikings/Buildings/Hive/level_0/construction/layers/house01/body_000092.png,PIXEL_CONFIRMED,production drawBobClippedBorrowed32 (render_batch.exe)
viking,data\engine2d\bin\bobs\ls_houses_viking.bmd,house02,101,Vikings/Buildings/Bakery/level_0/main/palette_house02/frame_000101.png,PIXEL_CONFIRMED,production drawBobClippedBorrowed32 (render_batch.exe)
viking,data\engine2d\bin\bobs\ls_houses_viking.bmd,house02,103,Vikings/Buildings/Bakery/level_0/construction/layers/house02/body_000103.png,PIXEL_CONFIRMED,production drawBobClippedBorrowed32 (render_batch.exe)
viking,data\engine2d\bin\bobs\ls_houses_viking.bmd,house02,102,Vikings/Buildings/Bakery/level_0/construction/layers/house02/body_000102.png,PIXEL_CONFIRMED,production drawBobClippedBorrowed32 (render_batch.exe)
viking,data\engine2d\bin\bobs\ls_houses_viking.bmd,house02,105,Vikings/Buildings/Bakery/level_0/construction/layers/house02/body_000105.png,PIXEL_CONFIRMED,production drawBobClippedBorrowed32 (render_batch.exe)
viking,data\engine2d\bin\bobs\ls_houses_viking.bmd,house02,109,Vikings/Buildings/Bakery/level_0/states/door/house02/frame_000109.png,PIXEL_CONFIRMED,production drawBobClippedBorrowed32 (render_batch.exe)
viking,data\engine2d\bin\bobs\ls_houses_viking.bmd,house02,106,Vikings/Buildings/Bakery/level_1/construction/layers/house02/body_000106.png,PIXEL_CONFIRMED,production drawBobClippedBorrowed32 (render_batch.exe)
viking,data\engine2d\bin\bobs\ls_houses_viking.bmd,house02,107,Vikings/Buildings/Bakery/level_1/construction/layers/house02/body_000107.png,PIXEL_CONFIRMED,production drawBobClippedBorrowed32 (render_batch.exe)
viking,data\engine2d\bin\bobs\ls_houses_viking.bmd,house02,110,Vikings/Buildings/Bakery/level_1/states/door/house02/frame_000110.png,PIXEL_CONFIRMED,production drawBobClippedBorrowed32 (render_batch.exe)
viking,data\engine2d\bin\bobs\ls_houses_viking.bmd,house02,131,Vikings/Buildings/Well/level_0/main/palette_house02/frame_000131.png,PIXEL_CONFIRMED,production drawBobClippedBorrowed32 (render_batch.exe)
viking,data\engine2d\bin\bobs\ls_houses_viking.bmd,house02,133,Vikings/Buildings/Well/level_0/construction/layers/house02/body_000133.png,PIXEL_CONFIRMED,production drawBobClippedBorrowed32 (render_batch.exe)
viking,data\engine2d\bin\bobs\ls_houses_viking.bmd,house02,132,Vikings/Buildings/Well/level_0/construction/layers/house02/body_000132.png,PIXEL_CONFIRMED,production drawBobClippedBorrowed32 (render_batch.exe)
viking,data\engine2d\bin\bobs\ls_houses_viking.bmd,house02,60,Vikings/Buildings/Farm/level_0/main/palette_house02/frame_000060.png,PIXEL_CONFIRMED,production drawBobClippedBorrowed32 (render_batch.exe)
viking,data\engine2d\bin\bobs\ls_houses_viking.bmd,house02,62,Vikings/Buildings/Farm/level_0/construction/layers/house02/body_000062.png,PIXEL_CONFIRMED,production drawBobClippedBorrowed32 (render_batch.exe)
viking,data\engine2d\bin\bobs\ls_houses_viking.bmd,house02,61,Vikings/Buildings/Farm/level_0/construction/layers/house02/body_000061.png,PIXEL_CONFIRMED,production drawBobClippedBorrowed32 (render_batch.exe)
viking,data\engine2d\bin\bobs\ls_houses_viking.bmd,house02,66,Vikings/Buildings/Farm/level_0/states/door/house02/frame_000066.png,PIXEL_CONFIRMED,production drawBobClippedBorrowed32 (render_batch.exe)
viking,data\engine2d\bin\bobs\ls_houses_viking.bmd,house02,53,Vikings/Buildings/Stock/level_0/main/frame_000053.png,PIXEL_CONFIRMED,production drawBobClippedBorrowed32 (render_batch.exe)
viking,data\engine2d\bin\bobs\ls_houses_viking.bmd,house02,51,Vikings/Buildings/Stock/level_0/construction/layers/house02/body_000051.png,PIXEL_CONFIRMED,production drawBobClippedBorrowed32 (render_batch.exe)
viking,data\engine2d\bin\bobs\ls_houses_viking.bmd,house02,52,Vikings/Buildings/Stock/level_0/construction/layers/house02/body_000052.png,PIXEL_CONFIRMED,production drawBobClippedBorrowed32 (render_batch.exe)
viking,data\engine2d\bin\bobs\ls_houses_viking.bmd,house02,111,Vikings/Buildings/Stock/level_0/construction/layers/house02/body_000111.png,PIXEL_CONFIRMED,production drawBobClippedBorrowed32 (render_batch.exe)
viking,data\engine2d\bin\bobs\ls_houses_viking.bmd,house02,56,Vikings/Buildings/Stock/level_0/states/door/house02/frame_000056.png,PIXEL_CONFIRMED,production drawBobClippedBorrowed32 (render_batch.exe)
viking,data\engine2d\bin\bobs\ls_houses_viking.bmd,house02,113,Vikings/Buildings/Stock/level_1/construction/layers/house02/body_000113.png,PIXEL_CONFIRMED,production drawBobClippedBorrowed32 (render_batch.exe)
viking,data\engine2d\bin\bobs\ls_houses_viking.bmd,house02,112,Vikings/Buildings/Stock/level_1/construction/layers/house02/body_000112.png,PIXEL_CONFIRMED,production drawBobClippedBorrowed32 (render_batch.exe)
viking,data\engine2d\bin\bobs\ls_houses_viking.bmd,house02,121,Vikings/Buildings/Stock/level_1/construction/layers/house02/body_000121.png,PIXEL_CONFIRMED,production drawBobClippedBorrowed32 (render_batch.exe)
viking,data\engine2d\bin\bobs\ls_houses_viking.bmd,house02,115,Vikings/Buildings/Stock/level_1/states/door/house02/frame_000115.png,PIXEL_CONFIRMED,production drawBobClippedBorrowed32 (render_batch.exe)
viking,data\engine2d\bin\bobs\ls_houses_viking.bmd,house02,123,Vikings/Buildings/Stock/level_2/construction/layers/house02/body_000123.png,PIXEL_CONFIRMED,production drawBobClippedBorrowed32 (render_batch.exe)
viking,data\engine2d\bin\bobs\ls_houses_viking.bmd,house02,122,Vikings/Buildings/Stock/level_2/construction/layers/house02/body_000122.png,PIXEL_CONFIRMED,production drawBobClippedBorrowed32 (render_batch.exe)
viking,data\engine2d\bin\bobs\ls_houses_viking.bmd,house02,125,Vikings/Buildings/Stock/level_2/states/door/house02/frame_000125.png,PIXEL_CONFIRMED,production drawBobClippedBorrowed32 (render_batch.exe)
viking,data\engine2d\bin\bobs\ls_houses_viking4.bmd,house02,34,Vikings/Buildings/Headquarters/gfx_21/level_0/main/frame_000034.png,PIXEL_CONFIRMED,production drawBobClippedBorrowed32 (render_batch.exe)
viking,data\engine2d\bin\bobs\ls_houses_viking4.bmd,house02,36,Vikings/Buildings/Headquarters/gfx_21/level_0/construction/layers/house02/body_000036.png,PIXEL_CONFIRMED,production drawBobClippedBorrowed32 (render_batch.exe)
viking,data\engine2d\bin\bobs\ls_houses_viking4.bmd,house02,35,Vikings/Buildings/Headquarters/gfx_21/level_0/construction/layers/house02/body_000035.png,PIXEL_CONFIRMED,production drawBobClippedBorrowed32 (render_batch.exe)
viking,data\engine2d\bin\bobs\ls_houses_viking4.bmd,house02,37,Vikings/Buildings/Headquarters/gfx_21/level_0/states/door/house02/frame_000037.png,PIXEL_CONFIRMED,production drawBobClippedBorrowed32 (render_batch.exe)
viking,data\engine2d\bin\bobs\ls_houses_viking4.bmd,house02,44,Vikings/Buildings/Headquarters/gfx_27/level_0/main/frame_000044.png,PIXEL_CONFIRMED,production drawBobClippedBorrowed32 (render_batch.exe)
viking,data\engine2d\bin\bobs\ls_houses_viking4.bmd,house02,46,Vikings/Buildings/Headquarters/gfx_27/level_0/construction/layers/house02/body_000046.png,PIXEL_CONFIRMED,production drawBobClippedBorrowed32 (render_batch.exe)
viking,data\engine2d\bin\bobs\ls_houses_viking4.bmd,house02,45,Vikings/Buildings/Headquarters/gfx_27/level_0/construction/layers/house02/body_000045.png,PIXEL_CONFIRMED,production drawBobClippedBorrowed32 (render_batch.exe)
viking,data\engine2d\bin\bobs\ls_houses_viking4.bmd,house02,47,Vikings/Buildings/Headquarters/gfx_27/level_0/states/door/house02/frame_000047.png,PIXEL_CONFIRMED,production drawBobClippedBorrowed32 (render_batch.exe)
viking,data\engine2d\bin\bobs\ls_houses_viking4.bmd,house02,30,Vikings/Buildings/AnimalFarm/level_0/main/palette_house02/frame_000030.png,PIXEL_CONFIRMED,production drawBobClippedBorrowed32 (render_batch.exe)
viking,data\engine2d\bin\bobs\ls_houses_viking4.bmd,house02,32,Vikings/Buildings/AnimalFarm/level_0/construction/layers/house02/body_000032.png,PIXEL_CONFIRMED,production drawBobClippedBorrowed32 (render_batch.exe)
viking,data\engine2d\bin\bobs\ls_houses_viking4.bmd,house02,31,Vikings/Buildings/AnimalFarm/level_0/construction/layers/house02/body_000031.png,PIXEL_CONFIRMED,production drawBobClippedBorrowed32 (render_batch.exe)
viking,data\engine2d\bin\bobs\ls_houses_viking4.bmd,house02,5,Vikings/Buildings/DruidHut/level_0/main/palette_house02/frame_000005.png,PIXEL_CONFIRMED,production drawBobClippedBorrowed32 (render_batch.exe)
viking,data\engine2d\bin\bobs\ls_houses_viking4.bmd,house02,10,Vikings/Buildings/DruidHut/level_0/construction/layers/house02/body_000010.png,PIXEL_CONFIRMED,production drawBobClippedBorrowed32 (render_batch.exe)
viking,data\engine2d\bin\bobs\ls_houses_viking4.bmd,house02,7,Vikings/Buildings/DruidHut/level_0/construction/layers/house02/body_000007.png,PIXEL_CONFIRMED,production drawBobClippedBorrowed32 (render_batch.exe)
viking,data\engine2d\bin\bobs\ls_houses_viking4.bmd,house02,6,Vikings/Buildings/DruidHut/level_0/construction/layers/house02/body_000006.png,PIXEL_CONFIRMED,production drawBobClippedBorrowed32 (render_batch.exe)
viking,data\engine2d\bin\bobs\ls_houses_viking4.bmd,house02,8,Vikings/Buildings/DruidHut/level_0/states/door/house02/frame_000008.png,PIXEL_CONFIRMED,production drawBobClippedBorrowed32 (render_batch.exe)
viking,data\engine2d\bin\bobs\ls_houses_viking4.bmd,house02,12,Vikings/Buildings/DruidHut/level_1/construction/layers/house02/body_000012.png,PIXEL_CONFIRMED,production drawBobClippedBorrowed32 (render_batch.exe)
viking,data\engine2d\bin\bobs\ls_houses_viking4.bmd,house02,11,Vikings/Buildings/DruidHut/level_1/construction/layers/house02/body_000011.png,PIXEL_CONFIRMED,production drawBobClippedBorrowed32 (render_batch.exe)
viking,data\engine2d\bin\bobs\ls_houses_viking4.bmd,house02,13,Vikings/Buildings/DruidHut/level_1/states/door/house02/frame_000013.png,PIXEL_CONFIRMED,production drawBobClippedBorrowed32 (render_batch.exe)
viking,data\engine2d\bin\bobs\ls_houses_viking4.bmd,house02,25,Vikings/Buildings/Barracks/level_0/main/palette_house02/frame_000025.png,PIXEL_CONFIRMED,production drawBobClippedBorrowed32 (render_batch.exe)
viking,data\engine2d\bin\bobs\ls_houses_viking4.bmd,house02,27,Vikings/Buildings/Barracks/level_0/construction/layers/house02/body_000027.png,PIXEL_CONFIRMED,production drawBobClippedBorrowed32 (render_batch.exe)
viking,data\engine2d\bin\bobs\ls_houses_viking4.bmd,house02,26,Vikings/Buildings/Barracks/level_0/construction/layers/house02/body_000026.png,PIXEL_CONFIRMED,production drawBobClippedBorrowed32 (render_batch.exe)
viking,data\engine2d\bin\bobs\ls_houses_viking4.bmd,house02,28,Vikings/Buildings/Barracks/level_0/states/door/house02/frame_000028.png,PIXEL_CONFIRMED,production drawBobClippedBorrowed32 (render_batch.exe)
viking,data\engine2d\bin\bobs\ls_houses_viking4.bmd,house02,15,Vikings/Buildings/Tower/level_0/main/palette_house02/frame_000015.png,PIXEL_CONFIRMED,production drawBobClippedBorrowed32 (render_batch.exe)
viking,data\engine2d\bin\bobs\ls_houses_viking4.bmd,house02,17,Vikings/Buildings/Tower/level_0/construction/layers/house02/body_000017.png,PIXEL_CONFIRMED,production drawBobClippedBorrowed32 (render_batch.exe)
viking,data\engine2d\bin\bobs\ls_houses_viking4.bmd,house02,16,Vikings/Buildings/Tower/level_0/construction/layers/house02/body_000016.png,PIXEL_CONFIRMED,production drawBobClippedBorrowed32 (render_batch.exe)
viking,data\engine2d\bin\bobs\ls_houses_viking4.bmd,house02,20,Vikings/Buildings/Tower/level_0/construction/layers/house02/body_000020.png,PIXEL_CONFIRMED,production drawBobClippedBorrowed32 (render_batch.exe)
viking,data\engine2d\bin\bobs\ls_houses_viking4.bmd,house02,18,Vikings/Buildings/Tower/level_0/states/door/house02/frame_000018.png,PIXEL_CONFIRMED,production drawBobClippedBorrowed32 (render_batch.exe)
viking,data\engine2d\bin\bobs\ls_houses_viking4.bmd,house02,22,Vikings/Buildings/Tower/level_1/construction/layers/house02/body_000022.png,PIXEL_CONFIRMED,production drawBobClippedBorrowed32 (render_batch.exe)
viking,data\engine2d\bin\bobs\ls_houses_viking4.bmd,house02,21,Vikings/Buildings/Tower/level_1/construction/layers/house02/body_000021.png,PIXEL_CONFIRMED,production drawBobClippedBorrowed32 (render_batch.exe)
viking,data\engine2d\bin\bobs\ls_houses_viking4.bmd,house02,23,Vikings/Buildings/Tower/level_1/states/door/house02/frame_000023.png,PIXEL_CONFIRMED,production drawBobClippedBorrowed32 (render_batch.exe)
viking,data\engine2d\bin\bobs\ls_houses_viking4.bmd,house01,34,Vikings/Buildings/Headquarters/gfx_21/level_0/main/palette_house01/frame_000034.png,PIXEL_CONFIRMED,production drawBobClippedBorrowed32 (render_batch.exe)
viking,data\engine2d\bin\bobs\ls_houses_viking4.bmd,house01,36,Vikings/Buildings/Headquarters/gfx_21/level_0/construction/layers/house01/body_000036.png,PIXEL_CONFIRMED,production drawBobClippedBorrowed32 (render_batch.exe)
viking,data\engine2d\bin\bobs\ls_houses_viking4.bmd,house01,35,Vikings/Buildings/Headquarters/gfx_21/level_0/construction/layers/house01/body_000035.png,PIXEL_CONFIRMED,production drawBobClippedBorrowed32 (render_batch.exe)
viking,data\engine2d\bin\bobs\ls_houses_viking4.bmd,house01,37,Vikings/Buildings/Headquarters/gfx_21/level_0/states/door/house01/frame_000037.png,PIXEL_CONFIRMED,production drawBobClippedBorrowed32 (render_batch.exe)
viking,data\engine2d\bin\bobs\ls_houses_viking4.bmd,house01,44,Vikings/Buildings/Headquarters/gfx_27/level_0/main/palette_house01/frame_000044.png,PIXEL_CONFIRMED,production drawBobClippedBorrowed32 (render_batch.exe)
viking,data\engine2d\bin\bobs\ls_houses_viking4.bmd,house01,46,Vikings/Buildings/Headquarters/gfx_27/level_0/construction/layers/house01/body_000046.png,PIXEL_CONFIRMED,production drawBobClippedBorrowed32 (render_batch.exe)
viking,data\engine2d\bin\bobs\ls_houses_viking4.bmd,house01,45,Vikings/Buildings/Headquarters/gfx_27/level_0/construction/layers/house01/body_000045.png,PIXEL_CONFIRMED,production drawBobClippedBorrowed32 (render_batch.exe)
viking,data\engine2d\bin\bobs\ls_houses_viking4.bmd,house01,47,Vikings/Buildings/Headquarters/gfx_27/level_0/states/door/house01/frame_000047.png,PIXEL_CONFIRMED,production drawBobClippedBorrowed32 (render_batch.exe)
viking,data\engine2d\bin\bobs\ls_houses_viking4.bmd,house01,30,Vikings/Buildings/AnimalFarm/level_0/main/frame_000030.png,PIXEL_CONFIRMED,production drawBobClippedBorrowed32 (render_batch.exe)
viking,data\engine2d\bin\bobs\ls_houses_viking4.bmd,house01,32,Vikings/Buildings/AnimalFarm/level_0/construction/layers/house01/body_000032.png,PIXEL_CONFIRMED,production drawBobClippedBorrowed32 (render_batch.exe)
viking,data\engine2d\bin\bobs\ls_houses_viking4.bmd,house01,31,Vikings/Buildings/AnimalFarm/level_0/construction/layers/house01/body_000031.png,PIXEL_CONFIRMED,production drawBobClippedBorrowed32 (render_batch.exe)
viking,data\engine2d\bin\bobs\ls_houses_viking4.bmd,house01,5,Vikings/Buildings/DruidHut/level_0/main/frame_000005.png,PIXEL_CONFIRMED,production drawBobClippedBorrowed32 (render_batch.exe)
viking,data\engine2d\bin\bobs\ls_houses_viking4.bmd,house01,10,Vikings/Buildings/DruidHut/level_0/construction/layers/house01/body_000010.png,PIXEL_CONFIRMED,production drawBobClippedBorrowed32 (render_batch.exe)
viking,data\engine2d\bin\bobs\ls_houses_viking4.bmd,house01,7,Vikings/Buildings/DruidHut/level_0/construction/layers/house01/body_000007.png,PIXEL_CONFIRMED,production drawBobClippedBorrowed32 (render_batch.exe)
viking,data\engine2d\bin\bobs\ls_houses_viking4.bmd,house01,6,Vikings/Buildings/DruidHut/level_0/construction/layers/house01/body_000006.png,PIXEL_CONFIRMED,production drawBobClippedBorrowed32 (render_batch.exe)
viking,data\engine2d\bin\bobs\ls_houses_viking4.bmd,house01,8,Vikings/Buildings/DruidHut/level_0/states/door/house01/frame_000008.png,PIXEL_CONFIRMED,production drawBobClippedBorrowed32 (render_batch.exe)
viking,data\engine2d\bin\bobs\ls_houses_viking4.bmd,house01,12,Vikings/Buildings/DruidHut/level_1/construction/layers/house01/body_000012.png,PIXEL_CONFIRMED,production drawBobClippedBorrowed32 (render_batch.exe)
viking,data\engine2d\bin\bobs\ls_houses_viking4.bmd,house01,11,Vikings/Buildings/DruidHut/level_1/construction/layers/house01/body_000011.png,PIXEL_CONFIRMED,production drawBobClippedBorrowed32 (render_batch.exe)
viking,data\engine2d\bin\bobs\ls_houses_viking4.bmd,house01,13,Vikings/Buildings/DruidHut/level_1/states/door/house01/frame_000013.png,PIXEL_CONFIRMED,production drawBobClippedBorrowed32 (render_batch.exe)
viking,data\engine2d\bin\bobs\ls_houses_viking4.bmd,house01,25,Vikings/Buildings/Barracks/level_0/main/frame_000025.png,PIXEL_CONFIRMED,production drawBobClippedBorrowed32 (render_batch.exe)
viking,data\engine2d\bin\bobs\ls_houses_viking4.bmd,house01,27,Vikings/Buildings/Barracks/level_0/construction/layers/house01/body_000027.png,PIXEL_CONFIRMED,production drawBobClippedBorrowed32 (render_batch.exe)
viking,data\engine2d\bin\bobs\ls_houses_viking4.bmd,house01,26,Vikings/Buildings/Barracks/level_0/construction/layers/house01/body_000026.png,PIXEL_CONFIRMED,production drawBobClippedBorrowed32 (render_batch.exe)
viking,data\engine2d\bin\bobs\ls_houses_viking4.bmd,house01,28,Vikings/Buildings/Barracks/level_0/states/door/house01/frame_000028.png,PIXEL_CONFIRMED,production drawBobClippedBorrowed32 (render_batch.exe)
viking,data\engine2d\bin\bobs\ls_houses_viking4.bmd,house01,15,Vikings/Buildings/Tower/level_0/main/frame_000015.png,PIXEL_CONFIRMED,production drawBobClippedBorrowed32 (render_batch.exe)
viking,data\engine2d\bin\bobs\ls_houses_viking4.bmd,house01,17,Vikings/Buildings/Tower/level_0/construction/layers/house01/body_000017.png,PIXEL_CONFIRMED,production drawBobClippedBorrowed32 (render_batch.exe)
viking,data\engine2d\bin\bobs\ls_houses_viking4.bmd,house01,16,Vikings/Buildings/Tower/level_0/construction/layers/house01/body_000016.png,PIXEL_CONFIRMED,production drawBobClippedBorrowed32 (render_batch.exe)
viking,data\engine2d\bin\bobs\ls_houses_viking4.bmd,house01,20,Vikings/Buildings/Tower/level_0/construction/layers/house01/body_000020.png,PIXEL_CONFIRMED,production drawBobClippedBorrowed32 (render_batch.exe)
viking,data\engine2d\bin\bobs\ls_houses_viking4.bmd,house01,18,Vikings/Buildings/Tower/level_0/states/door/house01/frame_000018.png,PIXEL_CONFIRMED,production drawBobClippedBorrowed32 (render_batch.exe)
viking,data\engine2d\bin\bobs\ls_houses_viking4.bmd,house01,22,Vikings/Buildings/Tower/level_1/construction/layers/house01/body_000022.png,PIXEL_CONFIRMED,production drawBobClippedBorrowed32 (render_batch.exe)
viking,data\engine2d\bin\bobs\ls_houses_viking4.bmd,house01,21,Vikings/Buildings/Tower/level_1/construction/layers/house01/body_000021.png,PIXEL_CONFIRMED,production drawBobClippedBorrowed32 (render_batch.exe)
viking,data\engine2d\bin\bobs\ls_houses_viking4.bmd,house01,23,Vikings/Buildings/Tower/level_1/states/door/house01/frame_000023.png,PIXEL_CONFIRMED,production drawBobClippedBorrowed32 (render_batch.exe)
viking,data\engine2d\bin\bobs\ls_houses_viking3.bmd,house01,10,Vikings/Buildings/MasonHut/level_0/main/frame_000010.png,PIXEL_CONFIRMED,production drawBobClippedBorrowed32 (render_batch.exe)
viking,data\engine2d\bin\bobs\ls_houses_viking3.bmd,house01,11,Vikings/Buildings/MasonHut/level_0/construction/layers/house01/body_000011.png,PIXEL_CONFIRMED,production drawBobClippedBorrowed32 (render_batch.exe)
viking,data\engine2d\bin\bobs\ls_houses_viking3.bmd,house01,12,Vikings/Buildings/MasonHut/level_0/construction/layers/house01/body_000012.png,PIXEL_CONFIRMED,production drawBobClippedBorrowed32 (render_batch.exe)
viking,data\engine2d\bin\bobs\ls_houses_viking3.bmd,house01,20,Vikings/Buildings/MasonHut/level_0/construction/layers/house01/body_000020.png,PIXEL_CONFIRMED,production drawBobClippedBorrowed32 (render_batch.exe)
viking,data\engine2d\bin\bobs\ls_houses_viking3.bmd,house01,21,Vikings/Buildings/MasonHut/level_1/construction/layers/house01/body_000021.png,PIXEL_CONFIRMED,production drawBobClippedBorrowed32 (render_batch.exe)
viking,data\engine2d\bin\bobs\ls_houses_viking3.bmd,house01,22,Vikings/Buildings/MasonHut/level_1/construction/layers/house01/body_000022.png,PIXEL_CONFIRMED,production drawBobClippedBorrowed32 (render_batch.exe)
viking,data\engine2d\bin\bobs\ls_houses_viking3.bmd,house01,0,Vikings/Buildings/Sewery/level_0/main/frame_000000.png,PIXEL_CONFIRMED,production drawBobClippedBorrowed32 (render_batch.exe)
viking,data\engine2d\bin\bobs\ls_houses_viking3.bmd,house01,1,Vikings/Buildings/Sewery/level_0/construction/layers/house01/body_000001.png,PIXEL_CONFIRMED,production drawBobClippedBorrowed32 (render_batch.exe)
viking,data\engine2d\bin\bobs\ls_houses_viking3.bmd,house01,2,Vikings/Buildings/Sewery/level_0/construction/layers/house01/body_000002.png,PIXEL_CONFIRMED,production drawBobClippedBorrowed32 (render_batch.exe)
viking,data\engine2d\bin\bobs\ls_houses_viking3.bmd,house01,30,Vikings/Buildings/Sewery/level_0/construction/layers/house01/body_000030.png,PIXEL_CONFIRMED,production drawBobClippedBorrowed32 (render_batch.exe)
viking,data\engine2d\bin\bobs\ls_houses_viking3.bmd,house01,4,Vikings/Buildings/Sewery/level_0/states/door/house01/frame_000004.png,PIXEL_CONFIRMED,production drawBobClippedBorrowed32 (render_batch.exe)
viking,data\engine2d\bin\bobs\ls_houses_viking3.bmd,house01,32,Vikings/Buildings/Sewery/level_1/construction/layers/house01/body_000032.png,PIXEL_CONFIRMED,production drawBobClippedBorrowed32 (render_batch.exe)
viking,data\engine2d\bin\bobs\ls_houses_viking3.bmd,house01,31,Vikings/Buildings/Sewery/level_1/construction/layers/house01/body_000031.png,PIXEL_CONFIRMED,production drawBobClippedBorrowed32 (render_batch.exe)
viking,data\engine2d\bin\bobs\ls_houses_viking3.bmd,house01,34,Vikings/Buildings/Sewery/level_1/states/door/house01/frame_000034.png,PIXEL_CONFIRMED,production drawBobClippedBorrowed32 (render_batch.exe)
viking,data\engine2d\bin\bobs\ls_houses_viking3.bmd,house01,50,Vikings/Buildings/Armory/level_0/main/frame_000050.png,PIXEL_CONFIRMED,production drawBobClippedBorrowed32 (render_batch.exe)
viking,data\engine2d\bin\bobs\ls_houses_viking3.bmd,house01,52,Vikings/Buildings/Armory/level_0/construction/layers/house01/body_000052.png,PIXEL_CONFIRMED,production drawBobClippedBorrowed32 (render_batch.exe)
viking,data\engine2d\bin\bobs\ls_houses_viking3.bmd,house01,51,Vikings/Buildings/Armory/level_0/construction/layers/house01/body_000051.png,PIXEL_CONFIRMED,production drawBobClippedBorrowed32 (render_batch.exe)
viking,data\engine2d\bin\bobs\ls_houses_viking3.bmd,house01,60,Vikings/Buildings/Armory/level_0/construction/layers/house01/body_000060.png,PIXEL_CONFIRMED,production drawBobClippedBorrowed32 (render_batch.exe)
viking,data\engine2d\bin\bobs\ls_houses_viking3.bmd,house01,54,Vikings/Buildings/Armory/level_0/states/door/house01/frame_000054.png,PIXEL_CONFIRMED,production drawBobClippedBorrowed32 (render_batch.exe)
viking,data\engine2d\bin\bobs\ls_houses_viking3.bmd,house01,62,Vikings/Buildings/Armory/level_1/construction/layers/house01/body_000062.png,PIXEL_CONFIRMED,production drawBobClippedBorrowed32 (render_batch.exe)
viking,data\engine2d\bin\bobs\ls_houses_viking3.bmd,house01,61,Vikings/Buildings/Armory/level_1/construction/layers/house01/body_000061.png,PIXEL_CONFIRMED,production drawBobClippedBorrowed32 (render_batch.exe)
viking,data\engine2d\bin\bobs\ls_houses_viking3.bmd,house01,64,Vikings/Buildings/Armory/level_1/states/door/house01/frame_000064.png,PIXEL_CONFIRMED,production drawBobClippedBorrowed32 (render_batch.exe)
viking,data\engine2d\bin\bobs\ls_houses_viking3.bmd,house01,40,Vikings/Buildings/School/level_0/main/frame_000040.png,PIXEL_CONFIRMED,production drawBobClippedBorrowed32 (render_batch.exe)
viking,data\engine2d\bin\bobs\ls_houses_viking3.bmd,house01,42,Vikings/Buildings/School/level_0/construction/layers/house01/body_000042.png,PIXEL_CONFIRMED,production drawBobClippedBorrowed32 (render_batch.exe)
viking,data\engine2d\bin\bobs\ls_houses_viking3.bmd,house01,41,Vikings/Buildings/School/level_0/construction/layers/house01/body_000041.png,PIXEL_CONFIRMED,production drawBobClippedBorrowed32 (render_batch.exe)
viking,data\engine2d\bin\bobs\ls_houses_viking3.bmd,house01,44,Vikings/Buildings/School/level_0/states/door/house01/frame_000044.png,PIXEL_CONFIRMED,production drawBobClippedBorrowed32 (render_batch.exe)
viking,data\engine2d\bin\bobs\ls_houses_viking3.bmd,house02,10,Vikings/Buildings/MasonHut/level_0/main/palette_house02/frame_000010.png,PIXEL_CONFIRMED,production drawBobClippedBorrowed32 (render_batch.exe)
viking,data\engine2d\bin\bobs\ls_houses_viking3.bmd,house02,11,Vikings/Buildings/MasonHut/level_0/construction/layers/house02/body_000011.png,PIXEL_CONFIRMED,production drawBobClippedBorrowed32 (render_batch.exe)
viking,data\engine2d\bin\bobs\ls_houses_viking3.bmd,house02,12,Vikings/Buildings/MasonHut/level_0/construction/layers/house02/body_000012.png,PIXEL_CONFIRMED,production drawBobClippedBorrowed32 (render_batch.exe)
viking,data\engine2d\bin\bobs\ls_houses_viking3.bmd,house02,20,Vikings/Buildings/MasonHut/level_0/construction/layers/house02/body_000020.png,PIXEL_CONFIRMED,production drawBobClippedBorrowed32 (render_batch.exe)
viking,data\engine2d\bin\bobs\ls_houses_viking3.bmd,house02,21,Vikings/Buildings/MasonHut/level_1/construction/layers/house02/body_000021.png,PIXEL_CONFIRMED,production drawBobClippedBorrowed32 (render_batch.exe)
viking,data\engine2d\bin\bobs\ls_houses_viking3.bmd,house02,22,Vikings/Buildings/MasonHut/level_1/construction/layers/house02/body_000022.png,PIXEL_CONFIRMED,production drawBobClippedBorrowed32 (render_batch.exe)
viking,data\engine2d\bin\bobs\ls_houses_viking3.bmd,house02,0,Vikings/Buildings/Sewery/level_0/main/palette_house02/frame_000000.png,PIXEL_CONFIRMED,production drawBobClippedBorrowed32 (render_batch.exe)
viking,data\engine2d\bin\bobs\ls_houses_viking3.bmd,house02,1,Vikings/Buildings/Sewery/level_0/construction/layers/house02/body_000001.png,PIXEL_CONFIRMED,production drawBobClippedBorrowed32 (render_batch.exe)
viking,data\engine2d\bin\bobs\ls_houses_viking3.bmd,house02,2,Vikings/Buildings/Sewery/level_0/construction/layers/house02/body_000002.png,PIXEL_CONFIRMED,production drawBobClippedBorrowed32 (render_batch.exe)
viking,data\engine2d\bin\bobs\ls_houses_viking3.bmd,house02,30,Vikings/Buildings/Sewery/level_0/construction/layers/house02/body_000030.png,PIXEL_CONFIRMED,production drawBobClippedBorrowed32 (render_batch.exe)
viking,data\engine2d\bin\bobs\ls_houses_viking3.bmd,house02,4,Vikings/Buildings/Sewery/level_0/states/door/house02/frame_000004.png,PIXEL_CONFIRMED,production drawBobClippedBorrowed32 (render_batch.exe)
viking,data\engine2d\bin\bobs\ls_houses_viking3.bmd,house02,32,Vikings/Buildings/Sewery/level_1/construction/layers/house02/body_000032.png,PIXEL_CONFIRMED,production drawBobClippedBorrowed32 (render_batch.exe)
viking,data\engine2d\bin\bobs\ls_houses_viking3.bmd,house02,31,Vikings/Buildings/Sewery/level_1/construction/layers/house02/body_000031.png,PIXEL_CONFIRMED,production drawBobClippedBorrowed32 (render_batch.exe)
viking,data\engine2d\bin\bobs\ls_houses_viking3.bmd,house02,34,Vikings/Buildings/Sewery/level_1/states/door/house02/frame_000034.png,PIXEL_CONFIRMED,production drawBobClippedBorrowed32 (render_batch.exe)
viking,data\engine2d\bin\bobs\ls_houses_viking3.bmd,house02,50,Vikings/Buildings/Armory/level_0/main/palette_house02/frame_000050.png,PIXEL_CONFIRMED,production drawBobClippedBorrowed32 (render_batch.exe)
viking,data\engine2d\bin\bobs\ls_houses_viking3.bmd,house02,52,Vikings/Buildings/Armory/level_0/construction/layers/house02/body_000052.png,PIXEL_CONFIRMED,production drawBobClippedBorrowed32 (render_batch.exe)
viking,data\engine2d\bin\bobs\ls_houses_viking3.bmd,house02,51,Vikings/Buildings/Armory/level_0/construction/layers/house02/body_000051.png,PIXEL_CONFIRMED,production drawBobClippedBorrowed32 (render_batch.exe)
viking,data\engine2d\bin\bobs\ls_houses_viking3.bmd,house02,60,Vikings/Buildings/Armory/level_0/construction/layers/house02/body_000060.png,PIXEL_CONFIRMED,production drawBobClippedBorrowed32 (render_batch.exe)
viking,data\engine2d\bin\bobs\ls_houses_viking3.bmd,house02,54,Vikings/Buildings/Armory/level_0/states/door/house02/frame_000054.png,PIXEL_CONFIRMED,production drawBobClippedBorrowed32 (render_batch.exe)
viking,data\engine2d\bin\bobs\ls_houses_viking3.bmd,house02,62,Vikings/Buildings/Armory/level_1/construction/layers/house02/body_000062.png,PIXEL_CONFIRMED,production drawBobClippedBorrowed32 (render_batch.exe)
viking,data\engine2d\bin\bobs\ls_houses_viking3.bmd,house02,61,Vikings/Buildings/Armory/level_1/construction/layers/house02/body_000061.png,PIXEL_CONFIRMED,production drawBobClippedBorrowed32 (render_batch.exe)
viking,data\engine2d\bin\bobs\ls_houses_viking3.bmd,house02,64,Vikings/Buildings/Armory/level_1/states/door/house02/frame_000064.png,PIXEL_CONFIRMED,production drawBobClippedBorrowed32 (render_batch.exe)
viking,data\engine2d\bin\bobs\ls_houses_viking3.bmd,house02,40,Vikings/Buildings/School/level_0/main/palette_house02/frame_000040.png,PIXEL_CONFIRMED,production drawBobClippedBorrowed32 (render_batch.exe)
viking,data\engine2d\bin\bobs\ls_houses_viking3.bmd,house02,42,Vikings/Buildings/School/level_0/construction/layers/house02/body_000042.png,PIXEL_CONFIRMED,production drawBobClippedBorrowed32 (render_batch.exe)
viking,data\engine2d\bin\bobs\ls_houses_viking3.bmd,house02,41,Vikings/Buildings/School/level_0/construction/layers/house02/body_000041.png,PIXEL_CONFIRMED,production drawBobClippedBorrowed32 (render_batch.exe)
viking,data\engine2d\bin\bobs\ls_houses_viking3.bmd,house02,44,Vikings/Buildings/School/level_0/states/door/house02/frame_000044.png,PIXEL_CONFIRMED,production drawBobClippedBorrowed32 (render_batch.exe)
viking,data\engine2d\bin\bobs\ls_houses_viking2.bmd,house01,0,Vikings/Buildings/Pottery/level_0/main/frame_000000.png,PIXEL_CONFIRMED,production drawBobClippedBorrowed32 (render_batch.exe)
viking,data\engine2d\bin\bobs\ls_houses_viking2.bmd,house01,2,Vikings/Buildings/Pottery/level_0/construction/layers/house01/body_000002.png,PIXEL_CONFIRMED,production drawBobClippedBorrowed32 (render_batch.exe)
viking,data\engine2d\bin\bobs\ls_houses_viking2.bmd,house01,1,Vikings/Buildings/Pottery/level_0/construction/layers/house01/body_000001.png,PIXEL_CONFIRMED,production drawBobClippedBorrowed32 (render_batch.exe)
viking,data\engine2d\bin\bobs\ls_houses_viking2.bmd,house01,10,Vikings/Buildings/Pottery/level_0/construction/layers/house01/body_000010.png,PIXEL_CONFIRMED,production drawBobClippedBorrowed32 (render_batch.exe)
viking,data\engine2d\bin\bobs\ls_houses_viking2.bmd,house01,5,Vikings/Buildings/Pottery/level_0/states/door/house01/frame_000005.png,PIXEL_CONFIRMED,production drawBobClippedBorrowed32 (render_batch.exe)
viking,data\engine2d\bin\bobs\ls_houses_viking2.bmd,house01,20,Vikings/Buildings/Pottery/level_1/construction/layers/house01/body_000020.png,PIXEL_CONFIRMED,production drawBobClippedBorrowed32 (render_batch.exe)
viking,data\engine2d\bin\bobs\ls_houses_viking2.bmd,house01,12,Vikings/Buildings/Pottery/level_1/construction/layers/house01/body_000012.png,PIXEL_CONFIRMED,production drawBobClippedBorrowed32 (render_batch.exe)
viking,data\engine2d\bin\bobs\ls_houses_viking2.bmd,house01,11,Vikings/Buildings/Pottery/level_1/construction/layers/house01/body_000011.png,PIXEL_CONFIRMED,production drawBobClippedBorrowed32 (render_batch.exe)
viking,data\engine2d\bin\bobs\ls_houses_viking2.bmd,house01,14,Vikings/Buildings/Pottery/level_1/states/door/house01/frame_000014.png,PIXEL_CONFIRMED,production drawBobClippedBorrowed32 (render_batch.exe)
viking,data\engine2d\bin\bobs\ls_houses_viking2.bmd,house01,22,Vikings/Buildings/Pottery/level_2/construction/layers/house01/body_000022.png,PIXEL_CONFIRMED,production drawBobClippedBorrowed32 (render_batch.exe)
viking,data\engine2d\bin\bobs\ls_houses_viking2.bmd,house01,21,Vikings/Buildings/Pottery/level_2/construction/layers/house01/body_000021.png,PIXEL_CONFIRMED,production drawBobClippedBorrowed32 (render_batch.exe)
viking,data\engine2d\bin\bobs\ls_houses_viking2.bmd,house01,24,Vikings/Buildings/Pottery/level_2/states/door/house01/frame_000024.png,PIXEL_CONFIRMED,production drawBobClippedBorrowed32 (render_batch.exe)
viking,data\engine2d\bin\bobs\ls_houses_viking2.bmd,house01,180,Vikings/Buildings/Joinery/level_0/main/frame_000180.png,PIXEL_CONFIRMED,production drawBobClippedBorrowed32 (render_batch.exe)
viking,data\engine2d\bin\bobs\ls_houses_viking2.bmd,house01,182,Vikings/Buildings/Joinery/level_0/construction/layers/house01/body_000182.png,PIXEL_CONFIRMED,production drawBobClippedBorrowed32 (render_batch.exe)
viking,data\engine2d\bin\bobs\ls_houses_viking2.bmd,house01,181,Vikings/Buildings/Joinery/level_0/construction/layers/house01/body_000181.png,PIXEL_CONFIRMED,production drawBobClippedBorrowed32 (render_batch.exe)
viking,data\engine2d\bin\bobs\ls_houses_viking2.bmd,house01,190,Vikings/Buildings/Joinery/level_0/construction/layers/house01/body_000190.png,PIXEL_CONFIRMED,production drawBobClippedBorrowed32 (render_batch.exe)
viking,data\engine2d\bin\bobs\ls_houses_viking2.bmd,house01,184,Vikings/Buildings/Joinery/level_0/states/door/house01/frame_000184.png,PIXEL_CONFIRMED,production drawBobClippedBorrowed32 (render_batch.exe)
viking,data\engine2d\bin\bobs\ls_houses_viking2.bmd,house01,192,Vikings/Buildings/Joinery/level_1/construction/layers/house01/body_000192.png,PIXEL_CONFIRMED,production drawBobClippedBorrowed32 (render_batch.exe)
viking,data\engine2d\bin\bobs\ls_houses_viking2.bmd,house01,191,Vikings/Buildings/Joinery/level_1/construction/layers/house01/body_000191.png,PIXEL_CONFIRMED,production drawBobClippedBorrowed32 (render_batch.exe)
viking,data\engine2d\bin\bobs\ls_houses_viking2.bmd,house01,200,Vikings/Buildings/Joinery/level_1/construction/layers/house01/body_000200.png,PIXEL_CONFIRMED,production drawBobClippedBorrowed32 (render_batch.exe)
viking,data\engine2d\bin\bobs\ls_houses_viking2.bmd,house01,194,Vikings/Buildings/Joinery/level_1/states/door/house01/frame_000194.png,PIXEL_CONFIRMED,production drawBobClippedBorrowed32 (render_batch.exe)
viking,data\engine2d\bin\bobs\ls_houses_viking2.bmd,house01,202,Vikings/Buildings/Joinery/level_2/construction/layers/house01/body_000202.png,PIXEL_CONFIRMED,production drawBobClippedBorrowed32 (render_batch.exe)
viking,data\engine2d\bin\bobs\ls_houses_viking2.bmd,house01,201,Vikings/Buildings/Joinery/level_2/construction/layers/house01/body_000201.png,PIXEL_CONFIRMED,production drawBobClippedBorrowed32 (render_batch.exe)
viking,data\engine2d\bin\bobs\ls_houses_viking2.bmd,house01,210,Vikings/Buildings/Joinery/level_2/construction/layers/house01/body_000210.png,PIXEL_CONFIRMED,production drawBobClippedBorrowed32 (render_batch.exe)
viking,data\engine2d\bin\bobs\ls_houses_viking2.bmd,house01,204,Vikings/Buildings/Joinery/level_2/states/door/house01/frame_000204.png,PIXEL_CONFIRMED,production drawBobClippedBorrowed32 (render_batch.exe)
viking,data\engine2d\bin\bobs\ls_houses_viking2.bmd,house01,212,Vikings/Buildings/Joinery/level_3/construction/layers/house01/body_000212.png,PIXEL_CONFIRMED,production drawBobClippedBorrowed32 (render_batch.exe)
viking,data\engine2d\bin\bobs\ls_houses_viking2.bmd,house01,211,Vikings/Buildings/Joinery/level_3/construction/layers/house01/body_000211.png,PIXEL_CONFIRMED,production drawBobClippedBorrowed32 (render_batch.exe)
viking,data\engine2d\bin\bobs\ls_houses_viking2.bmd,house01,214,Vikings/Buildings/Joinery/level_3/states/door/house01/frame_000214.png,PIXEL_CONFIRMED,production drawBobClippedBorrowed32 (render_batch.exe)
viking,data\engine2d\bin\bobs\ls_houses_viking2.bmd,house01,150,Vikings/Buildings/Smithy/level_0/main/frame_000150.png,PIXEL_CONFIRMED,production drawBobClippedBorrowed32 (render_batch.exe)
viking,data\engine2d\bin\bobs\ls_houses_viking2.bmd,house01,152,Vikings/Buildings/Smithy/level_0/construction/layers/house01/body_000152.png,PIXEL_CONFIRMED,production drawBobClippedBorrowed32 (render_batch.exe)
viking,data\engine2d\bin\bobs\ls_houses_viking2.bmd,house01,151,Vikings/Buildings/Smithy/level_0/construction/layers/house01/body_000151.png,PIXEL_CONFIRMED,production drawBobClippedBorrowed32 (render_batch.exe)
viking,data\engine2d\bin\bobs\ls_houses_viking2.bmd,house01,160,Vikings/Buildings/Smithy/level_0/construction/layers/house01/body_000160.png,PIXEL_CONFIRMED,production drawBobClippedBorrowed32 (render_batch.exe)
viking,data\engine2d\bin\bobs\ls_houses_viking2.bmd,house01,154,Vikings/Buildings/Smithy/level_0/states/door/house01/frame_000154.png,PIXEL_CONFIRMED,production drawBobClippedBorrowed32 (render_batch.exe)
viking,data\engine2d\bin\bobs\ls_houses_viking2.bmd,house01,162,Vikings/Buildings/Smithy/level_1/construction/layers/house01/body_000162.png,PIXEL_CONFIRMED,production drawBobClippedBorrowed32 (render_batch.exe)
viking,data\engine2d\bin\bobs\ls_houses_viking2.bmd,house01,161,Vikings/Buildings/Smithy/level_1/construction/layers/house01/body_000161.png,PIXEL_CONFIRMED,production drawBobClippedBorrowed32 (render_batch.exe)
viking,data\engine2d\bin\bobs\ls_houses_viking2.bmd,house01,164,Vikings/Buildings/Smithy/level_1/states/door/house01/frame_000164.png,PIXEL_CONFIRMED,production drawBobClippedBorrowed32 (render_batch.exe)
viking,data\engine2d\bin\bobs\ls_houses_viking2.bmd,house02,0,Vikings/Buildings/Pottery/level_0/main/palette_house02/frame_000000.png,PIXEL_CONFIRMED,production drawBobClippedBorrowed32 (render_batch.exe)
viking,data\engine2d\bin\bobs\ls_houses_viking2.bmd,house02,2,Vikings/Buildings/Pottery/level_0/construction/layers/house02/body_000002.png,PIXEL_CONFIRMED,production drawBobClippedBorrowed32 (render_batch.exe)
viking,data\engine2d\bin\bobs\ls_houses_viking2.bmd,house02,1,Vikings/Buildings/Pottery/level_0/construction/layers/house02/body_000001.png,PIXEL_CONFIRMED,production drawBobClippedBorrowed32 (render_batch.exe)
viking,data\engine2d\bin\bobs\ls_houses_viking2.bmd,house02,10,Vikings/Buildings/Pottery/level_0/construction/layers/house02/body_000010.png,PIXEL_CONFIRMED,production drawBobClippedBorrowed32 (render_batch.exe)
viking,data\engine2d\bin\bobs\ls_houses_viking2.bmd,house02,5,Vikings/Buildings/Pottery/level_0/states/door/house02/frame_000005.png,PIXEL_CONFIRMED,production drawBobClippedBorrowed32 (render_batch.exe)
viking,data\engine2d\bin\bobs\ls_houses_viking2.bmd,house02,20,Vikings/Buildings/Pottery/level_1/construction/layers/house02/body_000020.png,PIXEL_CONFIRMED,production drawBobClippedBorrowed32 (render_batch.exe)
viking,data\engine2d\bin\bobs\ls_houses_viking2.bmd,house02,12,Vikings/Buildings/Pottery/level_1/construction/layers/house02/body_000012.png,PIXEL_CONFIRMED,production drawBobClippedBorrowed32 (render_batch.exe)
viking,data\engine2d\bin\bobs\ls_houses_viking2.bmd,house02,11,Vikings/Buildings/Pottery/level_1/construction/layers/house02/body_000011.png,PIXEL_CONFIRMED,production drawBobClippedBorrowed32 (render_batch.exe)
viking,data\engine2d\bin\bobs\ls_houses_viking2.bmd,house02,14,Vikings/Buildings/Pottery/level_1/states/door/house02/frame_000014.png,PIXEL_CONFIRMED,production drawBobClippedBorrowed32 (render_batch.exe)
viking,data\engine2d\bin\bobs\ls_houses_viking2.bmd,house02,22,Vikings/Buildings/Pottery/level_2/construction/layers/house02/body_000022.png,PIXEL_CONFIRMED,production drawBobClippedBorrowed32 (render_batch.exe)
viking,data\engine2d\bin\bobs\ls_houses_viking2.bmd,house02,21,Vikings/Buildings/Pottery/level_2/construction/layers/house02/body_000021.png,PIXEL_CONFIRMED,production drawBobClippedBorrowed32 (render_batch.exe)
viking,data\engine2d\bin\bobs\ls_houses_viking2.bmd,house02,24,Vikings/Buildings/Pottery/level_2/states/door/house02/frame_000024.png,PIXEL_CONFIRMED,production drawBobClippedBorrowed32 (render_batch.exe)
viking,data\engine2d\bin\bobs\ls_houses_viking2.bmd,house02,180,Vikings/Buildings/Joinery/level_0/main/palette_house02/frame_000180.png,PIXEL_CONFIRMED,production drawBobClippedBorrowed32 (render_batch.exe)
viking,data\engine2d\bin\bobs\ls_houses_viking2.bmd,house02,182,Vikings/Buildings/Joinery/level_0/construction/layers/house02/body_000182.png,PIXEL_CONFIRMED,production drawBobClippedBorrowed32 (render_batch.exe)
viking,data\engine2d\bin\bobs\ls_houses_viking2.bmd,house02,181,Vikings/Buildings/Joinery/level_0/construction/layers/house02/body_000181.png,PIXEL_CONFIRMED,production drawBobClippedBorrowed32 (render_batch.exe)
viking,data\engine2d\bin\bobs\ls_houses_viking2.bmd,house02,190,Vikings/Buildings/Joinery/level_0/construction/layers/house02/body_000190.png,PIXEL_CONFIRMED,production drawBobClippedBorrowed32 (render_batch.exe)
viking,data\engine2d\bin\bobs\ls_houses_viking2.bmd,house02,184,Vikings/Buildings/Joinery/level_0/states/door/house02/frame_000184.png,PIXEL_CONFIRMED,production drawBobClippedBorrowed32 (render_batch.exe)
viking,data\engine2d\bin\bobs\ls_houses_viking2.bmd,house02,192,Vikings/Buildings/Joinery/level_1/construction/layers/house02/body_000192.png,PIXEL_CONFIRMED,production drawBobClippedBorrowed32 (render_batch.exe)
viking,data\engine2d\bin\bobs\ls_houses_viking2.bmd,house02,191,Vikings/Buildings/Joinery/level_1/construction/layers/house02/body_000191.png,PIXEL_CONFIRMED,production drawBobClippedBorrowed32 (render_batch.exe)
viking,data\engine2d\bin\bobs\ls_houses_viking2.bmd,house02,200,Vikings/Buildings/Joinery/level_1/construction/layers/house02/body_000200.png,PIXEL_CONFIRMED,production drawBobClippedBorrowed32 (render_batch.exe)
viking,data\engine2d\bin\bobs\ls_houses_viking2.bmd,house02,194,Vikings/Buildings/Joinery/level_1/states/door/house02/frame_000194.png,PIXEL_CONFIRMED,production drawBobClippedBorrowed32 (render_batch.exe)
viking,data\engine2d\bin\bobs\ls_houses_viking2.bmd,house02,202,Vikings/Buildings/Joinery/level_2/construction/layers/house02/body_000202.png,PIXEL_CONFIRMED,production drawBobClippedBorrowed32 (render_batch.exe)
viking,data\engine2d\bin\bobs\ls_houses_viking2.bmd,house02,201,Vikings/Buildings/Joinery/level_2/construction/layers/house02/body_000201.png,PIXEL_CONFIRMED,production drawBobClippedBorrowed32 (render_batch.exe)
viking,data\engine2d\bin\bobs\ls_houses_viking2.bmd,house02,210,Vikings/Buildings/Joinery/level_2/construction/layers/house02/body_000210.png,PIXEL_CONFIRMED,production drawBobClippedBorrowed32 (render_batch.exe)
viking,data\engine2d\bin\bobs\ls_houses_viking2.bmd,house02,204,Vikings/Buildings/Joinery/level_2/states/door/house02/frame_000204.png,PIXEL_CONFIRMED,production drawBobClippedBorrowed32 (render_batch.exe)
viking,data\engine2d\bin\bobs\ls_houses_viking2.bmd,house02,212,Vikings/Buildings/Joinery/level_3/construction/layers/house02/body_000212.png,PIXEL_CONFIRMED,production drawBobClippedBorrowed32 (render_batch.exe)
viking,data\engine2d\bin\bobs\ls_houses_viking2.bmd,house02,211,Vikings/Buildings/Joinery/level_3/construction/layers/house02/body_000211.png,PIXEL_CONFIRMED,production drawBobClippedBorrowed32 (render_batch.exe)
viking,data\engine2d\bin\bobs\ls_houses_viking2.bmd,house02,214,Vikings/Buildings/Joinery/level_3/states/door/house02/frame_000214.png,PIXEL_CONFIRMED,production drawBobClippedBorrowed32 (render_batch.exe)
viking,data\engine2d\bin\bobs\ls_houses_viking2.bmd,house02,220,Vikings/Buildings/Brewery/level_0/main/frame_000220.png,PIXEL_CONFIRMED,production drawBobClippedBorrowed32 (render_batch.exe)
viking,data\engine2d\bin\bobs\ls_houses_viking2.bmd,house02,222,Vikings/Buildings/Brewery/level_0/construction/layers/house02/body_000222.png,PIXEL_CONFIRMED,production drawBobClippedBorrowed32 (render_batch.exe)
viking,data\engine2d\bin\bobs\ls_houses_viking2.bmd,house02,221,Vikings/Buildings/Brewery/level_0/construction/layers/house02/body_000221.png,PIXEL_CONFIRMED,production drawBobClippedBorrowed32 (render_batch.exe)
viking,data\engine2d\bin\bobs\ls_houses_viking2.bmd,house02,224,Vikings/Buildings/Brewery/level_0/states/door/house02/frame_000224.png,PIXEL_CONFIRMED,production drawBobClippedBorrowed32 (render_batch.exe)
viking,data\engine2d\bin\bobs\ls_houses_viking2.bmd,house02,150,Vikings/Buildings/Smithy/level_0/main/palette_house02/frame_000150.png,PIXEL_CONFIRMED,production drawBobClippedBorrowed32 (render_batch.exe)
viking,data\engine2d\bin\bobs\ls_houses_viking2.bmd,house02,152,Vikings/Buildings/Smithy/level_0/construction/layers/house02/body_000152.png,PIXEL_CONFIRMED,production drawBobClippedBorrowed32 (render_batch.exe)
viking,data\engine2d\bin\bobs\ls_houses_viking2.bmd,house02,151,Vikings/Buildings/Smithy/level_0/construction/layers/house02/body_000151.png,PIXEL_CONFIRMED,production drawBobClippedBorrowed32 (render_batch.exe)
viking,data\engine2d\bin\bobs\ls_houses_viking2.bmd,house02,160,Vikings/Buildings/Smithy/level_0/construction/layers/house02/body_000160.png,PIXEL_CONFIRMED,production drawBobClippedBorrowed32 (render_batch.exe)
viking,data\engine2d\bin\bobs\ls_houses_viking2.bmd,house02,154,Vikings/Buildings/Smithy/level_0/states/door/house02/frame_000154.png,PIXEL_CONFIRMED,production drawBobClippedBorrowed32 (render_batch.exe)
viking,data\engine2d\bin\bobs\ls_houses_viking2.bmd,house02,162,Vikings/Buildings/Smithy/level_1/construction/layers/house02/body_000162.png,PIXEL_CONFIRMED,production drawBobClippedBorrowed32 (render_batch.exe)
viking,data\engine2d\bin\bobs\ls_houses_viking2.bmd,house02,161,Vikings/Buildings/Smithy/level_1/construction/layers/house02/body_000161.png,PIXEL_CONFIRMED,production drawBobClippedBorrowed32 (render_batch.exe)
viking,data\engine2d\bin\bobs\ls_houses_viking2.bmd,house02,164,Vikings/Buildings/Smithy/level_1/states/door/house02/frame_000164.png,PIXEL_CONFIRMED,production drawBobClippedBorrowed32 (render_batch.exe)
viking,data\engine2d\bin\bobs\ls_houses_viking2.bmd,house02,170,Vikings/Buildings/CoinMint/level_0/main/frame_000170.png,PIXEL_CONFIRMED,production drawBobClippedBorrowed32 (render_batch.exe)
viking,data\engine2d\bin\bobs\ls_houses_viking2.bmd,house02,172,Vikings/Buildings/CoinMint/level_0/construction/layers/house02/body_000172.png,PIXEL_CONFIRMED,production drawBobClippedBorrowed32 (render_batch.exe)
viking,data\engine2d\bin\bobs\ls_houses_viking2.bmd,house02,171,Vikings/Buildings/CoinMint/level_0/construction/layers/house02/body_000171.png,PIXEL_CONFIRMED,production drawBobClippedBorrowed32 (render_batch.exe)
viking,data\engine2d\bin\bobs\ls_houses_viking2.bmd,house02,174,Vikings/Buildings/CoinMint/level_0/states/door/house02/frame_000174.png,PIXEL_CONFIRMED,production drawBobClippedBorrowed32 (render_batch.exe)
viking,data\engine2d\bin\bobs\ls_houses_viking4.bmd,housedruid01,0,Vikings/Buildings/HerbHut/level_0/main/frame_000000.png,PIXEL_CONFIRMED,production drawBobClippedBorrowed32 (render_batch.exe)
viking,data\engine2d\bin\bobs\ls_houses_viking4.bmd,housedruid01,2,Vikings/Buildings/HerbHut/level_0/construction/layers/housedruid01/body_000002.png,PIXEL_CONFIRMED,production drawBobClippedBorrowed32 (render_batch.exe)
viking,data\engine2d\bin\bobs\ls_houses_viking4.bmd,housedruid01,1,Vikings/Buildings/HerbHut/level_0/construction/layers/housedruid01/body_000001.png,PIXEL_CONFIRMED,production drawBobClippedBorrowed32 (render_batch.exe)
viking,data\engine2d\bin\bobs\ls_houses_viking4.bmd,housedruid01,3,Vikings/Buildings/HerbHut/level_0/states/door/housedruid01/frame_000003.png,PIXEL_CONFIRMED,production drawBobClippedBorrowed32 (render_batch.exe)
viking,data\engine2d\bin\bobs\ls_houses_viking4.bmd,housedruid01,39,Vikings/Buildings/Temple/level_0/main/frame_000039.png,PIXEL_CONFIRMED,production drawBobClippedBorrowed32 (render_batch.exe)
viking,data\engine2d\bin\bobs\ls_houses_viking4.bmd,housedruid01,41,Vikings/Buildings/Temple/level_0/construction/layers/housedruid01/body_000041.png,PIXEL_CONFIRMED,production drawBobClippedBorrowed32 (render_batch.exe)
viking,data\engine2d\bin\bobs\ls_houses_viking4.bmd,housedruid01,40,Vikings/Buildings/Temple/level_0/construction/layers/housedruid01/body_000040.png,PIXEL_CONFIRMED,production drawBobClippedBorrowed32 (render_batch.exe)
viking,data\engine2d\bin\bobs\ls_houses_viking4.bmd,housedruid01,42,Vikings/Buildings/Temple/level_0/states/door/housedruid01/frame_000042.png,PIXEL_CONFIRMED,production drawBobClippedBorrowed32 (render_batch.exe)
viking,data\engine2d\bin\bobs\ls_houses_vehicles.bmd,Djinny01,0,Vikings/Buildings/Handcart/level_0/main/frame_000000.png,PIXEL_CONFIRMED,production drawBobClippedBorrowed32 (render_batch.exe)
viking,data\engine2d\bin\bobs\ls_houses_vehicles.bmd,Djinny01,4,Vikings/Buildings/Handcart/level_0/states/door/Djinny01/frame_000004.png,PIXEL_CONFIRMED,production drawBobClippedBorrowed32 (render_batch.exe)
viking,data\engine2d\bin\bobs\ls_houses_vehicles.bmd,house01,2,Vikings/Buildings/Oxcart/level_0/main/frame_000002.png,PIXEL_CONFIRMED,production drawBobClippedBorrowed32 (render_batch.exe)
viking,data\engine2d\bin\bobs\ls_houses_vehicles.bmd,house01,4,Vikings/Buildings/Oxcart/level_0/states/door/house01/frame_000004.png,PIXEL_CONFIRMED,production drawBobClippedBorrowed32 (render_batch.exe)
viking,data\engine2d\bin\bobs\ls_vehicles.bmd,goods_bow,32,Vikings/Buildings/Catapult/level_0/main/frame_000032.png,PIXEL_CONFIRMED,production drawBobClippedBorrowed32 (render_batch.exe)
viking,data\engine2d\bin\bobs\ls_vehicles.bmd,goods_bow,4,Vikings/Buildings/Catapult/level_0/states/door/goods_bow/frame_000004.png,PIXEL_CONFIRMED,production drawBobClippedBorrowed32 (render_batch.exe)
viking,data\engine2d\bin\bobs\ls_houses_vehicles.bmd,Ship_house,4,Vikings/Buildings/ShipSmall/level_0/main/frame_000004.png,PIXEL_CONFIRMED,production drawBobClippedBorrowed32 (render_batch.exe)
viking,data\engine2d\bin\bobs\ls_wonders.bmd,wonders_pyramid,0,Vikings/Buildings/WonderPyramid/level_0/main/frame_000000.png,PIXEL_CONFIRMED,production drawBobClippedBorrowed32 (render_batch.exe)
viking,data\engine2d\bin\bobs\ls_wonders.bmd,wonders_pyramid,1,Vikings/Buildings/WonderPyramid/level_0/construction/layers/wonders_pyramid/body_000001.png,PIXEL_CONFIRMED,production drawBobClippedBorrowed32 (render_batch.exe)
viking,data\engine2d\bin\bobs\ls_wonders.bmd,wonders_pyramid,3,Vikings/Buildings/WonderSemiramis/level_1/main/frame_000003.png,PIXEL_CONFIRMED,production drawBobClippedBorrowed32 (render_batch.exe)
viking,data\engine2d\bin\bobs\ls_wonders.bmd,wonders_pyramid,2,Vikings/Buildings/WonderSemiramis/level_1/construction/layers/wonders_pyramid/body_000002.png,PIXEL_CONFIRMED,production drawBobClippedBorrowed32 (render_batch.exe)
viking,data\engine2d\bin\bobs\ls_wonders.bmd,wonders_pyramid,5,Vikings/Buildings/WonderSemiramisFront/level_0/construction/layers/wonders_pyramid/body_000005.png,PIXEL_CONFIRMED,production drawBobClippedBorrowed32 (render_batch.exe)
viking,data\engine2d\bin\bobs\ls_wonders.bmd,wonders_pyramid,4,Vikings/Buildings/WonderSemiramisFront/level_1/construction/layers/wonders_pyramid/body_000004.png,PIXEL_CONFIRMED,production drawBobClippedBorrowed32 (render_batch.exe)
viking,data\engine2d\bin\bobs\ls_wonders2.bmd,wonders_pyramid,4,Vikings/Buildings/WonderLeuchtturm/level_0/main/frame_000004.png,PIXEL_CONFIRMED,production drawBobClippedBorrowed32 (render_batch.exe)
viking,data\engine2d\bin\bobs\ls_wonders2.bmd,wonders_pyramid,3,Vikings/Buildings/WonderLeuchtturm/level_0/construction/layers/wonders_pyramid/body_000003.png,PIXEL_CONFIRMED,production drawBobClippedBorrowed32 (render_batch.exe)
viking,data\engine2d\bin\bobs\ls_wonders2.bmd,wonders_pyramid,2,Vikings/Buildings/WonderLeuchtturm/level_1/construction/layers/wonders_pyramid/body_000002.png,PIXEL_CONFIRMED,production drawBobClippedBorrowed32 (render_batch.exe)
viking,data\engine2d\bin\bobs\ls_wonders2.bmd,wonders_pyramid,1,Vikings/Buildings/WonderArtemis/level_0/main/frame_000001.png,PIXEL_CONFIRMED,production drawBobClippedBorrowed32 (render_batch.exe)
viking,data\engine2d\bin\bobs\ls_wonders2.bmd,wonders_pyramid,5,Vikings/Buildings/WonderArtemis/level_1/main/frame_000005.png,PIXEL_CONFIRMED,production drawBobClippedBorrowed32 (render_batch.exe)
viking,data\engine2d\bin\bobs\ls_wonders2.bmd,wonders_pyramid,0,Vikings/Buildings/WonderArtemis/level_1/construction/layers/wonders_pyramid/body_000000.png,PIXEL_CONFIRMED,production drawBobClippedBorrowed32 (render_batch.exe)
viking,data\engine2d\bin\bobs\ls_wonders3.bmd,oxcart,3,Vikings/Buildings/WonderKoloss/level_0/main/frame_000003.png,PIXEL_CONFIRMED,production drawBobClippedBorrowed32 (render_batch.exe)
viking,data\engine2d\bin\bobs\ls_wonders3.bmd,oxcart,2,Vikings/Buildings/WonderKoloss/level_0/construction/layers/oxcart/body_000002.png,PIXEL_CONFIRMED,production drawBobClippedBorrowed32 (render_batch.exe)
viking,data\engine2d\bin\bobs\ls_wonders3.bmd,oxcart,1,Vikings/Buildings/WonderKoloss/level_1/construction/layers/oxcart/body_000001.png,PIXEL_CONFIRMED,production drawBobClippedBorrowed32 (render_batch.exe)
viking,data\engine2d\bin\bobs\ls_wonders3.bmd,oxcart,0,Vikings/Buildings/WonderKoloss/level_2/construction/layers/oxcart/body_000000.png,PIXEL_CONFIRMED,production drawBobClippedBorrowed32 (render_batch.exe)
viking,data\engine2d\bin\bobs\ls_wonders3.bmd,wonders_pyramid,5,Vikings/Buildings/WonderMausoleum/level_0/main/frame_000005.png,PIXEL_CONFIRMED,production drawBobClippedBorrowed32 (render_batch.exe)
viking,data\engine2d\bin\bobs\ls_wonders3.bmd,wonders_pyramid,4,Vikings/Buildings/WonderMausoleum/level_0/construction/layers/wonders_pyramid/body_000004.png,PIXEL_CONFIRMED,production drawBobClippedBorrowed32 (render_batch.exe)
viking,data\engine2d\bin\bobs\ls_wonders3.bmd,wonders_pyramid,8,Vikings/Buildings/WonderZeus/level_0/main/frame_000008.png,PIXEL_CONFIRMED,production drawBobClippedBorrowed32 (render_batch.exe)
viking,data\engine2d\bin\bobs\ls_wonders3.bmd,wonders_pyramid,7,Vikings/Buildings/WonderZeus/level_0/construction/layers/wonders_pyramid/body_000007.png,PIXEL_CONFIRMED,production drawBobClippedBorrowed32 (render_batch.exe)
viking,data\engine2d\bin\bobs\ls_wonders3.bmd,wonders_pyramid,6,Vikings/Buildings/WonderZeus/level_1/construction/layers/wonders_pyramid/body_000006.png,PIXEL_CONFIRMED,production drawBobClippedBorrowed32 (render_batch.exe)
viking,data\engine2d\bin\bobs\ls_wonders3.bmd,wonders_8th,28,Vikings/Buildings/Wonder8th/level_0/main/frame_000028.png,PIXEL_CONFIRMED,production drawBobClippedBorrowed32 (render_batch.exe)
