ENTRY_ID,ENTRY_NAME,FORMAT,SIZE,SHA256,OUTPUT,PRESERVATION,REFERENCES,STRUCTURE,STATUS,CATEGORY
4,data\maps\campaign_03_03_sub1\text\eng\briefings\0010.hlt,HLT,120,be398e03215afab7602f86e08ad5339285f9f81da046d0156913cd947826c4b8,Metadata/Sources/Raw/data/maps/campaign_03_03_sub1/text/eng/briefings/0010.hlt,bit-exact copy,"[""color:$local$\\palettes\\font_dark.pcx"", ""font:$local$\\fonts\\font12.fnt"", ""include:$local$\\briefings.txt 10 1""]",,SOURCE_COMPLETE (parsed by cultures_hlt),Map data
5,data\maps\campaign_03_03_sub1\text\eng\briefings\0100.hlt,HLT,152,a15611856c6c61b10b31785fd9691f7b70dd8871b3cadb94558bdea1e5333758,Metadata/Sources/Raw/data/maps/campaign_03_03_sub1/text/eng/briefings/0100.hlt,bit-exact copy,"[""color:$local$\\palettes\\font_dark.pcx"", ""font:$local$\\fonts\\font12.fnt"", ""include:$local$\\briefings.txt 100 1""]",,SOURCE_COMPLETE (parsed by cultures_hlt),Map data
6,data\maps\campaign_03_03_sub2\text\eng\briefings\0000.hlt,HLT,295,61fba21f19a3d8d47a804cc19058b01083c84253eac84fed93a0e49ef56af8b0,Metadata/Sources/Raw/data/maps/campaign_03_03_sub2/text/eng/briefings/0000.hlt,bit-exact copy,"[""color:$local$\\palettes\\font_dark.pcx"", ""font:$local$\\fonts\\font12.fnt"", ""font:$local$\\fonts\\fonthead16bld.fnt"", ""include:$local$\\briefings.txt 00_start 1"", ""include:$local$\\briefings.txt header 1""]",,SOURCE_COMPLETE (parsed by cultures_hlt),Map data
8,data\maps\singleplayer_03_04\text\eng\briefings\0029.hlt,HLT,150,fbdee6575ef4f134a08731c54c7f1add9f13accb0d03fefd8ff82c3501337471,Metadata/Sources/Raw/data/maps/singleplayer_03_04/text/eng/briefings/0029.hlt,bit-exact copy,"[""color:$local$\\palettes\\font_dark.pcx"", ""font:$local$\\fonts\\font12.fnt"", ""include:$local$\\briefings.txt 29 1""]",,SOURCE_COMPLETE (parsed by cultures_hlt),Map data
9,data\maps\singleplayer_03_04\text\eng\briefings\0038.hlt,HLT,128,f38b1a4bba10e3d254716309348c24b024b585ddb7250bb13cc3b8aa078114b5,Metadata/Sources/Raw/data/maps/singleplayer_03_04/text/eng/briefings/0038.hlt,bit-exact copy,"[""color:$local$\\palettes\\font_dark.pcx"", ""font:$local$\\fonts\\font12.fnt"", ""include:$local$\\briefings.txt 38 1""]",,SOURCE_COMPLETE (parsed by cultures_hlt),Map data
15,data\maps\campaign_03_03_sub1\text\eng\briefings\0110.hlt,HLT,121,bba93f962c0f76141d2be3d986c3cde65b47c3fd95694585cd4333b00f07d924,Metadata/Sources/Raw/data/maps/campaign_03_03_sub1/text/eng/briefings/0110.hlt,bit-exact copy,"[""color:$local$\\palettes\\font_dark.pcx"", ""font:$local$\\fonts\\font12.fnt"", ""include:$local$\\briefings.txt 110 1""]",,SOURCE_COMPLETE (parsed by cultures_hlt),Map data
16,data\maps\campaign_03_03_sub1\text\eng\briefings\0200.hlt,HLT,152,48b4c39996b3540d236b4296fc153b41081f754ba29ffa6bbf4f82a6f846187f,Metadata/Sources/Raw/data/maps/campaign_03_03_sub1/text/eng/briefings/0200.hlt,bit-exact copy,"[""color:$local$\\palettes\\font_dark.pcx"", ""font:$local$\\fonts\\font12.fnt"", ""include:$local$\\briefings.txt 200 1""]",,SOURCE_COMPLETE (parsed by cultures_hlt),Map data
17,data\maps\campaign_03_03_sub2\text\eng\briefings\0010.hlt,HLT,120,be398e03215afab7602f86e08ad5339285f9f81da046d0156913cd947826c4b8,Metadata/Sources/Raw/data/maps/campaign_03_03_sub2/text/eng/briefings/0010.hlt,bit-exact copy,"[""color:$local$\\palettes\\font_dark.pcx"", ""font:$local$\\fonts\\font12.fnt"", ""include:$local$\\briefings.txt 10 1""]",,SOURCE_COMPLETE (parsed by cultures_hlt),Map data
18,data\maps\campaign_03_03_sub2\text\eng\briefings\0100.hlt,HLT,152,a15611856c6c61b10b31785fd9691f7b70dd8871b3cadb94558bdea1e5333758,Metadata/Sources/Raw/data/maps/campaign_03_03_sub2/text/eng/briefings/0100.hlt,bit-exact copy,"[""color:$local$\\palettes\\font_dark.pcx"", ""font:$local$\\fonts\\font12.fnt"", ""include:$local$\\briefings.txt 100 1""]",,SOURCE_COMPLETE (parsed by cultures_hlt),Map data
19,data\maps\campaign_03_03_sub3\text\eng\briefings\0000.hlt,HLT,295,61fba21f19a3d8d47a804cc19058b01083c84253eac84fed93a0e49ef56af8b0,Metadata/Sources/Raw/data/maps/campaign_03_03_sub3/text/eng/briefings/0000.hlt,bit-exact copy,"[""color:$local$\\palettes\\font_dark.pcx"", ""font:$local$\\fonts\\font12.fnt"", ""font:$local$\\fonts\\fonthead16bld.fnt"", ""include:$local$\\briefings.txt 00_start 1"", ""include:$local$\\briefings.txt header 1""]",,SOURCE_COMPLETE (parsed by cultures_hlt),Map data
20,data\maps\campaign_03_05_sub1\text\eng\briefings\0000.hlt,HLT,377,fa722156fa8681fa7ea1999444dc3da897736fc875532e0fea4fac25a01139d2,Metadata/Sources/Raw/data/maps/campaign_03_05_sub1/text/eng/briefings/0000.hlt,bit-exact copy,"[""color:$local$\\palettes\\font_dark.pcx"", ""font:$local$\\fonts\\font12.fnt"", ""font:$local$\\fonts\\fonthead16bld.fnt"", ""include:$local$\\briefings.txt 00_start 1"", ""include:$local$\\briefings.txt 00_start1 1"", ""include:$local$\\briefings.txt header 1""]",,SOURCE_COMPLETE (parsed by cultures_hlt),Map data
22,data\maps\singleplayer_03_04\text\eng\briefings\0039.hlt,HLT,128,5199fe55f10ea45873dc4addbd01dd688835bb916a9dc6492ca26e05ee32cfb9,Metadata/Sources/Raw/data/maps/singleplayer_03_04/text/eng/briefings/0039.hlt,bit-exact copy,"[""color:$local$\\palettes\\font_dark.pcx"", ""font:$local$\\fonts\\font12.fnt"", ""include:$local$\\briefings.txt 39 1""]",,SOURCE_COMPLETE (parsed by cultures_hlt),Map data
31,data\maps\campaign_03_03_sub1\text\eng\briefings\0120.hlt,HLT,121,66a0ada0957b6c41000f8a07a74c2d67bfa2434d61035f8f369c419cd6fa971d,Metadata/Sources/Raw/data/maps/campaign_03_03_sub1/text/eng/briefings/0120.hlt,bit-exact copy,"[""color:$local$\\palettes\\font_dark.pcx"", ""font:$local$\\fonts\\font12.fnt"", ""include:$local$\\briefings.txt 120 1""]",,SOURCE_COMPLETE (parsed by cultures_hlt),Map data
32,data\maps\campaign_03_03_sub1\text\eng\briefings\0300.hlt,HLT,152,ce8834cfa0e123291ce0338a60a4ee27a8a6c678db2cf8214749436d7605fdf4,Metadata/Sources/Raw/data/maps/campaign_03_03_sub1/text/eng/briefings/0300.hlt,bit-exact copy,"[""color:$local$\\palettes\\font_dark.pcx"", ""font:$local$\\fonts\\font12.fnt"", ""include:$local$\\briefings.txt 300 1""]",,SOURCE_COMPLETE (parsed by cultures_hlt),Map data
33,data\maps\campaign_03_03_sub2\text\eng\briefings\0110.hlt,HLT,121,bba93f962c0f76141d2be3d986c3cde65b47c3fd95694585cd4333b00f07d924,Metadata/Sources/Raw/data/maps/campaign_03_03_sub2/text/eng/briefings/0110.hlt,bit-exact copy,"[""color:$local$\\palettes\\font_dark.pcx"", ""font:$local$\\fonts\\font12.fnt"", ""include:$local$\\briefings.txt 110 1""]",,SOURCE_COMPLETE (parsed by cultures_hlt),Map data
34,data\maps\campaign_03_03_sub2\text\eng\briefings\0200.hlt,HLT,152,48b4c39996b3540d236b4296fc153b41081f754ba29ffa6bbf4f82a6f846187f,Metadata/Sources/Raw/data/maps/campaign_03_03_sub2/text/eng/briefings/0200.hlt,bit-exact copy,"[""color:$local$\\palettes\\font_dark.pcx"", ""font:$local$\\fonts\\font12.fnt"", ""include:$local$\\briefings.txt 200 1""]",,SOURCE_COMPLETE (parsed by cultures_hlt),Map data
35,data\maps\campaign_03_03_sub3\text\eng\briefings\0010.hlt,HLT,120,be398e03215afab7602f86e08ad5339285f9f81da046d0156913cd947826c4b8,Metadata/Sources/Raw/data/maps/campaign_03_03_sub3/text/eng/briefings/0010.hlt,bit-exact copy,"[""color:$local$\\palettes\\font_dark.pcx"", ""font:$local$\\fonts\\font12.fnt"", ""include:$local$\\briefings.txt 10 1""]",,SOURCE_COMPLETE (parsed by cultures_hlt),Map data
36,data\maps\campaign_03_03_sub3\text\eng\briefings\0100.hlt,HLT,152,a15611856c6c61b10b31785fd9691f7b70dd8871b3cadb94558bdea1e5333758,Metadata/Sources/Raw/data/maps/campaign_03_03_sub3/text/eng/briefings/0100.hlt,bit-exact copy,"[""color:$local$\\palettes\\font_dark.pcx"", ""font:$local$\\fonts\\font12.fnt"", ""include:$local$\\briefings.txt 100 1""]",,SOURCE_COMPLETE (parsed by cultures_hlt),Map data
37,data\maps\campaign_03_05_sub1\text\eng\briefings\0001.hlt,HLT,158,5ae3dd56f67a3bbb4c92467f600ab06d68458623d3c102ef3429e6ae22781d22,Metadata/Sources/Raw/data/maps/campaign_03_05_sub1/text/eng/briefings/0001.hlt,bit-exact copy,"[""color:$local$\\palettes\\font_dark.pcx"", ""font:$local$\\fonts\\font12.fnt"", ""include:$local$\\briefings.txt 01 1""]",,SOURCE_COMPLETE (parsed by cultures_hlt),Map data
38,data\maps\campaign_03_05_sub1\text\eng\briefings\0010.hlt,HLT,182,d4da2e00f92bf81c88e821b445a3e0b35d248736d8c9ef7976391f149867c97f,Metadata/Sources/Raw/data/maps/campaign_03_05_sub1/text/eng/briefings/0010.hlt,bit-exact copy,"[""color:$local$\\palettes\\font_dark.pcx"", ""font:$local$\\fonts\\font12.fnt"", ""include:$local$\\briefings.txt 10 1""]",,SOURCE_COMPLETE (parsed by cultures_hlt),Map data
39,data\maps\campaign_03_05_sub1\text\eng\briefings\0100.hlt,HLT,152,a15611856c6c61b10b31785fd9691f7b70dd8871b3cadb94558bdea1e5333758,Metadata/Sources/Raw/data/maps/campaign_03_05_sub1/text/eng/briefings/0100.hlt,bit-exact copy,"[""color:$local$\\palettes\\font_dark.pcx"", ""font:$local$\\fonts\\font12.fnt"", ""include:$local$\\briefings.txt 100 1""]",,SOURCE_COMPLETE (parsed by cultures_hlt),Map data
40,data\maps\campaign_03_05_sub2\text\eng\briefings\0000.hlt,HLT,377,f8d1c7b724ed809a34c8541dcd43752eb97025f53bf51fbb2551ea357191439d,Metadata/Sources/Raw/data/maps/campaign_03_05_sub2/text/eng/briefings/0000.hlt,bit-exact copy,"[""color:$local$\\palettes\\font_dark.pcx"", ""font:$local$\\fonts\\font12.fnt"", ""font:$local$\\fonts\\fonthead16bld.fnt"", ""include:$local$\\briefings.txt 00_start 1"", ""include:$local$\\briefings.txt 00_start1 1"", ""include:$local$\\briefings.txt header 1""]",,SOURCE_COMPLETE (parsed by cultures_hlt),Map data
41,data\maps\campaign_03_06_sub1\text\eng\briefings\0000.hlt,HLT,314,85ec431fcb1435bcee5e4a1d1b77c15825ed256fc83e729a620ad70a652777f8,Metadata/Sources/Raw/data/maps/campaign_03_06_sub1/text/eng/briefings/0000.hlt,bit-exact copy,"[""color:$local$\\palettes\\font_dark.pcx"", ""font:$local$\\fonts\\font12.fnt"", ""font:$local$\\fonts\\fonthead16bld.fnt"", ""include:$local$\\briefings.txt 00_start 1"", ""include:$local$\\briefings.txt 00_start1 1"", ""include:$local$\\briefings.txt header 1""]",,SOURCE_COMPLETE (parsed by cultures_hlt),Map data
48,data\maps\campaign_03_03_sub1\text\eng\briefings\0400.hlt,HLT,152,93ddd1fe3f1323218a0daa77b237dfd5b7eec379bd2dcb44e9acfeca56ccbc41,Metadata/Sources/Raw/data/maps/campaign_03_03_sub1/text/eng/briefings/0400.hlt,bit-exact copy,"[""color:$local$\\palettes\\font_dark.pcx"", ""font:$local$\\fonts\\font12.fnt"", ""include:$local$\\briefings.txt 400 1""]",,SOURCE_COMPLETE (parsed by cultures_hlt),Map data
49,data\maps\campaign_03_03_sub2\text\eng\briefings\0120.hlt,HLT,121,66a0ada0957b6c41000f8a07a74c2d67bfa2434d61035f8f369c419cd6fa971d,Metadata/Sources/Raw/data/maps/campaign_03_03_sub2/text/eng/briefings/0120.hlt,bit-exact copy,"[""color:$local$\\palettes\\font_dark.pcx"", ""font:$local$\\fonts\\font12.fnt"", ""include:$local$\\briefings.txt 120 1""]",,SOURCE_COMPLETE (parsed by cultures_hlt),Map data
50,data\maps\campaign_03_03_sub2\text\eng\briefings\0300.hlt,HLT,152,ce8834cfa0e123291ce0338a60a4ee27a8a6c678db2cf8214749436d7605fdf4,Metadata/Sources/Raw/data/maps/campaign_03_03_sub2/text/eng/briefings/0300.hlt,bit-exact copy,"[""color:$local$\\palettes\\font_dark.pcx"", ""font:$local$\\fonts\\font12.fnt"", ""include:$local$\\briefings.txt 300 1""]",,SOURCE_COMPLETE (parsed by cultures_hlt),Map data
51,data\maps\campaign_03_03_sub3\text\eng\briefings\0020.hlt,HLT,120,d0f157056e017120f97bb38f0e65fca4a4712eee83ae93bee683f390cc66419c,Metadata/Sources/Raw/data/maps/campaign_03_03_sub3/text/eng/briefings/0020.hlt,bit-exact copy,"[""color:$local$\\palettes\\font_dark.pcx"", ""font:$local$\\fonts\\font12.fnt"", ""include:$local$\\briefings.txt 20 1""]",,SOURCE_COMPLETE (parsed by cultures_hlt),Map data
52,data\maps\campaign_03_03_sub3\text\eng\briefings\0110.hlt,HLT,121,bba93f962c0f76141d2be3d986c3cde65b47c3fd95694585cd4333b00f07d924,Metadata/Sources/Raw/data/maps/campaign_03_03_sub3/text/eng/briefings/0110.hlt,bit-exact copy,"[""color:$local$\\palettes\\font_dark.pcx"", ""font:$local$\\fonts\\font12.fnt"", ""include:$local$\\briefings.txt 110 1""]",,SOURCE_COMPLETE (parsed by cultures_hlt),Map data
53,data\maps\campaign_03_03_sub3\text\eng\briefings\0200.hlt,HLT,152,48b4c39996b3540d236b4296fc153b41081f754ba29ffa6bbf4f82a6f846187f,Metadata/Sources/Raw/data/maps/campaign_03_03_sub3/text/eng/briefings/0200.hlt,bit-exact copy,"[""color:$local$\\palettes\\font_dark.pcx"", ""font:$local$\\fonts\\font12.fnt"", ""include:$local$\\briefings.txt 200 1""]",,SOURCE_COMPLETE (parsed by cultures_hlt),Map data
54,data\maps\campaign_03_05_sub1\text\eng\briefings\0002.hlt,HLT,154,febe4f767bc5fae09d63d952febb28718d525152f77564cfd6a07790bbd53ed1,Metadata/Sources/Raw/data/maps/campaign_03_05_sub1/text/eng/briefings/0002.hlt,bit-exact copy,"[""color:$local$\\palettes\\font_dark.pcx"", ""font:$local$\\fonts\\font12.fnt"", ""include:$local$\\briefings.txt 02 1""]",,SOURCE_COMPLETE (parsed by cultures_hlt),Map data
55,data\maps\campaign_03_05_sub1\text\eng\briefings\0011.hlt,HLT,182,6a9fd9cf8c3edce88bb7a031fafcd2af46ef28c0080f03a626755ccd328b151a,Metadata/Sources/Raw/data/maps/campaign_03_05_sub1/text/eng/briefings/0011.hlt,bit-exact copy,"[""color:$local$\\palettes\\font_dark.pcx"", ""font:$local$\\fonts\\font12.fnt"", ""include:$local$\\briefings.txt 11 1""]",,SOURCE_COMPLETE (parsed by cultures_hlt),Map data
56,data\maps\campaign_03_05_sub1\text\eng\briefings\0020.hlt,HLT,154,7b290b574cc16df244605302477cffa444e7183a4f422b5bbfc989ed06d587e3,Metadata/Sources/Raw/data/maps/campaign_03_05_sub1/text/eng/briefings/0020.hlt,bit-exact copy,"[""color:$local$\\palettes\\font_dark.pcx"", ""font:$local$\\fonts\\font12.fnt"", ""include:$local$\\briefings.txt 20 1""]",,SOURCE_COMPLETE (parsed by cultures_hlt),Map data
57,data\maps\campaign_03_05_sub1\text\eng\briefings\0200.hlt,HLT,152,48b4c39996b3540d236b4296fc153b41081f754ba29ffa6bbf4f82a6f846187f,Metadata/Sources/Raw/data/maps/campaign_03_05_sub1/text/eng/briefings/0200.hlt,bit-exact copy,"[""color:$local$\\palettes\\font_dark.pcx"", ""font:$local$\\fonts\\font12.fnt"", ""include:$local$\\briefings.txt 200 1""]",,SOURCE_COMPLETE (parsed by cultures_hlt),Map data
58,data\maps\campaign_03_05_sub2\text\eng\briefings\0001.hlt,HLT,126,66b41cac34688cb23139ee575148f96cc5f64115903ffca90587aab542b3429c,Metadata/Sources/Raw/data/maps/campaign_03_05_sub2/text/eng/briefings/0001.hlt,bit-exact copy,"[""color:$local$\\palettes\\font_dark.pcx"", ""font:$local$\\fonts\\font12.fnt"", ""include:$local$\\briefings.txt 01 1""]",,SOURCE_COMPLETE (parsed by cultures_hlt),Map data
59,data\maps\campaign_03_05_sub2\text\eng\briefings\0100.hlt,HLT,152,a15611856c6c61b10b31785fd9691f7b70dd8871b3cadb94558bdea1e5333758,Metadata/Sources/Raw/data/maps/campaign_03_05_sub2/text/eng/briefings/0100.hlt,bit-exact copy,"[""color:$local$\\palettes\\font_dark.pcx"", ""font:$local$\\fonts\\font12.fnt"", ""include:$local$\\briefings.txt 100 1""]",,SOURCE_COMPLETE (parsed by cultures_hlt),Map data
60,data\maps\campaign_03_06_sub1\text\eng\briefings\0001.hlt,HLT,155,5e197bccc6ace5eb04eedcab1f5731f08df83fa04ed55eed006f2e4f14d4add3,Metadata/Sources/Raw/data/maps/campaign_03_06_sub1/text/eng/briefings/0001.hlt,bit-exact copy,"[""color:$local$\\palettes\\font_dark.pcx"", ""font:$local$\\fonts\\font12.fnt"", ""include:$local$\\briefings.txt 01 1""]",,SOURCE_COMPLETE (parsed by cultures_hlt),Map data
61,data\maps\campaign_03_06_sub2\text\eng\briefings\0000.hlt,HLT,314,85ec431fcb1435bcee5e4a1d1b77c15825ed256fc83e729a620ad70a652777f8,Metadata/Sources/Raw/data/maps/campaign_03_06_sub2/text/eng/briefings/0000.hlt,bit-exact copy,"[""color:$local$\\palettes\\font_dark.pcx"", ""font:$local$\\fonts\\font12.fnt"", ""font:$local$\\fonts\\fonthead16bld.fnt"", ""include:$local$\\briefings.txt 00_start 1"", ""include:$local$\\briefings.txt 00_start1 1"", ""include:$local$\\briefings.txt header 1""]",,SOURCE_COMPLETE (parsed by cultures_hlt),Map data
63,data\maps\singleplayer_03_01\text\eng\briefings\briefings.txt,TXT,10935,fee5b05508e198b3337181a615445f3ffc521a80f5f39df6b44646de5c6a1d98,Metadata/Sources/Raw/data/maps/singleplayer_03_01/text/eng/briefings/briefings.txt,bit-exact copy,[],,SOURCE_COMPLETE (plain text),Map data
72,data\maps\campaign_03_03_sub1\text\eng\briefings\0500.hlt,HLT,152,02ccec0613f411abb770ae32670c6f7f5d6f2ffc536c8d89f09065b5fa09dbfb,Metadata/Sources/Raw/data/maps/campaign_03_03_sub1/text/eng/briefings/0500.hlt,bit-exact copy,"[""color:$local$\\palettes\\font_dark.pcx"", ""font:$local$\\fonts\\font12.fnt"", ""include:$local$\\briefings.txt 500 1""]",,SOURCE_COMPLETE (parsed by cultures_hlt),Map data
73,data\maps\campaign_03_03_sub2\text\eng\briefings\0400.hlt,HLT,152,93ddd1fe3f1323218a0daa77b237dfd5b7eec379bd2dcb44e9acfeca56ccbc41,Metadata/Sources/Raw/data/maps/campaign_03_03_sub2/text/eng/briefings/0400.hlt,bit-exact copy,"[""color:$local$\\palettes\\font_dark.pcx"", ""font:$local$\\fonts\\font12.fnt"", ""include:$local$\\briefings.txt 400 1""]",,SOURCE_COMPLETE (parsed by cultures_hlt),Map data
74,data\maps\campaign_03_03_sub3\text\eng\briefings\0120.hlt,HLT,121,66a0ada0957b6c41000f8a07a74c2d67bfa2434d61035f8f369c419cd6fa971d,Metadata/Sources/Raw/data/maps/campaign_03_03_sub3/text/eng/briefings/0120.hlt,bit-exact copy,"[""color:$local$\\palettes\\font_dark.pcx"", ""font:$local$\\fonts\\font12.fnt"", ""include:$local$\\briefings.txt 120 1""]",,SOURCE_COMPLETE (parsed by cultures_hlt),Map data
75,data\maps\campaign_03_03_sub3\text\eng\briefings\0300.hlt,HLT,152,ce8834cfa0e123291ce0338a60a4ee27a8a6c678db2cf8214749436d7605fdf4,Metadata/Sources/Raw/data/maps/campaign_03_03_sub3/text/eng/briefings/0300.hlt,bit-exact copy,"[""color:$local$\\palettes\\font_dark.pcx"", ""font:$local$\\fonts\\font12.fnt"", ""include:$local$\\briefings.txt 300 1""]",,SOURCE_COMPLETE (parsed by cultures_hlt),Map data
77,data\maps\campaign_03_05_sub1\text\eng\briefings\0003.hlt,HLT,152,f8552b75894f10c9289b58799e4fa8e69d1cf7ac8edf5c4752d356fb18efdd8c,Metadata/Sources/Raw/data/maps/campaign_03_05_sub1/text/eng/briefings/0003.hlt,bit-exact copy,"[""color:$local$\\palettes\\font_dark.pcx"", ""font:$local$\\fonts\\font12.fnt"", ""include:$local$\\briefings.txt 03 1""]",,SOURCE_COMPLETE (parsed by cultures_hlt),Map data
78,data\maps\campaign_03_05_sub1\text\eng\briefings\0012.hlt,HLT,120,1861e87b2f26c31253a47f236493da9c830acb9d376324ae7b300e6beda73132,Metadata/Sources/Raw/data/maps/campaign_03_05_sub1/text/eng/briefings/0012.hlt,bit-exact copy,"[""color:$local$\\palettes\\font_dark.pcx"", ""font:$local$\\fonts\\font12.fnt"", ""include:$local$\\briefings.txt 12 1""]",,SOURCE_COMPLETE (parsed by cultures_hlt),Map data
79,data\maps\campaign_03_05_sub1\text\eng\briefings\0300.hlt,HLT,152,ce8834cfa0e123291ce0338a60a4ee27a8a6c678db2cf8214749436d7605fdf4,Metadata/Sources/Raw/data/maps/campaign_03_05_sub1/text/eng/briefings/0300.hlt,bit-exact copy,"[""color:$local$\\palettes\\font_dark.pcx"", ""font:$local$\\fonts\\font12.fnt"", ""include:$local$\\briefings.txt 300 1""]",,SOURCE_COMPLETE (parsed by cultures_hlt),Map data
80,data\maps\campaign_03_05_sub2\text\eng\briefings\0002.hlt,HLT,124,7e58c9c49d3f776b44d2afa1056e9a3d67704124613dc0d2d5a2bee85b367fb5,Metadata/Sources/Raw/data/maps/campaign_03_05_sub2/text/eng/briefings/0002.hlt,bit-exact copy,"[""color:$local$\\palettes\\font_dark.pcx"", ""font:$local$\\fonts\\font12.fnt"", ""include:$local$\\briefings.txt 02 1""]",,SOURCE_COMPLETE (parsed by cultures_hlt),Map data
81,data\maps\campaign_03_05_sub2\text\eng\briefings\0200.hlt,HLT,152,48b4c39996b3540d236b4296fc153b41081f754ba29ffa6bbf4f82a6f846187f,Metadata/Sources/Raw/data/maps/campaign_03_05_sub2/text/eng/briefings/0200.hlt,bit-exact copy,"[""color:$local$\\palettes\\font_dark.pcx"", ""font:$local$\\fonts\\font12.fnt"", ""include:$local$\\briefings.txt 200 1""]",,SOURCE_COMPLETE (parsed by cultures_hlt),Map data
82,data\maps\campaign_03_06_sub1\text\eng\briefings\0002.hlt,HLT,151,397a5318c669d42216bfba6c19b3c9f85c6fd85f1d4f78955d14ffba28f416c1,Metadata/Sources/Raw/data/maps/campaign_03_06_sub1/text/eng/briefings/0002.hlt,bit-exact copy,"[""color:$local$\\palettes\\font_dark.pcx"", ""font:$local$\\fonts\\font12.fnt"", ""include:$local$\\briefings.txt 02 1""]",,SOURCE_COMPLETE (parsed by cultures_hlt),Map data
83,data\maps\campaign_03_06_sub2\text\eng\briefings\0001.hlt,HLT,158,97eb2be5ba9290a33f39e51667a4aa5d84103e87b1d9e934a42b7423afc500d4,Metadata/Sources/Raw/data/maps/campaign_03_06_sub2/text/eng/briefings/0001.hlt,bit-exact copy,"[""color:$local$\\palettes\\font_dark.pcx"", ""font:$local$\\fonts\\font12.fnt"", ""include:$local$\\briefings.txt 01 1""]",,SOURCE_COMPLETE (parsed by cultures_hlt),Map data
84,data\maps\campaign_03_06_sub2\text\eng\briefings\0100.hlt,HLT,152,a15611856c6c61b10b31785fd9691f7b70dd8871b3cadb94558bdea1e5333758,Metadata/Sources/Raw/data/maps/campaign_03_06_sub2/text/eng/briefings/0100.hlt,bit-exact copy,"[""color:$local$\\palettes\\font_dark.pcx"", ""font:$local$\\fonts\\font12.fnt"", ""include:$local$\\briefings.txt 100 1""]",,SOURCE_COMPLETE (parsed by cultures_hlt),Map data
86,data\maps\singleplayer_03_02\text\eng\briefings\briefings.txt,TXT,6034,a81e47c32f12cf4f97f72020214ffe9d33ff69255f807d949d541716304f589e,Metadata/Sources/Raw/data/maps/singleplayer_03_02/text/eng/briefings/briefings.txt,bit-exact copy,[],,SOURCE_COMPLETE (plain text),Map data
97,data\maps\campaign_03_03_sub2\text\eng\briefings\0500.hlt,HLT,152,02ccec0613f411abb770ae32670c6f7f5d6f2ffc536c8d89f09065b5fa09dbfb,Metadata/Sources/Raw/data/maps/campaign_03_03_sub2/text/eng/briefings/0500.hlt,bit-exact copy,"[""color:$local$\\palettes\\font_dark.pcx"", ""font:$local$\\fonts\\font12.fnt"", ""include:$local$\\briefings.txt 500 1""]",,SOURCE_COMPLETE (parsed by cultures_hlt),Map data
98,data\maps\campaign_03_03_sub3\text\eng\briefings\0400.hlt,HLT,152,93ddd1fe3f1323218a0daa77b237dfd5b7eec379bd2dcb44e9acfeca56ccbc41,Metadata/Sources/Raw/data/maps/campaign_03_03_sub3/text/eng/briefings/0400.hlt,bit-exact copy,"[""color:$local$\\palettes\\font_dark.pcx"", ""font:$local$\\fonts\\font12.fnt"", ""include:$local$\\briefings.txt 400 1""]",,SOURCE_COMPLETE (parsed by cultures_hlt),Map data
100,data\maps\campaign_03_05_sub1\text\eng\briefings\0004.hlt,HLT,149,60c2f21dd466a0ba9cb1c64d5a55eb1bcb6a05c9d89ea462fb55fc7b91abeffe,Metadata/Sources/Raw/data/maps/campaign_03_05_sub1/text/eng/briefings/0004.hlt,bit-exact copy,"[""color:$local$\\palettes\\font_dark.pcx"", ""font:$local$\\fonts\\font12.fnt"", ""include:$local$\\briefings.txt 04 1""]",,SOURCE_COMPLETE (parsed by cultures_hlt),Map data
101,data\maps\campaign_03_05_sub1\text\eng\briefings\0013.hlt,HLT,155,dd61aaea8a126bd5a26cbeb1f5221f998d31ce41fd8cd615754935ebf4fb819b,Metadata/Sources/Raw/data/maps/campaign_03_05_sub1/text/eng/briefings/0013.hlt,bit-exact copy,"[""color:$local$\\palettes\\font_dark.pcx"", ""font:$local$\\fonts\\font12.fnt"", ""include:$local$\\briefings.txt 13 1""]",,SOURCE_COMPLETE (parsed by cultures_hlt),Map data
102,data\maps\campaign_03_05_sub1\text\eng\briefings\0400.hlt,HLT,152,93ddd1fe3f1323218a0daa77b237dfd5b7eec379bd2dcb44e9acfeca56ccbc41,Metadata/Sources/Raw/data/maps/campaign_03_05_sub1/text/eng/briefings/0400.hlt,bit-exact copy,"[""color:$local$\\palettes\\font_dark.pcx"", ""font:$local$\\fonts\\font12.fnt"", ""include:$local$\\briefings.txt 400 1""]",,SOURCE_COMPLETE (parsed by cultures_hlt),Map data
103,data\maps\campaign_03_05_sub2\text\eng\briefings\0003.hlt,HLT,153,e8d290e85502a8751ca072bcee8df3cc9f4ab8621a7a2cf108b51fa6b95bbc92,Metadata/Sources/Raw/data/maps/campaign_03_05_sub2/text/eng/briefings/0003.hlt,bit-exact copy,"[""color:$local$\\palettes\\font_dark.pcx"", ""font:$local$\\fonts\\font12.fnt"", ""include:$local$\\briefings.txt 03 1""]",,SOURCE_COMPLETE (parsed by cultures_hlt),Map data
104,data\maps\campaign_03_05_sub2\text\eng\briefings\0300.hlt,HLT,152,ce8834cfa0e123291ce0338a60a4ee27a8a6c678db2cf8214749436d7605fdf4,Metadata/Sources/Raw/data/maps/campaign_03_05_sub2/text/eng/briefings/0300.hlt,bit-exact copy,"[""color:$local$\\palettes\\font_dark.pcx"", ""font:$local$\\fonts\\font12.fnt"", ""include:$local$\\briefings.txt 300 1""]",,SOURCE_COMPLETE (parsed by cultures_hlt),Map data
105,data\maps\campaign_03_06_sub2\text\eng\briefings\0002.hlt,HLT,122,2afb09e3e36aee93b979fe8b970af3f214bc38dfc30a71705d0ad62db4e0394d,Metadata/Sources/Raw/data/maps/campaign_03_06_sub2/text/eng/briefings/0002.hlt,bit-exact copy,"[""color:$local$\\palettes\\font_dark.pcx"", ""font:$local$\\fonts\\font12.fnt"", ""include:$local$\\briefings.txt 02 1""]",,SOURCE_COMPLETE (parsed by cultures_hlt),Map data
106,data\maps\campaign_03_06_sub2\text\eng\briefings\0200.hlt,HLT,152,48b4c39996b3540d236b4296fc153b41081f754ba29ffa6bbf4f82a6f846187f,Metadata/Sources/Raw/data/maps/campaign_03_06_sub2/text/eng/briefings/0200.hlt,bit-exact copy,"[""color:$local$\\palettes\\font_dark.pcx"", ""font:$local$\\fonts\\font12.fnt"", ""include:$local$\\briefings.txt 200 1""]",,SOURCE_COMPLETE (parsed by cultures_hlt),Map data
107,data\maps\singleplayer_03_03\text\eng\briefings\briefings.txt,TXT,3898,e717238c25f3e78ee67438b0deacfacaa9ee65d21301fa78d43425874ce6d3ce,Metadata/Sources/Raw/data/maps/singleplayer_03_03/text/eng/briefings/briefings.txt,bit-exact copy,[],,SOURCE_COMPLETE (plain text),Map data
118,data\maps\campaign_03_03_sub3\text\eng\briefings\0500.hlt,HLT,152,02ccec0613f411abb770ae32670c6f7f5d6f2ffc536c8d89f09065b5fa09dbfb,Metadata/Sources/Raw/data/maps/campaign_03_03_sub3/text/eng/briefings/0500.hlt,bit-exact copy,"[""color:$local$\\palettes\\font_dark.pcx"", ""font:$local$\\fonts\\font12.fnt"", ""include:$local$\\briefings.txt 500 1""]",,SOURCE_COMPLETE (parsed by cultures_hlt),Map data
120,data\maps\campaign_03_05_sub1\text\eng\briefings\0005.hlt,HLT,152,2fcacd29556a125798f6893a2775c06dacafb1a599370c7dfdb28d51a546da7f,Metadata/Sources/Raw/data/maps/campaign_03_05_sub1/text/eng/briefings/0005.hlt,bit-exact copy,"[""color:$local$\\palettes\\font_dark.pcx"", ""font:$local$\\fonts\\font12.fnt"", ""include:$local$\\briefings.txt 05 1""]",,SOURCE_COMPLETE (parsed by cultures_hlt),Map data
121,data\maps\campaign_03_05_sub1\text\eng\briefings\0014.hlt,HLT,155,350026b2f633ae3d766d649d75f6e5a03c437414a27f5964876cc7ba4b6ae07e,Metadata/Sources/Raw/data/maps/campaign_03_05_sub1/text/eng/briefings/0014.hlt,bit-exact copy,"[""color:$local$\\palettes\\font_dark.pcx"", ""font:$local$\\fonts\\font12.fnt"", ""include:$local$\\briefings.txt 14 1""]",,SOURCE_COMPLETE (parsed by cultures_hlt),Map data
122,data\maps\campaign_03_05_sub1\text\eng\briefings\0050.hlt,HLT,344,fe08a2b71ad2a647e5c3e3288fe1446e5bc2a21dd7a950b273b90f24663c7296,Metadata/Sources/Raw/data/maps/campaign_03_05_sub1/text/eng/briefings/0050.hlt,bit-exact copy,"[""color:$local$\\palettes\\font_dark.pcx"", ""font:$local$\\fonts\\font12.fnt"", ""font:$local$\\fonts\\fonthead16bld.fnt"", ""include:$local$\\briefings.txt 50_end 1"", ""include:$local$\\briefings.txt 50_end1 1"", ""include:$local$\\briefings.txt 50_endheader 1""]",,SOURCE_COMPLETE (parsed by cultures_hlt),Map data
123,data\maps\campaign_03_05_sub1\text\eng\briefings\0500.hlt,HLT,152,02ccec0613f411abb770ae32670c6f7f5d6f2ffc536c8d89f09065b5fa09dbfb,Metadata/Sources/Raw/data/maps/campaign_03_05_sub1/text/eng/briefings/0500.hlt,bit-exact copy,"[""color:$local$\\palettes\\font_dark.pcx"", ""font:$local$\\fonts\\font12.fnt"", ""include:$local$\\briefings.txt 500 1""]",,SOURCE_COMPLETE (parsed by cultures_hlt),Map data
124,data\maps\campaign_03_05_sub2\text\eng\briefings\0004.hlt,HLT,152,d7d37093773fa7061a9c97d0eacb06ac18981772d3fc634dab80e28c0210b7f0,Metadata/Sources/Raw/data/maps/campaign_03_05_sub2/text/eng/briefings/0004.hlt,bit-exact copy,"[""color:$local$\\palettes\\font_dark.pcx"", ""font:$local$\\fonts\\font12.fnt"", ""include:$local$\\briefings.txt 04 1""]",,SOURCE_COMPLETE (parsed by cultures_hlt),Map data
125,data\maps\campaign_03_05_sub2\text\eng\briefings\0400.hlt,HLT,152,93ddd1fe3f1323218a0daa77b237dfd5b7eec379bd2dcb44e9acfeca56ccbc41,Metadata/Sources/Raw/data/maps/campaign_03_05_sub2/text/eng/briefings/0400.hlt,bit-exact copy,"[""color:$local$\\palettes\\font_dark.pcx"", ""font:$local$\\fonts\\font12.fnt"", ""include:$local$\\briefings.txt 400 1""]",,SOURCE_COMPLETE (parsed by cultures_hlt),Map data
127,data\maps\campaign_03_06_sub2\text\eng\briefings\0003.hlt,HLT,120,e53aaf83a3a9c60152ca5077b5428aab59fc70c33a645c266bae8d6c54537a7a,Metadata/Sources/Raw/data/maps/campaign_03_06_sub2/text/eng/briefings/0003.hlt,bit-exact copy,"[""color:$local$\\palettes\\font_dark.pcx"", ""font:$local$\\fonts\\font12.fnt"", ""include:$local$\\briefings.txt 03 1""]",,SOURCE_COMPLETE (parsed by cultures_hlt),Map data
128,data\maps\campaign_03_06_sub2\text\eng\briefings\0300.hlt,HLT,152,ce8834cfa0e123291ce0338a60a4ee27a8a6c678db2cf8214749436d7605fdf4,Metadata/Sources/Raw/data/maps/campaign_03_06_sub2/text/eng/briefings/0300.hlt,bit-exact copy,"[""color:$local$\\palettes\\font_dark.pcx"", ""font:$local$\\fonts\\font12.fnt"", ""include:$local$\\briefings.txt 300 1""]",,SOURCE_COMPLETE (parsed by cultures_hlt),Map data
129,data\maps\singleplayer_03_04\text\eng\briefings\briefings.txt,TXT,16305,2057b0b8d324327e3923939deff2b8b2dc40665784635c6b213692f6a7a815e5,Metadata/Sources/Raw/data/maps/singleplayer_03_04/text/eng/briefings/briefings.txt,bit-exact copy,[],,SOURCE_COMPLETE (plain text),Map data
138,data\maps\campaign_03_03_sub3\text\eng\briefings\0600.hlt,HLT,152,13ce8d62eed516e63c5817f87fff84942cb062573e80f87c739e7c20f7cb8953,Metadata/Sources/Raw/data/maps/campaign_03_03_sub3/text/eng/briefings/0600.hlt,bit-exact copy,"[""color:$local$\\palettes\\font_dark.pcx"", ""font:$local$\\fonts\\font12.fnt"", ""include:$local$\\briefings.txt 600 1""]",,SOURCE_COMPLETE (parsed by cultures_hlt),Map data
140,data\maps\campaign_03_05_sub1\text\eng\briefings\0006.hlt,HLT,153,1acc9c6133169057204d7c5e1cd1bcedcfac781bd297a414c32ac12a0dfdb1cb,Metadata/Sources/Raw/data/maps/campaign_03_05_sub1/text/eng/briefings/0006.hlt,bit-exact copy,"[""color:$local$\\palettes\\font_dark.pcx"", ""font:$local$\\fonts\\font12.fnt"", ""include:$local$\\briefings.txt 06 1""]",,SOURCE_COMPLETE (parsed by cultures_hlt),Map data
141,data\maps\campaign_03_05_sub1\text\eng\briefings\0015.hlt,HLT,122,e3481b5cd2ea7d41fee17281388826b008d20323db8e8b434a8f41b692a213ad,Metadata/Sources/Raw/data/maps/campaign_03_05_sub1/text/eng/briefings/0015.hlt,bit-exact copy,"[""color:$local$\\palettes\\font_dark.pcx"", ""font:$local$\\fonts\\font12.fnt"", ""include:$local$\\briefings.txt 15 1""]",,SOURCE_COMPLETE (parsed by cultures_hlt),Map data
142,data\maps\campaign_03_05_sub1\text\eng\briefings\0600.hlt,HLT,152,e0c68abaf3245e4e70060bfd1cb5ed97d3552f4f1b953f6e4aa8c9d80c12fe66,Metadata/Sources/Raw/data/maps/campaign_03_05_sub1/text/eng/briefings/0600.hlt,bit-exact copy,"[""color:$local$\\palettes\\font_dark.pcx"", ""font:$local$\\fonts\\font12.fnt"", ""include:$local$\\briefings.txt 600 1""]",,SOURCE_COMPLETE (parsed by cultures_hlt),Map data
143,data\maps\campaign_03_05_sub2\text\eng\briefings\0005.hlt,HLT,122,84fceb19d50d65418ff813778f4c7e61fd4af754c9d4cddd33f1b7c5f75a76e7,Metadata/Sources/Raw/data/maps/campaign_03_05_sub2/text/eng/briefings/0005.hlt,bit-exact copy,"[""color:$local$\\palettes\\font_dark.pcx"", ""font:$local$\\fonts\\font12.fnt"", ""include:$local$\\briefings.txt 05 1""]",,SOURCE_COMPLETE (parsed by cultures_hlt),Map data
144,data\maps\campaign_03_05_sub2\text\eng\briefings\0050.hlt,HLT,344,d905ac81a07e87cd8ff11b514a9013c01b8828c0ace808b63081ba8889a52ba2,Metadata/Sources/Raw/data/maps/campaign_03_05_sub2/text/eng/briefings/0050.hlt,bit-exact copy,"[""color:$local$\\palettes\\font_dark.pcx"", ""font:$local$\\fonts\\font12.fnt"", ""font:$local$\\fonts\\fonthead16bld.fnt"", ""include:$local$\\briefings.txt 50_end 1"", ""include:$local$\\briefings.txt 50_end1 1"", ""include:$local$\\briefings.txt 50_endheader 1""]",,SOURCE_COMPLETE (parsed by cultures_hlt),Map data
145,data\maps\campaign_03_05_sub2\text\eng\briefings\0500.hlt,HLT,152,02ccec0613f411abb770ae32670c6f7f5d6f2ffc536c8d89f09065b5fa09dbfb,Metadata/Sources/Raw/data/maps/campaign_03_05_sub2/text/eng/briefings/0500.hlt,bit-exact copy,"[""color:$local$\\palettes\\font_dark.pcx"", ""font:$local$\\fonts\\font12.fnt"", ""include:$local$\\briefings.txt 500 1""]",,SOURCE_COMPLETE (parsed by cultures_hlt),Map data
146,data\maps\campaign_03_06_sub1\text\eng\briefings\0050.hlt,HLT,341,b4cac7c8af89111678f2c81758ef636b431fe660c9415511e6cc35939c9d90f4,Metadata/Sources/Raw/data/maps/campaign_03_06_sub1/text/eng/briefings/0050.hlt,bit-exact copy,"[""color:$local$\\palettes\\font_dark.pcx"", ""font:$local$\\fonts\\font12.fnt"", ""font:$local$\\fonts\\fonthead16bld.fnt"", ""include:$local$\\briefings.txt 50_end 1"", ""include:$local$\\briefings.txt 50_end1 1"", ""include:$local$\\briefings.txt 50_endheader 1""]",,SOURCE_COMPLETE (parsed by cultures_hlt),Map data
147,data\maps\campaign_03_06_sub2\text\eng\briefings\0004.hlt,HLT,151,c70477559388a0623234d04de637b4400d0dd62ee40af45351a56762f90877d9,Metadata/Sources/Raw/data/maps/campaign_03_06_sub2/text/eng/briefings/0004.hlt,bit-exact copy,"[""color:$local$\\palettes\\font_dark.pcx"", ""font:$local$\\fonts\\font12.fnt"", ""include:$local$\\briefings.txt 04 1""]",,SOURCE_COMPLETE (parsed by cultures_hlt),Map data
148,data\maps\campaign_03_06_sub2\text\eng\briefings\0400.hlt,HLT,152,93ddd1fe3f1323218a0daa77b237dfd5b7eec379bd2dcb44e9acfeca56ccbc41,Metadata/Sources/Raw/data/maps/campaign_03_06_sub2/text/eng/briefings/0400.hlt,bit-exact copy,"[""color:$local$\\palettes\\font_dark.pcx"", ""font:$local$\\fonts\\font12.fnt"", ""include:$local$\\briefings.txt 400 1""]",,SOURCE_COMPLETE (parsed by cultures_hlt),Map data
150,data\maps\singleplayer_03_05\text\eng\briefings\briefings.txt,TXT,4327,3263eb90c50e094444c62a30f34599f4512af469f4f8c1a286ec494b7c5f76c4,Metadata/Sources/Raw/data/maps/singleplayer_03_05/text/eng/briefings/briefings.txt,bit-exact copy,[],,SOURCE_COMPLETE (plain text),Map data
162,data\maps\campaign_03_03_sub1\text\eng\briefings\0009.hlt,HLT,274,e84dc304ec9a409ae265ebccf6091c0f9634cc8f4904fff1b9bc091e809ca1d9,Metadata/Sources/Raw/data/maps/campaign_03_03_sub1/text/eng/briefings/0009.hlt,bit-exact copy,"[""color:$local$\\palettes\\font_dark.pcx"", ""font:$local$\\fonts\\font12.fnt"", ""font:$local$\\fonts\\fonthead16bld.fnt"", ""include:$local$\\briefings.txt 09_end_header 1"", ""include:$local$\\briefings.txt 09_end_text1 1""]",,SOURCE_COMPLETE (parsed by cultures_hlt),Map data
163,data\maps\campaign_03_05_sub1\text\eng\briefings\0007.hlt,HLT,153,e27ef392c0186c37e031f4c384ca591eb5f6420ccab6a0ca59d70cc37f019c55,Metadata/Sources/Raw/data/maps/campaign_03_05_sub1/text/eng/briefings/0007.hlt,bit-exact copy,"[""color:$local$\\palettes\\font_dark.pcx"", ""font:$local$\\fonts\\font12.fnt"", ""include:$local$\\briefings.txt 07 1""]",,SOURCE_COMPLETE (parsed by cultures_hlt),Map data
164,data\maps\campaign_03_05_sub1\text\eng\briefings\0016.hlt,HLT,155,d3e860cce99392af13eb0767c877577df787b4381f9d90d61542eeaf7ace2084,Metadata/Sources/Raw/data/maps/campaign_03_05_sub1/text/eng/briefings/0016.hlt,bit-exact copy,"[""color:$local$\\palettes\\font_dark.pcx"", ""font:$local$\\fonts\\font12.fnt"", ""include:$local$\\briefings.txt 16 1""]",,SOURCE_COMPLETE (parsed by cultures_hlt),Map data
165,data\maps\campaign_03_05_sub2\text\eng\briefings\0006.hlt,HLT,122,0f6230729ae1bb90597719b29a8fadaa9e39ba01750d0a5ebffd950eb910d233,Metadata/Sources/Raw/data/maps/campaign_03_05_sub2/text/eng/briefings/0006.hlt,bit-exact copy,"[""color:$local$\\palettes\\font_dark.pcx"", ""font:$local$\\fonts\\font12.fnt"", ""include:$local$\\briefings.txt 06 1""]",,SOURCE_COMPLETE (parsed by cultures_hlt),Map data
166,data\maps\campaign_03_05_sub2\text\eng\briefings\0600.hlt,HLT,152,e0c68abaf3245e4e70060bfd1cb5ed97d3552f4f1b953f6e4aa8c9d80c12fe66,Metadata/Sources/Raw/data/maps/campaign_03_05_sub2/text/eng/briefings/0600.hlt,bit-exact copy,"[""color:$local$\\palettes\\font_dark.pcx"", ""font:$local$\\fonts\\font12.fnt"", ""include:$local$\\briefings.txt 600 1""]",,SOURCE_COMPLETE (parsed by cultures_hlt),Map data
168,data\maps\campaign_03_06_sub2\text\eng\briefings\0005.hlt,HLT,151,3322da1cc7c23345538c66cbe610cba6efae3f438940a6171ec2c512efcf6e2b,Metadata/Sources/Raw/data/maps/campaign_03_06_sub2/text/eng/briefings/0005.hlt,bit-exact copy,"[""color:$local$\\palettes\\font_dark.pcx"", ""font:$local$\\fonts\\font12.fnt"", ""include:$local$\\briefings.txt 05 1""]",,SOURCE_COMPLETE (parsed by cultures_hlt),Map data
169,data\maps\campaign_03_06_sub2\text\eng\briefings\0050.hlt,HLT,345,7c5d78f6b8a84cf45c03033ffbd97d01f0b00893ff36215ae3a3894fd58826ed,Metadata/Sources/Raw/data/maps/campaign_03_06_sub2/text/eng/briefings/0050.hlt,bit-exact copy,"[""color:$local$\\palettes\\font_dark.pcx"", ""font:$local$\\fonts\\font12.fnt"", ""font:$local$\\fonts\\fonthead16bld.fnt"", ""include:$local$\\briefings.txt 50_end 1"", ""include:$local$\\briefings.txt 50_end1 1"", ""include:$local$\\briefings.txt 50_endheader 1""]",,SOURCE_COMPLETE (parsed by cultures_hlt),Map data
182,data\maps\campaign_03_03_sub2\text\eng\briefings\0009.hlt,HLT,274,e84dc304ec9a409ae265ebccf6091c0f9634cc8f4904fff1b9bc091e809ca1d9,Metadata/Sources/Raw/data/maps/campaign_03_03_sub2/text/eng/briefings/0009.hlt,bit-exact copy,"[""color:$local$\\palettes\\font_dark.pcx"", ""font:$local$\\fonts\\font12.fnt"", ""font:$local$\\fonts\\fonthead16bld.fnt"", ""include:$local$\\briefings.txt 09_end_header 1"", ""include:$local$\\briefings.txt 09_end_text1 1""]",,SOURCE_COMPLETE (parsed by cultures_hlt),Map data
183,data\maps\campaign_03_05_sub1\text\eng\briefings\0008.hlt,HLT,153,33f5cda95f48f8600af92bfbee254c792352c0f57d4e37df9c0bb8b92acde0bf,Metadata/Sources/Raw/data/maps/campaign_03_05_sub1/text/eng/briefings/0008.hlt,bit-exact copy,"[""color:$local$\\palettes\\font_dark.pcx"", ""font:$local$\\fonts\\font12.fnt"", ""include:$local$\\briefings.txt 08 1""]",,SOURCE_COMPLETE (parsed by cultures_hlt),Map data
184,data\maps\campaign_03_05_sub1\text\eng\briefings\0017.hlt,HLT,155,e92b0a698a687a8c78147a4b93a3c0c4098fb0113fe9292a6ff14d8e25f7b6b2,Metadata/Sources/Raw/data/maps/campaign_03_05_sub1/text/eng/briefings/0017.hlt,bit-exact copy,"[""color:$local$\\palettes\\font_dark.pcx"", ""font:$local$\\fonts\\font12.fnt"", ""include:$local$\\briefings.txt 17 1""]",,SOURCE_COMPLETE (parsed by cultures_hlt),Map data
185,data\maps\campaign_03_05_sub2\text\eng\briefings\0007.hlt,HLT,153,e27ef392c0186c37e031f4c384ca591eb5f6420ccab6a0ca59d70cc37f019c55,Metadata/Sources/Raw/data/maps/campaign_03_05_sub2/text/eng/briefings/0007.hlt,bit-exact copy,"[""color:$local$\\palettes\\font_dark.pcx"", ""font:$local$\\fonts\\font12.fnt"", ""include:$local$\\briefings.txt 07 1""]",,SOURCE_COMPLETE (parsed by cultures_hlt),Map data
186,data\maps\campaign_03_06_sub2\text\eng\briefings\0006.hlt,HLT,152,f050d09bc29835c63ab4e001a65b39669208e9c2bf4400b64c2e41338bdde923,Metadata/Sources/Raw/data/maps/campaign_03_06_sub2/text/eng/briefings/0006.hlt,bit-exact copy,"[""color:$local$\\palettes\\font_dark.pcx"", ""font:$local$\\fonts\\font12.fnt"", ""include:$local$\\briefings.txt 06 1""]",,SOURCE_COMPLETE (parsed by cultures_hlt),Map data
196,data\maps\campaign_03_03_sub3\text\eng\briefings\0009.hlt,HLT,274,e84dc304ec9a409ae265ebccf6091c0f9634cc8f4904fff1b9bc091e809ca1d9,Metadata/Sources/Raw/data/maps/campaign_03_03_sub3/text/eng/briefings/0009.hlt,bit-exact copy,"[""color:$local$\\palettes\\font_dark.pcx"", ""font:$local$\\fonts\\font12.fnt"", ""font:$local$\\fonts\\fonthead16bld.fnt"", ""include:$local$\\briefings.txt 09_end_header 1"", ""include:$local$\\briefings.txt 09_end_text1 1""]",,SOURCE_COMPLETE (parsed by cultures_hlt),Map data
197,data\maps\campaign_03_05_sub1\text\eng\briefings\0009.hlt,HLT,153,54ce660b16ae0801c45f11afe480f12c693d1deface8366ce5b23ef3ab9d81e5,Metadata/Sources/Raw/data/maps/campaign_03_05_sub1/text/eng/briefings/0009.hlt,bit-exact copy,"[""color:$local$\\palettes\\font_dark.pcx"", ""font:$local$\\fonts\\font12.fnt"", ""include:$local$\\briefings.txt 09 1""]",,SOURCE_COMPLETE (parsed by cultures_hlt),Map data
198,data\maps\campaign_03_05_sub1\text\eng\briefings\0018.hlt,HLT,155,01ca04b23e3b22d9f893d5426e6d8b4c22058066b3761816fdcc48536430cc12,Metadata/Sources/Raw/data/maps/campaign_03_05_sub1/text/eng/briefings/0018.hlt,bit-exact copy,"[""color:$local$\\palettes\\font_dark.pcx"", ""font:$local$\\fonts\\font12.fnt"", ""include:$local$\\briefings.txt 18 1""]",,SOURCE_COMPLETE (parsed by cultures_hlt),Map data
199,data\maps\campaign_03_05_sub2\text\eng\briefings\0008.hlt,HLT,153,33f5cda95f48f8600af92bfbee254c792352c0f57d4e37df9c0bb8b92acde0bf,Metadata/Sources/Raw/data/maps/campaign_03_05_sub2/text/eng/briefings/0008.hlt,bit-exact copy,"[""color:$local$\\palettes\\font_dark.pcx"", ""font:$local$\\fonts\\font12.fnt"", ""include:$local$\\briefings.txt 08 1""]",,SOURCE_COMPLETE (parsed by cultures_hlt),Map data
200,data\maps\campaign_03_06_sub2\text\eng\briefings\0007.hlt,HLT,122,d0e7616b775ad7d0353a9cffdf18254fe9285d43de55564e35fd9104d43ec2ba,Metadata/Sources/Raw/data/maps/campaign_03_06_sub2/text/eng/briefings/0007.hlt,bit-exact copy,"[""color:$local$\\palettes\\font_dark.pcx"", ""font:$local$\\fonts\\font12.fnt"", ""include:$local$\\briefings.txt 07 1""]",,SOURCE_COMPLETE (parsed by cultures_hlt),Map data
211,data\maps\campaign_03_05_sub1\text\eng\briefings\0019.hlt,HLT,155,29ade9f9ed3660087838c7d875ed619699ee2267bb8be7597f4e6762ad09a439,Metadata/Sources/Raw/data/maps/campaign_03_05_sub1/text/eng/briefings/0019.hlt,bit-exact copy,"[""color:$local$\\palettes\\font_dark.pcx"", ""font:$local$\\fonts\\font12.fnt"", ""include:$local$\\briefings.txt 19 1""]",,SOURCE_COMPLETE (parsed by cultures_hlt),Map data
212,data\maps\campaign_03_05_sub2\text\eng\briefings\0009.hlt,HLT,153,54ce660b16ae0801c45f11afe480f12c693d1deface8366ce5b23ef3ab9d81e5,Metadata/Sources/Raw/data/maps/campaign_03_05_sub2/text/eng/briefings/0009.hlt,bit-exact copy,"[""color:$local$\\palettes\\font_dark.pcx"", ""font:$local$\\fonts\\font12.fnt"", ""include:$local$\\briefings.txt 09 1""]",,SOURCE_COMPLETE (parsed by cultures_hlt),Map data
238,data\maps\campaign_03_03_sub1\text\eng\briefings\briefings.txt,TXT,3123,cd6a86f47da836b5221a28269222423c113501b430f4fdd4faf98c8c25fa51dc,Metadata/Sources/Raw/data/maps/campaign_03_03_sub1/text/eng/briefings/briefings.txt,bit-exact copy,[],,SOURCE_COMPLETE (plain text),Map data
243,data\maps\campaign_03_03_sub2\text\eng\briefings\briefings.txt,TXT,3123,ff9597ffe0e11f3d5da88fdb41931465cd86e72977460f9ded0f07cacef5bc06,Metadata/Sources/Raw/data/maps/campaign_03_03_sub2/text/eng/briefings/briefings.txt,bit-exact copy,[],,SOURCE_COMPLETE (plain text),Map data
248,data\maps\campaign_03_03_sub3\text\eng\briefings\briefings.txt,TXT,3832,04c82e6b65edf6cef97864b8eb6431433d61250a067d1438e2bf158572bd6d89,Metadata/Sources/Raw/data/maps/campaign_03_03_sub3/text/eng/briefings/briefings.txt,bit-exact copy,[],,SOURCE_COMPLETE (plain text),Map data
249,data\maps\campaign_03_05_sub1\text\eng\briefings\briefings.txt,TXT,4443,96e0e572d0bd1a3f438972543465db985ec340db2b9ebfad1564e1b29633d7d1,Metadata/Sources/Raw/data/maps/campaign_03_05_sub1/text/eng/briefings/briefings.txt,bit-exact copy,[],,SOURCE_COMPLETE (plain text),Map data
254,data\maps\campaign_03_05_sub2\text\eng\briefings\briefings.txt,TXT,4652,16b1f1019085ac16d2dc6f28b19fb3629b5b3c5dbad6bda54adad0c6d237043a,Metadata/Sources/Raw/data/maps/campaign_03_05_sub2/text/eng/briefings/briefings.txt,bit-exact copy,[],,SOURCE_COMPLETE (plain text),Map data
255,data\maps\campaign_03_06_sub1\text\eng\briefings\briefings.txt,TXT,1216,ce81ff208481fcc3ff65d936e403ef211122572117da47d38828764e6bf8cf65,Metadata/Sources/Raw/data/maps/campaign_03_06_sub1/text/eng/briefings/briefings.txt,bit-exact copy,[],,SOURCE_COMPLETE (plain text),Map data
258,data\maps\campaign_03_06_sub2\text\eng\briefings\briefings.txt,TXT,3851,318faaa1114c1505bc1cd29881e1315ff114f4854d250e03ec6f499caeea41ed,Metadata/Sources/Raw/data/maps/campaign_03_06_sub2/text/eng/briefings/briefings.txt,bit-exact copy,[],,SOURCE_COMPLETE (plain text),Map data
268,data\maps\multiplayer_204_special_cap-the-flag\text\eng\briefings\0000.hlt,HLT,269,bd1fe276cebcdf5762ae0227257d86f8dbda7e9efbd842b77a6aabaa57cd55b7,Metadata/Sources/Raw/data/maps/multiplayer_204_special_cap-the-flag/text/eng/briefings/0000.hlt,bit-exact copy,"[""color:$local$\\palettes\\font_dark.pcx"", ""font:$local$\\fonts\\font12.fnt"", ""font:$local$\\fonts\\fonthead16bld.fnt"", ""include:$local$\\briefings.txt begin_00 1"", ""include:$local$\\briefings.txt header 1""]",,SOURCE_COMPLETE (parsed by cultures_hlt),Map data
273,data\maps\multiplayer_204_special_cap-the-flag\text\eng\briefings\0001.hlt,HLT,128,85ddb9013d343d5cd4691fce9e334b21c8872f3ecb54b4f173642868d97df84a,Metadata/Sources/Raw/data/maps/multiplayer_204_special_cap-the-flag/text/eng/briefings/0001.hlt,bit-exact copy,"[""color:$local$\\palettes\\font_dark.pcx"", ""font:$local$\\fonts\\font12.fnt"", ""include:$local$\\briefings.txt 01 1""]",,SOURCE_COMPLETE (parsed by cultures_hlt),Map data
274,data\maps\multiplayer_204_special_cap-the-flag\text\eng\briefings\0010.hlt,HLT,128,a1541574c8c452cf015476bf035fc505d4d20f39b1d54800323d504cbf6a339b,Metadata/Sources/Raw/data/maps/multiplayer_204_special_cap-the-flag/text/eng/briefings/0010.hlt,bit-exact copy,"[""color:$local$\\palettes\\font_dark.pcx"", ""font:$local$\\fonts\\font12.fnt"", ""include:$local$\\briefings.txt 10 1""]",,SOURCE_COMPLETE (parsed by cultures_hlt),Map data
280,data\maps\multiplayer_204_special_cap-the-flag\text\eng\briefings\0002.hlt,HLT,128,065be8693312b5ed5a7910bbe20453353b24dc2b2f9a58e630cf99019bd7cdd1,Metadata/Sources/Raw/data/maps/multiplayer_204_special_cap-the-flag/text/eng/briefings/0002.hlt,bit-exact copy,"[""color:$local$\\palettes\\font_dark.pcx"", ""font:$local$\\fonts\\font12.fnt"", ""include:$local$\\briefings.txt 02 1""]",,SOURCE_COMPLETE (parsed by cultures_hlt),Map data
281,data\maps\multiplayer_204_special_cap-the-flag\text\eng\briefings\0011.hlt,HLT,128,29b5e72fa6cac215d32c044b1de923f1dc7fc189eef99b3a32a951a1cbce089b,Metadata/Sources/Raw/data/maps/multiplayer_204_special_cap-the-flag/text/eng/briefings/0011.hlt,bit-exact copy,"[""color:$local$\\palettes\\font_dark.pcx"", ""font:$local$\\fonts\\font12.fnt"", ""include:$local$\\briefings.txt 11 1""]",,SOURCE_COMPLETE (parsed by cultures_hlt),Map data
282,data\maps\multiplayer_204_special_cap-the-flag\text\eng\briefings\0020.hlt,HLT,128,c418b5a96b13a69c3b5a2feae3f58e6e2784043e9958debabcc8a0d3b436c4ad,Metadata/Sources/Raw/data/maps/multiplayer_204_special_cap-the-flag/text/eng/briefings/0020.hlt,bit-exact copy,"[""color:$local$\\palettes\\font_dark.pcx"", ""font:$local$\\fonts\\font12.fnt"", ""include:$local$\\briefings.txt 20 1""]",,SOURCE_COMPLETE (parsed by cultures_hlt),Map data
288,data\maps\multiplayer_204_special_cap-the-flag\text\eng\briefings\0003.hlt,HLT,128,6de2f55234ba94a126bf1c45ef5c18596b0da193033c988d5541672082c7fd02,Metadata/Sources/Raw/data/maps/multiplayer_204_special_cap-the-flag/text/eng/briefings/0003.hlt,bit-exact copy,"[""color:$local$\\palettes\\font_dark.pcx"", ""font:$local$\\fonts\\font12.fnt"", ""include:$local$\\briefings.txt 03 1""]",,SOURCE_COMPLETE (parsed by cultures_hlt),Map data
289,data\maps\multiplayer_204_special_cap-the-flag\text\eng\briefings\0012.hlt,HLT,128,2c219a18bcfcdbd8f38c1eec32688295d38e083b1ee873fce013d08445b84462,Metadata/Sources/Raw/data/maps/multiplayer_204_special_cap-the-flag/text/eng/briefings/0012.hlt,bit-exact copy,"[""color:$local$\\palettes\\font_dark.pcx"", ""font:$local$\\fonts\\font12.fnt"", ""include:$local$\\briefings.txt 12 1""]",,SOURCE_COMPLETE (parsed by cultures_hlt),Map data
290,data\maps\multiplayer_204_special_cap-the-flag\text\eng\briefings\0021.hlt,HLT,128,7b3d2b99fdd521051353020105d499d4c9f480b46cfb4f7243bc049ada678a1a,Metadata/Sources/Raw/data/maps/multiplayer_204_special_cap-the-flag/text/eng/briefings/0021.hlt,bit-exact copy,"[""color:$local$\\palettes\\font_dark.pcx"", ""font:$local$\\fonts\\font12.fnt"", ""include:$local$\\briefings.txt 21 1""]",,SOURCE_COMPLETE (parsed by cultures_hlt),Map data
291,data\maps\multiplayer_204_special_cap-the-flag\text\eng\briefings\0030.hlt,HLT,128,b53f892dda28d83b88491d4a7c5f974f50e72934a783da99a92ef93d0a916e24,Metadata/Sources/Raw/data/maps/multiplayer_204_special_cap-the-flag/text/eng/briefings/0030.hlt,bit-exact copy,"[""color:$local$\\palettes\\font_dark.pcx"", ""font:$local$\\fonts\\font12.fnt"", ""include:$local$\\briefings.txt 30 1""]",,SOURCE_COMPLETE (parsed by cultures_hlt),Map data
299,data\maps\multiplayer_204_special_cap-the-flag\text\eng\briefings\0004.hlt,HLT,128,c46370075fc5798685ee823025b9ee7cb05757dab021fe0331e0167ad957a4ff,Metadata/Sources/Raw/data/maps/multiplayer_204_special_cap-the-flag/text/eng/briefings/0004.hlt,bit-exact copy,"[""color:$local$\\palettes\\font_dark.pcx"", ""font:$local$\\fonts\\font12.fnt"", ""include:$local$\\briefings.txt 04 1""]",,SOURCE_COMPLETE (parsed by cultures_hlt),Map data
300,data\maps\multiplayer_204_special_cap-the-flag\text\eng\briefings\0013.hlt,HLT,128,106d0d16f52d72c41cea52db2b791379f1264ff05a0391fbe9ec241fef6743a8,Metadata/Sources/Raw/data/maps/multiplayer_204_special_cap-the-flag/text/eng/briefings/0013.hlt,bit-exact copy,"[""color:$local$\\palettes\\font_dark.pcx"", ""font:$local$\\fonts\\font12.fnt"", ""include:$local$\\briefings.txt 13 1""]",,SOURCE_COMPLETE (parsed by cultures_hlt),Map data
301,data\maps\multiplayer_204_special_cap-the-flag\text\eng\briefings\0022.hlt,HLT,128,1caacf118d512b9d027a343ac7e63f1c5cec69d019ecdbfe523bc4e1d20855e1,Metadata/Sources/Raw/data/maps/multiplayer_204_special_cap-the-flag/text/eng/briefings/0022.hlt,bit-exact copy,"[""color:$local$\\palettes\\font_dark.pcx"", ""font:$local$\\fonts\\font12.fnt"", ""include:$local$\\briefings.txt 22 1""]",,SOURCE_COMPLETE (parsed by cultures_hlt),Map data
302,data\maps\multiplayer_204_special_cap-the-flag\text\eng\briefings\0031.hlt,HLT,128,a9405b58b4b8e817bf896c7a93f7a6e65ff421a7ea580411fc1fcf8bb961b16b,Metadata/Sources/Raw/data/maps/multiplayer_204_special_cap-the-flag/text/eng/briefings/0031.hlt,bit-exact copy,"[""color:$local$\\palettes\\font_dark.pcx"", ""font:$local$\\fonts\\font12.fnt"", ""include:$local$\\briefings.txt 31 1""]",,SOURCE_COMPLETE (parsed by cultures_hlt),Map data
309,data\maps\campaign_03_04\used_humanids.txt,TXT,2268,1013ff512ee47d2a5c1f946f4548bec69ccf9f4f129f4aeb9fbe18be164bc014,Metadata/Sources/Raw/data/maps/campaign_03_04/used_humanids.txt,bit-exact copy,[],,SOURCE_COMPLETE (plain text),Map data
311,data\maps\multiplayer_204_special_cap-the-flag\text\eng\briefings\0005.hlt,HLT,128,8e9f74007cbed47601263a9e69307e7b73a0dab883146b049e787731cf5a749f,Metadata/Sources/Raw/data/maps/multiplayer_204_special_cap-the-flag/text/eng/briefings/0005.hlt,bit-exact copy,"[""color:$local$\\palettes\\font_dark.pcx"", ""font:$local$\\fonts\\font12.fnt"", ""include:$local$\\briefings.txt 05 1""]",,SOURCE_COMPLETE (parsed by cultures_hlt),Map data
312,data\maps\multiplayer_204_special_cap-the-flag\text\eng\briefings\0014.hlt,HLT,128,60bda10a00fd41b442e88a66d9e37031fbbbda4ce9c4140a8322c7c9ed53900b,Metadata/Sources/Raw/data/maps/multiplayer_204_special_cap-the-flag/text/eng/briefings/0014.hlt,bit-exact copy,"[""color:$local$\\palettes\\font_dark.pcx"", ""font:$local$\\fonts\\font12.fnt"", ""include:$local$\\briefings.txt 14 1""]",,SOURCE_COMPLETE (parsed by cultures_hlt),Map data
313,data\maps\multiplayer_204_special_cap-the-flag\text\eng\briefings\0023.hlt,HLT,128,39361d3342fb01539de08b87006c5d9bbe7351e049fedcef720952d4e8dac595,Metadata/Sources/Raw/data/maps/multiplayer_204_special_cap-the-flag/text/eng/briefings/0023.hlt,bit-exact copy,"[""color:$local$\\palettes\\font_dark.pcx"", ""font:$local$\\fonts\\font12.fnt"", ""include:$local$\\briefings.txt 23 1""]",,SOURCE_COMPLETE (parsed by cultures_hlt),Map data
314,data\maps\multiplayer_204_special_cap-the-flag\text\eng\briefings\0032.hlt,HLT,128,ece6ead966c76ba938aacffd07c97528cadb818a13e7f6bb17a4585b1023a800,Metadata/Sources/Raw/data/maps/multiplayer_204_special_cap-the-flag/text/eng/briefings/0032.hlt,bit-exact copy,"[""color:$local$\\palettes\\font_dark.pcx"", ""font:$local$\\fonts\\font12.fnt"", ""include:$local$\\briefings.txt 32 1""]",,SOURCE_COMPLETE (parsed by cultures_hlt),Map data
320,data\maps\multiplayer_204_special_cap-the-flag\text\eng\briefings\0006.hlt,HLT,128,2e5101d8c5d87adfbc15876ae6c870453ef02eced561ea6b5b371bb59bc8e8f9,Metadata/Sources/Raw/data/maps/multiplayer_204_special_cap-the-flag/text/eng/briefings/0006.hlt,bit-exact copy,"[""color:$local$\\palettes\\font_dark.pcx"", ""font:$local$\\fonts\\font12.fnt"", ""include:$local$\\briefings.txt 06 1""]",,SOURCE_COMPLETE (parsed by cultures_hlt),Map data
321,data\maps\multiplayer_204_special_cap-the-flag\text\eng\briefings\0015.hlt,HLT,128,6c481c95453f981110f8daadf0d0570bc5a7ba7602798ee10a0dcd9679697be5,Metadata/Sources/Raw/data/maps/multiplayer_204_special_cap-the-flag/text/eng/briefings/0015.hlt,bit-exact copy,"[""color:$local$\\palettes\\font_dark.pcx"", ""font:$local$\\fonts\\font12.fnt"", ""include:$local$\\briefings.txt 15 1""]",,SOURCE_COMPLETE (parsed by cultures_hlt),Map data
322,data\maps\multiplayer_204_special_cap-the-flag\text\eng\briefings\0024.hlt,HLT,128,3bff9f66654fe8068fe308b9227f829a1ae8ee6d0931642bb79a065a60b2492e,Metadata/Sources/Raw/data/maps/multiplayer_204_special_cap-the-flag/text/eng/briefings/0024.hlt,bit-exact copy,"[""color:$local$\\palettes\\font_dark.pcx"", ""font:$local$\\fonts\\font12.fnt"", ""include:$local$\\briefings.txt 24 1""]",,SOURCE_COMPLETE (parsed by cultures_hlt),Map data
323,data\maps\multiplayer_204_special_cap-the-flag\text\eng\briefings\0033.hlt,HLT,128,0adeb1747bacefbf9627b33270f5c8c3ff43a6892f811547e8a058290dada1f7,Metadata/Sources/Raw/data/maps/multiplayer_204_special_cap-the-flag/text/eng/briefings/0033.hlt,bit-exact copy,"[""color:$local$\\palettes\\font_dark.pcx"", ""font:$local$\\fonts\\font12.fnt"", ""include:$local$\\briefings.txt 33 1""]",,SOURCE_COMPLETE (parsed by cultures_hlt),Map data
330,data\maps\multiplayer_204_special_cap-the-flag\text\eng\briefings\0007.hlt,HLT,128,b4457d8d99999706a37f345fd0d90be49c70757c097aa149309f2e7f34b177cc,Metadata/Sources/Raw/data/maps/multiplayer_204_special_cap-the-flag/text/eng/briefings/0007.hlt,bit-exact copy,"[""color:$local$\\palettes\\font_dark.pcx"", ""font:$local$\\fonts\\font12.fnt"", ""include:$local$\\briefings.txt 07 1""]",,SOURCE_COMPLETE (parsed by cultures_hlt),Map data
331,data\maps\multiplayer_204_special_cap-the-flag\text\eng\briefings\0016.hlt,HLT,128,b5327f2bb6a76cde7a38a536facb0559a9e93d01e8c09f0d9283163b1cb8bd0a,Metadata/Sources/Raw/data/maps/multiplayer_204_special_cap-the-flag/text/eng/briefings/0016.hlt,bit-exact copy,"[""color:$local$\\palettes\\font_dark.pcx"", ""font:$local$\\fonts\\font12.fnt"", ""include:$local$\\briefings.txt 16 1""]",,SOURCE_COMPLETE (parsed by cultures_hlt),Map data
332,data\maps\multiplayer_204_special_cap-the-flag\text\eng\briefings\0025.hlt,HLT,128,57e7076016755898d7b39258370d1b83d49c7d7edb9eafc071160c8b075971b2,Metadata/Sources/Raw/data/maps/multiplayer_204_special_cap-the-flag/text/eng/briefings/0025.hlt,bit-exact copy,"[""color:$local$\\palettes\\font_dark.pcx"", ""font:$local$\\fonts\\font12.fnt"", ""include:$local$\\briefings.txt 25 1""]",,SOURCE_COMPLETE (parsed by cultures_hlt),Map data
333,data\maps\multiplayer_204_special_cap-the-flag\text\eng\briefings\0034.hlt,HLT,128,2d87b07d6b3b126f5005be48a9e950bd8f3ab97efe8a360a63bf2f00cdc51813,Metadata/Sources/Raw/data/maps/multiplayer_204_special_cap-the-flag/text/eng/briefings/0034.hlt,bit-exact copy,"[""color:$local$\\palettes\\font_dark.pcx"", ""font:$local$\\fonts\\font12.fnt"", ""include:$local$\\briefings.txt 34 1""]",,SOURCE_COMPLETE (parsed by cultures_hlt),Map data
340,data\maps\multiplayer_204_special_cap-the-flag\text\eng\briefings\0008.hlt,HLT,128,1f2b666609cf95fbbbd42a6c6c5cf19dd328c05e576c1765793d4956d3f6b97f,Metadata/Sources/Raw/data/maps/multiplayer_204_special_cap-the-flag/text/eng/briefings/0008.hlt,bit-exact copy,"[""color:$local$\\palettes\\font_dark.pcx"", ""font:$local$\\fonts\\font12.fnt"", ""include:$local$\\briefings.txt 08 1""]",,SOURCE_COMPLETE (parsed by cultures_hlt),Map data
341,data\maps\multiplayer_204_special_cap-the-flag\text\eng\briefings\0017.hlt,HLT,128,3d6f648bb692461d84d2bb01f42be2d932a5c041b332cf18bd6fb58181b7e0bb,Metadata/Sources/Raw/data/maps/multiplayer_204_special_cap-the-flag/text/eng/briefings/0017.hlt,bit-exact copy,"[""color:$local$\\palettes\\font_dark.pcx"", ""font:$local$\\fonts\\font12.fnt"", ""include:$local$\\briefings.txt 17 1""]",,SOURCE_COMPLETE (parsed by cultures_hlt),Map data
342,data\maps\multiplayer_204_special_cap-the-flag\text\eng\briefings\0026.hlt,HLT,128,18bf80b58c52e98430eeb3da7658100e66ae01e90738306e61963ed740a721c3,Metadata/Sources/Raw/data/maps/multiplayer_204_special_cap-the-flag/text/eng/briefings/0026.hlt,bit-exact copy,"[""color:$local$\\palettes\\font_dark.pcx"", ""font:$local$\\fonts\\font12.fnt"", ""include:$local$\\briefings.txt 26 1""]",,SOURCE_COMPLETE (parsed by cultures_hlt),Map data
343,data\maps\multiplayer_204_special_cap-the-flag\text\eng\briefings\0035.hlt,HLT,128,1a58041acbe0e6b52697dbb4d0b7f479471c7fe9e00e4d18ab38635e06c99fe3,Metadata/Sources/Raw/data/maps/multiplayer_204_special_cap-the-flag/text/eng/briefings/0035.hlt,bit-exact copy,"[""color:$local$\\palettes\\font_dark.pcx"", ""font:$local$\\fonts\\font12.fnt"", ""include:$local$\\briefings.txt 35 1""]",,SOURCE_COMPLETE (parsed by cultures_hlt),Map data
354,data\maps\multiplayer_204_special_cap-the-flag\text\eng\briefings\0009.hlt,HLT,128,5c8aac9169070a5fa60287fac34962f08463e9c13104d23cbb532a8077166e44,Metadata/Sources/Raw/data/maps/multiplayer_204_special_cap-the-flag/text/eng/briefings/0009.hlt,bit-exact copy,"[""color:$local$\\palettes\\font_dark.pcx"", ""font:$local$\\fonts\\font12.fnt"", ""include:$local$\\briefings.txt 09 1""]",,SOURCE_COMPLETE (parsed by cultures_hlt),Map data
355,data\maps\multiplayer_204_special_cap-the-flag\text\eng\briefings\0018.hlt,HLT,128,ed1dd0625299588a33475a28a7ca3a90104efa261436ca45f54e0a1869b4687a,Metadata/Sources/Raw/data/maps/multiplayer_204_special_cap-the-flag/text/eng/briefings/0018.hlt,bit-exact copy,"[""color:$local$\\palettes\\font_dark.pcx"", ""font:$local$\\fonts\\font12.fnt"", ""include:$local$\\briefings.txt 18 1""]",,SOURCE_COMPLETE (parsed by cultures_hlt),Map data
356,data\maps\multiplayer_204_special_cap-the-flag\text\eng\briefings\0027.hlt,HLT,128,9be1671c005df3d39517392b72673ede77f29a11a686873bc74858044533e2c8,Metadata/Sources/Raw/data/maps/multiplayer_204_special_cap-the-flag/text/eng/briefings/0027.hlt,bit-exact copy,"[""color:$local$\\palettes\\font_dark.pcx"", ""font:$local$\\fonts\\font12.fnt"", ""include:$local$\\briefings.txt 27 1""]",,SOURCE_COMPLETE (parsed by cultures_hlt),Map data
357,data\maps\multiplayer_204_special_cap-the-flag\text\eng\briefings\0036.hlt,HLT,128,a3a6816539ca46e6e1a15e86bb0f962c6d43b382c3c9e3431da8551f409bf5dc,Metadata/Sources/Raw/data/maps/multiplayer_204_special_cap-the-flag/text/eng/briefings/0036.hlt,bit-exact copy,"[""color:$local$\\palettes\\font_dark.pcx"", ""font:$local$\\fonts\\font12.fnt"", ""include:$local$\\briefings.txt 36 1""]",,SOURCE_COMPLETE (parsed by cultures_hlt),Map data
364,data\maps\multiplayer_204_special_cap-the-flag\text\eng\briefings\0019.hlt,HLT,128,9794fb415a3fa9575ea65854e0fb152fdd360878a38b0ff9851f8358ff46fa2e,Metadata/Sources/Raw/data/maps/multiplayer_204_special_cap-the-flag/text/eng/briefings/0019.hlt,bit-exact copy,"[""color:$local$\\palettes\\font_dark.pcx"", ""font:$local$\\fonts\\font12.fnt"", ""include:$local$\\briefings.txt 19 1""]",,SOURCE_COMPLETE (parsed by cultures_hlt),Map data
365,data\maps\multiplayer_204_special_cap-the-flag\text\eng\briefings\0028.hlt,HLT,128,5f51263978708fcd2fdaa152f0b539567384f6fd97d6a1a9accdbdf6e4fabdef,Metadata/Sources/Raw/data/maps/multiplayer_204_special_cap-the-flag/text/eng/briefings/0028.hlt,bit-exact copy,"[""color:$local$\\palettes\\font_dark.pcx"", ""font:$local$\\fonts\\font12.fnt"", ""include:$local$\\briefings.txt 28 1""]",,SOURCE_COMPLETE (parsed by cultures_hlt),Map data
366,data\maps\multiplayer_204_special_cap-the-flag\text\eng\briefings\0037.hlt,HLT,128,1e2c56b51de470032c5382b387c282685dfb15142d5c53ca3b2d6676858cca17,Metadata/Sources/Raw/data/maps/multiplayer_204_special_cap-the-flag/text/eng/briefings/0037.hlt,bit-exact copy,"[""color:$local$\\palettes\\font_dark.pcx"", ""font:$local$\\fonts\\font12.fnt"", ""include:$local$\\briefings.txt 37 1""]",,SOURCE_COMPLETE (parsed by cultures_hlt),Map data
371,data\maps\multiplayer_203_special_militär\text\eng\briefings\0000.hlt,HLT,269,bd1fe276cebcdf5762ae0227257d86f8dbda7e9efbd842b77a6aabaa57cd55b7,Metadata/Sources/Raw/data/maps/multiplayer_203_special_militär/text/eng/briefings/0000.hlt,bit-exact copy,"[""color:$local$\\palettes\\font_dark.pcx"", ""font:$local$\\fonts\\font12.fnt"", ""font:$local$\\fonts\\fonthead16bld.fnt"", ""include:$local$\\briefings.txt begin_00 1"", ""include:$local$\\briefings.txt header 1""]",,SOURCE_COMPLETE (parsed by cultures_hlt),Map data
372,data\maps\multiplayer_204_special_cap-the-flag\text\eng\briefings\0029.hlt,HLT,128,49e80e228a9b655019ad8e3cd347e7c2c958961de3e7e2c45b07c3083d6b9d67,Metadata/Sources/Raw/data/maps/multiplayer_204_special_cap-the-flag/text/eng/briefings/0029.hlt,bit-exact copy,"[""color:$local$\\palettes\\font_dark.pcx"", ""font:$local$\\fonts\\font12.fnt"", ""include:$local$\\briefings.txt 29 1""]",,SOURCE_COMPLETE (parsed by cultures_hlt),Map data
373,data\maps\multiplayer_204_special_cap-the-flag\text\eng\briefings\0038.hlt,HLT,128,f38b1a4bba10e3d254716309348c24b024b585ddb7250bb13cc3b8aa078114b5,Metadata/Sources/Raw/data/maps/multiplayer_204_special_cap-the-flag/text/eng/briefings/0038.hlt,bit-exact copy,"[""color:$local$\\palettes\\font_dark.pcx"", ""font:$local$\\fonts\\font12.fnt"", ""include:$local$\\briefings.txt 38 1""]",,SOURCE_COMPLETE (parsed by cultures_hlt),Map data
377,data\maps\demo_mainmenu_10\map.dat,DAT,216521,4c7e609e782235405c563032a4c1d312b75345a7c1cefe102fc80f865c198133,Metadata/Sources/Raw/data/maps/demo_mainmenu_10/map.dat,bit-exact copy,[],40 chunks,SOURCE_COMPLETE (chunk structure via cultures_map_dat),Map data
378,data\maps\multiplayer_203_special_militär\text\eng\briefings\0001.hlt,HLT,134,8c25eb6141d0388aabd7e00157a6a786825f6eb4a80e0829d75107ec58c462e0,Metadata/Sources/Raw/data/maps/multiplayer_203_special_militär/text/eng/briefings/0001.hlt,bit-exact copy,"[""color:$local$\\palettes\\font_dark.pcx"", ""font:$local$\\fonts\\font12.fnt"", ""include:$local$\\briefings.txt begin_01 1""]",,SOURCE_COMPLETE (parsed by cultures_hlt),Map data
379,data\maps\multiplayer_204_special_cap-the-flag\text\eng\briefings\0039.hlt,HLT,128,5199fe55f10ea45873dc4addbd01dd688835bb916a9dc6492ca26e05ee32cfb9,Metadata/Sources/Raw/data/maps/multiplayer_204_special_cap-the-flag/text/eng/briefings/0039.hlt,bit-exact copy,"[""color:$local$\\palettes\\font_dark.pcx"", ""font:$local$\\fonts\\font12.fnt"", ""include:$local$\\briefings.txt 39 1""]",,SOURCE_COMPLETE (parsed by cultures_hlt),Map data
382,data\maps\campaign_03_01\text\eng\briefings\0000.hlt,HLT,411,d76ae739f630fe8fc3913f2875943800dd15a051032972e1e177b3e3539d5218,Metadata/Sources/Raw/data/maps/campaign_03_01/text/eng/briefings/0000.hlt,bit-exact copy,"[""color:$local$\\palettes\\font_dark.pcx"", ""font:$local$\\fonts\\font12.fnt"", ""font:$local$\\fonts\\fonthead16bld.fnt"", ""include:$local$\\briefings.txt 00_start 1"", ""include:$local$\\briefings.txt 00_start1 1"", ""include:$local$\\briefings.txt header 1"", ""picture:$local$\\graphics\\01_00.pcx""]",,SOURCE_COMPLETE (parsed by cultures_hlt),Map data
385,data\maps\campaign_03_01\text\eng\briefings\0001.hlt,HLT,243,94247a0a61beab62c15478febbc20b78fdb93129ca55e437d47a9ada267ceeb7,Metadata/Sources/Raw/data/maps/campaign_03_01/text/eng/briefings/0001.hlt,bit-exact copy,"[""color:$local$\\palettes\\font_dark.pcx"", ""font:$local$\\fonts\\font12.fnt"", ""include:$local$\\briefings.txt 01 1""]",,SOURCE_COMPLETE (parsed by cultures_hlt),Map data
386,data\maps\campaign_03_01\text\eng\briefings\0010.hlt,HLT,182,d4da2e00f92bf81c88e821b445a3e0b35d248736d8c9ef7976391f149867c97f,Metadata/Sources/Raw/data/maps/campaign_03_01/text/eng/briefings/0010.hlt,bit-exact copy,"[""color:$local$\\palettes\\font_dark.pcx"", ""font:$local$\\fonts\\font12.fnt"", ""include:$local$\\briefings.txt 10 1""]",,SOURCE_COMPLETE (parsed by cultures_hlt),Map data
387,data\maps\campaign_03_01\text\eng\briefings\0100.hlt,HLT,152,a15611856c6c61b10b31785fd9691f7b70dd8871b3cadb94558bdea1e5333758,Metadata/Sources/Raw/data/maps/campaign_03_01/text/eng/briefings/0100.hlt,bit-exact copy,"[""color:$local$\\palettes\\font_dark.pcx"", ""font:$local$\\fonts\\font12.fnt"", ""include:$local$\\briefings.txt 100 1""]",,SOURCE_COMPLETE (parsed by cultures_hlt),Map data
388,data\maps\campaign_03_02\text\eng\briefings\0000.hlt,HLT,402,1f5cd1c15d36ad5e681bf4705f85f8ef0775fbc96ba4c242098a031768aa6264,Metadata/Sources/Raw/data/maps/campaign_03_02/text/eng/briefings/0000.hlt,bit-exact copy,"[""color:$local$\\palettes\\font_dark.pcx"", ""font:$local$\\fonts\\font12.fnt"", ""font:$local$\\fonts\\fonthead16bld.fnt"", ""include:$local$\\briefings.txt 00_start 1"", ""include:$local$\\briefings.txt 00_start1 1"", ""include:$local$\\briefings.txt header 1"", ""picture:$local$\\graphics\\02_00.pcx""]",,SOURCE_COMPLETE (parsed by cultures_hlt),Map data
393,data\maps\campaign_03_01\text\eng\briefings\0002.hlt,HLT,155,ec1e8d045155751630bfd929ac80cbec354369047dbdbeca197de95b7b0b260d,Metadata/Sources/Raw/data/maps/campaign_03_01/text/eng/briefings/0002.hlt,bit-exact copy,"[""color:$local$\\palettes\\font_dark.pcx"", ""font:$local$\\fonts\\font12.fnt"", ""include:$local$\\briefings.txt 02 1""]",,SOURCE_COMPLETE (parsed by cultures_hlt),Map data
394,data\maps\campaign_03_01\text\eng\briefings\0011.hlt,HLT,149,8125dcd19df108a6bb692a0a2db04d93c83760c950a0bd41fcdd38012a4af3f1,Metadata/Sources/Raw/data/maps/campaign_03_01/text/eng/briefings/0011.hlt,bit-exact copy,"[""color:$local$\\palettes\\font_dark.pcx"", ""font:$local$\\fonts\\font12.fnt"", ""include:$local$\\briefings.txt 11 1""]",,SOURCE_COMPLETE (parsed by cultures_hlt),Map data
395,data\maps\campaign_03_01\text\eng\briefings\0020.hlt,HLT,154,7b290b574cc16df244605302477cffa444e7183a4f422b5bbfc989ed06d587e3,Metadata/Sources/Raw/data/maps/campaign_03_01/text/eng/briefings/0020.hlt,bit-exact copy,"[""color:$local$\\palettes\\font_dark.pcx"", ""font:$local$\\fonts\\font12.fnt"", ""include:$local$\\briefings.txt 20 1""]",,SOURCE_COMPLETE (parsed by cultures_hlt),Map data
396,data\maps\campaign_03_01\text\eng\briefings\0200.hlt,HLT,152,48b4c39996b3540d236b4296fc153b41081f754ba29ffa6bbf4f82a6f846187f,Metadata/Sources/Raw/data/maps/campaign_03_01/text/eng/briefings/0200.hlt,bit-exact copy,"[""color:$local$\\palettes\\font_dark.pcx"", ""font:$local$\\fonts\\font12.fnt"", ""include:$local$\\briefings.txt 200 1""]",,SOURCE_COMPLETE (parsed by cultures_hlt),Map data
397,data\maps\campaign_03_02\text\eng\briefings\0001.hlt,HLT,159,3bb4ec1a35d4dd05f54e2ab1184d8712ebaef50dd4f2cb1d2af8d43aef0d8bc9,Metadata/Sources/Raw/data/maps/campaign_03_02/text/eng/briefings/0001.hlt,bit-exact copy,"[""color:$local$\\palettes\\font_dark.pcx"", ""font:$local$\\fonts\\font12.fnt"", ""include:$local$\\briefings.txt 01 1""]",,SOURCE_COMPLETE (parsed by cultures_hlt),Map data
398,data\maps\campaign_03_02\text\eng\briefings\0010.hlt,HLT,153,fa16c51ce661f251e5140390dffd600392384e895da90a0b804c08212500a866,Metadata/Sources/Raw/data/maps/campaign_03_02/text/eng/briefings/0010.hlt,bit-exact copy,"[""color:$local$\\palettes\\font_dark.pcx"", ""font:$local$\\fonts\\font12.fnt"", ""include:$local$\\briefings.txt 10 1""]",,SOURCE_COMPLETE (parsed by cultures_hlt),Map data
399,data\maps\campaign_03_02\text\eng\briefings\0100.hlt,HLT,152,a15611856c6c61b10b31785fd9691f7b70dd8871b3cadb94558bdea1e5333758,Metadata/Sources/Raw/data/maps/campaign_03_02/text/eng/briefings/0100.hlt,bit-exact copy,"[""color:$local$\\palettes\\font_dark.pcx"", ""font:$local$\\fonts\\font12.fnt"", ""include:$local$\\briefings.txt 100 1""]",,SOURCE_COMPLETE (parsed by cultures_hlt),Map data
400,data\maps\campaign_03_03\text\eng\briefings\0000.hlt,HLT,346,1ef2088a91ea8645f393e00513e0a8f37232952ecb3ea791f43e53207065091a,Metadata/Sources/Raw/data/maps/campaign_03_03/text/eng/briefings/0000.hlt,bit-exact copy,"[""color:$local$\\palettes\\font_dark.pcx"", ""font:$local$\\fonts\\font12.fnt"", ""font:$local$\\fonts\\fonthead16bld.fnt"", ""include:$local$\\briefings.txt 00_start1 1"", ""include:$local$\\briefings.txt 00_start3 1"", ""include:$local$\\briefings.txt header 1"", ""picture:$local$\\graphics\\03_00.pcx""]",,SOURCE_COMPLETE (parsed by cultures_hlt),Map data
407,data\maps\campaign_03_01\text\eng\briefings\0003.hlt,HLT,152,fbd252aff5f071f4ccc48854ff8ad3ac4ef0b9ec16e3b4c8c59683da8def10ff,Metadata/Sources/Raw/data/maps/campaign_03_01/text/eng/briefings/0003.hlt,bit-exact copy,"[""color:$local$\\palettes\\font_dark.pcx"", ""font:$local$\\fonts\\font12.fnt"", ""include:$local$\\briefings.txt 03 1""]",,SOURCE_COMPLETE (parsed by cultures_hlt),Map data
408,data\maps\campaign_03_01\text\eng\briefings\0012.hlt,HLT,120,1861e87b2f26c31253a47f236493da9c830acb9d376324ae7b300e6beda73132,Metadata/Sources/Raw/data/maps/campaign_03_01/text/eng/briefings/0012.hlt,bit-exact copy,"[""color:$local$\\palettes\\font_dark.pcx"", ""font:$local$\\fonts\\font12.fnt"", ""include:$local$\\briefings.txt 12 1""]",,SOURCE_COMPLETE (parsed by cultures_hlt),Map data
409,data\maps\campaign_03_01\text\eng\briefings\0021.hlt,HLT,154,3096868ac4d4af6d21e93905b3104400becd9f7be0da186b29fb14dbc06b546d,Metadata/Sources/Raw/data/maps/campaign_03_01/text/eng/briefings/0021.hlt,bit-exact copy,"[""color:$local$\\palettes\\font_dark.pcx"", ""font:$local$\\fonts\\font12.fnt"", ""include:$local$\\briefings.txt 21 1""]",,SOURCE_COMPLETE (parsed by cultures_hlt),Map data
410,data\maps\campaign_03_01\text\eng\briefings\0030.hlt,HLT,155,55d606c56d0e142d3dba67c0b96f3cb7ca1ef10d046a765cfeea792b15450844,Metadata/Sources/Raw/data/maps/campaign_03_01/text/eng/briefings/0030.hlt,bit-exact copy,"[""color:$local$\\palettes\\font_dark.pcx"", ""font:$local$\\fonts\\font12.fnt"", ""include:$local$\\briefings.txt 30 1""]",,SOURCE_COMPLETE (parsed by cultures_hlt),Map data
411,data\maps\campaign_03_01\text\eng\briefings\0300.hlt,HLT,152,ce8834cfa0e123291ce0338a60a4ee27a8a6c678db2cf8214749436d7605fdf4,Metadata/Sources/Raw/data/maps/campaign_03_01/text/eng/briefings/0300.hlt,bit-exact copy,"[""color:$local$\\palettes\\font_dark.pcx"", ""font:$local$\\fonts\\font12.fnt"", ""include:$local$\\briefings.txt 300 1""]",,SOURCE_COMPLETE (parsed by cultures_hlt),Map data
412,data\maps\campaign_03_02\text\eng\briefings\0002.hlt,HLT,155,fab71f0647de6f1aee374fa415f5cc58704b3da0622836496fafa1bf2f61dca9,Metadata/Sources/Raw/data/maps/campaign_03_02/text/eng/briefings/0002.hlt,bit-exact copy,"[""color:$local$\\palettes\\font_dark.pcx"", ""font:$local$\\fonts\\font12.fnt"", ""include:$local$\\briefings.txt 02 1""]",,SOURCE_COMPLETE (parsed by cultures_hlt),Map data
413,data\maps\campaign_03_02\text\eng\briefings\0011.hlt,HLT,153,93a5a6fe267eed38d94b8fbcebe397246b1cc51fc02a6997ebd9cf5368e92400,Metadata/Sources/Raw/data/maps/campaign_03_02/text/eng/briefings/0011.hlt,bit-exact copy,"[""color:$local$\\palettes\\font_dark.pcx"", ""font:$local$\\fonts\\font12.fnt"", ""include:$local$\\briefings.txt 11 1""]",,SOURCE_COMPLETE (parsed by cultures_hlt),Map data
414,data\maps\campaign_03_02\text\eng\briefings\0020.hlt,HLT,155,347feb158055f1be1a804f6a46ee6be6e98f7d0d13ef65b750497959b6fad211,Metadata/Sources/Raw/data/maps/campaign_03_02/text/eng/briefings/0020.hlt,bit-exact copy,"[""color:$local$\\palettes\\font_dark.pcx"", ""font:$local$\\fonts\\font12.fnt"", ""include:$local$\\briefings.txt 20 1""]",,SOURCE_COMPLETE (parsed by cultures_hlt),Map data
415,data\maps\campaign_03_02\text\eng\briefings\0200.hlt,HLT,152,48b4c39996b3540d236b4296fc153b41081f754ba29ffa6bbf4f82a6f846187f,Metadata/Sources/Raw/data/maps/campaign_03_02/text/eng/briefings/0200.hlt,bit-exact copy,"[""color:$local$\\palettes\\font_dark.pcx"", ""font:$local$\\fonts\\font12.fnt"", ""include:$local$\\briefings.txt 200 1""]",,SOURCE_COMPLETE (parsed by cultures_hlt),Map data
416,data\maps\campaign_03_03\text\eng\briefings\0001.hlt,HLT,129,ca14e194381739eeeeab9be75b7f40c9a1cc4d73cd124801982d3044dfefdc83,Metadata/Sources/Raw/data/maps/campaign_03_03/text/eng/briefings/0001.hlt,bit-exact copy,"[""color:$local$\\palettes\\font_dark.pcx"", ""font:$local$\\fonts\\font12.fnt"", ""include:$local$\\briefings.txt 00_start2 1""]",,SOURCE_COMPLETE (parsed by cultures_hlt),Map data
417,data\maps\campaign_03_03\text\eng\briefings\0010.hlt,HLT,120,be398e03215afab7602f86e08ad5339285f9f81da046d0156913cd947826c4b8,Metadata/Sources/Raw/data/maps/campaign_03_03/text/eng/briefings/0010.hlt,bit-exact copy,"[""color:$local$\\palettes\\font_dark.pcx"", ""font:$local$\\fonts\\font12.fnt"", ""include:$local$\\briefings.txt 10 1""]",,SOURCE_COMPLETE (parsed by cultures_hlt),Map data
418,data\maps\campaign_03_03\text\eng\briefings\0100.hlt,HLT,152,a15611856c6c61b10b31785fd9691f7b70dd8871b3cadb94558bdea1e5333758,Metadata/Sources/Raw/data/maps/campaign_03_03/text/eng/briefings/0100.hlt,bit-exact copy,"[""color:$local$\\palettes\\font_dark.pcx"", ""font:$local$\\fonts\\font12.fnt"", ""include:$local$\\briefings.txt 100 1""]",,SOURCE_COMPLETE (parsed by cultures_hlt),Map data
420,data\maps\campaign_03_04\text\eng\briefings\0000.hlt,HLT,346,dc64b8f1bc5f74c0cfb8cbb965368decc9fa1cc6f633e106acb39caeeaa271a5,Metadata/Sources/Raw/data/maps/campaign_03_04/text/eng/briefings/0000.hlt,bit-exact copy,"[""color:$local$\\palettes\\font_dark.pcx"", ""font:$local$\\fonts\\font12.fnt"", ""font:$local$\\fonts\\fonthead16bld.fnt"", ""include:$local$\\briefings.txt 00_start1 1"", ""include:$local$\\briefings.txt 00_start2 1"", ""include:$local$\\briefings.txt header 1"", ""picture:$local$\\graphics\\04_00.pcx""]",,SOURCE_COMPLETE (parsed by cultures_hlt),Map data
426,data\maps\campaign_03_01\text\eng\briefings\0004.hlt,HLT,153,ff106aeb3e9d430d6fcd22cc2974de31eb168f984f164657bd327ab3f89baee9,Metadata/Sources/Raw/data/maps/campaign_03_01/text/eng/briefings/0004.hlt,bit-exact copy,"[""color:$local$\\palettes\\font_dark.pcx"", ""font:$local$\\fonts\\font12.fnt"", ""include:$local$\\briefings.txt 04 1""]",,SOURCE_COMPLETE (parsed by cultures_hlt),Map data
427,data\maps\campaign_03_01\text\eng\briefings\0013.hlt,HLT,155,dd61aaea8a126bd5a26cbeb1f5221f998d31ce41fd8cd615754935ebf4fb819b,Metadata/Sources/Raw/data/maps/campaign_03_01/text/eng/briefings/0013.hlt,bit-exact copy,"[""color:$local$\\palettes\\font_dark.pcx"", ""font:$local$\\fonts\\font12.fnt"", ""include:$local$\\briefings.txt 13 1""]",,SOURCE_COMPLETE (parsed by cultures_hlt),Map data
428,data\maps\campaign_03_01\text\eng\briefings\0022.hlt,HLT,155,335ee03212635c2e49db39e1d2d9a3b7e21243eea03b944d9514b30571d89bcc,Metadata/Sources/Raw/data/maps/campaign_03_01/text/eng/briefings/0022.hlt,bit-exact copy,"[""color:$local$\\palettes\\font_dark.pcx"", ""font:$local$\\fonts\\font12.fnt"", ""include:$local$\\briefings.txt 22 1""]",,SOURCE_COMPLETE (parsed by cultures_hlt),Map data
429,data\maps\campaign_03_01\text\eng\briefings\0031.hlt,HLT,124,8879dcb36e949017e929af7510da3e9549bca3017ad7f4a02a7a8038635093ff,Metadata/Sources/Raw/data/maps/campaign_03_01/text/eng/briefings/0031.hlt,bit-exact copy,"[""color:$local$\\palettes\\font_dark.pcx"", ""font:$local$\\fonts\\font12.fnt"", ""include:$local$\\briefings.txt 31 1""]",,SOURCE_COMPLETE (parsed by cultures_hlt),Map data
430,data\maps\campaign_03_01\text\eng\briefings\0040.hlt,HLT,153,7aa20a36ce1724c31d1e4c85ad52ce93c9ba9423cde623350a7e63ac6cf55d6a,Metadata/Sources/Raw/data/maps/campaign_03_01/text/eng/briefings/0040.hlt,bit-exact copy,"[""color:$local$\\palettes\\font_dark.pcx"", ""font:$local$\\fonts\\font12.fnt"", ""include:$local$\\briefings.txt 40 1""]",,SOURCE_COMPLETE (parsed by cultures_hlt),Map data
431,data\maps\campaign_03_01\text\eng\briefings\0400.hlt,HLT,152,93ddd1fe3f1323218a0daa77b237dfd5b7eec379bd2dcb44e9acfeca56ccbc41,Metadata/Sources/Raw/data/maps/campaign_03_01/text/eng/briefings/0400.hlt,bit-exact copy,"[""color:$local$\\palettes\\font_dark.pcx"", ""font:$local$\\fonts\\font12.fnt"", ""include:$local$\\briefings.txt 400 1""]",,SOURCE_COMPLETE (parsed by cultures_hlt),Map data
432,data\maps\campaign_03_02\text\eng\briefings\0003.hlt,HLT,153,af80c66ab50ac0d03052b41651020be6a28f4fabb09ae6d02fa857a5a4e3e17b,Metadata/Sources/Raw/data/maps/campaign_03_02/text/eng/briefings/0003.hlt,bit-exact copy,"[""color:$local$\\palettes\\font_dark.pcx"", ""font:$local$\\fonts\\font12.fnt"", ""include:$local$\\briefings.txt 03 1""]",,SOURCE_COMPLETE (parsed by cultures_hlt),Map data
433,data\maps\campaign_03_02\text\eng\briefings\0012.hlt,HLT,153,dc835892ed8e48abc47ac943f7699e86dab72b7d230bfdc9e3063e410780e58b,Metadata/Sources/Raw/data/maps/campaign_03_02/text/eng/briefings/0012.hlt,bit-exact copy,"[""color:$local$\\palettes\\font_dark.pcx"", ""font:$local$\\fonts\\font12.fnt"", ""include:$local$\\briefings.txt 12 1""]",,SOURCE_COMPLETE (parsed by cultures_hlt),Map data
434,data\maps\campaign_03_02\text\eng\briefings\0021.hlt,HLT,151,8ab49b24b03af166b83c9b2ace60b271b2d279d21a2ab0a3b12986b8c9fedebd,Metadata/Sources/Raw/data/maps/campaign_03_02/text/eng/briefings/0021.hlt,bit-exact copy,"[""color:$local$\\palettes\\font_dark.pcx"", ""font:$local$\\fonts\\font12.fnt"", ""include:$local$\\briefings.txt 21 1""]",,SOURCE_COMPLETE (parsed by cultures_hlt),Map data
435,data\maps\campaign_03_02\text\eng\briefings\0030.hlt,HLT,155,55d606c56d0e142d3dba67c0b96f3cb7ca1ef10d046a765cfeea792b15450844,Metadata/Sources/Raw/data/maps/campaign_03_02/text/eng/briefings/0030.hlt,bit-exact copy,"[""color:$local$\\palettes\\font_dark.pcx"", ""font:$local$\\fonts\\font12.fnt"", ""include:$local$\\briefings.txt 30 1""]",,SOURCE_COMPLETE (parsed by cultures_hlt),Map data
436,data\maps\campaign_03_02\text\eng\briefings\0300.hlt,HLT,152,ce8834cfa0e123291ce0338a60a4ee27a8a6c678db2cf8214749436d7605fdf4,Metadata/Sources/Raw/data/maps/campaign_03_02/text/eng/briefings/0300.hlt,bit-exact copy,"[""color:$local$\\palettes\\font_dark.pcx"", ""font:$local$\\fonts\\font12.fnt"", ""include:$local$\\briefings.txt 300 1""]",,SOURCE_COMPLETE (parsed by cultures_hlt),Map data
437,data\maps\campaign_03_03\text\eng\briefings\0011.hlt,HLT,120,63efde7e9bcfe855cd8771c160f52fede73d72e966a661f50565b5080f860ef3,Metadata/Sources/Raw/data/maps/campaign_03_03/text/eng/briefings/0011.hlt,bit-exact copy,"[""color:$local$\\palettes\\font_dark.pcx"", ""font:$local$\\fonts\\font12.fnt"", ""include:$local$\\briefings.txt 11 1""]",,SOURCE_COMPLETE (parsed by cultures_hlt),Map data
438,data\maps\campaign_03_03\text\eng\briefings\0020.hlt,HLT,122,e2c14e8f1689eacca8d9e2d9dd1c2644dce437624a41f14c581a661aa148f581,Metadata/Sources/Raw/data/maps/campaign_03_03/text/eng/briefings/0020.hlt,bit-exact copy,"[""color:$local$\\palettes\\font_dark.pcx"", ""font:$local$\\fonts\\font12.fnt"", ""include:$local$\\briefings.txt 20 1""]",,SOURCE_COMPLETE (parsed by cultures_hlt),Map data
439,data\maps\campaign_03_03\text\eng\briefings\0200.hlt,HLT,152,48b4c39996b3540d236b4296fc153b41081f754ba29ffa6bbf4f82a6f846187f,Metadata/Sources/Raw/data/maps/campaign_03_03/text/eng/briefings/0200.hlt,bit-exact copy,"[""color:$local$\\palettes\\font_dark.pcx"", ""font:$local$\\fonts\\font12.fnt"", ""include:$local$\\briefings.txt 200 1""]",,SOURCE_COMPLETE (parsed by cultures_hlt),Map data
441,data\maps\campaign_03_04\text\eng\briefings\0001.hlt,HLT,243,94247a0a61beab62c15478febbc20b78fdb93129ca55e437d47a9ada267ceeb7,Metadata/Sources/Raw/data/maps/campaign_03_04/text/eng/briefings/0001.hlt,bit-exact copy,"[""color:$local$\\palettes\\font_dark.pcx"", ""font:$local$\\fonts\\font12.fnt"", ""include:$local$\\briefings.txt 01 1""]",,SOURCE_COMPLETE (parsed by cultures_hlt),Map data
442,data\maps\campaign_03_04\text\eng\briefings\0010.hlt,HLT,120,be398e03215afab7602f86e08ad5339285f9f81da046d0156913cd947826c4b8,Metadata/Sources/Raw/data/maps/campaign_03_04/text/eng/briefings/0010.hlt,bit-exact copy,"[""color:$local$\\palettes\\font_dark.pcx"", ""font:$local$\\fonts\\font12.fnt"", ""include:$local$\\briefings.txt 10 1""]",,SOURCE_COMPLETE (parsed by cultures_hlt),Map data
443,data\maps\campaign_03_04\text\eng\briefings\0100.hlt,HLT,152,a15611856c6c61b10b31785fd9691f7b70dd8871b3cadb94558bdea1e5333758,Metadata/Sources/Raw/data/maps/campaign_03_04/text/eng/briefings/0100.hlt,bit-exact copy,"[""color:$local$\\palettes\\font_dark.pcx"", ""font:$local$\\fonts\\font12.fnt"", ""include:$local$\\briefings.txt 100 1""]",,SOURCE_COMPLETE (parsed by cultures_hlt),Map data
444,data\maps\campaign_03_05\text\eng\briefings\0000.hlt,HLT,383,2b55e265f3be476dac31f6267896ce2b4048844f673eea3459260bff8c6b5f64,Metadata/Sources/Raw/data/maps/campaign_03_05/text/eng/briefings/0000.hlt,bit-exact copy,"[""color:$local$\\palettes\\font_dark.pcx"", ""font:$local$\\fonts\\font12.fnt"", ""font:$local$\\fonts\\fonthead16bld.fnt"", ""include:$local$\\briefings.txt 00_start 1"", ""include:$local$\\briefings.txt 00_start1 1"", ""include:$local$\\briefings.txt header 1"", ""picture:$local$\\graphics\\05_00.pcx""]",,SOURCE_COMPLETE (parsed by cultures_hlt),Map data
447,data\maps\multiplayer_204_special_cap-the-flag\text\eng\briefings\briefings.txt,TXT,7402,10894c0775a5da2e917755d787cb83f63f1812abca89479074d238f5b052bfb5,Metadata/Sources/Raw/data/maps/multiplayer_204_special_cap-the-flag/text/eng/briefings/briefings.txt,bit-exact copy,[],,SOURCE_COMPLETE (plain text),Map data
449,data\maps\campaign_03_01\text\eng\briefings\0005.hlt,HLT,153,2a527d61d5c6fa316ef31c8a86006133ae61b02723a46aacc260a40f98102adc,Metadata/Sources/Raw/data/maps/campaign_03_01/text/eng/briefings/0005.hlt,bit-exact copy,"[""color:$local$\\palettes\\font_dark.pcx"", ""font:$local$\\fonts\\font12.fnt"", ""include:$local$\\briefings.txt 05 1""]",,SOURCE_COMPLETE (parsed by cultures_hlt),Map data
450,data\maps\campaign_03_01\text\eng\briefings\0014.hlt,HLT,155,350026b2f633ae3d766d649d75f6e5a03c437414a27f5964876cc7ba4b6ae07e,Metadata/Sources/Raw/data/maps/campaign_03_01/text/eng/briefings/0014.hlt,bit-exact copy,"[""color:$local$\\palettes\\font_dark.pcx"", ""font:$local$\\fonts\\font12.fnt"", ""include:$local$\\briefings.txt 14 1""]",,SOURCE_COMPLETE (parsed by cultures_hlt),Map data
451,data\maps\campaign_03_01\text\eng\briefings\0023.hlt,HLT,155,0e577b6e4fe7602b06ff0df374b2b656859059ecdc4bcfa97d16cccb16c07571,Metadata/Sources/Raw/data/maps/campaign_03_01/text/eng/briefings/0023.hlt,bit-exact copy,"[""color:$local$\\palettes\\font_dark.pcx"", ""font:$local$\\fonts\\font12.fnt"", ""include:$local$\\briefings.txt 23 1""]",,SOURCE_COMPLETE (parsed by cultures_hlt),Map data
452,data\maps\campaign_03_01\text\eng\briefings\0032.hlt,HLT,155,2a378a0a7b5669957a9ec1161238367cfb0a1c051abae549e653eff0aae18125,Metadata/Sources/Raw/data/maps/campaign_03_01/text/eng/briefings/0032.hlt,bit-exact copy,"[""color:$local$\\palettes\\font_dark.pcx"", ""font:$local$\\fonts\\font12.fnt"", ""include:$local$\\briefings.txt 32 1""]",,SOURCE_COMPLETE (parsed by cultures_hlt),Map data
453,data\maps\campaign_03_01\text\eng\briefings\0050.hlt,HLT,380,0a7c05fe7318c6f06053d1879272c0be6b821ca742c2edd2c47b6317ad3e10b6,Metadata/Sources/Raw/data/maps/campaign_03_01/text/eng/briefings/0050.hlt,bit-exact copy,"[""color:$local$\\palettes\\font_dark.pcx"", ""font:$local$\\fonts\\font12.fnt"", ""font:$local$\\fonts\\fonthead16bld.fnt"", ""include:$local$\\briefings.txt 50_end 1"", ""include:$local$\\briefings.txt 50_end1 1"", ""include:$local$\\briefings.txt 50_endheader 1"", ""picture:$local$\\graphics\\01_01.pcx""]",,SOURCE_COMPLETE (parsed by cultures_hlt),Map data
454,data\maps\campaign_03_02\text\eng\briefings\0004.hlt,HLT,153,3c427aca0ea6941b99ea8523423a4848ecad89f22d3290f5f413f4005e44f30e,Metadata/Sources/Raw/data/maps/campaign_03_02/text/eng/briefings/0004.hlt,bit-exact copy,"[""color:$local$\\palettes\\font_dark.pcx"", ""font:$local$\\fonts\\font12.fnt"", ""include:$local$\\briefings.txt 04 1""]",,SOURCE_COMPLETE (parsed by cultures_hlt),Map data
455,data\maps\campaign_03_02\text\eng\briefings\0013.hlt,HLT,122,82495c851ea1e859eaf19450503a18b50a4e727d350bde1b04ce58f8e4a40277,Metadata/Sources/Raw/data/maps/campaign_03_02/text/eng/briefings/0013.hlt,bit-exact copy,"[""color:$local$\\palettes\\font_dark.pcx"", ""font:$local$\\fonts\\font12.fnt"", ""include:$local$\\briefings.txt 13 1""]",,SOURCE_COMPLETE (parsed by cultures_hlt),Map data
456,data\maps\campaign_03_02\text\eng\briefings\0022.hlt,HLT,155,854ecd32ad9ebf45bf117146400c93c1eb6ef9608590282141e18db6bdb79267,Metadata/Sources/Raw/data/maps/campaign_03_02/text/eng/briefings/0022.hlt,bit-exact copy,"[""color:$local$\\palettes\\font_dark.pcx"", ""font:$local$\\fonts\\font12.fnt"", ""include:$local$\\briefings.txt 22 1""]",,SOURCE_COMPLETE (parsed by cultures_hlt),Map data
457,data\maps\campaign_03_02\text\eng\briefings\0400.hlt,HLT,152,93ddd1fe3f1323218a0daa77b237dfd5b7eec379bd2dcb44e9acfeca56ccbc41,Metadata/Sources/Raw/data/maps/campaign_03_02/text/eng/briefings/0400.hlt,bit-exact copy,"[""color:$local$\\palettes\\font_dark.pcx"", ""font:$local$\\fonts\\font12.fnt"", ""include:$local$\\briefings.txt 400 1""]",,SOURCE_COMPLETE (parsed by cultures_hlt),Map data
458,data\maps\campaign_03_03\text\eng\briefings\0021.hlt,HLT,122,a5da46d70aca199227dc72decc5f2899a8323d0f0c72e0b290d8ff5982d48aa6,Metadata/Sources/Raw/data/maps/campaign_03_03/text/eng/briefings/0021.hlt,bit-exact copy,"[""color:$local$\\palettes\\font_dark.pcx"", ""font:$local$\\fonts\\font12.fnt"", ""include:$local$\\briefings.txt 21 1""]",,SOURCE_COMPLETE (parsed by cultures_hlt),Map data
459,data\maps\campaign_03_03\text\eng\briefings\0030.hlt,HLT,122,5b9accd61eaa2d0d8aff21724f2d78726c072648e51dd311bba4d1918f8fdc42,Metadata/Sources/Raw/data/maps/campaign_03_03/text/eng/briefings/0030.hlt,bit-exact copy,"[""color:$local$\\palettes\\font_dark.pcx"", ""font:$local$\\fonts\\font12.fnt"", ""include:$local$\\briefings.txt 30 1""]",,SOURCE_COMPLETE (parsed by cultures_hlt),Map data
460,data\maps\campaign_03_03\text\eng\briefings\0201.hlt,HLT,123,4815ceb1cd27335aac371a4e1815cc3d13bf66c45357726ff997e17b202d5794,Metadata/Sources/Raw/data/maps/campaign_03_03/text/eng/briefings/0201.hlt,bit-exact copy,"[""color:$local$\\palettes\\font_dark.pcx"", ""font:$local$\\fonts\\font12.fnt"", ""include:$local$\\briefings.txt 201 1""]",,SOURCE_COMPLETE (parsed by cultures_hlt),Map data
461,data\maps\campaign_03_03\text\eng\briefings\0210.hlt,HLT,123,191885c0183f4f14f063ff146f3aa7fcef02626a6db088c5d97b7eab37a0ad58,Metadata/Sources/Raw/data/maps/campaign_03_03/text/eng/briefings/0210.hlt,bit-exact copy,"[""color:$local$\\palettes\\font_dark.pcx"", ""font:$local$\\fonts\\font12.fnt"", ""include:$local$\\briefings.txt 210 1""]",,SOURCE_COMPLETE (parsed by cultures_hlt),Map data
462,data\maps\campaign_03_03\text\eng\briefings\0300.hlt,HLT,152,ce8834cfa0e123291ce0338a60a4ee27a8a6c678db2cf8214749436d7605fdf4,Metadata/Sources/Raw/data/maps/campaign_03_03/text/eng/briefings/0300.hlt,bit-exact copy,"[""color:$local$\\palettes\\font_dark.pcx"", ""font:$local$\\fonts\\font12.fnt"", ""include:$local$\\briefings.txt 300 1""]",,SOURCE_COMPLETE (parsed by cultures_hlt),Map data
464,data\maps\campaign_03_04\text\eng\briefings\0002.hlt,HLT,155,ec1e8d045155751630bfd929ac80cbec354369047dbdbeca197de95b7b0b260d,Metadata/Sources/Raw/data/maps/campaign_03_04/text/eng/briefings/0002.hlt,bit-exact copy,"[""color:$local$\\palettes\\font_dark.pcx"", ""font:$local$\\fonts\\font12.fnt"", ""include:$local$\\briefings.txt 02 1""]",,SOURCE_COMPLETE (parsed by cultures_hlt),Map data
465,data\maps\campaign_03_04\text\eng\briefings\0011.hlt,HLT,120,63efde7e9bcfe855cd8771c160f52fede73d72e966a661f50565b5080f860ef3,Metadata/Sources/Raw/data/maps/campaign_03_04/text/eng/briefings/0011.hlt,bit-exact copy,"[""color:$local$\\palettes\\font_dark.pcx"", ""font:$local$\\fonts\\font12.fnt"", ""include:$local$\\briefings.txt 11 1""]",,SOURCE_COMPLETE (parsed by cultures_hlt),Map data
466,data\maps\campaign_03_04\text\eng\briefings\0020.hlt,HLT,120,d0f157056e017120f97bb38f0e65fca4a4712eee83ae93bee683f390cc66419c,Metadata/Sources/Raw/data/maps/campaign_03_04/text/eng/briefings/0020.hlt,bit-exact copy,"[""color:$local$\\palettes\\font_dark.pcx"", ""font:$local$\\fonts\\font12.fnt"", ""include:$local$\\briefings.txt 20 1""]",,SOURCE_COMPLETE (parsed by cultures_hlt),Map data
467,data\maps\campaign_03_04\text\eng\briefings\0101.hlt,HLT,121,36dcb3e700e39c71f714ecd72ee8eeb68ad2b9b7b797ff247932a6f031d5d996,Metadata/Sources/Raw/data/maps/campaign_03_04/text/eng/briefings/0101.hlt,bit-exact copy,"[""color:$local$\\palettes\\font_dark.pcx"", ""font:$local$\\fonts\\font12.fnt"", ""include:$local$\\briefings.txt 101 1""]",,SOURCE_COMPLETE (parsed by cultures_hlt),Map data
468,data\maps\campaign_03_04\text\eng\briefings\0110.hlt,HLT,121,bba93f962c0f76141d2be3d986c3cde65b47c3fd95694585cd4333b00f07d924,Metadata/Sources/Raw/data/maps/campaign_03_04/text/eng/briefings/0110.hlt,bit-exact copy,"[""color:$local$\\palettes\\font_dark.pcx"", ""font:$local$\\fonts\\font12.fnt"", ""include:$local$\\briefings.txt 110 1""]",,SOURCE_COMPLETE (parsed by cultures_hlt),Map data
469,data\maps\campaign_03_04\text\eng\briefings\0200.hlt,HLT,152,48b4c39996b3540d236b4296fc153b41081f754ba29ffa6bbf4f82a6f846187f,Metadata/Sources/Raw/data/maps/campaign_03_04/text/eng/briefings/0200.hlt,bit-exact copy,"[""color:$local$\\palettes\\font_dark.pcx"", ""font:$local$\\fonts\\font12.fnt"", ""include:$local$\\briefings.txt 200 1""]",,SOURCE_COMPLETE (parsed by cultures_hlt),Map data
470,data\maps\campaign_03_05\text\eng\briefings\0001.hlt,HLT,243,94247a0a61beab62c15478febbc20b78fdb93129ca55e437d47a9ada267ceeb7,Metadata/Sources/Raw/data/maps/campaign_03_05/text/eng/briefings/0001.hlt,bit-exact copy,"[""color:$local$\\palettes\\font_dark.pcx"", ""font:$local$\\fonts\\font12.fnt"", ""include:$local$\\briefings.txt 01 1""]",,SOURCE_COMPLETE (parsed by cultures_hlt),Map data
471,data\maps\campaign_03_05\text\eng\briefings\0010.hlt,HLT,153,b1eee2a45bb48f5c4958864a54664d1a2124f14cb1f8a42ce858be93541a8085,Metadata/Sources/Raw/data/maps/campaign_03_05/text/eng/briefings/0010.hlt,bit-exact copy,"[""color:$local$\\palettes\\font_dark.pcx"", ""font:$local$\\fonts\\font12.fnt"", ""include:$local$\\briefings.txt 10 1""]",,SOURCE_COMPLETE (parsed by cultures_hlt),Map data
472,data\maps\campaign_03_05\text\eng\briefings\0100.hlt,HLT,152,a15611856c6c61b10b31785fd9691f7b70dd8871b3cadb94558bdea1e5333758,Metadata/Sources/Raw/data/maps/campaign_03_05/text/eng/briefings/0100.hlt,bit-exact copy,"[""color:$local$\\palettes\\font_dark.pcx"", ""font:$local$\\fonts\\font12.fnt"", ""include:$local$\\briefings.txt 100 1""]",,SOURCE_COMPLETE (parsed by cultures_hlt),Map data
473,data\maps\campaign_03_06\text\eng\briefings\0000.hlt,HLT,382,a56f09a63aa8bd3635e4538344e480460d407a05d623a6069a1dcd6b23647da4,Metadata/Sources/Raw/data/maps/campaign_03_06/text/eng/briefings/0000.hlt,bit-exact copy,"[""color:$local$\\palettes\\font_dark.pcx"", ""font:$local$\\fonts\\font12.fnt"", ""font:$local$\\fonts\\fonthead16bld.fnt"", ""include:$local$\\briefings.txt 00_start 1"", ""include:$local$\\briefings.txt 00_start1 1"", ""include:$local$\\briefings.txt header 1"", ""picture:$local$\\graphics\\06_00.pcx""]",,SOURCE_COMPLETE (parsed by cultures_hlt),Map data
477,data\maps\campaign_03_01\text\eng\briefings\0006.hlt,HLT,153,fe75cad1a3c4b41d5c2d633a3de0005eeb42d14ea32ddb7678c19bbf469c8786,Metadata/Sources/Raw/data/maps/campaign_03_01/text/eng/briefings/0006.hlt,bit-exact copy,"[""color:$local$\\palettes\\font_dark.pcx"", ""font:$local$\\fonts\\font12.fnt"", ""include:$local$\\briefings.txt 06 1""]",,SOURCE_COMPLETE (parsed by cultures_hlt),Map data
478,data\maps\campaign_03_01\text\eng\briefings\0015.hlt,HLT,122,e3481b5cd2ea7d41fee17281388826b008d20323db8e8b434a8f41b692a213ad,Metadata/Sources/Raw/data/maps/campaign_03_01/text/eng/briefings/0015.hlt,bit-exact copy,"[""color:$local$\\palettes\\font_dark.pcx"", ""font:$local$\\fonts\\font12.fnt"", ""include:$local$\\briefings.txt 15 1""]",,SOURCE_COMPLETE (parsed by cultures_hlt),Map data
479,data\maps\campaign_03_01\text\eng\briefings\0024.hlt,HLT,122,ddd5cec4b5a24fa4068fdaf4fdff006db71c7a13d8fcae86c509e966588940c9,Metadata/Sources/Raw/data/maps/campaign_03_01/text/eng/briefings/0024.hlt,bit-exact copy,"[""color:$local$\\palettes\\font_dark.pcx"", ""font:$local$\\fonts\\font12.fnt"", ""include:$local$\\briefings.txt 24 1""]",,SOURCE_COMPLETE (parsed by cultures_hlt),Map data
480,data\maps\campaign_03_01\text\eng\briefings\0033.hlt,HLT,155,d5deb6f577907e2f50eea49ea77db350c6736233e4475c39ee117b5d9c8775d1,Metadata/Sources/Raw/data/maps/campaign_03_01/text/eng/briefings/0033.hlt,bit-exact copy,"[""color:$local$\\palettes\\font_dark.pcx"", ""font:$local$\\fonts\\font12.fnt"", ""include:$local$\\briefings.txt 33 1""]",,SOURCE_COMPLETE (parsed by cultures_hlt),Map data
481,data\maps\campaign_03_01\text\eng\briefings\0600.hlt,HLT,152,e0c68abaf3245e4e70060bfd1cb5ed97d3552f4f1b953f6e4aa8c9d80c12fe66,Metadata/Sources/Raw/data/maps/campaign_03_01/text/eng/briefings/0600.hlt,bit-exact copy,"[""color:$local$\\palettes\\font_dark.pcx"", ""font:$local$\\fonts\\font12.fnt"", ""include:$local$\\briefings.txt 600 1""]",,SOURCE_COMPLETE (parsed by cultures_hlt),Map data
482,data\maps\campaign_03_02\text\eng\briefings\0005.hlt,HLT,152,d9a010ffb50527553e5af36b92ff3a60dd5b38873b8545ac2f2fd54cad15381e,Metadata/Sources/Raw/data/maps/campaign_03_02/text/eng/briefings/0005.hlt,bit-exact copy,"[""color:$local$\\palettes\\font_dark.pcx"", ""font:$local$\\fonts\\font12.fnt"", ""include:$local$\\briefings.txt 05 1""]",,SOURCE_COMPLETE (parsed by cultures_hlt),Map data
483,data\maps\campaign_03_02\text\eng\briefings\0014.hlt,HLT,154,8548ce7e4f1445659d45f32d7368dd99e5d06e378cb54296136ae35bc103fb40,Metadata/Sources/Raw/data/maps/campaign_03_02/text/eng/briefings/0014.hlt,bit-exact copy,"[""color:$local$\\palettes\\font_dark.pcx"", ""font:$local$\\fonts\\font12.fnt"", ""include:$local$\\briefings.txt 14 1""]",,SOURCE_COMPLETE (parsed by cultures_hlt),Map data
484,data\maps\campaign_03_02\text\eng\briefings\0023.hlt,HLT,154,d878b87824f39dc1e196c87cfde89623351e0fb6b93282813f749381ebb82d06,Metadata/Sources/Raw/data/maps/campaign_03_02/text/eng/briefings/0023.hlt,bit-exact copy,"[""color:$local$\\palettes\\font_dark.pcx"", ""font:$local$\\fonts\\font12.fnt"", ""include:$local$\\briefings.txt 23 1""]",,SOURCE_COMPLETE (parsed by cultures_hlt),Map data
485,data\maps\campaign_03_02\text\eng\briefings\0050.hlt,HLT,382,33ff96016c34965c9fd4585ca46f13a3d12690d1ecef7d36eaaba025dc313eb3,Metadata/Sources/Raw/data/maps/campaign_03_02/text/eng/briefings/0050.hlt,bit-exact copy,"[""color:$local$\\palettes\\font_dark.pcx"", ""font:$local$\\fonts\\font12.fnt"", ""font:$local$\\fonts\\fonthead16bld.fnt"", ""include:$local$\\briefings.txt 50_end 1"", ""include:$local$\\briefings.txt 50_end1 1"", ""include:$local$\\briefings.txt 50_endheader 1"", ""picture:$local$\\graphics\\02_01.pcx""]",,SOURCE_COMPLETE (parsed by cultures_hlt),Map data
486,data\maps\campaign_03_02\text\eng\briefings\0500.hlt,HLT,152,02ccec0613f411abb770ae32670c6f7f5d6f2ffc536c8d89f09065b5fa09dbfb,Metadata/Sources/Raw/data/maps/campaign_03_02/text/eng/briefings/0500.hlt,bit-exact copy,"[""color:$local$\\palettes\\font_dark.pcx"", ""font:$local$\\fonts\\font12.fnt"", ""include:$local$\\briefings.txt 500 1""]",,SOURCE_COMPLETE (parsed by cultures_hlt),Map data
487,data\maps\campaign_03_03\text\eng\briefings\0031.hlt,HLT,122,45b8bea411c0afdfad66da912118e0cf30b109e4bbfb3112272a68b33c8e8223,Metadata/Sources/Raw/data/maps/campaign_03_03/text/eng/briefings/0031.hlt,bit-exact copy,"[""color:$local$\\palettes\\font_dark.pcx"", ""font:$local$\\fonts\\font12.fnt"", ""include:$local$\\briefings.txt 31 1""]",,SOURCE_COMPLETE (parsed by cultures_hlt),Map data
488,data\maps\campaign_03_03\text\eng\briefings\0040.hlt,HLT,122,9dbeb301f0de8a15d299c2bf101aa7ecace8ff95808dbdcb2057b6fbb9c68ed8,Metadata/Sources/Raw/data/maps/campaign_03_03/text/eng/briefings/0040.hlt,bit-exact copy,"[""color:$local$\\palettes\\font_dark.pcx"", ""font:$local$\\fonts\\font12.fnt"", ""include:$local$\\briefings.txt 40 1""]",,SOURCE_COMPLETE (parsed by cultures_hlt),Map data
489,data\maps\campaign_03_03\text\eng\briefings\0220.hlt,HLT,123,43d2f85ab18a7e0c196169a3720840ac5208eaeb47c3b7f2009f4fdb4674975d,Metadata/Sources/Raw/data/maps/campaign_03_03/text/eng/briefings/0220.hlt,bit-exact copy,"[""color:$local$\\palettes\\font_dark.pcx"", ""font:$local$\\fonts\\font12.fnt"", ""include:$local$\\briefings.txt 220 1""]",,SOURCE_COMPLETE (parsed by cultures_hlt),Map data
490,data\maps\campaign_03_03\text\eng\briefings\0310.hlt,HLT,123,6ae322002abe958670bcaa0995d502211368a46228851afefecc8c205b52d36f,Metadata/Sources/Raw/data/maps/campaign_03_03/text/eng/briefings/0310.hlt,bit-exact copy,"[""color:$local$\\palettes\\font_dark.pcx"", ""font:$local$\\fonts\\font12.fnt"", ""include:$local$\\briefings.txt 310 1""]",,SOURCE_COMPLETE (parsed by cultures_hlt),Map data
491,data\maps\campaign_03_03\text\eng\briefings\0400.hlt,HLT,152,93ddd1fe3f1323218a0daa77b237dfd5b7eec379bd2dcb44e9acfeca56ccbc41,Metadata/Sources/Raw/data/maps/campaign_03_03/text/eng/briefings/0400.hlt,bit-exact copy,"[""color:$local$\\palettes\\font_dark.pcx"", ""font:$local$\\fonts\\font12.fnt"", ""include:$local$\\briefings.txt 400 1""]",,SOURCE_COMPLETE (parsed by cultures_hlt),Map data
492,data\maps\campaign_03_04\text\eng\briefings\0003.hlt,HLT,153,45684e8bf5734d3b01e69ad0165a32d4acd794ebbfc8739fb05906afd5bebc5b,Metadata/Sources/Raw/data/maps/campaign_03_04/text/eng/briefings/0003.hlt,bit-exact copy,"[""color:$local$\\palettes\\font_dark.pcx"", ""font:$local$\\fonts\\font12.fnt"", ""include:$local$\\briefings.txt 03 1""]",,SOURCE_COMPLETE (parsed by cultures_hlt),Map data
493,data\maps\campaign_03_04\text\eng\briefings\0012.hlt,HLT,120,1861e87b2f26c31253a47f236493da9c830acb9d376324ae7b300e6beda73132,Metadata/Sources/Raw/data/maps/campaign_03_04/text/eng/briefings/0012.hlt,bit-exact copy,"[""color:$local$\\palettes\\font_dark.pcx"", ""font:$local$\\fonts\\font12.fnt"", ""include:$local$\\briefings.txt 12 1""]",,SOURCE_COMPLETE (parsed by cultures_hlt),Map data
494,data\maps\campaign_03_04\text\eng\briefings\0021.hlt,HLT,155,7764723f21ef5f1f2b195d117e6886e9b1b68d5b449a9b5d8930bf97e8bb0cea,Metadata/Sources/Raw/data/maps/campaign_03_04/text/eng/briefings/0021.hlt,bit-exact copy,"[""color:$local$\\palettes\\font_dark.pcx"", ""font:$local$\\fonts\\font12.fnt"", ""include:$local$\\briefings.txt 21 1""]",,SOURCE_COMPLETE (parsed by cultures_hlt),Map data
495,data\maps\campaign_03_04\text\eng\briefings\0030.hlt,HLT,120,efa15d104a759ab0474162e137c2fb66ac42fbaffb2c4728e1154949e48a224a,Metadata/Sources/Raw/data/maps/campaign_03_04/text/eng/briefings/0030.hlt,bit-exact copy,"[""color:$local$\\palettes\\font_dark.pcx"", ""font:$local$\\fonts\\font12.fnt"", ""include:$local$\\briefings.txt 30 1""]",,SOURCE_COMPLETE (parsed by cultures_hlt),Map data
496,data\maps\campaign_03_04\text\eng\briefings\0111.hlt,HLT,121,cc623d18769f4191ffb572a5ab40ffe5d70b2c742a0b15c1bc162de5af08d8aa,Metadata/Sources/Raw/data/maps/campaign_03_04/text/eng/briefings/0111.hlt,bit-exact copy,"[""color:$local$\\palettes\\font_dark.pcx"", ""font:$local$\\fonts\\font12.fnt"", ""include:$local$\\briefings.txt 111 1""]",,SOURCE_COMPLETE (parsed by cultures_hlt),Map data
497,data\maps\campaign_03_04\text\eng\briefings\0210.hlt,HLT,121,e3ab599b768a8e9c13b59c961682a3338e29c95711e6e014912ee5a39e61e1c2,Metadata/Sources/Raw/data/maps/campaign_03_04/text/eng/briefings/0210.hlt,bit-exact copy,"[""color:$local$\\palettes\\font_dark.pcx"", ""font:$local$\\fonts\\font12.fnt"", ""include:$local$\\briefings.txt 210 1""]",,SOURCE_COMPLETE (parsed by cultures_hlt),Map data
498,data\maps\campaign_03_04\text\eng\briefings\0300.hlt,HLT,152,ce8834cfa0e123291ce0338a60a4ee27a8a6c678db2cf8214749436d7605fdf4,Metadata/Sources/Raw/data/maps/campaign_03_04/text/eng/briefings/0300.hlt,bit-exact copy,"[""color:$local$\\palettes\\font_dark.pcx"", ""font:$local$\\fonts\\font12.fnt"", ""include:$local$\\briefings.txt 300 1""]",,SOURCE_COMPLETE (parsed by cultures_hlt),Map data
499,data\maps\campaign_03_05\text\eng\briefings\0002.hlt,HLT,155,fd5a788c3d9b0c7d45727e5fb2f1681a2b8326403627664c7970c0e24c908521,Metadata/Sources/Raw/data/maps/campaign_03_05/text/eng/briefings/0002.hlt,bit-exact copy,"[""color:$local$\\palettes\\font_dark.pcx"", ""font:$local$\\fonts\\font12.fnt"", ""include:$local$\\briefings.txt 02 1""]",,SOURCE_COMPLETE (parsed by cultures_hlt),Map data
500,data\maps\campaign_03_05\text\eng\briefings\0011.hlt,HLT,152,43a5d784d91ee23d3fb8c2ae1989c978e8e70dbff5f72a62d2d17e4cf2e1b84d,Metadata/Sources/Raw/data/maps/campaign_03_05/text/eng/briefings/0011.hlt,bit-exact copy,"[""color:$local$\\palettes\\font_dark.pcx"", ""font:$local$\\fonts\\font12.fnt"", ""include:$local$\\briefings.txt 11 1""]",,SOURCE_COMPLETE (parsed by cultures_hlt),Map data
501,data\maps\campaign_03_05\text\eng\briefings\0020.hlt,HLT,152,c0f35b2b3c5358726a32e89c9bc59ccfa09edec3e60e715b76e65250206edb97,Metadata/Sources/Raw/data/maps/campaign_03_05/text/eng/briefings/0020.hlt,bit-exact copy,"[""color:$local$\\palettes\\font_dark.pcx"", ""font:$local$\\fonts\\font12.fnt"", ""include:$local$\\briefings.txt 20 1""]",,SOURCE_COMPLETE (parsed by cultures_hlt),Map data
502,data\maps\campaign_03_05\text\eng\briefings\0200.hlt,HLT,152,48b4c39996b3540d236b4296fc153b41081f754ba29ffa6bbf4f82a6f846187f,Metadata/Sources/Raw/data/maps/campaign_03_05/text/eng/briefings/0200.hlt,bit-exact copy,"[""color:$local$\\palettes\\font_dark.pcx"", ""font:$local$\\fonts\\font12.fnt"", ""include:$local$\\briefings.txt 200 1""]",,SOURCE_COMPLETE (parsed by cultures_hlt),Map data
503,data\maps\campaign_03_06\text\eng\briefings\0001.hlt,HLT,159,ffd5810f15ac8c9cd8ac9e15a5b25985973e467dcd97488da2bf7ec4c1ef18d6,Metadata/Sources/Raw/data/maps/campaign_03_06/text/eng/briefings/0001.hlt,bit-exact copy,"[""color:$local$\\palettes\\font_dark.pcx"", ""font:$local$\\fonts\\font12.fnt"", ""include:$local$\\briefings.txt 01 1""]",,SOURCE_COMPLETE (parsed by cultures_hlt),Map data
504,data\maps\campaign_03_06\text\eng\briefings\0010.hlt,HLT,153,803fc83eb998e8c1720566cf3d8b1669c86d2919dfad4f928bf589fae1957f50,Metadata/Sources/Raw/data/maps/campaign_03_06/text/eng/briefings/0010.hlt,bit-exact copy,"[""color:$local$\\palettes\\font_dark.pcx"", ""font:$local$\\fonts\\font12.fnt"", ""include:$local$\\briefings.txt 10 1""]",,SOURCE_COMPLETE (parsed by cultures_hlt),Map data
505,data\maps\campaign_03_06\text\eng\briefings\0100.hlt,HLT,152,a15611856c6c61b10b31785fd9691f7b70dd8871b3cadb94558bdea1e5333758,Metadata/Sources/Raw/data/maps/campaign_03_06/text/eng/briefings/0100.hlt,bit-exact copy,"[""color:$local$\\palettes\\font_dark.pcx"", ""font:$local$\\fonts\\font12.fnt"", ""include:$local$\\briefings.txt 100 1""]",,SOURCE_COMPLETE (parsed by cultures_hlt),Map data
507,data\maps\campaign_03_07\text\eng\briefings\0000.hlt,HLT,383,8495bf7b432e60153a6de16d31d5e44fde383c59dca17f588e01e73ce52bf9f7,Metadata/Sources/Raw/data/maps/campaign_03_07/text/eng/briefings/0000.hlt,bit-exact copy,"[""color:$local$\\palettes\\font_dark.pcx"", ""font:$local$\\fonts\\font12.fnt"", ""font:$local$\\fonts\\fonthead16bld.fnt"", ""include:$local$\\briefings.txt 00_start 1"", ""include:$local$\\briefings.txt 00_start1 1"", ""include:$local$\\briefings.txt header 1"", ""picture:$local$\\graphics\\07_00.pcx""]",,SOURCE_COMPLETE (parsed by cultures_hlt),Map data
510,data\maps\campaign_03_01\text\eng\briefings\0007.hlt,HLT,152,6c966d6b0581af2197212bee23d898ad452604b942467a8fcfc91894bb4a9dd2,Metadata/Sources/Raw/data/maps/campaign_03_01/text/eng/briefings/0007.hlt,bit-exact copy,"[""color:$local$\\palettes\\font_dark.pcx"", ""font:$local$\\fonts\\font12.fnt"", ""include:$local$\\briefings.txt 07 1""]",,SOURCE_COMPLETE (parsed by cultures_hlt),Map data
511,data\maps\campaign_03_01\text\eng\briefings\0016.hlt,HLT,155,d3e860cce99392af13eb0767c877577df787b4381f9d90d61542eeaf7ace2084,Metadata/Sources/Raw/data/maps/campaign_03_01/text/eng/briefings/0016.hlt,bit-exact copy,"[""color:$local$\\palettes\\font_dark.pcx"", ""font:$local$\\fonts\\font12.fnt"", ""include:$local$\\briefings.txt 16 1""]",,SOURCE_COMPLETE (parsed by cultures_hlt),Map data
512,data\maps\campaign_03_01\text\eng\briefings\0025.hlt,HLT,122,2337f6f9524a95152b7e51d894edaed349ce41716278c139f0412728599c5684,Metadata/Sources/Raw/data/maps/campaign_03_01/text/eng/briefings/0025.hlt,bit-exact copy,"[""color:$local$\\palettes\\font_dark.pcx"", ""font:$local$\\fonts\\font12.fnt"", ""include:$local$\\briefings.txt 25 1""]",,SOURCE_COMPLETE (parsed by cultures_hlt),Map data
513,data\maps\campaign_03_01\text\eng\briefings\0034.hlt,HLT,122,6f53a80aa7b90936c08e5a130d2ce7f5e9a0245da8e8469903a5a9bf4c6e6595,Metadata/Sources/Raw/data/maps/campaign_03_01/text/eng/briefings/0034.hlt,bit-exact copy,"[""color:$local$\\palettes\\font_dark.pcx"", ""font:$local$\\fonts\\font12.fnt"", ""include:$local$\\briefings.txt 34 1""]",,SOURCE_COMPLETE (parsed by cultures_hlt),Map data
514,data\maps\campaign_03_02\text\eng\briefings\0006.hlt,HLT,153,3faa9651b7af094950ece2977954d2adfd6bcb798943f13ef58d45db3f78b82b,Metadata/Sources/Raw/data/maps/campaign_03_02/text/eng/briefings/0006.hlt,bit-exact copy,"[""color:$local$\\palettes\\font_dark.pcx"", ""font:$local$\\fonts\\font12.fnt"", ""include:$local$\\briefings.txt 06 1""]",,SOURCE_COMPLETE (parsed by cultures_hlt),Map data
515,data\maps\campaign_03_02\text\eng\briefings\0015.hlt,HLT,154,ee60a248fcea8ea99929b6ce2e38e54c2e28ef32ccd1aa76c8a044f61f281a4d,Metadata/Sources/Raw/data/maps/campaign_03_02/text/eng/briefings/0015.hlt,bit-exact copy,"[""color:$local$\\palettes\\font_dark.pcx"", ""font:$local$\\fonts\\font12.fnt"", ""include:$local$\\briefings.txt 15 1""]",,SOURCE_COMPLETE (parsed by cultures_hlt),Map data
516,data\maps\campaign_03_02\text\eng\briefings\0024.hlt,HLT,151,bf97d8d42f70dac87936668423bdf4bb6c7923bd01128e27c71404c80ac5f16b,Metadata/Sources/Raw/data/maps/campaign_03_02/text/eng/briefings/0024.hlt,bit-exact copy,"[""color:$local$\\palettes\\font_dark.pcx"", ""font:$local$\\fonts\\font12.fnt"", ""include:$local$\\briefings.txt 24 1""]",,SOURCE_COMPLETE (parsed by cultures_hlt),Map data
517,data\maps\campaign_03_02\text\eng\briefings\0600.hlt,HLT,152,e0c68abaf3245e4e70060bfd1cb5ed97d3552f4f1b953f6e4aa8c9d80c12fe66,Metadata/Sources/Raw/data/maps/campaign_03_02/text/eng/briefings/0600.hlt,bit-exact copy,"[""color:$local$\\palettes\\font_dark.pcx"", ""font:$local$\\fonts\\font12.fnt"", ""include:$local$\\briefings.txt 600 1""]",,SOURCE_COMPLETE (parsed by cultures_hlt),Map data
518,data\maps\campaign_03_03\text\eng\briefings\0041.hlt,HLT,122,89f161a1d6b4a177539f1c36e0074da5ad5e7e3752236373a1cdecf1d9793dca,Metadata/Sources/Raw/data/maps/campaign_03_03/text/eng/briefings/0041.hlt,bit-exact copy,"[""color:$local$\\palettes\\font_dark.pcx"", ""font:$local$\\fonts\\font12.fnt"", ""include:$local$\\briefings.txt 41 1""]",,SOURCE_COMPLETE (parsed by cultures_hlt),Map data
519,data\maps\campaign_03_03\text\eng\briefings\0050.hlt,HLT,122,d56d717a22efdb14567dacabddc8c3e6c59add2bd04ddfce8bd77f1ea37eb62e,Metadata/Sources/Raw/data/maps/campaign_03_03/text/eng/briefings/0050.hlt,bit-exact copy,"[""color:$local$\\palettes\\font_dark.pcx"", ""font:$local$\\fonts\\font12.fnt"", ""include:$local$\\briefings.txt 50 1""]",,SOURCE_COMPLETE (parsed by cultures_hlt),Map data
520,data\maps\campaign_03_03\text\eng\briefings\0230.hlt,HLT,123,e1f43b09a0d614992de15f5b0285223b59a4d1bdcff18dd85424e74f0fd90172,Metadata/Sources/Raw/data/maps/campaign_03_03/text/eng/briefings/0230.hlt,bit-exact copy,"[""color:$local$\\palettes\\font_dark.pcx"", ""font:$local$\\fonts\\font12.fnt"", ""include:$local$\\briefings.txt 230 1""]",,SOURCE_COMPLETE (parsed by cultures_hlt),Map data
521,data\maps\campaign_03_03\text\eng\briefings\0320.hlt,HLT,123,cb76ccb8a799d4a8324772c841cd5c4e75f6c9778b9eecb2eafbbab025b0ed19,Metadata/Sources/Raw/data/maps/campaign_03_03/text/eng/briefings/0320.hlt,bit-exact copy,"[""color:$local$\\palettes\\font_dark.pcx"", ""font:$local$\\fonts\\font12.fnt"", ""include:$local$\\briefings.txt 320 1""]",,SOURCE_COMPLETE (parsed by cultures_hlt),Map data
522,data\maps\campaign_03_03\text\eng\briefings\0401.hlt,HLT,123,462693cb36dd724d45c9673abf12a9bcb2c5776d4a2ab127842703470956e5c6,Metadata/Sources/Raw/data/maps/campaign_03_03/text/eng/briefings/0401.hlt,bit-exact copy,"[""color:$local$\\palettes\\font_dark.pcx"", ""font:$local$\\fonts\\font12.fnt"", ""include:$local$\\briefings.txt 401 1""]",,SOURCE_COMPLETE (parsed by cultures_hlt),Map data
523,data\maps\campaign_03_03\text\eng\briefings\0410.hlt,HLT,123,3f78dc1e7a502e62c6557181f9caed4b171d365adc65308570418764d721fdb9,Metadata/Sources/Raw/data/maps/campaign_03_03/text/eng/briefings/0410.hlt,bit-exact copy,"[""color:$local$\\palettes\\font_dark.pcx"", ""font:$local$\\fonts\\font12.fnt"", ""include:$local$\\briefings.txt 410 1""]",,SOURCE_COMPLETE (parsed by cultures_hlt),Map data
524,data\maps\campaign_03_03\text\eng\briefings\0500.hlt,HLT,152,02ccec0613f411abb770ae32670c6f7f5d6f2ffc536c8d89f09065b5fa09dbfb,Metadata/Sources/Raw/data/maps/campaign_03_03/text/eng/briefings/0500.hlt,bit-exact copy,"[""color:$local$\\palettes\\font_dark.pcx"", ""font:$local$\\fonts\\font12.fnt"", ""include:$local$\\briefings.txt 500 1""]",,SOURCE_COMPLETE (parsed by cultures_hlt),Map data
525,data\maps\campaign_03_04\text\eng\briefings\0004.hlt,HLT,153,ff106aeb3e9d430d6fcd22cc2974de31eb168f984f164657bd327ab3f89baee9,Metadata/Sources/Raw/data/maps/campaign_03_04/text/eng/briefings/0004.hlt,bit-exact copy,"[""color:$local$\\palettes\\font_dark.pcx"", ""font:$local$\\fonts\\font12.fnt"", ""include:$local$\\briefings.txt 04 1""]",,SOURCE_COMPLETE (parsed by cultures_hlt),Map data
526,data\maps\campaign_03_04\text\eng\briefings\0013.hlt,HLT,120,966799730e2adce94209407f02419515c2acf8e8a7063ea44c3c3862ab133391,Metadata/Sources/Raw/data/maps/campaign_03_04/text/eng/briefings/0013.hlt,bit-exact copy,"[""color:$local$\\palettes\\font_dark.pcx"", ""font:$local$\\fonts\\font12.fnt"", ""include:$local$\\briefings.txt 13 1""]",,SOURCE_COMPLETE (parsed by cultures_hlt),Map data
527,data\maps\campaign_03_04\text\eng\briefings\0022.hlt,HLT,155,335ee03212635c2e49db39e1d2d9a3b7e21243eea03b944d9514b30571d89bcc,Metadata/Sources/Raw/data/maps/campaign_03_04/text/eng/briefings/0022.hlt,bit-exact copy,"[""color:$local$\\palettes\\font_dark.pcx"", ""font:$local$\\fonts\\font12.fnt"", ""include:$local$\\briefings.txt 22 1""]",,SOURCE_COMPLETE (parsed by cultures_hlt),Map data
528,data\maps\campaign_03_04\text\eng\briefings\0112.hlt,HLT,121,c8d1a6c80457afe6758de7c6fc4e30ba9fa0cedc67d4977dd79ac1cbbe7ea7dc,Metadata/Sources/Raw/data/maps/campaign_03_04/text/eng/briefings/0112.hlt,bit-exact copy,"[""color:$local$\\palettes\\font_dark.pcx"", ""font:$local$\\fonts\\font12.fnt"", ""include:$local$\\briefings.txt 112 1""]",,SOURCE_COMPLETE (parsed by cultures_hlt),Map data
529,data\maps\campaign_03_04\text\eng\briefings\0220.hlt,HLT,121,eb81903dd125fe7df55e1c5c26e6bcda7e56404f82221f52b7794331f28231e4,Metadata/Sources/Raw/data/maps/campaign_03_04/text/eng/briefings/0220.hlt,bit-exact copy,"[""color:$local$\\palettes\\font_dark.pcx"", ""font:$local$\\fonts\\font12.fnt"", ""include:$local$\\briefings.txt 220 1""]",,SOURCE_COMPLETE (parsed by cultures_hlt),Map data
530,data\maps\campaign_03_04\text\eng\briefings\0310.hlt,HLT,121,55f84a2506de1ca46d536ce89dc24f743960bd876d8a8470013d0b8944abbe2a,Metadata/Sources/Raw/data/maps/campaign_03_04/text/eng/briefings/0310.hlt,bit-exact copy,"[""color:$local$\\palettes\\font_dark.pcx"", ""font:$local$\\fonts\\font12.fnt"", ""include:$local$\\briefings.txt 310 1""]",,SOURCE_COMPLETE (parsed by cultures_hlt),Map data
531,data\maps\campaign_03_04\text\eng\briefings\0400.hlt,HLT,152,93ddd1fe3f1323218a0daa77b237dfd5b7eec379bd2dcb44e9acfeca56ccbc41,Metadata/Sources/Raw/data/maps/campaign_03_04/text/eng/briefings/0400.hlt,bit-exact copy,"[""color:$local$\\palettes\\font_dark.pcx"", ""font:$local$\\fonts\\font12.fnt"", ""include:$local$\\briefings.txt 400 1""]",,SOURCE_COMPLETE (parsed by cultures_hlt),Map data
532,data\maps\campaign_03_05\text\eng\briefings\0003.hlt,HLT,153,91c5f683996bbdaf3ecce59cd043a95fb2043d4c954624e326eee5f34f8a71bd,Metadata/Sources/Raw/data/maps/campaign_03_05/text/eng/briefings/0003.hlt,bit-exact copy,"[""color:$local$\\palettes\\font_dark.pcx"", ""font:$local$\\fonts\\font12.fnt"", ""include:$local$\\briefings.txt 03 1""]",,SOURCE_COMPLETE (parsed by cultures_hlt),Map data
533,data\maps\campaign_03_05\text\eng\briefings\0012.hlt,HLT,149,1159072a9fb2ac3a64422b9d32dfb4e38fb1eb47d65fde9d5bbdc65f099b8c74,Metadata/Sources/Raw/data/maps/campaign_03_05/text/eng/briefings/0012.hlt,bit-exact copy,"[""color:$local$\\palettes\\font_dark.pcx"", ""font:$local$\\fonts\\font12.fnt"", ""include:$local$\\briefings.txt 12 1""]",,SOURCE_COMPLETE (parsed by cultures_hlt),Map data
534,data\maps\campaign_03_05\text\eng\briefings\0021.hlt,HLT,152,a231a9f94e3753f5bd6d4572850390b926cb6a86a83ec7623af33e09bcc12e57,Metadata/Sources/Raw/data/maps/campaign_03_05/text/eng/briefings/0021.hlt,bit-exact copy,"[""color:$local$\\palettes\\font_dark.pcx"", ""font:$local$\\fonts\\font12.fnt"", ""include:$local$\\briefings.txt 21 1""]",,SOURCE_COMPLETE (parsed by cultures_hlt),Map data
535,data\maps\campaign_03_05\text\eng\briefings\0030.hlt,HLT,155,55d606c56d0e142d3dba67c0b96f3cb7ca1ef10d046a765cfeea792b15450844,Metadata/Sources/Raw/data/maps/campaign_03_05/text/eng/briefings/0030.hlt,bit-exact copy,"[""color:$local$\\palettes\\font_dark.pcx"", ""font:$local$\\fonts\\font12.fnt"", ""include:$local$\\briefings.txt 30 1""]",,SOURCE_COMPLETE (parsed by cultures_hlt),Map data
536,data\maps\campaign_03_05\text\eng\briefings\0300.hlt,HLT,152,ce8834cfa0e123291ce0338a60a4ee27a8a6c678db2cf8214749436d7605fdf4,Metadata/Sources/Raw/data/maps/campaign_03_05/text/eng/briefings/0300.hlt,bit-exact copy,"[""color:$local$\\palettes\\font_dark.pcx"", ""font:$local$\\fonts\\font12.fnt"", ""include:$local$\\briefings.txt 300 1""]",,SOURCE_COMPLETE (parsed by cultures_hlt),Map data
537,data\maps\campaign_03_06\text\eng\briefings\0002.hlt,HLT,154,88324312346de7630d18364597d9320a0a58cfb3678d714bfe345977a49911d7,Metadata/Sources/Raw/data/maps/campaign_03_06/text/eng/briefings/0002.hlt,bit-exact copy,"[""color:$local$\\palettes\\font_dark.pcx"", ""font:$local$\\fonts\\font12.fnt"", ""include:$local$\\briefings.txt 02 1""]",,SOURCE_COMPLETE (parsed by cultures_hlt),Map data
538,data\maps\campaign_03_06\text\eng\briefings\0011.hlt,HLT,183,27bf0b4f627fea12044a602ce5c500a49cf4bc8edb41c157888a8af8c6928336,Metadata/Sources/Raw/data/maps/campaign_03_06/text/eng/briefings/0011.hlt,bit-exact copy,"[""color:$local$\\palettes\\font_dark.pcx"", ""font:$local$\\fonts\\font12.fnt"", ""include:$local$\\briefings.txt 11 1""]",,SOURCE_COMPLETE (parsed by cultures_hlt),Map data
539,data\maps\campaign_03_06\text\eng\briefings\0020.hlt,HLT,154,c5e94a0bb26962681068e8aca608f14e678eb33756e6524146c4f67d14ff3b2b,Metadata/Sources/Raw/data/maps/campaign_03_06/text/eng/briefings/0020.hlt,bit-exact copy,"[""color:$local$\\palettes\\font_dark.pcx"", ""font:$local$\\fonts\\font12.fnt"", ""include:$local$\\briefings.txt 20 1""]",,SOURCE_COMPLETE (parsed by cultures_hlt),Map data
540,data\maps\campaign_03_06\text\eng\briefings\0200.hlt,HLT,152,48b4c39996b3540d236b4296fc153b41081f754ba29ffa6bbf4f82a6f846187f,Metadata/Sources/Raw/data/maps/campaign_03_06/text/eng/briefings/0200.hlt,bit-exact copy,"[""color:$local$\\palettes\\font_dark.pcx"", ""font:$local$\\fonts\\font12.fnt"", ""include:$local$\\briefings.txt 200 1""]",,SOURCE_COMPLETE (parsed by cultures_hlt),Map data
542,data\maps\campaign_03_07\text\eng\briefings\0001.hlt,HLT,159,3262f9f375e0a487efb0ee7a8cca81352c0b3658316eb85316c6a6b01531564c,Metadata/Sources/Raw/data/maps/campaign_03_07/text/eng/briefings/0001.hlt,bit-exact copy,"[""color:$local$\\palettes\\font_dark.pcx"", ""font:$local$\\fonts\\font12.fnt"", ""include:$local$\\briefings.txt 01 1""]",,SOURCE_COMPLETE (parsed by cultures_hlt),Map data
543,data\maps\campaign_03_07\text\eng\briefings\0010.hlt,HLT,153,e6c062f03365f75be26a90cb811987e01856eaec0213a28bb731e22918f4e852,Metadata/Sources/Raw/data/maps/campaign_03_07/text/eng/briefings/0010.hlt,bit-exact copy,"[""color:$local$\\palettes\\font_dark.pcx"", ""font:$local$\\fonts\\font12.fnt"", ""include:$local$\\briefings.txt 10 1""]",,SOURCE_COMPLETE (parsed by cultures_hlt),Map data
544,data\maps\campaign_03_07\text\eng\briefings\0100.hlt,HLT,152,a15611856c6c61b10b31785fd9691f7b70dd8871b3cadb94558bdea1e5333758,Metadata/Sources/Raw/data/maps/campaign_03_07/text/eng/briefings/0100.hlt,bit-exact copy,"[""color:$local$\\palettes\\font_dark.pcx"", ""font:$local$\\fonts\\font12.fnt"", ""include:$local$\\briefings.txt 100 1""]",,SOURCE_COMPLETE (parsed by cultures_hlt),Map data
545,data\maps\campaign_03_08\text\eng\briefings\0000.hlt,HLT,350,fe72330fe8d6f8e6c7fef171c936a607f77a479db0c5e47d10de066ca97bdae0,Metadata/Sources/Raw/data/maps/campaign_03_08/text/eng/briefings/0000.hlt,bit-exact copy,"[""color:$local$\\palettes\\font_dark.pcx"", ""font:$local$\\fonts\\font12.fnt"", ""font:$local$\\fonts\\fonthead16bld.fnt"", ""include:$local$\\briefings.txt 00_start 1"", ""include:$local$\\briefings.txt 00_start1 1"", ""include:$local$\\briefings.txt header 1"", ""picture:$local$\\graphics\\08_00.pcx""]",,SOURCE_COMPLETE (parsed by cultures_hlt),Map data
548,data\maps\campaign_03_01\text\eng\briefings\0008.hlt,HLT,153,33f5cda95f48f8600af92bfbee254c792352c0f57d4e37df9c0bb8b92acde0bf,Metadata/Sources/Raw/data/maps/campaign_03_01/text/eng/briefings/0008.hlt,bit-exact copy,"[""color:$local$\\palettes\\font_dark.pcx"", ""font:$local$\\fonts\\font12.fnt"", ""include:$local$\\briefings.txt 08 1""]",,SOURCE_COMPLETE (parsed by cultures_hlt),Map data
549,data\maps\campaign_03_01\text\eng\briefings\0017.hlt,HLT,155,e92b0a698a687a8c78147a4b93a3c0c4098fb0113fe9292a6ff14d8e25f7b6b2,Metadata/Sources/Raw/data/maps/campaign_03_01/text/eng/briefings/0017.hlt,bit-exact copy,"[""color:$local$\\palettes\\font_dark.pcx"", ""font:$local$\\fonts\\font12.fnt"", ""include:$local$\\briefings.txt 17 1""]",,SOURCE_COMPLETE (parsed by cultures_hlt),Map data
550,data\maps\campaign_03_01\text\eng\briefings\0026.hlt,HLT,155,c5829570b909a1050aeecb1928d25a62fabdff6475b153f7a28b0c6b4917f990,Metadata/Sources/Raw/data/maps/campaign_03_01/text/eng/briefings/0026.hlt,bit-exact copy,"[""color:$local$\\palettes\\font_dark.pcx"", ""font:$local$\\fonts\\font12.fnt"", ""include:$local$\\briefings.txt 26 1""]",,SOURCE_COMPLETE (parsed by cultures_hlt),Map data
551,data\maps\campaign_03_01\text\eng\briefings\0035.hlt,HLT,154,aefff565077fdfe785973a9c8893df639109a15dfe23ee8aa45c305d2218d1af,Metadata/Sources/Raw/data/maps/campaign_03_01/text/eng/briefings/0035.hlt,bit-exact copy,"[""color:$local$\\palettes\\font_dark.pcx"", ""font:$local$\\fonts\\font12.fnt"", ""include:$local$\\briefings.txt 35 1""]",,SOURCE_COMPLETE (parsed by cultures_hlt),Map data
552,data\maps\campaign_03_02\text\eng\briefings\0007.hlt,HLT,153,2d6bd31ad985be3f4abac4b5ffafdc3e7f7df689f5fea287933f9f79e37822d0,Metadata/Sources/Raw/data/maps/campaign_03_02/text/eng/briefings/0007.hlt,bit-exact copy,"[""color:$local$\\palettes\\font_dark.pcx"", ""font:$local$\\fonts\\font12.fnt"", ""include:$local$\\briefings.txt 07 1""]",,SOURCE_COMPLETE (parsed by cultures_hlt),Map data
553,data\maps\campaign_03_02\text\eng\briefings\0016.hlt,HLT,155,d3e860cce99392af13eb0767c877577df787b4381f9d90d61542eeaf7ace2084,Metadata/Sources/Raw/data/maps/campaign_03_02/text/eng/briefings/0016.hlt,bit-exact copy,"[""color:$local$\\palettes\\font_dark.pcx"", ""font:$local$\\fonts\\font12.fnt"", ""include:$local$\\briefings.txt 16 1""]",,SOURCE_COMPLETE (parsed by cultures_hlt),Map data
554,data\maps\campaign_03_02\text\eng\briefings\0025.hlt,HLT,151,782c08732db2eae7482875e5e6319d8f03f53dbbd5ee1cfe8bb3ed6233024baf,Metadata/Sources/Raw/data/maps/campaign_03_02/text/eng/briefings/0025.hlt,bit-exact copy,"[""color:$local$\\palettes\\font_dark.pcx"", ""font:$local$\\fonts\\font12.fnt"", ""include:$local$\\briefings.txt 25 1""]",,SOURCE_COMPLETE (parsed by cultures_hlt),Map data
555,data\maps\campaign_03_03\text\eng\briefings\0060.hlt,HLT,122,115721277e8d6617c3c9765f15664fe1b70ffaafd986dc6ac2fab0996e7f23ac,Metadata/Sources/Raw/data/maps/campaign_03_03/text/eng/briefings/0060.hlt,bit-exact copy,"[""color:$local$\\palettes\\font_dark.pcx"", ""font:$local$\\fonts\\font12.fnt"", ""include:$local$\\briefings.txt 60 1""]",,SOURCE_COMPLETE (parsed by cultures_hlt),Map data
556,data\maps\campaign_03_03\text\eng\briefings\0240.hlt,HLT,123,8c12b6aac85fa0abe05aa0d7b2f725ca872598cf86d7864abe25bede60e92d3d,Metadata/Sources/Raw/data/maps/campaign_03_03/text/eng/briefings/0240.hlt,bit-exact copy,"[""color:$local$\\palettes\\font_dark.pcx"", ""font:$local$\\fonts\\font12.fnt"", ""include:$local$\\briefings.txt 240 1""]",,SOURCE_COMPLETE (parsed by cultures_hlt),Map data
557,data\maps\campaign_03_03\text\eng\briefings\0330.hlt,HLT,123,615471e6ab6664d1a15e93003b2251b205335ea4a502a824b5a2a8ad9e735400,Metadata/Sources/Raw/data/maps/campaign_03_03/text/eng/briefings/0330.hlt,bit-exact copy,"[""color:$local$\\palettes\\font_dark.pcx"", ""font:$local$\\fonts\\font12.fnt"", ""include:$local$\\briefings.txt 330 1""]",,SOURCE_COMPLETE (parsed by cultures_hlt),Map data
558,data\maps\campaign_03_03\text\eng\briefings\0420.hlt,HLT,123,fa8635bad57bbaca76ee5100a61197718734e5a963dd31cb8c43fc497d77ee32,Metadata/Sources/Raw/data/maps/campaign_03_03/text/eng/briefings/0420.hlt,bit-exact copy,"[""color:$local$\\palettes\\font_dark.pcx"", ""font:$local$\\fonts\\font12.fnt"", ""include:$local$\\briefings.txt 420 1""]",,SOURCE_COMPLETE (parsed by cultures_hlt),Map data
559,data\maps\campaign_03_03\text\eng\briefings\0600.hlt,HLT,152,d0abf85ef5f44a7b1ee42845d7697ed7c8d743c6607ebb9319e70887a0d77eae,Metadata/Sources/Raw/data/maps/campaign_03_03/text/eng/briefings/0600.hlt,bit-exact copy,"[""color:$local$\\palettes\\font_dark.pcx"", ""font:$local$\\fonts\\font12.fnt"", ""include:$local$\\briefings.txt 600 1""]",,SOURCE_COMPLETE (parsed by cultures_hlt),Map data
560,data\maps\campaign_03_04\text\eng\briefings\0005.hlt,HLT,153,2a527d61d5c6fa316ef31c8a86006133ae61b02723a46aacc260a40f98102adc,Metadata/Sources/Raw/data/maps/campaign_03_04/text/eng/briefings/0005.hlt,bit-exact copy,"[""color:$local$\\palettes\\font_dark.pcx"", ""font:$local$\\fonts\\font12.fnt"", ""include:$local$\\briefings.txt 05 1""]",,SOURCE_COMPLETE (parsed by cultures_hlt),Map data
561,data\maps\campaign_03_04\text\eng\briefings\0014.hlt,HLT,120,ab053e60f3bd6b12f9c02a6517fba8a4bbf82f2134ad1d1c5f761478f8ccfaff,Metadata/Sources/Raw/data/maps/campaign_03_04/text/eng/briefings/0014.hlt,bit-exact copy,"[""color:$local$\\palettes\\font_dark.pcx"", ""font:$local$\\fonts\\font12.fnt"", ""include:$local$\\briefings.txt 14 1""]",,SOURCE_COMPLETE (parsed by cultures_hlt),Map data
562,data\maps\campaign_03_04\text\eng\briefings\0023.hlt,HLT,155,0e577b6e4fe7602b06ff0df374b2b656859059ecdc4bcfa97d16cccb16c07571,Metadata/Sources/Raw/data/maps/campaign_03_04/text/eng/briefings/0023.hlt,bit-exact copy,"[""color:$local$\\palettes\\font_dark.pcx"", ""font:$local$\\fonts\\font12.fnt"", ""include:$local$\\briefings.txt 23 1""]",,SOURCE_COMPLETE (parsed by cultures_hlt),Map data
563,data\maps\campaign_03_04\text\eng\briefings\0050.hlt,HLT,380,29d3330ef5f693a6ac225eeda41eb04f5f1b375a5d6d7f9e20a226a017c01cc5,Metadata/Sources/Raw/data/maps/campaign_03_04/text/eng/briefings/0050.hlt,bit-exact copy,"[""color:$local$\\palettes\\font_dark.pcx"", ""font:$local$\\fonts\\font12.fnt"", ""font:$local$\\fonts\\fonthead16bld.fnt"", ""include:$local$\\briefings.txt 50_end 1"", ""include:$local$\\briefings.txt 50_end1 1"", ""include:$local$\\briefings.txt 50_endheader 1"", ""picture:$local$\\graphics\\08_01.pcx""]",,SOURCE_COMPLETE (parsed by cultures_hlt),Map data
564,data\maps\campaign_03_04\text\eng\briefings\0113.hlt,HLT,121,66554e88d980c9f56add985d1ad5912a3dd82b47aa61147ea747392505053110,Metadata/Sources/Raw/data/maps/campaign_03_04/text/eng/briefings/0113.hlt,bit-exact copy,"[""color:$local$\\palettes\\font_dark.pcx"", ""font:$local$\\fonts\\font12.fnt"", ""include:$local$\\briefings.txt 113 1""]",,SOURCE_COMPLETE (parsed by cultures_hlt),Map data
565,data\maps\campaign_03_04\text\eng\briefings\0230.hlt,HLT,121,ac91f4003da2dfe6c5dae42f637ef2c75e081e456938f19b5fcee6f43d7fa767,Metadata/Sources/Raw/data/maps/campaign_03_04/text/eng/briefings/0230.hlt,bit-exact copy,"[""color:$local$\\palettes\\font_dark.pcx"", ""font:$local$\\fonts\\font12.fnt"", ""include:$local$\\briefings.txt 230 1""]",,SOURCE_COMPLETE (parsed by cultures_hlt),Map data
566,data\maps\campaign_03_04\text\eng\briefings\0320.hlt,HLT,121,c2cb55f58c542414d25ee6257672dea47c04d63a80a887971079761599491bc2,Metadata/Sources/Raw/data/maps/campaign_03_04/text/eng/briefings/0320.hlt,bit-exact copy,"[""color:$local$\\palettes\\font_dark.pcx"", ""font:$local$\\fonts\\font12.fnt"", ""include:$local$\\briefings.txt 320 1""]",,SOURCE_COMPLETE (parsed by cultures_hlt),Map data
567,data\maps\campaign_03_04\text\eng\briefings\0500.hlt,HLT,152,02ccec0613f411abb770ae32670c6f7f5d6f2ffc536c8d89f09065b5fa09dbfb,Metadata/Sources/Raw/data/maps/campaign_03_04/text/eng/briefings/0500.hlt,bit-exact copy,"[""color:$local$\\palettes\\font_dark.pcx"", ""font:$local$\\fonts\\font12.fnt"", ""include:$local$\\briefings.txt 500 1""]",,SOURCE_COMPLETE (parsed by cultures_hlt),Map data
568,data\maps\campaign_03_05\text\eng\briefings\0004.hlt,HLT,153,47e6237ec1f55acfc6b05bf30d55c86edee7c9a6f4f0dd7c34b46be192d64c46,Metadata/Sources/Raw/data/maps/campaign_03_05/text/eng/briefings/0004.hlt,bit-exact copy,"[""color:$local$\\palettes\\font_dark.pcx"", ""font:$local$\\fonts\\font12.fnt"", ""include:$local$\\briefings.txt 04 1""]",,SOURCE_COMPLETE (parsed by cultures_hlt),Map data
569,data\maps\campaign_03_05\text\eng\briefings\0013.hlt,HLT,151,d0eae218d85dcede5c18ecaa9b746f90438d7a619724929d1cbb6ba0a540dac3,Metadata/Sources/Raw/data/maps/campaign_03_05/text/eng/briefings/0013.hlt,bit-exact copy,"[""color:$local$\\palettes\\font_dark.pcx"", ""font:$local$\\fonts\\font12.fnt"", ""include:$local$\\briefings.txt 13 1""]",,SOURCE_COMPLETE (parsed by cultures_hlt),Map data
570,data\maps\campaign_03_05\text\eng\briefings\0022.hlt,HLT,155,b1077fc96d5f3b87eec12ec9173967c177b1a7888d3ad365643135f3cd71bba2,Metadata/Sources/Raw/data/maps/campaign_03_05/text/eng/briefings/0022.hlt,bit-exact copy,"[""color:$local$\\palettes\\font_dark.pcx"", ""font:$local$\\fonts\\font12.fnt"", ""include:$local$\\briefings.txt 22 1""]",,SOURCE_COMPLETE (parsed by cultures_hlt),Map data
571,data\maps\campaign_03_05\text\eng\briefings\0400.hlt,HLT,152,93ddd1fe3f1323218a0daa77b237dfd5b7eec379bd2dcb44e9acfeca56ccbc41,Metadata/Sources/Raw/data/maps/campaign_03_05/text/eng/briefings/0400.hlt,bit-exact copy,"[""color:$local$\\palettes\\font_dark.pcx"", ""font:$local$\\fonts\\font12.fnt"", ""include:$local$\\briefings.txt 400 1""]",,SOURCE_COMPLETE (parsed by cultures_hlt),Map data
572,data\maps\campaign_03_06\text\eng\briefings\0003.hlt,HLT,152,48819a17e478b5259ca27e397e4464b63495e448e9a5ccb590b4d365106ecac3,Metadata/Sources/Raw/data/maps/campaign_03_06/text/eng/briefings/0003.hlt,bit-exact copy,"[""color:$local$\\palettes\\font_dark.pcx"", ""font:$local$\\fonts\\font12.fnt"", ""include:$local$\\briefings.txt 03 1""]",,SOURCE_COMPLETE (parsed by cultures_hlt),Map data
573,data\maps\campaign_03_06\text\eng\briefings\0012.hlt,HLT,153,bfdd23e3cc65b3ff1053c4f7610274796b8f392da8a8c047c5cf5a6f65961db6,Metadata/Sources/Raw/data/maps/campaign_03_06/text/eng/briefings/0012.hlt,bit-exact copy,"[""color:$local$\\palettes\\font_dark.pcx"", ""font:$local$\\fonts\\font12.fnt"", ""include:$local$\\briefings.txt 12 1""]",,SOURCE_COMPLETE (parsed by cultures_hlt),Map data
574,data\maps\campaign_03_06\text\eng\briefings\0021.hlt,HLT,154,259148da85243074303250af25237d019c9e028e89af50cef012c1f23e790f8f,Metadata/Sources/Raw/data/maps/campaign_03_06/text/eng/briefings/0021.hlt,bit-exact copy,"[""color:$local$\\palettes\\font_dark.pcx"", ""font:$local$\\fonts\\font12.fnt"", ""include:$local$\\briefings.txt 21 1""]",,SOURCE_COMPLETE (parsed by cultures_hlt),Map data
575,data\maps\campaign_03_06\text\eng\briefings\0030.hlt,HLT,124,be264b828dd108ef87ed7643458b150f1c04938c9c85684d16c890c643cb1ab8,Metadata/Sources/Raw/data/maps/campaign_03_06/text/eng/briefings/0030.hlt,bit-exact copy,"[""color:$local$\\palettes\\font_dark.pcx"", ""font:$local$\\fonts\\font12.fnt"", ""include:$local$\\briefings.txt 30 1""]",,SOURCE_COMPLETE (parsed by cultures_hlt),Map data
576,data\maps\campaign_03_06\text\eng\briefings\0300.hlt,HLT,152,ce8834cfa0e123291ce0338a60a4ee27a8a6c678db2cf8214749436d7605fdf4,Metadata/Sources/Raw/data/maps/campaign_03_06/text/eng/briefings/0300.hlt,bit-exact copy,"[""color:$local$\\palettes\\font_dark.pcx"", ""font:$local$\\fonts\\font12.fnt"", ""include:$local$\\briefings.txt 300 1""]",,SOURCE_COMPLETE (parsed by cultures_hlt),Map data
577,data\maps\campaign_03_07\text\eng\briefings\0002.hlt,HLT,155,6f2f26bab5f904595ee563d37c61ae5969c4cc28e5e53708446300369ee98aa2,Metadata/Sources/Raw/data/maps/campaign_03_07/text/eng/briefings/0002.hlt,bit-exact copy,"[""color:$local$\\palettes\\font_dark.pcx"", ""font:$local$\\fonts\\font12.fnt"", ""include:$local$\\briefings.txt 02 1""]",,SOURCE_COMPLETE (parsed by cultures_hlt),Map data
578,data\maps\campaign_03_07\text\eng\briefings\0011.hlt,HLT,153,7c003e9d77ac0a847b6c30d62532f8e4b6fe68fdf4f018f45e0971eb207cec9a,Metadata/Sources/Raw/data/maps/campaign_03_07/text/eng/briefings/0011.hlt,bit-exact copy,"[""color:$local$\\palettes\\font_dark.pcx"", ""font:$local$\\fonts\\font12.fnt"", ""include:$local$\\briefings.txt 11 1""]",,SOURCE_COMPLETE (parsed by cultures_hlt),Map data
579,data\maps\campaign_03_07\text\eng\briefings\0020.hlt,HLT,154,419063a611081243f9782e1c1ef458895128802756b54b7fd5cc833b5313d3f3,Metadata/Sources/Raw/data/maps/campaign_03_07/text/eng/briefings/0020.hlt,bit-exact copy,"[""color:$local$\\palettes\\font_dark.pcx"", ""font:$local$\\fonts\\font12.fnt"", ""include:$local$\\briefings.txt 20 1""]",,SOURCE_COMPLETE (parsed by cultures_hlt),Map data
580,data\maps\campaign_03_07\text\eng\briefings\0200.hlt,HLT,152,48b4c39996b3540d236b4296fc153b41081f754ba29ffa6bbf4f82a6f846187f,Metadata/Sources/Raw/data/maps/campaign_03_07/text/eng/briefings/0200.hlt,bit-exact copy,"[""color:$local$\\palettes\\font_dark.pcx"", ""font:$local$\\fonts\\font12.fnt"", ""include:$local$\\briefings.txt 200 1""]",,SOURCE_COMPLETE (parsed by cultures_hlt),Map data
581,data\maps\campaign_03_08\text\eng\briefings\0001.hlt,HLT,159,20b4e19276ba66e1a3d698a3e6f8f287f42e6b1bbc9ea892053ebac74888299e,Metadata/Sources/Raw/data/maps/campaign_03_08/text/eng/briefings/0001.hlt,bit-exact copy,"[""color:$local$\\palettes\\font_dark.pcx"", ""font:$local$\\fonts\\font12.fnt"", ""include:$local$\\briefings.txt 01 1""]",,SOURCE_COMPLETE (parsed by cultures_hlt),Map data
582,data\maps\campaign_03_08\text\eng\briefings\0010.hlt,HLT,153,f2601c75f1ca7123cba3c36447cd96aa3313186f4b37fe9779107bb03a5c8259,Metadata/Sources/Raw/data/maps/campaign_03_08/text/eng/briefings/0010.hlt,bit-exact copy,"[""color:$local$\\palettes\\font_dark.pcx"", ""font:$local$\\fonts\\font12.fnt"", ""include:$local$\\briefings.txt 10 1""]",,SOURCE_COMPLETE (parsed by cultures_hlt),Map data
583,data\maps\campaign_03_08\text\eng\briefings\0100.hlt,HLT,152,a15611856c6c61b10b31785fd9691f7b70dd8871b3cadb94558bdea1e5333758,Metadata/Sources/Raw/data/maps/campaign_03_08/text/eng/briefings/0100.hlt,bit-exact copy,"[""color:$local$\\palettes\\font_dark.pcx"", ""font:$local$\\fonts\\font12.fnt"", ""include:$local$\\briefings.txt 100 1""]",,SOURCE_COMPLETE (parsed by cultures_hlt),Map data
586,data\maps\campaign_03_01\text\eng\briefings\0009.hlt,HLT,153,54ce660b16ae0801c45f11afe480f12c693d1deface8366ce5b23ef3ab9d81e5,Metadata/Sources/Raw/data/maps/campaign_03_01/text/eng/briefings/0009.hlt,bit-exact copy,"[""color:$local$\\palettes\\font_dark.pcx"", ""font:$local$\\fonts\\font12.fnt"", ""include:$local$\\briefings.txt 09 1""]",,SOURCE_COMPLETE (parsed by cultures_hlt),Map data
587,data\maps\campaign_03_01\text\eng\briefings\0018.hlt,HLT,155,01ca04b23e3b22d9f893d5426e6d8b4c22058066b3761816fdcc48536430cc12,Metadata/Sources/Raw/data/maps/campaign_03_01/text/eng/briefings/0018.hlt,bit-exact copy,"[""color:$local$\\palettes\\font_dark.pcx"", ""font:$local$\\fonts\\font12.fnt"", ""include:$local$\\briefings.txt 18 1""]",,SOURCE_COMPLETE (parsed by cultures_hlt),Map data
588,data\maps\campaign_03_01\text\eng\briefings\0027.hlt,HLT,154,9443169700c966ad0408a268c13857b46ee612e15b50e571189eb0f1aff553e5,Metadata/Sources/Raw/data/maps/campaign_03_01/text/eng/briefings/0027.hlt,bit-exact copy,"[""color:$local$\\palettes\\font_dark.pcx"", ""font:$local$\\fonts\\font12.fnt"", ""include:$local$\\briefings.txt 27 1""]",,SOURCE_COMPLETE (parsed by cultures_hlt),Map data
589,data\maps\campaign_03_01\text\eng\briefings\0036.hlt,HLT,152,2088ed129c824b1964d579d3ab2b6a2c235d03dccc120a06557ab8fedb81d14f,Metadata/Sources/Raw/data/maps/campaign_03_01/text/eng/briefings/0036.hlt,bit-exact copy,"[""color:$local$\\palettes\\font_dark.pcx"", ""font:$local$\\fonts\\font12.fnt"", ""include:$local$\\briefings.txt 36 1""]",,SOURCE_COMPLETE (parsed by cultures_hlt),Map data
590,data\maps\campaign_03_02\text\eng\briefings\0008.hlt,HLT,153,c777cbd504b2cdbb9acf40b26981785f96bb5e0bb0cfdebf4432676b146d8883,Metadata/Sources/Raw/data/maps/campaign_03_02/text/eng/briefings/0008.hlt,bit-exact copy,"[""color:$local$\\palettes\\font_dark.pcx"", ""font:$local$\\fonts\\font12.fnt"", ""include:$local$\\briefings.txt 08 1""]",,SOURCE_COMPLETE (parsed by cultures_hlt),Map data
591,data\maps\campaign_03_02\text\eng\briefings\0017.hlt,HLT,154,135a7561b665e159980d05eadc36ee97bd9351e48502d149988dccbfcfd89125,Metadata/Sources/Raw/data/maps/campaign_03_02/text/eng/briefings/0017.hlt,bit-exact copy,"[""color:$local$\\palettes\\font_dark.pcx"", ""font:$local$\\fonts\\font12.fnt"", ""include:$local$\\briefings.txt 17 1""]",,SOURCE_COMPLETE (parsed by cultures_hlt),Map data
592,data\maps\campaign_03_02\text\eng\briefings\0026.hlt,HLT,122,9127a960a89a80be3058c836b1664e261756275e9a143a994a6b975fdb25940b,Metadata/Sources/Raw/data/maps/campaign_03_02/text/eng/briefings/0026.hlt,bit-exact copy,"[""color:$local$\\palettes\\font_dark.pcx"", ""font:$local$\\fonts\\font12.fnt"", ""include:$local$\\briefings.txt 26 1""]",,SOURCE_COMPLETE (parsed by cultures_hlt),Map data
593,data\maps\campaign_03_03\text\eng\briefings\0061.hlt,HLT,122,229966cb16d9a489fe2f6198b4f4917ddac70723eaf27e8cd0c3db3fc5686464,Metadata/Sources/Raw/data/maps/campaign_03_03/text/eng/briefings/0061.hlt,bit-exact copy,"[""color:$local$\\palettes\\font_dark.pcx"", ""font:$local$\\fonts\\font12.fnt"", ""include:$local$\\briefings.txt 61 1""]",,SOURCE_COMPLETE (parsed by cultures_hlt),Map data
594,data\maps\campaign_03_03\text\eng\briefings\0070.hlt,HLT,122,ab041f6b22ed96b069c4d05cef52ea1717f646747d7e7ce70bc4d83a57cb677d,Metadata/Sources/Raw/data/maps/campaign_03_03/text/eng/briefings/0070.hlt,bit-exact copy,"[""color:$local$\\palettes\\font_dark.pcx"", ""font:$local$\\fonts\\font12.fnt"", ""include:$local$\\briefings.txt 70 1""]",,SOURCE_COMPLETE (parsed by cultures_hlt),Map data
595,data\maps\campaign_03_03\text\eng\briefings\0241.hlt,HLT,123,6a003fa347427d5ddbf12803d3687e3c0244c4d7f978eb062d32d77c55d8f817,Metadata/Sources/Raw/data/maps/campaign_03_03/text/eng/briefings/0241.hlt,bit-exact copy,"[""color:$local$\\palettes\\font_dark.pcx"", ""font:$local$\\fonts\\font12.fnt"", ""include:$local$\\briefings.txt 241 1""]",,SOURCE_COMPLETE (parsed by cultures_hlt),Map data
596,data\maps\campaign_03_03\text\eng\briefings\0250.hlt,HLT,123,bab752fd00e9f52e12862806a2dba556514f6075ce34258834c58769a4391b4d,Metadata/Sources/Raw/data/maps/campaign_03_03/text/eng/briefings/0250.hlt,bit-exact copy,"[""color:$local$\\palettes\\font_dark.pcx"", ""font:$local$\\fonts\\font12.fnt"", ""include:$local$\\briefings.txt 250 1""]",,SOURCE_COMPLETE (parsed by cultures_hlt),Map data
597,data\maps\campaign_03_03\text\eng\briefings\0340.hlt,HLT,153,a4bae272097eb4a20b5485ed7452a49fb2b642fa4470533f87364c34f4e73bc3,Metadata/Sources/Raw/data/maps/campaign_03_03/text/eng/briefings/0340.hlt,bit-exact copy,"[""color:$local$\\palettes\\font_dark.pcx"", ""font:$local$\\fonts\\font12.fnt"", ""include:$local$\\briefings.txt 340 1""]",,SOURCE_COMPLETE (parsed by cultures_hlt),Map data
598,data\maps\campaign_03_03\text\eng\briefings\0421.hlt,HLT,123,2b8b6aedd954fa085610fc6915ec8761ec478d06fbda55d7159ee47960ef5ad7,Metadata/Sources/Raw/data/maps/campaign_03_03/text/eng/briefings/0421.hlt,bit-exact copy,"[""color:$local$\\palettes\\font_dark.pcx"", ""font:$local$\\fonts\\font12.fnt"", ""include:$local$\\briefings.txt 421 1""]",,SOURCE_COMPLETE (parsed by cultures_hlt),Map data
599,data\maps\campaign_03_03\text\eng\briefings\0430.hlt,HLT,123,6842ab369b890d4d58a0f0eb2c38c591bc9d2547957fe3754de0355494fde394,Metadata/Sources/Raw/data/maps/campaign_03_03/text/eng/briefings/0430.hlt,bit-exact copy,"[""color:$local$\\palettes\\font_dark.pcx"", ""font:$local$\\fonts\\font12.fnt"", ""include:$local$\\briefings.txt 430 1""]",,SOURCE_COMPLETE (parsed by cultures_hlt),Map data
600,data\maps\campaign_03_03\text\eng\briefings\0700.hlt,HLT,123,42c002c9f058228507ef99723c8efb3b3ba441619f2adb0cc2adbc03a6760874,Metadata/Sources/Raw/data/maps/campaign_03_03/text/eng/briefings/0700.hlt,bit-exact copy,"[""color:$local$\\palettes\\font_dark.pcx"", ""font:$local$\\fonts\\font12.fnt"", ""include:$local$\\briefings.txt 700 1""]",,SOURCE_COMPLETE (parsed by cultures_hlt),Map data
601,data\maps\campaign_03_04\text\eng\briefings\0006.hlt,HLT,153,1acc9c6133169057204d7c5e1cd1bcedcfac781bd297a414c32ac12a0dfdb1cb,Metadata/Sources/Raw/data/maps/campaign_03_04/text/eng/briefings/0006.hlt,bit-exact copy,"[""color:$local$\\palettes\\font_dark.pcx"", ""font:$local$\\fonts\\font12.fnt"", ""include:$local$\\briefings.txt 06 1""]",,SOURCE_COMPLETE (parsed by cultures_hlt),Map data
602,data\maps\campaign_03_04\text\eng\briefings\0015.hlt,HLT,120,72e6c705f5387e04e8d584a296462ad5207b4acfb93b3270bcec9be2ea298a92,Metadata/Sources/Raw/data/maps/campaign_03_04/text/eng/briefings/0015.hlt,bit-exact copy,"[""color:$local$\\palettes\\font_dark.pcx"", ""font:$local$\\fonts\\font12.fnt"", ""include:$local$\\briefings.txt 15 1""]",,SOURCE_COMPLETE (parsed by cultures_hlt),Map data
603,data\maps\campaign_03_04\text\eng\briefings\0024.hlt,HLT,122,ddd5cec4b5a24fa4068fdaf4fdff006db71c7a13d8fcae86c509e966588940c9,Metadata/Sources/Raw/data/maps/campaign_03_04/text/eng/briefings/0024.hlt,bit-exact copy,"[""color:$local$\\palettes\\font_dark.pcx"", ""font:$local$\\fonts\\font12.fnt"", ""include:$local$\\briefings.txt 24 1""]",,SOURCE_COMPLETE (parsed by cultures_hlt),Map data
604,data\maps\campaign_03_04\text\eng\briefings\0114.hlt,HLT,121,e66b8667cf706dadd6d6a7513d73cf82ad5507ff1e9dd9c5d1f21491b84d64bc,Metadata/Sources/Raw/data/maps/campaign_03_04/text/eng/briefings/0114.hlt,bit-exact copy,"[""color:$local$\\palettes\\font_dark.pcx"", ""font:$local$\\fonts\\font12.fnt"", ""include:$local$\\briefings.txt 114 1""]",,SOURCE_COMPLETE (parsed by cultures_hlt),Map data
605,data\maps\campaign_03_04\text\eng\briefings\0150.hlt,HLT,121,c0ea688a4f14a67e3af9f9955b4e4863a5c4c2138f543f930dc1ee58c0528948,Metadata/Sources/Raw/data/maps/campaign_03_04/text/eng/briefings/0150.hlt,bit-exact copy,"[""color:$local$\\palettes\\font_dark.pcx"", ""font:$local$\\fonts\\font12.fnt"", ""include:$local$\\briefings.txt 150 1""]",,SOURCE_COMPLETE (parsed by cultures_hlt),Map data
606,data\maps\campaign_03_04\text\eng\briefings\0240.hlt,HLT,121,c18a037d0cb3c874406cb3e80b345743503f54058e417079b64dc8d63ce63b53,Metadata/Sources/Raw/data/maps/campaign_03_04/text/eng/briefings/0240.hlt,bit-exact copy,"[""color:$local$\\palettes\\font_dark.pcx"", ""font:$local$\\fonts\\font12.fnt"", ""include:$local$\\briefings.txt 240 1""]",,SOURCE_COMPLETE (parsed by cultures_hlt),Map data
607,data\maps\campaign_03_04\text\eng\briefings\0330.hlt,HLT,121,8931a64ea1c0cf54f00f5422249a0d5edf0958b94355c1d20e8156f146d9e7e6,Metadata/Sources/Raw/data/maps/campaign_03_04/text/eng/briefings/0330.hlt,bit-exact copy,"[""color:$local$\\palettes\\font_dark.pcx"", ""font:$local$\\fonts\\font12.fnt"", ""include:$local$\\briefings.txt 330 1""]",,SOURCE_COMPLETE (parsed by cultures_hlt),Map data
608,data\maps\campaign_03_04\text\eng\briefings\0600.hlt,HLT,152,d0abf85ef5f44a7b1ee42845d7697ed7c8d743c6607ebb9319e70887a0d77eae,Metadata/Sources/Raw/data/maps/campaign_03_04/text/eng/briefings/0600.hlt,bit-exact copy,"[""color:$local$\\palettes\\font_dark.pcx"", ""font:$local$\\fonts\\font12.fnt"", ""include:$local$\\briefings.txt 600 1""]",,SOURCE_COMPLETE (parsed by cultures_hlt),Map data
609,data\maps\campaign_03_05\text\eng\briefings\0005.hlt,HLT,153,ec2e1a9405a7cd6537eb15fdffd71d4ecb40c999d492cce4c9e440ae0bdfea81,Metadata/Sources/Raw/data/maps/campaign_03_05/text/eng/briefings/0005.hlt,bit-exact copy,"[""color:$local$\\palettes\\font_dark.pcx"", ""font:$local$\\fonts\\font12.fnt"", ""include:$local$\\briefings.txt 05 1""]",,SOURCE_COMPLETE (parsed by cultures_hlt),Map data
610,data\maps\campaign_03_05\text\eng\briefings\0014.hlt,HLT,151,992432b6ad50ff2b062f3ae0ab7414ed79d7313204537dc7897aa0f0722f862b,Metadata/Sources/Raw/data/maps/campaign_03_05/text/eng/briefings/0014.hlt,bit-exact copy,"[""color:$local$\\palettes\\font_dark.pcx"", ""font:$local$\\fonts\\font12.fnt"", ""include:$local$\\briefings.txt 14 1""]",,SOURCE_COMPLETE (parsed by cultures_hlt),Map data
611,data\maps\campaign_03_05\text\eng\briefings\0023.hlt,HLT,151,32c96291bdeaf60c6ce24a15e13da1fa679a310127e010ae27de02c7b14f4195,Metadata/Sources/Raw/data/maps/campaign_03_05/text/eng/briefings/0023.hlt,bit-exact copy,"[""color:$local$\\palettes\\font_dark.pcx"", ""font:$local$\\fonts\\font12.fnt"", ""include:$local$\\briefings.txt 23 1""]",,SOURCE_COMPLETE (parsed by cultures_hlt),Map data
612,data\maps\campaign_03_05\text\eng\briefings\0050.hlt,HLT,381,689062b2d7f531f4065540dfe3ea7ddeb9c11fda599d20d00ab52decdc1b03a3,Metadata/Sources/Raw/data/maps/campaign_03_05/text/eng/briefings/0050.hlt,bit-exact copy,"[""color:$local$\\palettes\\font_dark.pcx"", ""font:$local$\\fonts\\font12.fnt"", ""font:$local$\\fonts\\fonthead16bld.fnt"", ""include:$local$\\briefings.txt 50_end 1"", ""include:$local$\\briefings.txt 50_end1 1"", ""include:$local$\\briefings.txt 50_endheader 1"", ""picture:$local$\\graphics\\05_01.pcx""]",,SOURCE_COMPLETE (parsed by cultures_hlt),Map data
613,data\maps\campaign_03_05\text\eng\briefings\0500.hlt,HLT,152,02ccec0613f411abb770ae32670c6f7f5d6f2ffc536c8d89f09065b5fa09dbfb,Metadata/Sources/Raw/data/maps/campaign_03_05/text/eng/briefings/0500.hlt,bit-exact copy,"[""color:$local$\\palettes\\font_dark.pcx"", ""font:$local$\\fonts\\font12.fnt"", ""include:$local$\\briefings.txt 500 1""]",,SOURCE_COMPLETE (parsed by cultures_hlt),Map data
614,data\maps\campaign_03_06\text\eng\briefings\0004.hlt,HLT,153,adf7d15a238193e657b639a023a81658e4eb942d5de462b2ff6aba00fe1615f7,Metadata/Sources/Raw/data/maps/campaign_03_06/text/eng/briefings/0004.hlt,bit-exact copy,"[""color:$local$\\palettes\\font_dark.pcx"", ""font:$local$\\fonts\\font12.fnt"", ""include:$local$\\briefings.txt 04 1""]",,SOURCE_COMPLETE (parsed by cultures_hlt),Map data
615,data\maps\campaign_03_06\text\eng\briefings\0013.hlt,HLT,155,1f3c19b2ea7339338f588c8e6b92b4db373c91820fa77255232b2e24e21826d4,Metadata/Sources/Raw/data/maps/campaign_03_06/text/eng/briefings/0013.hlt,bit-exact copy,"[""color:$local$\\palettes\\font_dark.pcx"", ""font:$local$\\fonts\\font12.fnt"", ""include:$local$\\briefings.txt 13 1""]",,SOURCE_COMPLETE (parsed by cultures_hlt),Map data
616,data\maps\campaign_03_06\text\eng\briefings\0022.hlt,HLT,154,a3e79a9a784795a68f40f591b08ec235b24b8fd5457bd22905b03e590ced4b5d,Metadata/Sources/Raw/data/maps/campaign_03_06/text/eng/briefings/0022.hlt,bit-exact copy,"[""color:$local$\\palettes\\font_dark.pcx"", ""font:$local$\\fonts\\font12.fnt"", ""include:$local$\\briefings.txt 22 1""]",,SOURCE_COMPLETE (parsed by cultures_hlt),Map data
617,data\maps\campaign_03_06\text\eng\briefings\0031.hlt,HLT,124,8879dcb36e949017e929af7510da3e9549bca3017ad7f4a02a7a8038635093ff,Metadata/Sources/Raw/data/maps/campaign_03_06/text/eng/briefings/0031.hlt,bit-exact copy,"[""color:$local$\\palettes\\font_dark.pcx"", ""font:$local$\\fonts\\font12.fnt"", ""include:$local$\\briefings.txt 31 1""]",,SOURCE_COMPLETE (parsed by cultures_hlt),Map data
618,data\maps\campaign_03_06\text\eng\briefings\0400.hlt,HLT,152,93ddd1fe3f1323218a0daa77b237dfd5b7eec379bd2dcb44e9acfeca56ccbc41,Metadata/Sources/Raw/data/maps/campaign_03_06/text/eng/briefings/0400.hlt,bit-exact copy,"[""color:$local$\\palettes\\font_dark.pcx"", ""font:$local$\\fonts\\font12.fnt"", ""include:$local$\\briefings.txt 400 1""]",,SOURCE_COMPLETE (parsed by cultures_hlt),Map data
619,data\maps\campaign_03_07\text\eng\briefings\0003.hlt,HLT,153,b566c940883b432028dcf8ac5d7ddede0161224c2331210406234118dd29b348,Metadata/Sources/Raw/data/maps/campaign_03_07/text/eng/briefings/0003.hlt,bit-exact copy,"[""color:$local$\\palettes\\font_dark.pcx"", ""font:$local$\\fonts\\font12.fnt"", ""include:$local$\\briefings.txt 03 1""]",,SOURCE_COMPLETE (parsed by cultures_hlt),Map data
620,data\maps\campaign_03_07\text\eng\briefings\0012.hlt,HLT,153,886d670a2afd10873cbbc95a78163a1e87d263d8538c3bcf173c1111aad25022,Metadata/Sources/Raw/data/maps/campaign_03_07/text/eng/briefings/0012.hlt,bit-exact copy,"[""color:$local$\\palettes\\font_dark.pcx"", ""font:$local$\\fonts\\font12.fnt"", ""include:$local$\\briefings.txt 12 1""]",,SOURCE_COMPLETE (parsed by cultures_hlt),Map data
621,data\maps\campaign_03_07\text\eng\briefings\0021.hlt,HLT,155,8e6c70c6a074f844efb13bb3c638c846e6e68d50d0647e1e3dbebaf7ff9c4803,Metadata/Sources/Raw/data/maps/campaign_03_07/text/eng/briefings/0021.hlt,bit-exact copy,"[""color:$local$\\palettes\\font_dark.pcx"", ""font:$local$\\fonts\\font12.fnt"", ""include:$local$\\briefings.txt 21 1""]",,SOURCE_COMPLETE (parsed by cultures_hlt),Map data
622,data\maps\campaign_03_07\text\eng\briefings\0030.hlt,HLT,155,55d606c56d0e142d3dba67c0b96f3cb7ca1ef10d046a765cfeea792b15450844,Metadata/Sources/Raw/data/maps/campaign_03_07/text/eng/briefings/0030.hlt,bit-exact copy,"[""color:$local$\\palettes\\font_dark.pcx"", ""font:$local$\\fonts\\font12.fnt"", ""include:$local$\\briefings.txt 30 1""]",,SOURCE_COMPLETE (parsed by cultures_hlt),Map data
623,data\maps\campaign_03_07\text\eng\briefings\0300.hlt,HLT,152,ce8834cfa0e123291ce0338a60a4ee27a8a6c678db2cf8214749436d7605fdf4,Metadata/Sources/Raw/data/maps/campaign_03_07/text/eng/briefings/0300.hlt,bit-exact copy,"[""color:$local$\\palettes\\font_dark.pcx"", ""font:$local$\\fonts\\font12.fnt"", ""include:$local$\\briefings.txt 300 1""]",,SOURCE_COMPLETE (parsed by cultures_hlt),Map data
624,data\maps\campaign_03_08\text\eng\briefings\0002.hlt,HLT,155,8ad774031cab04c29175b621945f3936f1336c8fbd0456a9ce54215e1bfe572b,Metadata/Sources/Raw/data/maps/campaign_03_08/text/eng/briefings/0002.hlt,bit-exact copy,"[""color:$local$\\palettes\\font_dark.pcx"", ""font:$local$\\fonts\\font12.fnt"", ""include:$local$\\briefings.txt 02 1""]",,SOURCE_COMPLETE (parsed by cultures_hlt),Map data
625,data\maps\campaign_03_08\text\eng\briefings\0011.hlt,HLT,153,c217d8d0e456c8ce254593de128723e7799fc443547a1a41dd932a1e61f81a6e,Metadata/Sources/Raw/data/maps/campaign_03_08/text/eng/briefings/0011.hlt,bit-exact copy,"[""color:$local$\\palettes\\font_dark.pcx"", ""font:$local$\\fonts\\font12.fnt"", ""include:$local$\\briefings.txt 11 1""]",,SOURCE_COMPLETE (parsed by cultures_hlt),Map data
626,data\maps\campaign_03_08\text\eng\briefings\0020.hlt,HLT,154,7b290b574cc16df244605302477cffa444e7183a4f422b5bbfc989ed06d587e3,Metadata/Sources/Raw/data/maps/campaign_03_08/text/eng/briefings/0020.hlt,bit-exact copy,"[""color:$local$\\palettes\\font_dark.pcx"", ""font:$local$\\fonts\\font12.fnt"", ""include:$local$\\briefings.txt 20 1""]",,SOURCE_COMPLETE (parsed by cultures_hlt),Map data
627,data\maps\campaign_03_08\text\eng\briefings\0200.hlt,HLT,152,48b4c39996b3540d236b4296fc153b41081f754ba29ffa6bbf4f82a6f846187f,Metadata/Sources/Raw/data/maps/campaign_03_08/text/eng/briefings/0200.hlt,bit-exact copy,"[""color:$local$\\palettes\\font_dark.pcx"", ""font:$local$\\fonts\\font12.fnt"", ""include:$local$\\briefings.txt 200 1""]",,SOURCE_COMPLETE (parsed by cultures_hlt),Map data
631,data\maps\campaign_03_01\text\eng\briefings\0019.hlt,HLT,155,29ade9f9ed3660087838c7d875ed619699ee2267bb8be7597f4e6762ad09a439,Metadata/Sources/Raw/data/maps/campaign_03_01/text/eng/briefings/0019.hlt,bit-exact copy,"[""color:$local$\\palettes\\font_dark.pcx"", ""font:$local$\\fonts\\font12.fnt"", ""include:$local$\\briefings.txt 19 1""]",,SOURCE_COMPLETE (parsed by cultures_hlt),Map data
632,data\maps\campaign_03_01\text\eng\briefings\0028.hlt,HLT,154,0e3cc27a074ba1e15290f24141a28faae71d4d5389e94fe174636a7bf75c9d07,Metadata/Sources/Raw/data/maps/campaign_03_01/text/eng/briefings/0028.hlt,bit-exact copy,"[""color:$local$\\palettes\\font_dark.pcx"", ""font:$local$\\fonts\\font12.fnt"", ""include:$local$\\briefings.txt 28 1""]",,SOURCE_COMPLETE (parsed by cultures_hlt),Map data
633,data\maps\campaign_03_01\text\eng\briefings\0037.hlt,HLT,152,91b1539678121df0f8146359e21754212753d2a531b6befa8bce89b0e1d1dc9b,Metadata/Sources/Raw/data/maps/campaign_03_01/text/eng/briefings/0037.hlt,bit-exact copy,"[""color:$local$\\palettes\\font_dark.pcx"", ""font:$local$\\fonts\\font12.fnt"", ""include:$local$\\briefings.txt 37 1""]",,SOURCE_COMPLETE (parsed by cultures_hlt),Map data
634,data\maps\campaign_03_02\text\eng\briefings\0009.hlt,HLT,153,5afa7a7610e115133a60455e93d0f8948ed6a3e1afb33bfd79c4beb955cb95de,Metadata/Sources/Raw/data/maps/campaign_03_02/text/eng/briefings/0009.hlt,bit-exact copy,"[""color:$local$\\palettes\\font_dark.pcx"", ""font:$local$\\fonts\\font12.fnt"", ""include:$local$\\briefings.txt 09 1""]",,SOURCE_COMPLETE (parsed by cultures_hlt),Map data
635,data\maps\campaign_03_02\text\eng\briefings\0018.hlt,HLT,154,9473cf12a26802c45b892d4fa427d655f5a74a5c1f8c84dcf8f3398406d0dc84,Metadata/Sources/Raw/data/maps/campaign_03_02/text/eng/briefings/0018.hlt,bit-exact copy,"[""color:$local$\\palettes\\font_dark.pcx"", ""font:$local$\\fonts\\font12.fnt"", ""include:$local$\\briefings.txt 18 1""]",,SOURCE_COMPLETE (parsed by cultures_hlt),Map data
636,data\maps\campaign_03_02\text\eng\briefings\0027.hlt,HLT,124,942c4d674934684ccddf21978b6f2eba629818116c81e7fdcfcf81ff3aef69f4,Metadata/Sources/Raw/data/maps/campaign_03_02/text/eng/briefings/0027.hlt,bit-exact copy,"[""color:$local$\\palettes\\font_dark.pcx"", ""font:$local$\\fonts\\font12.fnt"", ""include:$local$\\briefings.txt 27 1""]",,SOURCE_COMPLETE (parsed by cultures_hlt),Map data
637,data\maps\campaign_03_03\text\eng\briefings\0260.hlt,HLT,123,74abb45bc2ca600551451b01fcf9c653cbc2777264aa95065cdcd3f9e7b039b2,Metadata/Sources/Raw/data/maps/campaign_03_03/text/eng/briefings/0260.hlt,bit-exact copy,"[""color:$local$\\palettes\\font_dark.pcx"", ""font:$local$\\fonts\\font12.fnt"", ""include:$local$\\briefings.txt 260 1""]",,SOURCE_COMPLETE (parsed by cultures_hlt),Map data
638,data\maps\campaign_03_03\text\eng\briefings\0341.hlt,HLT,123,521e580f15f05712b87b61c2d809f4a9c0596f3704e7bf34b6343e03796af9c0,Metadata/Sources/Raw/data/maps/campaign_03_03/text/eng/briefings/0341.hlt,bit-exact copy,"[""color:$local$\\palettes\\font_dark.pcx"", ""font:$local$\\fonts\\font12.fnt"", ""include:$local$\\briefings.txt 341 1""]",,SOURCE_COMPLETE (parsed by cultures_hlt),Map data
639,data\maps\campaign_03_03\text\eng\briefings\0350.hlt,HLT,154,8a2b0630091a0c75ed7dfe64f1cd2c5d6698eaa12a6901e2969c0aacb06b6664,Metadata/Sources/Raw/data/maps/campaign_03_03/text/eng/briefings/0350.hlt,bit-exact copy,"[""color:$local$\\palettes\\font_dark.pcx"", ""font:$local$\\fonts\\font12.fnt"", ""include:$local$\\briefings.txt 350 1""]",,SOURCE_COMPLETE (parsed by cultures_hlt),Map data
640,data\maps\campaign_03_03\text\eng\briefings\0422.hlt,HLT,123,e8cbd10d4e8ee4956d4d2077ed2f2909104c651a229685fb2a58ace231aafd67,Metadata/Sources/Raw/data/maps/campaign_03_03/text/eng/briefings/0422.hlt,bit-exact copy,"[""color:$local$\\palettes\\font_dark.pcx"", ""font:$local$\\fonts\\font12.fnt"", ""include:$local$\\briefings.txt 422 1""]",,SOURCE_COMPLETE (parsed by cultures_hlt),Map data
641,data\maps\campaign_03_03\text\eng\briefings\0440.hlt,HLT,123,c6cbdd2dcf905535b89ca2174b8407936783771d8f74a04fa94df3643bcb6e68,Metadata/Sources/Raw/data/maps/campaign_03_03/text/eng/briefings/0440.hlt,bit-exact copy,"[""color:$local$\\palettes\\font_dark.pcx"", ""font:$local$\\fonts\\font12.fnt"", ""include:$local$\\briefings.txt 440 1""]",,SOURCE_COMPLETE (parsed by cultures_hlt),Map data
642,data\maps\campaign_03_04\text\eng\briefings\0007.hlt,HLT,153,e27ef392c0186c37e031f4c384ca591eb5f6420ccab6a0ca59d70cc37f019c55,Metadata/Sources/Raw/data/maps/campaign_03_04/text/eng/briefings/0007.hlt,bit-exact copy,"[""color:$local$\\palettes\\font_dark.pcx"", ""font:$local$\\fonts\\font12.fnt"", ""include:$local$\\briefings.txt 07 1""]",,SOURCE_COMPLETE (parsed by cultures_hlt),Map data
643,data\maps\campaign_03_04\text\eng\briefings\0016.hlt,HLT,120,9e3d28adf37de2380b07859ce21e10eb61cd7b441fa93c4b5bde7a3b92f00773,Metadata/Sources/Raw/data/maps/campaign_03_04/text/eng/briefings/0016.hlt,bit-exact copy,"[""color:$local$\\palettes\\font_dark.pcx"", ""font:$local$\\fonts\\font12.fnt"", ""include:$local$\\briefings.txt 16 1""]",,SOURCE_COMPLETE (parsed by cultures_hlt),Map data
644,data\maps\campaign_03_04\text\eng\briefings\0025.hlt,HLT,122,2337f6f9524a95152b7e51d894edaed349ce41716278c139f0412728599c5684,Metadata/Sources/Raw/data/maps/campaign_03_04/text/eng/briefings/0025.hlt,bit-exact copy,"[""color:$local$\\palettes\\font_dark.pcx"", ""font:$local$\\fonts\\font12.fnt"", ""include:$local$\\briefings.txt 25 1""]",,SOURCE_COMPLETE (parsed by cultures_hlt),Map data
645,data\maps\campaign_03_04\text\eng\briefings\0115.hlt,HLT,121,4aa07215e4c6a426c851d69f585adbbda111923ac319a53933e605ed5c3ae58f,Metadata/Sources/Raw/data/maps/campaign_03_04/text/eng/briefings/0115.hlt,bit-exact copy,"[""color:$local$\\palettes\\font_dark.pcx"", ""font:$local$\\fonts\\font12.fnt"", ""include:$local$\\briefings.txt 115 1""]",,SOURCE_COMPLETE (parsed by cultures_hlt),Map data
646,data\maps\campaign_03_04\text\eng\briefings\0160.hlt,HLT,121,5444c5d9ee6126cc7cfe2e0dbd6f45593e3793fee58d38b3b8c0c2343b967973,Metadata/Sources/Raw/data/maps/campaign_03_04/text/eng/briefings/0160.hlt,bit-exact copy,"[""color:$local$\\palettes\\font_dark.pcx"", ""font:$local$\\fonts\\font12.fnt"", ""include:$local$\\briefings.txt 160 1""]",,SOURCE_COMPLETE (parsed by cultures_hlt),Map data
647,data\maps\campaign_03_04\text\eng\briefings\0700.hlt,HLT,123,42c002c9f058228507ef99723c8efb3b3ba441619f2adb0cc2adbc03a6760874,Metadata/Sources/Raw/data/maps/campaign_03_04/text/eng/briefings/0700.hlt,bit-exact copy,"[""color:$local$\\palettes\\font_dark.pcx"", ""font:$local$\\fonts\\font12.fnt"", ""include:$local$\\briefings.txt 700 1""]",,SOURCE_COMPLETE (parsed by cultures_hlt),Map data
648,data\maps\campaign_03_05\text\eng\briefings\0006.hlt,HLT,153,11005287d2c99a37d89b92883fdfa1c72581a365460df49cb66f866549c51ba3,Metadata/Sources/Raw/data/maps/campaign_03_05/text/eng/briefings/0006.hlt,bit-exact copy,"[""color:$local$\\palettes\\font_dark.pcx"", ""font:$local$\\fonts\\font12.fnt"", ""include:$local$\\briefings.txt 06 1""]",,SOURCE_COMPLETE (parsed by cultures_hlt),Map data
649,data\maps\campaign_03_05\text\eng\briefings\0015.hlt,HLT,122,e3481b5cd2ea7d41fee17281388826b008d20323db8e8b434a8f41b692a213ad,Metadata/Sources/Raw/data/maps/campaign_03_05/text/eng/briefings/0015.hlt,bit-exact copy,"[""color:$local$\\palettes\\font_dark.pcx"", ""font:$local$\\fonts\\font12.fnt"", ""include:$local$\\briefings.txt 15 1""]",,SOURCE_COMPLETE (parsed by cultures_hlt),Map data
650,data\maps\campaign_03_05\text\eng\briefings\0024.hlt,HLT,122,ddd5cec4b5a24fa4068fdaf4fdff006db71c7a13d8fcae86c509e966588940c9,Metadata/Sources/Raw/data/maps/campaign_03_05/text/eng/briefings/0024.hlt,bit-exact copy,"[""color:$local$\\palettes\\font_dark.pcx"", ""font:$local$\\fonts\\font12.fnt"", ""include:$local$\\briefings.txt 24 1""]",,SOURCE_COMPLETE (parsed by cultures_hlt),Map data
651,data\maps\campaign_03_05\text\eng\briefings\0600.hlt,HLT,152,e0c68abaf3245e4e70060bfd1cb5ed97d3552f4f1b953f6e4aa8c9d80c12fe66,Metadata/Sources/Raw/data/maps/campaign_03_05/text/eng/briefings/0600.hlt,bit-exact copy,"[""color:$local$\\palettes\\font_dark.pcx"", ""font:$local$\\fonts\\font12.fnt"", ""include:$local$\\briefings.txt 600 1""]",,SOURCE_COMPLETE (parsed by cultures_hlt),Map data
652,data\maps\campaign_03_06\text\eng\briefings\0005.hlt,HLT,152,df3c90873fb3837cfad338dd5000f70e14c461c7518f4d934c04fd61baf6e376,Metadata/Sources/Raw/data/maps/campaign_03_06/text/eng/briefings/0005.hlt,bit-exact copy,"[""color:$local$\\palettes\\font_dark.pcx"", ""font:$local$\\fonts\\font12.fnt"", ""include:$local$\\briefings.txt 05 1""]",,SOURCE_COMPLETE (parsed by cultures_hlt),Map data
653,data\maps\campaign_03_06\text\eng\briefings\0014.hlt,HLT,155,c1fdcd519ac1c11be6ea43ee6ac6841cfea940d6657e55683079c13bc18ce85e,Metadata/Sources/Raw/data/maps/campaign_03_06/text/eng/briefings/0014.hlt,bit-exact copy,"[""color:$local$\\palettes\\font_dark.pcx"", ""font:$local$\\fonts\\font12.fnt"", ""include:$local$\\briefings.txt 14 1""]",,SOURCE_COMPLETE (parsed by cultures_hlt),Map data
654,data\maps\campaign_03_06\text\eng\briefings\0023.hlt,HLT,122,bc815fd7a2e67569c02922403662db81a6dff81998edc28c8b8741dee1d8204d,Metadata/Sources/Raw/data/maps/campaign_03_06/text/eng/briefings/0023.hlt,bit-exact copy,"[""color:$local$\\palettes\\font_dark.pcx"", ""font:$local$\\fonts\\font12.fnt"", ""include:$local$\\briefings.txt 23 1""]",,SOURCE_COMPLETE (parsed by cultures_hlt),Map data
655,data\maps\campaign_03_06\text\eng\briefings\0032.hlt,HLT,155,8aa0452b1ea21ad7a7316ebf644971ae523901520084655b267b758976a526b0,Metadata/Sources/Raw/data/maps/campaign_03_06/text/eng/briefings/0032.hlt,bit-exact copy,"[""color:$local$\\palettes\\font_dark.pcx"", ""font:$local$\\fonts\\font12.fnt"", ""include:$local$\\briefings.txt 32 1""]",,SOURCE_COMPLETE (parsed by cultures_hlt),Map data
656,data\maps\campaign_03_06\text\eng\briefings\0050.hlt,HLT,380,052a5345623cb3f5949eba28c9b411fb8b990f485bf0eed96a96f7001ff0683f,Metadata/Sources/Raw/data/maps/campaign_03_06/text/eng/briefings/0050.hlt,bit-exact copy,"[""color:$local$\\palettes\\font_dark.pcx"", ""font:$local$\\fonts\\font12.fnt"", ""font:$local$\\fonts\\fonthead16bld.fnt"", ""include:$local$\\briefings.txt 50_end 1"", ""include:$local$\\briefings.txt 50_end1 1"", ""include:$local$\\briefings.txt 50_endheader 1"", ""picture:$local$\\graphics\\06_01.pcx""]",,SOURCE_COMPLETE (parsed by cultures_hlt),Map data
657,data\maps\campaign_03_06\text\eng\briefings\0500.hlt,HLT,152,02ccec0613f411abb770ae32670c6f7f5d6f2ffc536c8d89f09065b5fa09dbfb,Metadata/Sources/Raw/data/maps/campaign_03_06/text/eng/briefings/0500.hlt,bit-exact copy,"[""color:$local$\\palettes\\font_dark.pcx"", ""font:$local$\\fonts\\font12.fnt"", ""include:$local$\\briefings.txt 500 1""]",,SOURCE_COMPLETE (parsed by cultures_hlt),Map data
658,data\maps\campaign_03_07\text\eng\briefings\0004.hlt,HLT,153,a6f16aaf8b85a7bb903b57679bde4d9460771e132bb9573bc2a40685cb63ae68,Metadata/Sources/Raw/data/maps/campaign_03_07/text/eng/briefings/0004.hlt,bit-exact copy,"[""color:$local$\\palettes\\font_dark.pcx"", ""font:$local$\\fonts\\font12.fnt"", ""include:$local$\\briefings.txt 04 1""]",,SOURCE_COMPLETE (parsed by cultures_hlt),Map data
659,data\maps\campaign_03_07\text\eng\briefings\0013.hlt,HLT,155,7352eb633583484d5a73fb83473c1cdd8a92864c2ee64634a337cbdca6ba3371,Metadata/Sources/Raw/data/maps/campaign_03_07/text/eng/briefings/0013.hlt,bit-exact copy,"[""color:$local$\\palettes\\font_dark.pcx"", ""font:$local$\\fonts\\font12.fnt"", ""include:$local$\\briefings.txt 13 1""]",,SOURCE_COMPLETE (parsed by cultures_hlt),Map data
660,data\maps\campaign_03_07\text\eng\briefings\0022.hlt,HLT,155,cf93b19314cbc7b749546f0fedaf46286fc97bf70f03c0dd435669683d36b3fa,Metadata/Sources/Raw/data/maps/campaign_03_07/text/eng/briefings/0022.hlt,bit-exact copy,"[""color:$local$\\palettes\\font_dark.pcx"", ""font:$local$\\fonts\\font12.fnt"", ""include:$local$\\briefings.txt 22 1""]",,SOURCE_COMPLETE (parsed by cultures_hlt),Map data
661,data\maps\campaign_03_07\text\eng\briefings\0400.hlt,HLT,152,93ddd1fe3f1323218a0daa77b237dfd5b7eec379bd2dcb44e9acfeca56ccbc41,Metadata/Sources/Raw/data/maps/campaign_03_07/text/eng/briefings/0400.hlt,bit-exact copy,"[""color:$local$\\palettes\\font_dark.pcx"", ""font:$local$\\fonts\\font12.fnt"", ""include:$local$\\briefings.txt 400 1""]",,SOURCE_COMPLETE (parsed by cultures_hlt),Map data
662,data\maps\campaign_03_08\text\eng\briefings\0003.hlt,HLT,153,1fe494c8df0652f10478b2c9fa9c06fbc9e320834f8ad4b4386d6928eda4568c,Metadata/Sources/Raw/data/maps/campaign_03_08/text/eng/briefings/0003.hlt,bit-exact copy,"[""color:$local$\\palettes\\font_dark.pcx"", ""font:$local$\\fonts\\font12.fnt"", ""include:$local$\\briefings.txt 03 1""]",,SOURCE_COMPLETE (parsed by cultures_hlt),Map data
663,data\maps\campaign_03_08\text\eng\briefings\0012.hlt,HLT,152,89b4d9d87cd147b9a7673dfe0947550b410f57995ab84dfd4e0ebbd90df647f2,Metadata/Sources/Raw/data/maps/campaign_03_08/text/eng/briefings/0012.hlt,bit-exact copy,"[""color:$local$\\palettes\\font_dark.pcx"", ""font:$local$\\fonts\\font12.fnt"", ""include:$local$\\briefings.txt 12 1""]",,SOURCE_COMPLETE (parsed by cultures_hlt),Map data
664,data\maps\campaign_03_08\text\eng\briefings\0021.hlt,HLT,155,7764723f21ef5f1f2b195d117e6886e9b1b68d5b449a9b5d8930bf97e8bb0cea,Metadata/Sources/Raw/data/maps/campaign_03_08/text/eng/briefings/0021.hlt,bit-exact copy,"[""color:$local$\\palettes\\font_dark.pcx"", ""font:$local$\\fonts\\font12.fnt"", ""include:$local$\\briefings.txt 21 1""]",,SOURCE_COMPLETE (parsed by cultures_hlt),Map data
665,data\maps\campaign_03_08\text\eng\briefings\0030.hlt,HLT,155,55d606c56d0e142d3dba67c0b96f3cb7ca1ef10d046a765cfeea792b15450844,Metadata/Sources/Raw/data/maps/campaign_03_08/text/eng/briefings/0030.hlt,bit-exact copy,"[""color:$local$\\palettes\\font_dark.pcx"", ""font:$local$\\fonts\\font12.fnt"", ""include:$local$\\briefings.txt 30 1""]",,SOURCE_COMPLETE (parsed by cultures_hlt),Map data
666,data\maps\campaign_03_08\text\eng\briefings\0300.hlt,HLT,152,ce8834cfa0e123291ce0338a60a4ee27a8a6c678db2cf8214749436d7605fdf4,Metadata/Sources/Raw/data/maps/campaign_03_08/text/eng/briefings/0300.hlt,bit-exact copy,"[""color:$local$\\palettes\\font_dark.pcx"", ""font:$local$\\fonts\\font12.fnt"", ""include:$local$\\briefings.txt 300 1""]",,SOURCE_COMPLETE (parsed by cultures_hlt),Map data
670,data\maps\campaign_03_01\text\eng\briefings\0029.hlt,HLT,154,7358c6bf0dbf76885c0e171e16120b54e681ce52e863218e85cec45d8d6e607e,Metadata/Sources/Raw/data/maps/campaign_03_01/text/eng/briefings/0029.hlt,bit-exact copy,"[""color:$local$\\palettes\\font_dark.pcx"", ""font:$local$\\fonts\\font12.fnt"", ""include:$local$\\briefings.txt 29 1""]",,SOURCE_COMPLETE (parsed by cultures_hlt),Map data
671,data\maps\campaign_03_01\text\eng\briefings\0038.hlt,HLT,149,f11473e160813bc3db2f9bec39eafa6e9264df67cdddda276b2afe5a47def83f,Metadata/Sources/Raw/data/maps/campaign_03_01/text/eng/briefings/0038.hlt,bit-exact copy,"[""color:$local$\\palettes\\font_dark.pcx"", ""font:$local$\\fonts\\font12.fnt"", ""include:$local$\\briefings.txt 38 1""]",,SOURCE_COMPLETE (parsed by cultures_hlt),Map data
672,data\maps\campaign_03_02\text\eng\briefings\0019.hlt,HLT,154,90e456fa172077bd5afaa3c085f109758698ffd3325e4f74840fe13d1bb5f452,Metadata/Sources/Raw/data/maps/campaign_03_02/text/eng/briefings/0019.hlt,bit-exact copy,"[""color:$local$\\palettes\\font_dark.pcx"", ""font:$local$\\fonts\\font12.fnt"", ""include:$local$\\briefings.txt 19 1""]",,SOURCE_COMPLETE (parsed by cultures_hlt),Map data
673,data\maps\campaign_03_02\text\eng\briefings\0028.hlt,HLT,124,b92f72d630a00242e26253424a0419f57857a2c9bc50665837cb9f19e8ff4267,Metadata/Sources/Raw/data/maps/campaign_03_02/text/eng/briefings/0028.hlt,bit-exact copy,"[""color:$local$\\palettes\\font_dark.pcx"", ""font:$local$\\fonts\\font12.fnt"", ""include:$local$\\briefings.txt 28 1""]",,SOURCE_COMPLETE (parsed by cultures_hlt),Map data
674,data\maps\campaign_03_03\text\eng\briefings\0009.hlt,HLT,452,d2125b845c80096b68317fce6b16de0de95a1457aa2d30f04074fe3e542cca03,Metadata/Sources/Raw/data/maps/campaign_03_03/text/eng/briefings/0009.hlt,bit-exact copy,"[""color:$local$\\palettes\\font_dark.pcx"", ""font:$local$\\fonts\\font12.fnt"", ""font:$local$\\fonts\\fonthead16bld.fnt"", ""include:$local$\\briefings.txt 09_end_header 1"", ""include:$local$\\briefings.txt 09_end_text1 1"", ""include:$local$\\briefings.txt 09_end_text2 1"", ""picture:$local$\\graphics\\03_01.pcx""]",,SOURCE_COMPLETE (parsed by cultures_hlt),Map data
675,data\maps\campaign_03_03\text\eng\briefings\0270.hlt,HLT,123,605487e477e7a1a59b6e3ef6d966edc57cae6d98955ea340ddb3373fa0054098,Metadata/Sources/Raw/data/maps/campaign_03_03/text/eng/briefings/0270.hlt,bit-exact copy,"[""color:$local$\\palettes\\font_dark.pcx"", ""font:$local$\\fonts\\font12.fnt"", ""include:$local$\\briefings.txt 270 1""]",,SOURCE_COMPLETE (parsed by cultures_hlt),Map data
676,data\maps\campaign_03_03\text\eng\briefings\0315.hlt,HLT,123,fdcd18cbcb562f186587d61df0000047e20124f74d1f52405944f9ce0a1b5095,Metadata/Sources/Raw/data/maps/campaign_03_03/text/eng/briefings/0315.hlt,bit-exact copy,"[""color:$local$\\palettes\\font_dark.pcx"", ""font:$local$\\fonts\\font12.fnt"", ""include:$local$\\briefings.txt 315 1""]",,SOURCE_COMPLETE (parsed by cultures_hlt),Map data
677,data\maps\campaign_03_03\text\eng\briefings\0360.hlt,HLT,123,0cf3e2c2bd9ca6aaaecd9c2594f0d7a4326f6d17d258c7eedaf52d9f7c01744d,Metadata/Sources/Raw/data/maps/campaign_03_03/text/eng/briefings/0360.hlt,bit-exact copy,"[""color:$local$\\palettes\\font_dark.pcx"", ""font:$local$\\fonts\\font12.fnt"", ""include:$local$\\briefings.txt 360 1""]",,SOURCE_COMPLETE (parsed by cultures_hlt),Map data
678,data\maps\campaign_03_03\text\eng\briefings\0423.hlt,HLT,123,75953b8debd6c9b6f88f6e6576e5ef9cf5b618d8ee3a55d44a18a00e748400ed,Metadata/Sources/Raw/data/maps/campaign_03_03/text/eng/briefings/0423.hlt,bit-exact copy,"[""color:$local$\\palettes\\font_dark.pcx"", ""font:$local$\\fonts\\font12.fnt"", ""include:$local$\\briefings.txt 423 1""]",,SOURCE_COMPLETE (parsed by cultures_hlt),Map data
679,data\maps\campaign_03_03\text\eng\briefings\0450.hlt,HLT,123,128f1827898c9873c68585125add1df8d9bc0fb72dabf9d88dc76aeae55e40a9,Metadata/Sources/Raw/data/maps/campaign_03_03/text/eng/briefings/0450.hlt,bit-exact copy,"[""color:$local$\\palettes\\font_dark.pcx"", ""font:$local$\\fonts\\font12.fnt"", ""include:$local$\\briefings.txt 450 1""]",,SOURCE_COMPLETE (parsed by cultures_hlt),Map data
680,data\maps\campaign_03_04\text\eng\briefings\0008.hlt,HLT,153,33f5cda95f48f8600af92bfbee254c792352c0f57d4e37df9c0bb8b92acde0bf,Metadata/Sources/Raw/data/maps/campaign_03_04/text/eng/briefings/0008.hlt,bit-exact copy,"[""color:$local$\\palettes\\font_dark.pcx"", ""font:$local$\\fonts\\font12.fnt"", ""include:$local$\\briefings.txt 08 1""]",,SOURCE_COMPLETE (parsed by cultures_hlt),Map data
681,data\maps\campaign_03_04\text\eng\briefings\0017.hlt,HLT,120,19e06c9b05cb95fc9090f10221dd039b7ee4f1681a3e9b05031fdc059175662a,Metadata/Sources/Raw/data/maps/campaign_03_04/text/eng/briefings/0017.hlt,bit-exact copy,"[""color:$local$\\palettes\\font_dark.pcx"", ""font:$local$\\fonts\\font12.fnt"", ""include:$local$\\briefings.txt 17 1""]",,SOURCE_COMPLETE (parsed by cultures_hlt),Map data
682,data\maps\campaign_03_04\text\eng\briefings\0026.hlt,HLT,155,c5829570b909a1050aeecb1928d25a62fabdff6475b153f7a28b0c6b4917f990,Metadata/Sources/Raw/data/maps/campaign_03_04/text/eng/briefings/0026.hlt,bit-exact copy,"[""color:$local$\\palettes\\font_dark.pcx"", ""font:$local$\\fonts\\font12.fnt"", ""include:$local$\\briefings.txt 26 1""]",,SOURCE_COMPLETE (parsed by cultures_hlt),Map data
683,data\maps\campaign_03_04\text\eng\briefings\0035.hlt,HLT,120,8ab750df97b5e8d9a521652713aaac1ce978bb9a0dfcd1b5303325445e375527,Metadata/Sources/Raw/data/maps/campaign_03_04/text/eng/briefings/0035.hlt,bit-exact copy,"[""color:$local$\\palettes\\font_dark.pcx"", ""font:$local$\\fonts\\font12.fnt"", ""include:$local$\\briefings.txt 35 1""]",,SOURCE_COMPLETE (parsed by cultures_hlt),Map data
684,data\maps\campaign_03_04\text\eng\briefings\0080.hlt,HLT,120,4c3e17aa0f94af27bd6fa2d50d8c3f79a28b05fbb1fa36401f6b72b601139287,Metadata/Sources/Raw/data/maps/campaign_03_04/text/eng/briefings/0080.hlt,bit-exact copy,"[""color:$local$\\palettes\\font_dark.pcx"", ""font:$local$\\fonts\\font12.fnt"", ""include:$local$\\briefings.txt 80 1""]",,SOURCE_COMPLETE (parsed by cultures_hlt),Map data
685,data\maps\campaign_03_04\text\eng\briefings\0170.hlt,HLT,121,cbfaa9bd01d4c433d520bfe9ffa5d70b990a19e3f93c70568c233c430d4e0d49,Metadata/Sources/Raw/data/maps/campaign_03_04/text/eng/briefings/0170.hlt,bit-exact copy,"[""color:$local$\\palettes\\font_dark.pcx"", ""font:$local$\\fonts\\font12.fnt"", ""include:$local$\\briefings.txt 170 1""]",,SOURCE_COMPLETE (parsed by cultures_hlt),Map data
686,data\maps\campaign_03_04\text\eng\briefings\0215.hlt,HLT,121,b08b8734bbf3f3e2790409427520d9a4abd9f7920b52b093e873cfb84b80e962,Metadata/Sources/Raw/data/maps/campaign_03_04/text/eng/briefings/0215.hlt,bit-exact copy,"[""color:$local$\\palettes\\font_dark.pcx"", ""font:$local$\\fonts\\font12.fnt"", ""include:$local$\\briefings.txt 215 1""]",,SOURCE_COMPLETE (parsed by cultures_hlt),Map data
687,data\maps\campaign_03_05\text\eng\briefings\0007.hlt,HLT,153,b92d5087ac3a42d08a85cada5103cce91aa09284e9e6290855fadb87ace1b478,Metadata/Sources/Raw/data/maps/campaign_03_05/text/eng/briefings/0007.hlt,bit-exact copy,"[""color:$local$\\palettes\\font_dark.pcx"", ""font:$local$\\fonts\\font12.fnt"", ""include:$local$\\briefings.txt 07 1""]",,SOURCE_COMPLETE (parsed by cultures_hlt),Map data
688,data\maps\campaign_03_05\text\eng\briefings\0016.hlt,HLT,155,bbe89826b2d2a743b7284116845a96d5200439337378e94e6f2f16345ad3b368,Metadata/Sources/Raw/data/maps/campaign_03_05/text/eng/briefings/0016.hlt,bit-exact copy,"[""color:$local$\\palettes\\font_dark.pcx"", ""font:$local$\\fonts\\font12.fnt"", ""include:$local$\\briefings.txt 16 1""]",,SOURCE_COMPLETE (parsed by cultures_hlt),Map data
689,data\maps\campaign_03_05\text\eng\briefings\0025.hlt,HLT,122,2337f6f9524a95152b7e51d894edaed349ce41716278c139f0412728599c5684,Metadata/Sources/Raw/data/maps/campaign_03_05/text/eng/briefings/0025.hlt,bit-exact copy,"[""color:$local$\\palettes\\font_dark.pcx"", ""font:$local$\\fonts\\font12.fnt"", ""include:$local$\\briefings.txt 25 1""]",,SOURCE_COMPLETE (parsed by cultures_hlt),Map data
690,data\maps\campaign_03_06\text\eng\briefings\0006.hlt,HLT,149,d1a38953ed2640d785f27b43968ce2a5ed8e42b58798b15df72df6ab592e1a3e,Metadata/Sources/Raw/data/maps/campaign_03_06/text/eng/briefings/0006.hlt,bit-exact copy,"[""color:$local$\\palettes\\font_dark.pcx"", ""font:$local$\\fonts\\font12.fnt"", ""include:$local$\\briefings.txt 06 1""]",,SOURCE_COMPLETE (parsed by cultures_hlt),Map data
691,data\maps\campaign_03_06\text\eng\briefings\0015.hlt,HLT,155,1d4cdea0d8d5ac716f26e69d5baad92b746c500831a6e7c6faea7a4642f704df,Metadata/Sources/Raw/data/maps/campaign_03_06/text/eng/briefings/0015.hlt,bit-exact copy,"[""color:$local$\\palettes\\font_dark.pcx"", ""font:$local$\\fonts\\font12.fnt"", ""include:$local$\\briefings.txt 15 1""]",,SOURCE_COMPLETE (parsed by cultures_hlt),Map data
692,data\maps\campaign_03_06\text\eng\briefings\0024.hlt,HLT,122,ddd5cec4b5a24fa4068fdaf4fdff006db71c7a13d8fcae86c509e966588940c9,Metadata/Sources/Raw/data/maps/campaign_03_06/text/eng/briefings/0024.hlt,bit-exact copy,"[""color:$local$\\palettes\\font_dark.pcx"", ""font:$local$\\fonts\\font12.fnt"", ""include:$local$\\briefings.txt 24 1""]",,SOURCE_COMPLETE (parsed by cultures_hlt),Map data
693,data\maps\campaign_03_06\text\eng\briefings\0033.hlt,HLT,155,1691232f674afc15fb9974661e1d143f34d8c905ca47eff809681a3dbcb9c67f,Metadata/Sources/Raw/data/maps/campaign_03_06/text/eng/briefings/0033.hlt,bit-exact copy,"[""color:$local$\\palettes\\font_dark.pcx"", ""font:$local$\\fonts\\font12.fnt"", ""include:$local$\\briefings.txt 33 1""]",,SOURCE_COMPLETE (parsed by cultures_hlt),Map data
694,data\maps\campaign_03_06\text\eng\briefings\0600.hlt,HLT,152,e0c68abaf3245e4e70060bfd1cb5ed97d3552f4f1b953f6e4aa8c9d80c12fe66,Metadata/Sources/Raw/data/maps/campaign_03_06/text/eng/briefings/0600.hlt,bit-exact copy,"[""color:$local$\\palettes\\font_dark.pcx"", ""font:$local$\\fonts\\font12.fnt"", ""include:$local$\\briefings.txt 600 1""]",,SOURCE_COMPLETE (parsed by cultures_hlt),Map data
695,data\maps\campaign_03_07\text\eng\briefings\0005.hlt,HLT,149,44f7409f6b4b9f142ff4333ace702e478ed68d7d373601a53c7b1503f5a6342f,Metadata/Sources/Raw/data/maps/campaign_03_07/text/eng/briefings/0005.hlt,bit-exact copy,"[""color:$local$\\palettes\\font_dark.pcx"", ""font:$local$\\fonts\\font12.fnt"", ""include:$local$\\briefings.txt 05 1""]",,SOURCE_COMPLETE (parsed by cultures_hlt),Map data
696,data\maps\campaign_03_07\text\eng\briefings\0014.hlt,HLT,153,713bb857e23b0c8f1484bd064d06a48b8088839af696f1a45431f28a0c1d8be3,Metadata/Sources/Raw/data/maps/campaign_03_07/text/eng/briefings/0014.hlt,bit-exact copy,"[""color:$local$\\palettes\\font_dark.pcx"", ""font:$local$\\fonts\\font12.fnt"", ""include:$local$\\briefings.txt 14 1""]",,SOURCE_COMPLETE (parsed by cultures_hlt),Map data
697,data\maps\campaign_03_07\text\eng\briefings\0023.hlt,HLT,155,ac162cb07d398ca9606cddc4561323c9f954ece2f008e91e9358734d4d716d58,Metadata/Sources/Raw/data/maps/campaign_03_07/text/eng/briefings/0023.hlt,bit-exact copy,"[""color:$local$\\palettes\\font_dark.pcx"", ""font:$local$\\fonts\\font12.fnt"", ""include:$local$\\briefings.txt 23 1""]",,SOURCE_COMPLETE (parsed by cultures_hlt),Map data
698,data\maps\campaign_03_07\text\eng\briefings\0050.hlt,HLT,377,3341b24b4a7b45264ea335609e7495e03e14886946acca42116b337540bd4d7c,Metadata/Sources/Raw/data/maps/campaign_03_07/text/eng/briefings/0050.hlt,bit-exact copy,"[""color:$local$\\palettes\\font_dark.pcx"", ""font:$local$\\fonts\\font12.fnt"", ""font:$local$\\fonts\\fonthead16bld.fnt"", ""include:$local$\\briefings.txt 50_end 1"", ""include:$local$\\briefings.txt 50_end1 1"", ""include:$local$\\briefings.txt 50_endheader 1"", ""picture:$local$\\graphics\\07_01.pcx""]",,SOURCE_COMPLETE (parsed by cultures_hlt),Map data
699,data\maps\campaign_03_07\text\eng\briefings\0500.hlt,HLT,152,02ccec0613f411abb770ae32670c6f7f5d6f2ffc536c8d89f09065b5fa09dbfb,Metadata/Sources/Raw/data/maps/campaign_03_07/text/eng/briefings/0500.hlt,bit-exact copy,"[""color:$local$\\palettes\\font_dark.pcx"", ""font:$local$\\fonts\\font12.fnt"", ""include:$local$\\briefings.txt 500 1""]",,SOURCE_COMPLETE (parsed by cultures_hlt),Map data
700,data\maps\campaign_03_08\text\eng\briefings\0004.hlt,HLT,153,4396ee63b906c5275addc22727d14fefbc4a5ca2c390a20fb83d1e755d4714fe,Metadata/Sources/Raw/data/maps/campaign_03_08/text/eng/briefings/0004.hlt,bit-exact copy,"[""color:$local$\\palettes\\font_dark.pcx"", ""font:$local$\\fonts\\font12.fnt"", ""include:$local$\\briefings.txt 04 1""]",,SOURCE_COMPLETE (parsed by cultures_hlt),Map data
701,data\maps\campaign_03_08\text\eng\briefings\0013.hlt,HLT,155,0ca6fd6a930bed7865d9b5b0ab5675fa4dec3267bf33d43ea1cab1142d9280ab,Metadata/Sources/Raw/data/maps/campaign_03_08/text/eng/briefings/0013.hlt,bit-exact copy,"[""color:$local$\\palettes\\font_dark.pcx"", ""font:$local$\\fonts\\font12.fnt"", ""include:$local$\\briefings.txt 13 1""]",,SOURCE_COMPLETE (parsed by cultures_hlt),Map data
702,data\maps\campaign_03_08\text\eng\briefings\0022.hlt,HLT,155,335ee03212635c2e49db39e1d2d9a3b7e21243eea03b944d9514b30571d89bcc,Metadata/Sources/Raw/data/maps/campaign_03_08/text/eng/briefings/0022.hlt,bit-exact copy,"[""color:$local$\\palettes\\font_dark.pcx"", ""font:$local$\\fonts\\font12.fnt"", ""include:$local$\\briefings.txt 22 1""]",,SOURCE_COMPLETE (parsed by cultures_hlt),Map data
703,data\maps\campaign_03_08\text\eng\briefings\0031.hlt,HLT,124,8879dcb36e949017e929af7510da3e9549bca3017ad7f4a02a7a8038635093ff,Metadata/Sources/Raw/data/maps/campaign_03_08/text/eng/briefings/0031.hlt,bit-exact copy,"[""color:$local$\\palettes\\font_dark.pcx"", ""font:$local$\\fonts\\font12.fnt"", ""include:$local$\\briefings.txt 31 1""]",,SOURCE_COMPLETE (parsed by cultures_hlt),Map data
704,data\maps\campaign_03_08\text\eng\briefings\0400.hlt,HLT,152,93ddd1fe3f1323218a0daa77b237dfd5b7eec379bd2dcb44e9acfeca56ccbc41,Metadata/Sources/Raw/data/maps/campaign_03_08/text/eng/briefings/0400.hlt,bit-exact copy,"[""color:$local$\\palettes\\font_dark.pcx"", ""font:$local$\\fonts\\font12.fnt"", ""include:$local$\\briefings.txt 400 1""]",,SOURCE_COMPLETE (parsed by cultures_hlt),Map data
707,data\maps\campaign_03_01\text\eng\briefings\0039.hlt,HLT,149,2003d0c49891bf521a6274586196111b19e9157548d314de38b9d6aea50b16c9,Metadata/Sources/Raw/data/maps/campaign_03_01/text/eng/briefings/0039.hlt,bit-exact copy,"[""color:$local$\\palettes\\font_dark.pcx"", ""font:$local$\\fonts\\font12.fnt"", ""include:$local$\\briefings.txt 39 1""]",,SOURCE_COMPLETE (parsed by cultures_hlt),Map data
708,data\maps\campaign_03_02\text\eng\briefings\0029.hlt,HLT,124,e20820056967720a7525e82e53d0ea7f79d9bfd58af161fb068b43526c31847e,Metadata/Sources/Raw/data/maps/campaign_03_02/text/eng/briefings/0029.hlt,bit-exact copy,"[""color:$local$\\palettes\\font_dark.pcx"", ""font:$local$\\fonts\\font12.fnt"", ""include:$local$\\briefings.txt 29 1""]",,SOURCE_COMPLETE (parsed by cultures_hlt),Map data
709,data\maps\campaign_03_03\text\eng\briefings\0055.hlt,HLT,122,8b425c38782fe50551c99682b6c8d537ee142e18f732d5107ecbaa1d3fb41eb0,Metadata/Sources/Raw/data/maps/campaign_03_03/text/eng/briefings/0055.hlt,bit-exact copy,"[""color:$local$\\palettes\\font_dark.pcx"", ""font:$local$\\fonts\\font12.fnt"", ""include:$local$\\briefings.txt 55 1""]",,SOURCE_COMPLETE (parsed by cultures_hlt),Map data
710,data\maps\campaign_03_03\text\eng\briefings\0271.hlt,HLT,123,19066311fac0fc10cde27a76531dec810235bb13e7bd2f2491179f7fe055e507,Metadata/Sources/Raw/data/maps/campaign_03_03/text/eng/briefings/0271.hlt,bit-exact copy,"[""color:$local$\\palettes\\font_dark.pcx"", ""font:$local$\\fonts\\font12.fnt"", ""include:$local$\\briefings.txt 271 1""]",,SOURCE_COMPLETE (parsed by cultures_hlt),Map data
711,data\maps\campaign_03_03\text\eng\briefings\0280.hlt,HLT,123,1bfb94a9d77aafea9d3df280fcb7464256ae97018774e4f120076ad91b1e7662,Metadata/Sources/Raw/data/maps/campaign_03_03/text/eng/briefings/0280.hlt,bit-exact copy,"[""color:$local$\\palettes\\font_dark.pcx"", ""font:$local$\\fonts\\font12.fnt"", ""include:$local$\\briefings.txt 280 1""]",,SOURCE_COMPLETE (parsed by cultures_hlt),Map data
712,data\maps\campaign_03_03\text\eng\briefings\0370.hlt,HLT,153,b62b4938694b36d5553a77d7f363f6e70d6883ffeeb75e96653f3588981dc5bc,Metadata/Sources/Raw/data/maps/campaign_03_03/text/eng/briefings/0370.hlt,bit-exact copy,"[""color:$local$\\palettes\\font_dark.pcx"", ""font:$local$\\fonts\\font12.fnt"", ""include:$local$\\briefings.txt 370 1""]",,SOURCE_COMPLETE (parsed by cultures_hlt),Map data
713,data\maps\campaign_03_03\text\eng\briefings\0424.hlt,HLT,123,7b0ef003e1b73c68bdc330612456a983d397e94759b75203a50059d3f259b3c6,Metadata/Sources/Raw/data/maps/campaign_03_03/text/eng/briefings/0424.hlt,bit-exact copy,"[""color:$local$\\palettes\\font_dark.pcx"", ""font:$local$\\fonts\\font12.fnt"", ""include:$local$\\briefings.txt 424 1""]",,SOURCE_COMPLETE (parsed by cultures_hlt),Map data
714,data\maps\campaign_03_03\text\eng\briefings\0460.hlt,HLT,123,a6500073bcde0833da1082f61eaa8607d2906bacb38aaff62e373f88e61579f7,Metadata/Sources/Raw/data/maps/campaign_03_03/text/eng/briefings/0460.hlt,bit-exact copy,"[""color:$local$\\palettes\\font_dark.pcx"", ""font:$local$\\fonts\\font12.fnt"", ""include:$local$\\briefings.txt 460 1""]",,SOURCE_COMPLETE (parsed by cultures_hlt),Map data
715,data\maps\campaign_03_04\text\eng\briefings\0009.hlt,HLT,452,e4d36b92e0039fcf48f366a0d94c4beae3ed8dd69066d23b7de6fb7173b32765,Metadata/Sources/Raw/data/maps/campaign_03_04/text/eng/briefings/0009.hlt,bit-exact copy,"[""color:$local$\\palettes\\font_dark.pcx"", ""font:$local$\\fonts\\font12.fnt"", ""font:$local$\\fonts\\fonthead16bld.fnt"", ""include:$local$\\briefings.txt 09_end_header 1"", ""include:$local$\\briefings.txt 09_end_text1 1"", ""include:$local$\\briefings.txt 09_end_text2 1"", ""picture:$local$\\graphics\\04_01.pcx""]",,SOURCE_COMPLETE (parsed by cultures_hlt),Map data
716,data\maps\campaign_03_04\text\eng\briefings\0018.hlt,HLT,122,7aaf4f3b648347322bc67a679f7221c11b7878365a77ef54fb32c7cb53ac8874,Metadata/Sources/Raw/data/maps/campaign_03_04/text/eng/briefings/0018.hlt,bit-exact copy,"[""color:$local$\\palettes\\font_dark.pcx"", ""font:$local$\\fonts\\font12.fnt"", ""include:$local$\\briefings.txt 18 1""]",,SOURCE_COMPLETE (parsed by cultures_hlt),Map data
717,data\maps\campaign_03_04\text\eng\briefings\0027.hlt,HLT,124,942c4d674934684ccddf21978b6f2eba629818116c81e7fdcfcf81ff3aef69f4,Metadata/Sources/Raw/data/maps/campaign_03_04/text/eng/briefings/0027.hlt,bit-exact copy,"[""color:$local$\\palettes\\font_dark.pcx"", ""font:$local$\\fonts\\font12.fnt"", ""include:$local$\\briefings.txt 27 1""]",,SOURCE_COMPLETE (parsed by cultures_hlt),Map data
718,data\maps\campaign_03_04\text\eng\briefings\0081.hlt,HLT,120,7e957c0fd45782476f6f8ff3d8f986d0eefbc2298038927fa626580c554b6bc2,Metadata/Sources/Raw/data/maps/campaign_03_04/text/eng/briefings/0081.hlt,bit-exact copy,"[""color:$local$\\palettes\\font_dark.pcx"", ""font:$local$\\fonts\\font12.fnt"", ""include:$local$\\briefings.txt 81 1""]",,SOURCE_COMPLETE (parsed by cultures_hlt),Map data
719,data\maps\campaign_03_04\text\eng\briefings\0090.hlt,HLT,120,324e2ab75e04050919c9ff14608e9992379650e952e25978b56e95d493e42ef1,Metadata/Sources/Raw/data/maps/campaign_03_04/text/eng/briefings/0090.hlt,bit-exact copy,"[""color:$local$\\palettes\\font_dark.pcx"", ""font:$local$\\fonts\\font12.fnt"", ""include:$local$\\briefings.txt 90 1""]",,SOURCE_COMPLETE (parsed by cultures_hlt),Map data
720,data\maps\campaign_03_05\text\eng\briefings\0008.hlt,HLT,122,f73a4495656bd15e6e7063e017f0bf01d627717da1d164e2054b1126c02f82eb,Metadata/Sources/Raw/data/maps/campaign_03_05/text/eng/briefings/0008.hlt,bit-exact copy,"[""color:$local$\\palettes\\font_dark.pcx"", ""font:$local$\\fonts\\font12.fnt"", ""include:$local$\\briefings.txt 08 1""]",,SOURCE_COMPLETE (parsed by cultures_hlt),Map data
721,data\maps\campaign_03_05\text\eng\briefings\0017.hlt,HLT,154,ab9e01cd870f8442119842267ffc23d2f0ef3bdb0d0bdee97da1a23e76a2bb7c,Metadata/Sources/Raw/data/maps/campaign_03_05/text/eng/briefings/0017.hlt,bit-exact copy,"[""color:$local$\\palettes\\font_dark.pcx"", ""font:$local$\\fonts\\font12.fnt"", ""include:$local$\\briefings.txt 17 1""]",,SOURCE_COMPLETE (parsed by cultures_hlt),Map data
722,data\maps\campaign_03_05\text\eng\briefings\0026.hlt,HLT,155,4ca64df27e0b312490f1de91af9313d65a8330659badc88a6e3eb8c6e2563e2c,Metadata/Sources/Raw/data/maps/campaign_03_05/text/eng/briefings/0026.hlt,bit-exact copy,"[""color:$local$\\palettes\\font_dark.pcx"", ""font:$local$\\fonts\\font12.fnt"", ""include:$local$\\briefings.txt 26 1""]",,SOURCE_COMPLETE (parsed by cultures_hlt),Map data
723,data\maps\campaign_03_06\text\eng\briefings\0007.hlt,HLT,149,8a286331dbe78612e0a6d556ae29f0117866b47f2c1cf47fb2593c46edf35c26,Metadata/Sources/Raw/data/maps/campaign_03_06/text/eng/briefings/0007.hlt,bit-exact copy,"[""color:$local$\\palettes\\font_dark.pcx"", ""font:$local$\\fonts\\font12.fnt"", ""include:$local$\\briefings.txt 07 1""]",,SOURCE_COMPLETE (parsed by cultures_hlt),Map data
724,data\maps\campaign_03_06\text\eng\briefings\0016.hlt,HLT,154,bd6933e179dc3b12e6939d910f1a44922667cdb3b510daee9d9aaadf85e18996,Metadata/Sources/Raw/data/maps/campaign_03_06/text/eng/briefings/0016.hlt,bit-exact copy,"[""color:$local$\\palettes\\font_dark.pcx"", ""font:$local$\\fonts\\font12.fnt"", ""include:$local$\\briefings.txt 16 1""]",,SOURCE_COMPLETE (parsed by cultures_hlt),Map data
725,data\maps\campaign_03_06\text\eng\briefings\0025.hlt,HLT,122,2337f6f9524a95152b7e51d894edaed349ce41716278c139f0412728599c5684,Metadata/Sources/Raw/data/maps/campaign_03_06/text/eng/briefings/0025.hlt,bit-exact copy,"[""color:$local$\\palettes\\font_dark.pcx"", ""font:$local$\\fonts\\font12.fnt"", ""include:$local$\\briefings.txt 25 1""]",,SOURCE_COMPLETE (parsed by cultures_hlt),Map data
726,data\maps\campaign_03_06\text\eng\briefings\0034.hlt,HLT,122,6f53a80aa7b90936c08e5a130d2ce7f5e9a0245da8e8469903a5a9bf4c6e6595,Metadata/Sources/Raw/data/maps/campaign_03_06/text/eng/briefings/0034.hlt,bit-exact copy,"[""color:$local$\\palettes\\font_dark.pcx"", ""font:$local$\\fonts\\font12.fnt"", ""include:$local$\\briefings.txt 34 1""]",,SOURCE_COMPLETE (parsed by cultures_hlt),Map data
727,data\maps\campaign_03_07\text\eng\briefings\0006.hlt,HLT,152,e70e42ec4530e2988e2708d16f283e6a5a36ddd6c0ed79a0492b43ae7c66e60f,Metadata/Sources/Raw/data/maps/campaign_03_07/text/eng/briefings/0006.hlt,bit-exact copy,"[""color:$local$\\palettes\\font_dark.pcx"", ""font:$local$\\fonts\\font12.fnt"", ""include:$local$\\briefings.txt 06 1""]",,SOURCE_COMPLETE (parsed by cultures_hlt),Map data
728,data\maps\campaign_03_07\text\eng\briefings\0015.hlt,HLT,155,5f4367724bd97ca14450fda570b7476d52f853d85f840667793fa76b81ca9f22,Metadata/Sources/Raw/data/maps/campaign_03_07/text/eng/briefings/0015.hlt,bit-exact copy,"[""color:$local$\\palettes\\font_dark.pcx"", ""font:$local$\\fonts\\font12.fnt"", ""include:$local$\\briefings.txt 15 1""]",,SOURCE_COMPLETE (parsed by cultures_hlt),Map data
729,data\maps\campaign_03_07\text\eng\briefings\0024.hlt,HLT,154,ea17ca90bb8d11e227718a9560349e237d399d62d32602830c2e1667f3836c85,Metadata/Sources/Raw/data/maps/campaign_03_07/text/eng/briefings/0024.hlt,bit-exact copy,"[""color:$local$\\palettes\\font_dark.pcx"", ""font:$local$\\fonts\\font12.fnt"", ""include:$local$\\briefings.txt 24 1""]",,SOURCE_COMPLETE (parsed by cultures_hlt),Map data
730,data\maps\campaign_03_07\text\eng\briefings\0600.hlt,HLT,152,e0c68abaf3245e4e70060bfd1cb5ed97d3552f4f1b953f6e4aa8c9d80c12fe66,Metadata/Sources/Raw/data/maps/campaign_03_07/text/eng/briefings/0600.hlt,bit-exact copy,"[""color:$local$\\palettes\\font_dark.pcx"", ""font:$local$\\fonts\\font12.fnt"", ""include:$local$\\briefings.txt 600 1""]",,SOURCE_COMPLETE (parsed by cultures_hlt),Map data
731,data\maps\campaign_03_08\text\eng\briefings\0005.hlt,HLT,153,68b644bafcab39e775f74f7d3cd1d435ff1fdfd93a270121ba62154fc7aa917a,Metadata/Sources/Raw/data/maps/campaign_03_08/text/eng/briefings/0005.hlt,bit-exact copy,"[""color:$local$\\palettes\\font_dark.pcx"", ""font:$local$\\fonts\\font12.fnt"", ""include:$local$\\briefings.txt 05 1""]",,SOURCE_COMPLETE (parsed by cultures_hlt),Map data
732,data\maps\campaign_03_08\text\eng\briefings\0014.hlt,HLT,155,5e2e15ccc77f8a3b73f2a2415fa8acda15f862e5886581be6e8a089e8435f7a4,Metadata/Sources/Raw/data/maps/campaign_03_08/text/eng/briefings/0014.hlt,bit-exact copy,"[""color:$local$\\palettes\\font_dark.pcx"", ""font:$local$\\fonts\\font12.fnt"", ""include:$local$\\briefings.txt 14 1""]",,SOURCE_COMPLETE (parsed by cultures_hlt),Map data
733,data\maps\campaign_03_08\text\eng\briefings\0023.hlt,HLT,155,0e577b6e4fe7602b06ff0df374b2b656859059ecdc4bcfa97d16cccb16c07571,Metadata/Sources/Raw/data/maps/campaign_03_08/text/eng/briefings/0023.hlt,bit-exact copy,"[""color:$local$\\palettes\\font_dark.pcx"", ""font:$local$\\fonts\\font12.fnt"", ""include:$local$\\briefings.txt 23 1""]",,SOURCE_COMPLETE (parsed by cultures_hlt),Map data
734,data\maps\campaign_03_08\text\eng\briefings\0032.hlt,HLT,155,2a378a0a7b5669957a9ec1161238367cfb0a1c051abae549e653eff0aae18125,Metadata/Sources/Raw/data/maps/campaign_03_08/text/eng/briefings/0032.hlt,bit-exact copy,"[""color:$local$\\palettes\\font_dark.pcx"", ""font:$local$\\fonts\\font12.fnt"", ""include:$local$\\briefings.txt 32 1""]",,SOURCE_COMPLETE (parsed by cultures_hlt),Map data
735,data\maps\campaign_03_08\text\eng\briefings\0050.hlt,HLT,380,29d3330ef5f693a6ac225eeda41eb04f5f1b375a5d6d7f9e20a226a017c01cc5,Metadata/Sources/Raw/data/maps/campaign_03_08/text/eng/briefings/0050.hlt,bit-exact copy,"[""color:$local$\\palettes\\font_dark.pcx"", ""font:$local$\\fonts\\font12.fnt"", ""font:$local$\\fonts\\fonthead16bld.fnt"", ""include:$local$\\briefings.txt 50_end 1"", ""include:$local$\\briefings.txt 50_end1 1"", ""include:$local$\\briefings.txt 50_endheader 1"", ""picture:$local$\\graphics\\08_01.pcx""]",,SOURCE_COMPLETE (parsed by cultures_hlt),Map data
736,data\maps\campaign_03_08\text\eng\briefings\0500.hlt,HLT,152,02ccec0613f411abb770ae32670c6f7f5d6f2ffc536c8d89f09065b5fa09dbfb,Metadata/Sources/Raw/data/maps/campaign_03_08/text/eng/briefings/0500.hlt,bit-exact copy,"[""color:$local$\\palettes\\font_dark.pcx"", ""font:$local$\\fonts\\font12.fnt"", ""include:$local$\\briefings.txt 500 1""]",,SOURCE_COMPLETE (parsed by cultures_hlt),Map data
737,data\maps\multiplayer_202_special_millitär\map.dat,DAT,1178575,a60e8af523d2b6eb6b3f1d4eb8a121ed0a4099d507208d83019d2dc9548b9320,Metadata/Sources/Raw/data/maps/multiplayer_202_special_millitär/map.dat,bit-exact copy,[],40 chunks,SOURCE_COMPLETE (chunk structure via cultures_map_dat),Map data
744,data\maps\campaign_03_03\text\eng\briefings\0065.hlt,HLT,122,8ff94c4318ff2c638e274bd0195abe647b01b4b5465c56496080a2e757c5a5e6,Metadata/Sources/Raw/data/maps/campaign_03_03/text/eng/briefings/0065.hlt,bit-exact copy,"[""color:$local$\\palettes\\font_dark.pcx"", ""font:$local$\\fonts\\font12.fnt"", ""include:$local$\\briefings.txt 65 1""]",,SOURCE_COMPLETE (parsed by cultures_hlt),Map data
745,data\maps\campaign_03_03\text\eng\briefings\0272.hlt,HLT,123,89c5f282e216d52dab6a446c748ee5d2d38b3c180f692a9d087bbd0b751e86cb,Metadata/Sources/Raw/data/maps/campaign_03_03/text/eng/briefings/0272.hlt,bit-exact copy,"[""color:$local$\\palettes\\font_dark.pcx"", ""font:$local$\\fonts\\font12.fnt"", ""include:$local$\\briefings.txt 272 1""]",,SOURCE_COMPLETE (parsed by cultures_hlt),Map data
746,data\maps\campaign_03_03\text\eng\briefings\0290.hlt,HLT,123,1637cb3188bf00e7fa64440d680a3abdc6d4eed387edc9a4bbdbab5fab731ac7,Metadata/Sources/Raw/data/maps/campaign_03_03/text/eng/briefings/0290.hlt,bit-exact copy,"[""color:$local$\\palettes\\font_dark.pcx"", ""font:$local$\\fonts\\font12.fnt"", ""include:$local$\\briefings.txt 290 1""]",,SOURCE_COMPLETE (parsed by cultures_hlt),Map data
747,data\maps\campaign_03_03\text\eng\briefings\0380.hlt,HLT,153,7fa141d8a744a071e3a30f34d045ae0faed2963104557edffd1c0fe5664452c5,Metadata/Sources/Raw/data/maps/campaign_03_03/text/eng/briefings/0380.hlt,bit-exact copy,"[""color:$local$\\palettes\\font_dark.pcx"", ""font:$local$\\fonts\\font12.fnt"", ""include:$local$\\briefings.txt 380 1""]",,SOURCE_COMPLETE (parsed by cultures_hlt),Map data
748,data\maps\campaign_03_03\text\eng\briefings\0470.hlt,HLT,123,ff3c1e715cac7c065ef9b280b6e6373a3e8f0a580cb7b5dda75f2932357f17ed,Metadata/Sources/Raw/data/maps/campaign_03_03/text/eng/briefings/0470.hlt,bit-exact copy,"[""color:$local$\\palettes\\font_dark.pcx"", ""font:$local$\\fonts\\font12.fnt"", ""include:$local$\\briefings.txt 470 1""]",,SOURCE_COMPLETE (parsed by cultures_hlt),Map data
749,data\maps\campaign_03_04\text\eng\briefings\0019.hlt,HLT,155,29ade9f9ed3660087838c7d875ed619699ee2267bb8be7597f4e6762ad09a439,Metadata/Sources/Raw/data/maps/campaign_03_04/text/eng/briefings/0019.hlt,bit-exact copy,"[""color:$local$\\palettes\\font_dark.pcx"", ""font:$local$\\fonts\\font12.fnt"", ""include:$local$\\briefings.txt 19 1""]",,SOURCE_COMPLETE (parsed by cultures_hlt),Map data
750,data\maps\campaign_03_04\text\eng\briefings\0028.hlt,HLT,124,b92f72d630a00242e26253424a0419f57857a2c9bc50665837cb9f19e8ff4267,Metadata/Sources/Raw/data/maps/campaign_03_04/text/eng/briefings/0028.hlt,bit-exact copy,"[""color:$local$\\palettes\\font_dark.pcx"", ""font:$local$\\fonts\\font12.fnt"", ""include:$local$\\briefings.txt 28 1""]",,SOURCE_COMPLETE (parsed by cultures_hlt),Map data
751,data\maps\campaign_03_04\text\eng\briefings\0082.hlt,HLT,120,61d36fe55fa3b261773230090e2d9c710ca47438eeb70858027d560e2f2b6069,Metadata/Sources/Raw/data/maps/campaign_03_04/text/eng/briefings/0082.hlt,bit-exact copy,"[""color:$local$\\palettes\\font_dark.pcx"", ""font:$local$\\fonts\\font12.fnt"", ""include:$local$\\briefings.txt 82 1""]",,SOURCE_COMPLETE (parsed by cultures_hlt),Map data
752,data\maps\campaign_03_04\text\eng\briefings\0235.hlt,HLT,121,5d20995dbbdcbafe3801123c061fbae7aa1c97e943d4379ed5fa0a61cbe1ea25,Metadata/Sources/Raw/data/maps/campaign_03_04/text/eng/briefings/0235.hlt,bit-exact copy,"[""color:$local$\\palettes\\font_dark.pcx"", ""font:$local$\\fonts\\font12.fnt"", ""include:$local$\\briefings.txt 235 1""]",,SOURCE_COMPLETE (parsed by cultures_hlt),Map data
753,data\maps\campaign_03_05\text\eng\briefings\0009.hlt,HLT,153,215de413b497d3fd197a2fcb1d33d977491b181ebac35a92017343d8c145297a,Metadata/Sources/Raw/data/maps/campaign_03_05/text/eng/briefings/0009.hlt,bit-exact copy,"[""color:$local$\\palettes\\font_dark.pcx"", ""font:$local$\\fonts\\font12.fnt"", ""include:$local$\\briefings.txt 09 1""]",,SOURCE_COMPLETE (parsed by cultures_hlt),Map data
754,data\maps\campaign_03_05\text\eng\briefings\0018.hlt,HLT,155,698b9586c3dc3d25e3d8d4655275d6a8aa6e2325c3a80e707455923fbdcd2299,Metadata/Sources/Raw/data/maps/campaign_03_05/text/eng/briefings/0018.hlt,bit-exact copy,"[""color:$local$\\palettes\\font_dark.pcx"", ""font:$local$\\fonts\\font12.fnt"", ""include:$local$\\briefings.txt 18 1""]",,SOURCE_COMPLETE (parsed by cultures_hlt),Map data
755,data\maps\campaign_03_05\text\eng\briefings\0027.hlt,HLT,124,942c4d674934684ccddf21978b6f2eba629818116c81e7fdcfcf81ff3aef69f4,Metadata/Sources/Raw/data/maps/campaign_03_05/text/eng/briefings/0027.hlt,bit-exact copy,"[""color:$local$\\palettes\\font_dark.pcx"", ""font:$local$\\fonts\\font12.fnt"", ""include:$local$\\briefings.txt 27 1""]",,SOURCE_COMPLETE (parsed by cultures_hlt),Map data
756,data\maps\campaign_03_06\text\eng\briefings\0008.hlt,HLT,152,0a7df8fe7801383c8cd7e17c3f8afc25b48e087e4f3bedeeed17575c4f99b1b5,Metadata/Sources/Raw/data/maps/campaign_03_06/text/eng/briefings/0008.hlt,bit-exact copy,"[""color:$local$\\palettes\\font_dark.pcx"", ""font:$local$\\fonts\\font12.fnt"", ""include:$local$\\briefings.txt 08 1""]",,SOURCE_COMPLETE (parsed by cultures_hlt),Map data
757,data\maps\campaign_03_06\text\eng\briefings\0017.hlt,HLT,155,c9111722581772724129c4290a640956325f3ce79ec7c35ab34a7331fc07ec7c,Metadata/Sources/Raw/data/maps/campaign_03_06/text/eng/briefings/0017.hlt,bit-exact copy,"[""color:$local$\\palettes\\font_dark.pcx"", ""font:$local$\\fonts\\font12.fnt"", ""include:$local$\\briefings.txt 17 1""]",,SOURCE_COMPLETE (parsed by cultures_hlt),Map data
758,data\maps\campaign_03_06\text\eng\briefings\0026.hlt,HLT,122,9127a960a89a80be3058c836b1664e261756275e9a143a994a6b975fdb25940b,Metadata/Sources/Raw/data/maps/campaign_03_06/text/eng/briefings/0026.hlt,bit-exact copy,"[""color:$local$\\palettes\\font_dark.pcx"", ""font:$local$\\fonts\\font12.fnt"", ""include:$local$\\briefings.txt 26 1""]",,SOURCE_COMPLETE (parsed by cultures_hlt),Map data
759,data\maps\campaign_03_06\text\eng\briefings\0035.hlt,HLT,154,aefff565077fdfe785973a9c8893df639109a15dfe23ee8aa45c305d2218d1af,Metadata/Sources/Raw/data/maps/campaign_03_06/text/eng/briefings/0035.hlt,bit-exact copy,"[""color:$local$\\palettes\\font_dark.pcx"", ""font:$local$\\fonts\\font12.fnt"", ""include:$local$\\briefings.txt 35 1""]",,SOURCE_COMPLETE (parsed by cultures_hlt),Map data
760,data\maps\campaign_03_07\text\eng\briefings\0007.hlt,HLT,153,19c002448da12eb442e327d5b1c1b4dfc1992444f6ffb99278d3bff4c692357a,Metadata/Sources/Raw/data/maps/campaign_03_07/text/eng/briefings/0007.hlt,bit-exact copy,"[""color:$local$\\palettes\\font_dark.pcx"", ""font:$local$\\fonts\\font12.fnt"", ""include:$local$\\briefings.txt 07 1""]",,SOURCE_COMPLETE (parsed by cultures_hlt),Map data
761,data\maps\campaign_03_07\text\eng\briefings\0016.hlt,HLT,154,785c42c31200f0c5bc93056c9b613e42a302710c3394a30902fed09651966305,Metadata/Sources/Raw/data/maps/campaign_03_07/text/eng/briefings/0016.hlt,bit-exact copy,"[""color:$local$\\palettes\\font_dark.pcx"", ""font:$local$\\fonts\\font12.fnt"", ""include:$local$\\briefings.txt 16 1""]",,SOURCE_COMPLETE (parsed by cultures_hlt),Map data
762,data\maps\campaign_03_07\text\eng\briefings\0025.hlt,HLT,154,904969a6d184d19986e8249b4c4d8ab09c9dece2390185a32faba7d1e837efb4,Metadata/Sources/Raw/data/maps/campaign_03_07/text/eng/briefings/0025.hlt,bit-exact copy,"[""color:$local$\\palettes\\font_dark.pcx"", ""font:$local$\\fonts\\font12.fnt"", ""include:$local$\\briefings.txt 25 1""]",,SOURCE_COMPLETE (parsed by cultures_hlt),Map data
763,data\maps\campaign_03_08\text\eng\briefings\0006.hlt,HLT,149,d1a38953ed2640d785f27b43968ce2a5ed8e42b58798b15df72df6ab592e1a3e,Metadata/Sources/Raw/data/maps/campaign_03_08/text/eng/briefings/0006.hlt,bit-exact copy,"[""color:$local$\\palettes\\font_dark.pcx"", ""font:$local$\\fonts\\font12.fnt"", ""include:$local$\\briefings.txt 06 1""]",,SOURCE_COMPLETE (parsed by cultures_hlt),Map data
764,data\maps\campaign_03_08\text\eng\briefings\0015.hlt,HLT,155,8ce5d0a51596657f1f85f81571cc3f716a47faebd1ab655292ff2ee54ecd377f,Metadata/Sources/Raw/data/maps/campaign_03_08/text/eng/briefings/0015.hlt,bit-exact copy,"[""color:$local$\\palettes\\font_dark.pcx"", ""font:$local$\\fonts\\font12.fnt"", ""include:$local$\\briefings.txt 15 1""]",,SOURCE_COMPLETE (parsed by cultures_hlt),Map data
765,data\maps\campaign_03_08\text\eng\briefings\0024.hlt,HLT,122,ddd5cec4b5a24fa4068fdaf4fdff006db71c7a13d8fcae86c509e966588940c9,Metadata/Sources/Raw/data/maps/campaign_03_08/text/eng/briefings/0024.hlt,bit-exact copy,"[""color:$local$\\palettes\\font_dark.pcx"", ""font:$local$\\fonts\\font12.fnt"", ""include:$local$\\briefings.txt 24 1""]",,SOURCE_COMPLETE (parsed by cultures_hlt),Map data
766,data\maps\campaign_03_08\text\eng\briefings\0033.hlt,HLT,155,d5deb6f577907e2f50eea49ea77db350c6736233e4475c39ee117b5d9c8775d1,Metadata/Sources/Raw/data/maps/campaign_03_08/text/eng/briefings/0033.hlt,bit-exact copy,"[""color:$local$\\palettes\\font_dark.pcx"", ""font:$local$\\fonts\\font12.fnt"", ""include:$local$\\briefings.txt 33 1""]",,SOURCE_COMPLETE (parsed by cultures_hlt),Map data
767,data\maps\campaign_03_08\text\eng\briefings\0600.hlt,HLT,152,e0c68abaf3245e4e70060bfd1cb5ed97d3552f4f1b953f6e4aa8c9d80c12fe66,Metadata/Sources/Raw/data/maps/campaign_03_08/text/eng/briefings/0600.hlt,bit-exact copy,"[""color:$local$\\palettes\\font_dark.pcx"", ""font:$local$\\fonts\\font12.fnt"", ""include:$local$\\briefings.txt 600 1""]",,SOURCE_COMPLETE (parsed by cultures_hlt),Map data
770,data\maps\campaign_03_03\text\eng\briefings\0075.hlt,HLT,122,8e9aef9adc0bf158684ed0f3bbe46f2ddff7ca4063890cd78a5c3bd10ec0182f,Metadata/Sources/Raw/data/maps/campaign_03_03/text/eng/briefings/0075.hlt,bit-exact copy,"[""color:$local$\\palettes\\font_dark.pcx"", ""font:$local$\\fonts\\font12.fnt"", ""include:$local$\\briefings.txt 75 1""]",,SOURCE_COMPLETE (parsed by cultures_hlt),Map data
771,data\maps\campaign_03_03\text\eng\briefings\0273.hlt,HLT,123,9f067eb254451232ffea2563f9a1b113d98eccdd61769bcfb69db5ecf3389e71,Metadata/Sources/Raw/data/maps/campaign_03_03/text/eng/briefings/0273.hlt,bit-exact copy,"[""color:$local$\\palettes\\font_dark.pcx"", ""font:$local$\\fonts\\font12.fnt"", ""include:$local$\\briefings.txt 273 1""]",,SOURCE_COMPLETE (parsed by cultures_hlt),Map data
772,data\maps\campaign_03_03\text\eng\briefings\0390.hlt,HLT,123,dfac9b6bd8cfcfc308111f6b4e8f308802a2ffa03fb1adc95b8d30c35c43319b,Metadata/Sources/Raw/data/maps/campaign_03_03/text/eng/briefings/0390.hlt,bit-exact copy,"[""color:$local$\\palettes\\font_dark.pcx"", ""font:$local$\\fonts\\font12.fnt"", ""include:$local$\\briefings.txt 390 1""]",,SOURCE_COMPLETE (parsed by cultures_hlt),Map data
773,data\maps\campaign_03_03\text\eng\briefings\0480.hlt,HLT,123,fc6ee0dce28a14c9b897708c0b4cf52f43e36f4f6d86749dccf54cecaef9e27e,Metadata/Sources/Raw/data/maps/campaign_03_03/text/eng/briefings/0480.hlt,bit-exact copy,"[""color:$local$\\palettes\\font_dark.pcx"", ""font:$local$\\fonts\\font12.fnt"", ""include:$local$\\briefings.txt 480 1""]",,SOURCE_COMPLETE (parsed by cultures_hlt),Map data
774,data\maps\campaign_03_04\text\eng\briefings\0029.hlt,HLT,124,e20820056967720a7525e82e53d0ea7f79d9bfd58af161fb068b43526c31847e,Metadata/Sources/Raw/data/maps/campaign_03_04/text/eng/briefings/0029.hlt,bit-exact copy,"[""color:$local$\\palettes\\font_dark.pcx"", ""font:$local$\\fonts\\font12.fnt"", ""include:$local$\\briefings.txt 29 1""]",,SOURCE_COMPLETE (parsed by cultures_hlt),Map data
775,data\maps\campaign_03_04\text\eng\briefings\0083.hlt,HLT,120,d3ca719e4b463c3072a23beb33b4854379895c55e7ad28dde9e3ff081184a03e,Metadata/Sources/Raw/data/maps/campaign_03_04/text/eng/briefings/0083.hlt,bit-exact copy,"[""color:$local$\\palettes\\font_dark.pcx"", ""font:$local$\\fonts\\font12.fnt"", ""include:$local$\\briefings.txt 83 1""]",,SOURCE_COMPLETE (parsed by cultures_hlt),Map data
776,data\maps\campaign_03_04\text\eng\briefings\0155.hlt,HLT,121,40dcbf8a6c2aed83f7abe9eec358f18790f800a0f82b9a94bf814c7f068c8c8e,Metadata/Sources/Raw/data/maps/campaign_03_04/text/eng/briefings/0155.hlt,bit-exact copy,"[""color:$local$\\palettes\\font_dark.pcx"", ""font:$local$\\fonts\\font12.fnt"", ""include:$local$\\briefings.txt 155 1""]",,SOURCE_COMPLETE (parsed by cultures_hlt),Map data
777,data\maps\campaign_03_05\text\eng\briefings\0019.hlt,HLT,155,53715e767e68d853f38796a9c09e4f4234252343f002015f96f4738e52cf742c,Metadata/Sources/Raw/data/maps/campaign_03_05/text/eng/briefings/0019.hlt,bit-exact copy,"[""color:$local$\\palettes\\font_dark.pcx"", ""font:$local$\\fonts\\font12.fnt"", ""include:$local$\\briefings.txt 19 1""]",,SOURCE_COMPLETE (parsed by cultures_hlt),Map data
778,data\maps\campaign_03_05\text\eng\briefings\0028.hlt,HLT,124,b92f72d630a00242e26253424a0419f57857a2c9bc50665837cb9f19e8ff4267,Metadata/Sources/Raw/data/maps/campaign_03_05/text/eng/briefings/0028.hlt,bit-exact copy,"[""color:$local$\\palettes\\font_dark.pcx"", ""font:$local$\\fonts\\font12.fnt"", ""include:$local$\\briefings.txt 28 1""]",,SOURCE_COMPLETE (parsed by cultures_hlt),Map data
779,data\maps\campaign_03_06\text\eng\briefings\0009.hlt,HLT,152,28ccfb3f80c9b697280bb254d58085a4ad142393630ffd744025c25ee0881e4f,Metadata/Sources/Raw/data/maps/campaign_03_06/text/eng/briefings/0009.hlt,bit-exact copy,"[""color:$local$\\palettes\\font_dark.pcx"", ""font:$local$\\fonts\\font12.fnt"", ""include:$local$\\briefings.txt 09 1""]",,SOURCE_COMPLETE (parsed by cultures_hlt),Map data
780,data\maps\campaign_03_06\text\eng\briefings\0018.hlt,HLT,155,c3885a869894d8b6f578c16974aa325c4db4a4f847063d39fdaaa07cbfde35cc,Metadata/Sources/Raw/data/maps/campaign_03_06/text/eng/briefings/0018.hlt,bit-exact copy,"[""color:$local$\\palettes\\font_dark.pcx"", ""font:$local$\\fonts\\font12.fnt"", ""include:$local$\\briefings.txt 18 1""]",,SOURCE_COMPLETE (parsed by cultures_hlt),Map data
781,data\maps\campaign_03_06\text\eng\briefings\0027.hlt,HLT,122,8001747d7b50a32fba02230617116bc829f00431c5539c4f70a598fd92011750,Metadata/Sources/Raw/data/maps/campaign_03_06/text/eng/briefings/0027.hlt,bit-exact copy,"[""color:$local$\\palettes\\font_dark.pcx"", ""font:$local$\\fonts\\font12.fnt"", ""include:$local$\\briefings.txt 27 1""]",,SOURCE_COMPLETE (parsed by cultures_hlt),Map data
782,data\maps\campaign_03_07\text\eng\briefings\0008.hlt,HLT,153,ff5dc36cc9e7daa7774c7a7e9369ee55dd16f774f7d6a4f4dd066369d4770d0a,Metadata/Sources/Raw/data/maps/campaign_03_07/text/eng/briefings/0008.hlt,bit-exact copy,"[""color:$local$\\palettes\\font_dark.pcx"", ""font:$local$\\fonts\\font12.fnt"", ""include:$local$\\briefings.txt 08 1""]",,SOURCE_COMPLETE (parsed by cultures_hlt),Map data
783,data\maps\campaign_03_07\text\eng\briefings\0017.hlt,HLT,155,1a29b1f74892b982231c6941f27cde972e5e29d536d278e0cbb5f3703faeff9e,Metadata/Sources/Raw/data/maps/campaign_03_07/text/eng/briefings/0017.hlt,bit-exact copy,"[""color:$local$\\palettes\\font_dark.pcx"", ""font:$local$\\fonts\\font12.fnt"", ""include:$local$\\briefings.txt 17 1""]",,SOURCE_COMPLETE (parsed by cultures_hlt),Map data
784,data\maps\campaign_03_07\text\eng\briefings\0026.hlt,HLT,155,798ddc9fe26ece2f0ff87fcaf6ff6f7a3f5c70edd82076540e44be877b2dbfdf,Metadata/Sources/Raw/data/maps/campaign_03_07/text/eng/briefings/0026.hlt,bit-exact copy,"[""color:$local$\\palettes\\font_dark.pcx"", ""font:$local$\\fonts\\font12.fnt"", ""include:$local$\\briefings.txt 26 1""]",,SOURCE_COMPLETE (parsed by cultures_hlt),Map data
785,data\maps\campaign_03_08\text\eng\briefings\0007.hlt,HLT,149,f17b2c15182675dc09644d8c48c8373fb0f9e8cd92fa588b651754e4898b4310,Metadata/Sources/Raw/data/maps/campaign_03_08/text/eng/briefings/0007.hlt,bit-exact copy,"[""color:$local$\\palettes\\font_dark.pcx"", ""font:$local$\\fonts\\font12.fnt"", ""include:$local$\\briefings.txt 07 1""]",,SOURCE_COMPLETE (parsed by cultures_hlt),Map data
786,data\maps\campaign_03_08\text\eng\briefings\0016.hlt,HLT,155,3ae02c0b0df2fcba842aae080d89c12e75f21feaccfff23da0d180f971e85348,Metadata/Sources/Raw/data/maps/campaign_03_08/text/eng/briefings/0016.hlt,bit-exact copy,"[""color:$local$\\palettes\\font_dark.pcx"", ""font:$local$\\fonts\\font12.fnt"", ""include:$local$\\briefings.txt 16 1""]",,SOURCE_COMPLETE (parsed by cultures_hlt),Map data
787,data\maps\campaign_03_08\text\eng\briefings\0025.hlt,HLT,122,2337f6f9524a95152b7e51d894edaed349ce41716278c139f0412728599c5684,Metadata/Sources/Raw/data/maps/campaign_03_08/text/eng/briefings/0025.hlt,bit-exact copy,"[""color:$local$\\palettes\\font_dark.pcx"", ""font:$local$\\fonts\\font12.fnt"", ""include:$local$\\briefings.txt 25 1""]",,SOURCE_COMPLETE (parsed by cultures_hlt),Map data
788,data\maps\campaign_03_08\text\eng\briefings\0034.hlt,HLT,122,6f53a80aa7b90936c08e5a130d2ce7f5e9a0245da8e8469903a5a9bf4c6e6595,Metadata/Sources/Raw/data/maps/campaign_03_08/text/eng/briefings/0034.hlt,bit-exact copy,"[""color:$local$\\palettes\\font_dark.pcx"", ""font:$local$\\fonts\\font12.fnt"", ""include:$local$\\briefings.txt 34 1""]",,SOURCE_COMPLETE (parsed by cultures_hlt),Map data
796,data\maps\campaign_03_03\text\eng\briefings\0274.hlt,HLT,123,a47ea35ba164cd37e60bf1e92d8e72d5bdf56544a88810556fe25d019bb32a38,Metadata/Sources/Raw/data/maps/campaign_03_03/text/eng/briefings/0274.hlt,bit-exact copy,"[""color:$local$\\palettes\\font_dark.pcx"", ""font:$local$\\fonts\\font12.fnt"", ""include:$local$\\briefings.txt 274 1""]",,SOURCE_COMPLETE (parsed by cultures_hlt),Map data
797,data\maps\campaign_03_03\text\eng\briefings\0391.hlt,HLT,123,81672f9df82ad7e86ddca6d8097fbcf81a859cfc2a0b1e5590a95b7ef8bed593,Metadata/Sources/Raw/data/maps/campaign_03_03/text/eng/briefings/0391.hlt,bit-exact copy,"[""color:$local$\\palettes\\font_dark.pcx"", ""font:$local$\\fonts\\font12.fnt"", ""include:$local$\\briefings.txt 391 1""]",,SOURCE_COMPLETE (parsed by cultures_hlt),Map data
798,data\maps\campaign_03_04\text\eng\briefings\0165.hlt,HLT,121,fa8a51c7efc22bc192ed75635828a93c2019ecad7f6ec521ab276cdc0c9f02ff,Metadata/Sources/Raw/data/maps/campaign_03_04/text/eng/briefings/0165.hlt,bit-exact copy,"[""color:$local$\\palettes\\font_dark.pcx"", ""font:$local$\\fonts\\font12.fnt"", ""include:$local$\\briefings.txt 165 1""]",,SOURCE_COMPLETE (parsed by cultures_hlt),Map data
799,data\maps\campaign_03_05\text\eng\briefings\0029.hlt,HLT,124,e20820056967720a7525e82e53d0ea7f79d9bfd58af161fb068b43526c31847e,Metadata/Sources/Raw/data/maps/campaign_03_05/text/eng/briefings/0029.hlt,bit-exact copy,"[""color:$local$\\palettes\\font_dark.pcx"", ""font:$local$\\fonts\\font12.fnt"", ""include:$local$\\briefings.txt 29 1""]",,SOURCE_COMPLETE (parsed by cultures_hlt),Map data
800,data\maps\campaign_03_06\text\eng\briefings\0019.hlt,HLT,155,877afa9179c19c24d5ccccbfb9b4c88ae81d0498ca00887803a57cbbaa2d14b6,Metadata/Sources/Raw/data/maps/campaign_03_06/text/eng/briefings/0019.hlt,bit-exact copy,"[""color:$local$\\palettes\\font_dark.pcx"", ""font:$local$\\fonts\\font12.fnt"", ""include:$local$\\briefings.txt 19 1""]",,SOURCE_COMPLETE (parsed by cultures_hlt),Map data
801,data\maps\campaign_03_06\text\eng\briefings\0028.hlt,HLT,122,6c27a36bb1d40efe5f66e3aa2cf7f22e4b88fbb1ca6abbb5805da5b2553a6876,Metadata/Sources/Raw/data/maps/campaign_03_06/text/eng/briefings/0028.hlt,bit-exact copy,"[""color:$local$\\palettes\\font_dark.pcx"", ""font:$local$\\fonts\\font12.fnt"", ""include:$local$\\briefings.txt 28 1""]",,SOURCE_COMPLETE (parsed by cultures_hlt),Map data
802,data\maps\campaign_03_07\text\eng\briefings\0009.hlt,HLT,153,aae74f60c9c69284a90050e2a97507bd6f794c7e83d7eebd1b9a6d7840fedbaa,Metadata/Sources/Raw/data/maps/campaign_03_07/text/eng/briefings/0009.hlt,bit-exact copy,"[""color:$local$\\palettes\\font_dark.pcx"", ""font:$local$\\fonts\\font12.fnt"", ""include:$local$\\briefings.txt 09 1""]",,SOURCE_COMPLETE (parsed by cultures_hlt),Map data
803,data\maps\campaign_03_07\text\eng\briefings\0018.hlt,HLT,154,7fb8683a77252eeb06879eef1fedcea39934f70d383fbe81969b10125ebbdd67,Metadata/Sources/Raw/data/maps/campaign_03_07/text/eng/briefings/0018.hlt,bit-exact copy,"[""color:$local$\\palettes\\font_dark.pcx"", ""font:$local$\\fonts\\font12.fnt"", ""include:$local$\\briefings.txt 18 1""]",,SOURCE_COMPLETE (parsed by cultures_hlt),Map data
804,data\maps\campaign_03_07\text\eng\briefings\0027.hlt,HLT,155,7503b3780b9cf036b5a682d05ef6cc08a11e8b5d9896ce4a95048ede8f76524e,Metadata/Sources/Raw/data/maps/campaign_03_07/text/eng/briefings/0027.hlt,bit-exact copy,"[""color:$local$\\palettes\\font_dark.pcx"", ""font:$local$\\fonts\\font12.fnt"", ""include:$local$\\briefings.txt 27 1""]",,SOURCE_COMPLETE (parsed by cultures_hlt),Map data
805,data\maps\campaign_03_08\text\eng\briefings\0008.hlt,HLT,149,bb5a455307cf3b46af9e2418e014609324cf515f9d50d0281667d8ad5b56896f,Metadata/Sources/Raw/data/maps/campaign_03_08/text/eng/briefings/0008.hlt,bit-exact copy,"[""color:$local$\\palettes\\font_dark.pcx"", ""font:$local$\\fonts\\font12.fnt"", ""include:$local$\\briefings.txt 08 1""]",,SOURCE_COMPLETE (parsed by cultures_hlt),Map data
806,data\maps\campaign_03_08\text\eng\briefings\0017.hlt,HLT,155,12459f57071e5f3487590868738128e96465fda9464f37f19b778972c34d1a29,Metadata/Sources/Raw/data/maps/campaign_03_08/text/eng/briefings/0017.hlt,bit-exact copy,"[""color:$local$\\palettes\\font_dark.pcx"", ""font:$local$\\fonts\\font12.fnt"", ""include:$local$\\briefings.txt 17 1""]",,SOURCE_COMPLETE (parsed by cultures_hlt),Map data
807,data\maps\campaign_03_08\text\eng\briefings\0026.hlt,HLT,155,c5829570b909a1050aeecb1928d25a62fabdff6475b153f7a28b0c6b4917f990,Metadata/Sources/Raw/data/maps/campaign_03_08/text/eng/briefings/0026.hlt,bit-exact copy,"[""color:$local$\\palettes\\font_dark.pcx"", ""font:$local$\\fonts\\font12.fnt"", ""include:$local$\\briefings.txt 26 1""]",,SOURCE_COMPLETE (parsed by cultures_hlt),Map data
808,data\maps\campaign_03_08\text\eng\briefings\0035.hlt,HLT,154,aefff565077fdfe785973a9c8893df639109a15dfe23ee8aa45c305d2218d1af,Metadata/Sources/Raw/data/maps/campaign_03_08/text/eng/briefings/0035.hlt,bit-exact copy,"[""color:$local$\\palettes\\font_dark.pcx"", ""font:$local$\\fonts\\font12.fnt"", ""include:$local$\\briefings.txt 35 1""]",,SOURCE_COMPLETE (parsed by cultures_hlt),Map data
809,data\maps\multiplayer_203_special_militär\text\eng\briefings\briefings.txt,TXT,1468,59fcb17153f47007e733bf3785f317854cd4d497f0c75413b6a9a1ea24386278,Metadata/Sources/Raw/data/maps/multiplayer_203_special_militär/text/eng/briefings/briefings.txt,bit-exact copy,[],,SOURCE_COMPLETE (plain text),Map data
815,data\maps\campaign_03_03\text\eng\briefings\0275.hlt,HLT,123,05953a5a234df67e89e198e2cce2bc0f546a3ad082f10f49252416e4ac003497,Metadata/Sources/Raw/data/maps/campaign_03_03/text/eng/briefings/0275.hlt,bit-exact copy,"[""color:$local$\\palettes\\font_dark.pcx"", ""font:$local$\\fonts\\font12.fnt"", ""include:$local$\\briefings.txt 275 1""]",,SOURCE_COMPLETE (parsed by cultures_hlt),Map data
816,data\maps\campaign_03_03\text\eng\briefings\0455.hlt,HLT,123,fbad8669f1de505318f456832dd151a8625a8923da5df03daca806e6d92d614a,Metadata/Sources/Raw/data/maps/campaign_03_03/text/eng/briefings/0455.hlt,bit-exact copy,"[""color:$local$\\palettes\\font_dark.pcx"", ""font:$local$\\fonts\\font12.fnt"", ""include:$local$\\briefings.txt 455 1""]",,SOURCE_COMPLETE (parsed by cultures_hlt),Map data
817,data\maps\campaign_03_04\text\eng\briefings\0157.hlt,HLT,121,fdb16673026aaf69f19af53be03b37e0645c8ca4c3aa0310883810db6acd2ebb,Metadata/Sources/Raw/data/maps/campaign_03_04/text/eng/briefings/0157.hlt,bit-exact copy,"[""color:$local$\\palettes\\font_dark.pcx"", ""font:$local$\\fonts\\font12.fnt"", ""include:$local$\\briefings.txt 157 1""]",,SOURCE_COMPLETE (parsed by cultures_hlt),Map data
818,data\maps\campaign_03_04\text\eng\briefings\0175.hlt,HLT,121,6a5a670869e5e7f9fea5534e5367c978805f3fdc8497efe373145948b9f8e148,Metadata/Sources/Raw/data/maps/campaign_03_04/text/eng/briefings/0175.hlt,bit-exact copy,"[""color:$local$\\palettes\\font_dark.pcx"", ""font:$local$\\fonts\\font12.fnt"", ""include:$local$\\briefings.txt 175 1""]",,SOURCE_COMPLETE (parsed by cultures_hlt),Map data
819,data\maps\campaign_03_06\text\eng\briefings\0029.hlt,HLT,122,34c67bfdf7fc18599bb3f6d86106e43b601fa3d5625d252a838cc0aefec6755d,Metadata/Sources/Raw/data/maps/campaign_03_06/text/eng/briefings/0029.hlt,bit-exact copy,"[""color:$local$\\palettes\\font_dark.pcx"", ""font:$local$\\fonts\\font12.fnt"", ""include:$local$\\briefings.txt 29 1""]",,SOURCE_COMPLETE (parsed by cultures_hlt),Map data
820,data\maps\campaign_03_07\text\eng\briefings\0019.hlt,HLT,154,1fc187eb20399556b13745c78c5416982fc6ffe2d3f01f71a40c83c171aaa94d,Metadata/Sources/Raw/data/maps/campaign_03_07/text/eng/briefings/0019.hlt,bit-exact copy,"[""color:$local$\\palettes\\font_dark.pcx"", ""font:$local$\\fonts\\font12.fnt"", ""include:$local$\\briefings.txt 19 1""]",,SOURCE_COMPLETE (parsed by cultures_hlt),Map data
821,data\maps\campaign_03_07\text\eng\briefings\0028.hlt,HLT,155,4ad7cd8d676369b52916c8cb5fa1780cd42665f5f2aaaff7f84fff66fba17d11,Metadata/Sources/Raw/data/maps/campaign_03_07/text/eng/briefings/0028.hlt,bit-exact copy,"[""color:$local$\\palettes\\font_dark.pcx"", ""font:$local$\\fonts\\font12.fnt"", ""include:$local$\\briefings.txt 28 1""]",,SOURCE_COMPLETE (parsed by cultures_hlt),Map data
822,data\maps\campaign_03_08\text\eng\briefings\0009.hlt,HLT,153,c49a5f77d8cbd1aa90336188c007d1f5f6bdc0311ba905032f20398f190d4ea1,Metadata/Sources/Raw/data/maps/campaign_03_08/text/eng/briefings/0009.hlt,bit-exact copy,"[""color:$local$\\palettes\\font_dark.pcx"", ""font:$local$\\fonts\\font12.fnt"", ""include:$local$\\briefings.txt 09 1""]",,SOURCE_COMPLETE (parsed by cultures_hlt),Map data
823,data\maps\campaign_03_08\text\eng\briefings\0018.hlt,HLT,155,aac9c991611eacdebaa5bc36f152662bb6719b0c21d5a465fa710befefed5fe4,Metadata/Sources/Raw/data/maps/campaign_03_08/text/eng/briefings/0018.hlt,bit-exact copy,"[""color:$local$\\palettes\\font_dark.pcx"", ""font:$local$\\fonts\\font12.fnt"", ""include:$local$\\briefings.txt 18 1""]",,SOURCE_COMPLETE (parsed by cultures_hlt),Map data
824,data\maps\campaign_03_08\text\eng\briefings\0027.hlt,HLT,154,9443169700c966ad0408a268c13857b46ee612e15b50e571189eb0f1aff553e5,Metadata/Sources/Raw/data/maps/campaign_03_08/text/eng/briefings/0027.hlt,bit-exact copy,"[""color:$local$\\palettes\\font_dark.pcx"", ""font:$local$\\fonts\\font12.fnt"", ""include:$local$\\briefings.txt 27 1""]",,SOURCE_COMPLETE (parsed by cultures_hlt),Map data
828,data\maps\campaign_03_01\text\eng\briefings\briefings.txt,TXT,16762,cb0b12bf082ef735f9c56a0993a3615c4b00efdaa5951299c610989e53071625,Metadata/Sources/Raw/data/maps/campaign_03_01/text/eng/briefings/briefings.txt,bit-exact copy,[],,SOURCE_COMPLETE (plain text),Map data
829,data\maps\campaign_03_03\text\eng\briefings\0285.hlt,HLT,123,9a33b2c82f00a217e309336b8fc182711e72099377059765d406d4c3134d010e,Metadata/Sources/Raw/data/maps/campaign_03_03/text/eng/briefings/0285.hlt,bit-exact copy,"[""color:$local$\\palettes\\font_dark.pcx"", ""font:$local$\\fonts\\font12.fnt"", ""include:$local$\\briefings.txt 285 1""]",,SOURCE_COMPLETE (parsed by cultures_hlt),Map data
830,data\maps\campaign_03_03\text\eng\briefings\0465.hlt,HLT,123,608315ec5d8422e24e0a295b9c766ea29cad3e59f6d8fc2c25923e8f258c6e60,Metadata/Sources/Raw/data/maps/campaign_03_03/text/eng/briefings/0465.hlt,bit-exact copy,"[""color:$local$\\palettes\\font_dark.pcx"", ""font:$local$\\fonts\\font12.fnt"", ""include:$local$\\briefings.txt 465 1""]",,SOURCE_COMPLETE (parsed by cultures_hlt),Map data
831,data\maps\campaign_03_04\text\eng\briefings\0095.hlt,HLT,120,2c5f6dfc2e1f8c8e269b12a88ed103e5fbe1e4f1e430b986489298f7598274fe,Metadata/Sources/Raw/data/maps/campaign_03_04/text/eng/briefings/0095.hlt,bit-exact copy,"[""color:$local$\\palettes\\font_dark.pcx"", ""font:$local$\\fonts\\font12.fnt"", ""include:$local$\\briefings.txt 95 1""]",,SOURCE_COMPLETE (parsed by cultures_hlt),Map data
832,data\maps\campaign_03_04\text\eng\briefings\0167.hlt,HLT,121,1ca9e297e27ac00795432a1dbb9917d376d01cdd90f2938d4b9a9c012dc22852,Metadata/Sources/Raw/data/maps/campaign_03_04/text/eng/briefings/0167.hlt,bit-exact copy,"[""color:$local$\\palettes\\font_dark.pcx"", ""font:$local$\\fonts\\font12.fnt"", ""include:$local$\\briefings.txt 167 1""]",,SOURCE_COMPLETE (parsed by cultures_hlt),Map data
833,data\maps\campaign_03_07\text\eng\briefings\0029.hlt,HLT,154,7358c6bf0dbf76885c0e171e16120b54e681ce52e863218e85cec45d8d6e607e,Metadata/Sources/Raw/data/maps/campaign_03_07/text/eng/briefings/0029.hlt,bit-exact copy,"[""color:$local$\\palettes\\font_dark.pcx"", ""font:$local$\\fonts\\font12.fnt"", ""include:$local$\\briefings.txt 29 1""]",,SOURCE_COMPLETE (parsed by cultures_hlt),Map data
834,data\maps\campaign_03_08\text\eng\briefings\0019.hlt,HLT,155,29ade9f9ed3660087838c7d875ed619699ee2267bb8be7597f4e6762ad09a439,Metadata/Sources/Raw/data/maps/campaign_03_08/text/eng/briefings/0019.hlt,bit-exact copy,"[""color:$local$\\palettes\\font_dark.pcx"", ""font:$local$\\fonts\\font12.fnt"", ""include:$local$\\briefings.txt 19 1""]",,SOURCE_COMPLETE (parsed by cultures_hlt),Map data
835,data\maps\campaign_03_08\text\eng\briefings\0028.hlt,HLT,154,0e3cc27a074ba1e15290f24141a28faae71d4d5389e94fe174636a7bf75c9d07,Metadata/Sources/Raw/data/maps/campaign_03_08/text/eng/briefings/0028.hlt,bit-exact copy,"[""color:$local$\\palettes\\font_dark.pcx"", ""font:$local$\\fonts\\font12.fnt"", ""include:$local$\\briefings.txt 28 1""]",,SOURCE_COMPLETE (parsed by cultures_hlt),Map data
843,data\maps\campaign_03_02\text\eng\briefings\briefings.txt,TXT,11224,601c01008692dcf021f9aa342f683ffe8f6205e99037b66efa9e6eb9ed2c963a,Metadata/Sources/Raw/data/maps/campaign_03_02/text/eng/briefings/briefings.txt,bit-exact copy,[],,SOURCE_COMPLETE (plain text),Map data
844,data\maps\campaign_03_03\text\eng\briefings\0295.hlt,HLT,123,ffb1957b9b8b0100c7f6a9a58ead801cd233ba9feedc06e672545d6f7cd2dd0e,Metadata/Sources/Raw/data/maps/campaign_03_03/text/eng/briefings/0295.hlt,bit-exact copy,"[""color:$local$\\palettes\\font_dark.pcx"", ""font:$local$\\fonts\\font12.fnt"", ""include:$local$\\briefings.txt 295 1""]",,SOURCE_COMPLETE (parsed by cultures_hlt),Map data
845,data\maps\campaign_03_04\text\eng\briefings\0177.hlt,HLT,121,c91486fcce9c6494017ed02af4acd667ab6e5ea5915d1398fa8dbcda2b7b7ee6,Metadata/Sources/Raw/data/maps/campaign_03_04/text/eng/briefings/0177.hlt,bit-exact copy,"[""color:$local$\\palettes\\font_dark.pcx"", ""font:$local$\\fonts\\font12.fnt"", ""include:$local$\\briefings.txt 177 1""]",,SOURCE_COMPLETE (parsed by cultures_hlt),Map data
846,data\maps\campaign_03_08\text\eng\briefings\0029.hlt,HLT,154,7358c6bf0dbf76885c0e171e16120b54e681ce52e863218e85cec45d8d6e607e,Metadata/Sources/Raw/data/maps/campaign_03_08/text/eng/briefings/0029.hlt,bit-exact copy,"[""color:$local$\\palettes\\font_dark.pcx"", ""font:$local$\\fonts\\font12.fnt"", ""include:$local$\\briefings.txt 29 1""]",,SOURCE_COMPLETE (parsed by cultures_hlt),Map data
853,data\maps\campaign_03_03\text\eng\briefings\briefings.txt,TXT,31608,53463c4c48aec4d0306f17cf5a7646ed66513949ad0cad237f51a2f0e654483f,Metadata/Sources/Raw/data/maps/campaign_03_03/text/eng/briefings/briefings.txt,bit-exact copy,[],,SOURCE_COMPLETE (plain text),Map data
859,data\maps\campaign_03_04\text\eng\briefings\0089.hlt,HLT,120,482b9b431313e364d5d36981e06c58087284867b50c2eca3c3adcc71dfcf0727,Metadata/Sources/Raw/data/maps/campaign_03_04/text/eng/briefings/0089.hlt,bit-exact copy,"[""color:$local$\\palettes\\font_dark.pcx"", ""font:$local$\\fonts\\font12.fnt"", ""include:$local$\\briefings.txt 89 1""]",,SOURCE_COMPLETE (parsed by cultures_hlt),Map data
860,data\maps\campaign_03_04\text\eng\briefings\briefings.txt,TXT,23621,eb4bb3ad2db3ed47861d7ea99f3fcff48601fd6ca986982462d0b5cc9260c34f,Metadata/Sources/Raw/data/maps/campaign_03_04/text/eng/briefings/briefings.txt,bit-exact copy,[],,SOURCE_COMPLETE (plain text),Map data
866,data\maps\campaign_03_05\text\eng\briefings\briefings.txt,TXT,12256,86d1553585b2a46c00219006f47cf8ca1c13bc7529d35ee9fdd0540a41687354,Metadata/Sources/Raw/data/maps/campaign_03_05/text/eng/briefings/briefings.txt,bit-exact copy,[],,SOURCE_COMPLETE (plain text),Map data
873,data\maps\campaign_03_06\text\eng\briefings\briefings.txt,TXT,14557,3810755290abf3c4dc7661ffbcec70e5c519cf43d5782861bc6d269d95dd80d5,Metadata/Sources/Raw/data/maps/campaign_03_06/text/eng/briefings/briefings.txt,bit-exact copy,[],,SOURCE_COMPLETE (plain text),Map data
879,data\maps\campaign_03_07\text\eng\briefings\briefings.txt,TXT,12530,3a3337790a1be91b98fd0c16f980f4dbba540938a44372b36c0cb41b9c7e0312,Metadata/Sources/Raw/data/maps/campaign_03_07/text/eng/briefings/briefings.txt,bit-exact copy,[],,SOURCE_COMPLETE (plain text),Map data
883,data\maps\campaign_03_08\text\eng\briefings\briefings.txt,TXT,9534,5040ab9a7147a39d2e5b62c91d3457d7da1c8507550e2fa208ff41f52083925f,Metadata/Sources/Raw/data/maps/campaign_03_08/text/eng/briefings/briefings.txt,bit-exact copy,[],,SOURCE_COMPLETE (plain text),Map data
897,data\maps\singleplayer_03_01-sub1\map.dat,DAT,58598,acc829d303f1726d5066f1b4268174b2226ed3689cbb08e55cd3cd861400ca9b,Metadata/Sources/Raw/data/maps/singleplayer_03_01-sub1/map.dat,bit-exact copy,[],39 chunks,SOURCE_COMPLETE (chunk structure via cultures_map_dat),Map data
954,data\maps\multiplayer_02_06_ressourcen\text\eng\briefings\0000.hlt,HLT,269,bd1fe276cebcdf5762ae0227257d86f8dbda7e9efbd842b77a6aabaa57cd55b7,Metadata/Sources/Raw/data/maps/multiplayer_02_06_ressourcen/text/eng/briefings/0000.hlt,bit-exact copy,"[""color:$local$\\palettes\\font_dark.pcx"", ""font:$local$\\fonts\\font12.fnt"", ""font:$local$\\fonts\\fonthead16bld.fnt"", ""include:$local$\\briefings.txt begin_00 1"", ""include:$local$\\briefings.txt header 1""]",,SOURCE_COMPLETE (parsed by cultures_hlt),Map data
1027,data\maps\multiplayer_02_06_ressourcen\text\eng\briefings\briefings.txt,TXT,588,539d9e620c8c05599dddfcf50c05151a0fa312f04ec69869a3444b465eb5fb6b,Metadata/Sources/Raw/data/maps/multiplayer_02_06_ressourcen/text/eng/briefings/briefings.txt,bit-exact copy,[],,SOURCE_COMPLETE (plain text),Map data
1046,data\maps\multiplayer_201_special_coop\text\eng\briefings\0000.hlt,HLT,269,bd1fe276cebcdf5762ae0227257d86f8dbda7e9efbd842b77a6aabaa57cd55b7,Metadata/Sources/Raw/data/maps/multiplayer_201_special_coop/text/eng/briefings/0000.hlt,bit-exact copy,"[""color:$local$\\palettes\\font_dark.pcx"", ""font:$local$\\fonts\\font12.fnt"", ""font:$local$\\fonts\\fonthead16bld.fnt"", ""include:$local$\\briefings.txt begin_00 1"", ""include:$local$\\briefings.txt header 1""]",,SOURCE_COMPLETE (parsed by cultures_hlt),Map data
1061,data\maps\multiplayer_201_special_coop\text\eng\briefings\0001.hlt,HLT,269,bd1fe276cebcdf5762ae0227257d86f8dbda7e9efbd842b77a6aabaa57cd55b7,Metadata/Sources/Raw/data/maps/multiplayer_201_special_coop/text/eng/briefings/0001.hlt,bit-exact copy,"[""color:$local$\\palettes\\font_dark.pcx"", ""font:$local$\\fonts\\font12.fnt"", ""font:$local$\\fonts\\fonthead16bld.fnt"", ""include:$local$\\briefings.txt begin_00 1"", ""include:$local$\\briefings.txt header 1""]",,SOURCE_COMPLETE (parsed by cultures_hlt),Map data
1249,data\maps\tutorial_001\map.dat,DAT,590297,8fa864a61577ce5cafdfbc3fb009cd56d4901417b7680083f3ef6bc17c49fbe9,Metadata/Sources/Raw/data/maps/tutorial_001/map.dat,bit-exact copy,[],40 chunks,SOURCE_COMPLETE (chunk structure via cultures_map_dat),Map data
1268,data\maps\multiplayer_205_special_cap-the-cow\map.dat,DAT,611481,44f4a7508ce588699efbc3081a2befe59cefbbaf1407b0b323ee25c3f52dfd50,Metadata/Sources/Raw/data/maps/multiplayer_205_special_cap-the-cow/map.dat,bit-exact copy,[],40 chunks,SOURCE_COMPLETE (chunk structure via cultures_map_dat),Map data
1269,data\maps\tutorial_002\map.dat,DAT,514946,0af1bc10a5bc80daecd1b141cfef2ac65b00e09285da5bfd6ce769e5dfd488f3,Metadata/Sources/Raw/data/maps/tutorial_002/map.dat,bit-exact copy,[],40 chunks,SOURCE_COMPLETE (chunk structure via cultures_map_dat),Map data
1283,data\maps\tutorial_003\map.dat,DAT,386361,05de451a8a60c9353ad416661a8c8532e951e36fb9a3075c01b0a410fd6bf103,Metadata/Sources/Raw/data/maps/tutorial_003/map.dat,bit-exact copy,[],40 chunks,SOURCE_COMPLETE (chunk structure via cultures_map_dat),Map data
1295,data\maps\tutorial_004\map.dat,DAT,381852,0b9ab0a82d9ef53378774efcf690893eb527d08c3f6be667a36b8ca99905e0ac,Metadata/Sources/Raw/data/maps/tutorial_004/map.dat,bit-exact copy,[],40 chunks,SOURCE_COMPLETE (chunk structure via cultures_map_dat),Map data
1305,data\maps\multiplayer_201_special_coop\text\eng\briefings\briefings.txt,TXT,1155,e1cb704d92d005bd73365432a5bb8a08b56ac0ac2881c49708324b39d5527944,Metadata/Sources/Raw/data/maps/multiplayer_201_special_coop/text/eng/briefings/briefings.txt,bit-exact copy,[],,SOURCE_COMPLETE (plain text),Map data
1307,data\maps\tutorial_005\map.dat,DAT,1073018,8cc4bad8f61a07876c65f1e1f484cdd856f442f630c3b247711d0ab5d0ff4ab0,Metadata/Sources/Raw/data/maps/tutorial_005/map.dat,bit-exact copy,[],38 chunks,SOURCE_COMPLETE (chunk structure via cultures_map_dat),Map data
1316,data\maps\tutorial_006\map.dat,DAT,946909,4b5bdda511474e2e994e5b8f7c21ffdd78836da0682ea1fc5bb24f2b5167e781,Metadata/Sources/Raw/data/maps/tutorial_006/map.dat,bit-exact copy,[],38 chunks,SOURCE_COMPLETE (chunk structure via cultures_map_dat),Map data
1326,data\maps\tutorial_007\map.dat,DAT,854756,028650706b0325c1e9439fb8dac72f0f3f4e3000e0ab18659e4319e4d6038d3f,Metadata/Sources/Raw/data/maps/tutorial_007/map.dat,bit-exact copy,[],40 chunks,SOURCE_COMPLETE (chunk structure via cultures_map_dat),Map data
1332,data\maps\campaign_03_01_sub\map.dat,DAT,225838,87f14341cfd4a4eccc2ec2425051d4c35d6041faca24a0588837997644321abf,Metadata/Sources/Raw/data/maps/campaign_03_01_sub/map.dat,bit-exact copy,[],40 chunks,SOURCE_COMPLETE (chunk structure via cultures_map_dat),Map data
1337,data\maps\campaign_03_02_sub\map.dat,DAT,106844,8ce50951dac7385294c50bdb5aff92c124da50c8c51a10c40a44d50eea3ce40a,Metadata/Sources/Raw/data/maps/campaign_03_02_sub/map.dat,bit-exact copy,[],40 chunks,SOURCE_COMPLETE (chunk structure via cultures_map_dat),Map data
1459,data\maps\demo_mainmenu_10\text\eng\briefings\0000.hlt,HLT,413,77980ca166fbce4c0c976643826b6657546a818deeb3db0e9be95ad3ac6f2b47,Metadata/Sources/Raw/data/maps/demo_mainmenu_10/text/eng/briefings/0000.hlt,bit-exact copy,"[""color:$local$\\palettes\\font_dark.pcx"", ""font:$local$\\fonts\\font12.fnt"", ""font:$local$\\fonts\\fonthead16bld.fnt"", ""include:$local$\\briefings.txt 00_start 1"", ""include:$local$\\briefings.txt 00_start1 1"", ""include:$local$\\briefings.txt header 1"", ""picture:$local$\\graphics\\08_01.pcx""]",,SOURCE_COMPLETE (parsed by cultures_hlt),Map data
1466,data\maps\demo_mainmenu_10\text\eng\briefings\0001.hlt,HLT,243,94247a0a61beab62c15478febbc20b78fdb93129ca55e437d47a9ada267ceeb7,Metadata/Sources/Raw/data/maps/demo_mainmenu_10/text/eng/briefings/0001.hlt,bit-exact copy,"[""color:$local$\\palettes\\font_dark.pcx"", ""font:$local$\\fonts\\font12.fnt"", ""include:$local$\\briefings.txt 01 1""]",,SOURCE_COMPLETE (parsed by cultures_hlt),Map data
1467,data\maps\demo_mainmenu_10\text\eng\briefings\0010.hlt,HLT,182,d4da2e00f92bf81c88e821b445a3e0b35d248736d8c9ef7976391f149867c97f,Metadata/Sources/Raw/data/maps/demo_mainmenu_10/text/eng/briefings/0010.hlt,bit-exact copy,"[""color:$local$\\palettes\\font_dark.pcx"", ""font:$local$\\fonts\\font12.fnt"", ""include:$local$\\briefings.txt 10 1""]",,SOURCE_COMPLETE (parsed by cultures_hlt),Map data
1468,data\maps\demo_mainmenu_10\text\eng\briefings\0100.hlt,HLT,152,a15611856c6c61b10b31785fd9691f7b70dd8871b3cadb94558bdea1e5333758,Metadata/Sources/Raw/data/maps/demo_mainmenu_10/text/eng/briefings/0100.hlt,bit-exact copy,"[""color:$local$\\palettes\\font_dark.pcx"", ""font:$local$\\fonts\\font12.fnt"", ""include:$local$\\briefings.txt 100 1""]",,SOURCE_COMPLETE (parsed by cultures_hlt),Map data
1476,data\maps\demo_mainmenu_10\text\eng\briefings\0002.hlt,HLT,155,ec1e8d045155751630bfd929ac80cbec354369047dbdbeca197de95b7b0b260d,Metadata/Sources/Raw/data/maps/demo_mainmenu_10/text/eng/briefings/0002.hlt,bit-exact copy,"[""color:$local$\\palettes\\font_dark.pcx"", ""font:$local$\\fonts\\font12.fnt"", ""include:$local$\\briefings.txt 02 1""]",,SOURCE_COMPLETE (parsed by cultures_hlt),Map data
1477,data\maps\demo_mainmenu_10\text\eng\briefings\0011.hlt,HLT,182,6a9fd9cf8c3edce88bb7a031fafcd2af46ef28c0080f03a626755ccd328b151a,Metadata/Sources/Raw/data/maps/demo_mainmenu_10/text/eng/briefings/0011.hlt,bit-exact copy,"[""color:$local$\\palettes\\font_dark.pcx"", ""font:$local$\\fonts\\font12.fnt"", ""include:$local$\\briefings.txt 11 1""]",,SOURCE_COMPLETE (parsed by cultures_hlt),Map data
1478,data\maps\demo_mainmenu_10\text\eng\briefings\0020.hlt,HLT,154,7b290b574cc16df244605302477cffa444e7183a4f422b5bbfc989ed06d587e3,Metadata/Sources/Raw/data/maps/demo_mainmenu_10/text/eng/briefings/0020.hlt,bit-exact copy,"[""color:$local$\\palettes\\font_dark.pcx"", ""font:$local$\\fonts\\font12.fnt"", ""include:$local$\\briefings.txt 20 1""]",,SOURCE_COMPLETE (parsed by cultures_hlt),Map data
1479,data\maps\demo_mainmenu_10\text\eng\briefings\0200.hlt,HLT,152,48b4c39996b3540d236b4296fc153b41081f754ba29ffa6bbf4f82a6f846187f,Metadata/Sources/Raw/data/maps/demo_mainmenu_10/text/eng/briefings/0200.hlt,bit-exact copy,"[""color:$local$\\palettes\\font_dark.pcx"", ""font:$local$\\fonts\\font12.fnt"", ""include:$local$\\briefings.txt 200 1""]",,SOURCE_COMPLETE (parsed by cultures_hlt),Map data
1484,data\maps\demo_mainmenu_10\text\eng\briefings\0003.hlt,HLT,153,45684e8bf5734d3b01e69ad0165a32d4acd794ebbfc8739fb05906afd5bebc5b,Metadata/Sources/Raw/data/maps/demo_mainmenu_10/text/eng/briefings/0003.hlt,bit-exact copy,"[""color:$local$\\palettes\\font_dark.pcx"", ""font:$local$\\fonts\\font12.fnt"", ""include:$local$\\briefings.txt 03 1""]",,SOURCE_COMPLETE (parsed by cultures_hlt),Map data
1485,data\maps\demo_mainmenu_10\text\eng\briefings\0012.hlt,HLT,120,1861e87b2f26c31253a47f236493da9c830acb9d376324ae7b300e6beda73132,Metadata/Sources/Raw/data/maps/demo_mainmenu_10/text/eng/briefings/0012.hlt,bit-exact copy,"[""color:$local$\\palettes\\font_dark.pcx"", ""font:$local$\\fonts\\font12.fnt"", ""include:$local$\\briefings.txt 12 1""]",,SOURCE_COMPLETE (parsed by cultures_hlt),Map data
1486,data\maps\demo_mainmenu_10\text\eng\briefings\0021.hlt,HLT,155,7764723f21ef5f1f2b195d117e6886e9b1b68d5b449a9b5d8930bf97e8bb0cea,Metadata/Sources/Raw/data/maps/demo_mainmenu_10/text/eng/briefings/0021.hlt,bit-exact copy,"[""color:$local$\\palettes\\font_dark.pcx"", ""font:$local$\\fonts\\font12.fnt"", ""include:$local$\\briefings.txt 21 1""]",,SOURCE_COMPLETE (parsed by cultures_hlt),Map data
1487,data\maps\demo_mainmenu_10\text\eng\briefings\0030.hlt,HLT,155,55d606c56d0e142d3dba67c0b96f3cb7ca1ef10d046a765cfeea792b15450844,Metadata/Sources/Raw/data/maps/demo_mainmenu_10/text/eng/briefings/0030.hlt,bit-exact copy,"[""color:$local$\\palettes\\font_dark.pcx"", ""font:$local$\\fonts\\font12.fnt"", ""include:$local$\\briefings.txt 30 1""]",,SOURCE_COMPLETE (parsed by cultures_hlt),Map data
1488,data\maps\demo_mainmenu_10\text\eng\briefings\0300.hlt,HLT,152,ce8834cfa0e123291ce0338a60a4ee27a8a6c678db2cf8214749436d7605fdf4,Metadata/Sources/Raw/data/maps/demo_mainmenu_10/text/eng/briefings/0300.hlt,bit-exact copy,"[""color:$local$\\palettes\\font_dark.pcx"", ""font:$local$\\fonts\\font12.fnt"", ""include:$local$\\briefings.txt 300 1""]",,SOURCE_COMPLETE (parsed by cultures_hlt),Map data
1496,data\maps\demo_mainmenu_10\text\eng\briefings\0004.hlt,HLT,153,ff106aeb3e9d430d6fcd22cc2974de31eb168f984f164657bd327ab3f89baee9,Metadata/Sources/Raw/data/maps/demo_mainmenu_10/text/eng/briefings/0004.hlt,bit-exact copy,"[""color:$local$\\palettes\\font_dark.pcx"", ""font:$local$\\fonts\\font12.fnt"", ""include:$local$\\briefings.txt 04 1""]",,SOURCE_COMPLETE (parsed by cultures_hlt),Map data
1497,data\maps\demo_mainmenu_10\text\eng\briefings\0013.hlt,HLT,155,dd61aaea8a126bd5a26cbeb1f5221f998d31ce41fd8cd615754935ebf4fb819b,Metadata/Sources/Raw/data/maps/demo_mainmenu_10/text/eng/briefings/0013.hlt,bit-exact copy,"[""color:$local$\\palettes\\font_dark.pcx"", ""font:$local$\\fonts\\font12.fnt"", ""include:$local$\\briefings.txt 13 1""]",,SOURCE_COMPLETE (parsed by cultures_hlt),Map data
1498,data\maps\demo_mainmenu_10\text\eng\briefings\0022.hlt,HLT,155,335ee03212635c2e49db39e1d2d9a3b7e21243eea03b944d9514b30571d89bcc,Metadata/Sources/Raw/data/maps/demo_mainmenu_10/text/eng/briefings/0022.hlt,bit-exact copy,"[""color:$local$\\palettes\\font_dark.pcx"", ""font:$local$\\fonts\\font12.fnt"", ""include:$local$\\briefings.txt 22 1""]",,SOURCE_COMPLETE (parsed by cultures_hlt),Map data
1499,data\maps\demo_mainmenu_10\text\eng\briefings\0400.hlt,HLT,152,93ddd1fe3f1323218a0daa77b237dfd5b7eec379bd2dcb44e9acfeca56ccbc41,Metadata/Sources/Raw/data/maps/demo_mainmenu_10/text/eng/briefings/0400.hlt,bit-exact copy,"[""color:$local$\\palettes\\font_dark.pcx"", ""font:$local$\\fonts\\font12.fnt"", ""include:$local$\\briefings.txt 400 1""]",,SOURCE_COMPLETE (parsed by cultures_hlt),Map data
1507,data\maps\demo_mainmenu_10\text\eng\briefings\0005.hlt,HLT,153,2a527d61d5c6fa316ef31c8a86006133ae61b02723a46aacc260a40f98102adc,Metadata/Sources/Raw/data/maps/demo_mainmenu_10/text/eng/briefings/0005.hlt,bit-exact copy,"[""color:$local$\\palettes\\font_dark.pcx"", ""font:$local$\\fonts\\font12.fnt"", ""include:$local$\\briefings.txt 05 1""]",,SOURCE_COMPLETE (parsed by cultures_hlt),Map data
1508,data\maps\demo_mainmenu_10\text\eng\briefings\0014.hlt,HLT,155,350026b2f633ae3d766d649d75f6e5a03c437414a27f5964876cc7ba4b6ae07e,Metadata/Sources/Raw/data/maps/demo_mainmenu_10/text/eng/briefings/0014.hlt,bit-exact copy,"[""color:$local$\\palettes\\font_dark.pcx"", ""font:$local$\\fonts\\font12.fnt"", ""include:$local$\\briefings.txt 14 1""]",,SOURCE_COMPLETE (parsed by cultures_hlt),Map data
1509,data\maps\demo_mainmenu_10\text\eng\briefings\0023.hlt,HLT,155,0e577b6e4fe7602b06ff0df374b2b656859059ecdc4bcfa97d16cccb16c07571,Metadata/Sources/Raw/data/maps/demo_mainmenu_10/text/eng/briefings/0023.hlt,bit-exact copy,"[""color:$local$\\palettes\\font_dark.pcx"", ""font:$local$\\fonts\\font12.fnt"", ""include:$local$\\briefings.txt 23 1""]",,SOURCE_COMPLETE (parsed by cultures_hlt),Map data
1510,data\maps\demo_mainmenu_10\text\eng\briefings\0050.hlt,HLT,380,29d3330ef5f693a6ac225eeda41eb04f5f1b375a5d6d7f9e20a226a017c01cc5,Metadata/Sources/Raw/data/maps/demo_mainmenu_10/text/eng/briefings/0050.hlt,bit-exact copy,"[""color:$local$\\palettes\\font_dark.pcx"", ""font:$local$\\fonts\\font12.fnt"", ""font:$local$\\fonts\\fonthead16bld.fnt"", ""include:$local$\\briefings.txt 50_end 1"", ""include:$local$\\briefings.txt 50_end1 1"", ""include:$local$\\briefings.txt 50_endheader 1"", ""picture:$local$\\graphics\\08_01.pcx""]",,SOURCE_COMPLETE (parsed by cultures_hlt),Map data
1520,data\maps\demo_mainmenu_10\text\eng\briefings\0006.hlt,HLT,153,1acc9c6133169057204d7c5e1cd1bcedcfac781bd297a414c32ac12a0dfdb1cb,Metadata/Sources/Raw/data/maps/demo_mainmenu_10/text/eng/briefings/0006.hlt,bit-exact copy,"[""color:$local$\\palettes\\font_dark.pcx"", ""font:$local$\\fonts\\font12.fnt"", ""include:$local$\\briefings.txt 06 1""]",,SOURCE_COMPLETE (parsed by cultures_hlt),Map data
1521,data\maps\demo_mainmenu_10\text\eng\briefings\0015.hlt,HLT,122,e3481b5cd2ea7d41fee17281388826b008d20323db8e8b434a8f41b692a213ad,Metadata/Sources/Raw/data/maps/demo_mainmenu_10/text/eng/briefings/0015.hlt,bit-exact copy,"[""color:$local$\\palettes\\font_dark.pcx"", ""font:$local$\\fonts\\font12.fnt"", ""include:$local$\\briefings.txt 15 1""]",,SOURCE_COMPLETE (parsed by cultures_hlt),Map data
1522,data\maps\demo_mainmenu_10\text\eng\briefings\0024.hlt,HLT,122,ddd5cec4b5a24fa4068fdaf4fdff006db71c7a13d8fcae86c509e966588940c9,Metadata/Sources/Raw/data/maps/demo_mainmenu_10/text/eng/briefings/0024.hlt,bit-exact copy,"[""color:$local$\\palettes\\font_dark.pcx"", ""font:$local$\\fonts\\font12.fnt"", ""include:$local$\\briefings.txt 24 1""]",,SOURCE_COMPLETE (parsed by cultures_hlt),Map data
1523,data\text\eng\hypertext\history\mythology_00.hlt,HLT,541,6ec70d647dea0feac1661359f331056957027b8d26553a685cdc260df6bd196d,Metadata/Sources/Raw/data/text/eng/hypertext/history/mythology_00.hlt,bit-exact copy,"[""color:$local$\\palettes\\font_dark.pcx"", ""color:$local$\\palettes\\font_red.pcx"", ""font:$local$\\fonts\\font12.fnt"", ""font:$local$\\fonts\\fonthead16bld.fnt"", ""globaljump:$local$\\index.hlt 0"", ""include:$local$\\mythology.txt 0_text_0 0"", ""include:$local$\\mythology.txt 0_text_1 0"", ""include:$local$\\mythology.txt 0_überschrift 1"", ""include:$local$\\mythology.txt zurücktext 1""]",,SOURCE_COMPLETE (parsed by cultures_hlt),Hypertext
1528,data\maps\demo_mainmenu_10\text\eng\briefings\0007.hlt,HLT,153,e27ef392c0186c37e031f4c384ca591eb5f6420ccab6a0ca59d70cc37f019c55,Metadata/Sources/Raw/data/maps/demo_mainmenu_10/text/eng/briefings/0007.hlt,bit-exact copy,"[""color:$local$\\palettes\\font_dark.pcx"", ""font:$local$\\fonts\\font12.fnt"", ""include:$local$\\briefings.txt 07 1""]",,SOURCE_COMPLETE (parsed by cultures_hlt),Map data
1529,data\maps\demo_mainmenu_10\text\eng\briefings\0016.hlt,HLT,155,d3e860cce99392af13eb0767c877577df787b4381f9d90d61542eeaf7ace2084,Metadata/Sources/Raw/data/maps/demo_mainmenu_10/text/eng/briefings/0016.hlt,bit-exact copy,"[""color:$local$\\palettes\\font_dark.pcx"", ""font:$local$\\fonts\\font12.fnt"", ""include:$local$\\briefings.txt 16 1""]",,SOURCE_COMPLETE (parsed by cultures_hlt),Map data
1530,data\maps\demo_mainmenu_10\text\eng\briefings\0025.hlt,HLT,122,2337f6f9524a95152b7e51d894edaed349ce41716278c139f0412728599c5684,Metadata/Sources/Raw/data/maps/demo_mainmenu_10/text/eng/briefings/0025.hlt,bit-exact copy,"[""color:$local$\\palettes\\font_dark.pcx"", ""font:$local$\\fonts\\font12.fnt"", ""include:$local$\\briefings.txt 25 1""]",,SOURCE_COMPLETE (parsed by cultures_hlt),Map data
1531,data\text\eng\hypertext\history\mythology_01.hlt,HLT,577,c6fa649f32d1b815eedf04bdd4e32410ef7759e17ad908df58c6b407d9e15474,Metadata/Sources/Raw/data/text/eng/hypertext/history/mythology_01.hlt,bit-exact copy,"[""color:$local$\\palettes\\font_dark.pcx"", ""color:$local$\\palettes\\font_red.pcx"", ""font:$local$\\fonts\\font12.fnt"", ""font:$local$\\fonts\\fonthead16bld.fnt"", ""globaljump:$local$\\index.hlt 0"", ""include:$local$\\mythology.txt 1_text_0 0"", ""include:$local$\\mythology.txt 1_text_1 0"", ""include:$local$\\mythology.txt 1_überschrift 1"", ""include:$local$\\mythology.txt zurücktext 1"", ""picture:$local$\\graphics\\01_00.pcx""]",,SOURCE_COMPLETE (parsed by cultures_hlt),Hypertext
1537,data\maps\demo_mainmenu_10\text\eng\briefings\0008.hlt,HLT,153,33f5cda95f48f8600af92bfbee254c792352c0f57d4e37df9c0bb8b92acde0bf,Metadata/Sources/Raw/data/maps/demo_mainmenu_10/text/eng/briefings/0008.hlt,bit-exact copy,"[""color:$local$\\palettes\\font_dark.pcx"", ""font:$local$\\fonts\\font12.fnt"", ""include:$local$\\briefings.txt 08 1""]",,SOURCE_COMPLETE (parsed by cultures_hlt),Map data
1538,data\maps\demo_mainmenu_10\text\eng\briefings\0017.hlt,HLT,155,e92b0a698a687a8c78147a4b93a3c0c4098fb0113fe9292a6ff14d8e25f7b6b2,Metadata/Sources/Raw/data/maps/demo_mainmenu_10/text/eng/briefings/0017.hlt,bit-exact copy,"[""color:$local$\\palettes\\font_dark.pcx"", ""font:$local$\\fonts\\font12.fnt"", ""include:$local$\\briefings.txt 17 1""]",,SOURCE_COMPLETE (parsed by cultures_hlt),Map data
1539,data\maps\demo_mainmenu_10\text\eng\briefings\0026.hlt,HLT,155,c5829570b909a1050aeecb1928d25a62fabdff6475b153f7a28b0c6b4917f990,Metadata/Sources/Raw/data/maps/demo_mainmenu_10/text/eng/briefings/0026.hlt,bit-exact copy,"[""color:$local$\\palettes\\font_dark.pcx"", ""font:$local$\\fonts\\font12.fnt"", ""include:$local$\\briefings.txt 26 1""]",,SOURCE_COMPLETE (parsed by cultures_hlt),Map data
1540,data\text\eng\hypertext\history\mythology_02.hlt,HLT,577,206e0a02c8ee0b68f1adaa2ff03a5427e209ce5d548020eed465dbb38acb0366,Metadata/Sources/Raw/data/text/eng/hypertext/history/mythology_02.hlt,bit-exact copy,"[""color:$local$\\palettes\\font_dark.pcx"", ""color:$local$\\palettes\\font_red.pcx"", ""font:$local$\\fonts\\font12.fnt"", ""font:$local$\\fonts\\fonthead16bld.fnt"", ""globaljump:$local$\\index.hlt 0"", ""include:$local$\\mythology.txt 2_text_0 0"", ""include:$local$\\mythology.txt 2_text_1 0"", ""include:$local$\\mythology.txt 2_überschrift 1"", ""include:$local$\\mythology.txt zurücktext 1"", ""picture:$local$\\graphics\\02_01.pcx""]",,SOURCE_COMPLETE (parsed by cultures_hlt),Hypertext
1545,data\maps\demo_mainmenu_10\text\eng\briefings\0009.hlt,HLT,153,54ce660b16ae0801c45f11afe480f12c693d1deface8366ce5b23ef3ab9d81e5,Metadata/Sources/Raw/data/maps/demo_mainmenu_10/text/eng/briefings/0009.hlt,bit-exact copy,"[""color:$local$\\palettes\\font_dark.pcx"", ""font:$local$\\fonts\\font12.fnt"", ""include:$local$\\briefings.txt 09 1""]",,SOURCE_COMPLETE (parsed by cultures_hlt),Map data
1546,data\maps\demo_mainmenu_10\text\eng\briefings\0018.hlt,HLT,155,01ca04b23e3b22d9f893d5426e6d8b4c22058066b3761816fdcc48536430cc12,Metadata/Sources/Raw/data/maps/demo_mainmenu_10/text/eng/briefings/0018.hlt,bit-exact copy,"[""color:$local$\\palettes\\font_dark.pcx"", ""font:$local$\\fonts\\font12.fnt"", ""include:$local$\\briefings.txt 18 1""]",,SOURCE_COMPLETE (parsed by cultures_hlt),Map data
1547,data\maps\demo_mainmenu_10\text\eng\briefings\0027.hlt,HLT,124,942c4d674934684ccddf21978b6f2eba629818116c81e7fdcfcf81ff3aef69f4,Metadata/Sources/Raw/data/maps/demo_mainmenu_10/text/eng/briefings/0027.hlt,bit-exact copy,"[""color:$local$\\palettes\\font_dark.pcx"", ""font:$local$\\fonts\\font12.fnt"", ""include:$local$\\briefings.txt 27 1""]",,SOURCE_COMPLETE (parsed by cultures_hlt),Map data
1548,data\text\eng\hypertext\history\mythology_03.hlt,HLT,577,3ef8fe6b558e27d006890b9981a85b89f2f4f85c7ef74e69560a59d79d400932,Metadata/Sources/Raw/data/text/eng/hypertext/history/mythology_03.hlt,bit-exact copy,"[""color:$local$\\palettes\\font_dark.pcx"", ""color:$local$\\palettes\\font_red.pcx"", ""font:$local$\\fonts\\font12.fnt"", ""font:$local$\\fonts\\fonthead16bld.fnt"", ""globaljump:$local$\\index.hlt 0"", ""include:$local$\\mythology.txt 3_text_0 0"", ""include:$local$\\mythology.txt 3_text_1 0"", ""include:$local$\\mythology.txt 3_überschrift 1"", ""include:$local$\\mythology.txt zurücktext 1"", ""picture:$local$\\graphics\\03_01.pcx""]",,SOURCE_COMPLETE (parsed by cultures_hlt),Hypertext
1553,data\maps\demo_mainmenu_10\text\eng\briefings\0019.hlt,HLT,155,29ade9f9ed3660087838c7d875ed619699ee2267bb8be7597f4e6762ad09a439,Metadata/Sources/Raw/data/maps/demo_mainmenu_10/text/eng/briefings/0019.hlt,bit-exact copy,"[""color:$local$\\palettes\\font_dark.pcx"", ""font:$local$\\fonts\\font12.fnt"", ""include:$local$\\briefings.txt 19 1""]",,SOURCE_COMPLETE (parsed by cultures_hlt),Map data
1554,data\maps\demo_mainmenu_10\text\eng\briefings\0028.hlt,HLT,124,b92f72d630a00242e26253424a0419f57857a2c9bc50665837cb9f19e8ff4267,Metadata/Sources/Raw/data/maps/demo_mainmenu_10/text/eng/briefings/0028.hlt,bit-exact copy,"[""color:$local$\\palettes\\font_dark.pcx"", ""font:$local$\\fonts\\font12.fnt"", ""include:$local$\\briefings.txt 28 1""]",,SOURCE_COMPLETE (parsed by cultures_hlt),Map data
1555,data\text\eng\hypertext\history\mythology_04.hlt,HLT,577,faebff12ee0e2fecedc72b7e70f92f8436e37db9222d4b8b89c8700df5ae5aa3,Metadata/Sources/Raw/data/text/eng/hypertext/history/mythology_04.hlt,bit-exact copy,"[""color:$local$\\palettes\\font_dark.pcx"", ""color:$local$\\palettes\\font_red.pcx"", ""font:$local$\\fonts\\font12.fnt"", ""font:$local$\\fonts\\fonthead16bld.fnt"", ""globaljump:$local$\\index.hlt 0"", ""include:$local$\\mythology.txt 4_text_0 0"", ""include:$local$\\mythology.txt 4_text_1 0"", ""include:$local$\\mythology.txt 4_überschrift 1"", ""include:$local$\\mythology.txt zurücktext 1"", ""picture:$local$\\graphics\\04_01.pcx""]",,SOURCE_COMPLETE (parsed by cultures_hlt),Hypertext
1561,data\maps\demo_mainmenu_10\text\eng\briefings\0029.hlt,HLT,124,e20820056967720a7525e82e53d0ea7f79d9bfd58af161fb068b43526c31847e,Metadata/Sources/Raw/data/maps/demo_mainmenu_10/text/eng/briefings/0029.hlt,bit-exact copy,"[""color:$local$\\palettes\\font_dark.pcx"", ""font:$local$\\fonts\\font12.fnt"", ""include:$local$\\briefings.txt 29 1""]",,SOURCE_COMPLETE (parsed by cultures_hlt),Map data
1562,data\text\eng\hypertext\history\mythology_05.hlt,HLT,577,de98060cad41511d8c0d6a38380a6d06bd2f68f8d11305c5df6ee5240043cc2e,Metadata/Sources/Raw/data/text/eng/hypertext/history/mythology_05.hlt,bit-exact copy,"[""color:$local$\\palettes\\font_dark.pcx"", ""color:$local$\\palettes\\font_red.pcx"", ""font:$local$\\fonts\\font12.fnt"", ""font:$local$\\fonts\\fonthead16bld.fnt"", ""globaljump:$local$\\index.hlt 0"", ""include:$local$\\mythology.txt 5_text_0 0"", ""include:$local$\\mythology.txt 5_text_1 0"", ""include:$local$\\mythology.txt 5_überschrift 1"", ""include:$local$\\mythology.txt zurücktext 1"", ""picture:$local$\\graphics\\05_01.pcx""]",,SOURCE_COMPLETE (parsed by cultures_hlt),Hypertext
1569,data\text\eng\hypertext\history\mythology_06.hlt,HLT,577,45ed0a032dadb7785b2daf7b3c6437e39235c4ff5d1f85630acd9dd7cc0c7097,Metadata/Sources/Raw/data/text/eng/hypertext/history/mythology_06.hlt,bit-exact copy,"[""color:$local$\\palettes\\font_dark.pcx"", ""color:$local$\\palettes\\font_red.pcx"", ""font:$local$\\fonts\\font12.fnt"", ""font:$local$\\fonts\\fonthead16bld.fnt"", ""globaljump:$local$\\index.hlt 0"", ""include:$local$\\mythology.txt 6_text_0 0"", ""include:$local$\\mythology.txt 6_text_1 0"", ""include:$local$\\mythology.txt 6_überschrift 1"", ""include:$local$\\mythology.txt zurücktext 1"", ""picture:$local$\\graphics\\06_01.pcx""]",,SOURCE_COMPLETE (parsed by cultures_hlt),Hypertext
1577,data\maps\multiplayer_202_special_millitär\text\eng\briefings\0000.hlt,HLT,269,bd1fe276cebcdf5762ae0227257d86f8dbda7e9efbd842b77a6aabaa57cd55b7,Metadata/Sources/Raw/data/maps/multiplayer_202_special_millitär/text/eng/briefings/0000.hlt,bit-exact copy,"[""color:$local$\\palettes\\font_dark.pcx"", ""font:$local$\\fonts\\font12.fnt"", ""font:$local$\\fonts\\fonthead16bld.fnt"", ""include:$local$\\briefings.txt begin_00 1"", ""include:$local$\\briefings.txt header 1""]",,SOURCE_COMPLETE (parsed by cultures_hlt),Map data
1578,data\text\eng\hypertext\history\mythology_07.hlt,HLT,577,a8d3e16039b1b696da36429ef1b51a256396e57a106e2dd3a316db9787d8ce87,Metadata/Sources/Raw/data/text/eng/hypertext/history/mythology_07.hlt,bit-exact copy,"[""color:$local$\\palettes\\font_dark.pcx"", ""color:$local$\\palettes\\font_red.pcx"", ""font:$local$\\fonts\\font12.fnt"", ""font:$local$\\fonts\\fonthead16bld.fnt"", ""globaljump:$local$\\index.hlt 0"", ""include:$local$\\mythology.txt 7_text_0 0"", ""include:$local$\\mythology.txt 7_text_1 0"", ""include:$local$\\mythology.txt 7_überschrift 1"", ""include:$local$\\mythology.txt zurücktext 1"", ""picture:$local$\\graphics\\07_01.pcx""]",,SOURCE_COMPLETE (parsed by cultures_hlt),Hypertext
1584,data\maps\multiplayer_202_special_millitär\text\eng\briefings\0001.hlt,HLT,128,85ddb9013d343d5cd4691fce9e334b21c8872f3ecb54b4f173642868d97df84a,Metadata/Sources/Raw/data/maps/multiplayer_202_special_millitär/text/eng/briefings/0001.hlt,bit-exact copy,"[""color:$local$\\palettes\\font_dark.pcx"", ""font:$local$\\fonts\\font12.fnt"", ""include:$local$\\briefings.txt 01 1""]",,SOURCE_COMPLETE (parsed by cultures_hlt),Map data
1593,data\maps\multiplayer_202_special_millitär\text\eng\briefings\0002.hlt,HLT,128,065be8693312b5ed5a7910bbe20453353b24dc2b2f9a58e630cf99019bd7cdd1,Metadata/Sources/Raw/data/maps/multiplayer_202_special_millitär/text/eng/briefings/0002.hlt,bit-exact copy,"[""color:$local$\\palettes\\font_dark.pcx"", ""font:$local$\\fonts\\font12.fnt"", ""include:$local$\\briefings.txt 02 1""]",,SOURCE_COMPLETE (parsed by cultures_hlt),Map data
1599,data\maps\multiplayer_202_special_millitär\text\eng\briefings\0003.hlt,HLT,128,6de2f55234ba94a126bf1c45ef5c18596b0da193033c988d5541672082c7fd02,Metadata/Sources/Raw/data/maps/multiplayer_202_special_millitär/text/eng/briefings/0003.hlt,bit-exact copy,"[""color:$local$\\palettes\\font_dark.pcx"", ""font:$local$\\fonts\\font12.fnt"", ""include:$local$\\briefings.txt 03 1""]",,SOURCE_COMPLETE (parsed by cultures_hlt),Map data
1606,data\maps\demo_mainmenu_10\text\eng\briefings\briefings.txt,TXT,11550,e9c79a36c1666619c53dc7ac9ced756a99872be9de7fb548c1f0f0babbab9811,Metadata/Sources/Raw/data/maps/demo_mainmenu_10/text/eng/briefings/briefings.txt,bit-exact copy,[],,SOURCE_COMPLETE (plain text),Map data
1607,data\maps\multiplayer_202_special_millitär\text\eng\briefings\0004.hlt,HLT,128,c46370075fc5798685ee823025b9ee7cb05757dab021fe0331e0167ad957a4ff,Metadata/Sources/Raw/data/maps/multiplayer_202_special_millitär/text/eng/briefings/0004.hlt,bit-exact copy,"[""color:$local$\\palettes\\font_dark.pcx"", ""font:$local$\\fonts\\font12.fnt"", ""include:$local$\\briefings.txt 04 1""]",,SOURCE_COMPLETE (parsed by cultures_hlt),Map data
1650,data\maps\singleplayer_03_01\map.dat,DAT,458469,092f87ba3e8923687a1cb0f2d1ee266c70475384ab4329a743663250d8095bef,Metadata/Sources/Raw/data/maps/singleplayer_03_01/map.dat,bit-exact copy,[],40 chunks,SOURCE_COMPLETE (chunk structure via cultures_map_dat),Map data
1660,data\maps\singleplayer_03_02\map.dat,DAT,499542,15c17a9ba0eb835669175e3bedb566d5677ed460f3b09e0cab8db412238b6b8f,Metadata/Sources/Raw/data/maps/singleplayer_03_02/map.dat,bit-exact copy,[],40 chunks,SOURCE_COMPLETE (chunk structure via cultures_map_dat),Map data
1670,data\maps\singleplayer_03_03\map.dat,DAT,632172,7d7874a9d5b845b190d3638052e7dcad7354c043d4b7fa0292381a9470f94981,Metadata/Sources/Raw/data/maps/singleplayer_03_03/map.dat,bit-exact copy,[],40 chunks,SOURCE_COMPLETE (chunk structure via cultures_map_dat),Map data
1677,data\maps\singleplayer_03_04\map.dat,DAT,2141766,c133e6da379fdeea9706907e551ad8647ada2a0e5dab0b0328231b7aeff2e697,Metadata/Sources/Raw/data/maps/singleplayer_03_04/map.dat,bit-exact copy,[],40 chunks,SOURCE_COMPLETE (chunk structure via cultures_map_dat),Map data
1686,data\maps\singleplayer_03_05\map.dat,DAT,1179857,9c742f4d6ec8cd5bc13a9d297a180058e9219e27a6ab293740dd1bb37e44115d,Metadata/Sources/Raw/data/maps/singleplayer_03_05/map.dat,bit-exact copy,[],40 chunks,SOURCE_COMPLETE (chunk structure via cultures_map_dat),Map data
1695,data\maps\singleplayer_03_01-sub1\text\eng\briefings\0000.hlt,HLT,297,21bd7b4d0747b7f585df8edc54e39398d339dff2a423d9ae30535eb0893c7a22,Metadata/Sources/Raw/data/maps/singleplayer_03_01-sub1/text/eng/briefings/0000.hlt,bit-exact copy,"[""color:$local$\\palettes\\font_dark.pcx"", ""font:$local$\\fonts\\font12.fnt"", ""font:$local$\\fonts\\fonthead16bld.fnt"", ""include:$local$\\briefings.txt begin_00 1"", ""include:$local$\\briefings.txt header 1""]",,SOURCE_COMPLETE (parsed by cultures_hlt),Map data
1702,data\maps\singleplayer_03_01-sub1\text\eng\briefings\0001.hlt,HLT,126,54c28cabaafcc360e4b9f80b4fc7ebae46436b179bebbf95772c88b2eb71df93,Metadata/Sources/Raw/data/maps/singleplayer_03_01-sub1/text/eng/briefings/0001.hlt,bit-exact copy,"[""color:$local$\\palettes\\font_dark.pcx"", ""font:$local$\\fonts\\font12.fnt"", ""include:$local$\\briefings.txt 01 1""]",,SOURCE_COMPLETE (parsed by cultures_hlt),Map data
1717,data\maps\multiplayer_202_special_millitär\text\eng\briefings\briefings.txt,TXT,1803,595b4e818eed6258f387810629985e689b792ff84d98e80f3fcf291290bca52b,Metadata/Sources/Raw/data/maps/multiplayer_202_special_millitär/text/eng/briefings/briefings.txt,bit-exact copy,[],,SOURCE_COMPLETE (plain text),Map data
1746,data\maps\campaign_03_03_sub1\map.dat,DAT,121565,6fbf5a7a4a6f221de51644976050a728e52364b8018abae4fa81878d3cee35df,Metadata/Sources/Raw/data/maps/campaign_03_03_sub1/map.dat,bit-exact copy,[],39 chunks,SOURCE_COMPLETE (chunk structure via cultures_map_dat),Map data
1752,data\maps\campaign_03_03_sub2\map.dat,DAT,122180,4362ed4597549ef6b0ff0cf7d5dc95306fe0159884588b3f67bb50d14c576b9e,Metadata/Sources/Raw/data/maps/campaign_03_03_sub2/map.dat,bit-exact copy,[],40 chunks,SOURCE_COMPLETE (chunk structure via cultures_map_dat),Map data
1758,data\maps\campaign_03_03_sub3\map.dat,DAT,70538,a8542458355b4327e58bc14f96a2a27d7f04c4d7d5ca51ca2bb60d5d34c8af23,Metadata/Sources/Raw/data/maps/campaign_03_03_sub3/map.dat,bit-exact copy,[],40 chunks,SOURCE_COMPLETE (chunk structure via cultures_map_dat),Map data
1759,data\maps\campaign_03_05_sub1\map.dat,DAT,329477,2b6c5bae3193c4155fb3af2a5b7c06412daaef36d35e203189ed09e4ceb110cc,Metadata/Sources/Raw/data/maps/campaign_03_05_sub1/map.dat,bit-exact copy,[],40 chunks,SOURCE_COMPLETE (chunk structure via cultures_map_dat),Map data
1768,data\maps\campaign_03_05_sub2\map.dat,DAT,485877,6facc663bc324c1c7f588b6d3e2ae49bd585e7b4aaa80793e4f1d02bf86305bc,Metadata/Sources/Raw/data/maps/campaign_03_05_sub2/map.dat,bit-exact copy,[],40 chunks,SOURCE_COMPLETE (chunk structure via cultures_map_dat),Map data
1769,data\maps\campaign_03_06_sub1\map.dat,DAT,142612,499896cfd6e5f9ae13744c8f11a7851dde5c9b47cecf7408279c0e78d9a9caad,Metadata/Sources/Raw/data/maps/campaign_03_06_sub1/map.dat,bit-exact copy,[],40 chunks,SOURCE_COMPLETE (chunk structure via cultures_map_dat),Map data
1782,data\maps\campaign_03_06_sub2\map.dat,DAT,137712,cfeb953dd7bd9635cdaa1fbc03a8ea677d1c499bdb3716ce9fcc36461a72fee6,Metadata/Sources/Raw/data/maps/campaign_03_06_sub2/map.dat,bit-exact copy,[],40 chunks,SOURCE_COMPLETE (chunk structure via cultures_map_dat),Map data
1845,data\maps\singleplayer_03_01-sub1\text\eng\briefings\briefings.txt,TXT,1388,100168bed33fa0510c7ca21ba288c75cca2b667ccef9506aa31b853d0f8304b5,Metadata/Sources/Raw/data/maps/singleplayer_03_01-sub1/text/eng/briefings/briefings.txt,bit-exact copy,[],,SOURCE_COMPLETE (plain text),Map data
1911,data\text\eng\hypertext\ingamehelp\keys.txt,TXT,4134,aa767ea76818059f76d548091796e2fc1063a4a3b8b900acdac92f296ee6dd02,Metadata/Sources/Raw/data/text/eng/hypertext/ingamehelp/keys.txt,bit-exact copy,[],,SOURCE_COMPLETE (plain text),Hypertext
1929,data\maps\multiplayer_204_special_cap-the-flag\map.dat,DAT,1399291,cbeec417bee02d9a96cf781fafb5dcf5ad3a13ff88d63ea96be5e30582856cf4,Metadata/Sources/Raw/data/maps/multiplayer_204_special_cap-the-flag/map.dat,bit-exact copy,[],40 chunks,SOURCE_COMPLETE (chunk structure via cultures_map_dat),Map data
1968,data\maps\multiplayer_203_special_militär\map.dat,DAT,1170701,2088a11db28fa2bbf77ea19edda734bf88aceeeac08242aff290fc8a70a02c55,Metadata/Sources/Raw/data/maps/multiplayer_203_special_militär/map.dat,bit-exact copy,[],40 chunks,SOURCE_COMPLETE (chunk structure via cultures_map_dat),Map data
1972,data\maps\tutorial_001\text\eng\briefings\0000.hlt,HLT,328,84554c3f053225924249f8c25d6e6f44b0e52eac5a7e4c346bc8fe73032712ca,Metadata/Sources/Raw/data/maps/tutorial_001/text/eng/briefings/0000.hlt,bit-exact copy,"[""color:$local$\\palettes\\font_dark.pcx"", ""font:$local$\\fonts\\font12.fnt"", ""font:$local$\\fonts\\fonthead16bld.fnt"", ""include:$local$\\briefings.txt 00 1"", ""include:$local$\\briefings.txt header 1"", ""include:$local$\\briefings.txt start_00 1""]",,SOURCE_COMPLETE (parsed by cultures_hlt),Map data
1977,data\maps\campaign_03_01\map.dat,DAT,1838233,e403b81e6c4e686014183287a5611404516c4afecc4b9262311ed63a236a1a59,Metadata/Sources/Raw/data/maps/campaign_03_01/map.dat,bit-exact copy,[],40 chunks,SOURCE_COMPLETE (chunk structure via cultures_map_dat),Map data
1979,data\maps\multiplayer_205_special_cap-the-cow\text\eng\briefings\0000.hlt,HLT,269,bd1fe276cebcdf5762ae0227257d86f8dbda7e9efbd842b77a6aabaa57cd55b7,Metadata/Sources/Raw/data/maps/multiplayer_205_special_cap-the-cow/text/eng/briefings/0000.hlt,bit-exact copy,"[""color:$local$\\palettes\\font_dark.pcx"", ""font:$local$\\fonts\\font12.fnt"", ""font:$local$\\fonts\\fonthead16bld.fnt"", ""include:$local$\\briefings.txt begin_00 1"", ""include:$local$\\briefings.txt header 1""]",,SOURCE_COMPLETE (parsed by cultures_hlt),Map data
1980,data\maps\tutorial_001\text\eng\briefings\0001.hlt,HLT,122,72db9930ff576cf49fb065d9a5f6e78f4de8bbf8ca4db371856bd9a95d161617,Metadata/Sources/Raw/data/maps/tutorial_001/text/eng/briefings/0001.hlt,bit-exact copy,"[""color:$local$\\palettes\\font_dark.pcx"", ""font:$local$\\fonts\\font12.fnt"", ""include:$local$\\briefings.txt 01 1""]",,SOURCE_COMPLETE (parsed by cultures_hlt),Map data
1981,data\maps\tutorial_001\text\eng\briefings\0010.hlt,HLT,120,be398e03215afab7602f86e08ad5339285f9f81da046d0156913cd947826c4b8,Metadata/Sources/Raw/data/maps/tutorial_001/text/eng/briefings/0010.hlt,bit-exact copy,"[""color:$local$\\palettes\\font_dark.pcx"", ""font:$local$\\fonts\\font12.fnt"", ""include:$local$\\briefings.txt 10 1""]",,SOURCE_COMPLETE (parsed by cultures_hlt),Map data
1982,data\maps\tutorial_001\text\eng\briefings\0100.hlt,HLT,152,a15611856c6c61b10b31785fd9691f7b70dd8871b3cadb94558bdea1e5333758,Metadata/Sources/Raw/data/maps/tutorial_001/text/eng/briefings/0100.hlt,bit-exact copy,"[""color:$local$\\palettes\\font_dark.pcx"", ""font:$local$\\fonts\\font12.fnt"", ""include:$local$\\briefings.txt 100 1""]",,SOURCE_COMPLETE (parsed by cultures_hlt),Map data
1983,data\maps\tutorial_002\text\eng\briefings\0000.hlt,HLT,328,84554c3f053225924249f8c25d6e6f44b0e52eac5a7e4c346bc8fe73032712ca,Metadata/Sources/Raw/data/maps/tutorial_002/text/eng/briefings/0000.hlt,bit-exact copy,"[""color:$local$\\palettes\\font_dark.pcx"", ""font:$local$\\fonts\\font12.fnt"", ""font:$local$\\fonts\\fonthead16bld.fnt"", ""include:$local$\\briefings.txt 00 1"", ""include:$local$\\briefings.txt header 1"", ""include:$local$\\briefings.txt start_00 1""]",,SOURCE_COMPLETE (parsed by cultures_hlt),Map data
1985,data\maps\campaign_03_02\map.dat,DAT,1553088,f527de61e5fb90810f46b0c712ffaac98f5597f92694e2e82ae900b4f108f5ba,Metadata/Sources/Raw/data/maps/campaign_03_02/map.dat,bit-exact copy,[],40 chunks,SOURCE_COMPLETE (chunk structure via cultures_map_dat),Map data
1986,data\maps\tutorial_001\text\eng\briefings\0002.hlt,HLT,122,2afb09e3e36aee93b979fe8b970af3f214bc38dfc30a71705d0ad62db4e0394d,Metadata/Sources/Raw/data/maps/tutorial_001/text/eng/briefings/0002.hlt,bit-exact copy,"[""color:$local$\\palettes\\font_dark.pcx"", ""font:$local$\\fonts\\font12.fnt"", ""include:$local$\\briefings.txt 02 1""]",,SOURCE_COMPLETE (parsed by cultures_hlt),Map data
1987,data\maps\tutorial_001\text\eng\briefings\0011.hlt,HLT,120,63efde7e9bcfe855cd8771c160f52fede73d72e966a661f50565b5080f860ef3,Metadata/Sources/Raw/data/maps/tutorial_001/text/eng/briefings/0011.hlt,bit-exact copy,"[""color:$local$\\palettes\\font_dark.pcx"", ""font:$local$\\fonts\\font12.fnt"", ""include:$local$\\briefings.txt 11 1""]",,SOURCE_COMPLETE (parsed by cultures_hlt),Map data
1988,data\maps\tutorial_001\text\eng\briefings\0020.hlt,HLT,122,e2c14e8f1689eacca8d9e2d9dd1c2644dce437624a41f14c581a661aa148f581,Metadata/Sources/Raw/data/maps/tutorial_001/text/eng/briefings/0020.hlt,bit-exact copy,"[""color:$local$\\palettes\\font_dark.pcx"", ""font:$local$\\fonts\\font12.fnt"", ""include:$local$\\briefings.txt 20 1""]",,SOURCE_COMPLETE (parsed by cultures_hlt),Map data
1989,data\maps\tutorial_001\text\eng\briefings\0200.hlt,HLT,152,48b4c39996b3540d236b4296fc153b41081f754ba29ffa6bbf4f82a6f846187f,Metadata/Sources/Raw/data/maps/tutorial_001/text/eng/briefings/0200.hlt,bit-exact copy,"[""color:$local$\\palettes\\font_dark.pcx"", ""font:$local$\\fonts\\font12.fnt"", ""include:$local$\\briefings.txt 200 1""]",,SOURCE_COMPLETE (parsed by cultures_hlt),Map data
1990,data\maps\tutorial_002\text\eng\briefings\0001.hlt,HLT,154,c078f8f1e383aa932769f145a0fa20a808d729f71b12546f4350dbfba2999c62,Metadata/Sources/Raw/data/maps/tutorial_002/text/eng/briefings/0001.hlt,bit-exact copy,"[""color:$local$\\palettes\\font_dark.pcx"", ""font:$local$\\fonts\\font12.fnt"", ""include:$local$\\briefings.txt 01 1""]",,SOURCE_COMPLETE (parsed by cultures_hlt),Map data
1991,data\maps\tutorial_002\text\eng\briefings\0010.hlt,HLT,122,73121f153f1ee1a62d0b56a21499deda7085dfdcbaad93ef735c403d6729967a,Metadata/Sources/Raw/data/maps/tutorial_002/text/eng/briefings/0010.hlt,bit-exact copy,"[""color:$local$\\palettes\\font_dark.pcx"", ""font:$local$\\fonts\\font12.fnt"", ""include:$local$\\briefings.txt 10 1""]",,SOURCE_COMPLETE (parsed by cultures_hlt),Map data
1992,data\maps\tutorial_002\text\eng\briefings\0100.hlt,HLT,152,a15611856c6c61b10b31785fd9691f7b70dd8871b3cadb94558bdea1e5333758,Metadata/Sources/Raw/data/maps/tutorial_002/text/eng/briefings/0100.hlt,bit-exact copy,"[""color:$local$\\palettes\\font_dark.pcx"", ""font:$local$\\fonts\\font12.fnt"", ""include:$local$\\briefings.txt 100 1""]",,SOURCE_COMPLETE (parsed by cultures_hlt),Map data
1993,data\maps\tutorial_003\text\eng\briefings\0000.hlt,HLT,328,84554c3f053225924249f8c25d6e6f44b0e52eac5a7e4c346bc8fe73032712ca,Metadata/Sources/Raw/data/maps/tutorial_003/text/eng/briefings/0000.hlt,bit-exact copy,"[""color:$local$\\palettes\\font_dark.pcx"", ""font:$local$\\fonts\\font12.fnt"", ""font:$local$\\fonts\\fonthead16bld.fnt"", ""include:$local$\\briefings.txt 00 1"", ""include:$local$\\briefings.txt header 1"", ""include:$local$\\briefings.txt start_00 1""]",,SOURCE_COMPLETE (parsed by cultures_hlt),Map data
1996,data\maps\campaign_03_03\map.dat,DAT,1134990,254fffb1da2e4e1f0f155f74ce2628834b9849c0196a35e8e4af4e2caeb8056b,Metadata/Sources/Raw/data/maps/campaign_03_03/map.dat,bit-exact copy,[],40 chunks,SOURCE_COMPLETE (chunk structure via cultures_map_dat),Map data
1998,data\maps\tutorial_001\text\eng\briefings\0003.hlt,HLT,153,35a9745437ebfbef78b7a32cfb6f995847be46570b995e1a987020a973b96f81,Metadata/Sources/Raw/data/maps/tutorial_001/text/eng/briefings/0003.hlt,bit-exact copy,"[""color:$local$\\palettes\\font_dark.pcx"", ""font:$local$\\fonts\\font12.fnt"", ""include:$local$\\briefings.txt 03 1""]",,SOURCE_COMPLETE (parsed by cultures_hlt),Map data
1999,data\maps\tutorial_001\text\eng\briefings\0012.hlt,HLT,124,8b6564447904551e69d078f83f9433425d84f340eeefc3457db3c039c09a921e,Metadata/Sources/Raw/data/maps/tutorial_001/text/eng/briefings/0012.hlt,bit-exact copy,"[""color:$local$\\palettes\\font_dark.pcx"", ""font:$local$\\fonts\\font12.fnt"", ""include:$local$\\briefings.txt 12 1""]",,SOURCE_COMPLETE (parsed by cultures_hlt),Map data
2000,data\maps\tutorial_001\text\eng\briefings\0300.hlt,HLT,152,ce8834cfa0e123291ce0338a60a4ee27a8a6c678db2cf8214749436d7605fdf4,Metadata/Sources/Raw/data/maps/tutorial_001/text/eng/briefings/0300.hlt,bit-exact copy,"[""color:$local$\\palettes\\font_dark.pcx"", ""font:$local$\\fonts\\font12.fnt"", ""include:$local$\\briefings.txt 300 1""]",,SOURCE_COMPLETE (parsed by cultures_hlt),Map data
2001,data\maps\tutorial_002\text\eng\briefings\0002.hlt,HLT,154,d9d87f0063ab96ee7c66fa213566871f916854d0396259341a6f38d7ab37c9f3,Metadata/Sources/Raw/data/maps/tutorial_002/text/eng/briefings/0002.hlt,bit-exact copy,"[""color:$local$\\palettes\\font_dark.pcx"", ""font:$local$\\fonts\\font12.fnt"", ""include:$local$\\briefings.txt 02 1""]",,SOURCE_COMPLETE (parsed by cultures_hlt),Map data
2002,data\maps\tutorial_002\text\eng\briefings\0011.hlt,HLT,120,63efde7e9bcfe855cd8771c160f52fede73d72e966a661f50565b5080f860ef3,Metadata/Sources/Raw/data/maps/tutorial_002/text/eng/briefings/0011.hlt,bit-exact copy,"[""color:$local$\\palettes\\font_dark.pcx"", ""font:$local$\\fonts\\font12.fnt"", ""include:$local$\\briefings.txt 11 1""]",,SOURCE_COMPLETE (parsed by cultures_hlt),Map data
2003,data\maps\tutorial_002\text\eng\briefings\0020.hlt,HLT,122,e2c14e8f1689eacca8d9e2d9dd1c2644dce437624a41f14c581a661aa148f581,Metadata/Sources/Raw/data/maps/tutorial_002/text/eng/briefings/0020.hlt,bit-exact copy,"[""color:$local$\\palettes\\font_dark.pcx"", ""font:$local$\\fonts\\font12.fnt"", ""include:$local$\\briefings.txt 20 1""]",,SOURCE_COMPLETE (parsed by cultures_hlt),Map data
2004,data\maps\tutorial_002\text\eng\briefings\0200.hlt,HLT,152,48b4c39996b3540d236b4296fc153b41081f754ba29ffa6bbf4f82a6f846187f,Metadata/Sources/Raw/data/maps/tutorial_002/text/eng/briefings/0200.hlt,bit-exact copy,"[""color:$local$\\palettes\\font_dark.pcx"", ""font:$local$\\fonts\\font12.fnt"", ""include:$local$\\briefings.txt 200 1""]",,SOURCE_COMPLETE (parsed by cultures_hlt),Map data
2005,data\maps\tutorial_003\text\eng\briefings\0001.hlt,HLT,155,f841b85d0ae858ec5273554e8204b0f14af3aad0a63b3fb0d6aee3e8ac315944,Metadata/Sources/Raw/data/maps/tutorial_003/text/eng/briefings/0001.hlt,bit-exact copy,"[""color:$local$\\palettes\\font_dark.pcx"", ""font:$local$\\fonts\\font12.fnt"", ""include:$local$\\briefings.txt 01 1""]",,SOURCE_COMPLETE (parsed by cultures_hlt),Map data
2006,data\maps\tutorial_003\text\eng\briefings\0010.hlt,HLT,120,be398e03215afab7602f86e08ad5339285f9f81da046d0156913cd947826c4b8,Metadata/Sources/Raw/data/maps/tutorial_003/text/eng/briefings/0010.hlt,bit-exact copy,"[""color:$local$\\palettes\\font_dark.pcx"", ""font:$local$\\fonts\\font12.fnt"", ""include:$local$\\briefings.txt 10 1""]",,SOURCE_COMPLETE (parsed by cultures_hlt),Map data
2007,data\maps\tutorial_003\text\eng\briefings\0100.hlt,HLT,152,a15611856c6c61b10b31785fd9691f7b70dd8871b3cadb94558bdea1e5333758,Metadata/Sources/Raw/data/maps/tutorial_003/text/eng/briefings/0100.hlt,bit-exact copy,"[""color:$local$\\palettes\\font_dark.pcx"", ""font:$local$\\fonts\\font12.fnt"", ""include:$local$\\briefings.txt 100 1""]",,SOURCE_COMPLETE (parsed by cultures_hlt),Map data
2008,data\maps\tutorial_004\text\eng\briefings\0000.hlt,HLT,328,84554c3f053225924249f8c25d6e6f44b0e52eac5a7e4c346bc8fe73032712ca,Metadata/Sources/Raw/data/maps/tutorial_004/text/eng/briefings/0000.hlt,bit-exact copy,"[""color:$local$\\palettes\\font_dark.pcx"", ""font:$local$\\fonts\\font12.fnt"", ""font:$local$\\fonts\\fonthead16bld.fnt"", ""include:$local$\\briefings.txt 00 1"", ""include:$local$\\briefings.txt header 1"", ""include:$local$\\briefings.txt start_00 1""]",,SOURCE_COMPLETE (parsed by cultures_hlt),Map data
2013,data\maps\campaign_03_04\map.dat,DAT,608612,ce5db00b492bafa1f0df78c161a17f1fb3e06193f9b432e75d040c9d8b5a22d3,Metadata/Sources/Raw/data/maps/campaign_03_04/map.dat,bit-exact copy,[],40 chunks,SOURCE_COMPLETE (chunk structure via cultures_map_dat),Map data
2015,data\maps\tutorial_001\text\eng\briefings\0004.hlt,HLT,120,74f4398807f1563399a7c688bd5000820dc985deb43e671c5a89e43e4bbf5231,Metadata/Sources/Raw/data/maps/tutorial_001/text/eng/briefings/0004.hlt,bit-exact copy,"[""color:$local$\\palettes\\font_dark.pcx"", ""font:$local$\\fonts\\font12.fnt"", ""include:$local$\\briefings.txt 04 1""]",,SOURCE_COMPLETE (parsed by cultures_hlt),Map data
2016,data\maps\tutorial_001\text\eng\briefings\0013.hlt,HLT,122,82495c851ea1e859eaf19450503a18b50a4e727d350bde1b04ce58f8e4a40277,Metadata/Sources/Raw/data/maps/tutorial_001/text/eng/briefings/0013.hlt,bit-exact copy,"[""color:$local$\\palettes\\font_dark.pcx"", ""font:$local$\\fonts\\font12.fnt"", ""include:$local$\\briefings.txt 13 1""]",,SOURCE_COMPLETE (parsed by cultures_hlt),Map data
2017,data\maps\tutorial_002\text\eng\briefings\0003.hlt,HLT,153,f6412c1a4221683fd83ccecd4c025a1bfd8e3d37f0fc513659987d9b33bc6d5b,Metadata/Sources/Raw/data/maps/tutorial_002/text/eng/briefings/0003.hlt,bit-exact copy,"[""color:$local$\\palettes\\font_dark.pcx"", ""font:$local$\\fonts\\font12.fnt"", ""include:$local$\\briefings.txt 03 1""]",,SOURCE_COMPLETE (parsed by cultures_hlt),Map data
2018,data\maps\tutorial_002\text\eng\briefings\0012.hlt,HLT,124,8b6564447904551e69d078f83f9433425d84f340eeefc3457db3c039c09a921e,Metadata/Sources/Raw/data/maps/tutorial_002/text/eng/briefings/0012.hlt,bit-exact copy,"[""color:$local$\\palettes\\font_dark.pcx"", ""font:$local$\\fonts\\font12.fnt"", ""include:$local$\\briefings.txt 12 1""]",,SOURCE_COMPLETE (parsed by cultures_hlt),Map data
2019,data\maps\tutorial_002\text\eng\briefings\0300.hlt,HLT,152,ce8834cfa0e123291ce0338a60a4ee27a8a6c678db2cf8214749436d7605fdf4,Metadata/Sources/Raw/data/maps/tutorial_002/text/eng/briefings/0300.hlt,bit-exact copy,"[""color:$local$\\palettes\\font_dark.pcx"", ""font:$local$\\fonts\\font12.fnt"", ""include:$local$\\briefings.txt 300 1""]",,SOURCE_COMPLETE (parsed by cultures_hlt),Map data
2020,data\maps\tutorial_003\text\eng\briefings\0002.hlt,HLT,155,a87bbd8dc4e5dc1c092d7aa5aa7a7112d41e57c4bcd643280425b8e04a0c614e,Metadata/Sources/Raw/data/maps/tutorial_003/text/eng/briefings/0002.hlt,bit-exact copy,"[""color:$local$\\palettes\\font_dark.pcx"", ""font:$local$\\fonts\\font12.fnt"", ""include:$local$\\briefings.txt 02 1""]",,SOURCE_COMPLETE (parsed by cultures_hlt),Map data
2021,data\maps\tutorial_003\text\eng\briefings\0011.hlt,HLT,120,63efde7e9bcfe855cd8771c160f52fede73d72e966a661f50565b5080f860ef3,Metadata/Sources/Raw/data/maps/tutorial_003/text/eng/briefings/0011.hlt,bit-exact copy,"[""color:$local$\\palettes\\font_dark.pcx"", ""font:$local$\\fonts\\font12.fnt"", ""include:$local$\\briefings.txt 11 1""]",,SOURCE_COMPLETE (parsed by cultures_hlt),Map data
2022,data\maps\tutorial_003\text\eng\briefings\0020.hlt,HLT,122,e2c14e8f1689eacca8d9e2d9dd1c2644dce437624a41f14c581a661aa148f581,Metadata/Sources/Raw/data/maps/tutorial_003/text/eng/briefings/0020.hlt,bit-exact copy,"[""color:$local$\\palettes\\font_dark.pcx"", ""font:$local$\\fonts\\font12.fnt"", ""include:$local$\\briefings.txt 20 1""]",,SOURCE_COMPLETE (parsed by cultures_hlt),Map data
2023,data\maps\tutorial_003\text\eng\briefings\0200.hlt,HLT,152,48b4c39996b3540d236b4296fc153b41081f754ba29ffa6bbf4f82a6f846187f,Metadata/Sources/Raw/data/maps/tutorial_003/text/eng/briefings/0200.hlt,bit-exact copy,"[""color:$local$\\palettes\\font_dark.pcx"", ""font:$local$\\fonts\\font12.fnt"", ""include:$local$\\briefings.txt 200 1""]",,SOURCE_COMPLETE (parsed by cultures_hlt),Map data
2024,data\maps\tutorial_004\text\eng\briefings\0001.hlt,HLT,155,e2ad0aef416ae251a7001cb8d3ed55325842967fddd62c1f364077441e67da8f,Metadata/Sources/Raw/data/maps/tutorial_004/text/eng/briefings/0001.hlt,bit-exact copy,"[""color:$local$\\palettes\\font_dark.pcx"", ""font:$local$\\fonts\\font12.fnt"", ""include:$local$\\briefings.txt 01 1""]",,SOURCE_COMPLETE (parsed by cultures_hlt),Map data
2025,data\maps\tutorial_004\text\eng\briefings\0010.hlt,HLT,120,be398e03215afab7602f86e08ad5339285f9f81da046d0156913cd947826c4b8,Metadata/Sources/Raw/data/maps/tutorial_004/text/eng/briefings/0010.hlt,bit-exact copy,"[""color:$local$\\palettes\\font_dark.pcx"", ""font:$local$\\fonts\\font12.fnt"", ""include:$local$\\briefings.txt 10 1""]",,SOURCE_COMPLETE (parsed by cultures_hlt),Map data
2026,data\maps\tutorial_004\text\eng\briefings\0100.hlt,HLT,152,a15611856c6c61b10b31785fd9691f7b70dd8871b3cadb94558bdea1e5333758,Metadata/Sources/Raw/data/maps/tutorial_004/text/eng/briefings/0100.hlt,bit-exact copy,"[""color:$local$\\palettes\\font_dark.pcx"", ""font:$local$\\fonts\\font12.fnt"", ""include:$local$\\briefings.txt 100 1""]",,SOURCE_COMPLETE (parsed by cultures_hlt),Map data
2027,data\maps\tutorial_005\text\eng\briefings\0000.hlt,HLT,361,51309e600f50c27923052236180789ec3168d1cee977cc7a914a6df319023821,Metadata/Sources/Raw/data/maps/tutorial_005/text/eng/briefings/0000.hlt,bit-exact copy,"[""color:$local$\\palettes\\font_dark.pcx"", ""font:$local$\\fonts\\font12.fnt"", ""font:$local$\\fonts\\fonthead16bld.fnt"", ""include:$local$\\briefings.txt 00 1"", ""include:$local$\\briefings.txt header 1"", ""include:$local$\\briefings.txt start_00 1""]",,SOURCE_COMPLETE (parsed by cultures_hlt),Map data
2035,data\maps\campaign_03_05\map.dat,DAT,1327486,a92b1a0d125747bacac231c11a6f83d8b12596a1dc69feaa8dc33db53a85fa70,Metadata/Sources/Raw/data/maps/campaign_03_05/map.dat,bit-exact copy,[],40 chunks,SOURCE_COMPLETE (chunk structure via cultures_map_dat),Map data
2037,data\maps\tutorial_001\text\eng\briefings\0005.hlt,HLT,120,bb662b5501646cd354327a3c36a3e8f46769d88147e2033b811118272eca3b72,Metadata/Sources/Raw/data/maps/tutorial_001/text/eng/briefings/0005.hlt,bit-exact copy,"[""color:$local$\\palettes\\font_dark.pcx"", ""font:$local$\\fonts\\font12.fnt"", ""include:$local$\\briefings.txt 05 1""]",,SOURCE_COMPLETE (parsed by cultures_hlt),Map data
2038,data\maps\tutorial_001\text\eng\briefings\0014.hlt,HLT,122,7d0b229acf7152782e8e5c380f39a5688cb737585452d0187531cb3c9f3f1ebd,Metadata/Sources/Raw/data/maps/tutorial_001/text/eng/briefings/0014.hlt,bit-exact copy,"[""color:$local$\\palettes\\font_dark.pcx"", ""font:$local$\\fonts\\font12.fnt"", ""include:$local$\\briefings.txt 14 1""]",,SOURCE_COMPLETE (parsed by cultures_hlt),Map data
2039,data\maps\tutorial_001\text\eng\briefings\0050.hlt,HLT,347,07bd69dd9dfd4b33f8be51349e775d3fb1bbbb13d9a308db6185215af3c8d95e,Metadata/Sources/Raw/data/maps/tutorial_001/text/eng/briefings/0050.hlt,bit-exact copy,"[""color:$local$\\palettes\\font_dark.pcx"", ""font:$local$\\fonts\\font12.fnt"", ""font:$local$\\fonts\\fonthead16bld.fnt"", ""include:$local$\\briefings.txt 50_end 1"", ""include:$local$\\briefings.txt 50_end1 1"", ""include:$local$\\briefings.txt 50_endheader 1"", ""picture:$local$\\graphics\\2-1-01.pcx""]",,SOURCE_COMPLETE (parsed by cultures_hlt),Map data
2040,data\maps\tutorial_002\text\eng\briefings\0004.hlt,HLT,152,9b9bd814a21a157c78093185db11ae102d938f4308b091b6a852d8e3190de3f5,Metadata/Sources/Raw/data/maps/tutorial_002/text/eng/briefings/0004.hlt,bit-exact copy,"[""color:$local$\\palettes\\font_dark.pcx"", ""font:$local$\\fonts\\font12.fnt"", ""include:$local$\\briefings.txt 04 1""]",,SOURCE_COMPLETE (parsed by cultures_hlt),Map data
2041,data\maps\tutorial_002\text\eng\briefings\0013.hlt,HLT,122,82495c851ea1e859eaf19450503a18b50a4e727d350bde1b04ce58f8e4a40277,Metadata/Sources/Raw/data/maps/tutorial_002/text/eng/briefings/0013.hlt,bit-exact copy,"[""color:$local$\\palettes\\font_dark.pcx"", ""font:$local$\\fonts\\font12.fnt"", ""include:$local$\\briefings.txt 13 1""]",,SOURCE_COMPLETE (parsed by cultures_hlt),Map data
2042,data\maps\tutorial_003\text\eng\briefings\0003.hlt,HLT,120,e53aaf83a3a9c60152ca5077b5428aab59fc70c33a645c266bae8d6c54537a7a,Metadata/Sources/Raw/data/maps/tutorial_003/text/eng/briefings/0003.hlt,bit-exact copy,"[""color:$local$\\palettes\\font_dark.pcx"", ""font:$local$\\fonts\\font12.fnt"", ""include:$local$\\briefings.txt 03 1""]",,SOURCE_COMPLETE (parsed by cultures_hlt),Map data
2043,data\maps\tutorial_003\text\eng\briefings\0012.hlt,HLT,124,8b6564447904551e69d078f83f9433425d84f340eeefc3457db3c039c09a921e,Metadata/Sources/Raw/data/maps/tutorial_003/text/eng/briefings/0012.hlt,bit-exact copy,"[""color:$local$\\palettes\\font_dark.pcx"", ""font:$local$\\fonts\\font12.fnt"", ""include:$local$\\briefings.txt 12 1""]",,SOURCE_COMPLETE (parsed by cultures_hlt),Map data
2044,data\maps\tutorial_003\text\eng\briefings\0300.hlt,HLT,152,ce8834cfa0e123291ce0338a60a4ee27a8a6c678db2cf8214749436d7605fdf4,Metadata/Sources/Raw/data/maps/tutorial_003/text/eng/briefings/0300.hlt,bit-exact copy,"[""color:$local$\\palettes\\font_dark.pcx"", ""font:$local$\\fonts\\font12.fnt"", ""include:$local$\\briefings.txt 300 1""]",,SOURCE_COMPLETE (parsed by cultures_hlt),Map data
2045,data\maps\tutorial_004\text\eng\briefings\0002.hlt,HLT,122,2afb09e3e36aee93b979fe8b970af3f214bc38dfc30a71705d0ad62db4e0394d,Metadata/Sources/Raw/data/maps/tutorial_004/text/eng/briefings/0002.hlt,bit-exact copy,"[""color:$local$\\palettes\\font_dark.pcx"", ""font:$local$\\fonts\\font12.fnt"", ""include:$local$\\briefings.txt 02 1""]",,SOURCE_COMPLETE (parsed by cultures_hlt),Map data
2046,data\maps\tutorial_004\text\eng\briefings\0011.hlt,HLT,120,63efde7e9bcfe855cd8771c160f52fede73d72e966a661f50565b5080f860ef3,Metadata/Sources/Raw/data/maps/tutorial_004/text/eng/briefings/0011.hlt,bit-exact copy,"[""color:$local$\\palettes\\font_dark.pcx"", ""font:$local$\\fonts\\font12.fnt"", ""include:$local$\\briefings.txt 11 1""]",,SOURCE_COMPLETE (parsed by cultures_hlt),Map data
2047,data\maps\tutorial_004\text\eng\briefings\0020.hlt,HLT,122,e2c14e8f1689eacca8d9e2d9dd1c2644dce437624a41f14c581a661aa148f581,Metadata/Sources/Raw/data/maps/tutorial_004/text/eng/briefings/0020.hlt,bit-exact copy,"[""color:$local$\\palettes\\font_dark.pcx"", ""font:$local$\\fonts\\font12.fnt"", ""include:$local$\\briefings.txt 20 1""]",,SOURCE_COMPLETE (parsed by cultures_hlt),Map data
2048,data\maps\tutorial_004\text\eng\briefings\0200.hlt,HLT,152,48b4c39996b3540d236b4296fc153b41081f754ba29ffa6bbf4f82a6f846187f,Metadata/Sources/Raw/data/maps/tutorial_004/text/eng/briefings/0200.hlt,bit-exact copy,"[""color:$local$\\palettes\\font_dark.pcx"", ""font:$local$\\fonts\\font12.fnt"", ""include:$local$\\briefings.txt 200 1""]",,SOURCE_COMPLETE (parsed by cultures_hlt),Map data
2049,data\maps\tutorial_005\text\eng\briefings\0001.hlt,HLT,155,efbc416c009dbbf7ae26bfad892a73f300835e63abcbb3c388d941634d00a9a6,Metadata/Sources/Raw/data/maps/tutorial_005/text/eng/briefings/0001.hlt,bit-exact copy,"[""color:$local$\\palettes\\font_dark.pcx"", ""font:$local$\\fonts\\font12.fnt"", ""include:$local$\\briefings.txt 01 1""]",,SOURCE_COMPLETE (parsed by cultures_hlt),Map data
2050,data\maps\tutorial_005\text\eng\briefings\0010.hlt,HLT,120,be398e03215afab7602f86e08ad5339285f9f81da046d0156913cd947826c4b8,Metadata/Sources/Raw/data/maps/tutorial_005/text/eng/briefings/0010.hlt,bit-exact copy,"[""color:$local$\\palettes\\font_dark.pcx"", ""font:$local$\\fonts\\font12.fnt"", ""include:$local$\\briefings.txt 10 1""]",,SOURCE_COMPLETE (parsed by cultures_hlt),Map data
2051,data\maps\tutorial_005\text\eng\briefings\0100.hlt,HLT,152,a15611856c6c61b10b31785fd9691f7b70dd8871b3cadb94558bdea1e5333758,Metadata/Sources/Raw/data/maps/tutorial_005/text/eng/briefings/0100.hlt,bit-exact copy,"[""color:$local$\\palettes\\font_dark.pcx"", ""font:$local$\\fonts\\font12.fnt"", ""include:$local$\\briefings.txt 100 1""]",,SOURCE_COMPLETE (parsed by cultures_hlt),Map data
2052,data\maps\tutorial_006\text\eng\briefings\0000.hlt,HLT,284,f0abc745807e4e440734e78c59987c785145f6bf3e79fb221dc1da00651ded55,Metadata/Sources/Raw/data/maps/tutorial_006/text/eng/briefings/0000.hlt,bit-exact copy,"[""color:$local$\\palettes\\font_dark.pcx"", ""font:$local$\\fonts\\font12.fnt"", ""font:$local$\\fonts\\fonthead16bld.fnt"", ""include:$local$\\briefings.txt 00 1"", ""include:$local$\\briefings.txt header 1""]",,SOURCE_COMPLETE (parsed by cultures_hlt),Map data
2064,data\maps\campaign_03_06\map.dat,DAT,1831969,d32bfc19905fc9d59f0b6a79353e89054418b719e921bdb7a6cb52e1881bf82e,Metadata/Sources/Raw/data/maps/campaign_03_06/map.dat,bit-exact copy,[],40 chunks,SOURCE_COMPLETE (chunk structure via cultures_map_dat),Map data
2065,data\maps\tutorial_001\text\eng\briefings\0006.hlt,HLT,120,9eca22a641dd4762a69487968164e050a401d07bbdb58ea1640d7a52be1bd6c9,Metadata/Sources/Raw/data/maps/tutorial_001/text/eng/briefings/0006.hlt,bit-exact copy,"[""color:$local$\\palettes\\font_dark.pcx"", ""font:$local$\\fonts\\font12.fnt"", ""include:$local$\\briefings.txt 06 1""]",,SOURCE_COMPLETE (parsed by cultures_hlt),Map data
2066,data\maps\tutorial_001\text\eng\briefings\0015.hlt,HLT,120,72e6c705f5387e04e8d584a296462ad5207b4acfb93b3270bcec9be2ea298a92,Metadata/Sources/Raw/data/maps/tutorial_001/text/eng/briefings/0015.hlt,bit-exact copy,"[""color:$local$\\palettes\\font_dark.pcx"", ""font:$local$\\fonts\\font12.fnt"", ""include:$local$\\briefings.txt 15 1""]",,SOURCE_COMPLETE (parsed by cultures_hlt),Map data
2067,data\maps\tutorial_002\text\eng\briefings\0005.hlt,HLT,120,bb662b5501646cd354327a3c36a3e8f46769d88147e2033b811118272eca3b72,Metadata/Sources/Raw/data/maps/tutorial_002/text/eng/briefings/0005.hlt,bit-exact copy,"[""color:$local$\\palettes\\font_dark.pcx"", ""font:$local$\\fonts\\font12.fnt"", ""include:$local$\\briefings.txt 05 1""]",,SOURCE_COMPLETE (parsed by cultures_hlt),Map data
2068,data\maps\tutorial_002\text\eng\briefings\0014.hlt,HLT,122,7d0b229acf7152782e8e5c380f39a5688cb737585452d0187531cb3c9f3f1ebd,Metadata/Sources/Raw/data/maps/tutorial_002/text/eng/briefings/0014.hlt,bit-exact copy,"[""color:$local$\\palettes\\font_dark.pcx"", ""font:$local$\\fonts\\font12.fnt"", ""include:$local$\\briefings.txt 14 1""]",,SOURCE_COMPLETE (parsed by cultures_hlt),Map data
2069,data\maps\tutorial_002\text\eng\briefings\0050.hlt,HLT,347,07bd69dd9dfd4b33f8be51349e775d3fb1bbbb13d9a308db6185215af3c8d95e,Metadata/Sources/Raw/data/maps/tutorial_002/text/eng/briefings/0050.hlt,bit-exact copy,"[""color:$local$\\palettes\\font_dark.pcx"", ""font:$local$\\fonts\\font12.fnt"", ""font:$local$\\fonts\\fonthead16bld.fnt"", ""include:$local$\\briefings.txt 50_end 1"", ""include:$local$\\briefings.txt 50_end1 1"", ""include:$local$\\briefings.txt 50_endheader 1"", ""picture:$local$\\graphics\\2-1-01.pcx""]",,SOURCE_COMPLETE (parsed by cultures_hlt),Map data
2070,data\maps\tutorial_003\text\eng\briefings\0004.hlt,HLT,153,b993d4f7a9cd477b68dd74dfd08e552afc341f490ad32606c9391d3e2faa7eeb,Metadata/Sources/Raw/data/maps/tutorial_003/text/eng/briefings/0004.hlt,bit-exact copy,"[""color:$local$\\palettes\\font_dark.pcx"", ""font:$local$\\fonts\\font12.fnt"", ""include:$local$\\briefings.txt 04 1""]",,SOURCE_COMPLETE (parsed by cultures_hlt),Map data
2071,data\maps\tutorial_003\text\eng\briefings\0013.hlt,HLT,122,82495c851ea1e859eaf19450503a18b50a4e727d350bde1b04ce58f8e4a40277,Metadata/Sources/Raw/data/maps/tutorial_003/text/eng/briefings/0013.hlt,bit-exact copy,"[""color:$local$\\palettes\\font_dark.pcx"", ""font:$local$\\fonts\\font12.fnt"", ""include:$local$\\briefings.txt 13 1""]",,SOURCE_COMPLETE (parsed by cultures_hlt),Map data
2072,data\maps\tutorial_004\text\eng\briefings\0003.hlt,HLT,120,e53aaf83a3a9c60152ca5077b5428aab59fc70c33a645c266bae8d6c54537a7a,Metadata/Sources/Raw/data/maps/tutorial_004/text/eng/briefings/0003.hlt,bit-exact copy,"[""color:$local$\\palettes\\font_dark.pcx"", ""font:$local$\\fonts\\font12.fnt"", ""include:$local$\\briefings.txt 03 1""]",,SOURCE_COMPLETE (parsed by cultures_hlt),Map data
2073,data\maps\tutorial_004\text\eng\briefings\0012.hlt,HLT,124,8b6564447904551e69d078f83f9433425d84f340eeefc3457db3c039c09a921e,Metadata/Sources/Raw/data/maps/tutorial_004/text/eng/briefings/0012.hlt,bit-exact copy,"[""color:$local$\\palettes\\font_dark.pcx"", ""font:$local$\\fonts\\font12.fnt"", ""include:$local$\\briefings.txt 12 1""]",,SOURCE_COMPLETE (parsed by cultures_hlt),Map data
2074,data\maps\tutorial_004\text\eng\briefings\0300.hlt,HLT,152,ce8834cfa0e123291ce0338a60a4ee27a8a6c678db2cf8214749436d7605fdf4,Metadata/Sources/Raw/data/maps/tutorial_004/text/eng/briefings/0300.hlt,bit-exact copy,"[""color:$local$\\palettes\\font_dark.pcx"", ""font:$local$\\fonts\\font12.fnt"", ""include:$local$\\briefings.txt 300 1""]",,SOURCE_COMPLETE (parsed by cultures_hlt),Map data
2075,data\maps\tutorial_005\text\eng\briefings\0002.hlt,HLT,124,7e58c9c49d3f776b44d2afa1056e9a3d67704124613dc0d2d5a2bee85b367fb5,Metadata/Sources/Raw/data/maps/tutorial_005/text/eng/briefings/0002.hlt,bit-exact copy,"[""color:$local$\\palettes\\font_dark.pcx"", ""font:$local$\\fonts\\font12.fnt"", ""include:$local$\\briefings.txt 02 1""]",,SOURCE_COMPLETE (parsed by cultures_hlt),Map data
2076,data\maps\tutorial_005\text\eng\briefings\0011.hlt,HLT,120,63efde7e9bcfe855cd8771c160f52fede73d72e966a661f50565b5080f860ef3,Metadata/Sources/Raw/data/maps/tutorial_005/text/eng/briefings/0011.hlt,bit-exact copy,"[""color:$local$\\palettes\\font_dark.pcx"", ""font:$local$\\fonts\\font12.fnt"", ""include:$local$\\briefings.txt 11 1""]",,SOURCE_COMPLETE (parsed by cultures_hlt),Map data
2077,data\maps\tutorial_005\text\eng\briefings\0020.hlt,HLT,122,e2c14e8f1689eacca8d9e2d9dd1c2644dce437624a41f14c581a661aa148f581,Metadata/Sources/Raw/data/maps/tutorial_005/text/eng/briefings/0020.hlt,bit-exact copy,"[""color:$local$\\palettes\\font_dark.pcx"", ""font:$local$\\fonts\\font12.fnt"", ""include:$local$\\briefings.txt 20 1""]",,SOURCE_COMPLETE (parsed by cultures_hlt),Map data
2078,data\maps\tutorial_005\text\eng\briefings\0200.hlt,HLT,152,48b4c39996b3540d236b4296fc153b41081f754ba29ffa6bbf4f82a6f846187f,Metadata/Sources/Raw/data/maps/tutorial_005/text/eng/briefings/0200.hlt,bit-exact copy,"[""color:$local$\\palettes\\font_dark.pcx"", ""font:$local$\\fonts\\font12.fnt"", ""include:$local$\\briefings.txt 200 1""]",,SOURCE_COMPLETE (parsed by cultures_hlt),Map data
2079,data\maps\tutorial_006\text\eng\briefings\0001.hlt,HLT,154,39be7c8d782f70c9ecf5fbe7c22f51798600d8b7c84394ea6a575b4feea8e9da,Metadata/Sources/Raw/data/maps/tutorial_006/text/eng/briefings/0001.hlt,bit-exact copy,"[""color:$local$\\palettes\\font_dark.pcx"", ""font:$local$\\fonts\\font12.fnt"", ""include:$local$\\briefings.txt 01 1""]",,SOURCE_COMPLETE (parsed by cultures_hlt),Map data
2080,data\maps\tutorial_006\text\eng\briefings\0010.hlt,HLT,120,be398e03215afab7602f86e08ad5339285f9f81da046d0156913cd947826c4b8,Metadata/Sources/Raw/data/maps/tutorial_006/text/eng/briefings/0010.hlt,bit-exact copy,"[""color:$local$\\palettes\\font_dark.pcx"", ""font:$local$\\fonts\\font12.fnt"", ""include:$local$\\briefings.txt 10 1""]",,SOURCE_COMPLETE (parsed by cultures_hlt),Map data
2081,data\maps\tutorial_006\text\eng\briefings\0100.hlt,HLT,152,a15611856c6c61b10b31785fd9691f7b70dd8871b3cadb94558bdea1e5333758,Metadata/Sources/Raw/data/maps/tutorial_006/text/eng/briefings/0100.hlt,bit-exact copy,"[""color:$local$\\palettes\\font_dark.pcx"", ""font:$local$\\fonts\\font12.fnt"", ""include:$local$\\briefings.txt 100 1""]",,SOURCE_COMPLETE (parsed by cultures_hlt),Map data
2082,data\maps\tutorial_007\text\eng\briefings\0000.hlt,HLT,328,84554c3f053225924249f8c25d6e6f44b0e52eac5a7e4c346bc8fe73032712ca,Metadata/Sources/Raw/data/maps/tutorial_007/text/eng/briefings/0000.hlt,bit-exact copy,"[""color:$local$\\palettes\\font_dark.pcx"", ""font:$local$\\fonts\\font12.fnt"", ""font:$local$\\fonts\\fonthead16bld.fnt"", ""include:$local$\\briefings.txt 00 1"", ""include:$local$\\briefings.txt header 1"", ""include:$local$\\briefings.txt start_00 1""]",,SOURCE_COMPLETE (parsed by cultures_hlt),Map data
2090,data\maps\campaign_03_01_sub\text\eng\briefings\0000.hlt,HLT,375,aa43ffd64177a8527d8a90e5f2390949b8607dd03b1120e28ea6310323fec73e,Metadata/Sources/Raw/data/maps/campaign_03_01_sub/text/eng/briefings/0000.hlt,bit-exact copy,"[""color:$local$\\palettes\\font_dark.pcx"", ""font:$local$\\fonts\\font12.fnt"", ""font:$local$\\fonts\\fonthead16bld.fnt"", ""include:$local$\\briefings.txt 00_start 1"", ""include:$local$\\briefings.txt 00_start1 1"", ""include:$local$\\briefings.txt header 1""]",,SOURCE_COMPLETE (parsed by cultures_hlt),Map data
2092,data\maps\campaign_03_07\map.dat,DAT,1515102,e2521e28d992fa63337d93bf4c5cb83ae469f6eaf6356642e420d072ba99fdc4,Metadata/Sources/Raw/data/maps/campaign_03_07/map.dat,bit-exact copy,[],40 chunks,SOURCE_COMPLETE (chunk structure via cultures_map_dat),Map data
2093,data\maps\tutorial_001\text\eng\briefings\0007.hlt,HLT,153,7898d9e816b6583679fd4a88c6ad88714a0729d1b689fd52f719f76c8930ccc4,Metadata/Sources/Raw/data/maps/tutorial_001/text/eng/briefings/0007.hlt,bit-exact copy,"[""color:$local$\\palettes\\font_dark.pcx"", ""font:$local$\\fonts\\font12.fnt"", ""include:$local$\\briefings.txt 07 1""]",,SOURCE_COMPLETE (parsed by cultures_hlt),Map data
2094,data\maps\tutorial_001\text\eng\briefings\0016.hlt,HLT,120,9e3d28adf37de2380b07859ce21e10eb61cd7b441fa93c4b5bde7a3b92f00773,Metadata/Sources/Raw/data/maps/tutorial_001/text/eng/briefings/0016.hlt,bit-exact copy,"[""color:$local$\\palettes\\font_dark.pcx"", ""font:$local$\\fonts\\font12.fnt"", ""include:$local$\\briefings.txt 16 1""]",,SOURCE_COMPLETE (parsed by cultures_hlt),Map data
2095,data\maps\tutorial_002\text\eng\briefings\0006.hlt,HLT,120,9eca22a641dd4762a69487968164e050a401d07bbdb58ea1640d7a52be1bd6c9,Metadata/Sources/Raw/data/maps/tutorial_002/text/eng/briefings/0006.hlt,bit-exact copy,"[""color:$local$\\palettes\\font_dark.pcx"", ""font:$local$\\fonts\\font12.fnt"", ""include:$local$\\briefings.txt 06 1""]",,SOURCE_COMPLETE (parsed by cultures_hlt),Map data
2096,data\maps\tutorial_002\text\eng\briefings\0015.hlt,HLT,120,72e6c705f5387e04e8d584a296462ad5207b4acfb93b3270bcec9be2ea298a92,Metadata/Sources/Raw/data/maps/tutorial_002/text/eng/briefings/0015.hlt,bit-exact copy,"[""color:$local$\\palettes\\font_dark.pcx"", ""font:$local$\\fonts\\font12.fnt"", ""include:$local$\\briefings.txt 15 1""]",,SOURCE_COMPLETE (parsed by cultures_hlt),Map data
2097,data\maps\tutorial_003\text\eng\briefings\0005.hlt,HLT,120,bb662b5501646cd354327a3c36a3e8f46769d88147e2033b811118272eca3b72,Metadata/Sources/Raw/data/maps/tutorial_003/text/eng/briefings/0005.hlt,bit-exact copy,"[""color:$local$\\palettes\\font_dark.pcx"", ""font:$local$\\fonts\\font12.fnt"", ""include:$local$\\briefings.txt 05 1""]",,SOURCE_COMPLETE (parsed by cultures_hlt),Map data
2098,data\maps\tutorial_003\text\eng\briefings\0014.hlt,HLT,122,7d0b229acf7152782e8e5c380f39a5688cb737585452d0187531cb3c9f3f1ebd,Metadata/Sources/Raw/data/maps/tutorial_003/text/eng/briefings/0014.hlt,bit-exact copy,"[""color:$local$\\palettes\\font_dark.pcx"", ""font:$local$\\fonts\\font12.fnt"", ""include:$local$\\briefings.txt 14 1""]",,SOURCE_COMPLETE (parsed by cultures_hlt),Map data
2099,data\maps\tutorial_003\text\eng\briefings\0050.hlt,HLT,347,07bd69dd9dfd4b33f8be51349e775d3fb1bbbb13d9a308db6185215af3c8d95e,Metadata/Sources/Raw/data/maps/tutorial_003/text/eng/briefings/0050.hlt,bit-exact copy,"[""color:$local$\\palettes\\font_dark.pcx"", ""font:$local$\\fonts\\font12.fnt"", ""font:$local$\\fonts\\fonthead16bld.fnt"", ""include:$local$\\briefings.txt 50_end 1"", ""include:$local$\\briefings.txt 50_end1 1"", ""include:$local$\\briefings.txt 50_endheader 1"", ""picture:$local$\\graphics\\2-1-01.pcx""]",,SOURCE_COMPLETE (parsed by cultures_hlt),Map data
2100,data\maps\tutorial_004\text\eng\briefings\0004.hlt,HLT,153,2ab62af729631332174ff93a671561deebe96f5427bb06ca3eda36242119ab7b,Metadata/Sources/Raw/data/maps/tutorial_004/text/eng/briefings/0004.hlt,bit-exact copy,"[""color:$local$\\palettes\\font_dark.pcx"", ""font:$local$\\fonts\\font12.fnt"", ""include:$local$\\briefings.txt 04 1""]",,SOURCE_COMPLETE (parsed by cultures_hlt),Map data
2101,data\maps\tutorial_004\text\eng\briefings\0013.hlt,HLT,122,82495c851ea1e859eaf19450503a18b50a4e727d350bde1b04ce58f8e4a40277,Metadata/Sources/Raw/data/maps/tutorial_004/text/eng/briefings/0013.hlt,bit-exact copy,"[""color:$local$\\palettes\\font_dark.pcx"", ""font:$local$\\fonts\\font12.fnt"", ""include:$local$\\briefings.txt 13 1""]",,SOURCE_COMPLETE (parsed by cultures_hlt),Map data
2102,data\maps\tutorial_005\text\eng\briefings\0003.hlt,HLT,153,dd52697f34798fa979f4ba49fda164255b10f1342e1dcfcaa32c7399458ea96f,Metadata/Sources/Raw/data/maps/tutorial_005/text/eng/briefings/0003.hlt,bit-exact copy,"[""color:$local$\\palettes\\font_dark.pcx"", ""font:$local$\\fonts\\font12.fnt"", ""include:$local$\\briefings.txt 03 1""]",,SOURCE_COMPLETE (parsed by cultures_hlt),Map data
2103,data\maps\tutorial_005\text\eng\briefings\0012.hlt,HLT,122,029589de8086bfc653e94e6cddbe484d0274ae3e1403099fa88b10aac132b057,Metadata/Sources/Raw/data/maps/tutorial_005/text/eng/briefings/0012.hlt,bit-exact copy,"[""color:$local$\\palettes\\font_dark.pcx"", ""font:$local$\\fonts\\font12.fnt"", ""include:$local$\\briefings.txt 12 1""]",,SOURCE_COMPLETE (parsed by cultures_hlt),Map data
2104,data\maps\tutorial_005\text\eng\briefings\0300.hlt,HLT,152,ce8834cfa0e123291ce0338a60a4ee27a8a6c678db2cf8214749436d7605fdf4,Metadata/Sources/Raw/data/maps/tutorial_005/text/eng/briefings/0300.hlt,bit-exact copy,"[""color:$local$\\palettes\\font_dark.pcx"", ""font:$local$\\fonts\\font12.fnt"", ""include:$local$\\briefings.txt 300 1""]",,SOURCE_COMPLETE (parsed by cultures_hlt),Map data
2105,data\maps\tutorial_006\text\eng\briefings\0002.hlt,HLT,154,2e7593d64bc28d21b7e78a7ac6981a421b1bc43767e96583bd39fe7ed030433d,Metadata/Sources/Raw/data/maps/tutorial_006/text/eng/briefings/0002.hlt,bit-exact copy,"[""color:$local$\\palettes\\font_dark.pcx"", ""font:$local$\\fonts\\font12.fnt"", ""include:$local$\\briefings.txt 02 1""]",,SOURCE_COMPLETE (parsed by cultures_hlt),Map data
2106,data\maps\tutorial_006\text\eng\briefings\0011.hlt,HLT,152,d1be14ef2daa3f38f3679c2835c67ea979982630459d90d01c0bc05b6149c74a,Metadata/Sources/Raw/data/maps/tutorial_006/text/eng/briefings/0011.hlt,bit-exact copy,"[""color:$local$\\palettes\\font_dark.pcx"", ""font:$local$\\fonts\\font12.fnt"", ""include:$local$\\briefings.txt 11 1""]",,SOURCE_COMPLETE (parsed by cultures_hlt),Map data
2107,data\maps\tutorial_006\text\eng\briefings\0020.hlt,HLT,122,e2c14e8f1689eacca8d9e2d9dd1c2644dce437624a41f14c581a661aa148f581,Metadata/Sources/Raw/data/maps/tutorial_006/text/eng/briefings/0020.hlt,bit-exact copy,"[""color:$local$\\palettes\\font_dark.pcx"", ""font:$local$\\fonts\\font12.fnt"", ""include:$local$\\briefings.txt 20 1""]",,SOURCE_COMPLETE (parsed by cultures_hlt),Map data
2108,data\maps\tutorial_007\text\eng\briefings\0001.hlt,HLT,155,89faf5adb25f0cd6be4e02e6ec95e2bf624693e5e11dcb0fc47c350dbeb76911,Metadata/Sources/Raw/data/maps/tutorial_007/text/eng/briefings/0001.hlt,bit-exact copy,"[""color:$local$\\palettes\\font_dark.pcx"", ""font:$local$\\fonts\\font12.fnt"", ""include:$local$\\briefings.txt 01 1""]",,SOURCE_COMPLETE (parsed by cultures_hlt),Map data
2109,data\maps\tutorial_007\text\eng\briefings\0010.hlt,HLT,152,d9f64d9b4471683bf66cce3b63a4a4f33bbdd98173b97f40d1102487cd3df153,Metadata/Sources/Raw/data/maps/tutorial_007/text/eng/briefings/0010.hlt,bit-exact copy,"[""color:$local$\\palettes\\font_dark.pcx"", ""font:$local$\\fonts\\font12.fnt"", ""include:$local$\\briefings.txt 10 1""]",,SOURCE_COMPLETE (parsed by cultures_hlt),Map data
2110,data\maps\tutorial_007\text\eng\briefings\0100.hlt,HLT,152,a15611856c6c61b10b31785fd9691f7b70dd8871b3cadb94558bdea1e5333758,Metadata/Sources/Raw/data/maps/tutorial_007/text/eng/briefings/0100.hlt,bit-exact copy,"[""color:$local$\\palettes\\font_dark.pcx"", ""font:$local$\\fonts\\font12.fnt"", ""include:$local$\\briefings.txt 100 1""]",,SOURCE_COMPLETE (parsed by cultures_hlt),Map data
2119,data\maps\campaign_03_01_sub\text\eng\briefings\0001.hlt,HLT,128,7a3bffb8cca51376b9eca18d76122c26a06b2602caedbad5a5a37e236c511be9,Metadata/Sources/Raw/data/maps/campaign_03_01_sub/text/eng/briefings/0001.hlt,bit-exact copy,"[""color:$local$\\palettes\\font_dark.pcx"", ""font:$local$\\fonts\\font12.fnt"", ""include:$local$\\briefings.txt 01 1""]",,SOURCE_COMPLETE (parsed by cultures_hlt),Map data
2120,data\maps\campaign_03_01_sub\text\eng\briefings\0100.hlt,HLT,152,a15611856c6c61b10b31785fd9691f7b70dd8871b3cadb94558bdea1e5333758,Metadata/Sources/Raw/data/maps/campaign_03_01_sub/text/eng/briefings/0100.hlt,bit-exact copy,"[""color:$local$\\palettes\\font_dark.pcx"", ""font:$local$\\fonts\\font12.fnt"", ""include:$local$\\briefings.txt 100 1""]",,SOURCE_COMPLETE (parsed by cultures_hlt),Map data
2121,data\maps\campaign_03_02_sub\text\eng\briefings\0000.hlt,HLT,375,345938e3334afffad9e0a3e00cafa5a85c11d3e746fafcd89564a64f42b0ff8c,Metadata/Sources/Raw/data/maps/campaign_03_02_sub/text/eng/briefings/0000.hlt,bit-exact copy,"[""color:$local$\\palettes\\font_dark.pcx"", ""font:$local$\\fonts\\font12.fnt"", ""font:$local$\\fonts\\fonthead16bld.fnt"", ""include:$local$\\briefings.txt 00_start 1"", ""include:$local$\\briefings.txt 00_start1 1"", ""include:$local$\\briefings.txt header 1""]",,SOURCE_COMPLETE (parsed by cultures_hlt),Map data
2123,data\maps\campaign_03_08\map.dat,DAT,1370719,0a721c073739205562005da2a8f655e05c89666403b7c10474ce6065f4983aa2,Metadata/Sources/Raw/data/maps/campaign_03_08/map.dat,bit-exact copy,[],40 chunks,SOURCE_COMPLETE (chunk structure via cultures_map_dat),Map data
2124,data\maps\tutorial_001\text\eng\briefings\0008.hlt,HLT,120,13ba5706c92e2a22cb90595364f45d73a5ccef1f2420c1ec794bd3445c801a3e,Metadata/Sources/Raw/data/maps/tutorial_001/text/eng/briefings/0008.hlt,bit-exact copy,"[""color:$local$\\palettes\\font_dark.pcx"", ""font:$local$\\fonts\\font12.fnt"", ""include:$local$\\briefings.txt 08 1""]",,SOURCE_COMPLETE (parsed by cultures_hlt),Map data
2125,data\maps\tutorial_001\text\eng\briefings\0017.hlt,HLT,122,69a26b7774e7921d212847431f018db26ec9edecb8d2e157c4541032613e4c3c,Metadata/Sources/Raw/data/maps/tutorial_001/text/eng/briefings/0017.hlt,bit-exact copy,"[""color:$local$\\palettes\\font_dark.pcx"", ""font:$local$\\fonts\\font12.fnt"", ""include:$local$\\briefings.txt 17 1""]",,SOURCE_COMPLETE (parsed by cultures_hlt),Map data
2126,data\maps\tutorial_002\text\eng\briefings\0007.hlt,HLT,153,753a03a5bf1dce245b69833079c99005344783ba5ca748fa410a6fbfb43c2395,Metadata/Sources/Raw/data/maps/tutorial_002/text/eng/briefings/0007.hlt,bit-exact copy,"[""color:$local$\\palettes\\font_dark.pcx"", ""font:$local$\\fonts\\font12.fnt"", ""include:$local$\\briefings.txt 07 1""]",,SOURCE_COMPLETE (parsed by cultures_hlt),Map data
2127,data\maps\tutorial_002\text\eng\briefings\0016.hlt,HLT,120,9e3d28adf37de2380b07859ce21e10eb61cd7b441fa93c4b5bde7a3b92f00773,Metadata/Sources/Raw/data/maps/tutorial_002/text/eng/briefings/0016.hlt,bit-exact copy,"[""color:$local$\\palettes\\font_dark.pcx"", ""font:$local$\\fonts\\font12.fnt"", ""include:$local$\\briefings.txt 16 1""]",,SOURCE_COMPLETE (parsed by cultures_hlt),Map data
2128,data\maps\tutorial_003\text\eng\briefings\0006.hlt,HLT,120,9eca22a641dd4762a69487968164e050a401d07bbdb58ea1640d7a52be1bd6c9,Metadata/Sources/Raw/data/maps/tutorial_003/text/eng/briefings/0006.hlt,bit-exact copy,"[""color:$local$\\palettes\\font_dark.pcx"", ""font:$local$\\fonts\\font12.fnt"", ""include:$local$\\briefings.txt 06 1""]",,SOURCE_COMPLETE (parsed by cultures_hlt),Map data
2129,data\maps\tutorial_003\text\eng\briefings\0015.hlt,HLT,120,72e6c705f5387e04e8d584a296462ad5207b4acfb93b3270bcec9be2ea298a92,Metadata/Sources/Raw/data/maps/tutorial_003/text/eng/briefings/0015.hlt,bit-exact copy,"[""color:$local$\\palettes\\font_dark.pcx"", ""font:$local$\\fonts\\font12.fnt"", ""include:$local$\\briefings.txt 15 1""]",,SOURCE_COMPLETE (parsed by cultures_hlt),Map data
2130,data\maps\tutorial_004\text\eng\briefings\0005.hlt,HLT,120,bb662b5501646cd354327a3c36a3e8f46769d88147e2033b811118272eca3b72,Metadata/Sources/Raw/data/maps/tutorial_004/text/eng/briefings/0005.hlt,bit-exact copy,"[""color:$local$\\palettes\\font_dark.pcx"", ""font:$local$\\fonts\\font12.fnt"", ""include:$local$\\briefings.txt 05 1""]",,SOURCE_COMPLETE (parsed by cultures_hlt),Map data
2131,data\maps\tutorial_004\text\eng\briefings\0014.hlt,HLT,122,7d0b229acf7152782e8e5c380f39a5688cb737585452d0187531cb3c9f3f1ebd,Metadata/Sources/Raw/data/maps/tutorial_004/text/eng/briefings/0014.hlt,bit-exact copy,"[""color:$local$\\palettes\\font_dark.pcx"", ""font:$local$\\fonts\\font12.fnt"", ""include:$local$\\briefings.txt 14 1""]",,SOURCE_COMPLETE (parsed by cultures_hlt),Map data
2132,data\maps\tutorial_004\text\eng\briefings\0050.hlt,HLT,347,07bd69dd9dfd4b33f8be51349e775d3fb1bbbb13d9a308db6185215af3c8d95e,Metadata/Sources/Raw/data/maps/tutorial_004/text/eng/briefings/0050.hlt,bit-exact copy,"[""color:$local$\\palettes\\font_dark.pcx"", ""font:$local$\\fonts\\font12.fnt"", ""font:$local$\\fonts\\fonthead16bld.fnt"", ""include:$local$\\briefings.txt 50_end 1"", ""include:$local$\\briefings.txt 50_end1 1"", ""include:$local$\\briefings.txt 50_endheader 1"", ""picture:$local$\\graphics\\2-1-01.pcx""]",,SOURCE_COMPLETE (parsed by cultures_hlt),Map data
2133,data\maps\tutorial_005\text\eng\briefings\0004.hlt,HLT,120,74f4398807f1563399a7c688bd5000820dc985deb43e671c5a89e43e4bbf5231,Metadata/Sources/Raw/data/maps/tutorial_005/text/eng/briefings/0004.hlt,bit-exact copy,"[""color:$local$\\palettes\\font_dark.pcx"", ""font:$local$\\fonts\\font12.fnt"", ""include:$local$\\briefings.txt 04 1""]",,SOURCE_COMPLETE (parsed by cultures_hlt),Map data
2134,data\maps\tutorial_005\text\eng\briefings\0013.hlt,HLT,122,82495c851ea1e859eaf19450503a18b50a4e727d350bde1b04ce58f8e4a40277,Metadata/Sources/Raw/data/maps/tutorial_005/text/eng/briefings/0013.hlt,bit-exact copy,"[""color:$local$\\palettes\\font_dark.pcx"", ""font:$local$\\fonts\\font12.fnt"", ""include:$local$\\briefings.txt 13 1""]",,SOURCE_COMPLETE (parsed by cultures_hlt),Map data
2135,data\maps\tutorial_006\text\eng\briefings\0003.hlt,HLT,153,d39f46c3108e7d1645248df7886d0314fd07d35a72c8027f423bc432a0746928,Metadata/Sources/Raw/data/maps/tutorial_006/text/eng/briefings/0003.hlt,bit-exact copy,"[""color:$local$\\palettes\\font_dark.pcx"", ""font:$local$\\fonts\\font12.fnt"", ""include:$local$\\briefings.txt 03 1""]",,SOURCE_COMPLETE (parsed by cultures_hlt),Map data
2136,data\maps\tutorial_006\text\eng\briefings\0012.hlt,HLT,154,afc7ddbd836da99496e6da6af812dbcbda8d66c18168011c3a224613cbefba16,Metadata/Sources/Raw/data/maps/tutorial_006/text/eng/briefings/0012.hlt,bit-exact copy,"[""color:$local$\\palettes\\font_dark.pcx"", ""font:$local$\\fonts\\font12.fnt"", ""include:$local$\\briefings.txt 12 1""]",,SOURCE_COMPLETE (parsed by cultures_hlt),Map data
2137,data\maps\tutorial_006\text\eng\briefings\0021.hlt,HLT,120,f9225a542f4a7489128b6200b4839bd2310d19ebde3b2905ddc312a5e3e7c5d7,Metadata/Sources/Raw/data/maps/tutorial_006/text/eng/briefings/0021.hlt,bit-exact copy,"[""color:$local$\\palettes\\font_dark.pcx"", ""font:$local$\\fonts\\font12.fnt"", ""include:$local$\\briefings.txt 21 1""]",,SOURCE_COMPLETE (parsed by cultures_hlt),Map data
2138,data\maps\tutorial_007\text\eng\briefings\0002.hlt,HLT,122,2afb09e3e36aee93b979fe8b970af3f214bc38dfc30a71705d0ad62db4e0394d,Metadata/Sources/Raw/data/maps/tutorial_007/text/eng/briefings/0002.hlt,bit-exact copy,"[""color:$local$\\palettes\\font_dark.pcx"", ""font:$local$\\fonts\\font12.fnt"", ""include:$local$\\briefings.txt 02 1""]",,SOURCE_COMPLETE (parsed by cultures_hlt),Map data
2139,data\maps\tutorial_007\text\eng\briefings\0011.hlt,HLT,152,f0928e507a28e8e4f7cf1b1eee65904d985055097404f4c52d1977e3d70622bc,Metadata/Sources/Raw/data/maps/tutorial_007/text/eng/briefings/0011.hlt,bit-exact copy,"[""color:$local$\\palettes\\font_dark.pcx"", ""font:$local$\\fonts\\font12.fnt"", ""include:$local$\\briefings.txt 11 1""]",,SOURCE_COMPLETE (parsed by cultures_hlt),Map data
2140,data\maps\tutorial_007\text\eng\briefings\0020.hlt,HLT,122,e2c14e8f1689eacca8d9e2d9dd1c2644dce437624a41f14c581a661aa148f581,Metadata/Sources/Raw/data/maps/tutorial_007/text/eng/briefings/0020.hlt,bit-exact copy,"[""color:$local$\\palettes\\font_dark.pcx"", ""font:$local$\\fonts\\font12.fnt"", ""include:$local$\\briefings.txt 20 1""]",,SOURCE_COMPLETE (parsed by cultures_hlt),Map data
2151,data\maps\campaign_03_01_sub\text\eng\briefings\0002.hlt,HLT,124,7e58c9c49d3f776b44d2afa1056e9a3d67704124613dc0d2d5a2bee85b367fb5,Metadata/Sources/Raw/data/maps/campaign_03_01_sub/text/eng/briefings/0002.hlt,bit-exact copy,"[""color:$local$\\palettes\\font_dark.pcx"", ""font:$local$\\fonts\\font12.fnt"", ""include:$local$\\briefings.txt 02 1""]",,SOURCE_COMPLETE (parsed by cultures_hlt),Map data
2152,data\maps\campaign_03_01_sub\text\eng\briefings\0200.hlt,HLT,152,48b4c39996b3540d236b4296fc153b41081f754ba29ffa6bbf4f82a6f846187f,Metadata/Sources/Raw/data/maps/campaign_03_01_sub/text/eng/briefings/0200.hlt,bit-exact copy,"[""color:$local$\\palettes\\font_dark.pcx"", ""font:$local$\\fonts\\font12.fnt"", ""include:$local$\\briefings.txt 200 1""]",,SOURCE_COMPLETE (parsed by cultures_hlt),Map data
2153,data\maps\campaign_03_02_sub\text\eng\briefings\0001.hlt,HLT,128,7a3bffb8cca51376b9eca18d76122c26a06b2602caedbad5a5a37e236c511be9,Metadata/Sources/Raw/data/maps/campaign_03_02_sub/text/eng/briefings/0001.hlt,bit-exact copy,"[""color:$local$\\palettes\\font_dark.pcx"", ""font:$local$\\fonts\\font12.fnt"", ""include:$local$\\briefings.txt 01 1""]",,SOURCE_COMPLETE (parsed by cultures_hlt),Map data
2154,data\maps\campaign_03_02_sub\text\eng\briefings\0010.hlt,HLT,152,7d010e05c5539f4d93faf0f4ca132c5846f5373ff4111bb8cd57c4dccbd35384,Metadata/Sources/Raw/data/maps/campaign_03_02_sub/text/eng/briefings/0010.hlt,bit-exact copy,"[""color:$local$\\palettes\\font_dark.pcx"", ""font:$local$\\fonts\\font12.fnt"", ""include:$local$\\briefings.txt 10 1""]",,SOURCE_COMPLETE (parsed by cultures_hlt),Map data
2155,data\maps\campaign_03_02_sub\text\eng\briefings\0100.hlt,HLT,152,a15611856c6c61b10b31785fd9691f7b70dd8871b3cadb94558bdea1e5333758,Metadata/Sources/Raw/data/maps/campaign_03_02_sub/text/eng/briefings/0100.hlt,bit-exact copy,"[""color:$local$\\palettes\\font_dark.pcx"", ""font:$local$\\fonts\\font12.fnt"", ""include:$local$\\briefings.txt 100 1""]",,SOURCE_COMPLETE (parsed by cultures_hlt),Map data
2157,data\maps\tutorial_001\text\eng\briefings\0009.hlt,HLT,120,f3e9641c5ed25df2314a36ca5d8955bb7ee42c0624a6258b9d3505d8ad550ab7,Metadata/Sources/Raw/data/maps/tutorial_001/text/eng/briefings/0009.hlt,bit-exact copy,"[""color:$local$\\palettes\\font_dark.pcx"", ""font:$local$\\fonts\\font12.fnt"", ""include:$local$\\briefings.txt 09 1""]",,SOURCE_COMPLETE (parsed by cultures_hlt),Map data
2158,data\maps\tutorial_001\text\eng\briefings\0018.hlt,HLT,122,7aaf4f3b648347322bc67a679f7221c11b7878365a77ef54fb32c7cb53ac8874,Metadata/Sources/Raw/data/maps/tutorial_001/text/eng/briefings/0018.hlt,bit-exact copy,"[""color:$local$\\palettes\\font_dark.pcx"", ""font:$local$\\fonts\\font12.fnt"", ""include:$local$\\briefings.txt 18 1""]",,SOURCE_COMPLETE (parsed by cultures_hlt),Map data
2159,data\maps\tutorial_002\text\eng\briefings\0008.hlt,HLT,153,476209e4c764b3be00a73d28aa7ecce50f22bf62e41c81ba2346f170caf0d5b5,Metadata/Sources/Raw/data/maps/tutorial_002/text/eng/briefings/0008.hlt,bit-exact copy,"[""color:$local$\\palettes\\font_dark.pcx"", ""font:$local$\\fonts\\font12.fnt"", ""include:$local$\\briefings.txt 08 1""]",,SOURCE_COMPLETE (parsed by cultures_hlt),Map data
2160,data\maps\tutorial_002\text\eng\briefings\0017.hlt,HLT,122,69a26b7774e7921d212847431f018db26ec9edecb8d2e157c4541032613e4c3c,Metadata/Sources/Raw/data/maps/tutorial_002/text/eng/briefings/0017.hlt,bit-exact copy,"[""color:$local$\\palettes\\font_dark.pcx"", ""font:$local$\\fonts\\font12.fnt"", ""include:$local$\\briefings.txt 17 1""]",,SOURCE_COMPLETE (parsed by cultures_hlt),Map data
2161,data\maps\tutorial_003\text\eng\briefings\0007.hlt,HLT,120,84603cbb44e5359eba1c8e92b8a2291cbb02c381d17cb5620b653ddaf6515414,Metadata/Sources/Raw/data/maps/tutorial_003/text/eng/briefings/0007.hlt,bit-exact copy,"[""color:$local$\\palettes\\font_dark.pcx"", ""font:$local$\\fonts\\font12.fnt"", ""include:$local$\\briefings.txt 07 1""]",,SOURCE_COMPLETE (parsed by cultures_hlt),Map data
2162,data\maps\tutorial_003\text\eng\briefings\0016.hlt,HLT,120,9e3d28adf37de2380b07859ce21e10eb61cd7b441fa93c4b5bde7a3b92f00773,Metadata/Sources/Raw/data/maps/tutorial_003/text/eng/briefings/0016.hlt,bit-exact copy,"[""color:$local$\\palettes\\font_dark.pcx"", ""font:$local$\\fonts\\font12.fnt"", ""include:$local$\\briefings.txt 16 1""]",,SOURCE_COMPLETE (parsed by cultures_hlt),Map data
2163,data\maps\tutorial_004\text\eng\briefings\0006.hlt,HLT,153,e5face9314ef2dcaf9c5e2f87a22f6de81276216e1cbbadf9aa5a979e730f416,Metadata/Sources/Raw/data/maps/tutorial_004/text/eng/briefings/0006.hlt,bit-exact copy,"[""color:$local$\\palettes\\font_dark.pcx"", ""font:$local$\\fonts\\font12.fnt"", ""include:$local$\\briefings.txt 06 1""]",,SOURCE_COMPLETE (parsed by cultures_hlt),Map data
2164,data\maps\tutorial_004\text\eng\briefings\0015.hlt,HLT,120,72e6c705f5387e04e8d584a296462ad5207b4acfb93b3270bcec9be2ea298a92,Metadata/Sources/Raw/data/maps/tutorial_004/text/eng/briefings/0015.hlt,bit-exact copy,"[""color:$local$\\palettes\\font_dark.pcx"", ""font:$local$\\fonts\\font12.fnt"", ""include:$local$\\briefings.txt 15 1""]",,SOURCE_COMPLETE (parsed by cultures_hlt),Map data
2165,data\maps\tutorial_005\text\eng\briefings\0005.hlt,HLT,120,bb662b5501646cd354327a3c36a3e8f46769d88147e2033b811118272eca3b72,Metadata/Sources/Raw/data/maps/tutorial_005/text/eng/briefings/0005.hlt,bit-exact copy,"[""color:$local$\\palettes\\font_dark.pcx"", ""font:$local$\\fonts\\font12.fnt"", ""include:$local$\\briefings.txt 05 1""]",,SOURCE_COMPLETE (parsed by cultures_hlt),Map data
2166,data\maps\tutorial_005\text\eng\briefings\0014.hlt,HLT,122,7d0b229acf7152782e8e5c380f39a5688cb737585452d0187531cb3c9f3f1ebd,Metadata/Sources/Raw/data/maps/tutorial_005/text/eng/briefings/0014.hlt,bit-exact copy,"[""color:$local$\\palettes\\font_dark.pcx"", ""font:$local$\\fonts\\font12.fnt"", ""include:$local$\\briefings.txt 14 1""]",,SOURCE_COMPLETE (parsed by cultures_hlt),Map data
2167,data\maps\tutorial_005\text\eng\briefings\0050.hlt,HLT,347,07bd69dd9dfd4b33f8be51349e775d3fb1bbbb13d9a308db6185215af3c8d95e,Metadata/Sources/Raw/data/maps/tutorial_005/text/eng/briefings/0050.hlt,bit-exact copy,"[""color:$local$\\palettes\\font_dark.pcx"", ""font:$local$\\fonts\\font12.fnt"", ""font:$local$\\fonts\\fonthead16bld.fnt"", ""include:$local$\\briefings.txt 50_end 1"", ""include:$local$\\briefings.txt 50_end1 1"", ""include:$local$\\briefings.txt 50_endheader 1"", ""picture:$local$\\graphics\\2-1-01.pcx""]",,SOURCE_COMPLETE (parsed by cultures_hlt),Map data
2168,data\maps\tutorial_006\text\eng\briefings\0004.hlt,HLT,152,a4f41d6f6b8ff7a152c1768ff49e16782a6f2f81b3131e0c9ae56c054f387e5b,Metadata/Sources/Raw/data/maps/tutorial_006/text/eng/briefings/0004.hlt,bit-exact copy,"[""color:$local$\\palettes\\font_dark.pcx"", ""font:$local$\\fonts\\font12.fnt"", ""include:$local$\\briefings.txt 04 1""]",,SOURCE_COMPLETE (parsed by cultures_hlt),Map data
2169,data\maps\tutorial_006\text\eng\briefings\0013.hlt,HLT,122,82495c851ea1e859eaf19450503a18b50a4e727d350bde1b04ce58f8e4a40277,Metadata/Sources/Raw/data/maps/tutorial_006/text/eng/briefings/0013.hlt,bit-exact copy,"[""color:$local$\\palettes\\font_dark.pcx"", ""font:$local$\\fonts\\font12.fnt"", ""include:$local$\\briefings.txt 13 1""]",,SOURCE_COMPLETE (parsed by cultures_hlt),Map data
2170,data\maps\tutorial_007\text\eng\briefings\0003.hlt,HLT,120,e53aaf83a3a9c60152ca5077b5428aab59fc70c33a645c266bae8d6c54537a7a,Metadata/Sources/Raw/data/maps/tutorial_007/text/eng/briefings/0003.hlt,bit-exact copy,"[""color:$local$\\palettes\\font_dark.pcx"", ""font:$local$\\fonts\\font12.fnt"", ""include:$local$\\briefings.txt 03 1""]",,SOURCE_COMPLETE (parsed by cultures_hlt),Map data
2171,data\maps\tutorial_007\text\eng\briefings\0012.hlt,HLT,154,f93e99b9eb4d1fcda77aee3b237ef14247f92d664ea819da86f6ace74062a81c,Metadata/Sources/Raw/data/maps/tutorial_007/text/eng/briefings/0012.hlt,bit-exact copy,"[""color:$local$\\palettes\\font_dark.pcx"", ""font:$local$\\fonts\\font12.fnt"", ""include:$local$\\briefings.txt 12 1""]",,SOURCE_COMPLETE (parsed by cultures_hlt),Map data
2172,data\text\eng\hypertext\credits\index.hlt,HLT,2887,47b9f49bdd6554b944734fb7dac3773cb14ef0e945c552a0ffc52ba58e5b2b42,Metadata/Sources/Raw/data/text/eng/hypertext/credits/index.hlt,bit-exact copy,"[""color:$local$\\palettes\\font_white.pcx"", ""font:$local$\\fonts\\font10.fnt"", ""picture:$local$\\graphics\\funatics.pcx""]",,SOURCE_COMPLETE (parsed by cultures_hlt),Hypertext
2182,data\maps\campaign_03_01_sub\text\eng\briefings\0003.hlt,HLT,152,b510a42e7edbe4c5d4cf84160a60a6d70e16c983c8c3c1f275714ff4c3799beb,Metadata/Sources/Raw/data/maps/campaign_03_01_sub/text/eng/briefings/0003.hlt,bit-exact copy,"[""color:$local$\\palettes\\font_dark.pcx"", ""font:$local$\\fonts\\font12.fnt"", ""include:$local$\\briefings.txt 03 1""]",,SOURCE_COMPLETE (parsed by cultures_hlt),Map data
2183,data\maps\campaign_03_01_sub\text\eng\briefings\0300.hlt,HLT,152,ce8834cfa0e123291ce0338a60a4ee27a8a6c678db2cf8214749436d7605fdf4,Metadata/Sources/Raw/data/maps/campaign_03_01_sub/text/eng/briefings/0300.hlt,bit-exact copy,"[""color:$local$\\palettes\\font_dark.pcx"", ""font:$local$\\fonts\\font12.fnt"", ""include:$local$\\briefings.txt 300 1""]",,SOURCE_COMPLETE (parsed by cultures_hlt),Map data
2184,data\maps\campaign_03_02_sub\text\eng\briefings\0002.hlt,HLT,124,7e58c9c49d3f776b44d2afa1056e9a3d67704124613dc0d2d5a2bee85b367fb5,Metadata/Sources/Raw/data/maps/campaign_03_02_sub/text/eng/briefings/0002.hlt,bit-exact copy,"[""color:$local$\\palettes\\font_dark.pcx"", ""font:$local$\\fonts\\font12.fnt"", ""include:$local$\\briefings.txt 02 1""]",,SOURCE_COMPLETE (parsed by cultures_hlt),Map data
2185,data\maps\campaign_03_02_sub\text\eng\briefings\0200.hlt,HLT,152,48b4c39996b3540d236b4296fc153b41081f754ba29ffa6bbf4f82a6f846187f,Metadata/Sources/Raw/data/maps/campaign_03_02_sub/text/eng/briefings/0200.hlt,bit-exact copy,"[""color:$local$\\palettes\\font_dark.pcx"", ""font:$local$\\fonts\\font12.fnt"", ""include:$local$\\briefings.txt 200 1""]",,SOURCE_COMPLETE (parsed by cultures_hlt),Map data
2189,data\maps\tutorial_001\text\eng\briefings\0019.hlt,HLT,122,5a4ba15b1ee6177ded5e3e23269a3b34de33ce0aa7680d00f78942ad07439744,Metadata/Sources/Raw/data/maps/tutorial_001/text/eng/briefings/0019.hlt,bit-exact copy,"[""color:$local$\\palettes\\font_dark.pcx"", ""font:$local$\\fonts\\font12.fnt"", ""include:$local$\\briefings.txt 19 1""]",,SOURCE_COMPLETE (parsed by cultures_hlt),Map data
2190,data\maps\tutorial_002\text\eng\briefings\0009.hlt,HLT,120,f3e9641c5ed25df2314a36ca5d8955bb7ee42c0624a6258b9d3505d8ad550ab7,Metadata/Sources/Raw/data/maps/tutorial_002/text/eng/briefings/0009.hlt,bit-exact copy,"[""color:$local$\\palettes\\font_dark.pcx"", ""font:$local$\\fonts\\font12.fnt"", ""include:$local$\\briefings.txt 09 1""]",,SOURCE_COMPLETE (parsed by cultures_hlt),Map data
2191,data\maps\tutorial_002\text\eng\briefings\0018.hlt,HLT,122,7aaf4f3b648347322bc67a679f7221c11b7878365a77ef54fb32c7cb53ac8874,Metadata/Sources/Raw/data/maps/tutorial_002/text/eng/briefings/0018.hlt,bit-exact copy,"[""color:$local$\\palettes\\font_dark.pcx"", ""font:$local$\\fonts\\font12.fnt"", ""include:$local$\\briefings.txt 18 1""]",,SOURCE_COMPLETE (parsed by cultures_hlt),Map data
2192,data\maps\tutorial_003\text\eng\briefings\0008.hlt,HLT,120,13ba5706c92e2a22cb90595364f45d73a5ccef1f2420c1ec794bd3445c801a3e,Metadata/Sources/Raw/data/maps/tutorial_003/text/eng/briefings/0008.hlt,bit-exact copy,"[""color:$local$\\palettes\\font_dark.pcx"", ""font:$local$\\fonts\\font12.fnt"", ""include:$local$\\briefings.txt 08 1""]",,SOURCE_COMPLETE (parsed by cultures_hlt),Map data
2193,data\maps\tutorial_003\text\eng\briefings\0017.hlt,HLT,122,69a26b7774e7921d212847431f018db26ec9edecb8d2e157c4541032613e4c3c,Metadata/Sources/Raw/data/maps/tutorial_003/text/eng/briefings/0017.hlt,bit-exact copy,"[""color:$local$\\palettes\\font_dark.pcx"", ""font:$local$\\fonts\\font12.fnt"", ""include:$local$\\briefings.txt 17 1""]",,SOURCE_COMPLETE (parsed by cultures_hlt),Map data
2194,data\maps\tutorial_004\text\eng\briefings\0007.hlt,HLT,120,84603cbb44e5359eba1c8e92b8a2291cbb02c381d17cb5620b653ddaf6515414,Metadata/Sources/Raw/data/maps/tutorial_004/text/eng/briefings/0007.hlt,bit-exact copy,"[""color:$local$\\palettes\\font_dark.pcx"", ""font:$local$\\fonts\\font12.fnt"", ""include:$local$\\briefings.txt 07 1""]",,SOURCE_COMPLETE (parsed by cultures_hlt),Map data
2195,data\maps\tutorial_004\text\eng\briefings\0016.hlt,HLT,120,9e3d28adf37de2380b07859ce21e10eb61cd7b441fa93c4b5bde7a3b92f00773,Metadata/Sources/Raw/data/maps/tutorial_004/text/eng/briefings/0016.hlt,bit-exact copy,"[""color:$local$\\palettes\\font_dark.pcx"", ""font:$local$\\fonts\\font12.fnt"", ""include:$local$\\briefings.txt 16 1""]",,SOURCE_COMPLETE (parsed by cultures_hlt),Map data
2196,data\maps\tutorial_005\text\eng\briefings\0006.hlt,HLT,153,849cc35a24dfce36aaaa2b6cc88781298f906c9d60276f6500942619c8f0f4c1,Metadata/Sources/Raw/data/maps/tutorial_005/text/eng/briefings/0006.hlt,bit-exact copy,"[""color:$local$\\palettes\\font_dark.pcx"", ""font:$local$\\fonts\\font12.fnt"", ""include:$local$\\briefings.txt 06 1""]",,SOURCE_COMPLETE (parsed by cultures_hlt),Map data
2197,data\maps\tutorial_005\text\eng\briefings\0015.hlt,HLT,120,72e6c705f5387e04e8d584a296462ad5207b4acfb93b3270bcec9be2ea298a92,Metadata/Sources/Raw/data/maps/tutorial_005/text/eng/briefings/0015.hlt,bit-exact copy,"[""color:$local$\\palettes\\font_dark.pcx"", ""font:$local$\\fonts\\font12.fnt"", ""include:$local$\\briefings.txt 15 1""]",,SOURCE_COMPLETE (parsed by cultures_hlt),Map data
2198,data\maps\tutorial_006\text\eng\briefings\0005.hlt,HLT,120,bb662b5501646cd354327a3c36a3e8f46769d88147e2033b811118272eca3b72,Metadata/Sources/Raw/data/maps/tutorial_006/text/eng/briefings/0005.hlt,bit-exact copy,"[""color:$local$\\palettes\\font_dark.pcx"", ""font:$local$\\fonts\\font12.fnt"", ""include:$local$\\briefings.txt 05 1""]",,SOURCE_COMPLETE (parsed by cultures_hlt),Map data
2199,data\maps\tutorial_006\text\eng\briefings\0014.hlt,HLT,122,7d0b229acf7152782e8e5c380f39a5688cb737585452d0187531cb3c9f3f1ebd,Metadata/Sources/Raw/data/maps/tutorial_006/text/eng/briefings/0014.hlt,bit-exact copy,"[""color:$local$\\palettes\\font_dark.pcx"", ""font:$local$\\fonts\\font12.fnt"", ""include:$local$\\briefings.txt 14 1""]",,SOURCE_COMPLETE (parsed by cultures_hlt),Map data
2200,data\maps\tutorial_007\text\eng\briefings\0004.hlt,HLT,122,943be70eeb8c8f805b8419bc749c66d45cf2e9557158d364f7164fac9f39fa55,Metadata/Sources/Raw/data/maps/tutorial_007/text/eng/briefings/0004.hlt,bit-exact copy,"[""color:$local$\\palettes\\font_dark.pcx"", ""font:$local$\\fonts\\font12.fnt"", ""include:$local$\\briefings.txt 04 1""]",,SOURCE_COMPLETE (parsed by cultures_hlt),Map data
2201,data\maps\tutorial_007\text\eng\briefings\0013.hlt,HLT,122,82495c851ea1e859eaf19450503a18b50a4e727d350bde1b04ce58f8e4a40277,Metadata/Sources/Raw/data/maps/tutorial_007/text/eng/briefings/0013.hlt,bit-exact copy,"[""color:$local$\\palettes\\font_dark.pcx"", ""font:$local$\\fonts\\font12.fnt"", ""include:$local$\\briefings.txt 13 1""]",,SOURCE_COMPLETE (parsed by cultures_hlt),Map data
2209,data\maps\campaign_03_01_sub\text\eng\briefings\0004.hlt,HLT,152,ce07604aa0acf436ce63700a0dc90e9ab20af0136574ca2d6b133c82c1abd878,Metadata/Sources/Raw/data/maps/campaign_03_01_sub/text/eng/briefings/0004.hlt,bit-exact copy,"[""color:$local$\\palettes\\font_dark.pcx"", ""font:$local$\\fonts\\font12.fnt"", ""include:$local$\\briefings.txt 04 1""]",,SOURCE_COMPLETE (parsed by cultures_hlt),Map data
2210,data\maps\campaign_03_01_sub\text\eng\briefings\0400.hlt,HLT,152,93ddd1fe3f1323218a0daa77b237dfd5b7eec379bd2dcb44e9acfeca56ccbc41,Metadata/Sources/Raw/data/maps/campaign_03_01_sub/text/eng/briefings/0400.hlt,bit-exact copy,"[""color:$local$\\palettes\\font_dark.pcx"", ""font:$local$\\fonts\\font12.fnt"", ""include:$local$\\briefings.txt 400 1""]",,SOURCE_COMPLETE (parsed by cultures_hlt),Map data
2211,data\maps\campaign_03_02_sub\text\eng\briefings\0003.hlt,HLT,122,4fce3cff20f25fa881c52c06b66af213370c89cd40374d087ccccb6b3ba33cc9,Metadata/Sources/Raw/data/maps/campaign_03_02_sub/text/eng/briefings/0003.hlt,bit-exact copy,"[""color:$local$\\palettes\\font_dark.pcx"", ""font:$local$\\fonts\\font12.fnt"", ""include:$local$\\briefings.txt 03 1""]",,SOURCE_COMPLETE (parsed by cultures_hlt),Map data
2212,data\maps\campaign_03_02_sub\text\eng\briefings\0300.hlt,HLT,152,ce8834cfa0e123291ce0338a60a4ee27a8a6c678db2cf8214749436d7605fdf4,Metadata/Sources/Raw/data/maps/campaign_03_02_sub/text/eng/briefings/0300.hlt,bit-exact copy,"[""color:$local$\\palettes\\font_dark.pcx"", ""font:$local$\\fonts\\font12.fnt"", ""include:$local$\\briefings.txt 300 1""]",,SOURCE_COMPLETE (parsed by cultures_hlt),Map data
2215,data\maps\tutorial_002\text\eng\briefings\0019.hlt,HLT,122,5a4ba15b1ee6177ded5e3e23269a3b34de33ce0aa7680d00f78942ad07439744,Metadata/Sources/Raw/data/maps/tutorial_002/text/eng/briefings/0019.hlt,bit-exact copy,"[""color:$local$\\palettes\\font_dark.pcx"", ""font:$local$\\fonts\\font12.fnt"", ""include:$local$\\briefings.txt 19 1""]",,SOURCE_COMPLETE (parsed by cultures_hlt),Map data
2216,data\maps\tutorial_003\text\eng\briefings\0009.hlt,HLT,120,f3e9641c5ed25df2314a36ca5d8955bb7ee42c0624a6258b9d3505d8ad550ab7,Metadata/Sources/Raw/data/maps/tutorial_003/text/eng/briefings/0009.hlt,bit-exact copy,"[""color:$local$\\palettes\\font_dark.pcx"", ""font:$local$\\fonts\\font12.fnt"", ""include:$local$\\briefings.txt 09 1""]",,SOURCE_COMPLETE (parsed by cultures_hlt),Map data
2217,data\maps\tutorial_003\text\eng\briefings\0018.hlt,HLT,122,7aaf4f3b648347322bc67a679f7221c11b7878365a77ef54fb32c7cb53ac8874,Metadata/Sources/Raw/data/maps/tutorial_003/text/eng/briefings/0018.hlt,bit-exact copy,"[""color:$local$\\palettes\\font_dark.pcx"", ""font:$local$\\fonts\\font12.fnt"", ""include:$local$\\briefings.txt 18 1""]",,SOURCE_COMPLETE (parsed by cultures_hlt),Map data
2218,data\maps\tutorial_004\text\eng\briefings\0008.hlt,HLT,120,13ba5706c92e2a22cb90595364f45d73a5ccef1f2420c1ec794bd3445c801a3e,Metadata/Sources/Raw/data/maps/tutorial_004/text/eng/briefings/0008.hlt,bit-exact copy,"[""color:$local$\\palettes\\font_dark.pcx"", ""font:$local$\\fonts\\font12.fnt"", ""include:$local$\\briefings.txt 08 1""]",,SOURCE_COMPLETE (parsed by cultures_hlt),Map data
2219,data\maps\tutorial_004\text\eng\briefings\0017.hlt,HLT,122,69a26b7774e7921d212847431f018db26ec9edecb8d2e157c4541032613e4c3c,Metadata/Sources/Raw/data/maps/tutorial_004/text/eng/briefings/0017.hlt,bit-exact copy,"[""color:$local$\\palettes\\font_dark.pcx"", ""font:$local$\\fonts\\font12.fnt"", ""include:$local$\\briefings.txt 17 1""]",,SOURCE_COMPLETE (parsed by cultures_hlt),Map data
2220,data\maps\tutorial_005\text\eng\briefings\0007.hlt,HLT,120,84603cbb44e5359eba1c8e92b8a2291cbb02c381d17cb5620b653ddaf6515414,Metadata/Sources/Raw/data/maps/tutorial_005/text/eng/briefings/0007.hlt,bit-exact copy,"[""color:$local$\\palettes\\font_dark.pcx"", ""font:$local$\\fonts\\font12.fnt"", ""include:$local$\\briefings.txt 07 1""]",,SOURCE_COMPLETE (parsed by cultures_hlt),Map data
2221,data\maps\tutorial_005\text\eng\briefings\0016.hlt,HLT,120,9e3d28adf37de2380b07859ce21e10eb61cd7b441fa93c4b5bde7a3b92f00773,Metadata/Sources/Raw/data/maps/tutorial_005/text/eng/briefings/0016.hlt,bit-exact copy,"[""color:$local$\\palettes\\font_dark.pcx"", ""font:$local$\\fonts\\font12.fnt"", ""include:$local$\\briefings.txt 16 1""]",,SOURCE_COMPLETE (parsed by cultures_hlt),Map data
2222,data\maps\tutorial_006\text\eng\briefings\0006.hlt,HLT,153,e5face9314ef2dcaf9c5e2f87a22f6de81276216e1cbbadf9aa5a979e730f416,Metadata/Sources/Raw/data/maps/tutorial_006/text/eng/briefings/0006.hlt,bit-exact copy,"[""color:$local$\\palettes\\font_dark.pcx"", ""font:$local$\\fonts\\font12.fnt"", ""include:$local$\\briefings.txt 06 1""]",,SOURCE_COMPLETE (parsed by cultures_hlt),Map data
2223,data\maps\tutorial_006\text\eng\briefings\0015.hlt,HLT,120,72e6c705f5387e04e8d584a296462ad5207b4acfb93b3270bcec9be2ea298a92,Metadata/Sources/Raw/data/maps/tutorial_006/text/eng/briefings/0015.hlt,bit-exact copy,"[""color:$local$\\palettes\\font_dark.pcx"", ""font:$local$\\fonts\\font12.fnt"", ""include:$local$\\briefings.txt 15 1""]",,SOURCE_COMPLETE (parsed by cultures_hlt),Map data
2224,data\maps\tutorial_007\text\eng\briefings\0005.hlt,HLT,153,953216ac2ba1cf34fcfe19fdb4075da6161fb39ec8002cc7d881a17a397ebfbc,Metadata/Sources/Raw/data/maps/tutorial_007/text/eng/briefings/0005.hlt,bit-exact copy,"[""color:$local$\\palettes\\font_dark.pcx"", ""font:$local$\\fonts\\font12.fnt"", ""include:$local$\\briefings.txt 05 1""]",,SOURCE_COMPLETE (parsed by cultures_hlt),Map data
2225,data\maps\tutorial_007\text\eng\briefings\0014.hlt,HLT,122,7d0b229acf7152782e8e5c380f39a5688cb737585452d0187531cb3c9f3f1ebd,Metadata/Sources/Raw/data/maps/tutorial_007/text/eng/briefings/0014.hlt,bit-exact copy,"[""color:$local$\\palettes\\font_dark.pcx"", ""font:$local$\\fonts\\font12.fnt"", ""include:$local$\\briefings.txt 14 1""]",,SOURCE_COMPLETE (parsed by cultures_hlt),Map data
2226,data\maps\tutorial_007\text\eng\briefings\0050.hlt,HLT,347,07bd69dd9dfd4b33f8be51349e775d3fb1bbbb13d9a308db6185215af3c8d95e,Metadata/Sources/Raw/data/maps/tutorial_007/text/eng/briefings/0050.hlt,bit-exact copy,"[""color:$local$\\palettes\\font_dark.pcx"", ""font:$local$\\fonts\\font12.fnt"", ""font:$local$\\fonts\\fonthead16bld.fnt"", ""include:$local$\\briefings.txt 50_end 1"", ""include:$local$\\briefings.txt 50_end1 1"", ""include:$local$\\briefings.txt 50_endheader 1"", ""picture:$local$\\graphics\\2-1-01.pcx""]",,SOURCE_COMPLETE (parsed by cultures_hlt),Map data
2239,data\maps\campaign_03_01_sub\text\eng\briefings\0005.hlt,HLT,151,1a342a213c4970508f53c84dc8b873ff0fc23a938cf6ae760f9fe4ee2086a02b,Metadata/Sources/Raw/data/maps/campaign_03_01_sub/text/eng/briefings/0005.hlt,bit-exact copy,"[""color:$local$\\palettes\\font_dark.pcx"", ""font:$local$\\fonts\\font12.fnt"", ""include:$local$\\briefings.txt 05 1""]",,SOURCE_COMPLETE (parsed by cultures_hlt),Map data
2240,data\maps\campaign_03_01_sub\text\eng\briefings\0050.hlt,HLT,380,29d3330ef5f693a6ac225eeda41eb04f5f1b375a5d6d7f9e20a226a017c01cc5,Metadata/Sources/Raw/data/maps/campaign_03_01_sub/text/eng/briefings/0050.hlt,bit-exact copy,"[""color:$local$\\palettes\\font_dark.pcx"", ""font:$local$\\fonts\\font12.fnt"", ""font:$local$\\fonts\\fonthead16bld.fnt"", ""include:$local$\\briefings.txt 50_end 1"", ""include:$local$\\briefings.txt 50_end1 1"", ""include:$local$\\briefings.txt 50_endheader 1"", ""picture:$local$\\graphics\\08_01.pcx""]",,SOURCE_COMPLETE (parsed by cultures_hlt),Map data
2241,data\maps\campaign_03_02_sub\text\eng\briefings\0004.hlt,HLT,122,943be70eeb8c8f805b8419bc749c66d45cf2e9557158d364f7164fac9f39fa55,Metadata/Sources/Raw/data/maps/campaign_03_02_sub/text/eng/briefings/0004.hlt,bit-exact copy,"[""color:$local$\\palettes\\font_dark.pcx"", ""font:$local$\\fonts\\font12.fnt"", ""include:$local$\\briefings.txt 04 1""]",,SOURCE_COMPLETE (parsed by cultures_hlt),Map data
2242,data\maps\campaign_03_02_sub\text\eng\briefings\0400.hlt,HLT,152,93ddd1fe3f1323218a0daa77b237dfd5b7eec379bd2dcb44e9acfeca56ccbc41,Metadata/Sources/Raw/data/maps/campaign_03_02_sub/text/eng/briefings/0400.hlt,bit-exact copy,"[""color:$local$\\palettes\\font_dark.pcx"", ""font:$local$\\fonts\\font12.fnt"", ""include:$local$\\briefings.txt 400 1""]",,SOURCE_COMPLETE (parsed by cultures_hlt),Map data
2245,data\maps\tutorial_003\text\eng\briefings\0019.hlt,HLT,122,5a4ba15b1ee6177ded5e3e23269a3b34de33ce0aa7680d00f78942ad07439744,Metadata/Sources/Raw/data/maps/tutorial_003/text/eng/briefings/0019.hlt,bit-exact copy,"[""color:$local$\\palettes\\font_dark.pcx"", ""font:$local$\\fonts\\font12.fnt"", ""include:$local$\\briefings.txt 19 1""]",,SOURCE_COMPLETE (parsed by cultures_hlt),Map data
2246,data\maps\tutorial_004\text\eng\briefings\0009.hlt,HLT,120,f3e9641c5ed25df2314a36ca5d8955bb7ee42c0624a6258b9d3505d8ad550ab7,Metadata/Sources/Raw/data/maps/tutorial_004/text/eng/briefings/0009.hlt,bit-exact copy,"[""color:$local$\\palettes\\font_dark.pcx"", ""font:$local$\\fonts\\font12.fnt"", ""include:$local$\\briefings.txt 09 1""]",,SOURCE_COMPLETE (parsed by cultures_hlt),Map data
2247,data\maps\tutorial_004\text\eng\briefings\0018.hlt,HLT,122,7aaf4f3b648347322bc67a679f7221c11b7878365a77ef54fb32c7cb53ac8874,Metadata/Sources/Raw/data/maps/tutorial_004/text/eng/briefings/0018.hlt,bit-exact copy,"[""color:$local$\\palettes\\font_dark.pcx"", ""font:$local$\\fonts\\font12.fnt"", ""include:$local$\\briefings.txt 18 1""]",,SOURCE_COMPLETE (parsed by cultures_hlt),Map data
2248,data\maps\tutorial_005\text\eng\briefings\0008.hlt,HLT,153,b148f313a3280c7976967bb5010b5e08b989a7a79e28cd02a4e0e0d17c54ca59,Metadata/Sources/Raw/data/maps/tutorial_005/text/eng/briefings/0008.hlt,bit-exact copy,"[""color:$local$\\palettes\\font_dark.pcx"", ""font:$local$\\fonts\\font12.fnt"", ""include:$local$\\briefings.txt 08 1""]",,SOURCE_COMPLETE (parsed by cultures_hlt),Map data
2249,data\maps\tutorial_005\text\eng\briefings\0017.hlt,HLT,122,69a26b7774e7921d212847431f018db26ec9edecb8d2e157c4541032613e4c3c,Metadata/Sources/Raw/data/maps/tutorial_005/text/eng/briefings/0017.hlt,bit-exact copy,"[""color:$local$\\palettes\\font_dark.pcx"", ""font:$local$\\fonts\\font12.fnt"", ""include:$local$\\briefings.txt 17 1""]",,SOURCE_COMPLETE (parsed by cultures_hlt),Map data
2250,data\maps\tutorial_006\text\eng\briefings\0007.hlt,HLT,120,84603cbb44e5359eba1c8e92b8a2291cbb02c381d17cb5620b653ddaf6515414,Metadata/Sources/Raw/data/maps/tutorial_006/text/eng/briefings/0007.hlt,bit-exact copy,"[""color:$local$\\palettes\\font_dark.pcx"", ""font:$local$\\fonts\\font12.fnt"", ""include:$local$\\briefings.txt 07 1""]",,SOURCE_COMPLETE (parsed by cultures_hlt),Map data
2251,data\maps\tutorial_006\text\eng\briefings\0016.hlt,HLT,120,9e3d28adf37de2380b07859ce21e10eb61cd7b441fa93c4b5bde7a3b92f00773,Metadata/Sources/Raw/data/maps/tutorial_006/text/eng/briefings/0016.hlt,bit-exact copy,"[""color:$local$\\palettes\\font_dark.pcx"", ""font:$local$\\fonts\\font12.fnt"", ""include:$local$\\briefings.txt 16 1""]",,SOURCE_COMPLETE (parsed by cultures_hlt),Map data
2252,data\maps\tutorial_007\text\eng\briefings\0006.hlt,HLT,120,9eca22a641dd4762a69487968164e050a401d07bbdb58ea1640d7a52be1bd6c9,Metadata/Sources/Raw/data/maps/tutorial_007/text/eng/briefings/0006.hlt,bit-exact copy,"[""color:$local$\\palettes\\font_dark.pcx"", ""font:$local$\\fonts\\font12.fnt"", ""include:$local$\\briefings.txt 06 1""]",,SOURCE_COMPLETE (parsed by cultures_hlt),Map data
2253,data\maps\tutorial_007\text\eng\briefings\0015.hlt,HLT,120,72e6c705f5387e04e8d584a296462ad5207b4acfb93b3270bcec9be2ea298a92,Metadata/Sources/Raw/data/maps/tutorial_007/text/eng/briefings/0015.hlt,bit-exact copy,"[""color:$local$\\palettes\\font_dark.pcx"", ""font:$local$\\fonts\\font12.fnt"", ""include:$local$\\briefings.txt 15 1""]",,SOURCE_COMPLETE (parsed by cultures_hlt),Map data
2264,data\maps\campaign_03_02_sub\text\eng\briefings\0005.hlt,HLT,149,fb5337fbd85020ec83b9388ff3fa96820a6a188c9089ce01e015e11abbeee1ee,Metadata/Sources/Raw/data/maps/campaign_03_02_sub/text/eng/briefings/0005.hlt,bit-exact copy,"[""color:$local$\\palettes\\font_dark.pcx"", ""font:$local$\\fonts\\font12.fnt"", ""include:$local$\\briefings.txt 05 1""]",,SOURCE_COMPLETE (parsed by cultures_hlt),Map data
2265,data\maps\campaign_03_02_sub\text\eng\briefings\0050.hlt,HLT,343,972aadfc155f1814ae31610fdeaeb9ec64b57efea57745384f044054cf8111ed,Metadata/Sources/Raw/data/maps/campaign_03_02_sub/text/eng/briefings/0050.hlt,bit-exact copy,"[""color:$local$\\palettes\\font_dark.pcx"", ""font:$local$\\fonts\\font12.fnt"", ""font:$local$\\fonts\\fonthead16bld.fnt"", ""include:$local$\\briefings.txt 50_end 1"", ""include:$local$\\briefings.txt 50_end1 1"", ""include:$local$\\briefings.txt 50_endheader 1""]",,SOURCE_COMPLETE (parsed by cultures_hlt),Map data
2269,data\maps\tutorial_004\text\eng\briefings\0019.hlt,HLT,122,5a4ba15b1ee6177ded5e3e23269a3b34de33ce0aa7680d00f78942ad07439744,Metadata/Sources/Raw/data/maps/tutorial_004/text/eng/briefings/0019.hlt,bit-exact copy,"[""color:$local$\\palettes\\font_dark.pcx"", ""font:$local$\\fonts\\font12.fnt"", ""include:$local$\\briefings.txt 19 1""]",,SOURCE_COMPLETE (parsed by cultures_hlt),Map data
2270,data\maps\tutorial_005\text\eng\briefings\0009.hlt,HLT,120,f3e9641c5ed25df2314a36ca5d8955bb7ee42c0624a6258b9d3505d8ad550ab7,Metadata/Sources/Raw/data/maps/tutorial_005/text/eng/briefings/0009.hlt,bit-exact copy,"[""color:$local$\\palettes\\font_dark.pcx"", ""font:$local$\\fonts\\font12.fnt"", ""include:$local$\\briefings.txt 09 1""]",,SOURCE_COMPLETE (parsed by cultures_hlt),Map data
2271,data\maps\tutorial_005\text\eng\briefings\0018.hlt,HLT,122,7aaf4f3b648347322bc67a679f7221c11b7878365a77ef54fb32c7cb53ac8874,Metadata/Sources/Raw/data/maps/tutorial_005/text/eng/briefings/0018.hlt,bit-exact copy,"[""color:$local$\\palettes\\font_dark.pcx"", ""font:$local$\\fonts\\font12.fnt"", ""include:$local$\\briefings.txt 18 1""]",,SOURCE_COMPLETE (parsed by cultures_hlt),Map data
2272,data\maps\tutorial_006\text\eng\briefings\0008.hlt,HLT,153,25ab201e6039db216b0ddf9f5763b230cdb4cd886a2cfd4272cfc2060998b3d3,Metadata/Sources/Raw/data/maps/tutorial_006/text/eng/briefings/0008.hlt,bit-exact copy,"[""color:$local$\\palettes\\font_dark.pcx"", ""font:$local$\\fonts\\font12.fnt"", ""include:$local$\\briefings.txt 08 1""]",,SOURCE_COMPLETE (parsed by cultures_hlt),Map data
2273,data\maps\tutorial_006\text\eng\briefings\0017.hlt,HLT,154,32740813ba7d74e37c32280790bb3fc9b6b7547347c3916a3d071dd384b762d9,Metadata/Sources/Raw/data/maps/tutorial_006/text/eng/briefings/0017.hlt,bit-exact copy,"[""color:$local$\\palettes\\font_dark.pcx"", ""font:$local$\\fonts\\font12.fnt"", ""include:$local$\\briefings.txt 17 1""]",,SOURCE_COMPLETE (parsed by cultures_hlt),Map data
2274,data\maps\tutorial_007\text\eng\briefings\0007.hlt,HLT,152,5ee51c5e500b96ce1abb91cad391e0fd3b00310f4056ad29e35eaf49696377b3,Metadata/Sources/Raw/data/maps/tutorial_007/text/eng/briefings/0007.hlt,bit-exact copy,"[""color:$local$\\palettes\\font_dark.pcx"", ""font:$local$\\fonts\\font12.fnt"", ""include:$local$\\briefings.txt 07 1""]",,SOURCE_COMPLETE (parsed by cultures_hlt),Map data
2275,data\maps\tutorial_007\text\eng\briefings\0016.hlt,HLT,120,9e3d28adf37de2380b07859ce21e10eb61cd7b441fa93c4b5bde7a3b92f00773,Metadata/Sources/Raw/data/maps/tutorial_007/text/eng/briefings/0016.hlt,bit-exact copy,"[""color:$local$\\palettes\\font_dark.pcx"", ""font:$local$\\fonts\\font12.fnt"", ""include:$local$\\briefings.txt 16 1""]",,SOURCE_COMPLETE (parsed by cultures_hlt),Map data
2285,data\maps\campaign_03_02_sub\text\eng\briefings\0006.hlt,HLT,122,0f6230729ae1bb90597719b29a8fadaa9e39ba01750d0a5ebffd950eb910d233,Metadata/Sources/Raw/data/maps/campaign_03_02_sub/text/eng/briefings/0006.hlt,bit-exact copy,"[""color:$local$\\palettes\\font_dark.pcx"", ""font:$local$\\fonts\\font12.fnt"", ""include:$local$\\briefings.txt 06 1""]",,SOURCE_COMPLETE (parsed by cultures_hlt),Map data
2289,data\maps\tutorial_005\text\eng\briefings\0019.hlt,HLT,122,5a4ba15b1ee6177ded5e3e23269a3b34de33ce0aa7680d00f78942ad07439744,Metadata/Sources/Raw/data/maps/tutorial_005/text/eng/briefings/0019.hlt,bit-exact copy,"[""color:$local$\\palettes\\font_dark.pcx"", ""font:$local$\\fonts\\font12.fnt"", ""include:$local$\\briefings.txt 19 1""]",,SOURCE_COMPLETE (parsed by cultures_hlt),Map data
2290,data\maps\tutorial_006\text\eng\briefings\0009.hlt,HLT,120,f3e9641c5ed25df2314a36ca5d8955bb7ee42c0624a6258b9d3505d8ad550ab7,Metadata/Sources/Raw/data/maps/tutorial_006/text/eng/briefings/0009.hlt,bit-exact copy,"[""color:$local$\\palettes\\font_dark.pcx"", ""font:$local$\\fonts\\font12.fnt"", ""include:$local$\\briefings.txt 09 1""]",,SOURCE_COMPLETE (parsed by cultures_hlt),Map data
2291,data\maps\tutorial_006\text\eng\briefings\0018.hlt,HLT,122,7aaf4f3b648347322bc67a679f7221c11b7878365a77ef54fb32c7cb53ac8874,Metadata/Sources/Raw/data/maps/tutorial_006/text/eng/briefings/0018.hlt,bit-exact copy,"[""color:$local$\\palettes\\font_dark.pcx"", ""font:$local$\\fonts\\font12.fnt"", ""include:$local$\\briefings.txt 18 1""]",,SOURCE_COMPLETE (parsed by cultures_hlt),Map data
2292,data\maps\tutorial_007\text\eng\briefings\0008.hlt,HLT,152,0c678904440fedc123248c8515576efbe7877de131f340a233810128511ebde0,Metadata/Sources/Raw/data/maps/tutorial_007/text/eng/briefings/0008.hlt,bit-exact copy,"[""color:$local$\\palettes\\font_dark.pcx"", ""font:$local$\\fonts\\font12.fnt"", ""include:$local$\\briefings.txt 08 1""]",,SOURCE_COMPLETE (parsed by cultures_hlt),Map data
2293,data\maps\tutorial_007\text\eng\briefings\0017.hlt,HLT,122,69a26b7774e7921d212847431f018db26ec9edecb8d2e157c4541032613e4c3c,Metadata/Sources/Raw/data/maps/tutorial_007/text/eng/briefings/0017.hlt,bit-exact copy,"[""color:$local$\\palettes\\font_dark.pcx"", ""font:$local$\\fonts\\font12.fnt"", ""include:$local$\\briefings.txt 17 1""]",,SOURCE_COMPLETE (parsed by cultures_hlt),Map data
2300,data\maps\campaign_03_02_sub\text\eng\briefings\0007.hlt,HLT,122,d0e7616b775ad7d0353a9cffdf18254fe9285d43de55564e35fd9104d43ec2ba,Metadata/Sources/Raw/data/maps/campaign_03_02_sub/text/eng/briefings/0007.hlt,bit-exact copy,"[""color:$local$\\palettes\\font_dark.pcx"", ""font:$local$\\fonts\\font12.fnt"", ""include:$local$\\briefings.txt 07 1""]",,SOURCE_COMPLETE (parsed by cultures_hlt),Map data
2303,data\maps\tutorial_006\text\eng\briefings\0019.hlt,HLT,122,5a4ba15b1ee6177ded5e3e23269a3b34de33ce0aa7680d00f78942ad07439744,Metadata/Sources/Raw/data/maps/tutorial_006/text/eng/briefings/0019.hlt,bit-exact copy,"[""color:$local$\\palettes\\font_dark.pcx"", ""font:$local$\\fonts\\font12.fnt"", ""include:$local$\\briefings.txt 19 1""]",,SOURCE_COMPLETE (parsed by cultures_hlt),Map data
2304,data\maps\tutorial_007\text\eng\briefings\0009.hlt,HLT,152,5b0eb8d9e522e91821856ca2465a661295cbf8371772bfe00e8602198dc59c4e,Metadata/Sources/Raw/data/maps/tutorial_007/text/eng/briefings/0009.hlt,bit-exact copy,"[""color:$local$\\palettes\\font_dark.pcx"", ""font:$local$\\fonts\\font12.fnt"", ""include:$local$\\briefings.txt 09 1""]",,SOURCE_COMPLETE (parsed by cultures_hlt),Map data
2305,data\maps\tutorial_007\text\eng\briefings\0018.hlt,HLT,122,7aaf4f3b648347322bc67a679f7221c11b7878365a77ef54fb32c7cb53ac8874,Metadata/Sources/Raw/data/maps/tutorial_007/text/eng/briefings/0018.hlt,bit-exact copy,"[""color:$local$\\palettes\\font_dark.pcx"", ""font:$local$\\fonts\\font12.fnt"", ""include:$local$\\briefings.txt 18 1""]",,SOURCE_COMPLETE (parsed by cultures_hlt),Map data
2315,data\maps\campaign_03_02_sub\text\eng\briefings\0008.hlt,HLT,122,f73a4495656bd15e6e7063e017f0bf01d627717da1d164e2054b1126c02f82eb,Metadata/Sources/Raw/data/maps/campaign_03_02_sub/text/eng/briefings/0008.hlt,bit-exact copy,"[""color:$local$\\palettes\\font_dark.pcx"", ""font:$local$\\fonts\\font12.fnt"", ""include:$local$\\briefings.txt 08 1""]",,SOURCE_COMPLETE (parsed by cultures_hlt),Map data
2317,data\maps\tutorial_007\text\eng\briefings\0019.hlt,HLT,122,5a4ba15b1ee6177ded5e3e23269a3b34de33ce0aa7680d00f78942ad07439744,Metadata/Sources/Raw/data/maps/tutorial_007/text/eng/briefings/0019.hlt,bit-exact copy,"[""color:$local$\\palettes\\font_dark.pcx"", ""font:$local$\\fonts\\font12.fnt"", ""include:$local$\\briefings.txt 19 1""]",,SOURCE_COMPLETE (parsed by cultures_hlt),Map data
2328,data\maps\campaign_03_02_sub\text\eng\briefings\0009.hlt,HLT,122,78d12b1546ab3a37d082480eb8e36d18ee8153eb251e0cea5b9a2260a21a1044,Metadata/Sources/Raw/data/maps/campaign_03_02_sub/text/eng/briefings/0009.hlt,bit-exact copy,"[""color:$local$\\palettes\\font_dark.pcx"", ""font:$local$\\fonts\\font12.fnt"", ""include:$local$\\briefings.txt 09 1""]",,SOURCE_COMPLETE (parsed by cultures_hlt),Map data
2330,data\maps\tutorial_001\text\eng\briefings\briefings.txt,TXT,6374,2c91c98c4a0f7a48942dbbef4d3207a1790cba032593ecb367eae2d218464c5a,Metadata/Sources/Raw/data/maps/tutorial_001/text/eng/briefings/briefings.txt,bit-exact copy,[],,SOURCE_COMPLETE (plain text),Map data
2340,data\maps\multiplayer_205_special_cap-the-cow\text\eng\briefings\briefings.txt,TXT,377,a692e97d66cbdc0dcc1f038453fc51d39a25c43ee45bddba79a0aecceabe2486,Metadata/Sources/Raw/data/maps/multiplayer_205_special_cap-the-cow/text/eng/briefings/briefings.txt,bit-exact copy,[],,SOURCE_COMPLETE (plain text),Map data
2341,data\maps\tutorial_002\text\eng\briefings\briefings.txt,TXT,6487,49e81ce03dd855ba663225526b9cf396ed7be9a1eaa25eb0a420a10c32a9f680,Metadata/Sources/Raw/data/maps/tutorial_002/text/eng/briefings/briefings.txt,bit-exact copy,[],,SOURCE_COMPLETE (plain text),Map data
2348,data\maps\tutorial_003\text\eng\briefings\briefings.txt,TXT,5692,48c0d131a1045c30f9089a90aa61ead511271deb6cd981bd308e7f95bd516e65,Metadata/Sources/Raw/data/maps/tutorial_003/text/eng/briefings/briefings.txt,bit-exact copy,[],,SOURCE_COMPLETE (plain text),Map data
2355,data\maps\tutorial_004\text\eng\briefings\briefings.txt,TXT,8723,05fc6b270d2748736f84024658cdcc59c53043fd943d2c70f8c119a4813867f5,Metadata/Sources/Raw/data/maps/tutorial_004/text/eng/briefings/briefings.txt,bit-exact copy,[],,SOURCE_COMPLETE (plain text),Map data
2362,data\maps\tutorial_005\text\eng\briefings\briefings.txt,TXT,7627,85489d80eec2fa7e2b3df707c300184447bc93ccab444253f27a41c7725ebca1,Metadata/Sources/Raw/data/maps/tutorial_005/text/eng/briefings/briefings.txt,bit-exact copy,[],,SOURCE_COMPLETE (plain text),Map data
2365,data\maps\tutorial_006\text\eng\briefings\briefings.txt,TXT,14410,766bb6c99d4d53593cfc02977ce3156f18e5db1bdf91ac093f95a9ca7fc6eaec,Metadata/Sources/Raw/data/maps/tutorial_006/text/eng/briefings/briefings.txt,bit-exact copy,[],,SOURCE_COMPLETE (plain text),Map data
2369,data\maps\tutorial_007\text\eng\briefings\briefings.txt,TXT,7331,6ebe19483669a056975c53f1333da82596a536a4e2d4a25eb878be19e5fb9ade,Metadata/Sources/Raw/data/maps/tutorial_007/text/eng/briefings/briefings.txt,bit-exact copy,[],,SOURCE_COMPLETE (plain text),Map data
2376,data\maps\campaign_03_01_sub\text\eng\briefings\briefings.txt,TXT,2879,69180f99504c519df8a0da39ec52e0df0bc2b9c200ee5e7634033e75ad0f76ac,Metadata/Sources/Raw/data/maps/campaign_03_01_sub/text/eng/briefings/briefings.txt,bit-exact copy,[],,SOURCE_COMPLETE (plain text),Map data
2385,data\maps\campaign_03_02_sub\text\eng\briefings\briefings.txt,TXT,5099,2ed7921814d47113892bfab081e9f88297dad2e00280bf790b0e2e56c5c4661c,Metadata/Sources/Raw/data/maps/campaign_03_02_sub/text/eng/briefings/briefings.txt,bit-exact copy,[],,SOURCE_COMPLETE (plain text),Map data
2388,data\text\eng\hypertext\history\mythology.txt,TXT,19401,19e90db85b70b709ec75eb23f5c32f396cacba0e97ded37fa7c7e417becf4614,Metadata/Sources/Raw/data/text/eng/hypertext/history/mythology.txt,bit-exact copy,[],,SOURCE_COMPLETE (plain text),Hypertext
2486,data\maps\multiplayer_02_06_ressourcen\map.dat,DAT,2946706,cd5184e79ff77a5de58aa0cebefddf0172dcdbea8efe6f78e7b95d022a0a6c9e,Metadata/Sources/Raw/data/maps/multiplayer_02_06_ressourcen/map.dat,bit-exact copy,[],40 chunks,SOURCE_COMPLETE (chunk structure via cultures_map_dat),Map data
2532,data\maps\singleplayer_03_01\text\eng\briefings\0000.hlt,HLT,300,afba88c2198d044013e6fd4bada5a058db6f2d8799cbeba56c97cd26e093a496,Metadata/Sources/Raw/data/maps/singleplayer_03_01/text/eng/briefings/0000.hlt,bit-exact copy,"[""color:$local$\\palettes\\font_dark.pcx"", ""font:$local$\\fonts\\font12.fnt"", ""font:$local$\\fonts\\fonthead16bld.fnt"", ""include:$local$\\briefings.txt begin_00 1"", ""include:$local$\\briefings.txt header 1""]",,SOURCE_COMPLETE (parsed by cultures_hlt),Map data
2534,data\text\eng\hypertext\history\index.hlt,HLT,1576,c88c11651d3c076013dae26c2354d8cf8dcaaa290de237308f67e34139efcc3f,Metadata/Sources/Raw/data/text/eng/hypertext/history/index.hlt,bit-exact copy,"[""color:$local$\\palettes\\font_dark.pcx"", ""color:$local$\\palettes\\font_red.pcx"", ""font:$local$\\fonts\\font12.fnt"", ""font:$local$\\fonts\\fonthead16bld.fnt"", ""globaljump:$local$\\mythology_00.hlt 0"", ""globaljump:$local$\\mythology_01.hlt 0"", ""globaljump:$local$\\mythology_02.hlt 0"", ""globaljump:$local$\\mythology_03.hlt 0"", ""globaljump:$local$\\mythology_04.hlt 0"", ""globaljump:$local$\\mythology_05.hlt 0"", ""globaljump:$local$\\mythology_06.hlt 0"", ""globaljump:$local$\\mythology_07.hlt 0"", ""include:$local$\\mythology.txt 0_überschrift 1"", ""include:$local$\\mythology.txt 1_überschrift 1"", ""include:$local$\\mythology.txt 2_überschrift 1"", ""include:$local$\\mythology.txt 3_überschrift 1"", ""include:$local$\\mythology.txt 4_überschrift 1"", ""include:$local$\\mythology.txt 5_überschrift 1"", ""include:$local$\\mythology.txt 6_überschrift 1"", ""include:$local$\\mythology.txt 7_überschrift 1"", ""include:$local$\\mythology.txt indexstart 1""]",,SOURCE_COMPLETE (parsed by cultures_hlt),Hypertext
2539,data\maps\singleplayer_03_01\text\eng\briefings\0001.hlt,HLT,291,843ee834e027478e1eb9e829aba7e89e82e043e03bba996ac7af91bc451440d8,Metadata/Sources/Raw/data/maps/singleplayer_03_01/text/eng/briefings/0001.hlt,bit-exact copy,"[""color:$local$\\palettes\\font_dark.pcx"", ""font:$local$\\fonts\\font12.fnt"", ""font:$local$\\fonts\\fonthead16bld.fnt"", ""include:$local$\\briefings.txt 01 1"", ""include:$local$\\briefings.txt won 1""]",,SOURCE_COMPLETE (parsed by cultures_hlt),Map data
2540,data\maps\singleplayer_03_01\text\eng\briefings\0010.hlt,HLT,150,03c1ed1f18e7e6a98562c65ca17f65b72cb0203e0d6c719420cbd03a3f3a10c6,Metadata/Sources/Raw/data/maps/singleplayer_03_01/text/eng/briefings/0010.hlt,bit-exact copy,"[""color:$local$\\palettes\\font_dark.pcx"", ""font:$local$\\fonts\\font12.fnt"", ""include:$local$\\briefings.txt 10 1""]",,SOURCE_COMPLETE (parsed by cultures_hlt),Map data
2541,data\maps\singleplayer_03_02\text\eng\briefings\0000.hlt,HLT,299,1a57f1f9592095a576da3c4e01db41ee8c7aaa3436dbac3992942cbf5f2a85ef,Metadata/Sources/Raw/data/maps/singleplayer_03_02/text/eng/briefings/0000.hlt,bit-exact copy,"[""color:$local$\\palettes\\font_dark.pcx"", ""font:$local$\\fonts\\font12.fnt"", ""font:$local$\\fonts\\fonthead16bld.fnt"", ""include:$local$\\briefings.txt begin_00 1"", ""include:$local$\\briefings.txt header 1""]",,SOURCE_COMPLETE (parsed by cultures_hlt),Map data
2547,data\maps\singleplayer_03_01\text\eng\briefings\0002.hlt,HLT,287,1b0eea16ebfe7cd03b99f206de905fc1bfe281bf7b5194b13db98a5d9ba6bc71,Metadata/Sources/Raw/data/maps/singleplayer_03_01/text/eng/briefings/0002.hlt,bit-exact copy,"[""color:$local$\\palettes\\font_dark.pcx"", ""font:$local$\\fonts\\font12.fnt"", ""font:$local$\\fonts\\fonthead16bld.fnt"", ""include:$local$\\briefings.txt 02 1"", ""include:$local$\\briefings.txt won 1""]",,SOURCE_COMPLETE (parsed by cultures_hlt),Map data
2548,data\maps\singleplayer_03_01\text\eng\briefings\0011.hlt,HLT,120,63efde7e9bcfe855cd8771c160f52fede73d72e966a661f50565b5080f860ef3,Metadata/Sources/Raw/data/maps/singleplayer_03_01/text/eng/briefings/0011.hlt,bit-exact copy,"[""color:$local$\\palettes\\font_dark.pcx"", ""font:$local$\\fonts\\font12.fnt"", ""include:$local$\\briefings.txt 11 1""]",,SOURCE_COMPLETE (parsed by cultures_hlt),Map data
2549,data\maps\singleplayer_03_01\text\eng\briefings\0020.hlt,HLT,153,e666a89c30e0f11b254448f5ab07868e58c749c66694e5dd5c44a8bd6e2fcd77,Metadata/Sources/Raw/data/maps/singleplayer_03_01/text/eng/briefings/0020.hlt,bit-exact copy,"[""color:$local$\\palettes\\font_dark.pcx"", ""font:$local$\\fonts\\font12.fnt"", ""include:$local$\\briefings.txt 20 1""]",,SOURCE_COMPLETE (parsed by cultures_hlt),Map data
2550,data\maps\singleplayer_03_02\text\eng\briefings\0001.hlt,HLT,293,bf1d7cd7ec90852bbeb6a4b48db10d6c13fbf47541b58b9402b15606349de1df,Metadata/Sources/Raw/data/maps/singleplayer_03_02/text/eng/briefings/0001.hlt,bit-exact copy,"[""color:$local$\\palettes\\font_dark.pcx"", ""font:$local$\\fonts\\font12.fnt"", ""font:$local$\\fonts\\fonthead16bld.fnt"", ""include:$local$\\briefings.txt 01 1"", ""include:$local$\\briefings.txt won 1""]",,SOURCE_COMPLETE (parsed by cultures_hlt),Map data
2551,data\maps\singleplayer_03_02\text\eng\briefings\0010.hlt,HLT,120,be398e03215afab7602f86e08ad5339285f9f81da046d0156913cd947826c4b8,Metadata/Sources/Raw/data/maps/singleplayer_03_02/text/eng/briefings/0010.hlt,bit-exact copy,"[""color:$local$\\palettes\\font_dark.pcx"", ""font:$local$\\fonts\\font12.fnt"", ""include:$local$\\briefings.txt 10 1""]",,SOURCE_COMPLETE (parsed by cultures_hlt),Map data
2552,data\maps\singleplayer_03_03\text\eng\briefings\0000.hlt,HLT,263,f7425faa6a081397a9f5d3731bdf5862f047c43ee1f945dfb3fa1c787bbf4943,Metadata/Sources/Raw/data/maps/singleplayer_03_03/text/eng/briefings/0000.hlt,bit-exact copy,"[""color:$local$\\palettes\\font_dark.pcx"", ""font:$local$\\fonts\\font12.fnt"", ""font:$local$\\fonts\\fonthead16bld.fnt"", ""include:$local$\\briefings.txt 00 1"", ""include:$local$\\briefings.txt header 1""]",,SOURCE_COMPLETE (parsed by cultures_hlt),Map data
2557,data\maps\singleplayer_03_01\text\eng\briefings\0003.hlt,HLT,288,ecef8cfa50cb3a270de6a9907f7ac595ca93c9b51e9858ffaf73d4ff723fc3ca,Metadata/Sources/Raw/data/maps/singleplayer_03_01/text/eng/briefings/0003.hlt,bit-exact copy,"[""color:$local$\\palettes\\font_dark.pcx"", ""font:$local$\\fonts\\font12.fnt"", ""font:$local$\\fonts\\fonthead16bld.fnt"", ""include:$local$\\briefings.txt 03 1"", ""include:$local$\\briefings.txt lost 1""]",,SOURCE_COMPLETE (parsed by cultures_hlt),Map data
2558,data\maps\singleplayer_03_01\text\eng\briefings\0012.hlt,HLT,120,1861e87b2f26c31253a47f236493da9c830acb9d376324ae7b300e6beda73132,Metadata/Sources/Raw/data/maps/singleplayer_03_01/text/eng/briefings/0012.hlt,bit-exact copy,"[""color:$local$\\palettes\\font_dark.pcx"", ""font:$local$\\fonts\\font12.fnt"", ""include:$local$\\briefings.txt 12 1""]",,SOURCE_COMPLETE (parsed by cultures_hlt),Map data
2559,data\maps\singleplayer_03_01\text\eng\briefings\0021.hlt,HLT,122,a5da46d70aca199227dc72decc5f2899a8323d0f0c72e0b290d8ff5982d48aa6,Metadata/Sources/Raw/data/maps/singleplayer_03_01/text/eng/briefings/0021.hlt,bit-exact copy,"[""color:$local$\\palettes\\font_dark.pcx"", ""font:$local$\\fonts\\font12.fnt"", ""include:$local$\\briefings.txt 21 1""]",,SOURCE_COMPLETE (parsed by cultures_hlt),Map data
2560,data\maps\singleplayer_03_02\text\eng\briefings\0002.hlt,HLT,289,81da23b37cfb0306fc980836a1780d1467cd1fa017a500eac58ab9562f220023,Metadata/Sources/Raw/data/maps/singleplayer_03_02/text/eng/briefings/0002.hlt,bit-exact copy,"[""color:$local$\\palettes\\font_dark.pcx"", ""font:$local$\\fonts\\font12.fnt"", ""font:$local$\\fonts\\fonthead16bld.fnt"", ""include:$local$\\briefings.txt 02 1"", ""include:$local$\\briefings.txt lost 1""]",,SOURCE_COMPLETE (parsed by cultures_hlt),Map data
2561,data\maps\singleplayer_03_02\text\eng\briefings\0011.hlt,HLT,252,53ea2fba56de5aef1fc32993daac166606be02f5d380961dde5fff1f22bc4e40,Metadata/Sources/Raw/data/maps/singleplayer_03_02/text/eng/briefings/0011.hlt,bit-exact copy,"[""color:$local$\\palettes\\font_dark.pcx"", ""font:$local$\\fonts\\font12.fnt"", ""font:$local$\\fonts\\fonthead16bld.fnt"", ""include:$local$\\briefings.txt 11 1"", ""include:$local$\\briefings.txt won 1""]",,SOURCE_COMPLETE (parsed by cultures_hlt),Map data
2562,data\maps\singleplayer_03_03\text\eng\briefings\0001.hlt,HLT,254,6157ad24ca29b8bbec44afc2c60213cfc93d7880c37bc80432ab657261ba375f,Metadata/Sources/Raw/data/maps/singleplayer_03_03/text/eng/briefings/0001.hlt,bit-exact copy,"[""color:$local$\\palettes\\font_dark.pcx"", ""font:$local$\\fonts\\font12.fnt"", ""font:$local$\\fonts\\fonthead16bld.fnt"", ""include:$local$\\briefings.txt 01 1"", ""include:$local$\\briefings.txt won 1""]",,SOURCE_COMPLETE (parsed by cultures_hlt),Map data
2563,data\maps\singleplayer_03_04\text\eng\briefings\0000.hlt,HLT,263,f7425faa6a081397a9f5d3731bdf5862f047c43ee1f945dfb3fa1c787bbf4943,Metadata/Sources/Raw/data/maps/singleplayer_03_04/text/eng/briefings/0000.hlt,bit-exact copy,"[""color:$local$\\palettes\\font_dark.pcx"", ""font:$local$\\fonts\\font12.fnt"", ""font:$local$\\fonts\\fonthead16bld.fnt"", ""include:$local$\\briefings.txt 00 1"", ""include:$local$\\briefings.txt header 1""]",,SOURCE_COMPLETE (parsed by cultures_hlt),Map data
2568,data\maps\singleplayer_03_01\text\eng\briefings\0004.hlt,HLT,285,f573b7d30068d8c08ec90a88fcacd6526700e75f72a714b8986f04e7ff1704df,Metadata/Sources/Raw/data/maps/singleplayer_03_01/text/eng/briefings/0004.hlt,bit-exact copy,"[""color:$local$\\palettes\\font_dark.pcx"", ""font:$local$\\fonts\\font12.fnt"", ""font:$local$\\fonts\\fonthead16bld.fnt"", ""include:$local$\\briefings.txt 04 1"", ""include:$local$\\briefings.txt lost 1""]",,SOURCE_COMPLETE (parsed by cultures_hlt),Map data
2569,data\maps\singleplayer_03_01\text\eng\briefings\0013.hlt,HLT,154,ca0c7d5b613ec9990dd624d945d59f00b41363f0adf2c600a81220601950f0b5,Metadata/Sources/Raw/data/maps/singleplayer_03_01/text/eng/briefings/0013.hlt,bit-exact copy,"[""color:$local$\\palettes\\font_dark.pcx"", ""font:$local$\\fonts\\font12.fnt"", ""include:$local$\\briefings.txt 13 1""]",,SOURCE_COMPLETE (parsed by cultures_hlt),Map data
2570,data\maps\singleplayer_03_01\text\eng\briefings\0022.hlt,HLT,153,fff692ee6c275f355acbd70ae7e35012621fdd849840a3b72a9248723d886463,Metadata/Sources/Raw/data/maps/singleplayer_03_01/text/eng/briefings/0022.hlt,bit-exact copy,"[""color:$local$\\palettes\\font_dark.pcx"", ""font:$local$\\fonts\\font12.fnt"", ""include:$local$\\briefings.txt 22 1""]",,SOURCE_COMPLETE (parsed by cultures_hlt),Map data
2571,data\maps\singleplayer_03_02\text\eng\briefings\0003.hlt,HLT,154,ff02278aea34e7bc89e8775f61ff2c9c6859ad64d4e2a59cde337fce363c5f2f,Metadata/Sources/Raw/data/maps/singleplayer_03_02/text/eng/briefings/0003.hlt,bit-exact copy,"[""color:$local$\\palettes\\font_dark.pcx"", ""font:$local$\\fonts\\font12.fnt"", ""include:$local$\\briefings.txt 03 1""]",,SOURCE_COMPLETE (parsed by cultures_hlt),Map data
2572,data\maps\singleplayer_03_02\text\eng\briefings\0012.hlt,HLT,120,1861e87b2f26c31253a47f236493da9c830acb9d376324ae7b300e6beda73132,Metadata/Sources/Raw/data/maps/singleplayer_03_02/text/eng/briefings/0012.hlt,bit-exact copy,"[""color:$local$\\palettes\\font_dark.pcx"", ""font:$local$\\fonts\\font12.fnt"", ""include:$local$\\briefings.txt 12 1""]",,SOURCE_COMPLETE (parsed by cultures_hlt),Map data
2573,data\maps\singleplayer_03_03\text\eng\briefings\0002.hlt,HLT,253,1e435ce11b3bd149393f0297f4c819c2c078ae4ebe4855b92dc5f51eac99d7b0,Metadata/Sources/Raw/data/maps/singleplayer_03_03/text/eng/briefings/0002.hlt,bit-exact copy,"[""color:$local$\\palettes\\font_dark.pcx"", ""font:$local$\\fonts\\font12.fnt"", ""font:$local$\\fonts\\fonthead16bld.fnt"", ""include:$local$\\briefings.txt 02 1"", ""include:$local$\\briefings.txt lost 1""]",,SOURCE_COMPLETE (parsed by cultures_hlt),Map data
2574,data\maps\singleplayer_03_04\text\eng\briefings\0001.hlt,HLT,157,b6a57551c8d86aa562d9179cdb3e62b08af80cea2b35c92b093ef63204726ec9,Metadata/Sources/Raw/data/maps/singleplayer_03_04/text/eng/briefings/0001.hlt,bit-exact copy,"[""color:$local$\\palettes\\font_dark.pcx"", ""font:$local$\\fonts\\font12.fnt"", ""include:$local$\\briefings.txt 01 1""]",,SOURCE_COMPLETE (parsed by cultures_hlt),Map data
2575,data\maps\singleplayer_03_04\text\eng\briefings\0010.hlt,HLT,150,03c1ed1f18e7e6a98562c65ca17f65b72cb0203e0d6c719420cbd03a3f3a10c6,Metadata/Sources/Raw/data/maps/singleplayer_03_04/text/eng/briefings/0010.hlt,bit-exact copy,"[""color:$local$\\palettes\\font_dark.pcx"", ""font:$local$\\fonts\\font12.fnt"", ""include:$local$\\briefings.txt 10 1""]",,SOURCE_COMPLETE (parsed by cultures_hlt),Map data
2576,data\maps\singleplayer_03_05\text\eng\briefings\0000.hlt,HLT,263,f7425faa6a081397a9f5d3731bdf5862f047c43ee1f945dfb3fa1c787bbf4943,Metadata/Sources/Raw/data/maps/singleplayer_03_05/text/eng/briefings/0000.hlt,bit-exact copy,"[""color:$local$\\palettes\\font_dark.pcx"", ""font:$local$\\fonts\\font12.fnt"", ""font:$local$\\fonts\\fonthead16bld.fnt"", ""include:$local$\\briefings.txt 00 1"", ""include:$local$\\briefings.txt header 1""]",,SOURCE_COMPLETE (parsed by cultures_hlt),Map data
2584,data\maps\singleplayer_03_01\text\eng\briefings\0005.hlt,HLT,253,b1393bffd1fb71cb5940a1ddc71289aa04042ba122326be5aa4a29b6cc1cede0,Metadata/Sources/Raw/data/maps/singleplayer_03_01/text/eng/briefings/0005.hlt,bit-exact copy,"[""color:$local$\\palettes\\font_dark.pcx"", ""font:$local$\\fonts\\font12.fnt"", ""font:$local$\\fonts\\fonthead16bld.fnt"", ""include:$local$\\briefings.txt 05 1"", ""include:$local$\\briefings.txt lost 1""]",,SOURCE_COMPLETE (parsed by cultures_hlt),Map data
2585,data\maps\singleplayer_03_01\text\eng\briefings\0014.hlt,HLT,154,7cfaaf74253279f0b82b375f28611484f393ee5c44a0f2614c15a1219cb68878,Metadata/Sources/Raw/data/maps/singleplayer_03_01/text/eng/briefings/0014.hlt,bit-exact copy,"[""color:$local$\\palettes\\font_dark.pcx"", ""font:$local$\\fonts\\font12.fnt"", ""include:$local$\\briefings.txt 14 1""]",,SOURCE_COMPLETE (parsed by cultures_hlt),Map data
2586,data\maps\singleplayer_03_01\text\eng\briefings\0023.hlt,HLT,122,bc815fd7a2e67569c02922403662db81a6dff81998edc28c8b8741dee1d8204d,Metadata/Sources/Raw/data/maps/singleplayer_03_01/text/eng/briefings/0023.hlt,bit-exact copy,"[""color:$local$\\palettes\\font_dark.pcx"", ""font:$local$\\fonts\\font12.fnt"", ""include:$local$\\briefings.txt 23 1""]",,SOURCE_COMPLETE (parsed by cultures_hlt),Map data
2587,data\maps\singleplayer_03_02\text\eng\briefings\0004.hlt,HLT,120,74f4398807f1563399a7c688bd5000820dc985deb43e671c5a89e43e4bbf5231,Metadata/Sources/Raw/data/maps/singleplayer_03_02/text/eng/briefings/0004.hlt,bit-exact copy,"[""color:$local$\\palettes\\font_dark.pcx"", ""font:$local$\\fonts\\font12.fnt"", ""include:$local$\\briefings.txt 04 1""]",,SOURCE_COMPLETE (parsed by cultures_hlt),Map data
2588,data\maps\singleplayer_03_02\text\eng\briefings\0013.hlt,HLT,120,966799730e2adce94209407f02419515c2acf8e8a7063ea44c3c3862ab133391,Metadata/Sources/Raw/data/maps/singleplayer_03_02/text/eng/briefings/0013.hlt,bit-exact copy,"[""color:$local$\\palettes\\font_dark.pcx"", ""font:$local$\\fonts\\font12.fnt"", ""include:$local$\\briefings.txt 13 1""]",,SOURCE_COMPLETE (parsed by cultures_hlt),Map data
2589,data\maps\singleplayer_03_03\text\eng\briefings\0003.hlt,HLT,120,e53aaf83a3a9c60152ca5077b5428aab59fc70c33a645c266bae8d6c54537a7a,Metadata/Sources/Raw/data/maps/singleplayer_03_03/text/eng/briefings/0003.hlt,bit-exact copy,"[""color:$local$\\palettes\\font_dark.pcx"", ""font:$local$\\fonts\\font12.fnt"", ""include:$local$\\briefings.txt 03 1""]",,SOURCE_COMPLETE (parsed by cultures_hlt),Map data
2590,data\maps\singleplayer_03_04\text\eng\briefings\0002.hlt,HLT,155,f360e6a044b60f0ab58a216f38c44b67e3fa40928eb6e1d09dfd93ffff111711,Metadata/Sources/Raw/data/maps/singleplayer_03_04/text/eng/briefings/0002.hlt,bit-exact copy,"[""color:$local$\\palettes\\font_dark.pcx"", ""font:$local$\\fonts\\font12.fnt"", ""include:$local$\\briefings.txt 02 1""]",,SOURCE_COMPLETE (parsed by cultures_hlt),Map data
2591,data\maps\singleplayer_03_04\text\eng\briefings\0011.hlt,HLT,120,63efde7e9bcfe855cd8771c160f52fede73d72e966a661f50565b5080f860ef3,Metadata/Sources/Raw/data/maps/singleplayer_03_04/text/eng/briefings/0011.hlt,bit-exact copy,"[""color:$local$\\palettes\\font_dark.pcx"", ""font:$local$\\fonts\\font12.fnt"", ""include:$local$\\briefings.txt 11 1""]",,SOURCE_COMPLETE (parsed by cultures_hlt),Map data
2592,data\maps\singleplayer_03_04\text\eng\briefings\0020.hlt,HLT,154,ff960ad5a11bafe7a1a8bbde7a4a2c6142a30293dd11fe1d2dcaaef8eac961c6,Metadata/Sources/Raw/data/maps/singleplayer_03_04/text/eng/briefings/0020.hlt,bit-exact copy,"[""color:$local$\\palettes\\font_dark.pcx"", ""font:$local$\\fonts\\font12.fnt"", ""include:$local$\\briefings.txt 20 1""]",,SOURCE_COMPLETE (parsed by cultures_hlt),Map data
2593,data\maps\singleplayer_03_05\text\eng\briefings\0001.hlt,HLT,122,72db9930ff576cf49fb065d9a5f6e78f4de8bbf8ca4db371856bd9a95d161617,Metadata/Sources/Raw/data/maps/singleplayer_03_05/text/eng/briefings/0001.hlt,bit-exact copy,"[""color:$local$\\palettes\\font_dark.pcx"", ""font:$local$\\fonts\\font12.fnt"", ""include:$local$\\briefings.txt 01 1""]",,SOURCE_COMPLETE (parsed by cultures_hlt),Map data
2594,data\maps\singleplayer_03_05\text\eng\briefings\0010.hlt,HLT,120,be398e03215afab7602f86e08ad5339285f9f81da046d0156913cd947826c4b8,Metadata/Sources/Raw/data/maps/singleplayer_03_05/text/eng/briefings/0010.hlt,bit-exact copy,"[""color:$local$\\palettes\\font_dark.pcx"", ""font:$local$\\fonts\\font12.fnt"", ""include:$local$\\briefings.txt 10 1""]",,SOURCE_COMPLETE (parsed by cultures_hlt),Map data
2602,data\maps\singleplayer_03_01\text\eng\briefings\0006.hlt,HLT,120,9eca22a641dd4762a69487968164e050a401d07bbdb58ea1640d7a52be1bd6c9,Metadata/Sources/Raw/data/maps/singleplayer_03_01/text/eng/briefings/0006.hlt,bit-exact copy,"[""color:$local$\\palettes\\font_dark.pcx"", ""font:$local$\\fonts\\font12.fnt"", ""include:$local$\\briefings.txt 06 1""]",,SOURCE_COMPLETE (parsed by cultures_hlt),Map data
2603,data\maps\singleplayer_03_01\text\eng\briefings\0015.hlt,HLT,151,dd1acdecf18a3746738c0511157815bd9cb0b9ea772b0bc40ddbc93e9da95a61,Metadata/Sources/Raw/data/maps/singleplayer_03_01/text/eng/briefings/0015.hlt,bit-exact copy,"[""color:$local$\\palettes\\font_dark.pcx"", ""font:$local$\\fonts\\font12.fnt"", ""include:$local$\\briefings.txt 15 1""]",,SOURCE_COMPLETE (parsed by cultures_hlt),Map data
2604,data\maps\singleplayer_03_02\text\eng\briefings\0005.hlt,HLT,155,7762dfbbf6ff748c7719ff5eb03f3b9092ee178014750490e9bacbd867c7f0d0,Metadata/Sources/Raw/data/maps/singleplayer_03_02/text/eng/briefings/0005.hlt,bit-exact copy,"[""color:$local$\\palettes\\font_dark.pcx"", ""font:$local$\\fonts\\font12.fnt"", ""include:$local$\\briefings.txt 05 1""]",,SOURCE_COMPLETE (parsed by cultures_hlt),Map data
2605,data\maps\singleplayer_03_02\text\eng\briefings\0014.hlt,HLT,120,ab053e60f3bd6b12f9c02a6517fba8a4bbf82f2134ad1d1c5f761478f8ccfaff,Metadata/Sources/Raw/data/maps/singleplayer_03_02/text/eng/briefings/0014.hlt,bit-exact copy,"[""color:$local$\\palettes\\font_dark.pcx"", ""font:$local$\\fonts\\font12.fnt"", ""include:$local$\\briefings.txt 14 1""]",,SOURCE_COMPLETE (parsed by cultures_hlt),Map data
2606,data\maps\singleplayer_03_03\text\eng\briefings\0004.hlt,HLT,154,4d7f768e906ac6f526de9d0ba0a2150a9d073f4e98a03cf0911c126efc6f2778,Metadata/Sources/Raw/data/maps/singleplayer_03_03/text/eng/briefings/0004.hlt,bit-exact copy,"[""color:$local$\\palettes\\font_dark.pcx"", ""font:$local$\\fonts\\font12.fnt"", ""include:$local$\\briefings.txt 04 1""]",,SOURCE_COMPLETE (parsed by cultures_hlt),Map data
2607,data\maps\singleplayer_03_04\text\eng\briefings\0003.hlt,HLT,154,d1994b7dc942e7e444a5ddf50058a6e256436c658e6338117e685d784a8d7711,Metadata/Sources/Raw/data/maps/singleplayer_03_04/text/eng/briefings/0003.hlt,bit-exact copy,"[""color:$local$\\palettes\\font_dark.pcx"", ""font:$local$\\fonts\\font12.fnt"", ""include:$local$\\briefings.txt 03 1""]",,SOURCE_COMPLETE (parsed by cultures_hlt),Map data
2608,data\maps\singleplayer_03_04\text\eng\briefings\0012.hlt,HLT,120,1861e87b2f26c31253a47f236493da9c830acb9d376324ae7b300e6beda73132,Metadata/Sources/Raw/data/maps/singleplayer_03_04/text/eng/briefings/0012.hlt,bit-exact copy,"[""color:$local$\\palettes\\font_dark.pcx"", ""font:$local$\\fonts\\font12.fnt"", ""include:$local$\\briefings.txt 12 1""]",,SOURCE_COMPLETE (parsed by cultures_hlt),Map data
2609,data\maps\singleplayer_03_04\text\eng\briefings\0021.hlt,HLT,155,df35bc25bd38c5d093be7866f4301bc4205e0246dc65ebcfc3dcb0bb9b4011cf,Metadata/Sources/Raw/data/maps/singleplayer_03_04/text/eng/briefings/0021.hlt,bit-exact copy,"[""color:$local$\\palettes\\font_dark.pcx"", ""font:$local$\\fonts\\font12.fnt"", ""include:$local$\\briefings.txt 21 1""]",,SOURCE_COMPLETE (parsed by cultures_hlt),Map data
2610,data\maps\singleplayer_03_04\text\eng\briefings\0030.hlt,HLT,150,36fea3271a35a93adec85a1ac64f305ea01ddd2f3f6d36bb51c12b7a4a7ca6ca,Metadata/Sources/Raw/data/maps/singleplayer_03_04/text/eng/briefings/0030.hlt,bit-exact copy,"[""color:$local$\\palettes\\font_dark.pcx"", ""font:$local$\\fonts\\font12.fnt"", ""include:$local$\\briefings.txt 30 1""]",,SOURCE_COMPLETE (parsed by cultures_hlt),Map data
2611,data\maps\singleplayer_03_05\text\eng\briefings\0002.hlt,HLT,155,4bf36ea52ebd1905c243b2498d9a0668f34ce118003bb8b0c26cf7760679f17d,Metadata/Sources/Raw/data/maps/singleplayer_03_05/text/eng/briefings/0002.hlt,bit-exact copy,"[""color:$local$\\palettes\\font_dark.pcx"", ""font:$local$\\fonts\\font12.fnt"", ""include:$local$\\briefings.txt 02 1""]",,SOURCE_COMPLETE (parsed by cultures_hlt),Map data
2612,data\maps\singleplayer_03_05\text\eng\briefings\0011.hlt,HLT,120,63efde7e9bcfe855cd8771c160f52fede73d72e966a661f50565b5080f860ef3,Metadata/Sources/Raw/data/maps/singleplayer_03_05/text/eng/briefings/0011.hlt,bit-exact copy,"[""color:$local$\\palettes\\font_dark.pcx"", ""font:$local$\\fonts\\font12.fnt"", ""include:$local$\\briefings.txt 11 1""]",,SOURCE_COMPLETE (parsed by cultures_hlt),Map data
2617,data\maps\singleplayer_03_01\text\eng\briefings\0007.hlt,HLT,120,84603cbb44e5359eba1c8e92b8a2291cbb02c381d17cb5620b653ddaf6515414,Metadata/Sources/Raw/data/maps/singleplayer_03_01/text/eng/briefings/0007.hlt,bit-exact copy,"[""color:$local$\\palettes\\font_dark.pcx"", ""font:$local$\\fonts\\font12.fnt"", ""include:$local$\\briefings.txt 07 1""]",,SOURCE_COMPLETE (parsed by cultures_hlt),Map data
2618,data\maps\singleplayer_03_01\text\eng\briefings\0016.hlt,HLT,154,7fb18110f784d42119ac17f6d40a5d7a4eb392b0b5c87fac372332742364bec4,Metadata/Sources/Raw/data/maps/singleplayer_03_01/text/eng/briefings/0016.hlt,bit-exact copy,"[""color:$local$\\palettes\\font_dark.pcx"", ""font:$local$\\fonts\\font12.fnt"", ""include:$local$\\briefings.txt 16 1""]",,SOURCE_COMPLETE (parsed by cultures_hlt),Map data
2619,data\maps\singleplayer_03_02\text\eng\briefings\0006.hlt,HLT,120,9eca22a641dd4762a69487968164e050a401d07bbdb58ea1640d7a52be1bd6c9,Metadata/Sources/Raw/data/maps/singleplayer_03_02/text/eng/briefings/0006.hlt,bit-exact copy,"[""color:$local$\\palettes\\font_dark.pcx"", ""font:$local$\\fonts\\font12.fnt"", ""include:$local$\\briefings.txt 06 1""]",,SOURCE_COMPLETE (parsed by cultures_hlt),Map data
2620,data\maps\singleplayer_03_03\text\eng\briefings\0005.hlt,HLT,120,bb662b5501646cd354327a3c36a3e8f46769d88147e2033b811118272eca3b72,Metadata/Sources/Raw/data/maps/singleplayer_03_03/text/eng/briefings/0005.hlt,bit-exact copy,"[""color:$local$\\palettes\\font_dark.pcx"", ""font:$local$\\fonts\\font12.fnt"", ""include:$local$\\briefings.txt 05 1""]",,SOURCE_COMPLETE (parsed by cultures_hlt),Map data
2621,data\maps\singleplayer_03_04\text\eng\briefings\0004.hlt,HLT,154,817fe83069e892fb9ff8c3f56601987547f695d721784dcd6edb101da508ae05,Metadata/Sources/Raw/data/maps/singleplayer_03_04/text/eng/briefings/0004.hlt,bit-exact copy,"[""color:$local$\\palettes\\font_dark.pcx"", ""font:$local$\\fonts\\font12.fnt"", ""include:$local$\\briefings.txt 04 1""]",,SOURCE_COMPLETE (parsed by cultures_hlt),Map data
2622,data\maps\singleplayer_03_04\text\eng\briefings\0013.hlt,HLT,155,e14c479ffcfe2735e62e2f99fd768e8d0579873eb762161b3be0840164485bbf,Metadata/Sources/Raw/data/maps/singleplayer_03_04/text/eng/briefings/0013.hlt,bit-exact copy,"[""color:$local$\\palettes\\font_dark.pcx"", ""font:$local$\\fonts\\font12.fnt"", ""include:$local$\\briefings.txt 13 1""]",,SOURCE_COMPLETE (parsed by cultures_hlt),Map data
2623,data\maps\singleplayer_03_04\text\eng\briefings\0022.hlt,HLT,155,af352810e070a1f84e003cec30f755f52b60cf8c85721bd7a8a766cd4d0e225f,Metadata/Sources/Raw/data/maps/singleplayer_03_04/text/eng/briefings/0022.hlt,bit-exact copy,"[""color:$local$\\palettes\\font_dark.pcx"", ""font:$local$\\fonts\\font12.fnt"", ""include:$local$\\briefings.txt 22 1""]",,SOURCE_COMPLETE (parsed by cultures_hlt),Map data
2624,data\maps\singleplayer_03_04\text\eng\briefings\0031.hlt,HLT,154,1757e498129f838aab5c16d7f979f0281f78abd3d17513bb22a593187c3d7ba1,Metadata/Sources/Raw/data/maps/singleplayer_03_04/text/eng/briefings/0031.hlt,bit-exact copy,"[""color:$local$\\palettes\\font_dark.pcx"", ""font:$local$\\fonts\\font12.fnt"", ""include:$local$\\briefings.txt 31 1""]",,SOURCE_COMPLETE (parsed by cultures_hlt),Map data
2625,data\maps\singleplayer_03_04\text\eng\briefings\0040.hlt,HLT,128,75be348432fb66c8d04b08ffc58650b09764a8e81bce89ec37e7f8156db05209,Metadata/Sources/Raw/data/maps/singleplayer_03_04/text/eng/briefings/0040.hlt,bit-exact copy,"[""color:$local$\\palettes\\font_dark.pcx"", ""font:$local$\\fonts\\font12.fnt"", ""include:$local$\\briefings.txt 40 1""]",,SOURCE_COMPLETE (parsed by cultures_hlt),Map data
2626,data\maps\singleplayer_03_05\text\eng\briefings\0003.hlt,HLT,120,e53aaf83a3a9c60152ca5077b5428aab59fc70c33a645c266bae8d6c54537a7a,Metadata/Sources/Raw/data/maps/singleplayer_03_05/text/eng/briefings/0003.hlt,bit-exact copy,"[""color:$local$\\palettes\\font_dark.pcx"", ""font:$local$\\fonts\\font12.fnt"", ""include:$local$\\briefings.txt 03 1""]",,SOURCE_COMPLETE (parsed by cultures_hlt),Map data
2627,data\maps\singleplayer_03_05\text\eng\briefings\0012.hlt,HLT,120,1861e87b2f26c31253a47f236493da9c830acb9d376324ae7b300e6beda73132,Metadata/Sources/Raw/data/maps/singleplayer_03_05/text/eng/briefings/0012.hlt,bit-exact copy,"[""color:$local$\\palettes\\font_dark.pcx"", ""font:$local$\\fonts\\font12.fnt"", ""include:$local$\\briefings.txt 12 1""]",,SOURCE_COMPLETE (parsed by cultures_hlt),Map data
2632,data\maps\singleplayer_03_01\text\eng\briefings\0008.hlt,HLT,152,1a06955983e51fec859c31809b5abf18166dbe12576b35a48297fddc9a29ac54,Metadata/Sources/Raw/data/maps/singleplayer_03_01/text/eng/briefings/0008.hlt,bit-exact copy,"[""color:$local$\\palettes\\font_dark.pcx"", ""font:$local$\\fonts\\font12.fnt"", ""include:$local$\\briefings.txt 08 1""]",,SOURCE_COMPLETE (parsed by cultures_hlt),Map data
2633,data\maps\singleplayer_03_01\text\eng\briefings\0017.hlt,HLT,154,b8cc04716dd7ff1df2697d8f6ff35d4295a189f0d88e3d5f41065c5fbbd25c5f,Metadata/Sources/Raw/data/maps/singleplayer_03_01/text/eng/briefings/0017.hlt,bit-exact copy,"[""color:$local$\\palettes\\font_dark.pcx"", ""font:$local$\\fonts\\font12.fnt"", ""include:$local$\\briefings.txt 17 1""]",,SOURCE_COMPLETE (parsed by cultures_hlt),Map data
2634,data\maps\singleplayer_03_02\text\eng\briefings\0007.hlt,HLT,120,84603cbb44e5359eba1c8e92b8a2291cbb02c381d17cb5620b653ddaf6515414,Metadata/Sources/Raw/data/maps/singleplayer_03_02/text/eng/briefings/0007.hlt,bit-exact copy,"[""color:$local$\\palettes\\font_dark.pcx"", ""font:$local$\\fonts\\font12.fnt"", ""include:$local$\\briefings.txt 07 1""]",,SOURCE_COMPLETE (parsed by cultures_hlt),Map data
2635,data\maps\singleplayer_03_03\text\eng\briefings\0006.hlt,HLT,154,25c2dc29b92b51f9d8e16f8d16d95d0e6342404f7ebc3bf1ee51d33ee431dcd1,Metadata/Sources/Raw/data/maps/singleplayer_03_03/text/eng/briefings/0006.hlt,bit-exact copy,"[""color:$local$\\palettes\\font_dark.pcx"", ""font:$local$\\fonts\\font12.fnt"", ""include:$local$\\briefings.txt 06 1""]",,SOURCE_COMPLETE (parsed by cultures_hlt),Map data
2636,data\maps\singleplayer_03_04\text\eng\briefings\0005.hlt,HLT,120,bb662b5501646cd354327a3c36a3e8f46769d88147e2033b811118272eca3b72,Metadata/Sources/Raw/data/maps/singleplayer_03_04/text/eng/briefings/0005.hlt,bit-exact copy,"[""color:$local$\\palettes\\font_dark.pcx"", ""font:$local$\\fonts\\font12.fnt"", ""include:$local$\\briefings.txt 05 1""]",,SOURCE_COMPLETE (parsed by cultures_hlt),Map data
2637,data\maps\singleplayer_03_04\text\eng\briefings\0014.hlt,HLT,122,7d0b229acf7152782e8e5c380f39a5688cb737585452d0187531cb3c9f3f1ebd,Metadata/Sources/Raw/data/maps/singleplayer_03_04/text/eng/briefings/0014.hlt,bit-exact copy,"[""color:$local$\\palettes\\font_dark.pcx"", ""font:$local$\\fonts\\font12.fnt"", ""include:$local$\\briefings.txt 14 1""]",,SOURCE_COMPLETE (parsed by cultures_hlt),Map data
2638,data\maps\singleplayer_03_04\text\eng\briefings\0023.hlt,HLT,154,b3913eb01b4387fcbb5880f462e6cce224de0c50801e95ebd382af6bf03ad73b,Metadata/Sources/Raw/data/maps/singleplayer_03_04/text/eng/briefings/0023.hlt,bit-exact copy,"[""color:$local$\\palettes\\font_dark.pcx"", ""font:$local$\\fonts\\font12.fnt"", ""include:$local$\\briefings.txt 23 1""]",,SOURCE_COMPLETE (parsed by cultures_hlt),Map data
2639,data\maps\singleplayer_03_04\text\eng\briefings\0032.hlt,HLT,120,8b896c36a3046bfebc4e6057f55ca154ec002b08f38027124be09f754e832e34,Metadata/Sources/Raw/data/maps/singleplayer_03_04/text/eng/briefings/0032.hlt,bit-exact copy,"[""color:$local$\\palettes\\font_dark.pcx"", ""font:$local$\\fonts\\font12.fnt"", ""include:$local$\\briefings.txt 32 1""]",,SOURCE_COMPLETE (parsed by cultures_hlt),Map data
2640,data\maps\singleplayer_03_04\text\eng\briefings\0041.hlt,HLT,128,1015e99cedbd3f0d410d265615afe32aa7673292923cec34fab76e9e60c69336,Metadata/Sources/Raw/data/maps/singleplayer_03_04/text/eng/briefings/0041.hlt,bit-exact copy,"[""color:$local$\\palettes\\font_dark.pcx"", ""font:$local$\\fonts\\font12.fnt"", ""include:$local$\\briefings.txt 41 1""]",,SOURCE_COMPLETE (parsed by cultures_hlt),Map data
2641,data\maps\singleplayer_03_05\text\eng\briefings\0004.hlt,HLT,155,225d559880462f440907e64152213da8b4cae502257371c8e24cdc8fde2586bc,Metadata/Sources/Raw/data/maps/singleplayer_03_05/text/eng/briefings/0004.hlt,bit-exact copy,"[""color:$local$\\palettes\\font_dark.pcx"", ""font:$local$\\fonts\\font12.fnt"", ""include:$local$\\briefings.txt 04 1""]",,SOURCE_COMPLETE (parsed by cultures_hlt),Map data
2642,data\maps\singleplayer_03_05\text\eng\briefings\0013.hlt,HLT,122,82495c851ea1e859eaf19450503a18b50a4e727d350bde1b04ce58f8e4a40277,Metadata/Sources/Raw/data/maps/singleplayer_03_05/text/eng/briefings/0013.hlt,bit-exact copy,"[""color:$local$\\palettes\\font_dark.pcx"", ""font:$local$\\fonts\\font12.fnt"", ""include:$local$\\briefings.txt 13 1""]",,SOURCE_COMPLETE (parsed by cultures_hlt),Map data
2643,data\text\eng\hypertext\ingamehelp\index.hlt,HLT,133,2d866c1cc5a01e213dc4f27a38270ce18e59a4473d54297ff2ec79b5e7c02a73,Metadata/Sources/Raw/data/text/eng/hypertext/ingamehelp/index.hlt,bit-exact copy,"[""color:$local$\\palettes\\font_dark.pcx"", ""font:$local$\\fonts\\font12.fnt"", ""include:$local$\\keys.txt keys 1""]",,SOURCE_COMPLETE (parsed by cultures_hlt),Hypertext
2647,data\maps\singleplayer_03_01\text\eng\briefings\0009.hlt,HLT,150,2846d53ac4b978faf3cf19b6aca6f9a3b696307bca824fcd4f6d00901c43dedd,Metadata/Sources/Raw/data/maps/singleplayer_03_01/text/eng/briefings/0009.hlt,bit-exact copy,"[""color:$local$\\palettes\\font_dark.pcx"", ""font:$local$\\fonts\\font12.fnt"", ""include:$local$\\briefings.txt 09 1""]",,SOURCE_COMPLETE (parsed by cultures_hlt),Map data
2648,data\maps\singleplayer_03_01\text\eng\briefings\0018.hlt,HLT,154,e89197fe5d4f8bd0c33ad71802ac634b44c5393511cc2f7dcb7ebf78858fd1bf,Metadata/Sources/Raw/data/maps/singleplayer_03_01/text/eng/briefings/0018.hlt,bit-exact copy,"[""color:$local$\\palettes\\font_dark.pcx"", ""font:$local$\\fonts\\font12.fnt"", ""include:$local$\\briefings.txt 18 1""]",,SOURCE_COMPLETE (parsed by cultures_hlt),Map data
2649,data\maps\singleplayer_03_02\text\eng\briefings\0008.hlt,HLT,155,845b96fe47d0be289ad7bde30d6fbbd20e0e447718e97a6700c8ce67d6cd43ce,Metadata/Sources/Raw/data/maps/singleplayer_03_02/text/eng/briefings/0008.hlt,bit-exact copy,"[""color:$local$\\palettes\\font_dark.pcx"", ""font:$local$\\fonts\\font12.fnt"", ""include:$local$\\briefings.txt 08 1""]",,SOURCE_COMPLETE (parsed by cultures_hlt),Map data
2650,data\maps\singleplayer_03_03\text\eng\briefings\0007.hlt,HLT,120,84603cbb44e5359eba1c8e92b8a2291cbb02c381d17cb5620b653ddaf6515414,Metadata/Sources/Raw/data/maps/singleplayer_03_03/text/eng/briefings/0007.hlt,bit-exact copy,"[""color:$local$\\palettes\\font_dark.pcx"", ""font:$local$\\fonts\\font12.fnt"", ""include:$local$\\briefings.txt 07 1""]",,SOURCE_COMPLETE (parsed by cultures_hlt),Map data
2651,data\maps\singleplayer_03_04\text\eng\briefings\0006.hlt,HLT,120,9eca22a641dd4762a69487968164e050a401d07bbdb58ea1640d7a52be1bd6c9,Metadata/Sources/Raw/data/maps/singleplayer_03_04/text/eng/briefings/0006.hlt,bit-exact copy,"[""color:$local$\\palettes\\font_dark.pcx"", ""font:$local$\\fonts\\font12.fnt"", ""include:$local$\\briefings.txt 06 1""]",,SOURCE_COMPLETE (parsed by cultures_hlt),Map data
2652,data\maps\singleplayer_03_04\text\eng\briefings\0015.hlt,HLT,122,e3481b5cd2ea7d41fee17281388826b008d20323db8e8b434a8f41b692a213ad,Metadata/Sources/Raw/data/maps/singleplayer_03_04/text/eng/briefings/0015.hlt,bit-exact copy,"[""color:$local$\\palettes\\font_dark.pcx"", ""font:$local$\\fonts\\font12.fnt"", ""include:$local$\\briefings.txt 15 1""]",,SOURCE_COMPLETE (parsed by cultures_hlt),Map data
2653,data\maps\singleplayer_03_04\text\eng\briefings\0024.hlt,HLT,120,6d1ecf81034cecc358c9c5a5721b4f4bdd9c971b72126f270eea41898352b154,Metadata/Sources/Raw/data/maps/singleplayer_03_04/text/eng/briefings/0024.hlt,bit-exact copy,"[""color:$local$\\palettes\\font_dark.pcx"", ""font:$local$\\fonts\\font12.fnt"", ""include:$local$\\briefings.txt 24 1""]",,SOURCE_COMPLETE (parsed by cultures_hlt),Map data
2654,data\maps\singleplayer_03_04\text\eng\briefings\0033.hlt,HLT,154,e7fef20aaf6c053d9de7efdacd68ff46fc81a134fba70aca66443bb0065a4dab,Metadata/Sources/Raw/data/maps/singleplayer_03_04/text/eng/briefings/0033.hlt,bit-exact copy,"[""color:$local$\\palettes\\font_dark.pcx"", ""font:$local$\\fonts\\font12.fnt"", ""include:$local$\\briefings.txt 33 1""]",,SOURCE_COMPLETE (parsed by cultures_hlt),Map data
2655,data\maps\singleplayer_03_05\text\eng\briefings\0005.hlt,HLT,155,f2eaaa9774469e59b57150815f29bc758662a5e003f5423422e0117469d4ed1c,Metadata/Sources/Raw/data/maps/singleplayer_03_05/text/eng/briefings/0005.hlt,bit-exact copy,"[""color:$local$\\palettes\\font_dark.pcx"", ""font:$local$\\fonts\\font12.fnt"", ""include:$local$\\briefings.txt 05 1""]",,SOURCE_COMPLETE (parsed by cultures_hlt),Map data
2656,data\maps\singleplayer_03_05\text\eng\briefings\0014.hlt,HLT,155,0fdd58cfd7b3f005a78fb158ed3bdda6daa1dc60426426eb5aa9942165316375,Metadata/Sources/Raw/data/maps/singleplayer_03_05/text/eng/briefings/0014.hlt,bit-exact copy,"[""color:$local$\\palettes\\font_dark.pcx"", ""font:$local$\\fonts\\font12.fnt"", ""include:$local$\\briefings.txt 14 1""]",,SOURCE_COMPLETE (parsed by cultures_hlt),Map data
2660,data\maps\singleplayer_03_01\text\eng\briefings\0019.hlt,HLT,154,4a04f3cbc5ec0c0693997672ea6abcb02c711599ec8715640719f9eee6ff87cf,Metadata/Sources/Raw/data/maps/singleplayer_03_01/text/eng/briefings/0019.hlt,bit-exact copy,"[""color:$local$\\palettes\\font_dark.pcx"", ""font:$local$\\fonts\\font12.fnt"", ""include:$local$\\briefings.txt 19 1""]",,SOURCE_COMPLETE (parsed by cultures_hlt),Map data
2661,data\maps\singleplayer_03_02\text\eng\briefings\0009.hlt,HLT,153,ea222f0796e26b790440a8ff307f5c75d88b9d1d22234f6768afb1e4c311ba52,Metadata/Sources/Raw/data/maps/singleplayer_03_02/text/eng/briefings/0009.hlt,bit-exact copy,"[""color:$local$\\palettes\\font_dark.pcx"", ""font:$local$\\fonts\\font12.fnt"", ""include:$local$\\briefings.txt 09 1""]",,SOURCE_COMPLETE (parsed by cultures_hlt),Map data
2662,data\maps\singleplayer_03_03\text\eng\briefings\0008.hlt,HLT,120,13ba5706c92e2a22cb90595364f45d73a5ccef1f2420c1ec794bd3445c801a3e,Metadata/Sources/Raw/data/maps/singleplayer_03_03/text/eng/briefings/0008.hlt,bit-exact copy,"[""color:$local$\\palettes\\font_dark.pcx"", ""font:$local$\\fonts\\font12.fnt"", ""include:$local$\\briefings.txt 08 1""]",,SOURCE_COMPLETE (parsed by cultures_hlt),Map data
2663,data\maps\singleplayer_03_04\text\eng\briefings\0007.hlt,HLT,155,89e09cd0ea3b911ff68f39f5ad6d6f272754ea4234e6cb1c1546fd60f46f416c,Metadata/Sources/Raw/data/maps/singleplayer_03_04/text/eng/briefings/0007.hlt,bit-exact copy,"[""color:$local$\\palettes\\font_dark.pcx"", ""font:$local$\\fonts\\font12.fnt"", ""include:$local$\\briefings.txt 07 1""]",,SOURCE_COMPLETE (parsed by cultures_hlt),Map data
2664,data\maps\singleplayer_03_04\text\eng\briefings\0016.hlt,HLT,122,96f133576075246431f5871eae376e582a9d488d847daacfad9d877730da688c,Metadata/Sources/Raw/data/maps/singleplayer_03_04/text/eng/briefings/0016.hlt,bit-exact copy,"[""color:$local$\\palettes\\font_dark.pcx"", ""font:$local$\\fonts\\font12.fnt"", ""include:$local$\\briefings.txt 16 1""]",,SOURCE_COMPLETE (parsed by cultures_hlt),Map data
2665,data\maps\singleplayer_03_04\text\eng\briefings\0025.hlt,HLT,120,30d9c45a6fdc4cab46d2fd21a851f7b507ea646eb803cee538804393772c66a0,Metadata/Sources/Raw/data/maps/singleplayer_03_04/text/eng/briefings/0025.hlt,bit-exact copy,"[""color:$local$\\palettes\\font_dark.pcx"", ""font:$local$\\fonts\\font12.fnt"", ""include:$local$\\briefings.txt 25 1""]",,SOURCE_COMPLETE (parsed by cultures_hlt),Map data
2666,data\maps\singleplayer_03_04\text\eng\briefings\0034.hlt,HLT,289,9ba51bedd8bf62e8b56540d2729ea545044eaab5b80e0c133dcf315ab5050b94,Metadata/Sources/Raw/data/maps/singleplayer_03_04/text/eng/briefings/0034.hlt,bit-exact copy,"[""color:$local$\\palettes\\font_dark.pcx"", ""font:$local$\\fonts\\font12.fnt"", ""font:$local$\\fonts\\fonthead16bld.fnt"", ""include:$local$\\briefings.txt 34 1"", ""include:$local$\\briefings.txt lost 1""]",,SOURCE_COMPLETE (parsed by cultures_hlt),Map data
2667,data\maps\singleplayer_03_05\text\eng\briefings\0006.hlt,HLT,120,9eca22a641dd4762a69487968164e050a401d07bbdb58ea1640d7a52be1bd6c9,Metadata/Sources/Raw/data/maps/singleplayer_03_05/text/eng/briefings/0006.hlt,bit-exact copy,"[""color:$local$\\palettes\\font_dark.pcx"", ""font:$local$\\fonts\\font12.fnt"", ""include:$local$\\briefings.txt 06 1""]",,SOURCE_COMPLETE (parsed by cultures_hlt),Map data
2668,data\maps\singleplayer_03_05\text\eng\briefings\0015.hlt,HLT,122,e3481b5cd2ea7d41fee17281388826b008d20323db8e8b434a8f41b692a213ad,Metadata/Sources/Raw/data/maps/singleplayer_03_05/text/eng/briefings/0015.hlt,bit-exact copy,"[""color:$local$\\palettes\\font_dark.pcx"", ""font:$local$\\fonts\\font12.fnt"", ""include:$local$\\briefings.txt 15 1""]",,SOURCE_COMPLETE (parsed by cultures_hlt),Map data
2670,data\maps\singleplayer_03_04\text\eng\briefings\0008.hlt,HLT,120,13ba5706c92e2a22cb90595364f45d73a5ccef1f2420c1ec794bd3445c801a3e,Metadata/Sources/Raw/data/maps/singleplayer_03_04/text/eng/briefings/0008.hlt,bit-exact copy,"[""color:$local$\\palettes\\font_dark.pcx"", ""font:$local$\\fonts\\font12.fnt"", ""include:$local$\\briefings.txt 08 1""]",,SOURCE_COMPLETE (parsed by cultures_hlt),Map data
2671,data\maps\singleplayer_03_04\text\eng\briefings\0017.hlt,HLT,155,9c666c15f332a69693b5f1a004122915d5ad251a41b35eb21466de5bcee56943,Metadata/Sources/Raw/data/maps/singleplayer_03_04/text/eng/briefings/0017.hlt,bit-exact copy,"[""color:$local$\\palettes\\font_dark.pcx"", ""font:$local$\\fonts\\font12.fnt"", ""include:$local$\\briefings.txt 17 1""]",,SOURCE_COMPLETE (parsed by cultures_hlt),Map data
2672,data\maps\singleplayer_03_04\text\eng\briefings\0026.hlt,HLT,120,b0a69282fe008fd3ca7c42cf1924ea2aa6af6c647f105a5014ed62444f2d94ce,Metadata/Sources/Raw/data/maps/singleplayer_03_04/text/eng/briefings/0026.hlt,bit-exact copy,"[""color:$local$\\palettes\\font_dark.pcx"", ""font:$local$\\fonts\\font12.fnt"", ""include:$local$\\briefings.txt 26 1""]",,SOURCE_COMPLETE (parsed by cultures_hlt),Map data
2673,data\maps\singleplayer_03_04\text\eng\briefings\0035.hlt,HLT,286,8e9d1e1174b09de8208d5357c34feef2e7d69378713f9604a67e2edf52155cee,Metadata/Sources/Raw/data/maps/singleplayer_03_04/text/eng/briefings/0035.hlt,bit-exact copy,"[""color:$local$\\palettes\\font_dark.pcx"", ""font:$local$\\fonts\\font12.fnt"", ""font:$local$\\fonts\\fonthead16bld.fnt"", ""include:$local$\\briefings.txt 35 1"", ""include:$local$\\briefings.txt lost 1""]",,SOURCE_COMPLETE (parsed by cultures_hlt),Map data
2674,data\maps\singleplayer_03_05\text\eng\briefings\0007.hlt,HLT,120,84603cbb44e5359eba1c8e92b8a2291cbb02c381d17cb5620b653ddaf6515414,Metadata/Sources/Raw/data/maps/singleplayer_03_05/text/eng/briefings/0007.hlt,bit-exact copy,"[""color:$local$\\palettes\\font_dark.pcx"", ""font:$local$\\fonts\\font12.fnt"", ""include:$local$\\briefings.txt 07 1""]",,SOURCE_COMPLETE (parsed by cultures_hlt),Map data
2677,data\maps\multiplayer_201_special_coop\map.dat,DAT,1346544,7d8d444bcfab6d370a31a0b2d6371da7ed8b7a1f8380af99cbd82337508e9e42,Metadata/Sources/Raw/data/maps/multiplayer_201_special_coop/map.dat,bit-exact copy,[],40 chunks,SOURCE_COMPLETE (chunk structure via cultures_map_dat),Map data
2678,data\maps\singleplayer_03_04\text\eng\briefings\0009.hlt,HLT,153,9674e15d2dac0dc6d23f83189fe0d0ad99493efa51f9df7b51ee2d16c8d4812d,Metadata/Sources/Raw/data/maps/singleplayer_03_04/text/eng/briefings/0009.hlt,bit-exact copy,"[""color:$local$\\palettes\\font_dark.pcx"", ""font:$local$\\fonts\\font12.fnt"", ""include:$local$\\briefings.txt 09 1""]",,SOURCE_COMPLETE (parsed by cultures_hlt),Map data
2679,data\maps\singleplayer_03_04\text\eng\briefings\0018.hlt,HLT,155,2d3a3eea39afdb74b9c8f7aa312a15ed22a3854b0eba18b1dc92cb6ba7526f92,Metadata/Sources/Raw/data/maps/singleplayer_03_04/text/eng/briefings/0018.hlt,bit-exact copy,"[""color:$local$\\palettes\\font_dark.pcx"", ""font:$local$\\fonts\\font12.fnt"", ""include:$local$\\briefings.txt 18 1""]",,SOURCE_COMPLETE (parsed by cultures_hlt),Map data
2680,data\maps\singleplayer_03_04\text\eng\briefings\0027.hlt,HLT,252,de38caff78574a5a00abfa0a87684e2d132c80a64ca41bee1aaea83dde660c7f,Metadata/Sources/Raw/data/maps/singleplayer_03_04/text/eng/briefings/0027.hlt,bit-exact copy,"[""color:$local$\\palettes\\font_dark.pcx"", ""font:$local$\\fonts\\font12.fnt"", ""font:$local$\\fonts\\fonthead16bld.fnt"", ""include:$local$\\briefings.txt 27 1"", ""include:$local$\\briefings.txt won 1""]",,SOURCE_COMPLETE (parsed by cultures_hlt),Map data
2681,data\maps\singleplayer_03_04\text\eng\briefings\0036.hlt,HLT,128,a3a6816539ca46e6e1a15e86bb0f962c6d43b382c3c9e3431da8551f409bf5dc,Metadata/Sources/Raw/data/maps/singleplayer_03_04/text/eng/briefings/0036.hlt,bit-exact copy,"[""color:$local$\\palettes\\font_dark.pcx"", ""font:$local$\\fonts\\font12.fnt"", ""include:$local$\\briefings.txt 36 1""]",,SOURCE_COMPLETE (parsed by cultures_hlt),Map data
2682,data\maps\singleplayer_03_05\text\eng\briefings\0008.hlt,HLT,154,1d4d1e715c7beb4426e9f2ca83acb140d5179993b01768df1fbeb418d424e91c,Metadata/Sources/Raw/data/maps/singleplayer_03_05/text/eng/briefings/0008.hlt,bit-exact copy,"[""color:$local$\\palettes\\font_dark.pcx"", ""font:$local$\\fonts\\font12.fnt"", ""include:$local$\\briefings.txt 08 1""]",,SOURCE_COMPLETE (parsed by cultures_hlt),Map data
2685,data\maps\campaign_03_03_sub1\text\eng\briefings\0000.hlt,HLT,295,61fba21f19a3d8d47a804cc19058b01083c84253eac84fed93a0e49ef56af8b0,Metadata/Sources/Raw/data/maps/campaign_03_03_sub1/text/eng/briefings/0000.hlt,bit-exact copy,"[""color:$local$\\palettes\\font_dark.pcx"", ""font:$local$\\fonts\\font12.fnt"", ""font:$local$\\fonts\\fonthead16bld.fnt"", ""include:$local$\\briefings.txt 00_start 1"", ""include:$local$\\briefings.txt header 1""]",,SOURCE_COMPLETE (parsed by cultures_hlt),Map data
2687,data\maps\singleplayer_03_04\text\eng\briefings\0019.hlt,HLT,122,5a4ba15b1ee6177ded5e3e23269a3b34de33ce0aa7680d00f78942ad07439744,Metadata/Sources/Raw/data/maps/singleplayer_03_04/text/eng/briefings/0019.hlt,bit-exact copy,"[""color:$local$\\palettes\\font_dark.pcx"", ""font:$local$\\fonts\\font12.fnt"", ""include:$local$\\briefings.txt 19 1""]",,SOURCE_COMPLETE (parsed by cultures_hlt),Map data
2688,data\maps\singleplayer_03_04\text\eng\briefings\0028.hlt,HLT,284,f388ef9cda58c70bc76c3a81727feffc3ab2f2ddda8ec9bbdb34513eeefbedd0,Metadata/Sources/Raw/data/maps/singleplayer_03_04/text/eng/briefings/0028.hlt,bit-exact copy,"[""color:$local$\\palettes\\font_dark.pcx"", ""font:$local$\\fonts\\font12.fnt"", ""font:$local$\\fonts\\fonthead16bld.fnt"", ""include:$local$\\briefings.txt 28 1"", ""include:$local$\\briefings.txt won 1""]",,SOURCE_COMPLETE (parsed by cultures_hlt),Map data
2689,data\maps\singleplayer_03_04\text\eng\briefings\0037.hlt,HLT,128,1e2c56b51de470032c5382b387c282685dfb15142d5c53ca3b2d6676858cca17,Metadata/Sources/Raw/data/maps/singleplayer_03_04/text/eng/briefings/0037.hlt,bit-exact copy,"[""color:$local$\\palettes\\font_dark.pcx"", ""font:$local$\\fonts\\font12.fnt"", ""include:$local$\\briefings.txt 37 1""]",,SOURCE_COMPLETE (parsed by cultures_hlt),Map data
2690,data\maps\singleplayer_03_05\text\eng\briefings\0009.hlt,HLT,120,f3e9641c5ed25df2314a36ca5d8955bb7ee42c0624a6258b9d3505d8ad550ab7,Metadata/Sources/Raw/data/maps/singleplayer_03_05/text/eng/briefings/0009.hlt,bit-exact copy,"[""color:$local$\\palettes\\font_dark.pcx"", ""font:$local$\\fonts\\font12.fnt"", ""include:$local$\\briefings.txt 09 1""]",,SOURCE_COMPLETE (parsed by cultures_hlt),Map data
