TRIBE_ID,TRIBE,TYPE_ID,ANIMATION_JOB_ID,NATIVE_NAME,ENGLISH,SEX_AGE,NATIVE_ALLOWED,PARENT_CHAIN,BINDINGS,ANIMATIONS,RENDER_STATUS,ATOMICS_WITHOUT_GRAPHICS,STATUS,PRESENTATION,METADATA,DETAIL_PAGE,BROWSER_ROUTE
1,Vikings,1,1,baby_female,Baby,female baby,True,[1],"[{""phase"": ""initial"", ""section"": 17, ""inheritedFrom"": null, ""body"": [""Data\\Engine2D\\Bin\\Bobs\\CR_Hum_Body_22.bmd""], ""heads"": [""Data\\Engine2D\\Bin\\Bobs\\CR_Hum_Head_22.bmd""], ""palettes"": [""test_human_00""], ""headPalettes"": [""test_human_00""], ""random"": [""Vik_Baby_Base""]}]",7,"{""RENDERED"": 7}",2,PIXEL_CONFIRMED,PRESENTATION_APPROXIMATION,Vikings/Humans/Children/Babies/job_01_baby_female/metadata.json,Vikings/Humans/Children/Babies/job_01_baby_female/index.html,Vikings/Humans/index.html
1,Vikings,2,2,baby_male,Baby,male baby,True,"[2, 1]","[{""phase"": ""initial"", ""section"": 0, ""inheritedFrom"": null, ""body"": [""Data\\Engine2D\\Bin\\Bobs\\CR_Hum_Body_22.bmd""], ""heads"": [""Data\\Engine2D\\Bin\\Bobs\\CR_Hum_Head_22.bmd""], ""palettes"": [""test_human_00""], ""headPalettes"": [""test_human_00""], ""random"": [""Vik_Baby_Base""]}]",7,"{""RENDERED"": 7}",2,PIXEL_CONFIRMED,PRESENTATION_APPROXIMATION,Vikings/Humans/Children/Babies/job_02_baby_male/metadata.json,Vikings/Humans/Children/Babies/job_02_baby_male/index.html,Vikings/Humans/index.html
1,Vikings,3,3,child_female,Girl,female child,True,"[3, 1]","[{""phase"": ""initial"", ""section"": 18, ""inheritedFrom"": null, ""body"": [""Data\\Engine2D\\Bin\\Bobs\\CR_Hum_Body_21.bmd""], ""heads"": [""Data\\Engine2D\\Bin\\Bobs\\CR_Hum_Head_21.bmd""], ""palettes"": [""test_human_00""], ""headPalettes"": [""test_human_00""], ""random"": [""Vik_Man_Base""]}]",10,"{""RENDERED"": 10}",2,PIXEL_CONFIRMED,PRESENTATION_APPROXIMATION,Vikings/Humans/Children/job_03_child_female/metadata.json,Vikings/Humans/Children/job_03_child_female/index.html,Vikings/Humans/index.html
1,Vikings,4,4,child_male,Boy,male child,True,"[4, 2, 1]","[{""phase"": ""initial"", ""section"": 1, ""inheritedFrom"": null, ""body"": [""Data\\Engine2D\\Bin\\Bobs\\CR_Hum_Body_20.bmd""], ""heads"": [""Data\\Engine2D\\Bin\\Bobs\\CR_Hum_Head_20.bmd"", ""Data\\Engine2D\\Bin\\Bobs\\CR_Hum_Head_20.bmd"", ""Data\\Engine2D\\Bin\\Bobs\\CR_Hum_Head_20.bmd"", ""Data\\Engine2D\\Bin\\Bobs\\CR_Hum_Head_20.bmd""], ""palettes"": [""test_human_00""], ""headPalettes"": [""test_human_00""], ""random"": [""Vik_Man_Base""]}]",10,"{""RENDERED"": 10}",2,PIXEL_CONFIRMED,PRESENTATION_APPROXIMATION,Vikings/Humans/Children/job_04_child_male/metadata.json,Vikings/Humans/Children/job_04_child_male/index.html,Vikings/Humans/index.html
1,Vikings,5,5,woman,Woman,adult female,True,[5],"[{""phase"": ""initial"", ""section"": 19, ""inheritedFrom"": null, ""body"": [""Data\\Engine2D\\Bin\\Bobs\\CR_Hum_Body_10.bmd""], ""heads"": [""Data\\Engine2D\\Bin\\Bobs\\CR_Hum_Head_10.bmd""], ""palettes"": [""test_human_00""], ""headPalettes"": [""test_human_00""], ""random"": [""Vik_WoMan_Base""]}, {""phase"": ""jobChange"", ""section"": 20, ""inheritedFrom"": null, ""body"": [""Data\\Engine2D\\Bin\\Bobs\\CR_Hum_Body_10.bmd""], ""heads"": [""Data\\Engine2D\\Bin\\Bobs\\CR_Hum_Head_10.bmd""], ""palettes"": [], ""headPalettes"": [], ""random"": [""Vik_WoMan_ChangeJob""]}]",27,"{""RENDERED"": 54}",6,PIXEL_CONFIRMED,PRESENTATION_APPROXIMATION,Vikings/Humans/Female/job_05_woman/metadata.json,Vikings/Humans/Female/job_05_woman/index.html,Vikings/Humans/index.html
1,Vikings,6,6,civilist,Civilian,adult male,True,[6],"[{""phase"": ""initial"", ""section"": 2, ""inheritedFrom"": null, ""body"": [""Data\\Engine2D\\Bin\\Bobs\\CR_Hum_Body_00.bmd""], ""heads"": [""Data\\Engine2D\\Bin\\Bobs\\CR_Hum_Head_00.bmd"", ""Data\\Engine2D\\Bin\\Bobs\\CR_Hum_Head_01.bmd"", ""Data\\Engine2D\\Bin\\Bobs\\CR_Hum_Head_02.bmd"", ""Data\\Engine2D\\Bin\\Bobs\\CR_Hum_Head_03.bmd""], ""palettes"": [""test_human_00""], ""headPalettes"": [""test_human_00""], ""random"": [""Vik_Man_Base""]}, {""phase"": ""jobChange"", ""section"": 6, ""inheritedFrom"": null, ""body"": [""Data\\Engine2D\\Bin\\Bobs\\CR_Hum_Body_00.bmd""], ""heads"": [""Data\\Engine2D\\Bin\\Bobs\\CR_Hum_Head_00.bmd"", ""Data\\Engine2D\\Bin\\Bobs\\CR_Hum_Head_01.bmd"", ""Data\\Engine2D\\Bin\\Bobs\\CR_Hum_Head_02.bmd"", ""Data\\Engine2D\\Bin\\Bobs\\CR_Hum_Head_03.bmd""], ""palettes"": [], ""headPalettes"": [], ""random"": [""Vik_Man_ChangeJob""]}]",78,"{""RENDERED"": 154, ""NO_DIRECT_FRAMES"": 2}",5,PIXEL_CONFIRMED,PRESENTATION_APPROXIMATION,Vikings/Humans/Male/job_06_civilist/metadata.json,Vikings/Humans/Male/job_06_civilist/index.html,Vikings/Humans/index.html
1,Vikings,7,7,builder,Builder,adult (see job/parent chain),True,"[7, 6]","[{""phase"": ""initial"", ""section"": 2, ""inheritedFrom"": 6, ""body"": [""Data\\Engine2D\\Bin\\Bobs\\CR_Hum_Body_00.bmd""], ""heads"": [""Data\\Engine2D\\Bin\\Bobs\\CR_Hum_Head_00.bmd"", ""Data\\Engine2D\\Bin\\Bobs\\CR_Hum_Head_01.bmd"", ""Data\\Engine2D\\Bin\\Bobs\\CR_Hum_Head_02.bmd"", ""Data\\Engine2D\\Bin\\Bobs\\CR_Hum_Head_03.bmd""], ""palettes"": [""test_human_00""], ""headPalettes"": [""test_human_00""], ""random"": [""Vik_Man_Base""]}, {""phase"": ""jobChange"", ""section"": 6, ""inheritedFrom"": 6, ""body"": [""Data\\Engine2D\\Bin\\Bobs\\CR_Hum_Body_00.bmd""], ""heads"": [""Data\\Engine2D\\Bin\\Bobs\\CR_Hum_Head_00.bmd"", ""Data\\Engine2D\\Bin\\Bobs\\CR_Hum_Head_01.bmd"", ""Data\\Engine2D\\Bin\\Bobs\\CR_Hum_Head_02.bmd"", ""Data\\Engine2D\\Bin\\Bobs\\CR_Hum_Head_03.bmd""], ""palettes"": [], ""headPalettes"": [], ""random"": [""Vik_Man_ChangeJob""]}]",81,"{""RENDERED"": 160, ""NO_DIRECT_FRAMES"": 2}",5,PIXEL_CONFIRMED,PRESENTATION_APPROXIMATION,Vikings/Humans/Professions/job_07_builder/metadata.json,Vikings/Humans/Professions/job_07_builder/index.html,Vikings/Humans/index.html
1,Vikings,8,8,collector,Extractor,adult (see job/parent chain),True,"[8, 6]","[{""phase"": ""initial"", ""section"": 2, ""inheritedFrom"": 6, ""body"": [""Data\\Engine2D\\Bin\\Bobs\\CR_Hum_Body_00.bmd""], ""heads"": [""Data\\Engine2D\\Bin\\Bobs\\CR_Hum_Head_00.bmd"", ""Data\\Engine2D\\Bin\\Bobs\\CR_Hum_Head_01.bmd"", ""Data\\Engine2D\\Bin\\Bobs\\CR_Hum_Head_02.bmd"", ""Data\\Engine2D\\Bin\\Bobs\\CR_Hum_Head_03.bmd""], ""palettes"": [""test_human_00""], ""headPalettes"": [""test_human_00""], ""random"": [""Vik_Man_Base""]}, {""phase"": ""jobChange"", ""section"": 6, ""inheritedFrom"": 6, ""body"": [""Data\\Engine2D\\Bin\\Bobs\\CR_Hum_Body_00.bmd""], ""heads"": [""Data\\Engine2D\\Bin\\Bobs\\CR_Hum_Head_00.bmd"", ""Data\\Engine2D\\Bin\\Bobs\\CR_Hum_Head_01.bmd"", ""Data\\Engine2D\\Bin\\Bobs\\CR_Hum_Head_02.bmd"", ""Data\\Engine2D\\Bin\\Bobs\\CR_Hum_Head_03.bmd""], ""palettes"": [], ""headPalettes"": [], ""random"": [""Vik_Man_ChangeJob""]}]",84,"{""RENDERED"": 166, ""NO_DIRECT_FRAMES"": 2}",5,PIXEL_CONFIRMED,PRESENTATION_APPROXIMATION,Vikings/Humans/Professions/job_08_collector/metadata.json,Vikings/Humans/Professions/job_08_collector/index.html,Vikings/Humans/index.html
1,Vikings,9,9,joiner,Carpenter,adult (see job/parent chain),True,"[9, 6]","[{""phase"": ""initial"", ""section"": 2, ""inheritedFrom"": 6, ""body"": [""Data\\Engine2D\\Bin\\Bobs\\CR_Hum_Body_00.bmd""], ""heads"": [""Data\\Engine2D\\Bin\\Bobs\\CR_Hum_Head_00.bmd"", ""Data\\Engine2D\\Bin\\Bobs\\CR_Hum_Head_01.bmd"", ""Data\\Engine2D\\Bin\\Bobs\\CR_Hum_Head_02.bmd"", ""Data\\Engine2D\\Bin\\Bobs\\CR_Hum_Head_03.bmd""], ""palettes"": [""test_human_00""], ""headPalettes"": [""test_human_00""], ""random"": [""Vik_Man_Base""]}, {""phase"": ""jobChange"", ""section"": 6, ""inheritedFrom"": 6, ""body"": [""Data\\Engine2D\\Bin\\Bobs\\CR_Hum_Body_00.bmd""], ""heads"": [""Data\\Engine2D\\Bin\\Bobs\\CR_Hum_Head_00.bmd"", ""Data\\Engine2D\\Bin\\Bobs\\CR_Hum_Head_01.bmd"", ""Data\\Engine2D\\Bin\\Bobs\\CR_Hum_Head_02.bmd"", ""Data\\Engine2D\\Bin\\Bobs\\CR_Hum_Head_03.bmd""], ""palettes"": [], ""headPalettes"": [], ""random"": [""Vik_Man_ChangeJob""]}]",85,"{""RENDERED"": 162, ""NO_DIRECT_FRAMES"": 8}",5,PIXEL_CONFIRMED,PRESENTATION_APPROXIMATION,Vikings/Humans/Professions/job_09_joiner/metadata.json,Vikings/Humans/Professions/job_09_joiner/index.html,Vikings/Humans/index.html
1,Vikings,10,10,armorer,Armourer,adult (see job/parent chain),True,"[10, 6]","[{""phase"": ""initial"", ""section"": 2, ""inheritedFrom"": 6, ""body"": [""Data\\Engine2D\\Bin\\Bobs\\CR_Hum_Body_00.bmd""], ""heads"": [""Data\\Engine2D\\Bin\\Bobs\\CR_Hum_Head_00.bmd"", ""Data\\Engine2D\\Bin\\Bobs\\CR_Hum_Head_01.bmd"", ""Data\\Engine2D\\Bin\\Bobs\\CR_Hum_Head_02.bmd"", ""Data\\Engine2D\\Bin\\Bobs\\CR_Hum_Head_03.bmd""], ""palettes"": [""test_human_00""], ""headPalettes"": [""test_human_00""], ""random"": [""Vik_Man_Base""]}, {""phase"": ""jobChange"", ""section"": 6, ""inheritedFrom"": 6, ""body"": [""Data\\Engine2D\\Bin\\Bobs\\CR_Hum_Body_00.bmd""], ""heads"": [""Data\\Engine2D\\Bin\\Bobs\\CR_Hum_Head_00.bmd"", ""Data\\Engine2D\\Bin\\Bobs\\CR_Hum_Head_01.bmd"", ""Data\\Engine2D\\Bin\\Bobs\\CR_Hum_Head_02.bmd"", ""Data\\Engine2D\\Bin\\Bobs\\CR_Hum_Head_03.bmd""], ""palettes"": [], ""headPalettes"": [], ""random"": [""Vik_Man_ChangeJob""]}]",78,"{""RENDERED"": 154, ""NO_DIRECT_FRAMES"": 2}",8,PIXEL_CONFIRMED,PRESENTATION_APPROXIMATION,Vikings/Humans/Professions/job_10_armorer/metadata.json,Vikings/Humans/Professions/job_10_armorer/index.html,Vikings/Humans/index.html
1,Vikings,11,11,potter,Potter,adult (see job/parent chain),True,"[11, 6]","[{""phase"": ""initial"", ""section"": 2, ""inheritedFrom"": 6, ""body"": [""Data\\Engine2D\\Bin\\Bobs\\CR_Hum_Body_00.bmd""], ""heads"": [""Data\\Engine2D\\Bin\\Bobs\\CR_Hum_Head_00.bmd"", ""Data\\Engine2D\\Bin\\Bobs\\CR_Hum_Head_01.bmd"", ""Data\\Engine2D\\Bin\\Bobs\\CR_Hum_Head_02.bmd"", ""Data\\Engine2D\\Bin\\Bobs\\CR_Hum_Head_03.bmd""], ""palettes"": [""test_human_00""], ""headPalettes"": [""test_human_00""], ""random"": [""Vik_Man_Base""]}, {""phase"": ""jobChange"", ""section"": 6, ""inheritedFrom"": 6, ""body"": [""Data\\Engine2D\\Bin\\Bobs\\CR_Hum_Body_00.bmd""], ""heads"": [""Data\\Engine2D\\Bin\\Bobs\\CR_Hum_Head_00.bmd"", ""Data\\Engine2D\\Bin\\Bobs\\CR_Hum_Head_01.bmd"", ""Data\\Engine2D\\Bin\\Bobs\\CR_Hum_Head_02.bmd"", ""Data\\Engine2D\\Bin\\Bobs\\CR_Hum_Head_03.bmd""], ""palettes"": [], ""headPalettes"": [], ""random"": [""Vik_Man_ChangeJob""]}]",82,"{""RENDERED"": 156, ""NO_DIRECT_FRAMES"": 8}",5,PIXEL_CONFIRMED,PRESENTATION_APPROXIMATION,Vikings/Humans/Professions/job_11_potter/metadata.json,Vikings/Humans/Professions/job_11_potter/index.html,Vikings/Humans/index.html
1,Vikings,12,12,mason,Stonemason,adult (see job/parent chain),True,"[12, 6]","[{""phase"": ""initial"", ""section"": 2, ""inheritedFrom"": 6, ""body"": [""Data\\Engine2D\\Bin\\Bobs\\CR_Hum_Body_00.bmd""], ""heads"": [""Data\\Engine2D\\Bin\\Bobs\\CR_Hum_Head_00.bmd"", ""Data\\Engine2D\\Bin\\Bobs\\CR_Hum_Head_01.bmd"", ""Data\\Engine2D\\Bin\\Bobs\\CR_Hum_Head_02.bmd"", ""Data\\Engine2D\\Bin\\Bobs\\CR_Hum_Head_03.bmd""], ""palettes"": [""test_human_00""], ""headPalettes"": [""test_human_00""], ""random"": [""Vik_Man_Base""]}, {""phase"": ""jobChange"", ""section"": 6, ""inheritedFrom"": 6, ""body"": [""Data\\Engine2D\\Bin\\Bobs\\CR_Hum_Body_00.bmd""], ""heads"": [""Data\\Engine2D\\Bin\\Bobs\\CR_Hum_Head_00.bmd"", ""Data\\Engine2D\\Bin\\Bobs\\CR_Hum_Head_01.bmd"", ""Data\\Engine2D\\Bin\\Bobs\\CR_Hum_Head_02.bmd"", ""Data\\Engine2D\\Bin\\Bobs\\CR_Hum_Head_03.bmd""], ""palettes"": [], ""headPalettes"": [], ""random"": [""Vik_Man_ChangeJob""]}]",82,"{""RENDERED"": 158, ""NO_DIRECT_FRAMES"": 6}",5,PIXEL_CONFIRMED,PRESENTATION_APPROXIMATION,Vikings/Humans/Professions/job_12_mason/metadata.json,Vikings/Humans/Professions/job_12_mason/index.html,Vikings/Humans/index.html
1,Vikings,13,13,smith,Blacksmith,adult (see job/parent chain),True,"[13, 6]","[{""phase"": ""initial"", ""section"": 2, ""inheritedFrom"": 6, ""body"": [""Data\\Engine2D\\Bin\\Bobs\\CR_Hum_Body_00.bmd""], ""heads"": [""Data\\Engine2D\\Bin\\Bobs\\CR_Hum_Head_00.bmd"", ""Data\\Engine2D\\Bin\\Bobs\\CR_Hum_Head_01.bmd"", ""Data\\Engine2D\\Bin\\Bobs\\CR_Hum_Head_02.bmd"", ""Data\\Engine2D\\Bin\\Bobs\\CR_Hum_Head_03.bmd""], ""palettes"": [""test_human_00""], ""headPalettes"": [""test_human_00""], ""random"": [""Vik_Man_Base""]}, {""phase"": ""jobChange"", ""section"": 6, ""inheritedFrom"": 6, ""body"": [""Data\\Engine2D\\Bin\\Bobs\\CR_Hum_Body_00.bmd""], ""heads"": [""Data\\Engine2D\\Bin\\Bobs\\CR_Hum_Head_00.bmd"", ""Data\\Engine2D\\Bin\\Bobs\\CR_Hum_Head_01.bmd"", ""Data\\Engine2D\\Bin\\Bobs\\CR_Hum_Head_02.bmd"", ""Data\\Engine2D\\Bin\\Bobs\\CR_Hum_Head_03.bmd""], ""palettes"": [], ""headPalettes"": [], ""random"": [""Vik_Man_ChangeJob""]}]",88,"{""RENDERED"": 162, ""NO_DIRECT_FRAMES"": 14}",5,PIXEL_CONFIRMED,PRESENTATION_APPROXIMATION,Vikings/Humans/Professions/job_13_smith/metadata.json,Vikings/Humans/Professions/job_13_smith/index.html,Vikings/Humans/index.html
1,Vikings,14,14,coin maker,Mint Worker,adult (see job/parent chain),True,"[14, 6]","[{""phase"": ""initial"", ""section"": 2, ""inheritedFrom"": 6, ""body"": [""Data\\Engine2D\\Bin\\Bobs\\CR_Hum_Body_00.bmd""], ""heads"": [""Data\\Engine2D\\Bin\\Bobs\\CR_Hum_Head_00.bmd"", ""Data\\Engine2D\\Bin\\Bobs\\CR_Hum_Head_01.bmd"", ""Data\\Engine2D\\Bin\\Bobs\\CR_Hum_Head_02.bmd"", ""Data\\Engine2D\\Bin\\Bobs\\CR_Hum_Head_03.bmd""], ""palettes"": [""test_human_00""], ""headPalettes"": [""test_human_00""], ""random"": [""Vik_Man_Base""]}, {""phase"": ""jobChange"", ""section"": 6, ""inheritedFrom"": 6, ""body"": [""Data\\Engine2D\\Bin\\Bobs\\CR_Hum_Body_00.bmd""], ""heads"": [""Data\\Engine2D\\Bin\\Bobs\\CR_Hum_Head_00.bmd"", ""Data\\Engine2D\\Bin\\Bobs\\CR_Hum_Head_01.bmd"", ""Data\\Engine2D\\Bin\\Bobs\\CR_Hum_Head_02.bmd"", ""Data\\Engine2D\\Bin\\Bobs\\CR_Hum_Head_03.bmd""], ""palettes"": [], ""headPalettes"": [], ""random"": [""Vik_Man_ChangeJob""]}]",78,"{""RENDERED"": 154, ""NO_DIRECT_FRAMES"": 2}",6,PIXEL_CONFIRMED,PRESENTATION_APPROXIMATION,Vikings/Humans/Professions/job_14_coin_maker/metadata.json,Vikings/Humans/Professions/job_14_coin_maker/index.html,Vikings/Humans/index.html
1,Vikings,15,15,hunter,Hunter,adult (see job/parent chain),True,"[15, 6]","[{""phase"": ""initial"", ""section"": 2, ""inheritedFrom"": 6, ""body"": [""Data\\Engine2D\\Bin\\Bobs\\CR_Hum_Body_00.bmd""], ""heads"": [""Data\\Engine2D\\Bin\\Bobs\\CR_Hum_Head_00.bmd"", ""Data\\Engine2D\\Bin\\Bobs\\CR_Hum_Head_01.bmd"", ""Data\\Engine2D\\Bin\\Bobs\\CR_Hum_Head_02.bmd"", ""Data\\Engine2D\\Bin\\Bobs\\CR_Hum_Head_03.bmd""], ""palettes"": [""test_human_00""], ""headPalettes"": [""test_human_00""], ""random"": [""Vik_Man_Base""]}, {""phase"": ""jobChange"", ""section"": 6, ""inheritedFrom"": 6, ""body"": [""Data\\Engine2D\\Bin\\Bobs\\CR_Hum_Body_00.bmd""], ""heads"": [""Data\\Engine2D\\Bin\\Bobs\\CR_Hum_Head_00.bmd"", ""Data\\Engine2D\\Bin\\Bobs\\CR_Hum_Head_01.bmd"", ""Data\\Engine2D\\Bin\\Bobs\\CR_Hum_Head_02.bmd"", ""Data\\Engine2D\\Bin\\Bobs\\CR_Hum_Head_03.bmd""], ""palettes"": [], ""headPalettes"": [], ""random"": [""Vik_Man_ChangeJob""]}]",79,"{""RENDERED"": 156, ""NO_DIRECT_FRAMES"": 2}",5,PIXEL_CONFIRMED,PRESENTATION_APPROXIMATION,Vikings/Humans/Professions/job_15_hunter/metadata.json,Vikings/Humans/Professions/job_15_hunter/index.html,Vikings/Humans/index.html
1,Vikings,16,16,breeder,Stock Farmer,adult (see job/parent chain),True,"[16, 6]","[{""phase"": ""initial"", ""section"": 2, ""inheritedFrom"": 6, ""body"": [""Data\\Engine2D\\Bin\\Bobs\\CR_Hum_Body_00.bmd""], ""heads"": [""Data\\Engine2D\\Bin\\Bobs\\CR_Hum_Head_00.bmd"", ""Data\\Engine2D\\Bin\\Bobs\\CR_Hum_Head_01.bmd"", ""Data\\Engine2D\\Bin\\Bobs\\CR_Hum_Head_02.bmd"", ""Data\\Engine2D\\Bin\\Bobs\\CR_Hum_Head_03.bmd""], ""palettes"": [""test_human_00""], ""headPalettes"": [""test_human_00""], ""random"": [""Vik_Man_Base""]}, {""phase"": ""jobChange"", ""section"": 6, ""inheritedFrom"": 6, ""body"": [""Data\\Engine2D\\Bin\\Bobs\\CR_Hum_Body_00.bmd""], ""heads"": [""Data\\Engine2D\\Bin\\Bobs\\CR_Hum_Head_00.bmd"", ""Data\\Engine2D\\Bin\\Bobs\\CR_Hum_Head_01.bmd"", ""Data\\Engine2D\\Bin\\Bobs\\CR_Hum_Head_02.bmd"", ""Data\\Engine2D\\Bin\\Bobs\\CR_Hum_Head_03.bmd""], ""palettes"": [], ""headPalettes"": [], ""random"": [""Vik_Man_ChangeJob""]}]",78,"{""RENDERED"": 154, ""NO_DIRECT_FRAMES"": 2}",10,PIXEL_CONFIRMED,PRESENTATION_APPROXIMATION,Vikings/Humans/Professions/job_16_breeder/metadata.json,Vikings/Humans/Professions/job_16_breeder/index.html,Vikings/Humans/index.html
1,Vikings,17,17,sewer,Tailor,adult (see job/parent chain),True,"[17, 6]","[{""phase"": ""initial"", ""section"": 2, ""inheritedFrom"": 6, ""body"": [""Data\\Engine2D\\Bin\\Bobs\\CR_Hum_Body_00.bmd""], ""heads"": [""Data\\Engine2D\\Bin\\Bobs\\CR_Hum_Head_00.bmd"", ""Data\\Engine2D\\Bin\\Bobs\\CR_Hum_Head_01.bmd"", ""Data\\Engine2D\\Bin\\Bobs\\CR_Hum_Head_02.bmd"", ""Data\\Engine2D\\Bin\\Bobs\\CR_Hum_Head_03.bmd""], ""palettes"": [""test_human_00""], ""headPalettes"": [""test_human_00""], ""random"": [""Vik_Man_Base""]}, {""phase"": ""jobChange"", ""section"": 6, ""inheritedFrom"": 6, ""body"": [""Data\\Engine2D\\Bin\\Bobs\\CR_Hum_Body_00.bmd""], ""heads"": [""Data\\Engine2D\\Bin\\Bobs\\CR_Hum_Head_00.bmd"", ""Data\\Engine2D\\Bin\\Bobs\\CR_Hum_Head_01.bmd"", ""Data\\Engine2D\\Bin\\Bobs\\CR_Hum_Head_02.bmd"", ""Data\\Engine2D\\Bin\\Bobs\\CR_Hum_Head_03.bmd""], ""palettes"": [], ""headPalettes"": [], ""random"": [""Vik_Man_ChangeJob""]}]",83,"{""RENDERED"": 158, ""NO_DIRECT_FRAMES"": 8}",5,PIXEL_CONFIRMED,PRESENTATION_APPROXIMATION,Vikings/Humans/Professions/job_17_sewer/metadata.json,Vikings/Humans/Professions/job_17_sewer/index.html,Vikings/Humans/index.html
1,Vikings,18,18,farmer,Farmer,adult (see job/parent chain),True,"[18, 6]","[{""phase"": ""initial"", ""section"": 2, ""inheritedFrom"": 6, ""body"": [""Data\\Engine2D\\Bin\\Bobs\\CR_Hum_Body_00.bmd""], ""heads"": [""Data\\Engine2D\\Bin\\Bobs\\CR_Hum_Head_00.bmd"", ""Data\\Engine2D\\Bin\\Bobs\\CR_Hum_Head_01.bmd"", ""Data\\Engine2D\\Bin\\Bobs\\CR_Hum_Head_02.bmd"", ""Data\\Engine2D\\Bin\\Bobs\\CR_Hum_Head_03.bmd""], ""palettes"": [""test_human_00""], ""headPalettes"": [""test_human_00""], ""random"": [""Vik_Man_Base""]}, {""phase"": ""jobChange"", ""section"": 6, ""inheritedFrom"": 6, ""body"": [""Data\\Engine2D\\Bin\\Bobs\\CR_Hum_Body_00.bmd""], ""heads"": [""Data\\Engine2D\\Bin\\Bobs\\CR_Hum_Head_00.bmd"", ""Data\\Engine2D\\Bin\\Bobs\\CR_Hum_Head_01.bmd"", ""Data\\Engine2D\\Bin\\Bobs\\CR_Hum_Head_02.bmd"", ""Data\\Engine2D\\Bin\\Bobs\\CR_Hum_Head_03.bmd""], ""palettes"": [], ""headPalettes"": [], ""random"": [""Vik_Man_ChangeJob""]}]",81,"{""RENDERED"": 160, ""NO_DIRECT_FRAMES"": 2}",5,PIXEL_CONFIRMED,PRESENTATION_APPROXIMATION,Vikings/Humans/Professions/job_18_farmer/metadata.json,Vikings/Humans/Professions/job_18_farmer/index.html,Vikings/Humans/index.html
1,Vikings,19,19,miller,Miller,adult (see job/parent chain),True,"[19, 6]","[{""phase"": ""initial"", ""section"": 2, ""inheritedFrom"": 6, ""body"": [""Data\\Engine2D\\Bin\\Bobs\\CR_Hum_Body_00.bmd""], ""heads"": [""Data\\Engine2D\\Bin\\Bobs\\CR_Hum_Head_00.bmd"", ""Data\\Engine2D\\Bin\\Bobs\\CR_Hum_Head_01.bmd"", ""Data\\Engine2D\\Bin\\Bobs\\CR_Hum_Head_02.bmd"", ""Data\\Engine2D\\Bin\\Bobs\\CR_Hum_Head_03.bmd""], ""palettes"": [""test_human_00""], ""headPalettes"": [""test_human_00""], ""random"": [""Vik_Man_Base""]}, {""phase"": ""jobChange"", ""section"": 6, ""inheritedFrom"": 6, ""body"": [""Data\\Engine2D\\Bin\\Bobs\\CR_Hum_Body_00.bmd""], ""heads"": [""Data\\Engine2D\\Bin\\Bobs\\CR_Hum_Head_00.bmd"", ""Data\\Engine2D\\Bin\\Bobs\\CR_Hum_Head_01.bmd"", ""Data\\Engine2D\\Bin\\Bobs\\CR_Hum_Head_02.bmd"", ""Data\\Engine2D\\Bin\\Bobs\\CR_Hum_Head_03.bmd""], ""palettes"": [], ""headPalettes"": [], ""random"": [""Vik_Man_ChangeJob""]}]",78,"{""RENDERED"": 154, ""NO_DIRECT_FRAMES"": 2}",6,PIXEL_CONFIRMED,PRESENTATION_APPROXIMATION,Vikings/Humans/Professions/job_19_miller/metadata.json,Vikings/Humans/Professions/job_19_miller/index.html,Vikings/Humans/index.html
1,Vikings,20,20,baker,Baker,adult (see job/parent chain),True,"[20, 6]","[{""phase"": ""initial"", ""section"": 2, ""inheritedFrom"": 6, ""body"": [""Data\\Engine2D\\Bin\\Bobs\\CR_Hum_Body_00.bmd""], ""heads"": [""Data\\Engine2D\\Bin\\Bobs\\CR_Hum_Head_00.bmd"", ""Data\\Engine2D\\Bin\\Bobs\\CR_Hum_Head_01.bmd"", ""Data\\Engine2D\\Bin\\Bobs\\CR_Hum_Head_02.bmd"", ""Data\\Engine2D\\Bin\\Bobs\\CR_Hum_Head_03.bmd""], ""palettes"": [""test_human_00""], ""headPalettes"": [""test_human_00""], ""random"": [""Vik_Man_Base""]}, {""phase"": ""jobChange"", ""section"": 6, ""inheritedFrom"": 6, ""body"": [""Data\\Engine2D\\Bin\\Bobs\\CR_Hum_Body_00.bmd""], ""heads"": [""Data\\Engine2D\\Bin\\Bobs\\CR_Hum_Head_00.bmd"", ""Data\\Engine2D\\Bin\\Bobs\\CR_Hum_Head_01.bmd"", ""Data\\Engine2D\\Bin\\Bobs\\CR_Hum_Head_02.bmd"", ""Data\\Engine2D\\Bin\\Bobs\\CR_Hum_Head_03.bmd""], ""palettes"": [], ""headPalettes"": [], ""random"": [""Vik_Man_ChangeJob""]}]",82,"{""RENDERED"": 158, ""NO_DIRECT_FRAMES"": 6}",5,PIXEL_CONFIRMED,PRESENTATION_APPROXIMATION,Vikings/Humans/Professions/job_20_baker/metadata.json,Vikings/Humans/Professions/job_20_baker/index.html,Vikings/Humans/index.html
1,Vikings,21,21,brewer,Brewer,adult (see job/parent chain),True,"[21, 6]","[{""phase"": ""initial"", ""section"": 2, ""inheritedFrom"": 6, ""body"": [""Data\\Engine2D\\Bin\\Bobs\\CR_Hum_Body_00.bmd""], ""heads"": [""Data\\Engine2D\\Bin\\Bobs\\CR_Hum_Head_00.bmd"", ""Data\\Engine2D\\Bin\\Bobs\\CR_Hum_Head_01.bmd"", ""Data\\Engine2D\\Bin\\Bobs\\CR_Hum_Head_02.bmd"", ""Data\\Engine2D\\Bin\\Bobs\\CR_Hum_Head_03.bmd""], ""palettes"": [""test_human_00""], ""headPalettes"": [""test_human_00""], ""random"": [""Vik_Man_Base""]}, {""phase"": ""jobChange"", ""section"": 6, ""inheritedFrom"": 6, ""body"": [""Data\\Engine2D\\Bin\\Bobs\\CR_Hum_Body_00.bmd""], ""heads"": [""Data\\Engine2D\\Bin\\Bobs\\CR_Hum_Head_00.bmd"", ""Data\\Engine2D\\Bin\\Bobs\\CR_Hum_Head_01.bmd"", ""Data\\Engine2D\\Bin\\Bobs\\CR_Hum_Head_02.bmd"", ""Data\\Engine2D\\Bin\\Bobs\\CR_Hum_Head_03.bmd""], ""palettes"": [], ""headPalettes"": [], ""random"": [""Vik_Man_ChangeJob""]}]",78,"{""RENDERED"": 154, ""NO_DIRECT_FRAMES"": 2}",6,PIXEL_CONFIRMED,PRESENTATION_APPROXIMATION,Vikings/Humans/Professions/job_21_brewer/metadata.json,Vikings/Humans/Professions/job_21_brewer/index.html,Vikings/Humans/index.html
1,Vikings,22,22,fisher,Fisherman,adult (see job/parent chain),True,"[22, 6]","[{""phase"": ""initial"", ""section"": 2, ""inheritedFrom"": 6, ""body"": [""Data\\Engine2D\\Bin\\Bobs\\CR_Hum_Body_00.bmd""], ""heads"": [""Data\\Engine2D\\Bin\\Bobs\\CR_Hum_Head_00.bmd"", ""Data\\Engine2D\\Bin\\Bobs\\CR_Hum_Head_01.bmd"", ""Data\\Engine2D\\Bin\\Bobs\\CR_Hum_Head_02.bmd"", ""Data\\Engine2D\\Bin\\Bobs\\CR_Hum_Head_03.bmd""], ""palettes"": [""test_human_00""], ""headPalettes"": [""test_human_00""], ""random"": [""Vik_Man_Base""]}, {""phase"": ""jobChange"", ""section"": 6, ""inheritedFrom"": 6, ""body"": [""Data\\Engine2D\\Bin\\Bobs\\CR_Hum_Body_00.bmd""], ""heads"": [""Data\\Engine2D\\Bin\\Bobs\\CR_Hum_Head_00.bmd"", ""Data\\Engine2D\\Bin\\Bobs\\CR_Hum_Head_01.bmd"", ""Data\\Engine2D\\Bin\\Bobs\\CR_Hum_Head_02.bmd"", ""Data\\Engine2D\\Bin\\Bobs\\CR_Hum_Head_03.bmd""], ""palettes"": [], ""headPalettes"": [], ""random"": [""Vik_Man_ChangeJob""]}]",81,"{""RENDERED"": 160, ""NO_DIRECT_FRAMES"": 2}",5,PIXEL_CONFIRMED,PRESENTATION_APPROXIMATION,Vikings/Humans/Professions/job_22_fisher/metadata.json,Vikings/Humans/Professions/job_22_fisher/index.html,Vikings/Humans/index.html
1,Vikings,23,23,fisher_sea,Sea Fisher,adult (see job/parent chain),False,"[23, 6]","[{""phase"": ""initial"", ""section"": 2, ""inheritedFrom"": 6, ""body"": [""Data\\Engine2D\\Bin\\Bobs\\CR_Hum_Body_00.bmd""], ""heads"": [""Data\\Engine2D\\Bin\\Bobs\\CR_Hum_Head_00.bmd"", ""Data\\Engine2D\\Bin\\Bobs\\CR_Hum_Head_01.bmd"", ""Data\\Engine2D\\Bin\\Bobs\\CR_Hum_Head_02.bmd"", ""Data\\Engine2D\\Bin\\Bobs\\CR_Hum_Head_03.bmd""], ""palettes"": [""test_human_00""], ""headPalettes"": [""test_human_00""], ""random"": [""Vik_Man_Base""]}, {""phase"": ""jobChange"", ""section"": 6, ""inheritedFrom"": 6, ""body"": [""Data\\Engine2D\\Bin\\Bobs\\CR_Hum_Body_00.bmd""], ""heads"": [""Data\\Engine2D\\Bin\\Bobs\\CR_Hum_Head_00.bmd"", ""Data\\Engine2D\\Bin\\Bobs\\CR_Hum_Head_01.bmd"", ""Data\\Engine2D\\Bin\\Bobs\\CR_Hum_Head_02.bmd"", ""Data\\Engine2D\\Bin\\Bobs\\CR_Hum_Head_03.bmd""], ""palettes"": [], ""headPalettes"": [], ""random"": [""Vik_Man_ChangeJob""]}]",78,"{""RENDERED"": 154, ""NO_DIRECT_FRAMES"": 2}",5,PIXEL_CONFIRMED,PRESENTATION_APPROXIMATION,Vikings/Humans/Professions/job_23_fisher_sea/metadata.json,Vikings/Humans/Professions/job_23_fisher_sea/index.html,Vikings/Humans/index.html
1,Vikings,24,24,carrier,Carrier,adult (see job/parent chain),True,"[24, 6]","[{""phase"": ""initial"", ""section"": 2, ""inheritedFrom"": 6, ""body"": [""Data\\Engine2D\\Bin\\Bobs\\CR_Hum_Body_00.bmd""], ""heads"": [""Data\\Engine2D\\Bin\\Bobs\\CR_Hum_Head_00.bmd"", ""Data\\Engine2D\\Bin\\Bobs\\CR_Hum_Head_01.bmd"", ""Data\\Engine2D\\Bin\\Bobs\\CR_Hum_Head_02.bmd"", ""Data\\Engine2D\\Bin\\Bobs\\CR_Hum_Head_03.bmd""], ""palettes"": [""test_human_00""], ""headPalettes"": [""test_human_00""], ""random"": [""Vik_Man_Base""]}, {""phase"": ""jobChange"", ""section"": 6, ""inheritedFrom"": 6, ""body"": [""Data\\Engine2D\\Bin\\Bobs\\CR_Hum_Body_00.bmd""], ""heads"": [""Data\\Engine2D\\Bin\\Bobs\\CR_Hum_Head_00.bmd"", ""Data\\Engine2D\\Bin\\Bobs\\CR_Hum_Head_01.bmd"", ""Data\\Engine2D\\Bin\\Bobs\\CR_Hum_Head_02.bmd"", ""Data\\Engine2D\\Bin\\Bobs\\CR_Hum_Head_03.bmd""], ""palettes"": [], ""headPalettes"": [], ""random"": [""Vik_Man_ChangeJob""]}]",80,"{""RENDERED"": 158, ""NO_DIRECT_FRAMES"": 2}",5,PIXEL_CONFIRMED,PRESENTATION_APPROXIMATION,Vikings/Humans/Professions/job_24_carrier/metadata.json,Vikings/Humans/Professions/job_24_carrier/index.html,Vikings/Humans/index.html
1,Vikings,25,25,trader,Merchant,adult (see job/parent chain),True,"[25, 6]","[{""phase"": ""initial"", ""section"": 2, ""inheritedFrom"": 6, ""body"": [""Data\\Engine2D\\Bin\\Bobs\\CR_Hum_Body_00.bmd""], ""heads"": [""Data\\Engine2D\\Bin\\Bobs\\CR_Hum_Head_00.bmd"", ""Data\\Engine2D\\Bin\\Bobs\\CR_Hum_Head_01.bmd"", ""Data\\Engine2D\\Bin\\Bobs\\CR_Hum_Head_02.bmd"", ""Data\\Engine2D\\Bin\\Bobs\\CR_Hum_Head_03.bmd""], ""palettes"": [""test_human_00""], ""headPalettes"": [""test_human_00""], ""random"": [""Vik_Man_Base""]}, {""phase"": ""jobChange"", ""section"": 9, ""inheritedFrom"": null, ""body"": [""Data\\Engine2D\\Bin\\Bobs\\CR_Hum_Body_00.bmd""], ""heads"": [""Data\\Engine2D\\Bin\\Bobs\\CR_Hum_Head_00.bmd"", ""Data\\Engine2D\\Bin\\Bobs\\CR_Hum_Head_01.bmd"", ""Data\\Engine2D\\Bin\\Bobs\\CR_Hum_Head_02.bmd"", ""Data\\Engine2D\\Bin\\Bobs\\CR_Hum_Head_03.bmd""], ""palettes"": [], ""headPalettes"": [], ""random"": [""Vik_Man_ChangeJobTrader"", ""Vik_Man_ChangeJob""]}]",80,"{""RENDERED"": 158, ""NO_DIRECT_FRAMES"": 2}",5,PIXEL_CONFIRMED,PRESENTATION_APPROXIMATION,Vikings/Humans/Professions/job_25_trader/metadata.json,Vikings/Humans/Professions/job_25_trader/index.html,Vikings/Humans/index.html
1,Vikings,26,26,trader_sea,Sea Merchant,adult (see job/parent chain),False,"[26, 6]","[{""phase"": ""initial"", ""section"": 2, ""inheritedFrom"": 6, ""body"": [""Data\\Engine2D\\Bin\\Bobs\\CR_Hum_Body_00.bmd""], ""heads"": [""Data\\Engine2D\\Bin\\Bobs\\CR_Hum_Head_00.bmd"", ""Data\\Engine2D\\Bin\\Bobs\\CR_Hum_Head_01.bmd"", ""Data\\Engine2D\\Bin\\Bobs\\CR_Hum_Head_02.bmd"", ""Data\\Engine2D\\Bin\\Bobs\\CR_Hum_Head_03.bmd""], ""palettes"": [""test_human_00""], ""headPalettes"": [""test_human_00""], ""random"": [""Vik_Man_Base""]}, {""phase"": ""jobChange"", ""section"": 6, ""inheritedFrom"": 6, ""body"": [""Data\\Engine2D\\Bin\\Bobs\\CR_Hum_Body_00.bmd""], ""heads"": [""Data\\Engine2D\\Bin\\Bobs\\CR_Hum_Head_00.bmd"", ""Data\\Engine2D\\Bin\\Bobs\\CR_Hum_Head_01.bmd"", ""Data\\Engine2D\\Bin\\Bobs\\CR_Hum_Head_02.bmd"", ""Data\\Engine2D\\Bin\\Bobs\\CR_Hum_Head_03.bmd""], ""palettes"": [], ""headPalettes"": [], ""random"": [""Vik_Man_ChangeJob""]}]",78,"{""RENDERED"": 154, ""NO_DIRECT_FRAMES"": 2}",5,PIXEL_CONFIRMED,PRESENTATION_APPROXIMATION,Vikings/Humans/Professions/job_26_trader_sea/metadata.json,Vikings/Humans/Professions/job_26_trader_sea/index.html,Vikings/Humans/index.html
1,Vikings,27,27,scout,Scout,adult (see job/parent chain),True,"[27, 6]","[{""phase"": ""initial"", ""section"": 3, ""inheritedFrom"": null, ""body"": [""Data\\Engine2D\\Bin\\Bobs\\CR_Hum_Body_00.bmd""], ""heads"": [""Data\\Engine2D\\Bin\\Bobs\\CR_Hum_Head_80.bmd"", ""Data\\Engine2D\\Bin\\Bobs\\CR_Hum_Head_81.bmd"", ""Data\\Engine2D\\Bin\\Bobs\\CR_Hum_Head_82.bmd"", ""Data\\Engine2D\\Bin\\Bobs\\CR_Hum_Head_83.bmd""], ""palettes"": [""test_human_00""], ""headPalettes"": [""test_human_00""], ""random"": [""Vik_Man_Base""]}, {""phase"": ""jobChange"", ""section"": 7, ""inheritedFrom"": null, ""body"": [""Data\\Engine2D\\Bin\\Bobs\\CR_Hum_Body_00.bmd""], ""heads"": [""Data\\Engine2D\\Bin\\Bobs\\CR_Hum_Head_80.bmd"", ""Data\\Engine2D\\Bin\\Bobs\\CR_Hum_Head_81.bmd"", ""Data\\Engine2D\\Bin\\Bobs\\CR_Hum_Head_82.bmd"", ""Data\\Engine2D\\Bin\\Bobs\\CR_Hum_Head_83.bmd""], ""palettes"": [], ""headPalettes"": [], ""random"": [""Vik_Man_ChangeJob""]}]",79,"{""RENDERED"": 156, ""NO_DIRECT_FRAMES"": 2}",5,PIXEL_CONFIRMED,PRESENTATION_APPROXIMATION,Vikings/Humans/Professions/job_27_scout/metadata.json,Vikings/Humans/Professions/job_27_scout/index.html,Vikings/Humans/index.html
1,Vikings,28,28,jester,Jester,adult (see job/parent chain),False,"[28, 6]","[{""phase"": ""initial"", ""section"": 2, ""inheritedFrom"": 6, ""body"": [""Data\\Engine2D\\Bin\\Bobs\\CR_Hum_Body_00.bmd""], ""heads"": [""Data\\Engine2D\\Bin\\Bobs\\CR_Hum_Head_00.bmd"", ""Data\\Engine2D\\Bin\\Bobs\\CR_Hum_Head_01.bmd"", ""Data\\Engine2D\\Bin\\Bobs\\CR_Hum_Head_02.bmd"", ""Data\\Engine2D\\Bin\\Bobs\\CR_Hum_Head_03.bmd""], ""palettes"": [""test_human_00""], ""headPalettes"": [""test_human_00""], ""random"": [""Vik_Man_Base""]}, {""phase"": ""jobChange"", ""section"": 6, ""inheritedFrom"": 6, ""body"": [""Data\\Engine2D\\Bin\\Bobs\\CR_Hum_Body_00.bmd""], ""heads"": [""Data\\Engine2D\\Bin\\Bobs\\CR_Hum_Head_00.bmd"", ""Data\\Engine2D\\Bin\\Bobs\\CR_Hum_Head_01.bmd"", ""Data\\Engine2D\\Bin\\Bobs\\CR_Hum_Head_02.bmd"", ""Data\\Engine2D\\Bin\\Bobs\\CR_Hum_Head_03.bmd""], ""palettes"": [], ""headPalettes"": [], ""random"": [""Vik_Man_ChangeJob""]}]",79,"{""RENDERED"": 156, ""NO_DIRECT_FRAMES"": 2}",5,PIXEL_CONFIRMED,PRESENTATION_APPROXIMATION,Vikings/Humans/Professions/job_28_jester/metadata.json,Vikings/Humans/Professions/job_28_jester/index.html,Vikings/Humans/index.html
1,Vikings,29,29,herb & mush guy,Herb Gatherer,adult (see job/parent chain),True,"[29, 6]","[{""phase"": ""initial"", ""section"": 2, ""inheritedFrom"": 6, ""body"": [""Data\\Engine2D\\Bin\\Bobs\\CR_Hum_Body_00.bmd""], ""heads"": [""Data\\Engine2D\\Bin\\Bobs\\CR_Hum_Head_00.bmd"", ""Data\\Engine2D\\Bin\\Bobs\\CR_Hum_Head_01.bmd"", ""Data\\Engine2D\\Bin\\Bobs\\CR_Hum_Head_02.bmd"", ""Data\\Engine2D\\Bin\\Bobs\\CR_Hum_Head_03.bmd""], ""palettes"": [""test_human_00""], ""headPalettes"": [""test_human_00""], ""random"": [""Vik_Man_Base""]}, {""phase"": ""jobChange"", ""section"": 6, ""inheritedFrom"": 6, ""body"": [""Data\\Engine2D\\Bin\\Bobs\\CR_Hum_Body_00.bmd""], ""heads"": [""Data\\Engine2D\\Bin\\Bobs\\CR_Hum_Head_00.bmd"", ""Data\\Engine2D\\Bin\\Bobs\\CR_Hum_Head_01.bmd"", ""Data\\Engine2D\\Bin\\Bobs\\CR_Hum_Head_02.bmd"", ""Data\\Engine2D\\Bin\\Bobs\\CR_Hum_Head_03.bmd""], ""palettes"": [], ""headPalettes"": [], ""random"": [""Vik_Man_ChangeJob""]}]",81,"{""RENDERED"": 160, ""NO_DIRECT_FRAMES"": 2}",5,PIXEL_CONFIRMED,PRESENTATION_APPROXIMATION,Vikings/Humans/Professions/job_29_herb_mush_guy/metadata.json,Vikings/Humans/Professions/job_29_herb_mush_guy/index.html,Vikings/Humans/index.html
1,Vikings,30,30,druid,Druid,adult (see job/parent chain),True,"[30, 6]","[{""phase"": ""initial"", ""section"": 4, ""inheritedFrom"": null, ""body"": [""Data\\Engine2D\\Bin\\Bobs\\CR_Hum_Body_00.bmd""], ""heads"": [""Data\\Engine2D\\Bin\\Bobs\\CR_Hum_Head_90.bmd"", ""Data\\Engine2D\\Bin\\Bobs\\CR_Hum_Head_91.bmd"", ""Data\\Engine2D\\Bin\\Bobs\\CR_Hum_Head_92.bmd"", ""Data\\Engine2D\\Bin\\Bobs\\CR_Hum_Head_93.bmd""], ""palettes"": [""test_human_00""], ""headPalettes"": [""test_human_00""], ""random"": [""Vik_Man_Base""]}, {""phase"": ""jobChange"", ""section"": 8, ""inheritedFrom"": null, ""body"": [""Data\\Engine2D\\Bin\\Bobs\\CR_Hum_Body_00.bmd""], ""heads"": [""Data\\Engine2D\\Bin\\Bobs\\CR_Hum_Head_90.bmd"", ""Data\\Engine2D\\Bin\\Bobs\\CR_Hum_Head_91.bmd"", ""Data\\Engine2D\\Bin\\Bobs\\CR_Hum_Head_92.bmd"", ""Data\\Engine2D\\Bin\\Bobs\\CR_Hum_Head_93.bmd""], ""palettes"": [], ""headPalettes"": [], ""random"": []}]",85,"{""RENDERED"": 154, ""NO_DIRECT_FRAMES"": 16}",7,PIXEL_CONFIRMED,PRESENTATION_APPROXIMATION,Vikings/Humans/Professions/job_30_druid/metadata.json,Vikings/Humans/Professions/job_30_druid/index.html,Vikings/Humans/index.html
1,Vikings,31,31,soldier_unarmed,Soldier,adult (see job/parent chain),True,"[31, 6]","[{""phase"": ""initial"", ""section"": 5, ""inheritedFrom"": null, ""body"": [""Data\\Engine2D\\Bin\\Bobs\\CR_Hum_Body_05.bmd""], ""heads"": [""Data\\Engine2D\\Bin\\Bobs\\CR_Hum_Head_05.bmd"", ""Data\\Engine2D\\Bin\\Bobs\\CR_Hum_Head_06.bmd"", ""Data\\Engine2D\\Bin\\Bobs\\CR_Hum_Head_07.bmd"", ""Data\\Engine2D\\Bin\\Bobs\\CR_Hum_Head_08.bmd""], ""palettes"": [""test_human_00""], ""headPalettes"": [""test_human_00""], ""random"": [""Vik_Man_Soldier""]}, {""phase"": ""jobChange"", ""section"": 10, ""inheritedFrom"": null, ""body"": [""Data\\Engine2D\\Bin\\Bobs\\CR_Hum_Body_05.bmd""], ""heads"": [""Data\\Engine2D\\Bin\\Bobs\\CR_Hum_Head_05.bmd"", ""Data\\Engine2D\\Bin\\Bobs\\CR_Hum_Head_06.bmd"", ""Data\\Engine2D\\Bin\\Bobs\\CR_Hum_Head_07.bmd"", ""Data\\Engine2D\\Bin\\Bobs\\CR_Hum_Head_08.bmd""], ""palettes"": [], ""headPalettes"": [], ""random"": [""Vik_Man_Soldier_changeJob""]}]",78,"{""RENDERED"": 128, ""NO_DIRECT_FRAMES"": 2, ""VARIANT_INCOMPATIBLE"": 24, ""RENDERED_PARTIAL_MISSING_BOBS"": 2}",6,PARTIAL,PRESENTATION_APPROXIMATION,Vikings/Humans/Soldiers/job_31_soldier_unarmed/metadata.json,Vikings/Humans/Soldiers/job_31_soldier_unarmed/index.html,Vikings/Humans/index.html
1,Vikings,32,32,soldier_spear_wooden,Wooden Spearman,adult (see job/parent chain),True,"[32, 31, 6]","[{""phase"": ""initial"", ""section"": 5, ""inheritedFrom"": 31, ""body"": [""Data\\Engine2D\\Bin\\Bobs\\CR_Hum_Body_05.bmd""], ""heads"": [""Data\\Engine2D\\Bin\\Bobs\\CR_Hum_Head_05.bmd"", ""Data\\Engine2D\\Bin\\Bobs\\CR_Hum_Head_06.bmd"", ""Data\\Engine2D\\Bin\\Bobs\\CR_Hum_Head_07.bmd"", ""Data\\Engine2D\\Bin\\Bobs\\CR_Hum_Head_08.bmd""], ""palettes"": [""test_human_00""], ""headPalettes"": [""test_human_00""], ""random"": [""Vik_Man_Soldier""]}, {""phase"": ""jobChange"", ""section"": 15, ""inheritedFrom"": null, ""body"": [""Data\\Engine2D\\Bin\\Bobs\\CR_Hum_Body_05.bmd""], ""heads"": [""Data\\Engine2D\\Bin\\Bobs\\CR_Hum_Head_05.bmd"", ""Data\\Engine2D\\Bin\\Bobs\\CR_Hum_Head_06.bmd"", ""Data\\Engine2D\\Bin\\Bobs\\CR_Hum_Head_07.bmd"", ""Data\\Engine2D\\Bin\\Bobs\\CR_Hum_Head_08.bmd""], ""palettes"": [], ""headPalettes"": [], ""random"": [""Vik_Man_Soldier_changeJob_spear_wooden""]}]",78,"{""RENDERED"": 128, ""NO_DIRECT_FRAMES"": 2, ""VARIANT_INCOMPATIBLE"": 24, ""RENDERED_PARTIAL_MISSING_BOBS"": 2}",6,PARTIAL,PRESENTATION_APPROXIMATION,Vikings/Humans/Soldiers/job_32_soldier_spear_wooden/metadata.json,Vikings/Humans/Soldiers/job_32_soldier_spear_wooden/index.html,Vikings/Humans/index.html
1,Vikings,33,33,soldier_spear_iron,Iron Spearman,adult (see job/parent chain),True,"[33, 31, 6]","[{""phase"": ""initial"", ""section"": 5, ""inheritedFrom"": 31, ""body"": [""Data\\Engine2D\\Bin\\Bobs\\CR_Hum_Body_05.bmd""], ""heads"": [""Data\\Engine2D\\Bin\\Bobs\\CR_Hum_Head_05.bmd"", ""Data\\Engine2D\\Bin\\Bobs\\CR_Hum_Head_06.bmd"", ""Data\\Engine2D\\Bin\\Bobs\\CR_Hum_Head_07.bmd"", ""Data\\Engine2D\\Bin\\Bobs\\CR_Hum_Head_08.bmd""], ""palettes"": [""test_human_00""], ""headPalettes"": [""test_human_00""], ""random"": [""Vik_Man_Soldier""]}, {""phase"": ""jobChange"", ""section"": 16, ""inheritedFrom"": null, ""body"": [""Data\\Engine2D\\Bin\\Bobs\\CR_Hum_Body_05.bmd""], ""heads"": [""Data\\Engine2D\\Bin\\Bobs\\CR_Hum_Head_05.bmd"", ""Data\\Engine2D\\Bin\\Bobs\\CR_Hum_Head_06.bmd"", ""Data\\Engine2D\\Bin\\Bobs\\CR_Hum_Head_07.bmd"", ""Data\\Engine2D\\Bin\\Bobs\\CR_Hum_Head_08.bmd""], ""palettes"": [], ""headPalettes"": [], ""random"": [""Vik_Man_Soldier_changeJob_spear_iron""]}]",78,"{""RENDERED"": 128, ""NO_DIRECT_FRAMES"": 2, ""VARIANT_INCOMPATIBLE"": 24, ""RENDERED_PARTIAL_MISSING_BOBS"": 2}",6,PARTIAL,PRESENTATION_APPROXIMATION,Vikings/Humans/Soldiers/job_33_soldier_spear_iron/metadata.json,Vikings/Humans/Soldiers/job_33_soldier_spear_iron/index.html,Vikings/Humans/index.html
1,Vikings,34,34,soldier_sword_short,Shortsword Fighter,adult (see job/parent chain),True,"[34, 31, 6]","[{""phase"": ""initial"", ""section"": 5, ""inheritedFrom"": 31, ""body"": [""Data\\Engine2D\\Bin\\Bobs\\CR_Hum_Body_05.bmd""], ""heads"": [""Data\\Engine2D\\Bin\\Bobs\\CR_Hum_Head_05.bmd"", ""Data\\Engine2D\\Bin\\Bobs\\CR_Hum_Head_06.bmd"", ""Data\\Engine2D\\Bin\\Bobs\\CR_Hum_Head_07.bmd"", ""Data\\Engine2D\\Bin\\Bobs\\CR_Hum_Head_08.bmd""], ""palettes"": [""test_human_00""], ""headPalettes"": [""test_human_00""], ""random"": [""Vik_Man_Soldier""]}, {""phase"": ""jobChange"", ""section"": 10, ""inheritedFrom"": 31, ""body"": [""Data\\Engine2D\\Bin\\Bobs\\CR_Hum_Body_05.bmd""], ""heads"": [""Data\\Engine2D\\Bin\\Bobs\\CR_Hum_Head_05.bmd"", ""Data\\Engine2D\\Bin\\Bobs\\CR_Hum_Head_06.bmd"", ""Data\\Engine2D\\Bin\\Bobs\\CR_Hum_Head_07.bmd"", ""Data\\Engine2D\\Bin\\Bobs\\CR_Hum_Head_08.bmd""], ""palettes"": [], ""headPalettes"": [], ""random"": [""Vik_Man_Soldier_changeJob""]}]",78,"{""RENDERED"": 128, ""NO_DIRECT_FRAMES"": 2, ""VARIANT_INCOMPATIBLE"": 24, ""RENDERED_PARTIAL_MISSING_BOBS"": 2}",6,PARTIAL,PRESENTATION_APPROXIMATION,Vikings/Humans/Soldiers/job_34_soldier_sword_short/metadata.json,Vikings/Humans/Soldiers/job_34_soldier_sword_short/index.html,Vikings/Humans/index.html
1,Vikings,35,35,soldier_sword_long,Longsword Fighter,adult (see job/parent chain),True,"[35, 31, 6]","[{""phase"": ""initial"", ""section"": 5, ""inheritedFrom"": 31, ""body"": [""Data\\Engine2D\\Bin\\Bobs\\CR_Hum_Body_05.bmd""], ""heads"": [""Data\\Engine2D\\Bin\\Bobs\\CR_Hum_Head_05.bmd"", ""Data\\Engine2D\\Bin\\Bobs\\CR_Hum_Head_06.bmd"", ""Data\\Engine2D\\Bin\\Bobs\\CR_Hum_Head_07.bmd"", ""Data\\Engine2D\\Bin\\Bobs\\CR_Hum_Head_08.bmd""], ""palettes"": [""test_human_00""], ""headPalettes"": [""test_human_00""], ""random"": [""Vik_Man_Soldier""]}, {""phase"": ""jobChange"", ""section"": 13, ""inheritedFrom"": null, ""body"": [""Data\\Engine2D\\Bin\\Bobs\\CR_Hum_Body_05.bmd""], ""heads"": [""Data\\Engine2D\\Bin\\Bobs\\CR_Hum_Head_05.bmd"", ""Data\\Engine2D\\Bin\\Bobs\\CR_Hum_Head_06.bmd"", ""Data\\Engine2D\\Bin\\Bobs\\CR_Hum_Head_07.bmd"", ""Data\\Engine2D\\Bin\\Bobs\\CR_Hum_Head_08.bmd""], ""palettes"": [], ""headPalettes"": [], ""random"": [""Vik_Man_Soldier_changeJob_longsword""]}]",78,"{""RENDERED"": 128, ""NO_DIRECT_FRAMES"": 2, ""VARIANT_INCOMPATIBLE"": 24, ""RENDERED_PARTIAL_MISSING_BOBS"": 2}",6,PARTIAL,PRESENTATION_APPROXIMATION,Vikings/Humans/Soldiers/job_35_soldier_sword_long/metadata.json,Vikings/Humans/Soldiers/job_35_soldier_sword_long/index.html,Vikings/Humans/index.html
1,Vikings,36,36,soldier_saber_short,Shortsabre Fighter,adult (see job/parent chain),False,"[36, 31, 6]","[{""phase"": ""initial"", ""section"": 5, ""inheritedFrom"": 31, ""body"": [""Data\\Engine2D\\Bin\\Bobs\\CR_Hum_Body_05.bmd""], ""heads"": [""Data\\Engine2D\\Bin\\Bobs\\CR_Hum_Head_05.bmd"", ""Data\\Engine2D\\Bin\\Bobs\\CR_Hum_Head_06.bmd"", ""Data\\Engine2D\\Bin\\Bobs\\CR_Hum_Head_07.bmd"", ""Data\\Engine2D\\Bin\\Bobs\\CR_Hum_Head_08.bmd""], ""palettes"": [""test_human_00""], ""headPalettes"": [""test_human_00""], ""random"": [""Vik_Man_Soldier""]}, {""phase"": ""jobChange"", ""section"": 10, ""inheritedFrom"": 31, ""body"": [""Data\\Engine2D\\Bin\\Bobs\\CR_Hum_Body_05.bmd""], ""heads"": [""Data\\Engine2D\\Bin\\Bobs\\CR_Hum_Head_05.bmd"", ""Data\\Engine2D\\Bin\\Bobs\\CR_Hum_Head_06.bmd"", ""Data\\Engine2D\\Bin\\Bobs\\CR_Hum_Head_07.bmd"", ""Data\\Engine2D\\Bin\\Bobs\\CR_Hum_Head_08.bmd""], ""palettes"": [], ""headPalettes"": [], ""random"": [""Vik_Man_Soldier_changeJob""]}]",78,"{""RENDERED"": 128, ""NO_DIRECT_FRAMES"": 2, ""VARIANT_INCOMPATIBLE"": 24, ""RENDERED_PARTIAL_MISSING_BOBS"": 2}",6,PARTIAL,PRESENTATION_APPROXIMATION,Vikings/Humans/Soldiers/job_36_soldier_saber_short/metadata.json,Vikings/Humans/Soldiers/job_36_soldier_saber_short/index.html,Vikings/Humans/index.html
1,Vikings,37,37,soldier_saber_long,Longsabre Fighter,adult (see job/parent chain),False,"[37, 31, 6]","[{""phase"": ""initial"", ""section"": 5, ""inheritedFrom"": 31, ""body"": [""Data\\Engine2D\\Bin\\Bobs\\CR_Hum_Body_05.bmd""], ""heads"": [""Data\\Engine2D\\Bin\\Bobs\\CR_Hum_Head_05.bmd"", ""Data\\Engine2D\\Bin\\Bobs\\CR_Hum_Head_06.bmd"", ""Data\\Engine2D\\Bin\\Bobs\\CR_Hum_Head_07.bmd"", ""Data\\Engine2D\\Bin\\Bobs\\CR_Hum_Head_08.bmd""], ""palettes"": [""test_human_00""], ""headPalettes"": [""test_human_00""], ""random"": [""Vik_Man_Soldier""]}, {""phase"": ""jobChange"", ""section"": 10, ""inheritedFrom"": 31, ""body"": [""Data\\Engine2D\\Bin\\Bobs\\CR_Hum_Body_05.bmd""], ""heads"": [""Data\\Engine2D\\Bin\\Bobs\\CR_Hum_Head_05.bmd"", ""Data\\Engine2D\\Bin\\Bobs\\CR_Hum_Head_06.bmd"", ""Data\\Engine2D\\Bin\\Bobs\\CR_Hum_Head_07.bmd"", ""Data\\Engine2D\\Bin\\Bobs\\CR_Hum_Head_08.bmd""], ""palettes"": [], ""headPalettes"": [], ""random"": [""Vik_Man_Soldier_changeJob""]}]",78,"{""RENDERED"": 128, ""NO_DIRECT_FRAMES"": 2, ""VARIANT_INCOMPATIBLE"": 24, ""RENDERED_PARTIAL_MISSING_BOBS"": 2}",6,PARTIAL,PRESENTATION_APPROXIMATION,Vikings/Humans/Soldiers/job_37_soldier_saber_long/metadata.json,Vikings/Humans/Soldiers/job_37_soldier_saber_long/index.html,Vikings/Humans/index.html
1,Vikings,38,38,soldier_axe_small,Small Axe Fighter,adult (see job/parent chain),False,"[38, 31, 6]","[{""phase"": ""initial"", ""section"": 5, ""inheritedFrom"": 31, ""body"": [""Data\\Engine2D\\Bin\\Bobs\\CR_Hum_Body_05.bmd""], ""heads"": [""Data\\Engine2D\\Bin\\Bobs\\CR_Hum_Head_05.bmd"", ""Data\\Engine2D\\Bin\\Bobs\\CR_Hum_Head_06.bmd"", ""Data\\Engine2D\\Bin\\Bobs\\CR_Hum_Head_07.bmd"", ""Data\\Engine2D\\Bin\\Bobs\\CR_Hum_Head_08.bmd""], ""palettes"": [""test_human_00""], ""headPalettes"": [""test_human_00""], ""random"": [""Vik_Man_Soldier""]}, {""phase"": ""jobChange"", ""section"": 10, ""inheritedFrom"": 31, ""body"": [""Data\\Engine2D\\Bin\\Bobs\\CR_Hum_Body_05.bmd""], ""heads"": [""Data\\Engine2D\\Bin\\Bobs\\CR_Hum_Head_05.bmd"", ""Data\\Engine2D\\Bin\\Bobs\\CR_Hum_Head_06.bmd"", ""Data\\Engine2D\\Bin\\Bobs\\CR_Hum_Head_07.bmd"", ""Data\\Engine2D\\Bin\\Bobs\\CR_Hum_Head_08.bmd""], ""palettes"": [], ""headPalettes"": [], ""random"": [""Vik_Man_Soldier_changeJob""]}]",78,"{""RENDERED"": 128, ""NO_DIRECT_FRAMES"": 2, ""VARIANT_INCOMPATIBLE"": 24, ""RENDERED_PARTIAL_MISSING_BOBS"": 2}",6,PARTIAL,PRESENTATION_APPROXIMATION,Vikings/Humans/Soldiers/job_38_soldier_axe_small/metadata.json,Vikings/Humans/Soldiers/job_38_soldier_axe_small/index.html,Vikings/Humans/index.html
1,Vikings,39,39,soldier_axe_big,Big Axe Fighter,adult (see job/parent chain),False,"[39, 31, 6]","[{""phase"": ""initial"", ""section"": 5, ""inheritedFrom"": 31, ""body"": [""Data\\Engine2D\\Bin\\Bobs\\CR_Hum_Body_05.bmd""], ""heads"": [""Data\\Engine2D\\Bin\\Bobs\\CR_Hum_Head_05.bmd"", ""Data\\Engine2D\\Bin\\Bobs\\CR_Hum_Head_06.bmd"", ""Data\\Engine2D\\Bin\\Bobs\\CR_Hum_Head_07.bmd"", ""Data\\Engine2D\\Bin\\Bobs\\CR_Hum_Head_08.bmd""], ""palettes"": [""test_human_00""], ""headPalettes"": [""test_human_00""], ""random"": [""Vik_Man_Soldier""]}, {""phase"": ""jobChange"", ""section"": 10, ""inheritedFrom"": 31, ""body"": [""Data\\Engine2D\\Bin\\Bobs\\CR_Hum_Body_05.bmd""], ""heads"": [""Data\\Engine2D\\Bin\\Bobs\\CR_Hum_Head_05.bmd"", ""Data\\Engine2D\\Bin\\Bobs\\CR_Hum_Head_06.bmd"", ""Data\\Engine2D\\Bin\\Bobs\\CR_Hum_Head_07.bmd"", ""Data\\Engine2D\\Bin\\Bobs\\CR_Hum_Head_08.bmd""], ""palettes"": [], ""headPalettes"": [], ""random"": [""Vik_Man_Soldier_changeJob""]}]",78,"{""RENDERED"": 128, ""NO_DIRECT_FRAMES"": 2, ""VARIANT_INCOMPATIBLE"": 24, ""RENDERED_PARTIAL_MISSING_BOBS"": 2}",6,PARTIAL,PRESENTATION_APPROXIMATION,Vikings/Humans/Soldiers/job_39_soldier_axe_big/metadata.json,Vikings/Humans/Soldiers/job_39_soldier_axe_big/index.html,Vikings/Humans/index.html
1,Vikings,40,40,soldier_bow_short,Short Bow Archer,adult (see job/parent chain),True,"[40, 31, 6]","[{""phase"": ""initial"", ""section"": 5, ""inheritedFrom"": 31, ""body"": [""Data\\Engine2D\\Bin\\Bobs\\CR_Hum_Body_05.bmd""], ""heads"": [""Data\\Engine2D\\Bin\\Bobs\\CR_Hum_Head_05.bmd"", ""Data\\Engine2D\\Bin\\Bobs\\CR_Hum_Head_06.bmd"", ""Data\\Engine2D\\Bin\\Bobs\\CR_Hum_Head_07.bmd"", ""Data\\Engine2D\\Bin\\Bobs\\CR_Hum_Head_08.bmd""], ""palettes"": [""test_human_00""], ""headPalettes"": [""test_human_00""], ""random"": [""Vik_Man_Soldier""]}, {""phase"": ""jobChange"", ""section"": 12, ""inheritedFrom"": null, ""body"": [""Data\\Engine2D\\Bin\\Bobs\\CR_Hum_Body_05.bmd""], ""heads"": [""Data\\Engine2D\\Bin\\Bobs\\CR_Hum_Head_05.bmd"", ""Data\\Engine2D\\Bin\\Bobs\\CR_Hum_Head_06.bmd"", ""Data\\Engine2D\\Bin\\Bobs\\CR_Hum_Head_07.bmd"", ""Data\\Engine2D\\Bin\\Bobs\\CR_Hum_Head_08.bmd""], ""palettes"": [], ""headPalettes"": [], ""random"": [""Vik_Man_Soldier_changeJob_bow""]}]",78,"{""RENDERED"": 128, ""NO_DIRECT_FRAMES"": 2, ""VARIANT_INCOMPATIBLE"": 24, ""RENDERED_PARTIAL_MISSING_BOBS"": 2}",6,PARTIAL,PRESENTATION_APPROXIMATION,Vikings/Humans/Soldiers/job_40_soldier_bow_short/metadata.json,Vikings/Humans/Soldiers/job_40_soldier_bow_short/index.html,Vikings/Humans/index.html
1,Vikings,41,41,soldier_bow_long,Longbow Archer,adult (see job/parent chain),True,"[41, 31, 6]","[{""phase"": ""initial"", ""section"": 5, ""inheritedFrom"": 31, ""body"": [""Data\\Engine2D\\Bin\\Bobs\\CR_Hum_Body_05.bmd""], ""heads"": [""Data\\Engine2D\\Bin\\Bobs\\CR_Hum_Head_05.bmd"", ""Data\\Engine2D\\Bin\\Bobs\\CR_Hum_Head_06.bmd"", ""Data\\Engine2D\\Bin\\Bobs\\CR_Hum_Head_07.bmd"", ""Data\\Engine2D\\Bin\\Bobs\\CR_Hum_Head_08.bmd""], ""palettes"": [""test_human_00""], ""headPalettes"": [""test_human_00""], ""random"": [""Vik_Man_Soldier""]}, {""phase"": ""jobChange"", ""section"": 11, ""inheritedFrom"": null, ""body"": [""Data\\Engine2D\\Bin\\Bobs\\CR_Hum_Body_05.bmd""], ""heads"": [""Data\\Engine2D\\Bin\\Bobs\\CR_Hum_Head_05.bmd"", ""Data\\Engine2D\\Bin\\Bobs\\CR_Hum_Head_06.bmd"", ""Data\\Engine2D\\Bin\\Bobs\\CR_Hum_Head_07.bmd"", ""Data\\Engine2D\\Bin\\Bobs\\CR_Hum_Head_08.bmd""], ""palettes"": [], ""headPalettes"": [], ""random"": [""Vik_Man_Soldier_changeJob_bow""]}]",78,"{""RENDERED"": 128, ""NO_DIRECT_FRAMES"": 2, ""VARIANT_INCOMPATIBLE"": 24, ""RENDERED_PARTIAL_MISSING_BOBS"": 2}",6,PARTIAL,PRESENTATION_APPROXIMATION,Vikings/Humans/Soldiers/job_41_soldier_bow_long/metadata.json,Vikings/Humans/Soldiers/job_41_soldier_bow_long/index.html,Vikings/Humans/index.html
1,Vikings,42,42,hero_unarmed_???,Unarmed Hero,adult (see job/parent chain),False,"[42, 31, 6]","[{""phase"": ""initial"", ""section"": 5, ""inheritedFrom"": 31, ""body"": [""Data\\Engine2D\\Bin\\Bobs\\CR_Hum_Body_05.bmd""], ""heads"": [""Data\\Engine2D\\Bin\\Bobs\\CR_Hum_Head_05.bmd"", ""Data\\Engine2D\\Bin\\Bobs\\CR_Hum_Head_06.bmd"", ""Data\\Engine2D\\Bin\\Bobs\\CR_Hum_Head_07.bmd"", ""Data\\Engine2D\\Bin\\Bobs\\CR_Hum_Head_08.bmd""], ""palettes"": [""test_human_00""], ""headPalettes"": [""test_human_00""], ""random"": [""Vik_Man_Soldier""]}, {""phase"": ""jobChange"", ""section"": 10, ""inheritedFrom"": 31, ""body"": [""Data\\Engine2D\\Bin\\Bobs\\CR_Hum_Body_05.bmd""], ""heads"": [""Data\\Engine2D\\Bin\\Bobs\\CR_Hum_Head_05.bmd"", ""Data\\Engine2D\\Bin\\Bobs\\CR_Hum_Head_06.bmd"", ""Data\\Engine2D\\Bin\\Bobs\\CR_Hum_Head_07.bmd"", ""Data\\Engine2D\\Bin\\Bobs\\CR_Hum_Head_08.bmd""], ""palettes"": [], ""headPalettes"": [], ""random"": [""Vik_Man_Soldier_changeJob""]}]",78,"{""RENDERED"": 128, ""NO_DIRECT_FRAMES"": 2, ""VARIANT_INCOMPATIBLE"": 24, ""RENDERED_PARTIAL_MISSING_BOBS"": 2}",6,PARTIAL,PRESENTATION_APPROXIMATION,Vikings/Humans/Heroes/job_42_hero_unarmed/metadata.json,Vikings/Humans/Heroes/job_42_hero_unarmed/index.html,Vikings/Humans/index.html
1,Vikings,43,43,hero_spear_SIEGFRIED,Sigurd,adult (see job/parent chain),False,"[43, 33, 31, 6]","[{""phase"": ""initial"", ""section"": 5, ""inheritedFrom"": 31, ""body"": [""Data\\Engine2D\\Bin\\Bobs\\CR_Hum_Body_05.bmd""], ""heads"": [""Data\\Engine2D\\Bin\\Bobs\\CR_Hum_Head_05.bmd"", ""Data\\Engine2D\\Bin\\Bobs\\CR_Hum_Head_06.bmd"", ""Data\\Engine2D\\Bin\\Bobs\\CR_Hum_Head_07.bmd"", ""Data\\Engine2D\\Bin\\Bobs\\CR_Hum_Head_08.bmd""], ""palettes"": [""test_human_00""], ""headPalettes"": [""test_human_00""], ""random"": [""Vik_Man_Soldier""]}, {""phase"": ""jobChange"", ""section"": 16, ""inheritedFrom"": 33, ""body"": [""Data\\Engine2D\\Bin\\Bobs\\CR_Hum_Body_05.bmd""], ""heads"": [""Data\\Engine2D\\Bin\\Bobs\\CR_Hum_Head_05.bmd"", ""Data\\Engine2D\\Bin\\Bobs\\CR_Hum_Head_06.bmd"", ""Data\\Engine2D\\Bin\\Bobs\\CR_Hum_Head_07.bmd"", ""Data\\Engine2D\\Bin\\Bobs\\CR_Hum_Head_08.bmd""], ""palettes"": [], ""headPalettes"": [], ""random"": [""Vik_Man_Soldier_changeJob_spear_iron""]}]",78,"{""RENDERED"": 128, ""NO_DIRECT_FRAMES"": 2, ""VARIANT_INCOMPATIBLE"": 24, ""RENDERED_PARTIAL_MISSING_BOBS"": 2}",6,PARTIAL,PRESENTATION_APPROXIMATION,Vikings/Humans/Heroes/job_43_hero_spear_SIEGFRIED/metadata.json,Vikings/Humans/Heroes/job_43_hero_spear_SIEGFRIED/index.html,Vikings/Humans/index.html
1,Vikings,44,44,hero_sword_BJARNI,Bjarni,adult (see job/parent chain),True,"[44, 34, 31, 6]","[{""phase"": ""initial"", ""section"": 56, ""inheritedFrom"": null, ""body"": [""Data\\Engine2D\\Bin\\Bobs\\CR_Hum_Body_60.bmd""], ""heads"": [], ""palettes"": [""test_human_00""], ""headPalettes"": [""test_human_00""], ""random"": [""Hero_Bjarni""]}, {""phase"": ""jobChange"", ""section"": 10, ""inheritedFrom"": 31, ""body"": [""Data\\Engine2D\\Bin\\Bobs\\CR_Hum_Body_05.bmd""], ""heads"": [""Data\\Engine2D\\Bin\\Bobs\\CR_Hum_Head_05.bmd"", ""Data\\Engine2D\\Bin\\Bobs\\CR_Hum_Head_06.bmd"", ""Data\\Engine2D\\Bin\\Bobs\\CR_Hum_Head_07.bmd"", ""Data\\Engine2D\\Bin\\Bobs\\CR_Hum_Head_08.bmd""], ""palettes"": [], ""headPalettes"": [], ""random"": [""Vik_Man_Soldier_changeJob""]}]",78,"{""RENDERED"": 102, ""NO_DIRECT_FRAMES"": 2, ""VARIANT_INCOMPATIBLE"": 49, ""RENDERED_PARTIAL_MISSING_BOBS"": 3}",6,PARTIAL,PRESENTATION_APPROXIMATION,Vikings/Humans/Heroes/job_44_hero_sword_BJARNI/metadata.json,Vikings/Humans/Heroes/job_44_hero_sword_BJARNI/index.html,Vikings/Humans/index.html
1,Vikings,45,45,hero_saber_HATSCHI,Hatchie,adult (see job/parent chain),True,"[45, 35, 31, 6]","[{""phase"": ""initial"", ""section"": 60, ""inheritedFrom"": null, ""body"": [""Data\\Engine2D\\Bin\\Bobs\\CR_Hum_Body_64.bmd""], ""heads"": [], ""palettes"": [""test_human_00""], ""headPalettes"": [""test_human_00""], ""random"": [""Hero_ykol""]}, {""phase"": ""jobChange"", ""section"": 13, ""inheritedFrom"": 35, ""body"": [""Data\\Engine2D\\Bin\\Bobs\\CR_Hum_Body_05.bmd""], ""heads"": [""Data\\Engine2D\\Bin\\Bobs\\CR_Hum_Head_05.bmd"", ""Data\\Engine2D\\Bin\\Bobs\\CR_Hum_Head_06.bmd"", ""Data\\Engine2D\\Bin\\Bobs\\CR_Hum_Head_07.bmd"", ""Data\\Engine2D\\Bin\\Bobs\\CR_Hum_Head_08.bmd""], ""palettes"": [], ""headPalettes"": [], ""random"": [""Vik_Man_Soldier_changeJob_longsword""]}]",78,"{""RENDERED"": 126, ""NO_DIRECT_FRAMES"": 2, ""VARIANT_INCOMPATIBLE"": 25, ""RENDERED_PARTIAL_MISSING_BOBS"": 3}",6,PARTIAL,PRESENTATION_APPROXIMATION,Vikings/Humans/Heroes/job_45_hero_saber_HATSCHI/metadata.json,Vikings/Humans/Heroes/job_45_hero_saber_HATSCHI/index.html,Vikings/Humans/index.html
1,Vikings,46,46,hero_axe_???,Axe Hero,adult (see job/parent chain),False,"[46, 39, 31, 6]","[{""phase"": ""initial"", ""section"": 5, ""inheritedFrom"": 31, ""body"": [""Data\\Engine2D\\Bin\\Bobs\\CR_Hum_Body_05.bmd""], ""heads"": [""Data\\Engine2D\\Bin\\Bobs\\CR_Hum_Head_05.bmd"", ""Data\\Engine2D\\Bin\\Bobs\\CR_Hum_Head_06.bmd"", ""Data\\Engine2D\\Bin\\Bobs\\CR_Hum_Head_07.bmd"", ""Data\\Engine2D\\Bin\\Bobs\\CR_Hum_Head_08.bmd""], ""palettes"": [""test_human_00""], ""headPalettes"": [""test_human_00""], ""random"": [""Vik_Man_Soldier""]}, {""phase"": ""jobChange"", ""section"": 10, ""inheritedFrom"": 31, ""body"": [""Data\\Engine2D\\Bin\\Bobs\\CR_Hum_Body_05.bmd""], ""heads"": [""Data\\Engine2D\\Bin\\Bobs\\CR_Hum_Head_05.bmd"", ""Data\\Engine2D\\Bin\\Bobs\\CR_Hum_Head_06.bmd"", ""Data\\Engine2D\\Bin\\Bobs\\CR_Hum_Head_07.bmd"", ""Data\\Engine2D\\Bin\\Bobs\\CR_Hum_Head_08.bmd""], ""palettes"": [], ""headPalettes"": [], ""random"": [""Vik_Man_Soldier_changeJob""]}]",78,"{""RENDERED"": 128, ""NO_DIRECT_FRAMES"": 2, ""VARIANT_INCOMPATIBLE"": 24, ""RENDERED_PARTIAL_MISSING_BOBS"": 2}",6,PARTIAL,PRESENTATION_APPROXIMATION,Vikings/Humans/Heroes/job_46_hero_axe/metadata.json,Vikings/Humans/Heroes/job_46_hero_axe/index.html,Vikings/Humans/index.html
1,Vikings,47,47,heroine_bow_XENA,Cyra,adult (see job/parent chain),False,"[47, 41, 31, 6]","[{""phase"": ""initial"", ""section"": 5, ""inheritedFrom"": 31, ""body"": [""Data\\Engine2D\\Bin\\Bobs\\CR_Hum_Body_05.bmd""], ""heads"": [""Data\\Engine2D\\Bin\\Bobs\\CR_Hum_Head_05.bmd"", ""Data\\Engine2D\\Bin\\Bobs\\CR_Hum_Head_06.bmd"", ""Data\\Engine2D\\Bin\\Bobs\\CR_Hum_Head_07.bmd"", ""Data\\Engine2D\\Bin\\Bobs\\CR_Hum_Head_08.bmd""], ""palettes"": [""test_human_00""], ""headPalettes"": [""test_human_00""], ""random"": [""Vik_Man_Soldier""]}, {""phase"": ""jobChange"", ""section"": 11, ""inheritedFrom"": 41, ""body"": [""Data\\Engine2D\\Bin\\Bobs\\CR_Hum_Body_05.bmd""], ""heads"": [""Data\\Engine2D\\Bin\\Bobs\\CR_Hum_Head_05.bmd"", ""Data\\Engine2D\\Bin\\Bobs\\CR_Hum_Head_06.bmd"", ""Data\\Engine2D\\Bin\\Bobs\\CR_Hum_Head_07.bmd"", ""Data\\Engine2D\\Bin\\Bobs\\CR_Hum_Head_08.bmd""], ""palettes"": [], ""headPalettes"": [], ""random"": [""Vik_Man_Soldier_changeJob_bow""]}]",78,"{""RENDERED"": 128, ""NO_DIRECT_FRAMES"": 2, ""VARIANT_INCOMPATIBLE"": 24, ""RENDERED_PARTIAL_MISSING_BOBS"": 2}",6,PARTIAL,PRESENTATION_APPROXIMATION,Vikings/Humans/Heroes/job_47_heroine_bow_XENA/metadata.json,Vikings/Humans/Heroes/job_47_heroine_bow_XENA/index.html,Vikings/Humans/index.html
2,Franks,1,1,baby_female,Baby,female baby,True,[1],"[{""phase"": ""initial"", ""section"": 69, ""inheritedFrom"": null, ""body"": [""Data\\Engine2D\\Bin\\Bobs\\CR_Hum_Body_22.bmd""], ""heads"": [""Data\\Engine2D\\Bin\\Bobs\\CR_Hum_Head_22.bmd""], ""palettes"": [""test_human_00""], ""headPalettes"": [""test_human_00""], ""random"": [""Vik_Baby_Base""]}]",7,"{""RENDERED"": 7}",2,PIXEL_CONFIRMED,PRESENTATION_APPROXIMATION,Franks/Humans/Children/Babies/job_01_baby_female/metadata.json,Franks/Humans/Children/Babies/job_01_baby_female/index.html,Franks/Humans/index.html
2,Franks,2,2,baby_male,Baby,male baby,True,"[2, 1]","[{""phase"": ""initial"", ""section"": 67, ""inheritedFrom"": null, ""body"": [""Data\\Engine2D\\Bin\\Bobs\\CR_Hum_Body_22.bmd""], ""heads"": [""Data\\Engine2D\\Bin\\Bobs\\CR_Hum_Head_22.bmd""], ""palettes"": [""test_human_00""], ""headPalettes"": [""test_human_00""], ""random"": [""Vik_Baby_Base""]}]",7,"{""RENDERED"": 7}",2,PIXEL_CONFIRMED,PRESENTATION_APPROXIMATION,Franks/Humans/Children/Babies/job_02_baby_male/metadata.json,Franks/Humans/Children/Babies/job_02_baby_male/index.html,Franks/Humans/index.html
2,Franks,3,3,child_female,Girl,female child,True,"[3, 1]","[{""phase"": ""initial"", ""section"": 70, ""inheritedFrom"": null, ""body"": [""Data\\Engine2D\\Bin\\Bobs\\CR_Hum_Body_21.bmd""], ""heads"": [""Data\\Engine2D\\Bin\\Bobs\\CR_Hum_Head_21.bmd""], ""palettes"": [""test_human_00""], ""headPalettes"": [""test_human_00""], ""random"": [""Vik_Man_Base""]}]",10,"{""RENDERED"": 10}",2,PIXEL_CONFIRMED,PRESENTATION_APPROXIMATION,Franks/Humans/Children/job_03_child_female/metadata.json,Franks/Humans/Children/job_03_child_female/index.html,Franks/Humans/index.html
2,Franks,4,4,child_male,Boy,male child,True,"[4, 2, 1]","[{""phase"": ""initial"", ""section"": 68, ""inheritedFrom"": null, ""body"": [""Data\\Engine2D\\Bin\\Bobs\\CR_Hum_Body_20.bmd""], ""heads"": [""Data\\Engine2D\\Bin\\Bobs\\CR_Hum_Head_20.bmd"", ""Data\\Engine2D\\Bin\\Bobs\\CR_Hum_Head_20.bmd"", ""Data\\Engine2D\\Bin\\Bobs\\CR_Hum_Head_20.bmd"", ""Data\\Engine2D\\Bin\\Bobs\\CR_Hum_Head_20.bmd""], ""palettes"": [""test_human_00""], ""headPalettes"": [""test_human_00""], ""random"": [""Vik_Man_Base""]}]",10,"{""RENDERED"": 10}",2,PIXEL_CONFIRMED,PRESENTATION_APPROXIMATION,Franks/Humans/Children/job_04_child_male/metadata.json,Franks/Humans/Children/job_04_child_male/index.html,Franks/Humans/index.html
2,Franks,5,5,woman,Woman,adult female,True,[5],"[{""phase"": ""initial"", ""section"": 22, ""inheritedFrom"": null, ""body"": [""Data\\Engine2D\\Bin\\Bobs\\CR_Hum_Body_10.bmd""], ""heads"": [""Data\\Engine2D\\Bin\\Bobs\\CR_Hum_Head_15.bmd""], ""palettes"": [""test_human_00""], ""headPalettes"": [""test_human_00""], ""random"": [""Vik_WoMan_Base""]}]",23,"{""RENDERED"": 23}",9,PIXEL_CONFIRMED,PRESENTATION_APPROXIMATION,Franks/Humans/Female/job_05_woman/metadata.json,Franks/Humans/Female/job_05_woman/index.html,Franks/Humans/index.html
2,Franks,6,6,civilist,Civilian,adult male,True,[6],"[{""phase"": ""initial"", ""section"": 21, ""inheritedFrom"": null, ""body"": [""Data\\Engine2D\\Bin\\Bobs\\CR_Hum_Body_30.bmd""], ""heads"": [""Data\\Engine2D\\Bin\\Bobs\\CR_Hum_Head_30.bmd"", ""Data\\Engine2D\\Bin\\Bobs\\CR_Hum_Head_31.bmd"", ""Data\\Engine2D\\Bin\\Bobs\\CR_Hum_Head_30.bmd"", ""Data\\Engine2D\\Bin\\Bobs\\CR_Hum_Head_31.bmd""], ""palettes"": [""test_human_00""], ""headPalettes"": [""test_human_00""], ""random"": [""Vik_Man_Base""]}]",35,"{""RENDERED"": 34, ""NO_DIRECT_FRAMES"": 1}",10,PIXEL_CONFIRMED,PRESENTATION_APPROXIMATION,Franks/Humans/Male/job_06_civilist/metadata.json,Franks/Humans/Male/job_06_civilist/index.html,Franks/Humans/index.html
2,Franks,7,7,builder,Builder,adult (see job/parent chain),True,"[7, 6]","[{""phase"": ""initial"", ""section"": 21, ""inheritedFrom"": 6, ""body"": [""Data\\Engine2D\\Bin\\Bobs\\CR_Hum_Body_30.bmd""], ""heads"": [""Data\\Engine2D\\Bin\\Bobs\\CR_Hum_Head_30.bmd"", ""Data\\Engine2D\\Bin\\Bobs\\CR_Hum_Head_31.bmd"", ""Data\\Engine2D\\Bin\\Bobs\\CR_Hum_Head_30.bmd"", ""Data\\Engine2D\\Bin\\Bobs\\CR_Hum_Head_31.bmd""], ""palettes"": [""test_human_00""], ""headPalettes"": [""test_human_00""], ""random"": [""Vik_Man_Base""]}]",37,"{""RENDERED"": 36, ""NO_DIRECT_FRAMES"": 1}",11,PIXEL_CONFIRMED,PRESENTATION_APPROXIMATION,Franks/Humans/Professions/job_07_builder/metadata.json,Franks/Humans/Professions/job_07_builder/index.html,Franks/Humans/index.html
2,Franks,8,8,collector,Extractor,adult (see job/parent chain),True,"[8, 6]","[{""phase"": ""initial"", ""section"": 21, ""inheritedFrom"": 6, ""body"": [""Data\\Engine2D\\Bin\\Bobs\\CR_Hum_Body_30.bmd""], ""heads"": [""Data\\Engine2D\\Bin\\Bobs\\CR_Hum_Head_30.bmd"", ""Data\\Engine2D\\Bin\\Bobs\\CR_Hum_Head_31.bmd"", ""Data\\Engine2D\\Bin\\Bobs\\CR_Hum_Head_30.bmd"", ""Data\\Engine2D\\Bin\\Bobs\\CR_Hum_Head_31.bmd""], ""palettes"": [""test_human_00""], ""headPalettes"": [""test_human_00""], ""random"": [""Vik_Man_Base""]}]",40,"{""RENDERED"": 39, ""NO_DIRECT_FRAMES"": 1}",11,PIXEL_CONFIRMED,PRESENTATION_APPROXIMATION,Franks/Humans/Professions/job_08_collector/metadata.json,Franks/Humans/Professions/job_08_collector/index.html,Franks/Humans/index.html
2,Franks,9,9,joiner,Carpenter,adult (see job/parent chain),True,"[9, 6]","[{""phase"": ""initial"", ""section"": 21, ""inheritedFrom"": 6, ""body"": [""Data\\Engine2D\\Bin\\Bobs\\CR_Hum_Body_30.bmd""], ""heads"": [""Data\\Engine2D\\Bin\\Bobs\\CR_Hum_Head_30.bmd"", ""Data\\Engine2D\\Bin\\Bobs\\CR_Hum_Head_31.bmd"", ""Data\\Engine2D\\Bin\\Bobs\\CR_Hum_Head_30.bmd"", ""Data\\Engine2D\\Bin\\Bobs\\CR_Hum_Head_31.bmd""], ""palettes"": [""test_human_00""], ""headPalettes"": [""test_human_00""], ""random"": [""Vik_Man_Base""]}]",35,"{""RENDERED"": 34, ""NO_DIRECT_FRAMES"": 1}",14,PIXEL_CONFIRMED,PRESENTATION_APPROXIMATION,Franks/Humans/Professions/job_09_joiner/metadata.json,Franks/Humans/Professions/job_09_joiner/index.html,Franks/Humans/index.html
2,Franks,10,10,armorer,Armourer,adult (see job/parent chain),True,"[10, 6]","[{""phase"": ""initial"", ""section"": 21, ""inheritedFrom"": 6, ""body"": [""Data\\Engine2D\\Bin\\Bobs\\CR_Hum_Body_30.bmd""], ""heads"": [""Data\\Engine2D\\Bin\\Bobs\\CR_Hum_Head_30.bmd"", ""Data\\Engine2D\\Bin\\Bobs\\CR_Hum_Head_31.bmd"", ""Data\\Engine2D\\Bin\\Bobs\\CR_Hum_Head_30.bmd"", ""Data\\Engine2D\\Bin\\Bobs\\CR_Hum_Head_31.bmd""], ""palettes"": [""test_human_00""], ""headPalettes"": [""test_human_00""], ""random"": [""Vik_Man_Base""]}]",35,"{""RENDERED"": 34, ""NO_DIRECT_FRAMES"": 1}",13,PIXEL_CONFIRMED,PRESENTATION_APPROXIMATION,Franks/Humans/Professions/job_10_armorer/metadata.json,Franks/Humans/Professions/job_10_armorer/index.html,Franks/Humans/index.html
2,Franks,11,11,potter,Potter,adult (see job/parent chain),True,"[11, 6]","[{""phase"": ""initial"", ""section"": 21, ""inheritedFrom"": 6, ""body"": [""Data\\Engine2D\\Bin\\Bobs\\CR_Hum_Body_30.bmd""], ""heads"": [""Data\\Engine2D\\Bin\\Bobs\\CR_Hum_Head_30.bmd"", ""Data\\Engine2D\\Bin\\Bobs\\CR_Hum_Head_31.bmd"", ""Data\\Engine2D\\Bin\\Bobs\\CR_Hum_Head_30.bmd"", ""Data\\Engine2D\\Bin\\Bobs\\CR_Hum_Head_31.bmd""], ""palettes"": [""test_human_00""], ""headPalettes"": [""test_human_00""], ""random"": [""Vik_Man_Base""]}]",35,"{""RENDERED"": 34, ""NO_DIRECT_FRAMES"": 1}",13,PIXEL_CONFIRMED,PRESENTATION_APPROXIMATION,Franks/Humans/Professions/job_11_potter/metadata.json,Franks/Humans/Professions/job_11_potter/index.html,Franks/Humans/index.html
2,Franks,12,12,mason,Stonemason,adult (see job/parent chain),True,"[12, 6]","[{""phase"": ""initial"", ""section"": 21, ""inheritedFrom"": 6, ""body"": [""Data\\Engine2D\\Bin\\Bobs\\CR_Hum_Body_30.bmd""], ""heads"": [""Data\\Engine2D\\Bin\\Bobs\\CR_Hum_Head_30.bmd"", ""Data\\Engine2D\\Bin\\Bobs\\CR_Hum_Head_31.bmd"", ""Data\\Engine2D\\Bin\\Bobs\\CR_Hum_Head_30.bmd"", ""Data\\Engine2D\\Bin\\Bobs\\CR_Hum_Head_31.bmd""], ""palettes"": [""test_human_00""], ""headPalettes"": [""test_human_00""], ""random"": [""Vik_Man_Base""]}]",35,"{""RENDERED"": 34, ""NO_DIRECT_FRAMES"": 1}",12,PIXEL_CONFIRMED,PRESENTATION_APPROXIMATION,Franks/Humans/Professions/job_12_mason/metadata.json,Franks/Humans/Professions/job_12_mason/index.html,Franks/Humans/index.html
2,Franks,13,13,smith,Blacksmith,adult (see job/parent chain),True,"[13, 6]","[{""phase"": ""initial"", ""section"": 21, ""inheritedFrom"": 6, ""body"": [""Data\\Engine2D\\Bin\\Bobs\\CR_Hum_Body_30.bmd""], ""heads"": [""Data\\Engine2D\\Bin\\Bobs\\CR_Hum_Head_30.bmd"", ""Data\\Engine2D\\Bin\\Bobs\\CR_Hum_Head_31.bmd"", ""Data\\Engine2D\\Bin\\Bobs\\CR_Hum_Head_30.bmd"", ""Data\\Engine2D\\Bin\\Bobs\\CR_Hum_Head_31.bmd""], ""palettes"": [""test_human_00""], ""headPalettes"": [""test_human_00""], ""random"": [""Vik_Man_Base""]}]",35,"{""RENDERED"": 34, ""NO_DIRECT_FRAMES"": 1}",16,PIXEL_CONFIRMED,PRESENTATION_APPROXIMATION,Franks/Humans/Professions/job_13_smith/metadata.json,Franks/Humans/Professions/job_13_smith/index.html,Franks/Humans/index.html
2,Franks,14,14,coin maker,Mint Worker,adult (see job/parent chain),True,"[14, 6]","[{""phase"": ""initial"", ""section"": 21, ""inheritedFrom"": 6, ""body"": [""Data\\Engine2D\\Bin\\Bobs\\CR_Hum_Body_30.bmd""], ""heads"": [""Data\\Engine2D\\Bin\\Bobs\\CR_Hum_Head_30.bmd"", ""Data\\Engine2D\\Bin\\Bobs\\CR_Hum_Head_31.bmd"", ""Data\\Engine2D\\Bin\\Bobs\\CR_Hum_Head_30.bmd"", ""Data\\Engine2D\\Bin\\Bobs\\CR_Hum_Head_31.bmd""], ""palettes"": [""test_human_00""], ""headPalettes"": [""test_human_00""], ""random"": [""Vik_Man_Base""]}]",35,"{""RENDERED"": 34, ""NO_DIRECT_FRAMES"": 1}",11,PIXEL_CONFIRMED,PRESENTATION_APPROXIMATION,Franks/Humans/Professions/job_14_coin_maker/metadata.json,Franks/Humans/Professions/job_14_coin_maker/index.html,Franks/Humans/index.html
2,Franks,15,15,hunter,Hunter,adult (see job/parent chain),True,"[15, 6]","[{""phase"": ""initial"", ""section"": 21, ""inheritedFrom"": 6, ""body"": [""Data\\Engine2D\\Bin\\Bobs\\CR_Hum_Body_30.bmd""], ""heads"": [""Data\\Engine2D\\Bin\\Bobs\\CR_Hum_Head_30.bmd"", ""Data\\Engine2D\\Bin\\Bobs\\CR_Hum_Head_31.bmd"", ""Data\\Engine2D\\Bin\\Bobs\\CR_Hum_Head_30.bmd"", ""Data\\Engine2D\\Bin\\Bobs\\CR_Hum_Head_31.bmd""], ""palettes"": [""test_human_00""], ""headPalettes"": [""test_human_00""], ""random"": [""Vik_Man_Base""]}]",36,"{""RENDERED"": 35, ""NO_DIRECT_FRAMES"": 1}",10,PIXEL_CONFIRMED,PRESENTATION_APPROXIMATION,Franks/Humans/Professions/job_15_hunter/metadata.json,Franks/Humans/Professions/job_15_hunter/index.html,Franks/Humans/index.html
2,Franks,16,16,breeder,Stock Farmer,adult (see job/parent chain),True,"[16, 6]","[{""phase"": ""initial"", ""section"": 21, ""inheritedFrom"": 6, ""body"": [""Data\\Engine2D\\Bin\\Bobs\\CR_Hum_Body_30.bmd""], ""heads"": [""Data\\Engine2D\\Bin\\Bobs\\CR_Hum_Head_30.bmd"", ""Data\\Engine2D\\Bin\\Bobs\\CR_Hum_Head_31.bmd"", ""Data\\Engine2D\\Bin\\Bobs\\CR_Hum_Head_30.bmd"", ""Data\\Engine2D\\Bin\\Bobs\\CR_Hum_Head_31.bmd""], ""palettes"": [""test_human_00""], ""headPalettes"": [""test_human_00""], ""random"": [""Vik_Man_Base""]}]",35,"{""RENDERED"": 34, ""NO_DIRECT_FRAMES"": 1}",15,PIXEL_CONFIRMED,PRESENTATION_APPROXIMATION,Franks/Humans/Professions/job_16_breeder/metadata.json,Franks/Humans/Professions/job_16_breeder/index.html,Franks/Humans/index.html
2,Franks,17,17,sewer,Tailor,adult (see job/parent chain),True,"[17, 6]","[{""phase"": ""initial"", ""section"": 21, ""inheritedFrom"": 6, ""body"": [""Data\\Engine2D\\Bin\\Bobs\\CR_Hum_Body_30.bmd""], ""heads"": [""Data\\Engine2D\\Bin\\Bobs\\CR_Hum_Head_30.bmd"", ""Data\\Engine2D\\Bin\\Bobs\\CR_Hum_Head_31.bmd"", ""Data\\Engine2D\\Bin\\Bobs\\CR_Hum_Head_30.bmd"", ""Data\\Engine2D\\Bin\\Bobs\\CR_Hum_Head_31.bmd""], ""palettes"": [""test_human_00""], ""headPalettes"": [""test_human_00""], ""random"": [""Vik_Man_Base""]}]",35,"{""RENDERED"": 34, ""NO_DIRECT_FRAMES"": 1}",13,PIXEL_CONFIRMED,PRESENTATION_APPROXIMATION,Franks/Humans/Professions/job_17_sewer/metadata.json,Franks/Humans/Professions/job_17_sewer/index.html,Franks/Humans/index.html
2,Franks,18,18,farmer,Farmer,adult (see job/parent chain),True,"[18, 6]","[{""phase"": ""initial"", ""section"": 21, ""inheritedFrom"": 6, ""body"": [""Data\\Engine2D\\Bin\\Bobs\\CR_Hum_Body_30.bmd""], ""heads"": [""Data\\Engine2D\\Bin\\Bobs\\CR_Hum_Head_30.bmd"", ""Data\\Engine2D\\Bin\\Bobs\\CR_Hum_Head_31.bmd"", ""Data\\Engine2D\\Bin\\Bobs\\CR_Hum_Head_30.bmd"", ""Data\\Engine2D\\Bin\\Bobs\\CR_Hum_Head_31.bmd""], ""palettes"": [""test_human_00""], ""headPalettes"": [""test_human_00""], ""random"": [""Vik_Man_Base""]}]",38,"{""RENDERED"": 37, ""NO_DIRECT_FRAMES"": 1}",10,PIXEL_CONFIRMED,PRESENTATION_APPROXIMATION,Franks/Humans/Professions/job_18_farmer/metadata.json,Franks/Humans/Professions/job_18_farmer/index.html,Franks/Humans/index.html
2,Franks,19,19,miller,Miller,adult (see job/parent chain),True,"[19, 6]","[{""phase"": ""initial"", ""section"": 21, ""inheritedFrom"": 6, ""body"": [""Data\\Engine2D\\Bin\\Bobs\\CR_Hum_Body_30.bmd""], ""heads"": [""Data\\Engine2D\\Bin\\Bobs\\CR_Hum_Head_30.bmd"", ""Data\\Engine2D\\Bin\\Bobs\\CR_Hum_Head_31.bmd"", ""Data\\Engine2D\\Bin\\Bobs\\CR_Hum_Head_30.bmd"", ""Data\\Engine2D\\Bin\\Bobs\\CR_Hum_Head_31.bmd""], ""palettes"": [""test_human_00""], ""headPalettes"": [""test_human_00""], ""random"": [""Vik_Man_Base""]}]",35,"{""RENDERED"": 34, ""NO_DIRECT_FRAMES"": 1}",11,PIXEL_CONFIRMED,PRESENTATION_APPROXIMATION,Franks/Humans/Professions/job_19_miller/metadata.json,Franks/Humans/Professions/job_19_miller/index.html,Franks/Humans/index.html
2,Franks,20,20,baker,Baker,adult (see job/parent chain),True,"[20, 6]","[{""phase"": ""initial"", ""section"": 21, ""inheritedFrom"": 6, ""body"": [""Data\\Engine2D\\Bin\\Bobs\\CR_Hum_Body_30.bmd""], ""heads"": [""Data\\Engine2D\\Bin\\Bobs\\CR_Hum_Head_30.bmd"", ""Data\\Engine2D\\Bin\\Bobs\\CR_Hum_Head_31.bmd"", ""Data\\Engine2D\\Bin\\Bobs\\CR_Hum_Head_30.bmd"", ""Data\\Engine2D\\Bin\\Bobs\\CR_Hum_Head_31.bmd""], ""palettes"": [""test_human_00""], ""headPalettes"": [""test_human_00""], ""random"": [""Vik_Man_Base""]}]",35,"{""RENDERED"": 34, ""NO_DIRECT_FRAMES"": 1}",12,PIXEL_CONFIRMED,PRESENTATION_APPROXIMATION,Franks/Humans/Professions/job_20_baker/metadata.json,Franks/Humans/Professions/job_20_baker/index.html,Franks/Humans/index.html
2,Franks,21,21,brewer,Brewer,adult (see job/parent chain),True,"[21, 6]","[{""phase"": ""initial"", ""section"": 21, ""inheritedFrom"": 6, ""body"": [""Data\\Engine2D\\Bin\\Bobs\\CR_Hum_Body_30.bmd""], ""heads"": [""Data\\Engine2D\\Bin\\Bobs\\CR_Hum_Head_30.bmd"", ""Data\\Engine2D\\Bin\\Bobs\\CR_Hum_Head_31.bmd"", ""Data\\Engine2D\\Bin\\Bobs\\CR_Hum_Head_30.bmd"", ""Data\\Engine2D\\Bin\\Bobs\\CR_Hum_Head_31.bmd""], ""palettes"": [""test_human_00""], ""headPalettes"": [""test_human_00""], ""random"": [""Vik_Man_Base""]}]",35,"{""RENDERED"": 34, ""NO_DIRECT_FRAMES"": 1}",11,PIXEL_CONFIRMED,PRESENTATION_APPROXIMATION,Franks/Humans/Professions/job_21_brewer/metadata.json,Franks/Humans/Professions/job_21_brewer/index.html,Franks/Humans/index.html
2,Franks,22,22,fisher,Fisherman,adult (see job/parent chain),True,"[22, 6]","[{""phase"": ""initial"", ""section"": 21, ""inheritedFrom"": 6, ""body"": [""Data\\Engine2D\\Bin\\Bobs\\CR_Hum_Body_30.bmd""], ""heads"": [""Data\\Engine2D\\Bin\\Bobs\\CR_Hum_Head_30.bmd"", ""Data\\Engine2D\\Bin\\Bobs\\CR_Hum_Head_31.bmd"", ""Data\\Engine2D\\Bin\\Bobs\\CR_Hum_Head_30.bmd"", ""Data\\Engine2D\\Bin\\Bobs\\CR_Hum_Head_31.bmd""], ""palettes"": [""test_human_00""], ""headPalettes"": [""test_human_00""], ""random"": [""Vik_Man_Base""]}]",38,"{""RENDERED"": 37, ""NO_DIRECT_FRAMES"": 1}",10,PIXEL_CONFIRMED,PRESENTATION_APPROXIMATION,Franks/Humans/Professions/job_22_fisher/metadata.json,Franks/Humans/Professions/job_22_fisher/index.html,Franks/Humans/index.html
2,Franks,23,23,fisher_sea,Sea Fisher,adult (see job/parent chain),False,"[23, 6]","[{""phase"": ""initial"", ""section"": 21, ""inheritedFrom"": 6, ""body"": [""Data\\Engine2D\\Bin\\Bobs\\CR_Hum_Body_30.bmd""], ""heads"": [""Data\\Engine2D\\Bin\\Bobs\\CR_Hum_Head_30.bmd"", ""Data\\Engine2D\\Bin\\Bobs\\CR_Hum_Head_31.bmd"", ""Data\\Engine2D\\Bin\\Bobs\\CR_Hum_Head_30.bmd"", ""Data\\Engine2D\\Bin\\Bobs\\CR_Hum_Head_31.bmd""], ""palettes"": [""test_human_00""], ""headPalettes"": [""test_human_00""], ""random"": [""Vik_Man_Base""]}]",35,"{""RENDERED"": 34, ""NO_DIRECT_FRAMES"": 1}",10,PIXEL_CONFIRMED,PRESENTATION_APPROXIMATION,Franks/Humans/Professions/job_23_fisher_sea/metadata.json,Franks/Humans/Professions/job_23_fisher_sea/index.html,Franks/Humans/index.html
2,Franks,24,24,carrier,Carrier,adult (see job/parent chain),True,"[24, 6]","[{""phase"": ""initial"", ""section"": 21, ""inheritedFrom"": 6, ""body"": [""Data\\Engine2D\\Bin\\Bobs\\CR_Hum_Body_30.bmd""], ""heads"": [""Data\\Engine2D\\Bin\\Bobs\\CR_Hum_Head_30.bmd"", ""Data\\Engine2D\\Bin\\Bobs\\CR_Hum_Head_31.bmd"", ""Data\\Engine2D\\Bin\\Bobs\\CR_Hum_Head_30.bmd"", ""Data\\Engine2D\\Bin\\Bobs\\CR_Hum_Head_31.bmd""], ""palettes"": [""test_human_00""], ""headPalettes"": [""test_human_00""], ""random"": [""Vik_Man_Base""]}]",35,"{""RENDERED"": 34, ""NO_DIRECT_FRAMES"": 1}",10,PIXEL_CONFIRMED,PRESENTATION_APPROXIMATION,Franks/Humans/Professions/job_24_carrier/metadata.json,Franks/Humans/Professions/job_24_carrier/index.html,Franks/Humans/index.html
2,Franks,25,25,trader,Merchant,adult (see job/parent chain),True,"[25, 6]","[{""phase"": ""initial"", ""section"": 21, ""inheritedFrom"": 6, ""body"": [""Data\\Engine2D\\Bin\\Bobs\\CR_Hum_Body_30.bmd""], ""heads"": [""Data\\Engine2D\\Bin\\Bobs\\CR_Hum_Head_30.bmd"", ""Data\\Engine2D\\Bin\\Bobs\\CR_Hum_Head_31.bmd"", ""Data\\Engine2D\\Bin\\Bobs\\CR_Hum_Head_30.bmd"", ""Data\\Engine2D\\Bin\\Bobs\\CR_Hum_Head_31.bmd""], ""palettes"": [""test_human_00""], ""headPalettes"": [""test_human_00""], ""random"": [""Vik_Man_Base""]}]",35,"{""RENDERED"": 34, ""NO_DIRECT_FRAMES"": 1}",10,PIXEL_CONFIRMED,PRESENTATION_APPROXIMATION,Franks/Humans/Professions/job_25_trader/metadata.json,Franks/Humans/Professions/job_25_trader/index.html,Franks/Humans/index.html
2,Franks,26,26,trader_sea,Sea Merchant,adult (see job/parent chain),False,"[26, 6]","[{""phase"": ""initial"", ""section"": 21, ""inheritedFrom"": 6, ""body"": [""Data\\Engine2D\\Bin\\Bobs\\CR_Hum_Body_30.bmd""], ""heads"": [""Data\\Engine2D\\Bin\\Bobs\\CR_Hum_Head_30.bmd"", ""Data\\Engine2D\\Bin\\Bobs\\CR_Hum_Head_31.bmd"", ""Data\\Engine2D\\Bin\\Bobs\\CR_Hum_Head_30.bmd"", ""Data\\Engine2D\\Bin\\Bobs\\CR_Hum_Head_31.bmd""], ""palettes"": [""test_human_00""], ""headPalettes"": [""test_human_00""], ""random"": [""Vik_Man_Base""]}]",35,"{""RENDERED"": 34, ""NO_DIRECT_FRAMES"": 1}",10,PIXEL_CONFIRMED,PRESENTATION_APPROXIMATION,Franks/Humans/Professions/job_26_trader_sea/metadata.json,Franks/Humans/Professions/job_26_trader_sea/index.html,Franks/Humans/index.html
2,Franks,27,27,scout,Scout,adult (see job/parent chain),True,"[27, 6]","[{""phase"": ""initial"", ""section"": 21, ""inheritedFrom"": 6, ""body"": [""Data\\Engine2D\\Bin\\Bobs\\CR_Hum_Body_30.bmd""], ""heads"": [""Data\\Engine2D\\Bin\\Bobs\\CR_Hum_Head_30.bmd"", ""Data\\Engine2D\\Bin\\Bobs\\CR_Hum_Head_31.bmd"", ""Data\\Engine2D\\Bin\\Bobs\\CR_Hum_Head_30.bmd"", ""Data\\Engine2D\\Bin\\Bobs\\CR_Hum_Head_31.bmd""], ""palettes"": [""test_human_00""], ""headPalettes"": [""test_human_00""], ""random"": [""Vik_Man_Base""]}]",36,"{""RENDERED"": 35, ""NO_DIRECT_FRAMES"": 1}",10,PIXEL_CONFIRMED,PRESENTATION_APPROXIMATION,Franks/Humans/Professions/job_27_scout/metadata.json,Franks/Humans/Professions/job_27_scout/index.html,Franks/Humans/index.html
2,Franks,28,28,jester,Jester,adult (see job/parent chain),False,"[28, 6]","[{""phase"": ""initial"", ""section"": 21, ""inheritedFrom"": 6, ""body"": [""Data\\Engine2D\\Bin\\Bobs\\CR_Hum_Body_30.bmd""], ""heads"": [""Data\\Engine2D\\Bin\\Bobs\\CR_Hum_Head_30.bmd"", ""Data\\Engine2D\\Bin\\Bobs\\CR_Hum_Head_31.bmd"", ""Data\\Engine2D\\Bin\\Bobs\\CR_Hum_Head_30.bmd"", ""Data\\Engine2D\\Bin\\Bobs\\CR_Hum_Head_31.bmd""], ""palettes"": [""test_human_00""], ""headPalettes"": [""test_human_00""], ""random"": [""Vik_Man_Base""]}]",35,"{""RENDERED"": 34, ""NO_DIRECT_FRAMES"": 1}",11,PIXEL_CONFIRMED,PRESENTATION_APPROXIMATION,Franks/Humans/Professions/job_28_jester/metadata.json,Franks/Humans/Professions/job_28_jester/index.html,Franks/Humans/index.html
2,Franks,29,29,herb & mush guy,Herb Gatherer,adult (see job/parent chain),True,"[29, 6]","[{""phase"": ""initial"", ""section"": 21, ""inheritedFrom"": 6, ""body"": [""Data\\Engine2D\\Bin\\Bobs\\CR_Hum_Body_30.bmd""], ""heads"": [""Data\\Engine2D\\Bin\\Bobs\\CR_Hum_Head_30.bmd"", ""Data\\Engine2D\\Bin\\Bobs\\CR_Hum_Head_31.bmd"", ""Data\\Engine2D\\Bin\\Bobs\\CR_Hum_Head_30.bmd"", ""Data\\Engine2D\\Bin\\Bobs\\CR_Hum_Head_31.bmd""], ""palettes"": [""test_human_00""], ""headPalettes"": [""test_human_00""], ""random"": [""Vik_Man_Base""]}]",35,"{""RENDERED"": 34, ""NO_DIRECT_FRAMES"": 1}",13,PIXEL_CONFIRMED,PRESENTATION_APPROXIMATION,Franks/Humans/Professions/job_29_herb_mush_guy/metadata.json,Franks/Humans/Professions/job_29_herb_mush_guy/index.html,Franks/Humans/index.html
2,Franks,30,30,druid,Druid,adult (see job/parent chain),True,"[30, 6]","[{""phase"": ""initial"", ""section"": 21, ""inheritedFrom"": 6, ""body"": [""Data\\Engine2D\\Bin\\Bobs\\CR_Hum_Body_30.bmd""], ""heads"": [""Data\\Engine2D\\Bin\\Bobs\\CR_Hum_Head_30.bmd"", ""Data\\Engine2D\\Bin\\Bobs\\CR_Hum_Head_31.bmd"", ""Data\\Engine2D\\Bin\\Bobs\\CR_Hum_Head_30.bmd"", ""Data\\Engine2D\\Bin\\Bobs\\CR_Hum_Head_31.bmd""], ""palettes"": [""test_human_00""], ""headPalettes"": [""test_human_00""], ""random"": [""Vik_Man_Base""]}]",35,"{""RENDERED"": 34, ""NO_DIRECT_FRAMES"": 1}",19,PIXEL_CONFIRMED,PRESENTATION_APPROXIMATION,Franks/Humans/Professions/job_30_druid/metadata.json,Franks/Humans/Professions/job_30_druid/index.html,Franks/Humans/index.html
2,Franks,31,31,soldier_unarmed,Soldier,adult (see job/parent chain),True,"[31, 6]","[{""phase"": ""initial"", ""section"": 23, ""inheritedFrom"": null, ""body"": [""Data\\Engine2D\\Bin\\Bobs\\CR_Hum_Body_32.bmd""], ""heads"": [""Data\\Engine2D\\Bin\\Bobs\\CR_Hum_Head_33.bmd"", ""Data\\Engine2D\\Bin\\Bobs\\CR_Hum_Head_34.bmd"", ""Data\\Engine2D\\Bin\\Bobs\\CR_Hum_Head_33.bmd"", ""Data\\Engine2D\\Bin\\Bobs\\CR_Hum_Head_34.bmd""], ""palettes"": [""test_human_00""], ""headPalettes"": [""test_human_00""], ""random"": [""Vik_Man_Soldier""]}, {""phase"": ""jobChange"", ""section"": 27, ""inheritedFrom"": null, ""body"": [""Data\\Engine2D\\Bin\\Bobs\\CR_Hum_Body_32.bmd""], ""heads"": [""Data\\Engine2D\\Bin\\Bobs\\CR_Hum_Head_33.bmd"", ""Data\\Engine2D\\Bin\\Bobs\\CR_Hum_Head_34.bmd"", ""Data\\Engine2D\\Bin\\Bobs\\CR_Hum_Head_33.bmd"", ""Data\\Engine2D\\Bin\\Bobs\\CR_Hum_Head_34.bmd""], ""palettes"": [], ""headPalettes"": [], ""random"": [""Vik_Man_Soldier""]}]",35,"{""RENDERED"": 54, ""NO_DIRECT_FRAMES"": 2, ""VARIANT_INCOMPATIBLE"": 10, ""RENDERED_PARTIAL_MISSING_BOBS"": 4}",11,PARTIAL,PRESENTATION_APPROXIMATION,Franks/Humans/Soldiers/job_31_soldier_unarmed/metadata.json,Franks/Humans/Soldiers/job_31_soldier_unarmed/index.html,Franks/Humans/index.html
2,Franks,32,32,soldier_spear_wooden,Wooden Spearman,adult (see job/parent chain),False,"[32, 31, 6]","[{""phase"": ""initial"", ""section"": 23, ""inheritedFrom"": 31, ""body"": [""Data\\Engine2D\\Bin\\Bobs\\CR_Hum_Body_32.bmd""], ""heads"": [""Data\\Engine2D\\Bin\\Bobs\\CR_Hum_Head_33.bmd"", ""Data\\Engine2D\\Bin\\Bobs\\CR_Hum_Head_34.bmd"", ""Data\\Engine2D\\Bin\\Bobs\\CR_Hum_Head_33.bmd"", ""Data\\Engine2D\\Bin\\Bobs\\CR_Hum_Head_34.bmd""], ""palettes"": [""test_human_00""], ""headPalettes"": [""test_human_00""], ""random"": [""Vik_Man_Soldier""]}, {""phase"": ""jobChange"", ""section"": 27, ""inheritedFrom"": 31, ""body"": [""Data\\Engine2D\\Bin\\Bobs\\CR_Hum_Body_32.bmd""], ""heads"": [""Data\\Engine2D\\Bin\\Bobs\\CR_Hum_Head_33.bmd"", ""Data\\Engine2D\\Bin\\Bobs\\CR_Hum_Head_34.bmd"", ""Data\\Engine2D\\Bin\\Bobs\\CR_Hum_Head_33.bmd"", ""Data\\Engine2D\\Bin\\Bobs\\CR_Hum_Head_34.bmd""], ""palettes"": [], ""headPalettes"": [], ""random"": [""Vik_Man_Soldier""]}]",35,"{""RENDERED"": 54, ""NO_DIRECT_FRAMES"": 2, ""VARIANT_INCOMPATIBLE"": 10, ""RENDERED_PARTIAL_MISSING_BOBS"": 4}",11,PARTIAL,PRESENTATION_APPROXIMATION,Franks/Humans/Soldiers/job_32_soldier_spear_wooden/metadata.json,Franks/Humans/Soldiers/job_32_soldier_spear_wooden/index.html,Franks/Humans/index.html
2,Franks,33,33,soldier_spear_iron,Iron Spearman,adult (see job/parent chain),False,"[33, 31, 6]","[{""phase"": ""initial"", ""section"": 23, ""inheritedFrom"": 31, ""body"": [""Data\\Engine2D\\Bin\\Bobs\\CR_Hum_Body_32.bmd""], ""heads"": [""Data\\Engine2D\\Bin\\Bobs\\CR_Hum_Head_33.bmd"", ""Data\\Engine2D\\Bin\\Bobs\\CR_Hum_Head_34.bmd"", ""Data\\Engine2D\\Bin\\Bobs\\CR_Hum_Head_33.bmd"", ""Data\\Engine2D\\Bin\\Bobs\\CR_Hum_Head_34.bmd""], ""palettes"": [""test_human_00""], ""headPalettes"": [""test_human_00""], ""random"": [""Vik_Man_Soldier""]}, {""phase"": ""jobChange"", ""section"": 27, ""inheritedFrom"": 31, ""body"": [""Data\\Engine2D\\Bin\\Bobs\\CR_Hum_Body_32.bmd""], ""heads"": [""Data\\Engine2D\\Bin\\Bobs\\CR_Hum_Head_33.bmd"", ""Data\\Engine2D\\Bin\\Bobs\\CR_Hum_Head_34.bmd"", ""Data\\Engine2D\\Bin\\Bobs\\CR_Hum_Head_33.bmd"", ""Data\\Engine2D\\Bin\\Bobs\\CR_Hum_Head_34.bmd""], ""palettes"": [], ""headPalettes"": [], ""random"": [""Vik_Man_Soldier""]}]",35,"{""RENDERED"": 54, ""NO_DIRECT_FRAMES"": 2, ""VARIANT_INCOMPATIBLE"": 10, ""RENDERED_PARTIAL_MISSING_BOBS"": 4}",11,PARTIAL,PRESENTATION_APPROXIMATION,Franks/Humans/Soldiers/job_33_soldier_spear_iron/metadata.json,Franks/Humans/Soldiers/job_33_soldier_spear_iron/index.html,Franks/Humans/index.html
2,Franks,34,34,soldier_sword_short,Shortsword Fighter,adult (see job/parent chain),True,"[34, 31, 6]","[{""phase"": ""initial"", ""section"": 23, ""inheritedFrom"": 31, ""body"": [""Data\\Engine2D\\Bin\\Bobs\\CR_Hum_Body_32.bmd""], ""heads"": [""Data\\Engine2D\\Bin\\Bobs\\CR_Hum_Head_33.bmd"", ""Data\\Engine2D\\Bin\\Bobs\\CR_Hum_Head_34.bmd"", ""Data\\Engine2D\\Bin\\Bobs\\CR_Hum_Head_33.bmd"", ""Data\\Engine2D\\Bin\\Bobs\\CR_Hum_Head_34.bmd""], ""palettes"": [""test_human_00""], ""headPalettes"": [""test_human_00""], ""random"": [""Vik_Man_Soldier""]}, {""phase"": ""jobChange"", ""section"": 24, ""inheritedFrom"": null, ""body"": [""Data\\Engine2D\\Bin\\Bobs\\CR_Hum_Body_32.bmd""], ""heads"": [""Data\\Engine2D\\Bin\\Bobs\\CR_Hum_Head_33.bmd"", ""Data\\Engine2D\\Bin\\Bobs\\CR_Hum_Head_34.bmd"", ""Data\\Engine2D\\Bin\\Bobs\\CR_Hum_Head_33.bmd"", ""Data\\Engine2D\\Bin\\Bobs\\CR_Hum_Head_34.bmd""], ""palettes"": [], ""headPalettes"": [], ""random"": [""Vik_Man_Soldier""]}]",35,"{""RENDERED"": 54, ""NO_DIRECT_FRAMES"": 2, ""VARIANT_INCOMPATIBLE"": 10, ""RENDERED_PARTIAL_MISSING_BOBS"": 4}",11,PARTIAL,PRESENTATION_APPROXIMATION,Franks/Humans/Soldiers/job_34_soldier_sword_short/metadata.json,Franks/Humans/Soldiers/job_34_soldier_sword_short/index.html,Franks/Humans/index.html
2,Franks,35,35,soldier_sword_long,Longsword Fighter,adult (see job/parent chain),True,"[35, 31, 6]","[{""phase"": ""initial"", ""section"": 23, ""inheritedFrom"": 31, ""body"": [""Data\\Engine2D\\Bin\\Bobs\\CR_Hum_Body_32.bmd""], ""heads"": [""Data\\Engine2D\\Bin\\Bobs\\CR_Hum_Head_33.bmd"", ""Data\\Engine2D\\Bin\\Bobs\\CR_Hum_Head_34.bmd"", ""Data\\Engine2D\\Bin\\Bobs\\CR_Hum_Head_33.bmd"", ""Data\\Engine2D\\Bin\\Bobs\\CR_Hum_Head_34.bmd""], ""palettes"": [""test_human_00""], ""headPalettes"": [""test_human_00""], ""random"": [""Vik_Man_Soldier""]}, {""phase"": ""jobChange"", ""section"": 26, ""inheritedFrom"": null, ""body"": [""Data\\Engine2D\\Bin\\Bobs\\CR_Hum_Body_32.bmd""], ""heads"": [""Data\\Engine2D\\Bin\\Bobs\\CR_Hum_Head_33.bmd"", ""Data\\Engine2D\\Bin\\Bobs\\CR_Hum_Head_34.bmd"", ""Data\\Engine2D\\Bin\\Bobs\\CR_Hum_Head_33.bmd"", ""Data\\Engine2D\\Bin\\Bobs\\CR_Hum_Head_34.bmd""], ""palettes"": [], ""headPalettes"": [], ""random"": [""Vik_Man_Soldier""]}]",35,"{""RENDERED"": 54, ""NO_DIRECT_FRAMES"": 2, ""VARIANT_INCOMPATIBLE"": 10, ""RENDERED_PARTIAL_MISSING_BOBS"": 4}",11,PARTIAL,PRESENTATION_APPROXIMATION,Franks/Humans/Soldiers/job_35_soldier_sword_long/metadata.json,Franks/Humans/Soldiers/job_35_soldier_sword_long/index.html,Franks/Humans/index.html
2,Franks,36,36,soldier_saber_short,Shortsabre Fighter,adult (see job/parent chain),False,"[36, 31, 6]","[{""phase"": ""initial"", ""section"": 23, ""inheritedFrom"": 31, ""body"": [""Data\\Engine2D\\Bin\\Bobs\\CR_Hum_Body_32.bmd""], ""heads"": [""Data\\Engine2D\\Bin\\Bobs\\CR_Hum_Head_33.bmd"", ""Data\\Engine2D\\Bin\\Bobs\\CR_Hum_Head_34.bmd"", ""Data\\Engine2D\\Bin\\Bobs\\CR_Hum_Head_33.bmd"", ""Data\\Engine2D\\Bin\\Bobs\\CR_Hum_Head_34.bmd""], ""palettes"": [""test_human_00""], ""headPalettes"": [""test_human_00""], ""random"": [""Vik_Man_Soldier""]}, {""phase"": ""jobChange"", ""section"": 27, ""inheritedFrom"": 31, ""body"": [""Data\\Engine2D\\Bin\\Bobs\\CR_Hum_Body_32.bmd""], ""heads"": [""Data\\Engine2D\\Bin\\Bobs\\CR_Hum_Head_33.bmd"", ""Data\\Engine2D\\Bin\\Bobs\\CR_Hum_Head_34.bmd"", ""Data\\Engine2D\\Bin\\Bobs\\CR_Hum_Head_33.bmd"", ""Data\\Engine2D\\Bin\\Bobs\\CR_Hum_Head_34.bmd""], ""palettes"": [], ""headPalettes"": [], ""random"": [""Vik_Man_Soldier""]}]",35,"{""RENDERED"": 54, ""NO_DIRECT_FRAMES"": 2, ""VARIANT_INCOMPATIBLE"": 10, ""RENDERED_PARTIAL_MISSING_BOBS"": 4}",11,PARTIAL,PRESENTATION_APPROXIMATION,Franks/Humans/Soldiers/job_36_soldier_saber_short/metadata.json,Franks/Humans/Soldiers/job_36_soldier_saber_short/index.html,Franks/Humans/index.html
2,Franks,37,37,soldier_saber_long,Longsabre Fighter,adult (see job/parent chain),False,"[37, 31, 6]","[{""phase"": ""initial"", ""section"": 23, ""inheritedFrom"": 31, ""body"": [""Data\\Engine2D\\Bin\\Bobs\\CR_Hum_Body_32.bmd""], ""heads"": [""Data\\Engine2D\\Bin\\Bobs\\CR_Hum_Head_33.bmd"", ""Data\\Engine2D\\Bin\\Bobs\\CR_Hum_Head_34.bmd"", ""Data\\Engine2D\\Bin\\Bobs\\CR_Hum_Head_33.bmd"", ""Data\\Engine2D\\Bin\\Bobs\\CR_Hum_Head_34.bmd""], ""palettes"": [""test_human_00""], ""headPalettes"": [""test_human_00""], ""random"": [""Vik_Man_Soldier""]}, {""phase"": ""jobChange"", ""section"": 27, ""inheritedFrom"": 31, ""body"": [""Data\\Engine2D\\Bin\\Bobs\\CR_Hum_Body_32.bmd""], ""heads"": [""Data\\Engine2D\\Bin\\Bobs\\CR_Hum_Head_33.bmd"", ""Data\\Engine2D\\Bin\\Bobs\\CR_Hum_Head_34.bmd"", ""Data\\Engine2D\\Bin\\Bobs\\CR_Hum_Head_33.bmd"", ""Data\\Engine2D\\Bin\\Bobs\\CR_Hum_Head_34.bmd""], ""palettes"": [], ""headPalettes"": [], ""random"": [""Vik_Man_Soldier""]}]",35,"{""RENDERED"": 54, ""NO_DIRECT_FRAMES"": 2, ""VARIANT_INCOMPATIBLE"": 10, ""RENDERED_PARTIAL_MISSING_BOBS"": 4}",11,PARTIAL,PRESENTATION_APPROXIMATION,Franks/Humans/Soldiers/job_37_soldier_saber_long/metadata.json,Franks/Humans/Soldiers/job_37_soldier_saber_long/index.html,Franks/Humans/index.html
2,Franks,38,38,soldier_axe_small,Small Axe Fighter,adult (see job/parent chain),False,"[38, 31, 6]","[{""phase"": ""initial"", ""section"": 23, ""inheritedFrom"": 31, ""body"": [""Data\\Engine2D\\Bin\\Bobs\\CR_Hum_Body_32.bmd""], ""heads"": [""Data\\Engine2D\\Bin\\Bobs\\CR_Hum_Head_33.bmd"", ""Data\\Engine2D\\Bin\\Bobs\\CR_Hum_Head_34.bmd"", ""Data\\Engine2D\\Bin\\Bobs\\CR_Hum_Head_33.bmd"", ""Data\\Engine2D\\Bin\\Bobs\\CR_Hum_Head_34.bmd""], ""palettes"": [""test_human_00""], ""headPalettes"": [""test_human_00""], ""random"": [""Vik_Man_Soldier""]}, {""phase"": ""jobChange"", ""section"": 27, ""inheritedFrom"": 31, ""body"": [""Data\\Engine2D\\Bin\\Bobs\\CR_Hum_Body_32.bmd""], ""heads"": [""Data\\Engine2D\\Bin\\Bobs\\CR_Hum_Head_33.bmd"", ""Data\\Engine2D\\Bin\\Bobs\\CR_Hum_Head_34.bmd"", ""Data\\Engine2D\\Bin\\Bobs\\CR_Hum_Head_33.bmd"", ""Data\\Engine2D\\Bin\\Bobs\\CR_Hum_Head_34.bmd""], ""palettes"": [], ""headPalettes"": [], ""random"": [""Vik_Man_Soldier""]}]",35,"{""RENDERED"": 54, ""NO_DIRECT_FRAMES"": 2, ""VARIANT_INCOMPATIBLE"": 10, ""RENDERED_PARTIAL_MISSING_BOBS"": 4}",11,PARTIAL,PRESENTATION_APPROXIMATION,Franks/Humans/Soldiers/job_38_soldier_axe_small/metadata.json,Franks/Humans/Soldiers/job_38_soldier_axe_small/index.html,Franks/Humans/index.html
2,Franks,39,39,soldier_axe_big,Big Axe Fighter,adult (see job/parent chain),False,"[39, 31, 6]","[{""phase"": ""initial"", ""section"": 23, ""inheritedFrom"": 31, ""body"": [""Data\\Engine2D\\Bin\\Bobs\\CR_Hum_Body_32.bmd""], ""heads"": [""Data\\Engine2D\\Bin\\Bobs\\CR_Hum_Head_33.bmd"", ""Data\\Engine2D\\Bin\\Bobs\\CR_Hum_Head_34.bmd"", ""Data\\Engine2D\\Bin\\Bobs\\CR_Hum_Head_33.bmd"", ""Data\\Engine2D\\Bin\\Bobs\\CR_Hum_Head_34.bmd""], ""palettes"": [""test_human_00""], ""headPalettes"": [""test_human_00""], ""random"": [""Vik_Man_Soldier""]}, {""phase"": ""jobChange"", ""section"": 27, ""inheritedFrom"": 31, ""body"": [""Data\\Engine2D\\Bin\\Bobs\\CR_Hum_Body_32.bmd""], ""heads"": [""Data\\Engine2D\\Bin\\Bobs\\CR_Hum_Head_33.bmd"", ""Data\\Engine2D\\Bin\\Bobs\\CR_Hum_Head_34.bmd"", ""Data\\Engine2D\\Bin\\Bobs\\CR_Hum_Head_33.bmd"", ""Data\\Engine2D\\Bin\\Bobs\\CR_Hum_Head_34.bmd""], ""palettes"": [], ""headPalettes"": [], ""random"": [""Vik_Man_Soldier""]}]",35,"{""RENDERED"": 54, ""NO_DIRECT_FRAMES"": 2, ""VARIANT_INCOMPATIBLE"": 10, ""RENDERED_PARTIAL_MISSING_BOBS"": 4}",11,PARTIAL,PRESENTATION_APPROXIMATION,Franks/Humans/Soldiers/job_39_soldier_axe_big/metadata.json,Franks/Humans/Soldiers/job_39_soldier_axe_big/index.html,Franks/Humans/index.html
2,Franks,40,40,soldier_bow_short,Short Bow Archer,adult (see job/parent chain),False,"[40, 31, 6]","[{""phase"": ""initial"", ""section"": 23, ""inheritedFrom"": 31, ""body"": [""Data\\Engine2D\\Bin\\Bobs\\CR_Hum_Body_32.bmd""], ""heads"": [""Data\\Engine2D\\Bin\\Bobs\\CR_Hum_Head_33.bmd"", ""Data\\Engine2D\\Bin\\Bobs\\CR_Hum_Head_34.bmd"", ""Data\\Engine2D\\Bin\\Bobs\\CR_Hum_Head_33.bmd"", ""Data\\Engine2D\\Bin\\Bobs\\CR_Hum_Head_34.bmd""], ""palettes"": [""test_human_00""], ""headPalettes"": [""test_human_00""], ""random"": [""Vik_Man_Soldier""]}, {""phase"": ""jobChange"", ""section"": 27, ""inheritedFrom"": 31, ""body"": [""Data\\Engine2D\\Bin\\Bobs\\CR_Hum_Body_32.bmd""], ""heads"": [""Data\\Engine2D\\Bin\\Bobs\\CR_Hum_Head_33.bmd"", ""Data\\Engine2D\\Bin\\Bobs\\CR_Hum_Head_34.bmd"", ""Data\\Engine2D\\Bin\\Bobs\\CR_Hum_Head_33.bmd"", ""Data\\Engine2D\\Bin\\Bobs\\CR_Hum_Head_34.bmd""], ""palettes"": [], ""headPalettes"": [], ""random"": [""Vik_Man_Soldier""]}]",35,"{""RENDERED"": 54, ""NO_DIRECT_FRAMES"": 2, ""VARIANT_INCOMPATIBLE"": 10, ""RENDERED_PARTIAL_MISSING_BOBS"": 4}",11,PARTIAL,PRESENTATION_APPROXIMATION,Franks/Humans/Soldiers/job_40_soldier_bow_short/metadata.json,Franks/Humans/Soldiers/job_40_soldier_bow_short/index.html,Franks/Humans/index.html
2,Franks,41,41,soldier_bow_long,Longbow Archer,adult (see job/parent chain),True,"[41, 31, 6]","[{""phase"": ""initial"", ""section"": 23, ""inheritedFrom"": 31, ""body"": [""Data\\Engine2D\\Bin\\Bobs\\CR_Hum_Body_32.bmd""], ""heads"": [""Data\\Engine2D\\Bin\\Bobs\\CR_Hum_Head_33.bmd"", ""Data\\Engine2D\\Bin\\Bobs\\CR_Hum_Head_34.bmd"", ""Data\\Engine2D\\Bin\\Bobs\\CR_Hum_Head_33.bmd"", ""Data\\Engine2D\\Bin\\Bobs\\CR_Hum_Head_34.bmd""], ""palettes"": [""test_human_00""], ""headPalettes"": [""test_human_00""], ""random"": [""Vik_Man_Soldier""]}, {""phase"": ""jobChange"", ""section"": 25, ""inheritedFrom"": null, ""body"": [""Data\\Engine2D\\Bin\\Bobs\\CR_Hum_Body_32.bmd""], ""heads"": [""Data\\Engine2D\\Bin\\Bobs\\CR_Hum_Head_33.bmd"", ""Data\\Engine2D\\Bin\\Bobs\\CR_Hum_Head_34.bmd"", ""Data\\Engine2D\\Bin\\Bobs\\CR_Hum_Head_33.bmd"", ""Data\\Engine2D\\Bin\\Bobs\\CR_Hum_Head_34.bmd""], ""palettes"": [], ""headPalettes"": [], ""random"": [""Vik_Man_Soldier""]}]",35,"{""RENDERED"": 54, ""NO_DIRECT_FRAMES"": 2, ""VARIANT_INCOMPATIBLE"": 10, ""RENDERED_PARTIAL_MISSING_BOBS"": 4}",11,PARTIAL,PRESENTATION_APPROXIMATION,Franks/Humans/Soldiers/job_41_soldier_bow_long/metadata.json,Franks/Humans/Soldiers/job_41_soldier_bow_long/index.html,Franks/Humans/index.html
2,Franks,42,42,hero_unarmed_???,Unarmed Hero,adult (see job/parent chain),True,"[42, 31, 6]","[{""phase"": ""initial"", ""section"": 83, ""inheritedFrom"": null, ""body"": [""Data\\Engine2D\\Bin\\Bobs\\CR_Hum_Body_20.bmd""], ""heads"": [""Data\\Engine2D\\Bin\\Bobs\\CR_Hum_Head_20.bmd"", ""Data\\Engine2D\\Bin\\Bobs\\CR_Hum_Head_20.bmd"", ""Data\\Engine2D\\Bin\\Bobs\\CR_Hum_Head_20.bmd"", ""Data\\Engine2D\\Bin\\Bobs\\CR_Hum_Head_20.bmd""], ""palettes"": [""test_human_00""], ""headPalettes"": [""test_human_00""], ""random"": []}, {""phase"": ""jobChange"", ""section"": 27, ""inheritedFrom"": 31, ""body"": [""Data\\Engine2D\\Bin\\Bobs\\CR_Hum_Body_32.bmd""], ""heads"": [""Data\\Engine2D\\Bin\\Bobs\\CR_Hum_Head_33.bmd"", ""Data\\Engine2D\\Bin\\Bobs\\CR_Hum_Head_34.bmd"", ""Data\\Engine2D\\Bin\\Bobs\\CR_Hum_Head_33.bmd"", ""Data\\Engine2D\\Bin\\Bobs\\CR_Hum_Head_34.bmd""], ""palettes"": [], ""headPalettes"": [], ""random"": [""Vik_Man_Soldier""]}]",35,"{""RENDERED"": 40, ""VARIANT_INCOMPATIBLE"": 26, ""NO_DIRECT_FRAMES"": 2, ""RENDERED_PARTIAL_MISSING_BOBS"": 2}",11,PARTIAL,PRESENTATION_APPROXIMATION,Franks/Humans/Heroes/job_42_hero_unarmed/metadata.json,Franks/Humans/Heroes/job_42_hero_unarmed/index.html,Franks/Humans/index.html
2,Franks,43,43,hero_spear_SIEGFRIED,Sigurd,adult (see job/parent chain),True,"[43, 33, 31, 6]","[{""phase"": ""initial"", ""section"": 59, ""inheritedFrom"": null, ""body"": [""Data\\Engine2D\\Bin\\Bobs\\CR_Hum_Body_61.bmd""], ""heads"": [], ""palettes"": [""test_human_00""], ""headPalettes"": [""test_human_00""], ""random"": [""Hero_Siegfried""]}, {""phase"": ""jobChange"", ""section"": 27, ""inheritedFrom"": 31, ""body"": [""Data\\Engine2D\\Bin\\Bobs\\CR_Hum_Body_32.bmd""], ""heads"": [""Data\\Engine2D\\Bin\\Bobs\\CR_Hum_Head_33.bmd"", ""Data\\Engine2D\\Bin\\Bobs\\CR_Hum_Head_34.bmd"", ""Data\\Engine2D\\Bin\\Bobs\\CR_Hum_Head_33.bmd"", ""Data\\Engine2D\\Bin\\Bobs\\CR_Hum_Head_34.bmd""], ""palettes"": [], ""headPalettes"": [], ""random"": [""Vik_Man_Soldier""]}]",35,"{""RENDERED"": 49, ""NO_DIRECT_FRAMES"": 2, ""VARIANT_INCOMPATIBLE"": 16, ""RENDERED_PARTIAL_MISSING_BOBS"": 3}",11,PARTIAL,PRESENTATION_APPROXIMATION,Franks/Humans/Heroes/job_43_hero_spear_SIEGFRIED/metadata.json,Franks/Humans/Heroes/job_43_hero_spear_SIEGFRIED/index.html,Franks/Humans/index.html
2,Franks,44,44,hero_sword_BJARNI,Bjarni,adult (see job/parent chain),False,"[44, 34, 31, 6]","[{""phase"": ""initial"", ""section"": 23, ""inheritedFrom"": 31, ""body"": [""Data\\Engine2D\\Bin\\Bobs\\CR_Hum_Body_32.bmd""], ""heads"": [""Data\\Engine2D\\Bin\\Bobs\\CR_Hum_Head_33.bmd"", ""Data\\Engine2D\\Bin\\Bobs\\CR_Hum_Head_34.bmd"", ""Data\\Engine2D\\Bin\\Bobs\\CR_Hum_Head_33.bmd"", ""Data\\Engine2D\\Bin\\Bobs\\CR_Hum_Head_34.bmd""], ""palettes"": [""test_human_00""], ""headPalettes"": [""test_human_00""], ""random"": [""Vik_Man_Soldier""]}, {""phase"": ""jobChange"", ""section"": 24, ""inheritedFrom"": 34, ""body"": [""Data\\Engine2D\\Bin\\Bobs\\CR_Hum_Body_32.bmd""], ""heads"": [""Data\\Engine2D\\Bin\\Bobs\\CR_Hum_Head_33.bmd"", ""Data\\Engine2D\\Bin\\Bobs\\CR_Hum_Head_34.bmd"", ""Data\\Engine2D\\Bin\\Bobs\\CR_Hum_Head_33.bmd"", ""Data\\Engine2D\\Bin\\Bobs\\CR_Hum_Head_34.bmd""], ""palettes"": [], ""headPalettes"": [], ""random"": [""Vik_Man_Soldier""]}]",35,"{""RENDERED"": 54, ""NO_DIRECT_FRAMES"": 2, ""VARIANT_INCOMPATIBLE"": 10, ""RENDERED_PARTIAL_MISSING_BOBS"": 4}",11,PARTIAL,PRESENTATION_APPROXIMATION,Franks/Humans/Heroes/job_44_hero_sword_BJARNI/metadata.json,Franks/Humans/Heroes/job_44_hero_sword_BJARNI/index.html,Franks/Humans/index.html
2,Franks,45,45,hero_saber_HATSCHI,Hatchie,adult (see job/parent chain),False,"[45, 35, 31, 6]","[{""phase"": ""initial"", ""section"": 23, ""inheritedFrom"": 31, ""body"": [""Data\\Engine2D\\Bin\\Bobs\\CR_Hum_Body_32.bmd""], ""heads"": [""Data\\Engine2D\\Bin\\Bobs\\CR_Hum_Head_33.bmd"", ""Data\\Engine2D\\Bin\\Bobs\\CR_Hum_Head_34.bmd"", ""Data\\Engine2D\\Bin\\Bobs\\CR_Hum_Head_33.bmd"", ""Data\\Engine2D\\Bin\\Bobs\\CR_Hum_Head_34.bmd""], ""palettes"": [""test_human_00""], ""headPalettes"": [""test_human_00""], ""random"": [""Vik_Man_Soldier""]}, {""phase"": ""jobChange"", ""section"": 26, ""inheritedFrom"": 35, ""body"": [""Data\\Engine2D\\Bin\\Bobs\\CR_Hum_Body_32.bmd""], ""heads"": [""Data\\Engine2D\\Bin\\Bobs\\CR_Hum_Head_33.bmd"", ""Data\\Engine2D\\Bin\\Bobs\\CR_Hum_Head_34.bmd"", ""Data\\Engine2D\\Bin\\Bobs\\CR_Hum_Head_33.bmd"", ""Data\\Engine2D\\Bin\\Bobs\\CR_Hum_Head_34.bmd""], ""palettes"": [], ""headPalettes"": [], ""random"": [""Vik_Man_Soldier""]}]",35,"{""RENDERED"": 54, ""NO_DIRECT_FRAMES"": 2, ""VARIANT_INCOMPATIBLE"": 10, ""RENDERED_PARTIAL_MISSING_BOBS"": 4}",11,PARTIAL,PRESENTATION_APPROXIMATION,Franks/Humans/Heroes/job_45_hero_saber_HATSCHI/metadata.json,Franks/Humans/Heroes/job_45_hero_saber_HATSCHI/index.html,Franks/Humans/index.html
2,Franks,46,46,hero_axe_???,Axe Hero,adult (see job/parent chain),False,"[46, 39, 31, 6]","[{""phase"": ""initial"", ""section"": 23, ""inheritedFrom"": 31, ""body"": [""Data\\Engine2D\\Bin\\Bobs\\CR_Hum_Body_32.bmd""], ""heads"": [""Data\\Engine2D\\Bin\\Bobs\\CR_Hum_Head_33.bmd"", ""Data\\Engine2D\\Bin\\Bobs\\CR_Hum_Head_34.bmd"", ""Data\\Engine2D\\Bin\\Bobs\\CR_Hum_Head_33.bmd"", ""Data\\Engine2D\\Bin\\Bobs\\CR_Hum_Head_34.bmd""], ""palettes"": [""test_human_00""], ""headPalettes"": [""test_human_00""], ""random"": [""Vik_Man_Soldier""]}, {""phase"": ""jobChange"", ""section"": 27, ""inheritedFrom"": 31, ""body"": [""Data\\Engine2D\\Bin\\Bobs\\CR_Hum_Body_32.bmd""], ""heads"": [""Data\\Engine2D\\Bin\\Bobs\\CR_Hum_Head_33.bmd"", ""Data\\Engine2D\\Bin\\Bobs\\CR_Hum_Head_34.bmd"", ""Data\\Engine2D\\Bin\\Bobs\\CR_Hum_Head_33.bmd"", ""Data\\Engine2D\\Bin\\Bobs\\CR_Hum_Head_34.bmd""], ""palettes"": [], ""headPalettes"": [], ""random"": [""Vik_Man_Soldier""]}]",35,"{""RENDERED"": 54, ""NO_DIRECT_FRAMES"": 2, ""VARIANT_INCOMPATIBLE"": 10, ""RENDERED_PARTIAL_MISSING_BOBS"": 4}",11,PARTIAL,PRESENTATION_APPROXIMATION,Franks/Humans/Heroes/job_46_hero_axe/metadata.json,Franks/Humans/Heroes/job_46_hero_axe/index.html,Franks/Humans/index.html
2,Franks,47,47,heroine_bow_XENA,Cyra,adult (see job/parent chain),False,"[47, 41, 31, 6]","[{""phase"": ""initial"", ""section"": 23, ""inheritedFrom"": 31, ""body"": [""Data\\Engine2D\\Bin\\Bobs\\CR_Hum_Body_32.bmd""], ""heads"": [""Data\\Engine2D\\Bin\\Bobs\\CR_Hum_Head_33.bmd"", ""Data\\Engine2D\\Bin\\Bobs\\CR_Hum_Head_34.bmd"", ""Data\\Engine2D\\Bin\\Bobs\\CR_Hum_Head_33.bmd"", ""Data\\Engine2D\\Bin\\Bobs\\CR_Hum_Head_34.bmd""], ""palettes"": [""test_human_00""], ""headPalettes"": [""test_human_00""], ""random"": [""Vik_Man_Soldier""]}, {""phase"": ""jobChange"", ""section"": 25, ""inheritedFrom"": 41, ""body"": [""Data\\Engine2D\\Bin\\Bobs\\CR_Hum_Body_32.bmd""], ""heads"": [""Data\\Engine2D\\Bin\\Bobs\\CR_Hum_Head_33.bmd"", ""Data\\Engine2D\\Bin\\Bobs\\CR_Hum_Head_34.bmd"", ""Data\\Engine2D\\Bin\\Bobs\\CR_Hum_Head_33.bmd"", ""Data\\Engine2D\\Bin\\Bobs\\CR_Hum_Head_34.bmd""], ""palettes"": [], ""headPalettes"": [], ""random"": [""Vik_Man_Soldier""]}]",35,"{""RENDERED"": 54, ""NO_DIRECT_FRAMES"": 2, ""VARIANT_INCOMPATIBLE"": 10, ""RENDERED_PARTIAL_MISSING_BOBS"": 4}",11,PARTIAL,PRESENTATION_APPROXIMATION,Franks/Humans/Heroes/job_47_heroine_bow_XENA/metadata.json,Franks/Humans/Heroes/job_47_heroine_bow_XENA/index.html,Franks/Humans/index.html
3,Byzantines,1,1,baby_female,Baby,female baby,True,[1],"[{""phase"": ""initial"", ""section"": 73, ""inheritedFrom"": null, ""body"": [""Data\\Engine2D\\Bin\\Bobs\\CR_Hum_Body_22.bmd""], ""heads"": [""Data\\Engine2D\\Bin\\Bobs\\CR_Hum_Head_22.bmd""], ""palettes"": [""test_human_00""], ""headPalettes"": [""test_human_00""], ""random"": [""Vik_Baby_Base""]}]",7,"{""RENDERED"": 7}",2,PIXEL_CONFIRMED,PRESENTATION_APPROXIMATION,Byzantines/Humans/Children/Babies/job_01_baby_female/metadata.json,Byzantines/Humans/Children/Babies/job_01_baby_female/index.html,Byzantines/Humans/index.html
3,Byzantines,2,2,baby_male,Baby,male baby,True,"[2, 1]","[{""phase"": ""initial"", ""section"": 71, ""inheritedFrom"": null, ""body"": [""Data\\Engine2D\\Bin\\Bobs\\CR_Hum_Body_22.bmd""], ""heads"": [""Data\\Engine2D\\Bin\\Bobs\\CR_Hum_Head_22.bmd""], ""palettes"": [""test_human_00""], ""headPalettes"": [""test_human_00""], ""random"": [""Vik_Baby_Base""]}]",7,"{""RENDERED"": 7}",2,PIXEL_CONFIRMED,PRESENTATION_APPROXIMATION,Byzantines/Humans/Children/Babies/job_02_baby_male/metadata.json,Byzantines/Humans/Children/Babies/job_02_baby_male/index.html,Byzantines/Humans/index.html
3,Byzantines,3,3,child_female,Girl,female child,True,"[3, 1]","[{""phase"": ""initial"", ""section"": 74, ""inheritedFrom"": null, ""body"": [""Data\\Engine2D\\Bin\\Bobs\\CR_Hum_Body_21.bmd""], ""heads"": [""Data\\Engine2D\\Bin\\Bobs\\CR_Hum_Head_21.bmd""], ""palettes"": [""test_human_00""], ""headPalettes"": [""test_human_00""], ""random"": [""Vik_Man_Base""]}]",10,"{""RENDERED"": 10}",2,PIXEL_CONFIRMED,PRESENTATION_APPROXIMATION,Byzantines/Humans/Children/job_03_child_female/metadata.json,Byzantines/Humans/Children/job_03_child_female/index.html,Byzantines/Humans/index.html
3,Byzantines,4,4,child_male,Boy,male child,True,"[4, 2, 1]","[{""phase"": ""initial"", ""section"": 72, ""inheritedFrom"": null, ""body"": [""Data\\Engine2D\\Bin\\Bobs\\CR_Hum_Body_20.bmd""], ""heads"": [""Data\\Engine2D\\Bin\\Bobs\\CR_Hum_Head_20.bmd"", ""Data\\Engine2D\\Bin\\Bobs\\CR_Hum_Head_20.bmd"", ""Data\\Engine2D\\Bin\\Bobs\\CR_Hum_Head_20.bmd"", ""Data\\Engine2D\\Bin\\Bobs\\CR_Hum_Head_20.bmd""], ""palettes"": [""test_human_00""], ""headPalettes"": [""test_human_00""], ""random"": [""Vik_Man_Base""]}]",10,"{""RENDERED"": 10}",2,PIXEL_CONFIRMED,PRESENTATION_APPROXIMATION,Byzantines/Humans/Children/job_04_child_male/metadata.json,Byzantines/Humans/Children/job_04_child_male/index.html,Byzantines/Humans/index.html
3,Byzantines,5,5,woman,Woman,adult female,True,[5],"[{""phase"": ""initial"", ""section"": 29, ""inheritedFrom"": null, ""body"": [""Data\\Engine2D\\Bin\\Bobs\\CR_Hum_Body_10.bmd""], ""heads"": [""Data\\Engine2D\\Bin\\Bobs\\CR_Hum_Head_17.bmd""], ""palettes"": [""test_human_00""], ""headPalettes"": [""test_human_00""], ""random"": [""Byz_WoMan_Base""]}]",22,"{""RENDERED"": 22}",10,PIXEL_CONFIRMED,PRESENTATION_APPROXIMATION,Byzantines/Humans/Female/job_05_woman/metadata.json,Byzantines/Humans/Female/job_05_woman/index.html,Byzantines/Humans/index.html
3,Byzantines,6,6,civilist,Civilian,adult male,True,[6],"[{""phase"": ""initial"", ""section"": 28, ""inheritedFrom"": null, ""body"": [""Data\\Engine2D\\Bin\\Bobs\\CR_Hum_Body_50.bmd""], ""heads"": [""Data\\Engine2D\\Bin\\Bobs\\CR_Hum_Head_50.bmd"", ""Data\\Engine2D\\Bin\\Bobs\\CR_Hum_Head_51.bmd"", ""Data\\Engine2D\\Bin\\Bobs\\CR_Hum_Head_50.bmd"", ""Data\\Engine2D\\Bin\\Bobs\\CR_Hum_Head_51.bmd""], ""palettes"": [""test_human_00""], ""headPalettes"": [""test_human_00""], ""random"": [""Vik_Man_Base""]}]",35,"{""RENDERED"": 34, ""NO_DIRECT_FRAMES"": 1}",10,PIXEL_CONFIRMED,PRESENTATION_APPROXIMATION,Byzantines/Humans/Male/job_06_civilist/metadata.json,Byzantines/Humans/Male/job_06_civilist/index.html,Byzantines/Humans/index.html
3,Byzantines,7,7,builder,Builder,adult (see job/parent chain),True,"[7, 6]","[{""phase"": ""initial"", ""section"": 28, ""inheritedFrom"": 6, ""body"": [""Data\\Engine2D\\Bin\\Bobs\\CR_Hum_Body_50.bmd""], ""heads"": [""Data\\Engine2D\\Bin\\Bobs\\CR_Hum_Head_50.bmd"", ""Data\\Engine2D\\Bin\\Bobs\\CR_Hum_Head_51.bmd"", ""Data\\Engine2D\\Bin\\Bobs\\CR_Hum_Head_50.bmd"", ""Data\\Engine2D\\Bin\\Bobs\\CR_Hum_Head_51.bmd""], ""palettes"": [""test_human_00""], ""headPalettes"": [""test_human_00""], ""random"": [""Vik_Man_Base""]}]",37,"{""RENDERED"": 36, ""NO_DIRECT_FRAMES"": 1}",11,PIXEL_CONFIRMED,PRESENTATION_APPROXIMATION,Byzantines/Humans/Professions/job_07_builder/metadata.json,Byzantines/Humans/Professions/job_07_builder/index.html,Byzantines/Humans/index.html
3,Byzantines,8,8,collector,Extractor,adult (see job/parent chain),True,"[8, 6]","[{""phase"": ""initial"", ""section"": 28, ""inheritedFrom"": 6, ""body"": [""Data\\Engine2D\\Bin\\Bobs\\CR_Hum_Body_50.bmd""], ""heads"": [""Data\\Engine2D\\Bin\\Bobs\\CR_Hum_Head_50.bmd"", ""Data\\Engine2D\\Bin\\Bobs\\CR_Hum_Head_51.bmd"", ""Data\\Engine2D\\Bin\\Bobs\\CR_Hum_Head_50.bmd"", ""Data\\Engine2D\\Bin\\Bobs\\CR_Hum_Head_51.bmd""], ""palettes"": [""test_human_00""], ""headPalettes"": [""test_human_00""], ""random"": [""Vik_Man_Base""]}]",40,"{""RENDERED"": 39, ""NO_DIRECT_FRAMES"": 1}",11,PIXEL_CONFIRMED,PRESENTATION_APPROXIMATION,Byzantines/Humans/Professions/job_08_collector/metadata.json,Byzantines/Humans/Professions/job_08_collector/index.html,Byzantines/Humans/index.html
3,Byzantines,9,9,joiner,Carpenter,adult (see job/parent chain),True,"[9, 6]","[{""phase"": ""initial"", ""section"": 28, ""inheritedFrom"": 6, ""body"": [""Data\\Engine2D\\Bin\\Bobs\\CR_Hum_Body_50.bmd""], ""heads"": [""Data\\Engine2D\\Bin\\Bobs\\CR_Hum_Head_50.bmd"", ""Data\\Engine2D\\Bin\\Bobs\\CR_Hum_Head_51.bmd"", ""Data\\Engine2D\\Bin\\Bobs\\CR_Hum_Head_50.bmd"", ""Data\\Engine2D\\Bin\\Bobs\\CR_Hum_Head_51.bmd""], ""palettes"": [""test_human_00""], ""headPalettes"": [""test_human_00""], ""random"": [""Vik_Man_Base""]}]",35,"{""RENDERED"": 34, ""NO_DIRECT_FRAMES"": 1}",14,PIXEL_CONFIRMED,PRESENTATION_APPROXIMATION,Byzantines/Humans/Professions/job_09_joiner/metadata.json,Byzantines/Humans/Professions/job_09_joiner/index.html,Byzantines/Humans/index.html
3,Byzantines,10,10,armorer,Armourer,adult (see job/parent chain),True,"[10, 6]","[{""phase"": ""initial"", ""section"": 28, ""inheritedFrom"": 6, ""body"": [""Data\\Engine2D\\Bin\\Bobs\\CR_Hum_Body_50.bmd""], ""heads"": [""Data\\Engine2D\\Bin\\Bobs\\CR_Hum_Head_50.bmd"", ""Data\\Engine2D\\Bin\\Bobs\\CR_Hum_Head_51.bmd"", ""Data\\Engine2D\\Bin\\Bobs\\CR_Hum_Head_50.bmd"", ""Data\\Engine2D\\Bin\\Bobs\\CR_Hum_Head_51.bmd""], ""palettes"": [""test_human_00""], ""headPalettes"": [""test_human_00""], ""random"": [""Vik_Man_Base""]}]",35,"{""RENDERED"": 34, ""NO_DIRECT_FRAMES"": 1}",13,PIXEL_CONFIRMED,PRESENTATION_APPROXIMATION,Byzantines/Humans/Professions/job_10_armorer/metadata.json,Byzantines/Humans/Professions/job_10_armorer/index.html,Byzantines/Humans/index.html
3,Byzantines,11,11,potter,Potter,adult (see job/parent chain),True,"[11, 6]","[{""phase"": ""initial"", ""section"": 28, ""inheritedFrom"": 6, ""body"": [""Data\\Engine2D\\Bin\\Bobs\\CR_Hum_Body_50.bmd""], ""heads"": [""Data\\Engine2D\\Bin\\Bobs\\CR_Hum_Head_50.bmd"", ""Data\\Engine2D\\Bin\\Bobs\\CR_Hum_Head_51.bmd"", ""Data\\Engine2D\\Bin\\Bobs\\CR_Hum_Head_50.bmd"", ""Data\\Engine2D\\Bin\\Bobs\\CR_Hum_Head_51.bmd""], ""palettes"": [""test_human_00""], ""headPalettes"": [""test_human_00""], ""random"": [""Vik_Man_Base""]}]",35,"{""RENDERED"": 34, ""NO_DIRECT_FRAMES"": 1}",13,PIXEL_CONFIRMED,PRESENTATION_APPROXIMATION,Byzantines/Humans/Professions/job_11_potter/metadata.json,Byzantines/Humans/Professions/job_11_potter/index.html,Byzantines/Humans/index.html
3,Byzantines,12,12,mason,Stonemason,adult (see job/parent chain),True,"[12, 6]","[{""phase"": ""initial"", ""section"": 28, ""inheritedFrom"": 6, ""body"": [""Data\\Engine2D\\Bin\\Bobs\\CR_Hum_Body_50.bmd""], ""heads"": [""Data\\Engine2D\\Bin\\Bobs\\CR_Hum_Head_50.bmd"", ""Data\\Engine2D\\Bin\\Bobs\\CR_Hum_Head_51.bmd"", ""Data\\Engine2D\\Bin\\Bobs\\CR_Hum_Head_50.bmd"", ""Data\\Engine2D\\Bin\\Bobs\\CR_Hum_Head_51.bmd""], ""palettes"": [""test_human_00""], ""headPalettes"": [""test_human_00""], ""random"": [""Vik_Man_Base""]}]",35,"{""RENDERED"": 34, ""NO_DIRECT_FRAMES"": 1}",12,PIXEL_CONFIRMED,PRESENTATION_APPROXIMATION,Byzantines/Humans/Professions/job_12_mason/metadata.json,Byzantines/Humans/Professions/job_12_mason/index.html,Byzantines/Humans/index.html
3,Byzantines,13,13,smith,Blacksmith,adult (see job/parent chain),True,"[13, 6]","[{""phase"": ""initial"", ""section"": 28, ""inheritedFrom"": 6, ""body"": [""Data\\Engine2D\\Bin\\Bobs\\CR_Hum_Body_50.bmd""], ""heads"": [""Data\\Engine2D\\Bin\\Bobs\\CR_Hum_Head_50.bmd"", ""Data\\Engine2D\\Bin\\Bobs\\CR_Hum_Head_51.bmd"", ""Data\\Engine2D\\Bin\\Bobs\\CR_Hum_Head_50.bmd"", ""Data\\Engine2D\\Bin\\Bobs\\CR_Hum_Head_51.bmd""], ""palettes"": [""test_human_00""], ""headPalettes"": [""test_human_00""], ""random"": [""Vik_Man_Base""]}]",35,"{""RENDERED"": 34, ""NO_DIRECT_FRAMES"": 1}",16,PIXEL_CONFIRMED,PRESENTATION_APPROXIMATION,Byzantines/Humans/Professions/job_13_smith/metadata.json,Byzantines/Humans/Professions/job_13_smith/index.html,Byzantines/Humans/index.html
3,Byzantines,14,14,coin maker,Mint Worker,adult (see job/parent chain),True,"[14, 6]","[{""phase"": ""initial"", ""section"": 28, ""inheritedFrom"": 6, ""body"": [""Data\\Engine2D\\Bin\\Bobs\\CR_Hum_Body_50.bmd""], ""heads"": [""Data\\Engine2D\\Bin\\Bobs\\CR_Hum_Head_50.bmd"", ""Data\\Engine2D\\Bin\\Bobs\\CR_Hum_Head_51.bmd"", ""Data\\Engine2D\\Bin\\Bobs\\CR_Hum_Head_50.bmd"", ""Data\\Engine2D\\Bin\\Bobs\\CR_Hum_Head_51.bmd""], ""palettes"": [""test_human_00""], ""headPalettes"": [""test_human_00""], ""random"": [""Vik_Man_Base""]}]",35,"{""RENDERED"": 34, ""NO_DIRECT_FRAMES"": 1}",11,PIXEL_CONFIRMED,PRESENTATION_APPROXIMATION,Byzantines/Humans/Professions/job_14_coin_maker/metadata.json,Byzantines/Humans/Professions/job_14_coin_maker/index.html,Byzantines/Humans/index.html
3,Byzantines,15,15,hunter,Hunter,adult (see job/parent chain),True,"[15, 6]","[{""phase"": ""initial"", ""section"": 28, ""inheritedFrom"": 6, ""body"": [""Data\\Engine2D\\Bin\\Bobs\\CR_Hum_Body_50.bmd""], ""heads"": [""Data\\Engine2D\\Bin\\Bobs\\CR_Hum_Head_50.bmd"", ""Data\\Engine2D\\Bin\\Bobs\\CR_Hum_Head_51.bmd"", ""Data\\Engine2D\\Bin\\Bobs\\CR_Hum_Head_50.bmd"", ""Data\\Engine2D\\Bin\\Bobs\\CR_Hum_Head_51.bmd""], ""palettes"": [""test_human_00""], ""headPalettes"": [""test_human_00""], ""random"": [""Vik_Man_Base""]}]",36,"{""RENDERED"": 35, ""NO_DIRECT_FRAMES"": 1}",10,PIXEL_CONFIRMED,PRESENTATION_APPROXIMATION,Byzantines/Humans/Professions/job_15_hunter/metadata.json,Byzantines/Humans/Professions/job_15_hunter/index.html,Byzantines/Humans/index.html
3,Byzantines,16,16,breeder,Stock Farmer,adult (see job/parent chain),True,"[16, 6]","[{""phase"": ""initial"", ""section"": 28, ""inheritedFrom"": 6, ""body"": [""Data\\Engine2D\\Bin\\Bobs\\CR_Hum_Body_50.bmd""], ""heads"": [""Data\\Engine2D\\Bin\\Bobs\\CR_Hum_Head_50.bmd"", ""Data\\Engine2D\\Bin\\Bobs\\CR_Hum_Head_51.bmd"", ""Data\\Engine2D\\Bin\\Bobs\\CR_Hum_Head_50.bmd"", ""Data\\Engine2D\\Bin\\Bobs\\CR_Hum_Head_51.bmd""], ""palettes"": [""test_human_00""], ""headPalettes"": [""test_human_00""], ""random"": [""Vik_Man_Base""]}]",35,"{""RENDERED"": 34, ""NO_DIRECT_FRAMES"": 1}",15,PIXEL_CONFIRMED,PRESENTATION_APPROXIMATION,Byzantines/Humans/Professions/job_16_breeder/metadata.json,Byzantines/Humans/Professions/job_16_breeder/index.html,Byzantines/Humans/index.html
3,Byzantines,17,17,sewer,Tailor,adult (see job/parent chain),True,"[17, 6]","[{""phase"": ""initial"", ""section"": 28, ""inheritedFrom"": 6, ""body"": [""Data\\Engine2D\\Bin\\Bobs\\CR_Hum_Body_50.bmd""], ""heads"": [""Data\\Engine2D\\Bin\\Bobs\\CR_Hum_Head_50.bmd"", ""Data\\Engine2D\\Bin\\Bobs\\CR_Hum_Head_51.bmd"", ""Data\\Engine2D\\Bin\\Bobs\\CR_Hum_Head_50.bmd"", ""Data\\Engine2D\\Bin\\Bobs\\CR_Hum_Head_51.bmd""], ""palettes"": [""test_human_00""], ""headPalettes"": [""test_human_00""], ""random"": [""Vik_Man_Base""]}]",35,"{""RENDERED"": 34, ""NO_DIRECT_FRAMES"": 1}",13,PIXEL_CONFIRMED,PRESENTATION_APPROXIMATION,Byzantines/Humans/Professions/job_17_sewer/metadata.json,Byzantines/Humans/Professions/job_17_sewer/index.html,Byzantines/Humans/index.html
3,Byzantines,18,18,farmer,Farmer,adult (see job/parent chain),True,"[18, 6]","[{""phase"": ""initial"", ""section"": 28, ""inheritedFrom"": 6, ""body"": [""Data\\Engine2D\\Bin\\Bobs\\CR_Hum_Body_50.bmd""], ""heads"": [""Data\\Engine2D\\Bin\\Bobs\\CR_Hum_Head_50.bmd"", ""Data\\Engine2D\\Bin\\Bobs\\CR_Hum_Head_51.bmd"", ""Data\\Engine2D\\Bin\\Bobs\\CR_Hum_Head_50.bmd"", ""Data\\Engine2D\\Bin\\Bobs\\CR_Hum_Head_51.bmd""], ""palettes"": [""test_human_00""], ""headPalettes"": [""test_human_00""], ""random"": [""Vik_Man_Base""]}]",38,"{""RENDERED"": 37, ""NO_DIRECT_FRAMES"": 1}",10,PIXEL_CONFIRMED,PRESENTATION_APPROXIMATION,Byzantines/Humans/Professions/job_18_farmer/metadata.json,Byzantines/Humans/Professions/job_18_farmer/index.html,Byzantines/Humans/index.html
3,Byzantines,19,19,miller,Miller,adult (see job/parent chain),True,"[19, 6]","[{""phase"": ""initial"", ""section"": 28, ""inheritedFrom"": 6, ""body"": [""Data\\Engine2D\\Bin\\Bobs\\CR_Hum_Body_50.bmd""], ""heads"": [""Data\\Engine2D\\Bin\\Bobs\\CR_Hum_Head_50.bmd"", ""Data\\Engine2D\\Bin\\Bobs\\CR_Hum_Head_51.bmd"", ""Data\\Engine2D\\Bin\\Bobs\\CR_Hum_Head_50.bmd"", ""Data\\Engine2D\\Bin\\Bobs\\CR_Hum_Head_51.bmd""], ""palettes"": [""test_human_00""], ""headPalettes"": [""test_human_00""], ""random"": [""Vik_Man_Base""]}]",35,"{""RENDERED"": 34, ""NO_DIRECT_FRAMES"": 1}",11,PIXEL_CONFIRMED,PRESENTATION_APPROXIMATION,Byzantines/Humans/Professions/job_19_miller/metadata.json,Byzantines/Humans/Professions/job_19_miller/index.html,Byzantines/Humans/index.html
3,Byzantines,20,20,baker,Baker,adult (see job/parent chain),True,"[20, 6]","[{""phase"": ""initial"", ""section"": 28, ""inheritedFrom"": 6, ""body"": [""Data\\Engine2D\\Bin\\Bobs\\CR_Hum_Body_50.bmd""], ""heads"": [""Data\\Engine2D\\Bin\\Bobs\\CR_Hum_Head_50.bmd"", ""Data\\Engine2D\\Bin\\Bobs\\CR_Hum_Head_51.bmd"", ""Data\\Engine2D\\Bin\\Bobs\\CR_Hum_Head_50.bmd"", ""Data\\Engine2D\\Bin\\Bobs\\CR_Hum_Head_51.bmd""], ""palettes"": [""test_human_00""], ""headPalettes"": [""test_human_00""], ""random"": [""Vik_Man_Base""]}]",35,"{""RENDERED"": 34, ""NO_DIRECT_FRAMES"": 1}",12,PIXEL_CONFIRMED,PRESENTATION_APPROXIMATION,Byzantines/Humans/Professions/job_20_baker/metadata.json,Byzantines/Humans/Professions/job_20_baker/index.html,Byzantines/Humans/index.html
3,Byzantines,21,21,brewer,Brewer,adult (see job/parent chain),True,"[21, 6]","[{""phase"": ""initial"", ""section"": 28, ""inheritedFrom"": 6, ""body"": [""Data\\Engine2D\\Bin\\Bobs\\CR_Hum_Body_50.bmd""], ""heads"": [""Data\\Engine2D\\Bin\\Bobs\\CR_Hum_Head_50.bmd"", ""Data\\Engine2D\\Bin\\Bobs\\CR_Hum_Head_51.bmd"", ""Data\\Engine2D\\Bin\\Bobs\\CR_Hum_Head_50.bmd"", ""Data\\Engine2D\\Bin\\Bobs\\CR_Hum_Head_51.bmd""], ""palettes"": [""test_human_00""], ""headPalettes"": [""test_human_00""], ""random"": [""Vik_Man_Base""]}]",35,"{""RENDERED"": 34, ""NO_DIRECT_FRAMES"": 1}",11,PIXEL_CONFIRMED,PRESENTATION_APPROXIMATION,Byzantines/Humans/Professions/job_21_brewer/metadata.json,Byzantines/Humans/Professions/job_21_brewer/index.html,Byzantines/Humans/index.html
3,Byzantines,22,22,fisher,Fisherman,adult (see job/parent chain),True,"[22, 6]","[{""phase"": ""initial"", ""section"": 28, ""inheritedFrom"": 6, ""body"": [""Data\\Engine2D\\Bin\\Bobs\\CR_Hum_Body_50.bmd""], ""heads"": [""Data\\Engine2D\\Bin\\Bobs\\CR_Hum_Head_50.bmd"", ""Data\\Engine2D\\Bin\\Bobs\\CR_Hum_Head_51.bmd"", ""Data\\Engine2D\\Bin\\Bobs\\CR_Hum_Head_50.bmd"", ""Data\\Engine2D\\Bin\\Bobs\\CR_Hum_Head_51.bmd""], ""palettes"": [""test_human_00""], ""headPalettes"": [""test_human_00""], ""random"": [""Vik_Man_Base""]}]",38,"{""RENDERED"": 37, ""NO_DIRECT_FRAMES"": 1}",10,PIXEL_CONFIRMED,PRESENTATION_APPROXIMATION,Byzantines/Humans/Professions/job_22_fisher/metadata.json,Byzantines/Humans/Professions/job_22_fisher/index.html,Byzantines/Humans/index.html
3,Byzantines,23,23,fisher_sea,Sea Fisher,adult (see job/parent chain),False,"[23, 6]","[{""phase"": ""initial"", ""section"": 28, ""inheritedFrom"": 6, ""body"": [""Data\\Engine2D\\Bin\\Bobs\\CR_Hum_Body_50.bmd""], ""heads"": [""Data\\Engine2D\\Bin\\Bobs\\CR_Hum_Head_50.bmd"", ""Data\\Engine2D\\Bin\\Bobs\\CR_Hum_Head_51.bmd"", ""Data\\Engine2D\\Bin\\Bobs\\CR_Hum_Head_50.bmd"", ""Data\\Engine2D\\Bin\\Bobs\\CR_Hum_Head_51.bmd""], ""palettes"": [""test_human_00""], ""headPalettes"": [""test_human_00""], ""random"": [""Vik_Man_Base""]}]",35,"{""RENDERED"": 34, ""NO_DIRECT_FRAMES"": 1}",10,PIXEL_CONFIRMED,PRESENTATION_APPROXIMATION,Byzantines/Humans/Professions/job_23_fisher_sea/metadata.json,Byzantines/Humans/Professions/job_23_fisher_sea/index.html,Byzantines/Humans/index.html
3,Byzantines,24,24,carrier,Carrier,adult (see job/parent chain),True,"[24, 6]","[{""phase"": ""initial"", ""section"": 28, ""inheritedFrom"": 6, ""body"": [""Data\\Engine2D\\Bin\\Bobs\\CR_Hum_Body_50.bmd""], ""heads"": [""Data\\Engine2D\\Bin\\Bobs\\CR_Hum_Head_50.bmd"", ""Data\\Engine2D\\Bin\\Bobs\\CR_Hum_Head_51.bmd"", ""Data\\Engine2D\\Bin\\Bobs\\CR_Hum_Head_50.bmd"", ""Data\\Engine2D\\Bin\\Bobs\\CR_Hum_Head_51.bmd""], ""palettes"": [""test_human_00""], ""headPalettes"": [""test_human_00""], ""random"": [""Vik_Man_Base""]}]",35,"{""RENDERED"": 34, ""NO_DIRECT_FRAMES"": 1}",10,PIXEL_CONFIRMED,PRESENTATION_APPROXIMATION,Byzantines/Humans/Professions/job_24_carrier/metadata.json,Byzantines/Humans/Professions/job_24_carrier/index.html,Byzantines/Humans/index.html
3,Byzantines,25,25,trader,Merchant,adult (see job/parent chain),True,"[25, 6]","[{""phase"": ""initial"", ""section"": 28, ""inheritedFrom"": 6, ""body"": [""Data\\Engine2D\\Bin\\Bobs\\CR_Hum_Body_50.bmd""], ""heads"": [""Data\\Engine2D\\Bin\\Bobs\\CR_Hum_Head_50.bmd"", ""Data\\Engine2D\\Bin\\Bobs\\CR_Hum_Head_51.bmd"", ""Data\\Engine2D\\Bin\\Bobs\\CR_Hum_Head_50.bmd"", ""Data\\Engine2D\\Bin\\Bobs\\CR_Hum_Head_51.bmd""], ""palettes"": [""test_human_00""], ""headPalettes"": [""test_human_00""], ""random"": [""Vik_Man_Base""]}]",35,"{""RENDERED"": 34, ""NO_DIRECT_FRAMES"": 1}",10,PIXEL_CONFIRMED,PRESENTATION_APPROXIMATION,Byzantines/Humans/Professions/job_25_trader/metadata.json,Byzantines/Humans/Professions/job_25_trader/index.html,Byzantines/Humans/index.html
3,Byzantines,26,26,trader_sea,Sea Merchant,adult (see job/parent chain),False,"[26, 6]","[{""phase"": ""initial"", ""section"": 28, ""inheritedFrom"": 6, ""body"": [""Data\\Engine2D\\Bin\\Bobs\\CR_Hum_Body_50.bmd""], ""heads"": [""Data\\Engine2D\\Bin\\Bobs\\CR_Hum_Head_50.bmd"", ""Data\\Engine2D\\Bin\\Bobs\\CR_Hum_Head_51.bmd"", ""Data\\Engine2D\\Bin\\Bobs\\CR_Hum_Head_50.bmd"", ""Data\\Engine2D\\Bin\\Bobs\\CR_Hum_Head_51.bmd""], ""palettes"": [""test_human_00""], ""headPalettes"": [""test_human_00""], ""random"": [""Vik_Man_Base""]}]",35,"{""RENDERED"": 34, ""NO_DIRECT_FRAMES"": 1}",10,PIXEL_CONFIRMED,PRESENTATION_APPROXIMATION,Byzantines/Humans/Professions/job_26_trader_sea/metadata.json,Byzantines/Humans/Professions/job_26_trader_sea/index.html,Byzantines/Humans/index.html
3,Byzantines,27,27,scout,Scout,adult (see job/parent chain),True,"[27, 6]","[{""phase"": ""initial"", ""section"": 28, ""inheritedFrom"": 6, ""body"": [""Data\\Engine2D\\Bin\\Bobs\\CR_Hum_Body_50.bmd""], ""heads"": [""Data\\Engine2D\\Bin\\Bobs\\CR_Hum_Head_50.bmd"", ""Data\\Engine2D\\Bin\\Bobs\\CR_Hum_Head_51.bmd"", ""Data\\Engine2D\\Bin\\Bobs\\CR_Hum_Head_50.bmd"", ""Data\\Engine2D\\Bin\\Bobs\\CR_Hum_Head_51.bmd""], ""palettes"": [""test_human_00""], ""headPalettes"": [""test_human_00""], ""random"": [""Vik_Man_Base""]}]",36,"{""RENDERED"": 35, ""NO_DIRECT_FRAMES"": 1}",10,PIXEL_CONFIRMED,PRESENTATION_APPROXIMATION,Byzantines/Humans/Professions/job_27_scout/metadata.json,Byzantines/Humans/Professions/job_27_scout/index.html,Byzantines/Humans/index.html
3,Byzantines,28,28,jester,Jester,adult (see job/parent chain),False,"[28, 6]","[{""phase"": ""initial"", ""section"": 28, ""inheritedFrom"": 6, ""body"": [""Data\\Engine2D\\Bin\\Bobs\\CR_Hum_Body_50.bmd""], ""heads"": [""Data\\Engine2D\\Bin\\Bobs\\CR_Hum_Head_50.bmd"", ""Data\\Engine2D\\Bin\\Bobs\\CR_Hum_Head_51.bmd"", ""Data\\Engine2D\\Bin\\Bobs\\CR_Hum_Head_50.bmd"", ""Data\\Engine2D\\Bin\\Bobs\\CR_Hum_Head_51.bmd""], ""palettes"": [""test_human_00""], ""headPalettes"": [""test_human_00""], ""random"": [""Vik_Man_Base""]}]",35,"{""RENDERED"": 34, ""NO_DIRECT_FRAMES"": 1}",11,PIXEL_CONFIRMED,PRESENTATION_APPROXIMATION,Byzantines/Humans/Professions/job_28_jester/metadata.json,Byzantines/Humans/Professions/job_28_jester/index.html,Byzantines/Humans/index.html
3,Byzantines,29,29,herb & mush guy,Herb Gatherer,adult (see job/parent chain),True,"[29, 6]","[{""phase"": ""initial"", ""section"": 28, ""inheritedFrom"": 6, ""body"": [""Data\\Engine2D\\Bin\\Bobs\\CR_Hum_Body_50.bmd""], ""heads"": [""Data\\Engine2D\\Bin\\Bobs\\CR_Hum_Head_50.bmd"", ""Data\\Engine2D\\Bin\\Bobs\\CR_Hum_Head_51.bmd"", ""Data\\Engine2D\\Bin\\Bobs\\CR_Hum_Head_50.bmd"", ""Data\\Engine2D\\Bin\\Bobs\\CR_Hum_Head_51.bmd""], ""palettes"": [""test_human_00""], ""headPalettes"": [""test_human_00""], ""random"": [""Vik_Man_Base""]}]",35,"{""RENDERED"": 34, ""NO_DIRECT_FRAMES"": 1}",13,PIXEL_CONFIRMED,PRESENTATION_APPROXIMATION,Byzantines/Humans/Professions/job_29_herb_mush_guy/metadata.json,Byzantines/Humans/Professions/job_29_herb_mush_guy/index.html,Byzantines/Humans/index.html
3,Byzantines,30,30,druid,Druid,adult (see job/parent chain),True,"[30, 6]","[{""phase"": ""initial"", ""section"": 28, ""inheritedFrom"": 6, ""body"": [""Data\\Engine2D\\Bin\\Bobs\\CR_Hum_Body_50.bmd""], ""heads"": [""Data\\Engine2D\\Bin\\Bobs\\CR_Hum_Head_50.bmd"", ""Data\\Engine2D\\Bin\\Bobs\\CR_Hum_Head_51.bmd"", ""Data\\Engine2D\\Bin\\Bobs\\CR_Hum_Head_50.bmd"", ""Data\\Engine2D\\Bin\\Bobs\\CR_Hum_Head_51.bmd""], ""palettes"": [""test_human_00""], ""headPalettes"": [""test_human_00""], ""random"": [""Vik_Man_Base""]}]",35,"{""RENDERED"": 34, ""NO_DIRECT_FRAMES"": 1}",19,PIXEL_CONFIRMED,PRESENTATION_APPROXIMATION,Byzantines/Humans/Professions/job_30_druid/metadata.json,Byzantines/Humans/Professions/job_30_druid/index.html,Byzantines/Humans/index.html
3,Byzantines,31,31,soldier_unarmed,Soldier,adult (see job/parent chain),True,"[31, 6]","[{""phase"": ""initial"", ""section"": 30, ""inheritedFrom"": null, ""body"": [""Data\\Engine2D\\Bin\\Bobs\\CR_Hum_Body_32.bmd""], ""heads"": [""Data\\Engine2D\\Bin\\Bobs\\CR_Hum_Head_53.bmd"", ""Data\\Engine2D\\Bin\\Bobs\\CR_Hum_Head_54.bmd"", ""Data\\Engine2D\\Bin\\Bobs\\CR_Hum_Head_53.bmd"", ""Data\\Engine2D\\Bin\\Bobs\\CR_Hum_Head_54.bmd""], ""palettes"": [""test_human_00""], ""headPalettes"": [""test_human_00""], ""random"": [""Vik_Man_Soldier""]}, {""phase"": ""jobChange"", ""section"": 31, ""inheritedFrom"": null, ""body"": [""Data\\Engine2D\\Bin\\Bobs\\CR_Hum_Body_32.bmd""], ""heads"": [""Data\\Engine2D\\Bin\\Bobs\\CR_Hum_Head_53.bmd"", ""Data\\Engine2D\\Bin\\Bobs\\CR_Hum_Head_54.bmd"", ""Data\\Engine2D\\Bin\\Bobs\\CR_Hum_Head_53.bmd"", ""Data\\Engine2D\\Bin\\Bobs\\CR_Hum_Head_54.bmd""], ""palettes"": [], ""headPalettes"": [], ""random"": [""Vik_Man_Soldier""]}]",35,"{""RENDERED"": 54, ""NO_DIRECT_FRAMES"": 2, ""VARIANT_INCOMPATIBLE"": 10, ""RENDERED_PARTIAL_MISSING_BOBS"": 4}",11,PARTIAL,PRESENTATION_APPROXIMATION,Byzantines/Humans/Soldiers/job_31_soldier_unarmed/metadata.json,Byzantines/Humans/Soldiers/job_31_soldier_unarmed/index.html,Byzantines/Humans/index.html
3,Byzantines,32,32,soldier_spear_wooden,Wooden Spearman,adult (see job/parent chain),True,"[32, 31, 6]","[{""phase"": ""initial"", ""section"": 38, ""inheritedFrom"": null, ""body"": [""Data\\Engine2D\\Bin\\Bobs\\CR_Hum_Body_72.bmd""], ""heads"": [], ""palettes"": [], ""headPalettes"": [], ""random"": [""grizzu""]}, {""phase"": ""jobChange"", ""section"": 39, ""inheritedFrom"": null, ""body"": [""Data\\Engine2D\\Bin\\Bobs\\CR_Hum_Body_72.bmd""], ""heads"": [], ""palettes"": [], ""headPalettes"": [], ""random"": [""grizzu""]}]",35,"{""RENDERED"": 24, ""VARIANT_INCOMPATIBLE"": 44, ""NO_DIRECT_FRAMES"": 2}",11,PIXEL_CONFIRMED,PRESENTATION_APPROXIMATION,Byzantines/Humans/Soldiers/job_32_soldier_spear_wooden/metadata.json,Byzantines/Humans/Soldiers/job_32_soldier_spear_wooden/index.html,Byzantines/Humans/index.html
3,Byzantines,33,33,soldier_spear_iron,Iron Spearman,adult (see job/parent chain),True,"[33, 31, 6]","[{""phase"": ""initial"", ""section"": 36, ""inheritedFrom"": null, ""body"": [""Data\\Engine2D\\Bin\\Bobs\\CR_Hum_Body_52.bmd""], ""heads"": [""Data\\Engine2D\\Bin\\Bobs\\CR_Hum_Head_53.bmd"", ""Data\\Engine2D\\Bin\\Bobs\\CR_Hum_Head_54.bmd"", ""Data\\Engine2D\\Bin\\Bobs\\CR_Hum_Head_53.bmd"", ""Data\\Engine2D\\Bin\\Bobs\\CR_Hum_Head_54.bmd""], ""palettes"": [""test_human_00""], ""headPalettes"": [""test_human_00""], ""random"": [""Vik_Man_Soldier""]}, {""phase"": ""jobChange"", ""section"": 37, ""inheritedFrom"": null, ""body"": [""Data\\Engine2D\\Bin\\Bobs\\CR_Hum_Body_52.bmd""], ""heads"": [""Data\\Engine2D\\Bin\\Bobs\\CR_Hum_Head_53.bmd"", ""Data\\Engine2D\\Bin\\Bobs\\CR_Hum_Head_54.bmd"", ""Data\\Engine2D\\Bin\\Bobs\\CR_Hum_Head_53.bmd"", ""Data\\Engine2D\\Bin\\Bobs\\CR_Hum_Head_54.bmd""], ""palettes"": [], ""headPalettes"": [], ""random"": [""Vik_Man_Soldier""]}]",35,"{""RENDERED"": 54, ""NO_DIRECT_FRAMES"": 2, ""VARIANT_INCOMPATIBLE"": 10, ""RENDERED_PARTIAL_MISSING_BOBS"": 4}",11,PARTIAL,PRESENTATION_APPROXIMATION,Byzantines/Humans/Soldiers/job_33_soldier_spear_iron/metadata.json,Byzantines/Humans/Soldiers/job_33_soldier_spear_iron/index.html,Byzantines/Humans/index.html
3,Byzantines,34,34,soldier_sword_short,Shortsword Fighter,adult (see job/parent chain),True,"[34, 31, 6]","[{""phase"": ""initial"", ""section"": 34, ""inheritedFrom"": null, ""body"": [""Data\\Engine2D\\Bin\\Bobs\\CR_Hum_Body_52.bmd""], ""heads"": [""Data\\Engine2D\\Bin\\Bobs\\CR_Hum_Head_53.bmd"", ""Data\\Engine2D\\Bin\\Bobs\\CR_Hum_Head_54.bmd"", ""Data\\Engine2D\\Bin\\Bobs\\CR_Hum_Head_53.bmd"", ""Data\\Engine2D\\Bin\\Bobs\\CR_Hum_Head_54.bmd""], ""palettes"": [""test_human_00""], ""headPalettes"": [""test_human_00""], ""random"": [""Vik_Man_Soldier""]}, {""phase"": ""jobChange"", ""section"": 35, ""inheritedFrom"": null, ""body"": [""Data\\Engine2D\\Bin\\Bobs\\CR_Hum_Body_52.bmd""], ""heads"": [""Data\\Engine2D\\Bin\\Bobs\\CR_Hum_Head_53.bmd"", ""Data\\Engine2D\\Bin\\Bobs\\CR_Hum_Head_54.bmd"", ""Data\\Engine2D\\Bin\\Bobs\\CR_Hum_Head_53.bmd"", ""Data\\Engine2D\\Bin\\Bobs\\CR_Hum_Head_54.bmd""], ""palettes"": [], ""headPalettes"": [], ""random"": [""Vik_Man_Soldier""]}]",35,"{""RENDERED"": 54, ""NO_DIRECT_FRAMES"": 2, ""VARIANT_INCOMPATIBLE"": 10, ""RENDERED_PARTIAL_MISSING_BOBS"": 4}",11,PARTIAL,PRESENTATION_APPROXIMATION,Byzantines/Humans/Soldiers/job_34_soldier_sword_short/metadata.json,Byzantines/Humans/Soldiers/job_34_soldier_sword_short/index.html,Byzantines/Humans/index.html
3,Byzantines,35,35,soldier_sword_long,Longsword Fighter,adult (see job/parent chain),False,"[35, 31, 6]","[{""phase"": ""initial"", ""section"": 30, ""inheritedFrom"": 31, ""body"": [""Data\\Engine2D\\Bin\\Bobs\\CR_Hum_Body_32.bmd""], ""heads"": [""Data\\Engine2D\\Bin\\Bobs\\CR_Hum_Head_53.bmd"", ""Data\\Engine2D\\Bin\\Bobs\\CR_Hum_Head_54.bmd"", ""Data\\Engine2D\\Bin\\Bobs\\CR_Hum_Head_53.bmd"", ""Data\\Engine2D\\Bin\\Bobs\\CR_Hum_Head_54.bmd""], ""palettes"": [""test_human_00""], ""headPalettes"": [""test_human_00""], ""random"": [""Vik_Man_Soldier""]}, {""phase"": ""jobChange"", ""section"": 31, ""inheritedFrom"": 31, ""body"": [""Data\\Engine2D\\Bin\\Bobs\\CR_Hum_Body_32.bmd""], ""heads"": [""Data\\Engine2D\\Bin\\Bobs\\CR_Hum_Head_53.bmd"", ""Data\\Engine2D\\Bin\\Bobs\\CR_Hum_Head_54.bmd"", ""Data\\Engine2D\\Bin\\Bobs\\CR_Hum_Head_53.bmd"", ""Data\\Engine2D\\Bin\\Bobs\\CR_Hum_Head_54.bmd""], ""palettes"": [], ""headPalettes"": [], ""random"": [""Vik_Man_Soldier""]}]",35,"{""RENDERED"": 54, ""NO_DIRECT_FRAMES"": 2, ""VARIANT_INCOMPATIBLE"": 10, ""RENDERED_PARTIAL_MISSING_BOBS"": 4}",11,PARTIAL,PRESENTATION_APPROXIMATION,Byzantines/Humans/Soldiers/job_35_soldier_sword_long/metadata.json,Byzantines/Humans/Soldiers/job_35_soldier_sword_long/index.html,Byzantines/Humans/index.html
3,Byzantines,36,36,soldier_saber_short,Shortsabre Fighter,adult (see job/parent chain),False,"[36, 31, 6]","[{""phase"": ""initial"", ""section"": 30, ""inheritedFrom"": 31, ""body"": [""Data\\Engine2D\\Bin\\Bobs\\CR_Hum_Body_32.bmd""], ""heads"": [""Data\\Engine2D\\Bin\\Bobs\\CR_Hum_Head_53.bmd"", ""Data\\Engine2D\\Bin\\Bobs\\CR_Hum_Head_54.bmd"", ""Data\\Engine2D\\Bin\\Bobs\\CR_Hum_Head_53.bmd"", ""Data\\Engine2D\\Bin\\Bobs\\CR_Hum_Head_54.bmd""], ""palettes"": [""test_human_00""], ""headPalettes"": [""test_human_00""], ""random"": [""Vik_Man_Soldier""]}, {""phase"": ""jobChange"", ""section"": 31, ""inheritedFrom"": 31, ""body"": [""Data\\Engine2D\\Bin\\Bobs\\CR_Hum_Body_32.bmd""], ""heads"": [""Data\\Engine2D\\Bin\\Bobs\\CR_Hum_Head_53.bmd"", ""Data\\Engine2D\\Bin\\Bobs\\CR_Hum_Head_54.bmd"", ""Data\\Engine2D\\Bin\\Bobs\\CR_Hum_Head_53.bmd"", ""Data\\Engine2D\\Bin\\Bobs\\CR_Hum_Head_54.bmd""], ""palettes"": [], ""headPalettes"": [], ""random"": [""Vik_Man_Soldier""]}]",35,"{""RENDERED"": 54, ""NO_DIRECT_FRAMES"": 2, ""VARIANT_INCOMPATIBLE"": 10, ""RENDERED_PARTIAL_MISSING_BOBS"": 4}",11,PARTIAL,PRESENTATION_APPROXIMATION,Byzantines/Humans/Soldiers/job_36_soldier_saber_short/metadata.json,Byzantines/Humans/Soldiers/job_36_soldier_saber_short/index.html,Byzantines/Humans/index.html
3,Byzantines,37,37,soldier_saber_long,Longsabre Fighter,adult (see job/parent chain),False,"[37, 31, 6]","[{""phase"": ""initial"", ""section"": 30, ""inheritedFrom"": 31, ""body"": [""Data\\Engine2D\\Bin\\Bobs\\CR_Hum_Body_32.bmd""], ""heads"": [""Data\\Engine2D\\Bin\\Bobs\\CR_Hum_Head_53.bmd"", ""Data\\Engine2D\\Bin\\Bobs\\CR_Hum_Head_54.bmd"", ""Data\\Engine2D\\Bin\\Bobs\\CR_Hum_Head_53.bmd"", ""Data\\Engine2D\\Bin\\Bobs\\CR_Hum_Head_54.bmd""], ""palettes"": [""test_human_00""], ""headPalettes"": [""test_human_00""], ""random"": [""Vik_Man_Soldier""]}, {""phase"": ""jobChange"", ""section"": 31, ""inheritedFrom"": 31, ""body"": [""Data\\Engine2D\\Bin\\Bobs\\CR_Hum_Body_32.bmd""], ""heads"": [""Data\\Engine2D\\Bin\\Bobs\\CR_Hum_Head_53.bmd"", ""Data\\Engine2D\\Bin\\Bobs\\CR_Hum_Head_54.bmd"", ""Data\\Engine2D\\Bin\\Bobs\\CR_Hum_Head_53.bmd"", ""Data\\Engine2D\\Bin\\Bobs\\CR_Hum_Head_54.bmd""], ""palettes"": [], ""headPalettes"": [], ""random"": [""Vik_Man_Soldier""]}]",35,"{""RENDERED"": 54, ""NO_DIRECT_FRAMES"": 2, ""VARIANT_INCOMPATIBLE"": 10, ""RENDERED_PARTIAL_MISSING_BOBS"": 4}",11,PARTIAL,PRESENTATION_APPROXIMATION,Byzantines/Humans/Soldiers/job_37_soldier_saber_long/metadata.json,Byzantines/Humans/Soldiers/job_37_soldier_saber_long/index.html,Byzantines/Humans/index.html
3,Byzantines,38,38,soldier_axe_small,Small Axe Fighter,adult (see job/parent chain),False,"[38, 31, 6]","[{""phase"": ""initial"", ""section"": 30, ""inheritedFrom"": 31, ""body"": [""Data\\Engine2D\\Bin\\Bobs\\CR_Hum_Body_32.bmd""], ""heads"": [""Data\\Engine2D\\Bin\\Bobs\\CR_Hum_Head_53.bmd"", ""Data\\Engine2D\\Bin\\Bobs\\CR_Hum_Head_54.bmd"", ""Data\\Engine2D\\Bin\\Bobs\\CR_Hum_Head_53.bmd"", ""Data\\Engine2D\\Bin\\Bobs\\CR_Hum_Head_54.bmd""], ""palettes"": [""test_human_00""], ""headPalettes"": [""test_human_00""], ""random"": [""Vik_Man_Soldier""]}, {""phase"": ""jobChange"", ""section"": 31, ""inheritedFrom"": 31, ""body"": [""Data\\Engine2D\\Bin\\Bobs\\CR_Hum_Body_32.bmd""], ""heads"": [""Data\\Engine2D\\Bin\\Bobs\\CR_Hum_Head_53.bmd"", ""Data\\Engine2D\\Bin\\Bobs\\CR_Hum_Head_54.bmd"", ""Data\\Engine2D\\Bin\\Bobs\\CR_Hum_Head_53.bmd"", ""Data\\Engine2D\\Bin\\Bobs\\CR_Hum_Head_54.bmd""], ""palettes"": [], ""headPalettes"": [], ""random"": [""Vik_Man_Soldier""]}]",35,"{""RENDERED"": 54, ""NO_DIRECT_FRAMES"": 2, ""VARIANT_INCOMPATIBLE"": 10, ""RENDERED_PARTIAL_MISSING_BOBS"": 4}",11,PARTIAL,PRESENTATION_APPROXIMATION,Byzantines/Humans/Soldiers/job_38_soldier_axe_small/metadata.json,Byzantines/Humans/Soldiers/job_38_soldier_axe_small/index.html,Byzantines/Humans/index.html
3,Byzantines,39,39,soldier_axe_big,Big Axe Fighter,adult (see job/parent chain),False,"[39, 31, 6]","[{""phase"": ""initial"", ""section"": 30, ""inheritedFrom"": 31, ""body"": [""Data\\Engine2D\\Bin\\Bobs\\CR_Hum_Body_32.bmd""], ""heads"": [""Data\\Engine2D\\Bin\\Bobs\\CR_Hum_Head_53.bmd"", ""Data\\Engine2D\\Bin\\Bobs\\CR_Hum_Head_54.bmd"", ""Data\\Engine2D\\Bin\\Bobs\\CR_Hum_Head_53.bmd"", ""Data\\Engine2D\\Bin\\Bobs\\CR_Hum_Head_54.bmd""], ""palettes"": [""test_human_00""], ""headPalettes"": [""test_human_00""], ""random"": [""Vik_Man_Soldier""]}, {""phase"": ""jobChange"", ""section"": 31, ""inheritedFrom"": 31, ""body"": [""Data\\Engine2D\\Bin\\Bobs\\CR_Hum_Body_32.bmd""], ""heads"": [""Data\\Engine2D\\Bin\\Bobs\\CR_Hum_Head_53.bmd"", ""Data\\Engine2D\\Bin\\Bobs\\CR_Hum_Head_54.bmd"", ""Data\\Engine2D\\Bin\\Bobs\\CR_Hum_Head_53.bmd"", ""Data\\Engine2D\\Bin\\Bobs\\CR_Hum_Head_54.bmd""], ""palettes"": [], ""headPalettes"": [], ""random"": [""Vik_Man_Soldier""]}]",35,"{""RENDERED"": 54, ""NO_DIRECT_FRAMES"": 2, ""VARIANT_INCOMPATIBLE"": 10, ""RENDERED_PARTIAL_MISSING_BOBS"": 4}",11,PARTIAL,PRESENTATION_APPROXIMATION,Byzantines/Humans/Soldiers/job_39_soldier_axe_big/metadata.json,Byzantines/Humans/Soldiers/job_39_soldier_axe_big/index.html,Byzantines/Humans/index.html
3,Byzantines,40,40,soldier_bow_short,Short Bow Archer,adult (see job/parent chain),False,"[40, 31, 6]","[{""phase"": ""initial"", ""section"": 30, ""inheritedFrom"": 31, ""body"": [""Data\\Engine2D\\Bin\\Bobs\\CR_Hum_Body_32.bmd""], ""heads"": [""Data\\Engine2D\\Bin\\Bobs\\CR_Hum_Head_53.bmd"", ""Data\\Engine2D\\Bin\\Bobs\\CR_Hum_Head_54.bmd"", ""Data\\Engine2D\\Bin\\Bobs\\CR_Hum_Head_53.bmd"", ""Data\\Engine2D\\Bin\\Bobs\\CR_Hum_Head_54.bmd""], ""palettes"": [""test_human_00""], ""headPalettes"": [""test_human_00""], ""random"": [""Vik_Man_Soldier""]}, {""phase"": ""jobChange"", ""section"": 31, ""inheritedFrom"": 31, ""body"": [""Data\\Engine2D\\Bin\\Bobs\\CR_Hum_Body_32.bmd""], ""heads"": [""Data\\Engine2D\\Bin\\Bobs\\CR_Hum_Head_53.bmd"", ""Data\\Engine2D\\Bin\\Bobs\\CR_Hum_Head_54.bmd"", ""Data\\Engine2D\\Bin\\Bobs\\CR_Hum_Head_53.bmd"", ""Data\\Engine2D\\Bin\\Bobs\\CR_Hum_Head_54.bmd""], ""palettes"": [], ""headPalettes"": [], ""random"": [""Vik_Man_Soldier""]}]",35,"{""RENDERED"": 54, ""NO_DIRECT_FRAMES"": 2, ""VARIANT_INCOMPATIBLE"": 10, ""RENDERED_PARTIAL_MISSING_BOBS"": 4}",11,PARTIAL,PRESENTATION_APPROXIMATION,Byzantines/Humans/Soldiers/job_40_soldier_bow_short/metadata.json,Byzantines/Humans/Soldiers/job_40_soldier_bow_short/index.html,Byzantines/Humans/index.html
3,Byzantines,41,41,soldier_bow_long,Longbow Archer,adult (see job/parent chain),True,"[41, 31, 6]","[{""phase"": ""initial"", ""section"": 32, ""inheritedFrom"": null, ""body"": [""Data\\Engine2D\\Bin\\Bobs\\CR_Hum_Body_32.bmd""], ""heads"": [""Data\\Engine2D\\Bin\\Bobs\\CR_Hum_Head_53.bmd"", ""Data\\Engine2D\\Bin\\Bobs\\CR_Hum_Head_54.bmd"", ""Data\\Engine2D\\Bin\\Bobs\\CR_Hum_Head_53.bmd"", ""Data\\Engine2D\\Bin\\Bobs\\CR_Hum_Head_54.bmd""], ""palettes"": [""test_human_00""], ""headPalettes"": [""test_human_00""], ""random"": [""Vik_Man_Soldier""]}, {""phase"": ""jobChange"", ""section"": 33, ""inheritedFrom"": null, ""body"": [""Data\\Engine2D\\Bin\\Bobs\\CR_Hum_Body_32.bmd""], ""heads"": [""Data\\Engine2D\\Bin\\Bobs\\CR_Hum_Head_53.bmd"", ""Data\\Engine2D\\Bin\\Bobs\\CR_Hum_Head_54.bmd"", ""Data\\Engine2D\\Bin\\Bobs\\CR_Hum_Head_53.bmd"", ""Data\\Engine2D\\Bin\\Bobs\\CR_Hum_Head_54.bmd""], ""palettes"": [], ""headPalettes"": [], ""random"": [""Vik_Man_Soldier""]}]",35,"{""RENDERED"": 54, ""NO_DIRECT_FRAMES"": 2, ""VARIANT_INCOMPATIBLE"": 10, ""RENDERED_PARTIAL_MISSING_BOBS"": 4}",11,PARTIAL,PRESENTATION_APPROXIMATION,Byzantines/Humans/Soldiers/job_41_soldier_bow_long/metadata.json,Byzantines/Humans/Soldiers/job_41_soldier_bow_long/index.html,Byzantines/Humans/index.html
3,Byzantines,42,42,hero_unarmed_???,Unarmed Hero,adult (see job/parent chain),True,"[42, 31, 6]","[{""phase"": ""initial"", ""section"": 61, ""inheritedFrom"": null, ""body"": [""Data\\Engine2D\\Bin\\Bobs\\CR_Hum_Body_73.bmd""], ""heads"": [], ""palettes"": [], ""headPalettes"": [], ""random"": [""grizzu_small""]}, {""phase"": ""jobChange"", ""section"": 62, ""inheritedFrom"": null, ""body"": [""Data\\Engine2D\\Bin\\Bobs\\CR_Hum_Body_73.bmd""], ""heads"": [], ""palettes"": [], ""headPalettes"": [], ""random"": [""grizzu_small""]}]",35,"{""RENDERED"": 20, ""VARIANT_INCOMPATIBLE"": 48, ""NO_DIRECT_FRAMES"": 2}",11,PIXEL_CONFIRMED,PRESENTATION_APPROXIMATION,Byzantines/Humans/Heroes/job_42_hero_unarmed/metadata.json,Byzantines/Humans/Heroes/job_42_hero_unarmed/index.html,Byzantines/Humans/index.html
3,Byzantines,43,43,hero_spear_SIEGFRIED,Sigurd,adult (see job/parent chain),False,"[43, 33, 31, 6]","[{""phase"": ""initial"", ""section"": 36, ""inheritedFrom"": 33, ""body"": [""Data\\Engine2D\\Bin\\Bobs\\CR_Hum_Body_52.bmd""], ""heads"": [""Data\\Engine2D\\Bin\\Bobs\\CR_Hum_Head_53.bmd"", ""Data\\Engine2D\\Bin\\Bobs\\CR_Hum_Head_54.bmd"", ""Data\\Engine2D\\Bin\\Bobs\\CR_Hum_Head_53.bmd"", ""Data\\Engine2D\\Bin\\Bobs\\CR_Hum_Head_54.bmd""], ""palettes"": [""test_human_00""], ""headPalettes"": [""test_human_00""], ""random"": [""Vik_Man_Soldier""]}, {""phase"": ""jobChange"", ""section"": 37, ""inheritedFrom"": 33, ""body"": [""Data\\Engine2D\\Bin\\Bobs\\CR_Hum_Body_52.bmd""], ""heads"": [""Data\\Engine2D\\Bin\\Bobs\\CR_Hum_Head_53.bmd"", ""Data\\Engine2D\\Bin\\Bobs\\CR_Hum_Head_54.bmd"", ""Data\\Engine2D\\Bin\\Bobs\\CR_Hum_Head_53.bmd"", ""Data\\Engine2D\\Bin\\Bobs\\CR_Hum_Head_54.bmd""], ""palettes"": [], ""headPalettes"": [], ""random"": [""Vik_Man_Soldier""]}]",35,"{""RENDERED"": 54, ""NO_DIRECT_FRAMES"": 2, ""VARIANT_INCOMPATIBLE"": 10, ""RENDERED_PARTIAL_MISSING_BOBS"": 4}",11,PARTIAL,PRESENTATION_APPROXIMATION,Byzantines/Humans/Heroes/job_43_hero_spear_SIEGFRIED/metadata.json,Byzantines/Humans/Heroes/job_43_hero_spear_SIEGFRIED/index.html,Byzantines/Humans/index.html
3,Byzantines,44,44,hero_sword_BJARNI,Bjarni,adult (see job/parent chain),False,"[44, 34, 31, 6]","[{""phase"": ""initial"", ""section"": 34, ""inheritedFrom"": 34, ""body"": [""Data\\Engine2D\\Bin\\Bobs\\CR_Hum_Body_52.bmd""], ""heads"": [""Data\\Engine2D\\Bin\\Bobs\\CR_Hum_Head_53.bmd"", ""Data\\Engine2D\\Bin\\Bobs\\CR_Hum_Head_54.bmd"", ""Data\\Engine2D\\Bin\\Bobs\\CR_Hum_Head_53.bmd"", ""Data\\Engine2D\\Bin\\Bobs\\CR_Hum_Head_54.bmd""], ""palettes"": [""test_human_00""], ""headPalettes"": [""test_human_00""], ""random"": [""Vik_Man_Soldier""]}, {""phase"": ""jobChange"", ""section"": 35, ""inheritedFrom"": 34, ""body"": [""Data\\Engine2D\\Bin\\Bobs\\CR_Hum_Body_52.bmd""], ""heads"": [""Data\\Engine2D\\Bin\\Bobs\\CR_Hum_Head_53.bmd"", ""Data\\Engine2D\\Bin\\Bobs\\CR_Hum_Head_54.bmd"", ""Data\\Engine2D\\Bin\\Bobs\\CR_Hum_Head_53.bmd"", ""Data\\Engine2D\\Bin\\Bobs\\CR_Hum_Head_54.bmd""], ""palettes"": [], ""headPalettes"": [], ""random"": [""Vik_Man_Soldier""]}]",35,"{""RENDERED"": 54, ""NO_DIRECT_FRAMES"": 2, ""VARIANT_INCOMPATIBLE"": 10, ""RENDERED_PARTIAL_MISSING_BOBS"": 4}",11,PARTIAL,PRESENTATION_APPROXIMATION,Byzantines/Humans/Heroes/job_44_hero_sword_BJARNI/metadata.json,Byzantines/Humans/Heroes/job_44_hero_sword_BJARNI/index.html,Byzantines/Humans/index.html
3,Byzantines,45,45,hero_saber_HATSCHI,Hatchie,adult (see job/parent chain),False,"[45, 35, 31, 6]","[{""phase"": ""initial"", ""section"": 30, ""inheritedFrom"": 31, ""body"": [""Data\\Engine2D\\Bin\\Bobs\\CR_Hum_Body_32.bmd""], ""heads"": [""Data\\Engine2D\\Bin\\Bobs\\CR_Hum_Head_53.bmd"", ""Data\\Engine2D\\Bin\\Bobs\\CR_Hum_Head_54.bmd"", ""Data\\Engine2D\\Bin\\Bobs\\CR_Hum_Head_53.bmd"", ""Data\\Engine2D\\Bin\\Bobs\\CR_Hum_Head_54.bmd""], ""palettes"": [""test_human_00""], ""headPalettes"": [""test_human_00""], ""random"": [""Vik_Man_Soldier""]}, {""phase"": ""jobChange"", ""section"": 31, ""inheritedFrom"": 31, ""body"": [""Data\\Engine2D\\Bin\\Bobs\\CR_Hum_Body_32.bmd""], ""heads"": [""Data\\Engine2D\\Bin\\Bobs\\CR_Hum_Head_53.bmd"", ""Data\\Engine2D\\Bin\\Bobs\\CR_Hum_Head_54.bmd"", ""Data\\Engine2D\\Bin\\Bobs\\CR_Hum_Head_53.bmd"", ""Data\\Engine2D\\Bin\\Bobs\\CR_Hum_Head_54.bmd""], ""palettes"": [], ""headPalettes"": [], ""random"": [""Vik_Man_Soldier""]}]",35,"{""RENDERED"": 54, ""NO_DIRECT_FRAMES"": 2, ""VARIANT_INCOMPATIBLE"": 10, ""RENDERED_PARTIAL_MISSING_BOBS"": 4}",11,PARTIAL,PRESENTATION_APPROXIMATION,Byzantines/Humans/Heroes/job_45_hero_saber_HATSCHI/metadata.json,Byzantines/Humans/Heroes/job_45_hero_saber_HATSCHI/index.html,Byzantines/Humans/index.html
3,Byzantines,46,46,hero_axe_???,Axe Hero,adult (see job/parent chain),False,"[46, 39, 31, 6]","[{""phase"": ""initial"", ""section"": 30, ""inheritedFrom"": 31, ""body"": [""Data\\Engine2D\\Bin\\Bobs\\CR_Hum_Body_32.bmd""], ""heads"": [""Data\\Engine2D\\Bin\\Bobs\\CR_Hum_Head_53.bmd"", ""Data\\Engine2D\\Bin\\Bobs\\CR_Hum_Head_54.bmd"", ""Data\\Engine2D\\Bin\\Bobs\\CR_Hum_Head_53.bmd"", ""Data\\Engine2D\\Bin\\Bobs\\CR_Hum_Head_54.bmd""], ""palettes"": [""test_human_00""], ""headPalettes"": [""test_human_00""], ""random"": [""Vik_Man_Soldier""]}, {""phase"": ""jobChange"", ""section"": 31, ""inheritedFrom"": 31, ""body"": [""Data\\Engine2D\\Bin\\Bobs\\CR_Hum_Body_32.bmd""], ""heads"": [""Data\\Engine2D\\Bin\\Bobs\\CR_Hum_Head_53.bmd"", ""Data\\Engine2D\\Bin\\Bobs\\CR_Hum_Head_54.bmd"", ""Data\\Engine2D\\Bin\\Bobs\\CR_Hum_Head_53.bmd"", ""Data\\Engine2D\\Bin\\Bobs\\CR_Hum_Head_54.bmd""], ""palettes"": [], ""headPalettes"": [], ""random"": [""Vik_Man_Soldier""]}]",35,"{""RENDERED"": 54, ""NO_DIRECT_FRAMES"": 2, ""VARIANT_INCOMPATIBLE"": 10, ""RENDERED_PARTIAL_MISSING_BOBS"": 4}",11,PARTIAL,PRESENTATION_APPROXIMATION,Byzantines/Humans/Heroes/job_46_hero_axe/metadata.json,Byzantines/Humans/Heroes/job_46_hero_axe/index.html,Byzantines/Humans/index.html
3,Byzantines,47,47,heroine_bow_XENA,Cyra,adult (see job/parent chain),True,"[47, 41, 31, 6]","[{""phase"": ""initial"", ""section"": 58, ""inheritedFrom"": null, ""body"": [""Data\\Engine2D\\Bin\\Bobs\\CR_Hum_Body_63.bmd""], ""heads"": [], ""palettes"": [""test_human_00""], ""headPalettes"": [""test_human_00""], ""random"": [""Hero_Xena""]}, {""phase"": ""jobChange"", ""section"": 33, ""inheritedFrom"": 41, ""body"": [""Data\\Engine2D\\Bin\\Bobs\\CR_Hum_Body_32.bmd""], ""heads"": [""Data\\Engine2D\\Bin\\Bobs\\CR_Hum_Head_53.bmd"", ""Data\\Engine2D\\Bin\\Bobs\\CR_Hum_Head_54.bmd"", ""Data\\Engine2D\\Bin\\Bobs\\CR_Hum_Head_53.bmd"", ""Data\\Engine2D\\Bin\\Bobs\\CR_Hum_Head_54.bmd""], ""palettes"": [], ""headPalettes"": [], ""random"": [""Vik_Man_Soldier""]}]",35,"{""RENDERED"": 45, ""NO_DIRECT_FRAMES"": 2, ""VARIANT_INCOMPATIBLE"": 21, ""RENDERED_PARTIAL_MISSING_BOBS"": 2}",11,PARTIAL,PRESENTATION_APPROXIMATION,Byzantines/Humans/Heroes/job_47_heroine_bow_XENA/metadata.json,Byzantines/Humans/Heroes/job_47_heroine_bow_XENA/index.html,Byzantines/Humans/index.html
4,Saracens (Arabs),1,1,baby_female,Baby,female baby,True,[1],"[{""phase"": ""initial"", ""section"": 77, ""inheritedFrom"": null, ""body"": [""Data\\Engine2D\\Bin\\Bobs\\CR_Hum_Body_22.bmd""], ""heads"": [""Data\\Engine2D\\Bin\\Bobs\\CR_Hum_Head_22.bmd""], ""palettes"": [""test_human_00""], ""headPalettes"": [""test_human_00""], ""random"": [""Vik_Baby_Base""]}]",7,"{""RENDERED"": 7}",2,PIXEL_CONFIRMED,PRESENTATION_APPROXIMATION,Arabs/Humans/Children/Babies/job_01_baby_female/metadata.json,Arabs/Humans/Children/Babies/job_01_baby_female/index.html,Arabs/Humans/index.html
4,Saracens (Arabs),2,2,baby_male,Baby,male baby,True,"[2, 1]","[{""phase"": ""initial"", ""section"": 75, ""inheritedFrom"": null, ""body"": [""Data\\Engine2D\\Bin\\Bobs\\CR_Hum_Body_22.bmd""], ""heads"": [""Data\\Engine2D\\Bin\\Bobs\\CR_Hum_Head_22.bmd""], ""palettes"": [""test_human_00""], ""headPalettes"": [""test_human_00""], ""random"": [""Vik_Baby_Base""]}]",7,"{""RENDERED"": 7}",2,PIXEL_CONFIRMED,PRESENTATION_APPROXIMATION,Arabs/Humans/Children/Babies/job_02_baby_male/metadata.json,Arabs/Humans/Children/Babies/job_02_baby_male/index.html,Arabs/Humans/index.html
4,Saracens (Arabs),3,3,child_female,Girl,female child,True,"[3, 1]","[{""phase"": ""initial"", ""section"": 78, ""inheritedFrom"": null, ""body"": [""Data\\Engine2D\\Bin\\Bobs\\CR_Hum_Body_21.bmd""], ""heads"": [""Data\\Engine2D\\Bin\\Bobs\\CR_Hum_Head_21.bmd""], ""palettes"": [""test_human_00""], ""headPalettes"": [""test_human_00""], ""random"": [""Vik_Man_Base""]}]",10,"{""RENDERED"": 10}",2,PIXEL_CONFIRMED,PRESENTATION_APPROXIMATION,Arabs/Humans/Children/job_03_child_female/metadata.json,Arabs/Humans/Children/job_03_child_female/index.html,Arabs/Humans/index.html
4,Saracens (Arabs),4,4,child_male,Boy,male child,True,"[4, 2, 1]","[{""phase"": ""initial"", ""section"": 76, ""inheritedFrom"": null, ""body"": [""Data\\Engine2D\\Bin\\Bobs\\CR_Hum_Body_20.bmd""], ""heads"": [""Data\\Engine2D\\Bin\\Bobs\\CR_Hum_Head_20.bmd"", ""Data\\Engine2D\\Bin\\Bobs\\CR_Hum_Head_20.bmd"", ""Data\\Engine2D\\Bin\\Bobs\\CR_Hum_Head_20.bmd"", ""Data\\Engine2D\\Bin\\Bobs\\CR_Hum_Head_20.bmd""], ""palettes"": [""test_human_00""], ""headPalettes"": [""test_human_00""], ""random"": [""Vik_Man_Base""]}]",10,"{""RENDERED"": 10}",2,PIXEL_CONFIRMED,PRESENTATION_APPROXIMATION,Arabs/Humans/Children/job_04_child_male/metadata.json,Arabs/Humans/Children/job_04_child_male/index.html,Arabs/Humans/index.html
4,Saracens (Arabs),5,5,woman,Woman,adult female,True,[5],"[{""phase"": ""initial"", ""section"": 41, ""inheritedFrom"": null, ""body"": [""Data\\Engine2D\\Bin\\Bobs\\CR_Hum_Body_10.bmd""], ""heads"": [""Data\\Engine2D\\Bin\\Bobs\\CR_Hum_Head_16.bmd""], ""palettes"": [""test_human_00""], ""headPalettes"": [""test_human_00""], ""random"": [""Sar_WoMan_Base""]}]",22,"{""RENDERED"": 22}",10,PIXEL_CONFIRMED,PRESENTATION_APPROXIMATION,Arabs/Humans/Female/job_05_woman/metadata.json,Arabs/Humans/Female/job_05_woman/index.html,Arabs/Humans/index.html
4,Saracens (Arabs),6,6,civilist,Civilian,adult male,True,[6],"[{""phase"": ""initial"", ""section"": 40, ""inheritedFrom"": null, ""body"": [""Data\\Engine2D\\Bin\\Bobs\\CR_Hum_Body_40.bmd""], ""heads"": [""Data\\Engine2D\\Bin\\Bobs\\CR_Hum_Head_40.bmd"", ""Data\\Engine2D\\Bin\\Bobs\\CR_Hum_Head_41.bmd"", ""Data\\Engine2D\\Bin\\Bobs\\CR_Hum_Head_40.bmd"", ""Data\\Engine2D\\Bin\\Bobs\\CR_Hum_Head_41.bmd""], ""palettes"": [""test_human_00""], ""headPalettes"": [""test_human_00""], ""random"": [""Sar_Man_Base""]}]",36,"{""RENDERED"": 35, ""NO_DIRECT_FRAMES"": 1}",10,PIXEL_CONFIRMED,PRESENTATION_APPROXIMATION,Arabs/Humans/Male/job_06_civilist/metadata.json,Arabs/Humans/Male/job_06_civilist/index.html,Arabs/Humans/index.html
4,Saracens (Arabs),7,7,builder,Builder,adult (see job/parent chain),True,"[7, 6]","[{""phase"": ""initial"", ""section"": 40, ""inheritedFrom"": 6, ""body"": [""Data\\Engine2D\\Bin\\Bobs\\CR_Hum_Body_40.bmd""], ""heads"": [""Data\\Engine2D\\Bin\\Bobs\\CR_Hum_Head_40.bmd"", ""Data\\Engine2D\\Bin\\Bobs\\CR_Hum_Head_41.bmd"", ""Data\\Engine2D\\Bin\\Bobs\\CR_Hum_Head_40.bmd"", ""Data\\Engine2D\\Bin\\Bobs\\CR_Hum_Head_41.bmd""], ""palettes"": [""test_human_00""], ""headPalettes"": [""test_human_00""], ""random"": [""Sar_Man_Base""]}]",38,"{""RENDERED"": 37, ""NO_DIRECT_FRAMES"": 1}",11,PIXEL_CONFIRMED,PRESENTATION_APPROXIMATION,Arabs/Humans/Professions/job_07_builder/metadata.json,Arabs/Humans/Professions/job_07_builder/index.html,Arabs/Humans/index.html
4,Saracens (Arabs),8,8,collector,Extractor,adult (see job/parent chain),True,"[8, 6]","[{""phase"": ""initial"", ""section"": 40, ""inheritedFrom"": 6, ""body"": [""Data\\Engine2D\\Bin\\Bobs\\CR_Hum_Body_40.bmd""], ""heads"": [""Data\\Engine2D\\Bin\\Bobs\\CR_Hum_Head_40.bmd"", ""Data\\Engine2D\\Bin\\Bobs\\CR_Hum_Head_41.bmd"", ""Data\\Engine2D\\Bin\\Bobs\\CR_Hum_Head_40.bmd"", ""Data\\Engine2D\\Bin\\Bobs\\CR_Hum_Head_41.bmd""], ""palettes"": [""test_human_00""], ""headPalettes"": [""test_human_00""], ""random"": [""Sar_Man_Base""]}]",41,"{""RENDERED"": 40, ""NO_DIRECT_FRAMES"": 1}",11,PIXEL_CONFIRMED,PRESENTATION_APPROXIMATION,Arabs/Humans/Professions/job_08_collector/metadata.json,Arabs/Humans/Professions/job_08_collector/index.html,Arabs/Humans/index.html
4,Saracens (Arabs),9,9,joiner,Carpenter,adult (see job/parent chain),True,"[9, 6]","[{""phase"": ""initial"", ""section"": 40, ""inheritedFrom"": 6, ""body"": [""Data\\Engine2D\\Bin\\Bobs\\CR_Hum_Body_40.bmd""], ""heads"": [""Data\\Engine2D\\Bin\\Bobs\\CR_Hum_Head_40.bmd"", ""Data\\Engine2D\\Bin\\Bobs\\CR_Hum_Head_41.bmd"", ""Data\\Engine2D\\Bin\\Bobs\\CR_Hum_Head_40.bmd"", ""Data\\Engine2D\\Bin\\Bobs\\CR_Hum_Head_41.bmd""], ""palettes"": [""test_human_00""], ""headPalettes"": [""test_human_00""], ""random"": [""Sar_Man_Base""]}]",36,"{""RENDERED"": 35, ""NO_DIRECT_FRAMES"": 1}",14,PIXEL_CONFIRMED,PRESENTATION_APPROXIMATION,Arabs/Humans/Professions/job_09_joiner/metadata.json,Arabs/Humans/Professions/job_09_joiner/index.html,Arabs/Humans/index.html
4,Saracens (Arabs),10,10,armorer,Armourer,adult (see job/parent chain),True,"[10, 6]","[{""phase"": ""initial"", ""section"": 40, ""inheritedFrom"": 6, ""body"": [""Data\\Engine2D\\Bin\\Bobs\\CR_Hum_Body_40.bmd""], ""heads"": [""Data\\Engine2D\\Bin\\Bobs\\CR_Hum_Head_40.bmd"", ""Data\\Engine2D\\Bin\\Bobs\\CR_Hum_Head_41.bmd"", ""Data\\Engine2D\\Bin\\Bobs\\CR_Hum_Head_40.bmd"", ""Data\\Engine2D\\Bin\\Bobs\\CR_Hum_Head_41.bmd""], ""palettes"": [""test_human_00""], ""headPalettes"": [""test_human_00""], ""random"": [""Sar_Man_Base""]}]",36,"{""RENDERED"": 35, ""NO_DIRECT_FRAMES"": 1}",13,PIXEL_CONFIRMED,PRESENTATION_APPROXIMATION,Arabs/Humans/Professions/job_10_armorer/metadata.json,Arabs/Humans/Professions/job_10_armorer/index.html,Arabs/Humans/index.html
4,Saracens (Arabs),11,11,potter,Potter,adult (see job/parent chain),True,"[11, 6]","[{""phase"": ""initial"", ""section"": 40, ""inheritedFrom"": 6, ""body"": [""Data\\Engine2D\\Bin\\Bobs\\CR_Hum_Body_40.bmd""], ""heads"": [""Data\\Engine2D\\Bin\\Bobs\\CR_Hum_Head_40.bmd"", ""Data\\Engine2D\\Bin\\Bobs\\CR_Hum_Head_41.bmd"", ""Data\\Engine2D\\Bin\\Bobs\\CR_Hum_Head_40.bmd"", ""Data\\Engine2D\\Bin\\Bobs\\CR_Hum_Head_41.bmd""], ""palettes"": [""test_human_00""], ""headPalettes"": [""test_human_00""], ""random"": [""Sar_Man_Base""]}]",36,"{""RENDERED"": 35, ""NO_DIRECT_FRAMES"": 1}",13,PIXEL_CONFIRMED,PRESENTATION_APPROXIMATION,Arabs/Humans/Professions/job_11_potter/metadata.json,Arabs/Humans/Professions/job_11_potter/index.html,Arabs/Humans/index.html
4,Saracens (Arabs),12,12,mason,Stonemason,adult (see job/parent chain),True,"[12, 6]","[{""phase"": ""initial"", ""section"": 40, ""inheritedFrom"": 6, ""body"": [""Data\\Engine2D\\Bin\\Bobs\\CR_Hum_Body_40.bmd""], ""heads"": [""Data\\Engine2D\\Bin\\Bobs\\CR_Hum_Head_40.bmd"", ""Data\\Engine2D\\Bin\\Bobs\\CR_Hum_Head_41.bmd"", ""Data\\Engine2D\\Bin\\Bobs\\CR_Hum_Head_40.bmd"", ""Data\\Engine2D\\Bin\\Bobs\\CR_Hum_Head_41.bmd""], ""palettes"": [""test_human_00""], ""headPalettes"": [""test_human_00""], ""random"": [""Sar_Man_Base""]}]",36,"{""RENDERED"": 35, ""NO_DIRECT_FRAMES"": 1}",12,PIXEL_CONFIRMED,PRESENTATION_APPROXIMATION,Arabs/Humans/Professions/job_12_mason/metadata.json,Arabs/Humans/Professions/job_12_mason/index.html,Arabs/Humans/index.html
4,Saracens (Arabs),13,13,smith,Blacksmith,adult (see job/parent chain),True,"[13, 6]","[{""phase"": ""initial"", ""section"": 40, ""inheritedFrom"": 6, ""body"": [""Data\\Engine2D\\Bin\\Bobs\\CR_Hum_Body_40.bmd""], ""heads"": [""Data\\Engine2D\\Bin\\Bobs\\CR_Hum_Head_40.bmd"", ""Data\\Engine2D\\Bin\\Bobs\\CR_Hum_Head_41.bmd"", ""Data\\Engine2D\\Bin\\Bobs\\CR_Hum_Head_40.bmd"", ""Data\\Engine2D\\Bin\\Bobs\\CR_Hum_Head_41.bmd""], ""palettes"": [""test_human_00""], ""headPalettes"": [""test_human_00""], ""random"": [""Sar_Man_Base""]}]",36,"{""RENDERED"": 35, ""NO_DIRECT_FRAMES"": 1}",16,PIXEL_CONFIRMED,PRESENTATION_APPROXIMATION,Arabs/Humans/Professions/job_13_smith/metadata.json,Arabs/Humans/Professions/job_13_smith/index.html,Arabs/Humans/index.html
4,Saracens (Arabs),14,14,coin maker,Mint Worker,adult (see job/parent chain),True,"[14, 6]","[{""phase"": ""initial"", ""section"": 40, ""inheritedFrom"": 6, ""body"": [""Data\\Engine2D\\Bin\\Bobs\\CR_Hum_Body_40.bmd""], ""heads"": [""Data\\Engine2D\\Bin\\Bobs\\CR_Hum_Head_40.bmd"", ""Data\\Engine2D\\Bin\\Bobs\\CR_Hum_Head_41.bmd"", ""Data\\Engine2D\\Bin\\Bobs\\CR_Hum_Head_40.bmd"", ""Data\\Engine2D\\Bin\\Bobs\\CR_Hum_Head_41.bmd""], ""palettes"": [""test_human_00""], ""headPalettes"": [""test_human_00""], ""random"": [""Sar_Man_Base""]}]",36,"{""RENDERED"": 35, ""NO_DIRECT_FRAMES"": 1}",11,PIXEL_CONFIRMED,PRESENTATION_APPROXIMATION,Arabs/Humans/Professions/job_14_coin_maker/metadata.json,Arabs/Humans/Professions/job_14_coin_maker/index.html,Arabs/Humans/index.html
4,Saracens (Arabs),15,15,hunter,Hunter,adult (see job/parent chain),True,"[15, 6]","[{""phase"": ""initial"", ""section"": 40, ""inheritedFrom"": 6, ""body"": [""Data\\Engine2D\\Bin\\Bobs\\CR_Hum_Body_40.bmd""], ""heads"": [""Data\\Engine2D\\Bin\\Bobs\\CR_Hum_Head_40.bmd"", ""Data\\Engine2D\\Bin\\Bobs\\CR_Hum_Head_41.bmd"", ""Data\\Engine2D\\Bin\\Bobs\\CR_Hum_Head_40.bmd"", ""Data\\Engine2D\\Bin\\Bobs\\CR_Hum_Head_41.bmd""], ""palettes"": [""test_human_00""], ""headPalettes"": [""test_human_00""], ""random"": [""Sar_Man_Base""]}]",37,"{""RENDERED"": 36, ""NO_DIRECT_FRAMES"": 1}",10,PIXEL_CONFIRMED,PRESENTATION_APPROXIMATION,Arabs/Humans/Professions/job_15_hunter/metadata.json,Arabs/Humans/Professions/job_15_hunter/index.html,Arabs/Humans/index.html
4,Saracens (Arabs),16,16,breeder,Stock Farmer,adult (see job/parent chain),True,"[16, 6]","[{""phase"": ""initial"", ""section"": 40, ""inheritedFrom"": 6, ""body"": [""Data\\Engine2D\\Bin\\Bobs\\CR_Hum_Body_40.bmd""], ""heads"": [""Data\\Engine2D\\Bin\\Bobs\\CR_Hum_Head_40.bmd"", ""Data\\Engine2D\\Bin\\Bobs\\CR_Hum_Head_41.bmd"", ""Data\\Engine2D\\Bin\\Bobs\\CR_Hum_Head_40.bmd"", ""Data\\Engine2D\\Bin\\Bobs\\CR_Hum_Head_41.bmd""], ""palettes"": [""test_human_00""], ""headPalettes"": [""test_human_00""], ""random"": [""Sar_Man_Base""]}]",36,"{""RENDERED"": 35, ""NO_DIRECT_FRAMES"": 1}",15,PIXEL_CONFIRMED,PRESENTATION_APPROXIMATION,Arabs/Humans/Professions/job_16_breeder/metadata.json,Arabs/Humans/Professions/job_16_breeder/index.html,Arabs/Humans/index.html
4,Saracens (Arabs),17,17,sewer,Tailor,adult (see job/parent chain),True,"[17, 6]","[{""phase"": ""initial"", ""section"": 40, ""inheritedFrom"": 6, ""body"": [""Data\\Engine2D\\Bin\\Bobs\\CR_Hum_Body_40.bmd""], ""heads"": [""Data\\Engine2D\\Bin\\Bobs\\CR_Hum_Head_40.bmd"", ""Data\\Engine2D\\Bin\\Bobs\\CR_Hum_Head_41.bmd"", ""Data\\Engine2D\\Bin\\Bobs\\CR_Hum_Head_40.bmd"", ""Data\\Engine2D\\Bin\\Bobs\\CR_Hum_Head_41.bmd""], ""palettes"": [""test_human_00""], ""headPalettes"": [""test_human_00""], ""random"": [""Sar_Man_Base""]}]",36,"{""RENDERED"": 35, ""NO_DIRECT_FRAMES"": 1}",13,PIXEL_CONFIRMED,PRESENTATION_APPROXIMATION,Arabs/Humans/Professions/job_17_sewer/metadata.json,Arabs/Humans/Professions/job_17_sewer/index.html,Arabs/Humans/index.html
4,Saracens (Arabs),18,18,farmer,Farmer,adult (see job/parent chain),True,"[18, 6]","[{""phase"": ""initial"", ""section"": 40, ""inheritedFrom"": 6, ""body"": [""Data\\Engine2D\\Bin\\Bobs\\CR_Hum_Body_40.bmd""], ""heads"": [""Data\\Engine2D\\Bin\\Bobs\\CR_Hum_Head_40.bmd"", ""Data\\Engine2D\\Bin\\Bobs\\CR_Hum_Head_41.bmd"", ""Data\\Engine2D\\Bin\\Bobs\\CR_Hum_Head_40.bmd"", ""Data\\Engine2D\\Bin\\Bobs\\CR_Hum_Head_41.bmd""], ""palettes"": [""test_human_00""], ""headPalettes"": [""test_human_00""], ""random"": [""Sar_Man_Base""]}]",39,"{""RENDERED"": 38, ""NO_DIRECT_FRAMES"": 1}",10,PIXEL_CONFIRMED,PRESENTATION_APPROXIMATION,Arabs/Humans/Professions/job_18_farmer/metadata.json,Arabs/Humans/Professions/job_18_farmer/index.html,Arabs/Humans/index.html
4,Saracens (Arabs),19,19,miller,Miller,adult (see job/parent chain),True,"[19, 6]","[{""phase"": ""initial"", ""section"": 40, ""inheritedFrom"": 6, ""body"": [""Data\\Engine2D\\Bin\\Bobs\\CR_Hum_Body_40.bmd""], ""heads"": [""Data\\Engine2D\\Bin\\Bobs\\CR_Hum_Head_40.bmd"", ""Data\\Engine2D\\Bin\\Bobs\\CR_Hum_Head_41.bmd"", ""Data\\Engine2D\\Bin\\Bobs\\CR_Hum_Head_40.bmd"", ""Data\\Engine2D\\Bin\\Bobs\\CR_Hum_Head_41.bmd""], ""palettes"": [""test_human_00""], ""headPalettes"": [""test_human_00""], ""random"": [""Sar_Man_Base""]}]",36,"{""RENDERED"": 35, ""NO_DIRECT_FRAMES"": 1}",11,PIXEL_CONFIRMED,PRESENTATION_APPROXIMATION,Arabs/Humans/Professions/job_19_miller/metadata.json,Arabs/Humans/Professions/job_19_miller/index.html,Arabs/Humans/index.html
4,Saracens (Arabs),20,20,baker,Baker,adult (see job/parent chain),True,"[20, 6]","[{""phase"": ""initial"", ""section"": 40, ""inheritedFrom"": 6, ""body"": [""Data\\Engine2D\\Bin\\Bobs\\CR_Hum_Body_40.bmd""], ""heads"": [""Data\\Engine2D\\Bin\\Bobs\\CR_Hum_Head_40.bmd"", ""Data\\Engine2D\\Bin\\Bobs\\CR_Hum_Head_41.bmd"", ""Data\\Engine2D\\Bin\\Bobs\\CR_Hum_Head_40.bmd"", ""Data\\Engine2D\\Bin\\Bobs\\CR_Hum_Head_41.bmd""], ""palettes"": [""test_human_00""], ""headPalettes"": [""test_human_00""], ""random"": [""Sar_Man_Base""]}]",36,"{""RENDERED"": 35, ""NO_DIRECT_FRAMES"": 1}",12,PIXEL_CONFIRMED,PRESENTATION_APPROXIMATION,Arabs/Humans/Professions/job_20_baker/metadata.json,Arabs/Humans/Professions/job_20_baker/index.html,Arabs/Humans/index.html
4,Saracens (Arabs),21,21,brewer,Brewer,adult (see job/parent chain),True,"[21, 6]","[{""phase"": ""initial"", ""section"": 40, ""inheritedFrom"": 6, ""body"": [""Data\\Engine2D\\Bin\\Bobs\\CR_Hum_Body_40.bmd""], ""heads"": [""Data\\Engine2D\\Bin\\Bobs\\CR_Hum_Head_40.bmd"", ""Data\\Engine2D\\Bin\\Bobs\\CR_Hum_Head_41.bmd"", ""Data\\Engine2D\\Bin\\Bobs\\CR_Hum_Head_40.bmd"", ""Data\\Engine2D\\Bin\\Bobs\\CR_Hum_Head_41.bmd""], ""palettes"": [""test_human_00""], ""headPalettes"": [""test_human_00""], ""random"": [""Sar_Man_Base""]}]",36,"{""RENDERED"": 35, ""NO_DIRECT_FRAMES"": 1}",11,PIXEL_CONFIRMED,PRESENTATION_APPROXIMATION,Arabs/Humans/Professions/job_21_brewer/metadata.json,Arabs/Humans/Professions/job_21_brewer/index.html,Arabs/Humans/index.html
4,Saracens (Arabs),22,22,fisher,Fisherman,adult (see job/parent chain),True,"[22, 6]","[{""phase"": ""initial"", ""section"": 40, ""inheritedFrom"": 6, ""body"": [""Data\\Engine2D\\Bin\\Bobs\\CR_Hum_Body_40.bmd""], ""heads"": [""Data\\Engine2D\\Bin\\Bobs\\CR_Hum_Head_40.bmd"", ""Data\\Engine2D\\Bin\\Bobs\\CR_Hum_Head_41.bmd"", ""Data\\Engine2D\\Bin\\Bobs\\CR_Hum_Head_40.bmd"", ""Data\\Engine2D\\Bin\\Bobs\\CR_Hum_Head_41.bmd""], ""palettes"": [""test_human_00""], ""headPalettes"": [""test_human_00""], ""random"": [""Sar_Man_Base""]}]",39,"{""RENDERED"": 38, ""NO_DIRECT_FRAMES"": 1}",10,PIXEL_CONFIRMED,PRESENTATION_APPROXIMATION,Arabs/Humans/Professions/job_22_fisher/metadata.json,Arabs/Humans/Professions/job_22_fisher/index.html,Arabs/Humans/index.html
4,Saracens (Arabs),23,23,fisher_sea,Sea Fisher,adult (see job/parent chain),False,"[23, 6]","[{""phase"": ""initial"", ""section"": 40, ""inheritedFrom"": 6, ""body"": [""Data\\Engine2D\\Bin\\Bobs\\CR_Hum_Body_40.bmd""], ""heads"": [""Data\\Engine2D\\Bin\\Bobs\\CR_Hum_Head_40.bmd"", ""Data\\Engine2D\\Bin\\Bobs\\CR_Hum_Head_41.bmd"", ""Data\\Engine2D\\Bin\\Bobs\\CR_Hum_Head_40.bmd"", ""Data\\Engine2D\\Bin\\Bobs\\CR_Hum_Head_41.bmd""], ""palettes"": [""test_human_00""], ""headPalettes"": [""test_human_00""], ""random"": [""Sar_Man_Base""]}]",36,"{""RENDERED"": 35, ""NO_DIRECT_FRAMES"": 1}",10,PIXEL_CONFIRMED,PRESENTATION_APPROXIMATION,Arabs/Humans/Professions/job_23_fisher_sea/metadata.json,Arabs/Humans/Professions/job_23_fisher_sea/index.html,Arabs/Humans/index.html
4,Saracens (Arabs),24,24,carrier,Carrier,adult (see job/parent chain),True,"[24, 6]","[{""phase"": ""initial"", ""section"": 40, ""inheritedFrom"": 6, ""body"": [""Data\\Engine2D\\Bin\\Bobs\\CR_Hum_Body_40.bmd""], ""heads"": [""Data\\Engine2D\\Bin\\Bobs\\CR_Hum_Head_40.bmd"", ""Data\\Engine2D\\Bin\\Bobs\\CR_Hum_Head_41.bmd"", ""Data\\Engine2D\\Bin\\Bobs\\CR_Hum_Head_40.bmd"", ""Data\\Engine2D\\Bin\\Bobs\\CR_Hum_Head_41.bmd""], ""palettes"": [""test_human_00""], ""headPalettes"": [""test_human_00""], ""random"": [""Sar_Man_Base""]}]",36,"{""RENDERED"": 35, ""NO_DIRECT_FRAMES"": 1}",10,PIXEL_CONFIRMED,PRESENTATION_APPROXIMATION,Arabs/Humans/Professions/job_24_carrier/metadata.json,Arabs/Humans/Professions/job_24_carrier/index.html,Arabs/Humans/index.html
4,Saracens (Arabs),25,25,trader,Merchant,adult (see job/parent chain),True,"[25, 6]","[{""phase"": ""initial"", ""section"": 40, ""inheritedFrom"": 6, ""body"": [""Data\\Engine2D\\Bin\\Bobs\\CR_Hum_Body_40.bmd""], ""heads"": [""Data\\Engine2D\\Bin\\Bobs\\CR_Hum_Head_40.bmd"", ""Data\\Engine2D\\Bin\\Bobs\\CR_Hum_Head_41.bmd"", ""Data\\Engine2D\\Bin\\Bobs\\CR_Hum_Head_40.bmd"", ""Data\\Engine2D\\Bin\\Bobs\\CR_Hum_Head_41.bmd""], ""palettes"": [""test_human_00""], ""headPalettes"": [""test_human_00""], ""random"": [""Sar_Man_Base""]}]",36,"{""RENDERED"": 35, ""NO_DIRECT_FRAMES"": 1}",10,PIXEL_CONFIRMED,PRESENTATION_APPROXIMATION,Arabs/Humans/Professions/job_25_trader/metadata.json,Arabs/Humans/Professions/job_25_trader/index.html,Arabs/Humans/index.html
4,Saracens (Arabs),26,26,trader_sea,Sea Merchant,adult (see job/parent chain),False,"[26, 6]","[{""phase"": ""initial"", ""section"": 40, ""inheritedFrom"": 6, ""body"": [""Data\\Engine2D\\Bin\\Bobs\\CR_Hum_Body_40.bmd""], ""heads"": [""Data\\Engine2D\\Bin\\Bobs\\CR_Hum_Head_40.bmd"", ""Data\\Engine2D\\Bin\\Bobs\\CR_Hum_Head_41.bmd"", ""Data\\Engine2D\\Bin\\Bobs\\CR_Hum_Head_40.bmd"", ""Data\\Engine2D\\Bin\\Bobs\\CR_Hum_Head_41.bmd""], ""palettes"": [""test_human_00""], ""headPalettes"": [""test_human_00""], ""random"": [""Sar_Man_Base""]}]",36,"{""RENDERED"": 35, ""NO_DIRECT_FRAMES"": 1}",10,PIXEL_CONFIRMED,PRESENTATION_APPROXIMATION,Arabs/Humans/Professions/job_26_trader_sea/metadata.json,Arabs/Humans/Professions/job_26_trader_sea/index.html,Arabs/Humans/index.html
4,Saracens (Arabs),27,27,scout,Scout,adult (see job/parent chain),True,"[27, 6]","[{""phase"": ""initial"", ""section"": 40, ""inheritedFrom"": 6, ""body"": [""Data\\Engine2D\\Bin\\Bobs\\CR_Hum_Body_40.bmd""], ""heads"": [""Data\\Engine2D\\Bin\\Bobs\\CR_Hum_Head_40.bmd"", ""Data\\Engine2D\\Bin\\Bobs\\CR_Hum_Head_41.bmd"", ""Data\\Engine2D\\Bin\\Bobs\\CR_Hum_Head_40.bmd"", ""Data\\Engine2D\\Bin\\Bobs\\CR_Hum_Head_41.bmd""], ""palettes"": [""test_human_00""], ""headPalettes"": [""test_human_00""], ""random"": [""Sar_Man_Base""]}]",37,"{""RENDERED"": 36, ""NO_DIRECT_FRAMES"": 1}",10,PIXEL_CONFIRMED,PRESENTATION_APPROXIMATION,Arabs/Humans/Professions/job_27_scout/metadata.json,Arabs/Humans/Professions/job_27_scout/index.html,Arabs/Humans/index.html
4,Saracens (Arabs),28,28,jester,Jester,adult (see job/parent chain),False,"[28, 6]","[{""phase"": ""initial"", ""section"": 40, ""inheritedFrom"": 6, ""body"": [""Data\\Engine2D\\Bin\\Bobs\\CR_Hum_Body_40.bmd""], ""heads"": [""Data\\Engine2D\\Bin\\Bobs\\CR_Hum_Head_40.bmd"", ""Data\\Engine2D\\Bin\\Bobs\\CR_Hum_Head_41.bmd"", ""Data\\Engine2D\\Bin\\Bobs\\CR_Hum_Head_40.bmd"", ""Data\\Engine2D\\Bin\\Bobs\\CR_Hum_Head_41.bmd""], ""palettes"": [""test_human_00""], ""headPalettes"": [""test_human_00""], ""random"": [""Sar_Man_Base""]}]",36,"{""RENDERED"": 35, ""NO_DIRECT_FRAMES"": 1}",11,PIXEL_CONFIRMED,PRESENTATION_APPROXIMATION,Arabs/Humans/Professions/job_28_jester/metadata.json,Arabs/Humans/Professions/job_28_jester/index.html,Arabs/Humans/index.html
4,Saracens (Arabs),29,29,herb & mush guy,Herb Gatherer,adult (see job/parent chain),True,"[29, 6]","[{""phase"": ""initial"", ""section"": 40, ""inheritedFrom"": 6, ""body"": [""Data\\Engine2D\\Bin\\Bobs\\CR_Hum_Body_40.bmd""], ""heads"": [""Data\\Engine2D\\Bin\\Bobs\\CR_Hum_Head_40.bmd"", ""Data\\Engine2D\\Bin\\Bobs\\CR_Hum_Head_41.bmd"", ""Data\\Engine2D\\Bin\\Bobs\\CR_Hum_Head_40.bmd"", ""Data\\Engine2D\\Bin\\Bobs\\CR_Hum_Head_41.bmd""], ""palettes"": [""test_human_00""], ""headPalettes"": [""test_human_00""], ""random"": [""Sar_Man_Base""]}]",36,"{""RENDERED"": 35, ""NO_DIRECT_FRAMES"": 1}",13,PIXEL_CONFIRMED,PRESENTATION_APPROXIMATION,Arabs/Humans/Professions/job_29_herb_mush_guy/metadata.json,Arabs/Humans/Professions/job_29_herb_mush_guy/index.html,Arabs/Humans/index.html
4,Saracens (Arabs),30,30,druid,Druid,adult (see job/parent chain),True,"[30, 6]","[{""phase"": ""initial"", ""section"": 40, ""inheritedFrom"": 6, ""body"": [""Data\\Engine2D\\Bin\\Bobs\\CR_Hum_Body_40.bmd""], ""heads"": [""Data\\Engine2D\\Bin\\Bobs\\CR_Hum_Head_40.bmd"", ""Data\\Engine2D\\Bin\\Bobs\\CR_Hum_Head_41.bmd"", ""Data\\Engine2D\\Bin\\Bobs\\CR_Hum_Head_40.bmd"", ""Data\\Engine2D\\Bin\\Bobs\\CR_Hum_Head_41.bmd""], ""palettes"": [""test_human_00""], ""headPalettes"": [""test_human_00""], ""random"": [""Sar_Man_Base""]}]",36,"{""RENDERED"": 35, ""NO_DIRECT_FRAMES"": 1}",19,PIXEL_CONFIRMED,PRESENTATION_APPROXIMATION,Arabs/Humans/Professions/job_30_druid/metadata.json,Arabs/Humans/Professions/job_30_druid/index.html,Arabs/Humans/index.html
4,Saracens (Arabs),31,31,soldier_unarmed,Soldier,adult (see job/parent chain),True,"[31, 6]","[{""phase"": ""initial"", ""section"": 42, ""inheritedFrom"": null, ""body"": [""Data\\Engine2D\\Bin\\Bobs\\CR_Hum_Body_42.bmd""], ""heads"": [""Data\\Engine2D\\Bin\\Bobs\\CR_Hum_Head_42.bmd"", ""Data\\Engine2D\\Bin\\Bobs\\CR_Hum_Head_43.bmd"", ""Data\\Engine2D\\Bin\\Bobs\\CR_Hum_Head_42.bmd"", ""Data\\Engine2D\\Bin\\Bobs\\CR_Hum_Head_43.bmd""], ""palettes"": [""test_human_00""], ""headPalettes"": [""test_human_00""], ""random"": [""Sar_Man_Base""]}, {""phase"": ""jobChange"", ""section"": 43, ""inheritedFrom"": null, ""body"": [""Data\\Engine2D\\Bin\\Bobs\\CR_Hum_Body_42.bmd""], ""heads"": [""Data\\Engine2D\\Bin\\Bobs\\CR_Hum_Head_42.bmd"", ""Data\\Engine2D\\Bin\\Bobs\\CR_Hum_Head_43.bmd"", ""Data\\Engine2D\\Bin\\Bobs\\CR_Hum_Head_42.bmd"", ""Data\\Engine2D\\Bin\\Bobs\\CR_Hum_Head_43.bmd""], ""palettes"": [], ""headPalettes"": [], ""random"": [""Sar_Man_Base""]}]",36,"{""RENDERED"": 56, ""NO_DIRECT_FRAMES"": 2, ""VARIANT_INCOMPATIBLE"": 10, ""RENDERED_PARTIAL_MISSING_BOBS"": 4}",11,PARTIAL,PRESENTATION_APPROXIMATION,Arabs/Humans/Soldiers/job_31_soldier_unarmed/metadata.json,Arabs/Humans/Soldiers/job_31_soldier_unarmed/index.html,Arabs/Humans/index.html
4,Saracens (Arabs),32,32,soldier_spear_wooden,Wooden Spearman,adult (see job/parent chain),False,"[32, 31, 6]","[{""phase"": ""initial"", ""section"": 42, ""inheritedFrom"": 31, ""body"": [""Data\\Engine2D\\Bin\\Bobs\\CR_Hum_Body_42.bmd""], ""heads"": [""Data\\Engine2D\\Bin\\Bobs\\CR_Hum_Head_42.bmd"", ""Data\\Engine2D\\Bin\\Bobs\\CR_Hum_Head_43.bmd"", ""Data\\Engine2D\\Bin\\Bobs\\CR_Hum_Head_42.bmd"", ""Data\\Engine2D\\Bin\\Bobs\\CR_Hum_Head_43.bmd""], ""palettes"": [""test_human_00""], ""headPalettes"": [""test_human_00""], ""random"": [""Sar_Man_Base""]}, {""phase"": ""jobChange"", ""section"": 43, ""inheritedFrom"": 31, ""body"": [""Data\\Engine2D\\Bin\\Bobs\\CR_Hum_Body_42.bmd""], ""heads"": [""Data\\Engine2D\\Bin\\Bobs\\CR_Hum_Head_42.bmd"", ""Data\\Engine2D\\Bin\\Bobs\\CR_Hum_Head_43.bmd"", ""Data\\Engine2D\\Bin\\Bobs\\CR_Hum_Head_42.bmd"", ""Data\\Engine2D\\Bin\\Bobs\\CR_Hum_Head_43.bmd""], ""palettes"": [], ""headPalettes"": [], ""random"": [""Sar_Man_Base""]}]",36,"{""RENDERED"": 56, ""NO_DIRECT_FRAMES"": 2, ""VARIANT_INCOMPATIBLE"": 10, ""RENDERED_PARTIAL_MISSING_BOBS"": 4}",11,PARTIAL,PRESENTATION_APPROXIMATION,Arabs/Humans/Soldiers/job_32_soldier_spear_wooden/metadata.json,Arabs/Humans/Soldiers/job_32_soldier_spear_wooden/index.html,Arabs/Humans/index.html
4,Saracens (Arabs),33,33,soldier_spear_iron,Iron Spearman,adult (see job/parent chain),True,"[33, 31, 6]","[{""phase"": ""initial"", ""section"": 42, ""inheritedFrom"": 31, ""body"": [""Data\\Engine2D\\Bin\\Bobs\\CR_Hum_Body_42.bmd""], ""heads"": [""Data\\Engine2D\\Bin\\Bobs\\CR_Hum_Head_42.bmd"", ""Data\\Engine2D\\Bin\\Bobs\\CR_Hum_Head_43.bmd"", ""Data\\Engine2D\\Bin\\Bobs\\CR_Hum_Head_42.bmd"", ""Data\\Engine2D\\Bin\\Bobs\\CR_Hum_Head_43.bmd""], ""palettes"": [""test_human_00""], ""headPalettes"": [""test_human_00""], ""random"": [""Sar_Man_Base""]}, {""phase"": ""jobChange"", ""section"": 43, ""inheritedFrom"": 31, ""body"": [""Data\\Engine2D\\Bin\\Bobs\\CR_Hum_Body_42.bmd""], ""heads"": [""Data\\Engine2D\\Bin\\Bobs\\CR_Hum_Head_42.bmd"", ""Data\\Engine2D\\Bin\\Bobs\\CR_Hum_Head_43.bmd"", ""Data\\Engine2D\\Bin\\Bobs\\CR_Hum_Head_42.bmd"", ""Data\\Engine2D\\Bin\\Bobs\\CR_Hum_Head_43.bmd""], ""palettes"": [], ""headPalettes"": [], ""random"": [""Sar_Man_Base""]}]",36,"{""RENDERED"": 56, ""NO_DIRECT_FRAMES"": 2, ""VARIANT_INCOMPATIBLE"": 10, ""RENDERED_PARTIAL_MISSING_BOBS"": 4}",11,PARTIAL,PRESENTATION_APPROXIMATION,Arabs/Humans/Soldiers/job_33_soldier_spear_iron/metadata.json,Arabs/Humans/Soldiers/job_33_soldier_spear_iron/index.html,Arabs/Humans/index.html
4,Saracens (Arabs),34,34,soldier_sword_short,Shortsword Fighter,adult (see job/parent chain),True,"[34, 31, 6]","[{""phase"": ""initial"", ""section"": 42, ""inheritedFrom"": 31, ""body"": [""Data\\Engine2D\\Bin\\Bobs\\CR_Hum_Body_42.bmd""], ""heads"": [""Data\\Engine2D\\Bin\\Bobs\\CR_Hum_Head_42.bmd"", ""Data\\Engine2D\\Bin\\Bobs\\CR_Hum_Head_43.bmd"", ""Data\\Engine2D\\Bin\\Bobs\\CR_Hum_Head_42.bmd"", ""Data\\Engine2D\\Bin\\Bobs\\CR_Hum_Head_43.bmd""], ""palettes"": [""test_human_00""], ""headPalettes"": [""test_human_00""], ""random"": [""Sar_Man_Base""]}, {""phase"": ""jobChange"", ""section"": 43, ""inheritedFrom"": 31, ""body"": [""Data\\Engine2D\\Bin\\Bobs\\CR_Hum_Body_42.bmd""], ""heads"": [""Data\\Engine2D\\Bin\\Bobs\\CR_Hum_Head_42.bmd"", ""Data\\Engine2D\\Bin\\Bobs\\CR_Hum_Head_43.bmd"", ""Data\\Engine2D\\Bin\\Bobs\\CR_Hum_Head_42.bmd"", ""Data\\Engine2D\\Bin\\Bobs\\CR_Hum_Head_43.bmd""], ""palettes"": [], ""headPalettes"": [], ""random"": [""Sar_Man_Base""]}]",36,"{""RENDERED"": 56, ""NO_DIRECT_FRAMES"": 2, ""VARIANT_INCOMPATIBLE"": 10, ""RENDERED_PARTIAL_MISSING_BOBS"": 4}",11,PARTIAL,PRESENTATION_APPROXIMATION,Arabs/Humans/Soldiers/job_34_soldier_sword_short/metadata.json,Arabs/Humans/Soldiers/job_34_soldier_sword_short/index.html,Arabs/Humans/index.html
4,Saracens (Arabs),35,35,soldier_sword_long,Longsword Fighter,adult (see job/parent chain),False,"[35, 31, 6]","[{""phase"": ""initial"", ""section"": 42, ""inheritedFrom"": 31, ""body"": [""Data\\Engine2D\\Bin\\Bobs\\CR_Hum_Body_42.bmd""], ""heads"": [""Data\\Engine2D\\Bin\\Bobs\\CR_Hum_Head_42.bmd"", ""Data\\Engine2D\\Bin\\Bobs\\CR_Hum_Head_43.bmd"", ""Data\\Engine2D\\Bin\\Bobs\\CR_Hum_Head_42.bmd"", ""Data\\Engine2D\\Bin\\Bobs\\CR_Hum_Head_43.bmd""], ""palettes"": [""test_human_00""], ""headPalettes"": [""test_human_00""], ""random"": [""Sar_Man_Base""]}, {""phase"": ""jobChange"", ""section"": 43, ""inheritedFrom"": 31, ""body"": [""Data\\Engine2D\\Bin\\Bobs\\CR_Hum_Body_42.bmd""], ""heads"": [""Data\\Engine2D\\Bin\\Bobs\\CR_Hum_Head_42.bmd"", ""Data\\Engine2D\\Bin\\Bobs\\CR_Hum_Head_43.bmd"", ""Data\\Engine2D\\Bin\\Bobs\\CR_Hum_Head_42.bmd"", ""Data\\Engine2D\\Bin\\Bobs\\CR_Hum_Head_43.bmd""], ""palettes"": [], ""headPalettes"": [], ""random"": [""Sar_Man_Base""]}]",36,"{""RENDERED"": 56, ""NO_DIRECT_FRAMES"": 2, ""VARIANT_INCOMPATIBLE"": 10, ""RENDERED_PARTIAL_MISSING_BOBS"": 4}",11,PARTIAL,PRESENTATION_APPROXIMATION,Arabs/Humans/Soldiers/job_35_soldier_sword_long/metadata.json,Arabs/Humans/Soldiers/job_35_soldier_sword_long/index.html,Arabs/Humans/index.html
4,Saracens (Arabs),36,36,soldier_saber_short,Shortsabre Fighter,adult (see job/parent chain),False,"[36, 31, 6]","[{""phase"": ""initial"", ""section"": 42, ""inheritedFrom"": 31, ""body"": [""Data\\Engine2D\\Bin\\Bobs\\CR_Hum_Body_42.bmd""], ""heads"": [""Data\\Engine2D\\Bin\\Bobs\\CR_Hum_Head_42.bmd"", ""Data\\Engine2D\\Bin\\Bobs\\CR_Hum_Head_43.bmd"", ""Data\\Engine2D\\Bin\\Bobs\\CR_Hum_Head_42.bmd"", ""Data\\Engine2D\\Bin\\Bobs\\CR_Hum_Head_43.bmd""], ""palettes"": [""test_human_00""], ""headPalettes"": [""test_human_00""], ""random"": [""Sar_Man_Base""]}, {""phase"": ""jobChange"", ""section"": 43, ""inheritedFrom"": 31, ""body"": [""Data\\Engine2D\\Bin\\Bobs\\CR_Hum_Body_42.bmd""], ""heads"": [""Data\\Engine2D\\Bin\\Bobs\\CR_Hum_Head_42.bmd"", ""Data\\Engine2D\\Bin\\Bobs\\CR_Hum_Head_43.bmd"", ""Data\\Engine2D\\Bin\\Bobs\\CR_Hum_Head_42.bmd"", ""Data\\Engine2D\\Bin\\Bobs\\CR_Hum_Head_43.bmd""], ""palettes"": [], ""headPalettes"": [], ""random"": [""Sar_Man_Base""]}]",36,"{""RENDERED"": 56, ""NO_DIRECT_FRAMES"": 2, ""VARIANT_INCOMPATIBLE"": 10, ""RENDERED_PARTIAL_MISSING_BOBS"": 4}",11,PARTIAL,PRESENTATION_APPROXIMATION,Arabs/Humans/Soldiers/job_36_soldier_saber_short/metadata.json,Arabs/Humans/Soldiers/job_36_soldier_saber_short/index.html,Arabs/Humans/index.html
4,Saracens (Arabs),37,37,soldier_saber_long,Longsabre Fighter,adult (see job/parent chain),False,"[37, 31, 6]","[{""phase"": ""initial"", ""section"": 42, ""inheritedFrom"": 31, ""body"": [""Data\\Engine2D\\Bin\\Bobs\\CR_Hum_Body_42.bmd""], ""heads"": [""Data\\Engine2D\\Bin\\Bobs\\CR_Hum_Head_42.bmd"", ""Data\\Engine2D\\Bin\\Bobs\\CR_Hum_Head_43.bmd"", ""Data\\Engine2D\\Bin\\Bobs\\CR_Hum_Head_42.bmd"", ""Data\\Engine2D\\Bin\\Bobs\\CR_Hum_Head_43.bmd""], ""palettes"": [""test_human_00""], ""headPalettes"": [""test_human_00""], ""random"": [""Sar_Man_Base""]}, {""phase"": ""jobChange"", ""section"": 43, ""inheritedFrom"": 31, ""body"": [""Data\\Engine2D\\Bin\\Bobs\\CR_Hum_Body_42.bmd""], ""heads"": [""Data\\Engine2D\\Bin\\Bobs\\CR_Hum_Head_42.bmd"", ""Data\\Engine2D\\Bin\\Bobs\\CR_Hum_Head_43.bmd"", ""Data\\Engine2D\\Bin\\Bobs\\CR_Hum_Head_42.bmd"", ""Data\\Engine2D\\Bin\\Bobs\\CR_Hum_Head_43.bmd""], ""palettes"": [], ""headPalettes"": [], ""random"": [""Sar_Man_Base""]}]",36,"{""RENDERED"": 56, ""NO_DIRECT_FRAMES"": 2, ""VARIANT_INCOMPATIBLE"": 10, ""RENDERED_PARTIAL_MISSING_BOBS"": 4}",11,PARTIAL,PRESENTATION_APPROXIMATION,Arabs/Humans/Soldiers/job_37_soldier_saber_long/metadata.json,Arabs/Humans/Soldiers/job_37_soldier_saber_long/index.html,Arabs/Humans/index.html
4,Saracens (Arabs),38,38,soldier_axe_small,Small Axe Fighter,adult (see job/parent chain),False,"[38, 31, 6]","[{""phase"": ""initial"", ""section"": 42, ""inheritedFrom"": 31, ""body"": [""Data\\Engine2D\\Bin\\Bobs\\CR_Hum_Body_42.bmd""], ""heads"": [""Data\\Engine2D\\Bin\\Bobs\\CR_Hum_Head_42.bmd"", ""Data\\Engine2D\\Bin\\Bobs\\CR_Hum_Head_43.bmd"", ""Data\\Engine2D\\Bin\\Bobs\\CR_Hum_Head_42.bmd"", ""Data\\Engine2D\\Bin\\Bobs\\CR_Hum_Head_43.bmd""], ""palettes"": [""test_human_00""], ""headPalettes"": [""test_human_00""], ""random"": [""Sar_Man_Base""]}, {""phase"": ""jobChange"", ""section"": 43, ""inheritedFrom"": 31, ""body"": [""Data\\Engine2D\\Bin\\Bobs\\CR_Hum_Body_42.bmd""], ""heads"": [""Data\\Engine2D\\Bin\\Bobs\\CR_Hum_Head_42.bmd"", ""Data\\Engine2D\\Bin\\Bobs\\CR_Hum_Head_43.bmd"", ""Data\\Engine2D\\Bin\\Bobs\\CR_Hum_Head_42.bmd"", ""Data\\Engine2D\\Bin\\Bobs\\CR_Hum_Head_43.bmd""], ""palettes"": [], ""headPalettes"": [], ""random"": [""Sar_Man_Base""]}]",36,"{""RENDERED"": 56, ""NO_DIRECT_FRAMES"": 2, ""VARIANT_INCOMPATIBLE"": 10, ""RENDERED_PARTIAL_MISSING_BOBS"": 4}",11,PARTIAL,PRESENTATION_APPROXIMATION,Arabs/Humans/Soldiers/job_38_soldier_axe_small/metadata.json,Arabs/Humans/Soldiers/job_38_soldier_axe_small/index.html,Arabs/Humans/index.html
4,Saracens (Arabs),39,39,soldier_axe_big,Big Axe Fighter,adult (see job/parent chain),False,"[39, 31, 6]","[{""phase"": ""initial"", ""section"": 42, ""inheritedFrom"": 31, ""body"": [""Data\\Engine2D\\Bin\\Bobs\\CR_Hum_Body_42.bmd""], ""heads"": [""Data\\Engine2D\\Bin\\Bobs\\CR_Hum_Head_42.bmd"", ""Data\\Engine2D\\Bin\\Bobs\\CR_Hum_Head_43.bmd"", ""Data\\Engine2D\\Bin\\Bobs\\CR_Hum_Head_42.bmd"", ""Data\\Engine2D\\Bin\\Bobs\\CR_Hum_Head_43.bmd""], ""palettes"": [""test_human_00""], ""headPalettes"": [""test_human_00""], ""random"": [""Sar_Man_Base""]}, {""phase"": ""jobChange"", ""section"": 43, ""inheritedFrom"": 31, ""body"": [""Data\\Engine2D\\Bin\\Bobs\\CR_Hum_Body_42.bmd""], ""heads"": [""Data\\Engine2D\\Bin\\Bobs\\CR_Hum_Head_42.bmd"", ""Data\\Engine2D\\Bin\\Bobs\\CR_Hum_Head_43.bmd"", ""Data\\Engine2D\\Bin\\Bobs\\CR_Hum_Head_42.bmd"", ""Data\\Engine2D\\Bin\\Bobs\\CR_Hum_Head_43.bmd""], ""palettes"": [], ""headPalettes"": [], ""random"": [""Sar_Man_Base""]}]",36,"{""RENDERED"": 56, ""NO_DIRECT_FRAMES"": 2, ""VARIANT_INCOMPATIBLE"": 10, ""RENDERED_PARTIAL_MISSING_BOBS"": 4}",11,PARTIAL,PRESENTATION_APPROXIMATION,Arabs/Humans/Soldiers/job_39_soldier_axe_big/metadata.json,Arabs/Humans/Soldiers/job_39_soldier_axe_big/index.html,Arabs/Humans/index.html
4,Saracens (Arabs),40,40,soldier_bow_short,Short Bow Archer,adult (see job/parent chain),True,"[40, 31, 6]","[{""phase"": ""initial"", ""section"": 42, ""inheritedFrom"": 31, ""body"": [""Data\\Engine2D\\Bin\\Bobs\\CR_Hum_Body_42.bmd""], ""heads"": [""Data\\Engine2D\\Bin\\Bobs\\CR_Hum_Head_42.bmd"", ""Data\\Engine2D\\Bin\\Bobs\\CR_Hum_Head_43.bmd"", ""Data\\Engine2D\\Bin\\Bobs\\CR_Hum_Head_42.bmd"", ""Data\\Engine2D\\Bin\\Bobs\\CR_Hum_Head_43.bmd""], ""palettes"": [""test_human_00""], ""headPalettes"": [""test_human_00""], ""random"": [""Sar_Man_Base""]}, {""phase"": ""jobChange"", ""section"": 43, ""inheritedFrom"": 31, ""body"": [""Data\\Engine2D\\Bin\\Bobs\\CR_Hum_Body_42.bmd""], ""heads"": [""Data\\Engine2D\\Bin\\Bobs\\CR_Hum_Head_42.bmd"", ""Data\\Engine2D\\Bin\\Bobs\\CR_Hum_Head_43.bmd"", ""Data\\Engine2D\\Bin\\Bobs\\CR_Hum_Head_42.bmd"", ""Data\\Engine2D\\Bin\\Bobs\\CR_Hum_Head_43.bmd""], ""palettes"": [], ""headPalettes"": [], ""random"": [""Sar_Man_Base""]}]",36,"{""RENDERED"": 56, ""NO_DIRECT_FRAMES"": 2, ""VARIANT_INCOMPATIBLE"": 10, ""RENDERED_PARTIAL_MISSING_BOBS"": 4}",11,PARTIAL,PRESENTATION_APPROXIMATION,Arabs/Humans/Soldiers/job_40_soldier_bow_short/metadata.json,Arabs/Humans/Soldiers/job_40_soldier_bow_short/index.html,Arabs/Humans/index.html
4,Saracens (Arabs),41,41,soldier_bow_long,Longbow Archer,adult (see job/parent chain),False,"[41, 31, 6]","[{""phase"": ""initial"", ""section"": 42, ""inheritedFrom"": 31, ""body"": [""Data\\Engine2D\\Bin\\Bobs\\CR_Hum_Body_42.bmd""], ""heads"": [""Data\\Engine2D\\Bin\\Bobs\\CR_Hum_Head_42.bmd"", ""Data\\Engine2D\\Bin\\Bobs\\CR_Hum_Head_43.bmd"", ""Data\\Engine2D\\Bin\\Bobs\\CR_Hum_Head_42.bmd"", ""Data\\Engine2D\\Bin\\Bobs\\CR_Hum_Head_43.bmd""], ""palettes"": [""test_human_00""], ""headPalettes"": [""test_human_00""], ""random"": [""Sar_Man_Base""]}, {""phase"": ""jobChange"", ""section"": 43, ""inheritedFrom"": 31, ""body"": [""Data\\Engine2D\\Bin\\Bobs\\CR_Hum_Body_42.bmd""], ""heads"": [""Data\\Engine2D\\Bin\\Bobs\\CR_Hum_Head_42.bmd"", ""Data\\Engine2D\\Bin\\Bobs\\CR_Hum_Head_43.bmd"", ""Data\\Engine2D\\Bin\\Bobs\\CR_Hum_Head_42.bmd"", ""Data\\Engine2D\\Bin\\Bobs\\CR_Hum_Head_43.bmd""], ""palettes"": [], ""headPalettes"": [], ""random"": [""Sar_Man_Base""]}]",36,"{""RENDERED"": 56, ""NO_DIRECT_FRAMES"": 2, ""VARIANT_INCOMPATIBLE"": 10, ""RENDERED_PARTIAL_MISSING_BOBS"": 4}",11,PARTIAL,PRESENTATION_APPROXIMATION,Arabs/Humans/Soldiers/job_41_soldier_bow_long/metadata.json,Arabs/Humans/Soldiers/job_41_soldier_bow_long/index.html,Arabs/Humans/index.html
4,Saracens (Arabs),42,42,hero_unarmed_???,Unarmed Hero,adult (see job/parent chain),False,"[42, 31, 6]","[{""phase"": ""initial"", ""section"": 42, ""inheritedFrom"": 31, ""body"": [""Data\\Engine2D\\Bin\\Bobs\\CR_Hum_Body_42.bmd""], ""heads"": [""Data\\Engine2D\\Bin\\Bobs\\CR_Hum_Head_42.bmd"", ""Data\\Engine2D\\Bin\\Bobs\\CR_Hum_Head_43.bmd"", ""Data\\Engine2D\\Bin\\Bobs\\CR_Hum_Head_42.bmd"", ""Data\\Engine2D\\Bin\\Bobs\\CR_Hum_Head_43.bmd""], ""palettes"": [""test_human_00""], ""headPalettes"": [""test_human_00""], ""random"": [""Sar_Man_Base""]}, {""phase"": ""jobChange"", ""section"": 43, ""inheritedFrom"": 31, ""body"": [""Data\\Engine2D\\Bin\\Bobs\\CR_Hum_Body_42.bmd""], ""heads"": [""Data\\Engine2D\\Bin\\Bobs\\CR_Hum_Head_42.bmd"", ""Data\\Engine2D\\Bin\\Bobs\\CR_Hum_Head_43.bmd"", ""Data\\Engine2D\\Bin\\Bobs\\CR_Hum_Head_42.bmd"", ""Data\\Engine2D\\Bin\\Bobs\\CR_Hum_Head_43.bmd""], ""palettes"": [], ""headPalettes"": [], ""random"": [""Sar_Man_Base""]}]",36,"{""RENDERED"": 56, ""NO_DIRECT_FRAMES"": 2, ""VARIANT_INCOMPATIBLE"": 10, ""RENDERED_PARTIAL_MISSING_BOBS"": 4}",11,PARTIAL,PRESENTATION_APPROXIMATION,Arabs/Humans/Heroes/job_42_hero_unarmed/metadata.json,Arabs/Humans/Heroes/job_42_hero_unarmed/index.html,Arabs/Humans/index.html
4,Saracens (Arabs),43,43,hero_spear_SIEGFRIED,Sigurd,adult (see job/parent chain),False,"[43, 33, 31, 6]","[{""phase"": ""initial"", ""section"": 42, ""inheritedFrom"": 31, ""body"": [""Data\\Engine2D\\Bin\\Bobs\\CR_Hum_Body_42.bmd""], ""heads"": [""Data\\Engine2D\\Bin\\Bobs\\CR_Hum_Head_42.bmd"", ""Data\\Engine2D\\Bin\\Bobs\\CR_Hum_Head_43.bmd"", ""Data\\Engine2D\\Bin\\Bobs\\CR_Hum_Head_42.bmd"", ""Data\\Engine2D\\Bin\\Bobs\\CR_Hum_Head_43.bmd""], ""palettes"": [""test_human_00""], ""headPalettes"": [""test_human_00""], ""random"": [""Sar_Man_Base""]}, {""phase"": ""jobChange"", ""section"": 43, ""inheritedFrom"": 31, ""body"": [""Data\\Engine2D\\Bin\\Bobs\\CR_Hum_Body_42.bmd""], ""heads"": [""Data\\Engine2D\\Bin\\Bobs\\CR_Hum_Head_42.bmd"", ""Data\\Engine2D\\Bin\\Bobs\\CR_Hum_Head_43.bmd"", ""Data\\Engine2D\\Bin\\Bobs\\CR_Hum_Head_42.bmd"", ""Data\\Engine2D\\Bin\\Bobs\\CR_Hum_Head_43.bmd""], ""palettes"": [], ""headPalettes"": [], ""random"": [""Sar_Man_Base""]}]",36,"{""RENDERED"": 56, ""NO_DIRECT_FRAMES"": 2, ""VARIANT_INCOMPATIBLE"": 10, ""RENDERED_PARTIAL_MISSING_BOBS"": 4}",11,PARTIAL,PRESENTATION_APPROXIMATION,Arabs/Humans/Heroes/job_43_hero_spear_SIEGFRIED/metadata.json,Arabs/Humans/Heroes/job_43_hero_spear_SIEGFRIED/index.html,Arabs/Humans/index.html
4,Saracens (Arabs),44,44,hero_sword_BJARNI,Bjarni,adult (see job/parent chain),False,"[44, 34, 31, 6]","[{""phase"": ""initial"", ""section"": 42, ""inheritedFrom"": 31, ""body"": [""Data\\Engine2D\\Bin\\Bobs\\CR_Hum_Body_42.bmd""], ""heads"": [""Data\\Engine2D\\Bin\\Bobs\\CR_Hum_Head_42.bmd"", ""Data\\Engine2D\\Bin\\Bobs\\CR_Hum_Head_43.bmd"", ""Data\\Engine2D\\Bin\\Bobs\\CR_Hum_Head_42.bmd"", ""Data\\Engine2D\\Bin\\Bobs\\CR_Hum_Head_43.bmd""], ""palettes"": [""test_human_00""], ""headPalettes"": [""test_human_00""], ""random"": [""Sar_Man_Base""]}, {""phase"": ""jobChange"", ""section"": 43, ""inheritedFrom"": 31, ""body"": [""Data\\Engine2D\\Bin\\Bobs\\CR_Hum_Body_42.bmd""], ""heads"": [""Data\\Engine2D\\Bin\\Bobs\\CR_Hum_Head_42.bmd"", ""Data\\Engine2D\\Bin\\Bobs\\CR_Hum_Head_43.bmd"", ""Data\\Engine2D\\Bin\\Bobs\\CR_Hum_Head_42.bmd"", ""Data\\Engine2D\\Bin\\Bobs\\CR_Hum_Head_43.bmd""], ""palettes"": [], ""headPalettes"": [], ""random"": [""Sar_Man_Base""]}]",36,"{""RENDERED"": 56, ""NO_DIRECT_FRAMES"": 2, ""VARIANT_INCOMPATIBLE"": 10, ""RENDERED_PARTIAL_MISSING_BOBS"": 4}",11,PARTIAL,PRESENTATION_APPROXIMATION,Arabs/Humans/Heroes/job_44_hero_sword_BJARNI/metadata.json,Arabs/Humans/Heroes/job_44_hero_sword_BJARNI/index.html,Arabs/Humans/index.html
4,Saracens (Arabs),45,45,hero_saber_HATSCHI,Hatchie,adult (see job/parent chain),True,"[45, 35, 31, 6]","[{""phase"": ""initial"", ""section"": 57, ""inheritedFrom"": null, ""body"": [""Data\\Engine2D\\Bin\\Bobs\\CR_Hum_Body_62.bmd""], ""heads"": [], ""palettes"": [""test_human_00""], ""headPalettes"": [""test_human_00""], ""random"": [""Hero_Hatschi""]}, {""phase"": ""jobChange"", ""section"": 43, ""inheritedFrom"": 31, ""body"": [""Data\\Engine2D\\Bin\\Bobs\\CR_Hum_Body_42.bmd""], ""heads"": [""Data\\Engine2D\\Bin\\Bobs\\CR_Hum_Head_42.bmd"", ""Data\\Engine2D\\Bin\\Bobs\\CR_Hum_Head_43.bmd"", ""Data\\Engine2D\\Bin\\Bobs\\CR_Hum_Head_42.bmd"", ""Data\\Engine2D\\Bin\\Bobs\\CR_Hum_Head_43.bmd""], ""palettes"": [], ""headPalettes"": [], ""random"": [""Sar_Man_Base""]}]",36,"{""RENDERED"": 56, ""NO_DIRECT_FRAMES"": 2, ""VARIANT_INCOMPATIBLE"": 10, ""RENDERED_PARTIAL_MISSING_BOBS"": 4}",11,PARTIAL,PRESENTATION_APPROXIMATION,Arabs/Humans/Heroes/job_45_hero_saber_HATSCHI/metadata.json,Arabs/Humans/Heroes/job_45_hero_saber_HATSCHI/index.html,Arabs/Humans/index.html
4,Saracens (Arabs),46,46,hero_axe_???,Axe Hero,adult (see job/parent chain),False,"[46, 39, 31, 6]","[{""phase"": ""initial"", ""section"": 42, ""inheritedFrom"": 31, ""body"": [""Data\\Engine2D\\Bin\\Bobs\\CR_Hum_Body_42.bmd""], ""heads"": [""Data\\Engine2D\\Bin\\Bobs\\CR_Hum_Head_42.bmd"", ""Data\\Engine2D\\Bin\\Bobs\\CR_Hum_Head_43.bmd"", ""Data\\Engine2D\\Bin\\Bobs\\CR_Hum_Head_42.bmd"", ""Data\\Engine2D\\Bin\\Bobs\\CR_Hum_Head_43.bmd""], ""palettes"": [""test_human_00""], ""headPalettes"": [""test_human_00""], ""random"": [""Sar_Man_Base""]}, {""phase"": ""jobChange"", ""section"": 43, ""inheritedFrom"": 31, ""body"": [""Data\\Engine2D\\Bin\\Bobs\\CR_Hum_Body_42.bmd""], ""heads"": [""Data\\Engine2D\\Bin\\Bobs\\CR_Hum_Head_42.bmd"", ""Data\\Engine2D\\Bin\\Bobs\\CR_Hum_Head_43.bmd"", ""Data\\Engine2D\\Bin\\Bobs\\CR_Hum_Head_42.bmd"", ""Data\\Engine2D\\Bin\\Bobs\\CR_Hum_Head_43.bmd""], ""palettes"": [], ""headPalettes"": [], ""random"": [""Sar_Man_Base""]}]",36,"{""RENDERED"": 56, ""NO_DIRECT_FRAMES"": 2, ""VARIANT_INCOMPATIBLE"": 10, ""RENDERED_PARTIAL_MISSING_BOBS"": 4}",11,PARTIAL,PRESENTATION_APPROXIMATION,Arabs/Humans/Heroes/job_46_hero_axe/metadata.json,Arabs/Humans/Heroes/job_46_hero_axe/index.html,Arabs/Humans/index.html
4,Saracens (Arabs),47,47,heroine_bow_XENA,Cyra,adult (see job/parent chain),False,"[47, 41, 31, 6]","[{""phase"": ""initial"", ""section"": 42, ""inheritedFrom"": 31, ""body"": [""Data\\Engine2D\\Bin\\Bobs\\CR_Hum_Body_42.bmd""], ""heads"": [""Data\\Engine2D\\Bin\\Bobs\\CR_Hum_Head_42.bmd"", ""Data\\Engine2D\\Bin\\Bobs\\CR_Hum_Head_43.bmd"", ""Data\\Engine2D\\Bin\\Bobs\\CR_Hum_Head_42.bmd"", ""Data\\Engine2D\\Bin\\Bobs\\CR_Hum_Head_43.bmd""], ""palettes"": [""test_human_00""], ""headPalettes"": [""test_human_00""], ""random"": [""Sar_Man_Base""]}, {""phase"": ""jobChange"", ""section"": 43, ""inheritedFrom"": 31, ""body"": [""Data\\Engine2D\\Bin\\Bobs\\CR_Hum_Body_42.bmd""], ""heads"": [""Data\\Engine2D\\Bin\\Bobs\\CR_Hum_Head_42.bmd"", ""Data\\Engine2D\\Bin\\Bobs\\CR_Hum_Head_43.bmd"", ""Data\\Engine2D\\Bin\\Bobs\\CR_Hum_Head_42.bmd"", ""Data\\Engine2D\\Bin\\Bobs\\CR_Hum_Head_43.bmd""], ""palettes"": [], ""headPalettes"": [], ""random"": [""Sar_Man_Base""]}]",36,"{""RENDERED"": 56, ""NO_DIRECT_FRAMES"": 2, ""VARIANT_INCOMPATIBLE"": 10, ""RENDERED_PARTIAL_MISSING_BOBS"": 4}",11,PARTIAL,PRESENTATION_APPROXIMATION,Arabs/Humans/Heroes/job_47_heroine_bow_XENA/metadata.json,Arabs/Humans/Heroes/job_47_heroine_bow_XENA/index.html,Arabs/Humans/index.html
5,Weresnakes,31,31,soldier_unarmed,Soldier,adult (see job/parent chain),True,"[31, 6]","[{""phase"": ""initial"", ""section"": 65, ""inheritedFrom"": null, ""body"": [""Data\\Engine2D\\Bin\\Bobs\\CR_Hum_Body_70.bmd""], ""heads"": [], ""palettes"": [""house_byzantine02""], ""headPalettes"": [], ""random"": []}, {""phase"": ""jobChange"", ""section"": 66, ""inheritedFrom"": null, ""body"": [""Data\\Engine2D\\Bin\\Bobs\\CR_Hum_Body_70.bmd""], ""heads"": [], ""palettes"": [], ""headPalettes"": [], ""random"": []}]",6,"{""RENDERED"": 12}",3,PIXEL_CONFIRMED,PRESENTATION_APPROXIMATION,Other Tribes/Weresnakes/Humans/Soldiers/job_31_soldier_unarmed/metadata.json,Other Tribes/Weresnakes/Humans/Soldiers/job_31_soldier_unarmed/index.html,Other Tribes/Weresnakes/Humans/index.html
5,Weresnakes,32,32,soldier_spear_wooden,Wooden Spearman,adult (see job/parent chain),False,"[32, 31, 6]","[{""phase"": ""initial"", ""section"": 65, ""inheritedFrom"": 31, ""body"": [""Data\\Engine2D\\Bin\\Bobs\\CR_Hum_Body_70.bmd""], ""heads"": [], ""palettes"": [""house_byzantine02""], ""headPalettes"": [], ""random"": []}, {""phase"": ""jobChange"", ""section"": 66, ""inheritedFrom"": 31, ""body"": [""Data\\Engine2D\\Bin\\Bobs\\CR_Hum_Body_70.bmd""], ""heads"": [], ""palettes"": [], ""headPalettes"": [], ""random"": []}]",6,"{""RENDERED"": 12}",3,PIXEL_CONFIRMED,PRESENTATION_APPROXIMATION,Other Tribes/Weresnakes/Humans/Soldiers/job_32_soldier_spear_wooden/metadata.json,Other Tribes/Weresnakes/Humans/Soldiers/job_32_soldier_spear_wooden/index.html,Other Tribes/Weresnakes/Humans/index.html
5,Weresnakes,33,33,soldier_spear_iron,Iron Spearman,adult (see job/parent chain),False,"[33, 31, 6]","[{""phase"": ""initial"", ""section"": 65, ""inheritedFrom"": 31, ""body"": [""Data\\Engine2D\\Bin\\Bobs\\CR_Hum_Body_70.bmd""], ""heads"": [], ""palettes"": [""house_byzantine02""], ""headPalettes"": [], ""random"": []}, {""phase"": ""jobChange"", ""section"": 66, ""inheritedFrom"": 31, ""body"": [""Data\\Engine2D\\Bin\\Bobs\\CR_Hum_Body_70.bmd""], ""heads"": [], ""palettes"": [], ""headPalettes"": [], ""random"": []}]",6,"{""RENDERED"": 12}",3,PIXEL_CONFIRMED,PRESENTATION_APPROXIMATION,Other Tribes/Weresnakes/Humans/Soldiers/job_33_soldier_spear_iron/metadata.json,Other Tribes/Weresnakes/Humans/Soldiers/job_33_soldier_spear_iron/index.html,Other Tribes/Weresnakes/Humans/index.html
5,Weresnakes,34,34,soldier_sword_short,Shortsword Fighter,adult (see job/parent chain),False,"[34, 31, 6]","[{""phase"": ""initial"", ""section"": 65, ""inheritedFrom"": 31, ""body"": [""Data\\Engine2D\\Bin\\Bobs\\CR_Hum_Body_70.bmd""], ""heads"": [], ""palettes"": [""house_byzantine02""], ""headPalettes"": [], ""random"": []}, {""phase"": ""jobChange"", ""section"": 66, ""inheritedFrom"": 31, ""body"": [""Data\\Engine2D\\Bin\\Bobs\\CR_Hum_Body_70.bmd""], ""heads"": [], ""palettes"": [], ""headPalettes"": [], ""random"": []}]",6,"{""RENDERED"": 12}",3,PIXEL_CONFIRMED,PRESENTATION_APPROXIMATION,Other Tribes/Weresnakes/Humans/Soldiers/job_34_soldier_sword_short/metadata.json,Other Tribes/Weresnakes/Humans/Soldiers/job_34_soldier_sword_short/index.html,Other Tribes/Weresnakes/Humans/index.html
5,Weresnakes,35,35,soldier_sword_long,Longsword Fighter,adult (see job/parent chain),False,"[35, 31, 6]","[{""phase"": ""initial"", ""section"": 65, ""inheritedFrom"": 31, ""body"": [""Data\\Engine2D\\Bin\\Bobs\\CR_Hum_Body_70.bmd""], ""heads"": [], ""palettes"": [""house_byzantine02""], ""headPalettes"": [], ""random"": []}, {""phase"": ""jobChange"", ""section"": 66, ""inheritedFrom"": 31, ""body"": [""Data\\Engine2D\\Bin\\Bobs\\CR_Hum_Body_70.bmd""], ""heads"": [], ""palettes"": [], ""headPalettes"": [], ""random"": []}]",6,"{""RENDERED"": 12}",3,PIXEL_CONFIRMED,PRESENTATION_APPROXIMATION,Other Tribes/Weresnakes/Humans/Soldiers/job_35_soldier_sword_long/metadata.json,Other Tribes/Weresnakes/Humans/Soldiers/job_35_soldier_sword_long/index.html,Other Tribes/Weresnakes/Humans/index.html
5,Weresnakes,36,36,soldier_saber_short,Shortsabre Fighter,adult (see job/parent chain),False,"[36, 31, 6]","[{""phase"": ""initial"", ""section"": 65, ""inheritedFrom"": 31, ""body"": [""Data\\Engine2D\\Bin\\Bobs\\CR_Hum_Body_70.bmd""], ""heads"": [], ""palettes"": [""house_byzantine02""], ""headPalettes"": [], ""random"": []}, {""phase"": ""jobChange"", ""section"": 66, ""inheritedFrom"": 31, ""body"": [""Data\\Engine2D\\Bin\\Bobs\\CR_Hum_Body_70.bmd""], ""heads"": [], ""palettes"": [], ""headPalettes"": [], ""random"": []}]",6,"{""RENDERED"": 12}",3,PIXEL_CONFIRMED,PRESENTATION_APPROXIMATION,Other Tribes/Weresnakes/Humans/Soldiers/job_36_soldier_saber_short/metadata.json,Other Tribes/Weresnakes/Humans/Soldiers/job_36_soldier_saber_short/index.html,Other Tribes/Weresnakes/Humans/index.html
5,Weresnakes,37,37,soldier_saber_long,Longsabre Fighter,adult (see job/parent chain),False,"[37, 31, 6]","[{""phase"": ""initial"", ""section"": 65, ""inheritedFrom"": 31, ""body"": [""Data\\Engine2D\\Bin\\Bobs\\CR_Hum_Body_70.bmd""], ""heads"": [], ""palettes"": [""house_byzantine02""], ""headPalettes"": [], ""random"": []}, {""phase"": ""jobChange"", ""section"": 66, ""inheritedFrom"": 31, ""body"": [""Data\\Engine2D\\Bin\\Bobs\\CR_Hum_Body_70.bmd""], ""heads"": [], ""palettes"": [], ""headPalettes"": [], ""random"": []}]",6,"{""RENDERED"": 12}",3,PIXEL_CONFIRMED,PRESENTATION_APPROXIMATION,Other Tribes/Weresnakes/Humans/Soldiers/job_37_soldier_saber_long/metadata.json,Other Tribes/Weresnakes/Humans/Soldiers/job_37_soldier_saber_long/index.html,Other Tribes/Weresnakes/Humans/index.html
5,Weresnakes,38,38,soldier_axe_small,Small Axe Fighter,adult (see job/parent chain),False,"[38, 31, 6]","[{""phase"": ""initial"", ""section"": 65, ""inheritedFrom"": 31, ""body"": [""Data\\Engine2D\\Bin\\Bobs\\CR_Hum_Body_70.bmd""], ""heads"": [], ""palettes"": [""house_byzantine02""], ""headPalettes"": [], ""random"": []}, {""phase"": ""jobChange"", ""section"": 66, ""inheritedFrom"": 31, ""body"": [""Data\\Engine2D\\Bin\\Bobs\\CR_Hum_Body_70.bmd""], ""heads"": [], ""palettes"": [], ""headPalettes"": [], ""random"": []}]",6,"{""RENDERED"": 12}",3,PIXEL_CONFIRMED,PRESENTATION_APPROXIMATION,Other Tribes/Weresnakes/Humans/Soldiers/job_38_soldier_axe_small/metadata.json,Other Tribes/Weresnakes/Humans/Soldiers/job_38_soldier_axe_small/index.html,Other Tribes/Weresnakes/Humans/index.html
5,Weresnakes,39,39,soldier_axe_big,Big Axe Fighter,adult (see job/parent chain),False,"[39, 31, 6]","[{""phase"": ""initial"", ""section"": 65, ""inheritedFrom"": 31, ""body"": [""Data\\Engine2D\\Bin\\Bobs\\CR_Hum_Body_70.bmd""], ""heads"": [], ""palettes"": [""house_byzantine02""], ""headPalettes"": [], ""random"": []}, {""phase"": ""jobChange"", ""section"": 66, ""inheritedFrom"": 31, ""body"": [""Data\\Engine2D\\Bin\\Bobs\\CR_Hum_Body_70.bmd""], ""heads"": [], ""palettes"": [], ""headPalettes"": [], ""random"": []}]",6,"{""RENDERED"": 12}",3,PIXEL_CONFIRMED,PRESENTATION_APPROXIMATION,Other Tribes/Weresnakes/Humans/Soldiers/job_39_soldier_axe_big/metadata.json,Other Tribes/Weresnakes/Humans/Soldiers/job_39_soldier_axe_big/index.html,Other Tribes/Weresnakes/Humans/index.html
5,Weresnakes,40,40,soldier_bow_short,Short Bow Archer,adult (see job/parent chain),False,"[40, 31, 6]","[{""phase"": ""initial"", ""section"": 65, ""inheritedFrom"": 31, ""body"": [""Data\\Engine2D\\Bin\\Bobs\\CR_Hum_Body_70.bmd""], ""heads"": [], ""palettes"": [""house_byzantine02""], ""headPalettes"": [], ""random"": []}, {""phase"": ""jobChange"", ""section"": 66, ""inheritedFrom"": 31, ""body"": [""Data\\Engine2D\\Bin\\Bobs\\CR_Hum_Body_70.bmd""], ""heads"": [], ""palettes"": [], ""headPalettes"": [], ""random"": []}]",6,"{""RENDERED"": 12}",3,PIXEL_CONFIRMED,PRESENTATION_APPROXIMATION,Other Tribes/Weresnakes/Humans/Soldiers/job_40_soldier_bow_short/metadata.json,Other Tribes/Weresnakes/Humans/Soldiers/job_40_soldier_bow_short/index.html,Other Tribes/Weresnakes/Humans/index.html
5,Weresnakes,41,41,soldier_bow_long,Longbow Archer,adult (see job/parent chain),False,"[41, 31, 6]","[{""phase"": ""initial"", ""section"": 65, ""inheritedFrom"": 31, ""body"": [""Data\\Engine2D\\Bin\\Bobs\\CR_Hum_Body_70.bmd""], ""heads"": [], ""palettes"": [""house_byzantine02""], ""headPalettes"": [], ""random"": []}, {""phase"": ""jobChange"", ""section"": 66, ""inheritedFrom"": 31, ""body"": [""Data\\Engine2D\\Bin\\Bobs\\CR_Hum_Body_70.bmd""], ""heads"": [], ""palettes"": [], ""headPalettes"": [], ""random"": []}]",6,"{""RENDERED"": 12}",3,PIXEL_CONFIRMED,PRESENTATION_APPROXIMATION,Other Tribes/Weresnakes/Humans/Soldiers/job_41_soldier_bow_long/metadata.json,Other Tribes/Weresnakes/Humans/Soldiers/job_41_soldier_bow_long/index.html,Other Tribes/Weresnakes/Humans/index.html
5,Weresnakes,42,42,hero_unarmed_???,Unarmed Hero,adult (see job/parent chain),False,"[42, 31, 6]","[{""phase"": ""initial"", ""section"": 65, ""inheritedFrom"": 31, ""body"": [""Data\\Engine2D\\Bin\\Bobs\\CR_Hum_Body_70.bmd""], ""heads"": [], ""palettes"": [""house_byzantine02""], ""headPalettes"": [], ""random"": []}, {""phase"": ""jobChange"", ""section"": 66, ""inheritedFrom"": 31, ""body"": [""Data\\Engine2D\\Bin\\Bobs\\CR_Hum_Body_70.bmd""], ""heads"": [], ""palettes"": [], ""headPalettes"": [], ""random"": []}]",6,"{""RENDERED"": 12}",3,PIXEL_CONFIRMED,PRESENTATION_APPROXIMATION,Other Tribes/Weresnakes/Humans/Heroes/job_42_hero_unarmed/metadata.json,Other Tribes/Weresnakes/Humans/Heroes/job_42_hero_unarmed/index.html,Other Tribes/Weresnakes/Humans/index.html
5,Weresnakes,43,43,hero_spear_SIEGFRIED,Sigurd,adult (see job/parent chain),False,"[43, 33, 31, 6]","[{""phase"": ""initial"", ""section"": 65, ""inheritedFrom"": 31, ""body"": [""Data\\Engine2D\\Bin\\Bobs\\CR_Hum_Body_70.bmd""], ""heads"": [], ""palettes"": [""house_byzantine02""], ""headPalettes"": [], ""random"": []}, {""phase"": ""jobChange"", ""section"": 66, ""inheritedFrom"": 31, ""body"": [""Data\\Engine2D\\Bin\\Bobs\\CR_Hum_Body_70.bmd""], ""heads"": [], ""palettes"": [], ""headPalettes"": [], ""random"": []}]",6,"{""RENDERED"": 12}",3,PIXEL_CONFIRMED,PRESENTATION_APPROXIMATION,Other Tribes/Weresnakes/Humans/Heroes/job_43_hero_spear_SIEGFRIED/metadata.json,Other Tribes/Weresnakes/Humans/Heroes/job_43_hero_spear_SIEGFRIED/index.html,Other Tribes/Weresnakes/Humans/index.html
5,Weresnakes,44,44,hero_sword_BJARNI,Bjarni,adult (see job/parent chain),False,"[44, 34, 31, 6]","[{""phase"": ""initial"", ""section"": 65, ""inheritedFrom"": 31, ""body"": [""Data\\Engine2D\\Bin\\Bobs\\CR_Hum_Body_70.bmd""], ""heads"": [], ""palettes"": [""house_byzantine02""], ""headPalettes"": [], ""random"": []}, {""phase"": ""jobChange"", ""section"": 66, ""inheritedFrom"": 31, ""body"": [""Data\\Engine2D\\Bin\\Bobs\\CR_Hum_Body_70.bmd""], ""heads"": [], ""palettes"": [], ""headPalettes"": [], ""random"": []}]",6,"{""RENDERED"": 12}",3,PIXEL_CONFIRMED,PRESENTATION_APPROXIMATION,Other Tribes/Weresnakes/Humans/Heroes/job_44_hero_sword_BJARNI/metadata.json,Other Tribes/Weresnakes/Humans/Heroes/job_44_hero_sword_BJARNI/index.html,Other Tribes/Weresnakes/Humans/index.html
5,Weresnakes,45,45,hero_saber_HATSCHI,Hatchie,adult (see job/parent chain),False,"[45, 35, 31, 6]","[{""phase"": ""initial"", ""section"": 65, ""inheritedFrom"": 31, ""body"": [""Data\\Engine2D\\Bin\\Bobs\\CR_Hum_Body_70.bmd""], ""heads"": [], ""palettes"": [""house_byzantine02""], ""headPalettes"": [], ""random"": []}, {""phase"": ""jobChange"", ""section"": 66, ""inheritedFrom"": 31, ""body"": [""Data\\Engine2D\\Bin\\Bobs\\CR_Hum_Body_70.bmd""], ""heads"": [], ""palettes"": [], ""headPalettes"": [], ""random"": []}]",6,"{""RENDERED"": 12}",3,PIXEL_CONFIRMED,PRESENTATION_APPROXIMATION,Other Tribes/Weresnakes/Humans/Heroes/job_45_hero_saber_HATSCHI/metadata.json,Other Tribes/Weresnakes/Humans/Heroes/job_45_hero_saber_HATSCHI/index.html,Other Tribes/Weresnakes/Humans/index.html
5,Weresnakes,46,46,hero_axe_???,Axe Hero,adult (see job/parent chain),False,"[46, 39, 31, 6]","[{""phase"": ""initial"", ""section"": 65, ""inheritedFrom"": 31, ""body"": [""Data\\Engine2D\\Bin\\Bobs\\CR_Hum_Body_70.bmd""], ""heads"": [], ""palettes"": [""house_byzantine02""], ""headPalettes"": [], ""random"": []}, {""phase"": ""jobChange"", ""section"": 66, ""inheritedFrom"": 31, ""body"": [""Data\\Engine2D\\Bin\\Bobs\\CR_Hum_Body_70.bmd""], ""heads"": [], ""palettes"": [], ""headPalettes"": [], ""random"": []}]",6,"{""RENDERED"": 12}",3,PIXEL_CONFIRMED,PRESENTATION_APPROXIMATION,Other Tribes/Weresnakes/Humans/Heroes/job_46_hero_axe/metadata.json,Other Tribes/Weresnakes/Humans/Heroes/job_46_hero_axe/index.html,Other Tribes/Weresnakes/Humans/index.html
5,Weresnakes,47,47,heroine_bow_XENA,Cyra,adult (see job/parent chain),False,"[47, 41, 31, 6]","[{""phase"": ""initial"", ""section"": 65, ""inheritedFrom"": 31, ""body"": [""Data\\Engine2D\\Bin\\Bobs\\CR_Hum_Body_70.bmd""], ""heads"": [], ""palettes"": [""house_byzantine02""], ""headPalettes"": [], ""random"": []}, {""phase"": ""jobChange"", ""section"": 66, ""inheritedFrom"": 31, ""body"": [""Data\\Engine2D\\Bin\\Bobs\\CR_Hum_Body_70.bmd""], ""heads"": [], ""palettes"": [], ""headPalettes"": [], ""random"": []}]",6,"{""RENDERED"": 12}",3,PIXEL_CONFIRMED,PRESENTATION_APPROXIMATION,Other Tribes/Weresnakes/Humans/Heroes/job_47_heroine_bow_XENA/metadata.json,Other Tribes/Weresnakes/Humans/Heroes/job_47_heroine_bow_XENA/index.html,Other Tribes/Weresnakes/Humans/index.html
6,Werewolves,31,31,soldier_unarmed,Soldier,adult (see job/parent chain),True,"[31, 6]","[{""phase"": ""initial"", ""section"": 63, ""inheritedFrom"": null, ""body"": [""Data\\Engine2D\\Bin\\Bobs\\CR_Hum_Body_71.bmd""], ""heads"": [], ""palettes"": [""house_byzantine01""], ""headPalettes"": [], ""random"": []}, {""phase"": ""jobChange"", ""section"": 64, ""inheritedFrom"": null, ""body"": [""Data\\Engine2D\\Bin\\Bobs\\CR_Hum_Body_71.bmd""], ""heads"": [], ""palettes"": [], ""headPalettes"": [], ""random"": []}]",6,"{""RENDERED"": 12}",3,PIXEL_CONFIRMED,PRESENTATION_APPROXIMATION,Other Tribes/Werewolves/Humans/Soldiers/job_31_soldier_unarmed/metadata.json,Other Tribes/Werewolves/Humans/Soldiers/job_31_soldier_unarmed/index.html,Other Tribes/Werewolves/Humans/index.html
6,Werewolves,32,32,soldier_spear_wooden,Wooden Spearman,adult (see job/parent chain),False,"[32, 31, 6]","[{""phase"": ""initial"", ""section"": 63, ""inheritedFrom"": 31, ""body"": [""Data\\Engine2D\\Bin\\Bobs\\CR_Hum_Body_71.bmd""], ""heads"": [], ""palettes"": [""house_byzantine01""], ""headPalettes"": [], ""random"": []}, {""phase"": ""jobChange"", ""section"": 64, ""inheritedFrom"": 31, ""body"": [""Data\\Engine2D\\Bin\\Bobs\\CR_Hum_Body_71.bmd""], ""heads"": [], ""palettes"": [], ""headPalettes"": [], ""random"": []}]",6,"{""RENDERED"": 12}",3,PIXEL_CONFIRMED,PRESENTATION_APPROXIMATION,Other Tribes/Werewolves/Humans/Soldiers/job_32_soldier_spear_wooden/metadata.json,Other Tribes/Werewolves/Humans/Soldiers/job_32_soldier_spear_wooden/index.html,Other Tribes/Werewolves/Humans/index.html
6,Werewolves,33,33,soldier_spear_iron,Iron Spearman,adult (see job/parent chain),False,"[33, 31, 6]","[{""phase"": ""initial"", ""section"": 63, ""inheritedFrom"": 31, ""body"": [""Data\\Engine2D\\Bin\\Bobs\\CR_Hum_Body_71.bmd""], ""heads"": [], ""palettes"": [""house_byzantine01""], ""headPalettes"": [], ""random"": []}, {""phase"": ""jobChange"", ""section"": 64, ""inheritedFrom"": 31, ""body"": [""Data\\Engine2D\\Bin\\Bobs\\CR_Hum_Body_71.bmd""], ""heads"": [], ""palettes"": [], ""headPalettes"": [], ""random"": []}]",6,"{""RENDERED"": 12}",3,PIXEL_CONFIRMED,PRESENTATION_APPROXIMATION,Other Tribes/Werewolves/Humans/Soldiers/job_33_soldier_spear_iron/metadata.json,Other Tribes/Werewolves/Humans/Soldiers/job_33_soldier_spear_iron/index.html,Other Tribes/Werewolves/Humans/index.html
6,Werewolves,34,34,soldier_sword_short,Shortsword Fighter,adult (see job/parent chain),False,"[34, 31, 6]","[{""phase"": ""initial"", ""section"": 63, ""inheritedFrom"": 31, ""body"": [""Data\\Engine2D\\Bin\\Bobs\\CR_Hum_Body_71.bmd""], ""heads"": [], ""palettes"": [""house_byzantine01""], ""headPalettes"": [], ""random"": []}, {""phase"": ""jobChange"", ""section"": 64, ""inheritedFrom"": 31, ""body"": [""Data\\Engine2D\\Bin\\Bobs\\CR_Hum_Body_71.bmd""], ""heads"": [], ""palettes"": [], ""headPalettes"": [], ""random"": []}]",6,"{""RENDERED"": 12}",3,PIXEL_CONFIRMED,PRESENTATION_APPROXIMATION,Other Tribes/Werewolves/Humans/Soldiers/job_34_soldier_sword_short/metadata.json,Other Tribes/Werewolves/Humans/Soldiers/job_34_soldier_sword_short/index.html,Other Tribes/Werewolves/Humans/index.html
6,Werewolves,35,35,soldier_sword_long,Longsword Fighter,adult (see job/parent chain),False,"[35, 31, 6]","[{""phase"": ""initial"", ""section"": 63, ""inheritedFrom"": 31, ""body"": [""Data\\Engine2D\\Bin\\Bobs\\CR_Hum_Body_71.bmd""], ""heads"": [], ""palettes"": [""house_byzantine01""], ""headPalettes"": [], ""random"": []}, {""phase"": ""jobChange"", ""section"": 64, ""inheritedFrom"": 31, ""body"": [""Data\\Engine2D\\Bin\\Bobs\\CR_Hum_Body_71.bmd""], ""heads"": [], ""palettes"": [], ""headPalettes"": [], ""random"": []}]",6,"{""RENDERED"": 12}",3,PIXEL_CONFIRMED,PRESENTATION_APPROXIMATION,Other Tribes/Werewolves/Humans/Soldiers/job_35_soldier_sword_long/metadata.json,Other Tribes/Werewolves/Humans/Soldiers/job_35_soldier_sword_long/index.html,Other Tribes/Werewolves/Humans/index.html
6,Werewolves,36,36,soldier_saber_short,Shortsabre Fighter,adult (see job/parent chain),False,"[36, 31, 6]","[{""phase"": ""initial"", ""section"": 63, ""inheritedFrom"": 31, ""body"": [""Data\\Engine2D\\Bin\\Bobs\\CR_Hum_Body_71.bmd""], ""heads"": [], ""palettes"": [""house_byzantine01""], ""headPalettes"": [], ""random"": []}, {""phase"": ""jobChange"", ""section"": 64, ""inheritedFrom"": 31, ""body"": [""Data\\Engine2D\\Bin\\Bobs\\CR_Hum_Body_71.bmd""], ""heads"": [], ""palettes"": [], ""headPalettes"": [], ""random"": []}]",6,"{""RENDERED"": 12}",3,PIXEL_CONFIRMED,PRESENTATION_APPROXIMATION,Other Tribes/Werewolves/Humans/Soldiers/job_36_soldier_saber_short/metadata.json,Other Tribes/Werewolves/Humans/Soldiers/job_36_soldier_saber_short/index.html,Other Tribes/Werewolves/Humans/index.html
6,Werewolves,37,37,soldier_saber_long,Longsabre Fighter,adult (see job/parent chain),False,"[37, 31, 6]","[{""phase"": ""initial"", ""section"": 63, ""inheritedFrom"": 31, ""body"": [""Data\\Engine2D\\Bin\\Bobs\\CR_Hum_Body_71.bmd""], ""heads"": [], ""palettes"": [""house_byzantine01""], ""headPalettes"": [], ""random"": []}, {""phase"": ""jobChange"", ""section"": 64, ""inheritedFrom"": 31, ""body"": [""Data\\Engine2D\\Bin\\Bobs\\CR_Hum_Body_71.bmd""], ""heads"": [], ""palettes"": [], ""headPalettes"": [], ""random"": []}]",6,"{""RENDERED"": 12}",3,PIXEL_CONFIRMED,PRESENTATION_APPROXIMATION,Other Tribes/Werewolves/Humans/Soldiers/job_37_soldier_saber_long/metadata.json,Other Tribes/Werewolves/Humans/Soldiers/job_37_soldier_saber_long/index.html,Other Tribes/Werewolves/Humans/index.html
6,Werewolves,38,38,soldier_axe_small,Small Axe Fighter,adult (see job/parent chain),False,"[38, 31, 6]","[{""phase"": ""initial"", ""section"": 63, ""inheritedFrom"": 31, ""body"": [""Data\\Engine2D\\Bin\\Bobs\\CR_Hum_Body_71.bmd""], ""heads"": [], ""palettes"": [""house_byzantine01""], ""headPalettes"": [], ""random"": []}, {""phase"": ""jobChange"", ""section"": 64, ""inheritedFrom"": 31, ""body"": [""Data\\Engine2D\\Bin\\Bobs\\CR_Hum_Body_71.bmd""], ""heads"": [], ""palettes"": [], ""headPalettes"": [], ""random"": []}]",6,"{""RENDERED"": 12}",3,PIXEL_CONFIRMED,PRESENTATION_APPROXIMATION,Other Tribes/Werewolves/Humans/Soldiers/job_38_soldier_axe_small/metadata.json,Other Tribes/Werewolves/Humans/Soldiers/job_38_soldier_axe_small/index.html,Other Tribes/Werewolves/Humans/index.html
6,Werewolves,39,39,soldier_axe_big,Big Axe Fighter,adult (see job/parent chain),False,"[39, 31, 6]","[{""phase"": ""initial"", ""section"": 63, ""inheritedFrom"": 31, ""body"": [""Data\\Engine2D\\Bin\\Bobs\\CR_Hum_Body_71.bmd""], ""heads"": [], ""palettes"": [""house_byzantine01""], ""headPalettes"": [], ""random"": []}, {""phase"": ""jobChange"", ""section"": 64, ""inheritedFrom"": 31, ""body"": [""Data\\Engine2D\\Bin\\Bobs\\CR_Hum_Body_71.bmd""], ""heads"": [], ""palettes"": [], ""headPalettes"": [], ""random"": []}]",6,"{""RENDERED"": 12}",3,PIXEL_CONFIRMED,PRESENTATION_APPROXIMATION,Other Tribes/Werewolves/Humans/Soldiers/job_39_soldier_axe_big/metadata.json,Other Tribes/Werewolves/Humans/Soldiers/job_39_soldier_axe_big/index.html,Other Tribes/Werewolves/Humans/index.html
6,Werewolves,40,40,soldier_bow_short,Short Bow Archer,adult (see job/parent chain),False,"[40, 31, 6]","[{""phase"": ""initial"", ""section"": 63, ""inheritedFrom"": 31, ""body"": [""Data\\Engine2D\\Bin\\Bobs\\CR_Hum_Body_71.bmd""], ""heads"": [], ""palettes"": [""house_byzantine01""], ""headPalettes"": [], ""random"": []}, {""phase"": ""jobChange"", ""section"": 64, ""inheritedFrom"": 31, ""body"": [""Data\\Engine2D\\Bin\\Bobs\\CR_Hum_Body_71.bmd""], ""heads"": [], ""palettes"": [], ""headPalettes"": [], ""random"": []}]",6,"{""RENDERED"": 12}",3,PIXEL_CONFIRMED,PRESENTATION_APPROXIMATION,Other Tribes/Werewolves/Humans/Soldiers/job_40_soldier_bow_short/metadata.json,Other Tribes/Werewolves/Humans/Soldiers/job_40_soldier_bow_short/index.html,Other Tribes/Werewolves/Humans/index.html
6,Werewolves,41,41,soldier_bow_long,Longbow Archer,adult (see job/parent chain),False,"[41, 31, 6]","[{""phase"": ""initial"", ""section"": 63, ""inheritedFrom"": 31, ""body"": [""Data\\Engine2D\\Bin\\Bobs\\CR_Hum_Body_71.bmd""], ""heads"": [], ""palettes"": [""house_byzantine01""], ""headPalettes"": [], ""random"": []}, {""phase"": ""jobChange"", ""section"": 64, ""inheritedFrom"": 31, ""body"": [""Data\\Engine2D\\Bin\\Bobs\\CR_Hum_Body_71.bmd""], ""heads"": [], ""palettes"": [], ""headPalettes"": [], ""random"": []}]",6,"{""RENDERED"": 12}",3,PIXEL_CONFIRMED,PRESENTATION_APPROXIMATION,Other Tribes/Werewolves/Humans/Soldiers/job_41_soldier_bow_long/metadata.json,Other Tribes/Werewolves/Humans/Soldiers/job_41_soldier_bow_long/index.html,Other Tribes/Werewolves/Humans/index.html
6,Werewolves,42,42,hero_unarmed_???,Unarmed Hero,adult (see job/parent chain),False,"[42, 31, 6]","[{""phase"": ""initial"", ""section"": 63, ""inheritedFrom"": 31, ""body"": [""Data\\Engine2D\\Bin\\Bobs\\CR_Hum_Body_71.bmd""], ""heads"": [], ""palettes"": [""house_byzantine01""], ""headPalettes"": [], ""random"": []}, {""phase"": ""jobChange"", ""section"": 64, ""inheritedFrom"": 31, ""body"": [""Data\\Engine2D\\Bin\\Bobs\\CR_Hum_Body_71.bmd""], ""heads"": [], ""palettes"": [], ""headPalettes"": [], ""random"": []}]",6,"{""RENDERED"": 12}",3,PIXEL_CONFIRMED,PRESENTATION_APPROXIMATION,Other Tribes/Werewolves/Humans/Heroes/job_42_hero_unarmed/metadata.json,Other Tribes/Werewolves/Humans/Heroes/job_42_hero_unarmed/index.html,Other Tribes/Werewolves/Humans/index.html
6,Werewolves,43,43,hero_spear_SIEGFRIED,Sigurd,adult (see job/parent chain),False,"[43, 33, 31, 6]","[{""phase"": ""initial"", ""section"": 63, ""inheritedFrom"": 31, ""body"": [""Data\\Engine2D\\Bin\\Bobs\\CR_Hum_Body_71.bmd""], ""heads"": [], ""palettes"": [""house_byzantine01""], ""headPalettes"": [], ""random"": []}, {""phase"": ""jobChange"", ""section"": 64, ""inheritedFrom"": 31, ""body"": [""Data\\Engine2D\\Bin\\Bobs\\CR_Hum_Body_71.bmd""], ""heads"": [], ""palettes"": [], ""headPalettes"": [], ""random"": []}]",6,"{""RENDERED"": 12}",3,PIXEL_CONFIRMED,PRESENTATION_APPROXIMATION,Other Tribes/Werewolves/Humans/Heroes/job_43_hero_spear_SIEGFRIED/metadata.json,Other Tribes/Werewolves/Humans/Heroes/job_43_hero_spear_SIEGFRIED/index.html,Other Tribes/Werewolves/Humans/index.html
6,Werewolves,44,44,hero_sword_BJARNI,Bjarni,adult (see job/parent chain),False,"[44, 34, 31, 6]","[{""phase"": ""initial"", ""section"": 63, ""inheritedFrom"": 31, ""body"": [""Data\\Engine2D\\Bin\\Bobs\\CR_Hum_Body_71.bmd""], ""heads"": [], ""palettes"": [""house_byzantine01""], ""headPalettes"": [], ""random"": []}, {""phase"": ""jobChange"", ""section"": 64, ""inheritedFrom"": 31, ""body"": [""Data\\Engine2D\\Bin\\Bobs\\CR_Hum_Body_71.bmd""], ""heads"": [], ""palettes"": [], ""headPalettes"": [], ""random"": []}]",6,"{""RENDERED"": 12}",3,PIXEL_CONFIRMED,PRESENTATION_APPROXIMATION,Other Tribes/Werewolves/Humans/Heroes/job_44_hero_sword_BJARNI/metadata.json,Other Tribes/Werewolves/Humans/Heroes/job_44_hero_sword_BJARNI/index.html,Other Tribes/Werewolves/Humans/index.html
6,Werewolves,45,45,hero_saber_HATSCHI,Hatchie,adult (see job/parent chain),False,"[45, 35, 31, 6]","[{""phase"": ""initial"", ""section"": 63, ""inheritedFrom"": 31, ""body"": [""Data\\Engine2D\\Bin\\Bobs\\CR_Hum_Body_71.bmd""], ""heads"": [], ""palettes"": [""house_byzantine01""], ""headPalettes"": [], ""random"": []}, {""phase"": ""jobChange"", ""section"": 64, ""inheritedFrom"": 31, ""body"": [""Data\\Engine2D\\Bin\\Bobs\\CR_Hum_Body_71.bmd""], ""heads"": [], ""palettes"": [], ""headPalettes"": [], ""random"": []}]",6,"{""RENDERED"": 12}",3,PIXEL_CONFIRMED,PRESENTATION_APPROXIMATION,Other Tribes/Werewolves/Humans/Heroes/job_45_hero_saber_HATSCHI/metadata.json,Other Tribes/Werewolves/Humans/Heroes/job_45_hero_saber_HATSCHI/index.html,Other Tribes/Werewolves/Humans/index.html
6,Werewolves,46,46,hero_axe_???,Axe Hero,adult (see job/parent chain),False,"[46, 39, 31, 6]","[{""phase"": ""initial"", ""section"": 63, ""inheritedFrom"": 31, ""body"": [""Data\\Engine2D\\Bin\\Bobs\\CR_Hum_Body_71.bmd""], ""heads"": [], ""palettes"": [""house_byzantine01""], ""headPalettes"": [], ""random"": []}, {""phase"": ""jobChange"", ""section"": 64, ""inheritedFrom"": 31, ""body"": [""Data\\Engine2D\\Bin\\Bobs\\CR_Hum_Body_71.bmd""], ""heads"": [], ""palettes"": [], ""headPalettes"": [], ""random"": []}]",6,"{""RENDERED"": 12}",3,PIXEL_CONFIRMED,PRESENTATION_APPROXIMATION,Other Tribes/Werewolves/Humans/Heroes/job_46_hero_axe/metadata.json,Other Tribes/Werewolves/Humans/Heroes/job_46_hero_axe/index.html,Other Tribes/Werewolves/Humans/index.html
6,Werewolves,47,47,heroine_bow_XENA,Cyra,adult (see job/parent chain),False,"[47, 41, 31, 6]","[{""phase"": ""initial"", ""section"": 63, ""inheritedFrom"": 31, ""body"": [""Data\\Engine2D\\Bin\\Bobs\\CR_Hum_Body_71.bmd""], ""heads"": [], ""palettes"": [""house_byzantine01""], ""headPalettes"": [], ""random"": []}, {""phase"": ""jobChange"", ""section"": 64, ""inheritedFrom"": 31, ""body"": [""Data\\Engine2D\\Bin\\Bobs\\CR_Hum_Body_71.bmd""], ""heads"": [], ""palettes"": [], ""headPalettes"": [], ""random"": []}]",6,"{""RENDERED"": 12}",3,PIXEL_CONFIRMED,PRESENTATION_APPROXIMATION,Other Tribes/Werewolves/Humans/Heroes/job_47_heroine_bow_XENA/metadata.json,Other Tribes/Werewolves/Humans/Heroes/job_47_heroine_bow_XENA/index.html,Other Tribes/Werewolves/Humans/index.html
7,Egypt,1,1,baby_female,Baby,female baby,True,[1],"[{""phase"": ""initial"", ""section"": 81, ""inheritedFrom"": null, ""body"": [""Data\\Engine2D\\Bin\\Bobs\\CR_Hum_Body_22.bmd""], ""heads"": [""Data\\Engine2D\\Bin\\Bobs\\CR_Hum_Head_22.bmd""], ""palettes"": [""test_human_00""], ""headPalettes"": [""test_human_00""], ""random"": [""Vik_Baby_Base""]}]",7,"{""RENDERED"": 7}",2,PIXEL_CONFIRMED,PRESENTATION_APPROXIMATION,Other Tribes/Egypt/Humans/Children/Babies/job_01_baby_female/metadata.json,Other Tribes/Egypt/Humans/Children/Babies/job_01_baby_female/index.html,Other Tribes/Egypt/Humans/index.html
7,Egypt,2,2,baby_male,Baby,male baby,True,"[2, 1]","[{""phase"": ""initial"", ""section"": 79, ""inheritedFrom"": null, ""body"": [""Data\\Engine2D\\Bin\\Bobs\\CR_Hum_Body_22.bmd""], ""heads"": [""Data\\Engine2D\\Bin\\Bobs\\CR_Hum_Head_22.bmd""], ""palettes"": [""test_human_00""], ""headPalettes"": [""test_human_00""], ""random"": [""Vik_Baby_Base""]}]",7,"{""RENDERED"": 7}",2,PIXEL_CONFIRMED,PRESENTATION_APPROXIMATION,Other Tribes/Egypt/Humans/Children/Babies/job_02_baby_male/metadata.json,Other Tribes/Egypt/Humans/Children/Babies/job_02_baby_male/index.html,Other Tribes/Egypt/Humans/index.html
7,Egypt,3,3,child_female,Girl,female child,True,"[3, 1]","[{""phase"": ""initial"", ""section"": 82, ""inheritedFrom"": null, ""body"": [""Data\\Engine2D\\Bin\\Bobs\\CR_Hum_Body_21.bmd""], ""heads"": [""Data\\Engine2D\\Bin\\Bobs\\CR_Hum_Head_21.bmd""], ""palettes"": [""test_human_00""], ""headPalettes"": [""test_human_00""], ""random"": [""Vik_Man_Base""]}]",10,"{""RENDERED"": 10}",2,PIXEL_CONFIRMED,PRESENTATION_APPROXIMATION,Other Tribes/Egypt/Humans/Children/job_03_child_female/metadata.json,Other Tribes/Egypt/Humans/Children/job_03_child_female/index.html,Other Tribes/Egypt/Humans/index.html
7,Egypt,4,4,child_male,Boy,male child,True,"[4, 2, 1]","[{""phase"": ""initial"", ""section"": 80, ""inheritedFrom"": null, ""body"": [""Data\\Engine2D\\Bin\\Bobs\\CR_Hum_Body_20.bmd""], ""heads"": [""Data\\Engine2D\\Bin\\Bobs\\CR_Hum_Head_20.bmd"", ""Data\\Engine2D\\Bin\\Bobs\\CR_Hum_Head_20.bmd"", ""Data\\Engine2D\\Bin\\Bobs\\CR_Hum_Head_20.bmd"", ""Data\\Engine2D\\Bin\\Bobs\\CR_Hum_Head_20.bmd""], ""palettes"": [""test_human_00""], ""headPalettes"": [""test_human_00""], ""random"": [""Vik_Man_Base""]}]",10,"{""RENDERED"": 10}",2,PIXEL_CONFIRMED,PRESENTATION_APPROXIMATION,Other Tribes/Egypt/Humans/Children/job_04_child_male/metadata.json,Other Tribes/Egypt/Humans/Children/job_04_child_male/index.html,Other Tribes/Egypt/Humans/index.html
7,Egypt,5,5,woman,Woman,adult female,True,[5],"[{""phase"": ""initial"", ""section"": 45, ""inheritedFrom"": null, ""body"": [""Data\\Engine2D\\Bin\\Bobs\\CR_Hum_Body_77.bmd""], ""heads"": [], ""palettes"": [""test_human_00""], ""headPalettes"": [""test_human_00""], ""random"": [""Byz_WoMan_Base""]}, {""phase"": ""jobChange"", ""section"": 51, ""inheritedFrom"": null, ""body"": [""Data\\Engine2D\\Bin\\Bobs\\CR_Hum_Body_77.bmd""], ""heads"": [""Data\\Engine2D\\Bin\\Bobs\\CR_Hum_Head_78.bmd"", ""Data\\Engine2D\\Bin\\Bobs\\CR_Hum_Head_78.bmd"", ""Data\\Engine2D\\Bin\\Bobs\\CR_Hum_Head_78.bmd"", ""Data\\Engine2D\\Bin\\Bobs\\CR_Hum_Head_78.bmd""], ""palettes"": [], ""headPalettes"": [], ""random"": []}]",23,"{""RENDERED"": 46}",9,PIXEL_CONFIRMED,PRESENTATION_APPROXIMATION,Other Tribes/Egypt/Humans/Female/job_05_woman/metadata.json,Other Tribes/Egypt/Humans/Female/job_05_woman/index.html,Other Tribes/Egypt/Humans/index.html
7,Egypt,6,6,civilist,Civilian,adult male,True,[6],"[{""phase"": ""initial"", ""section"": 44, ""inheritedFrom"": null, ""body"": [""Data\\Engine2D\\Bin\\Bobs\\CR_Hum_Body_75.bmd""], ""heads"": [""Data\\Engine2D\\Bin\\Bobs\\CR_Hum_Head_75.bmd"", ""Data\\Engine2D\\Bin\\Bobs\\CR_Hum_Head_76.bmd"", ""Data\\Engine2D\\Bin\\Bobs\\CR_Hum_Head_75.bmd"", ""Data\\Engine2D\\Bin\\Bobs\\CR_Hum_Head_76.bmd""], ""palettes"": [""test_human_00""], ""headPalettes"": [""test_human_00""], ""random"": [""Egy_Man_Base""]}, {""phase"": ""jobChange"", ""section"": 50, ""inheritedFrom"": null, ""body"": [""Data\\Engine2D\\Bin\\Bobs\\CR_Hum_Body_75.bmd""], ""heads"": [""Data\\Engine2D\\Bin\\Bobs\\CR_Hum_Head_75.bmd"", ""Data\\Engine2D\\Bin\\Bobs\\CR_Hum_Head_76.bmd"", ""Data\\Engine2D\\Bin\\Bobs\\CR_Hum_Head_75.bmd"", ""Data\\Engine2D\\Bin\\Bobs\\CR_Hum_Head_76.bmd""], ""palettes"": [], ""headPalettes"": [], ""random"": []}]",35,"{""RENDERED"": 68, ""NO_DIRECT_FRAMES"": 2}",10,PIXEL_CONFIRMED,PRESENTATION_APPROXIMATION,Other Tribes/Egypt/Humans/Male/job_06_civilist/metadata.json,Other Tribes/Egypt/Humans/Male/job_06_civilist/index.html,Other Tribes/Egypt/Humans/index.html
7,Egypt,7,7,builder,Builder,adult (see job/parent chain),True,"[7, 6]","[{""phase"": ""initial"", ""section"": 44, ""inheritedFrom"": 6, ""body"": [""Data\\Engine2D\\Bin\\Bobs\\CR_Hum_Body_75.bmd""], ""heads"": [""Data\\Engine2D\\Bin\\Bobs\\CR_Hum_Head_75.bmd"", ""Data\\Engine2D\\Bin\\Bobs\\CR_Hum_Head_76.bmd"", ""Data\\Engine2D\\Bin\\Bobs\\CR_Hum_Head_75.bmd"", ""Data\\Engine2D\\Bin\\Bobs\\CR_Hum_Head_76.bmd""], ""palettes"": [""test_human_00""], ""headPalettes"": [""test_human_00""], ""random"": [""Egy_Man_Base""]}, {""phase"": ""jobChange"", ""section"": 50, ""inheritedFrom"": 6, ""body"": [""Data\\Engine2D\\Bin\\Bobs\\CR_Hum_Body_75.bmd""], ""heads"": [""Data\\Engine2D\\Bin\\Bobs\\CR_Hum_Head_75.bmd"", ""Data\\Engine2D\\Bin\\Bobs\\CR_Hum_Head_76.bmd"", ""Data\\Engine2D\\Bin\\Bobs\\CR_Hum_Head_75.bmd"", ""Data\\Engine2D\\Bin\\Bobs\\CR_Hum_Head_76.bmd""], ""palettes"": [], ""headPalettes"": [], ""random"": []}]",37,"{""RENDERED"": 72, ""NO_DIRECT_FRAMES"": 2}",11,PIXEL_CONFIRMED,PRESENTATION_APPROXIMATION,Other Tribes/Egypt/Humans/Professions/job_07_builder/metadata.json,Other Tribes/Egypt/Humans/Professions/job_07_builder/index.html,Other Tribes/Egypt/Humans/index.html
7,Egypt,8,8,collector,Extractor,adult (see job/parent chain),True,"[8, 6]","[{""phase"": ""initial"", ""section"": 44, ""inheritedFrom"": 6, ""body"": [""Data\\Engine2D\\Bin\\Bobs\\CR_Hum_Body_75.bmd""], ""heads"": [""Data\\Engine2D\\Bin\\Bobs\\CR_Hum_Head_75.bmd"", ""Data\\Engine2D\\Bin\\Bobs\\CR_Hum_Head_76.bmd"", ""Data\\Engine2D\\Bin\\Bobs\\CR_Hum_Head_75.bmd"", ""Data\\Engine2D\\Bin\\Bobs\\CR_Hum_Head_76.bmd""], ""palettes"": [""test_human_00""], ""headPalettes"": [""test_human_00""], ""random"": [""Egy_Man_Base""]}, {""phase"": ""jobChange"", ""section"": 50, ""inheritedFrom"": 6, ""body"": [""Data\\Engine2D\\Bin\\Bobs\\CR_Hum_Body_75.bmd""], ""heads"": [""Data\\Engine2D\\Bin\\Bobs\\CR_Hum_Head_75.bmd"", ""Data\\Engine2D\\Bin\\Bobs\\CR_Hum_Head_76.bmd"", ""Data\\Engine2D\\Bin\\Bobs\\CR_Hum_Head_75.bmd"", ""Data\\Engine2D\\Bin\\Bobs\\CR_Hum_Head_76.bmd""], ""palettes"": [], ""headPalettes"": [], ""random"": []}]",40,"{""RENDERED"": 78, ""NO_DIRECT_FRAMES"": 2}",11,PIXEL_CONFIRMED,PRESENTATION_APPROXIMATION,Other Tribes/Egypt/Humans/Professions/job_08_collector/metadata.json,Other Tribes/Egypt/Humans/Professions/job_08_collector/index.html,Other Tribes/Egypt/Humans/index.html
7,Egypt,9,9,joiner,Carpenter,adult (see job/parent chain),True,"[9, 6]","[{""phase"": ""initial"", ""section"": 44, ""inheritedFrom"": 6, ""body"": [""Data\\Engine2D\\Bin\\Bobs\\CR_Hum_Body_75.bmd""], ""heads"": [""Data\\Engine2D\\Bin\\Bobs\\CR_Hum_Head_75.bmd"", ""Data\\Engine2D\\Bin\\Bobs\\CR_Hum_Head_76.bmd"", ""Data\\Engine2D\\Bin\\Bobs\\CR_Hum_Head_75.bmd"", ""Data\\Engine2D\\Bin\\Bobs\\CR_Hum_Head_76.bmd""], ""palettes"": [""test_human_00""], ""headPalettes"": [""test_human_00""], ""random"": [""Egy_Man_Base""]}, {""phase"": ""jobChange"", ""section"": 50, ""inheritedFrom"": 6, ""body"": [""Data\\Engine2D\\Bin\\Bobs\\CR_Hum_Body_75.bmd""], ""heads"": [""Data\\Engine2D\\Bin\\Bobs\\CR_Hum_Head_75.bmd"", ""Data\\Engine2D\\Bin\\Bobs\\CR_Hum_Head_76.bmd"", ""Data\\Engine2D\\Bin\\Bobs\\CR_Hum_Head_75.bmd"", ""Data\\Engine2D\\Bin\\Bobs\\CR_Hum_Head_76.bmd""], ""palettes"": [], ""headPalettes"": [], ""random"": []}]",35,"{""RENDERED"": 68, ""NO_DIRECT_FRAMES"": 2}",14,PIXEL_CONFIRMED,PRESENTATION_APPROXIMATION,Other Tribes/Egypt/Humans/Professions/job_09_joiner/metadata.json,Other Tribes/Egypt/Humans/Professions/job_09_joiner/index.html,Other Tribes/Egypt/Humans/index.html
7,Egypt,10,10,armorer,Armourer,adult (see job/parent chain),True,"[10, 6]","[{""phase"": ""initial"", ""section"": 44, ""inheritedFrom"": 6, ""body"": [""Data\\Engine2D\\Bin\\Bobs\\CR_Hum_Body_75.bmd""], ""heads"": [""Data\\Engine2D\\Bin\\Bobs\\CR_Hum_Head_75.bmd"", ""Data\\Engine2D\\Bin\\Bobs\\CR_Hum_Head_76.bmd"", ""Data\\Engine2D\\Bin\\Bobs\\CR_Hum_Head_75.bmd"", ""Data\\Engine2D\\Bin\\Bobs\\CR_Hum_Head_76.bmd""], ""palettes"": [""test_human_00""], ""headPalettes"": [""test_human_00""], ""random"": [""Egy_Man_Base""]}, {""phase"": ""jobChange"", ""section"": 50, ""inheritedFrom"": 6, ""body"": [""Data\\Engine2D\\Bin\\Bobs\\CR_Hum_Body_75.bmd""], ""heads"": [""Data\\Engine2D\\Bin\\Bobs\\CR_Hum_Head_75.bmd"", ""Data\\Engine2D\\Bin\\Bobs\\CR_Hum_Head_76.bmd"", ""Data\\Engine2D\\Bin\\Bobs\\CR_Hum_Head_75.bmd"", ""Data\\Engine2D\\Bin\\Bobs\\CR_Hum_Head_76.bmd""], ""palettes"": [], ""headPalettes"": [], ""random"": []}]",35,"{""RENDERED"": 68, ""NO_DIRECT_FRAMES"": 2}",13,PIXEL_CONFIRMED,PRESENTATION_APPROXIMATION,Other Tribes/Egypt/Humans/Professions/job_10_armorer/metadata.json,Other Tribes/Egypt/Humans/Professions/job_10_armorer/index.html,Other Tribes/Egypt/Humans/index.html
7,Egypt,11,11,potter,Potter,adult (see job/parent chain),True,"[11, 6]","[{""phase"": ""initial"", ""section"": 44, ""inheritedFrom"": 6, ""body"": [""Data\\Engine2D\\Bin\\Bobs\\CR_Hum_Body_75.bmd""], ""heads"": [""Data\\Engine2D\\Bin\\Bobs\\CR_Hum_Head_75.bmd"", ""Data\\Engine2D\\Bin\\Bobs\\CR_Hum_Head_76.bmd"", ""Data\\Engine2D\\Bin\\Bobs\\CR_Hum_Head_75.bmd"", ""Data\\Engine2D\\Bin\\Bobs\\CR_Hum_Head_76.bmd""], ""palettes"": [""test_human_00""], ""headPalettes"": [""test_human_00""], ""random"": [""Egy_Man_Base""]}, {""phase"": ""jobChange"", ""section"": 50, ""inheritedFrom"": 6, ""body"": [""Data\\Engine2D\\Bin\\Bobs\\CR_Hum_Body_75.bmd""], ""heads"": [""Data\\Engine2D\\Bin\\Bobs\\CR_Hum_Head_75.bmd"", ""Data\\Engine2D\\Bin\\Bobs\\CR_Hum_Head_76.bmd"", ""Data\\Engine2D\\Bin\\Bobs\\CR_Hum_Head_75.bmd"", ""Data\\Engine2D\\Bin\\Bobs\\CR_Hum_Head_76.bmd""], ""palettes"": [], ""headPalettes"": [], ""random"": []}]",35,"{""RENDERED"": 68, ""NO_DIRECT_FRAMES"": 2}",13,PIXEL_CONFIRMED,PRESENTATION_APPROXIMATION,Other Tribes/Egypt/Humans/Professions/job_11_potter/metadata.json,Other Tribes/Egypt/Humans/Professions/job_11_potter/index.html,Other Tribes/Egypt/Humans/index.html
7,Egypt,12,12,mason,Stonemason,adult (see job/parent chain),True,"[12, 6]","[{""phase"": ""initial"", ""section"": 44, ""inheritedFrom"": 6, ""body"": [""Data\\Engine2D\\Bin\\Bobs\\CR_Hum_Body_75.bmd""], ""heads"": [""Data\\Engine2D\\Bin\\Bobs\\CR_Hum_Head_75.bmd"", ""Data\\Engine2D\\Bin\\Bobs\\CR_Hum_Head_76.bmd"", ""Data\\Engine2D\\Bin\\Bobs\\CR_Hum_Head_75.bmd"", ""Data\\Engine2D\\Bin\\Bobs\\CR_Hum_Head_76.bmd""], ""palettes"": [""test_human_00""], ""headPalettes"": [""test_human_00""], ""random"": [""Egy_Man_Base""]}, {""phase"": ""jobChange"", ""section"": 50, ""inheritedFrom"": 6, ""body"": [""Data\\Engine2D\\Bin\\Bobs\\CR_Hum_Body_75.bmd""], ""heads"": [""Data\\Engine2D\\Bin\\Bobs\\CR_Hum_Head_75.bmd"", ""Data\\Engine2D\\Bin\\Bobs\\CR_Hum_Head_76.bmd"", ""Data\\Engine2D\\Bin\\Bobs\\CR_Hum_Head_75.bmd"", ""Data\\Engine2D\\Bin\\Bobs\\CR_Hum_Head_76.bmd""], ""palettes"": [], ""headPalettes"": [], ""random"": []}]",35,"{""RENDERED"": 68, ""NO_DIRECT_FRAMES"": 2}",12,PIXEL_CONFIRMED,PRESENTATION_APPROXIMATION,Other Tribes/Egypt/Humans/Professions/job_12_mason/metadata.json,Other Tribes/Egypt/Humans/Professions/job_12_mason/index.html,Other Tribes/Egypt/Humans/index.html
7,Egypt,13,13,smith,Blacksmith,adult (see job/parent chain),True,"[13, 6]","[{""phase"": ""initial"", ""section"": 44, ""inheritedFrom"": 6, ""body"": [""Data\\Engine2D\\Bin\\Bobs\\CR_Hum_Body_75.bmd""], ""heads"": [""Data\\Engine2D\\Bin\\Bobs\\CR_Hum_Head_75.bmd"", ""Data\\Engine2D\\Bin\\Bobs\\CR_Hum_Head_76.bmd"", ""Data\\Engine2D\\Bin\\Bobs\\CR_Hum_Head_75.bmd"", ""Data\\Engine2D\\Bin\\Bobs\\CR_Hum_Head_76.bmd""], ""palettes"": [""test_human_00""], ""headPalettes"": [""test_human_00""], ""random"": [""Egy_Man_Base""]}, {""phase"": ""jobChange"", ""section"": 50, ""inheritedFrom"": 6, ""body"": [""Data\\Engine2D\\Bin\\Bobs\\CR_Hum_Body_75.bmd""], ""heads"": [""Data\\Engine2D\\Bin\\Bobs\\CR_Hum_Head_75.bmd"", ""Data\\Engine2D\\Bin\\Bobs\\CR_Hum_Head_76.bmd"", ""Data\\Engine2D\\Bin\\Bobs\\CR_Hum_Head_75.bmd"", ""Data\\Engine2D\\Bin\\Bobs\\CR_Hum_Head_76.bmd""], ""palettes"": [], ""headPalettes"": [], ""random"": []}]",35,"{""RENDERED"": 68, ""NO_DIRECT_FRAMES"": 2}",16,PIXEL_CONFIRMED,PRESENTATION_APPROXIMATION,Other Tribes/Egypt/Humans/Professions/job_13_smith/metadata.json,Other Tribes/Egypt/Humans/Professions/job_13_smith/index.html,Other Tribes/Egypt/Humans/index.html
7,Egypt,14,14,coin maker,Mint Worker,adult (see job/parent chain),True,"[14, 6]","[{""phase"": ""initial"", ""section"": 44, ""inheritedFrom"": 6, ""body"": [""Data\\Engine2D\\Bin\\Bobs\\CR_Hum_Body_75.bmd""], ""heads"": [""Data\\Engine2D\\Bin\\Bobs\\CR_Hum_Head_75.bmd"", ""Data\\Engine2D\\Bin\\Bobs\\CR_Hum_Head_76.bmd"", ""Data\\Engine2D\\Bin\\Bobs\\CR_Hum_Head_75.bmd"", ""Data\\Engine2D\\Bin\\Bobs\\CR_Hum_Head_76.bmd""], ""palettes"": [""test_human_00""], ""headPalettes"": [""test_human_00""], ""random"": [""Egy_Man_Base""]}, {""phase"": ""jobChange"", ""section"": 50, ""inheritedFrom"": 6, ""body"": [""Data\\Engine2D\\Bin\\Bobs\\CR_Hum_Body_75.bmd""], ""heads"": [""Data\\Engine2D\\Bin\\Bobs\\CR_Hum_Head_75.bmd"", ""Data\\Engine2D\\Bin\\Bobs\\CR_Hum_Head_76.bmd"", ""Data\\Engine2D\\Bin\\Bobs\\CR_Hum_Head_75.bmd"", ""Data\\Engine2D\\Bin\\Bobs\\CR_Hum_Head_76.bmd""], ""palettes"": [], ""headPalettes"": [], ""random"": []}]",35,"{""RENDERED"": 68, ""NO_DIRECT_FRAMES"": 2}",11,PIXEL_CONFIRMED,PRESENTATION_APPROXIMATION,Other Tribes/Egypt/Humans/Professions/job_14_coin_maker/metadata.json,Other Tribes/Egypt/Humans/Professions/job_14_coin_maker/index.html,Other Tribes/Egypt/Humans/index.html
7,Egypt,15,15,hunter,Hunter,adult (see job/parent chain),True,"[15, 6]","[{""phase"": ""initial"", ""section"": 44, ""inheritedFrom"": 6, ""body"": [""Data\\Engine2D\\Bin\\Bobs\\CR_Hum_Body_75.bmd""], ""heads"": [""Data\\Engine2D\\Bin\\Bobs\\CR_Hum_Head_75.bmd"", ""Data\\Engine2D\\Bin\\Bobs\\CR_Hum_Head_76.bmd"", ""Data\\Engine2D\\Bin\\Bobs\\CR_Hum_Head_75.bmd"", ""Data\\Engine2D\\Bin\\Bobs\\CR_Hum_Head_76.bmd""], ""palettes"": [""test_human_00""], ""headPalettes"": [""test_human_00""], ""random"": [""Egy_Man_Base""]}, {""phase"": ""jobChange"", ""section"": 50, ""inheritedFrom"": 6, ""body"": [""Data\\Engine2D\\Bin\\Bobs\\CR_Hum_Body_75.bmd""], ""heads"": [""Data\\Engine2D\\Bin\\Bobs\\CR_Hum_Head_75.bmd"", ""Data\\Engine2D\\Bin\\Bobs\\CR_Hum_Head_76.bmd"", ""Data\\Engine2D\\Bin\\Bobs\\CR_Hum_Head_75.bmd"", ""Data\\Engine2D\\Bin\\Bobs\\CR_Hum_Head_76.bmd""], ""palettes"": [], ""headPalettes"": [], ""random"": []}]",36,"{""RENDERED"": 70, ""NO_DIRECT_FRAMES"": 2}",10,PIXEL_CONFIRMED,PRESENTATION_APPROXIMATION,Other Tribes/Egypt/Humans/Professions/job_15_hunter/metadata.json,Other Tribes/Egypt/Humans/Professions/job_15_hunter/index.html,Other Tribes/Egypt/Humans/index.html
7,Egypt,16,16,breeder,Stock Farmer,adult (see job/parent chain),True,"[16, 6]","[{""phase"": ""initial"", ""section"": 44, ""inheritedFrom"": 6, ""body"": [""Data\\Engine2D\\Bin\\Bobs\\CR_Hum_Body_75.bmd""], ""heads"": [""Data\\Engine2D\\Bin\\Bobs\\CR_Hum_Head_75.bmd"", ""Data\\Engine2D\\Bin\\Bobs\\CR_Hum_Head_76.bmd"", ""Data\\Engine2D\\Bin\\Bobs\\CR_Hum_Head_75.bmd"", ""Data\\Engine2D\\Bin\\Bobs\\CR_Hum_Head_76.bmd""], ""palettes"": [""test_human_00""], ""headPalettes"": [""test_human_00""], ""random"": [""Egy_Man_Base""]}, {""phase"": ""jobChange"", ""section"": 50, ""inheritedFrom"": 6, ""body"": [""Data\\Engine2D\\Bin\\Bobs\\CR_Hum_Body_75.bmd""], ""heads"": [""Data\\Engine2D\\Bin\\Bobs\\CR_Hum_Head_75.bmd"", ""Data\\Engine2D\\Bin\\Bobs\\CR_Hum_Head_76.bmd"", ""Data\\Engine2D\\Bin\\Bobs\\CR_Hum_Head_75.bmd"", ""Data\\Engine2D\\Bin\\Bobs\\CR_Hum_Head_76.bmd""], ""palettes"": [], ""headPalettes"": [], ""random"": []}]",35,"{""RENDERED"": 68, ""NO_DIRECT_FRAMES"": 2}",15,PIXEL_CONFIRMED,PRESENTATION_APPROXIMATION,Other Tribes/Egypt/Humans/Professions/job_16_breeder/metadata.json,Other Tribes/Egypt/Humans/Professions/job_16_breeder/index.html,Other Tribes/Egypt/Humans/index.html
7,Egypt,17,17,sewer,Tailor,adult (see job/parent chain),True,"[17, 6]","[{""phase"": ""initial"", ""section"": 44, ""inheritedFrom"": 6, ""body"": [""Data\\Engine2D\\Bin\\Bobs\\CR_Hum_Body_75.bmd""], ""heads"": [""Data\\Engine2D\\Bin\\Bobs\\CR_Hum_Head_75.bmd"", ""Data\\Engine2D\\Bin\\Bobs\\CR_Hum_Head_76.bmd"", ""Data\\Engine2D\\Bin\\Bobs\\CR_Hum_Head_75.bmd"", ""Data\\Engine2D\\Bin\\Bobs\\CR_Hum_Head_76.bmd""], ""palettes"": [""test_human_00""], ""headPalettes"": [""test_human_00""], ""random"": [""Egy_Man_Base""]}, {""phase"": ""jobChange"", ""section"": 50, ""inheritedFrom"": 6, ""body"": [""Data\\Engine2D\\Bin\\Bobs\\CR_Hum_Body_75.bmd""], ""heads"": [""Data\\Engine2D\\Bin\\Bobs\\CR_Hum_Head_75.bmd"", ""Data\\Engine2D\\Bin\\Bobs\\CR_Hum_Head_76.bmd"", ""Data\\Engine2D\\Bin\\Bobs\\CR_Hum_Head_75.bmd"", ""Data\\Engine2D\\Bin\\Bobs\\CR_Hum_Head_76.bmd""], ""palettes"": [], ""headPalettes"": [], ""random"": []}]",35,"{""RENDERED"": 68, ""NO_DIRECT_FRAMES"": 2}",13,PIXEL_CONFIRMED,PRESENTATION_APPROXIMATION,Other Tribes/Egypt/Humans/Professions/job_17_sewer/metadata.json,Other Tribes/Egypt/Humans/Professions/job_17_sewer/index.html,Other Tribes/Egypt/Humans/index.html
7,Egypt,18,18,farmer,Farmer,adult (see job/parent chain),True,"[18, 6]","[{""phase"": ""initial"", ""section"": 44, ""inheritedFrom"": 6, ""body"": [""Data\\Engine2D\\Bin\\Bobs\\CR_Hum_Body_75.bmd""], ""heads"": [""Data\\Engine2D\\Bin\\Bobs\\CR_Hum_Head_75.bmd"", ""Data\\Engine2D\\Bin\\Bobs\\CR_Hum_Head_76.bmd"", ""Data\\Engine2D\\Bin\\Bobs\\CR_Hum_Head_75.bmd"", ""Data\\Engine2D\\Bin\\Bobs\\CR_Hum_Head_76.bmd""], ""palettes"": [""test_human_00""], ""headPalettes"": [""test_human_00""], ""random"": [""Egy_Man_Base""]}, {""phase"": ""jobChange"", ""section"": 50, ""inheritedFrom"": 6, ""body"": [""Data\\Engine2D\\Bin\\Bobs\\CR_Hum_Body_75.bmd""], ""heads"": [""Data\\Engine2D\\Bin\\Bobs\\CR_Hum_Head_75.bmd"", ""Data\\Engine2D\\Bin\\Bobs\\CR_Hum_Head_76.bmd"", ""Data\\Engine2D\\Bin\\Bobs\\CR_Hum_Head_75.bmd"", ""Data\\Engine2D\\Bin\\Bobs\\CR_Hum_Head_76.bmd""], ""palettes"": [], ""headPalettes"": [], ""random"": []}]",38,"{""RENDERED"": 74, ""NO_DIRECT_FRAMES"": 2}",10,PIXEL_CONFIRMED,PRESENTATION_APPROXIMATION,Other Tribes/Egypt/Humans/Professions/job_18_farmer/metadata.json,Other Tribes/Egypt/Humans/Professions/job_18_farmer/index.html,Other Tribes/Egypt/Humans/index.html
7,Egypt,19,19,miller,Miller,adult (see job/parent chain),True,"[19, 6]","[{""phase"": ""initial"", ""section"": 44, ""inheritedFrom"": 6, ""body"": [""Data\\Engine2D\\Bin\\Bobs\\CR_Hum_Body_75.bmd""], ""heads"": [""Data\\Engine2D\\Bin\\Bobs\\CR_Hum_Head_75.bmd"", ""Data\\Engine2D\\Bin\\Bobs\\CR_Hum_Head_76.bmd"", ""Data\\Engine2D\\Bin\\Bobs\\CR_Hum_Head_75.bmd"", ""Data\\Engine2D\\Bin\\Bobs\\CR_Hum_Head_76.bmd""], ""palettes"": [""test_human_00""], ""headPalettes"": [""test_human_00""], ""random"": [""Egy_Man_Base""]}, {""phase"": ""jobChange"", ""section"": 50, ""inheritedFrom"": 6, ""body"": [""Data\\Engine2D\\Bin\\Bobs\\CR_Hum_Body_75.bmd""], ""heads"": [""Data\\Engine2D\\Bin\\Bobs\\CR_Hum_Head_75.bmd"", ""Data\\Engine2D\\Bin\\Bobs\\CR_Hum_Head_76.bmd"", ""Data\\Engine2D\\Bin\\Bobs\\CR_Hum_Head_75.bmd"", ""Data\\Engine2D\\Bin\\Bobs\\CR_Hum_Head_76.bmd""], ""palettes"": [], ""headPalettes"": [], ""random"": []}]",35,"{""RENDERED"": 68, ""NO_DIRECT_FRAMES"": 2}",11,PIXEL_CONFIRMED,PRESENTATION_APPROXIMATION,Other Tribes/Egypt/Humans/Professions/job_19_miller/metadata.json,Other Tribes/Egypt/Humans/Professions/job_19_miller/index.html,Other Tribes/Egypt/Humans/index.html
7,Egypt,20,20,baker,Baker,adult (see job/parent chain),True,"[20, 6]","[{""phase"": ""initial"", ""section"": 44, ""inheritedFrom"": 6, ""body"": [""Data\\Engine2D\\Bin\\Bobs\\CR_Hum_Body_75.bmd""], ""heads"": [""Data\\Engine2D\\Bin\\Bobs\\CR_Hum_Head_75.bmd"", ""Data\\Engine2D\\Bin\\Bobs\\CR_Hum_Head_76.bmd"", ""Data\\Engine2D\\Bin\\Bobs\\CR_Hum_Head_75.bmd"", ""Data\\Engine2D\\Bin\\Bobs\\CR_Hum_Head_76.bmd""], ""palettes"": [""test_human_00""], ""headPalettes"": [""test_human_00""], ""random"": [""Egy_Man_Base""]}, {""phase"": ""jobChange"", ""section"": 50, ""inheritedFrom"": 6, ""body"": [""Data\\Engine2D\\Bin\\Bobs\\CR_Hum_Body_75.bmd""], ""heads"": [""Data\\Engine2D\\Bin\\Bobs\\CR_Hum_Head_75.bmd"", ""Data\\Engine2D\\Bin\\Bobs\\CR_Hum_Head_76.bmd"", ""Data\\Engine2D\\Bin\\Bobs\\CR_Hum_Head_75.bmd"", ""Data\\Engine2D\\Bin\\Bobs\\CR_Hum_Head_76.bmd""], ""palettes"": [], ""headPalettes"": [], ""random"": []}]",35,"{""RENDERED"": 68, ""NO_DIRECT_FRAMES"": 2}",12,PIXEL_CONFIRMED,PRESENTATION_APPROXIMATION,Other Tribes/Egypt/Humans/Professions/job_20_baker/metadata.json,Other Tribes/Egypt/Humans/Professions/job_20_baker/index.html,Other Tribes/Egypt/Humans/index.html
7,Egypt,21,21,brewer,Brewer,adult (see job/parent chain),True,"[21, 6]","[{""phase"": ""initial"", ""section"": 44, ""inheritedFrom"": 6, ""body"": [""Data\\Engine2D\\Bin\\Bobs\\CR_Hum_Body_75.bmd""], ""heads"": [""Data\\Engine2D\\Bin\\Bobs\\CR_Hum_Head_75.bmd"", ""Data\\Engine2D\\Bin\\Bobs\\CR_Hum_Head_76.bmd"", ""Data\\Engine2D\\Bin\\Bobs\\CR_Hum_Head_75.bmd"", ""Data\\Engine2D\\Bin\\Bobs\\CR_Hum_Head_76.bmd""], ""palettes"": [""test_human_00""], ""headPalettes"": [""test_human_00""], ""random"": [""Egy_Man_Base""]}, {""phase"": ""jobChange"", ""section"": 50, ""inheritedFrom"": 6, ""body"": [""Data\\Engine2D\\Bin\\Bobs\\CR_Hum_Body_75.bmd""], ""heads"": [""Data\\Engine2D\\Bin\\Bobs\\CR_Hum_Head_75.bmd"", ""Data\\Engine2D\\Bin\\Bobs\\CR_Hum_Head_76.bmd"", ""Data\\Engine2D\\Bin\\Bobs\\CR_Hum_Head_75.bmd"", ""Data\\Engine2D\\Bin\\Bobs\\CR_Hum_Head_76.bmd""], ""palettes"": [], ""headPalettes"": [], ""random"": []}]",35,"{""RENDERED"": 68, ""NO_DIRECT_FRAMES"": 2}",11,PIXEL_CONFIRMED,PRESENTATION_APPROXIMATION,Other Tribes/Egypt/Humans/Professions/job_21_brewer/metadata.json,Other Tribes/Egypt/Humans/Professions/job_21_brewer/index.html,Other Tribes/Egypt/Humans/index.html
7,Egypt,22,22,fisher,Fisherman,adult (see job/parent chain),True,"[22, 6]","[{""phase"": ""initial"", ""section"": 44, ""inheritedFrom"": 6, ""body"": [""Data\\Engine2D\\Bin\\Bobs\\CR_Hum_Body_75.bmd""], ""heads"": [""Data\\Engine2D\\Bin\\Bobs\\CR_Hum_Head_75.bmd"", ""Data\\Engine2D\\Bin\\Bobs\\CR_Hum_Head_76.bmd"", ""Data\\Engine2D\\Bin\\Bobs\\CR_Hum_Head_75.bmd"", ""Data\\Engine2D\\Bin\\Bobs\\CR_Hum_Head_76.bmd""], ""palettes"": [""test_human_00""], ""headPalettes"": [""test_human_00""], ""random"": [""Egy_Man_Base""]}, {""phase"": ""jobChange"", ""section"": 50, ""inheritedFrom"": 6, ""body"": [""Data\\Engine2D\\Bin\\Bobs\\CR_Hum_Body_75.bmd""], ""heads"": [""Data\\Engine2D\\Bin\\Bobs\\CR_Hum_Head_75.bmd"", ""Data\\Engine2D\\Bin\\Bobs\\CR_Hum_Head_76.bmd"", ""Data\\Engine2D\\Bin\\Bobs\\CR_Hum_Head_75.bmd"", ""Data\\Engine2D\\Bin\\Bobs\\CR_Hum_Head_76.bmd""], ""palettes"": [], ""headPalettes"": [], ""random"": []}]",38,"{""RENDERED"": 74, ""NO_DIRECT_FRAMES"": 2}",10,PIXEL_CONFIRMED,PRESENTATION_APPROXIMATION,Other Tribes/Egypt/Humans/Professions/job_22_fisher/metadata.json,Other Tribes/Egypt/Humans/Professions/job_22_fisher/index.html,Other Tribes/Egypt/Humans/index.html
7,Egypt,23,23,fisher_sea,Sea Fisher,adult (see job/parent chain),False,"[23, 6]","[{""phase"": ""initial"", ""section"": 44, ""inheritedFrom"": 6, ""body"": [""Data\\Engine2D\\Bin\\Bobs\\CR_Hum_Body_75.bmd""], ""heads"": [""Data\\Engine2D\\Bin\\Bobs\\CR_Hum_Head_75.bmd"", ""Data\\Engine2D\\Bin\\Bobs\\CR_Hum_Head_76.bmd"", ""Data\\Engine2D\\Bin\\Bobs\\CR_Hum_Head_75.bmd"", ""Data\\Engine2D\\Bin\\Bobs\\CR_Hum_Head_76.bmd""], ""palettes"": [""test_human_00""], ""headPalettes"": [""test_human_00""], ""random"": [""Egy_Man_Base""]}, {""phase"": ""jobChange"", ""section"": 50, ""inheritedFrom"": 6, ""body"": [""Data\\Engine2D\\Bin\\Bobs\\CR_Hum_Body_75.bmd""], ""heads"": [""Data\\Engine2D\\Bin\\Bobs\\CR_Hum_Head_75.bmd"", ""Data\\Engine2D\\Bin\\Bobs\\CR_Hum_Head_76.bmd"", ""Data\\Engine2D\\Bin\\Bobs\\CR_Hum_Head_75.bmd"", ""Data\\Engine2D\\Bin\\Bobs\\CR_Hum_Head_76.bmd""], ""palettes"": [], ""headPalettes"": [], ""random"": []}]",35,"{""RENDERED"": 68, ""NO_DIRECT_FRAMES"": 2}",10,PIXEL_CONFIRMED,PRESENTATION_APPROXIMATION,Other Tribes/Egypt/Humans/Professions/job_23_fisher_sea/metadata.json,Other Tribes/Egypt/Humans/Professions/job_23_fisher_sea/index.html,Other Tribes/Egypt/Humans/index.html
7,Egypt,24,24,carrier,Carrier,adult (see job/parent chain),True,"[24, 6]","[{""phase"": ""initial"", ""section"": 44, ""inheritedFrom"": 6, ""body"": [""Data\\Engine2D\\Bin\\Bobs\\CR_Hum_Body_75.bmd""], ""heads"": [""Data\\Engine2D\\Bin\\Bobs\\CR_Hum_Head_75.bmd"", ""Data\\Engine2D\\Bin\\Bobs\\CR_Hum_Head_76.bmd"", ""Data\\Engine2D\\Bin\\Bobs\\CR_Hum_Head_75.bmd"", ""Data\\Engine2D\\Bin\\Bobs\\CR_Hum_Head_76.bmd""], ""palettes"": [""test_human_00""], ""headPalettes"": [""test_human_00""], ""random"": [""Egy_Man_Base""]}, {""phase"": ""jobChange"", ""section"": 50, ""inheritedFrom"": 6, ""body"": [""Data\\Engine2D\\Bin\\Bobs\\CR_Hum_Body_75.bmd""], ""heads"": [""Data\\Engine2D\\Bin\\Bobs\\CR_Hum_Head_75.bmd"", ""Data\\Engine2D\\Bin\\Bobs\\CR_Hum_Head_76.bmd"", ""Data\\Engine2D\\Bin\\Bobs\\CR_Hum_Head_75.bmd"", ""Data\\Engine2D\\Bin\\Bobs\\CR_Hum_Head_76.bmd""], ""palettes"": [], ""headPalettes"": [], ""random"": []}]",35,"{""RENDERED"": 68, ""NO_DIRECT_FRAMES"": 2}",10,PIXEL_CONFIRMED,PRESENTATION_APPROXIMATION,Other Tribes/Egypt/Humans/Professions/job_24_carrier/metadata.json,Other Tribes/Egypt/Humans/Professions/job_24_carrier/index.html,Other Tribes/Egypt/Humans/index.html
7,Egypt,25,25,trader,Merchant,adult (see job/parent chain),True,"[25, 6]","[{""phase"": ""initial"", ""section"": 44, ""inheritedFrom"": 6, ""body"": [""Data\\Engine2D\\Bin\\Bobs\\CR_Hum_Body_75.bmd""], ""heads"": [""Data\\Engine2D\\Bin\\Bobs\\CR_Hum_Head_75.bmd"", ""Data\\Engine2D\\Bin\\Bobs\\CR_Hum_Head_76.bmd"", ""Data\\Engine2D\\Bin\\Bobs\\CR_Hum_Head_75.bmd"", ""Data\\Engine2D\\Bin\\Bobs\\CR_Hum_Head_76.bmd""], ""palettes"": [""test_human_00""], ""headPalettes"": [""test_human_00""], ""random"": [""Egy_Man_Base""]}, {""phase"": ""jobChange"", ""section"": 50, ""inheritedFrom"": 6, ""body"": [""Data\\Engine2D\\Bin\\Bobs\\CR_Hum_Body_75.bmd""], ""heads"": [""Data\\Engine2D\\Bin\\Bobs\\CR_Hum_Head_75.bmd"", ""Data\\Engine2D\\Bin\\Bobs\\CR_Hum_Head_76.bmd"", ""Data\\Engine2D\\Bin\\Bobs\\CR_Hum_Head_75.bmd"", ""Data\\Engine2D\\Bin\\Bobs\\CR_Hum_Head_76.bmd""], ""palettes"": [], ""headPalettes"": [], ""random"": []}]",35,"{""RENDERED"": 68, ""NO_DIRECT_FRAMES"": 2}",10,PIXEL_CONFIRMED,PRESENTATION_APPROXIMATION,Other Tribes/Egypt/Humans/Professions/job_25_trader/metadata.json,Other Tribes/Egypt/Humans/Professions/job_25_trader/index.html,Other Tribes/Egypt/Humans/index.html
7,Egypt,26,26,trader_sea,Sea Merchant,adult (see job/parent chain),False,"[26, 6]","[{""phase"": ""initial"", ""section"": 44, ""inheritedFrom"": 6, ""body"": [""Data\\Engine2D\\Bin\\Bobs\\CR_Hum_Body_75.bmd""], ""heads"": [""Data\\Engine2D\\Bin\\Bobs\\CR_Hum_Head_75.bmd"", ""Data\\Engine2D\\Bin\\Bobs\\CR_Hum_Head_76.bmd"", ""Data\\Engine2D\\Bin\\Bobs\\CR_Hum_Head_75.bmd"", ""Data\\Engine2D\\Bin\\Bobs\\CR_Hum_Head_76.bmd""], ""palettes"": [""test_human_00""], ""headPalettes"": [""test_human_00""], ""random"": [""Egy_Man_Base""]}, {""phase"": ""jobChange"", ""section"": 50, ""inheritedFrom"": 6, ""body"": [""Data\\Engine2D\\Bin\\Bobs\\CR_Hum_Body_75.bmd""], ""heads"": [""Data\\Engine2D\\Bin\\Bobs\\CR_Hum_Head_75.bmd"", ""Data\\Engine2D\\Bin\\Bobs\\CR_Hum_Head_76.bmd"", ""Data\\Engine2D\\Bin\\Bobs\\CR_Hum_Head_75.bmd"", ""Data\\Engine2D\\Bin\\Bobs\\CR_Hum_Head_76.bmd""], ""palettes"": [], ""headPalettes"": [], ""random"": []}]",35,"{""RENDERED"": 68, ""NO_DIRECT_FRAMES"": 2}",10,PIXEL_CONFIRMED,PRESENTATION_APPROXIMATION,Other Tribes/Egypt/Humans/Professions/job_26_trader_sea/metadata.json,Other Tribes/Egypt/Humans/Professions/job_26_trader_sea/index.html,Other Tribes/Egypt/Humans/index.html
7,Egypt,27,27,scout,Scout,adult (see job/parent chain),True,"[27, 6]","[{""phase"": ""initial"", ""section"": 44, ""inheritedFrom"": 6, ""body"": [""Data\\Engine2D\\Bin\\Bobs\\CR_Hum_Body_75.bmd""], ""heads"": [""Data\\Engine2D\\Bin\\Bobs\\CR_Hum_Head_75.bmd"", ""Data\\Engine2D\\Bin\\Bobs\\CR_Hum_Head_76.bmd"", ""Data\\Engine2D\\Bin\\Bobs\\CR_Hum_Head_75.bmd"", ""Data\\Engine2D\\Bin\\Bobs\\CR_Hum_Head_76.bmd""], ""palettes"": [""test_human_00""], ""headPalettes"": [""test_human_00""], ""random"": [""Egy_Man_Base""]}, {""phase"": ""jobChange"", ""section"": 50, ""inheritedFrom"": 6, ""body"": [""Data\\Engine2D\\Bin\\Bobs\\CR_Hum_Body_75.bmd""], ""heads"": [""Data\\Engine2D\\Bin\\Bobs\\CR_Hum_Head_75.bmd"", ""Data\\Engine2D\\Bin\\Bobs\\CR_Hum_Head_76.bmd"", ""Data\\Engine2D\\Bin\\Bobs\\CR_Hum_Head_75.bmd"", ""Data\\Engine2D\\Bin\\Bobs\\CR_Hum_Head_76.bmd""], ""palettes"": [], ""headPalettes"": [], ""random"": []}]",36,"{""RENDERED"": 70, ""NO_DIRECT_FRAMES"": 2}",10,PIXEL_CONFIRMED,PRESENTATION_APPROXIMATION,Other Tribes/Egypt/Humans/Professions/job_27_scout/metadata.json,Other Tribes/Egypt/Humans/Professions/job_27_scout/index.html,Other Tribes/Egypt/Humans/index.html
7,Egypt,28,28,jester,Jester,adult (see job/parent chain),False,"[28, 6]","[{""phase"": ""initial"", ""section"": 44, ""inheritedFrom"": 6, ""body"": [""Data\\Engine2D\\Bin\\Bobs\\CR_Hum_Body_75.bmd""], ""heads"": [""Data\\Engine2D\\Bin\\Bobs\\CR_Hum_Head_75.bmd"", ""Data\\Engine2D\\Bin\\Bobs\\CR_Hum_Head_76.bmd"", ""Data\\Engine2D\\Bin\\Bobs\\CR_Hum_Head_75.bmd"", ""Data\\Engine2D\\Bin\\Bobs\\CR_Hum_Head_76.bmd""], ""palettes"": [""test_human_00""], ""headPalettes"": [""test_human_00""], ""random"": [""Egy_Man_Base""]}, {""phase"": ""jobChange"", ""section"": 50, ""inheritedFrom"": 6, ""body"": [""Data\\Engine2D\\Bin\\Bobs\\CR_Hum_Body_75.bmd""], ""heads"": [""Data\\Engine2D\\Bin\\Bobs\\CR_Hum_Head_75.bmd"", ""Data\\Engine2D\\Bin\\Bobs\\CR_Hum_Head_76.bmd"", ""Data\\Engine2D\\Bin\\Bobs\\CR_Hum_Head_75.bmd"", ""Data\\Engine2D\\Bin\\Bobs\\CR_Hum_Head_76.bmd""], ""palettes"": [], ""headPalettes"": [], ""random"": []}]",35,"{""RENDERED"": 68, ""NO_DIRECT_FRAMES"": 2}",11,PIXEL_CONFIRMED,PRESENTATION_APPROXIMATION,Other Tribes/Egypt/Humans/Professions/job_28_jester/metadata.json,Other Tribes/Egypt/Humans/Professions/job_28_jester/index.html,Other Tribes/Egypt/Humans/index.html
7,Egypt,29,29,herb & mush guy,Herb Gatherer,adult (see job/parent chain),True,"[29, 6]","[{""phase"": ""initial"", ""section"": 44, ""inheritedFrom"": 6, ""body"": [""Data\\Engine2D\\Bin\\Bobs\\CR_Hum_Body_75.bmd""], ""heads"": [""Data\\Engine2D\\Bin\\Bobs\\CR_Hum_Head_75.bmd"", ""Data\\Engine2D\\Bin\\Bobs\\CR_Hum_Head_76.bmd"", ""Data\\Engine2D\\Bin\\Bobs\\CR_Hum_Head_75.bmd"", ""Data\\Engine2D\\Bin\\Bobs\\CR_Hum_Head_76.bmd""], ""palettes"": [""test_human_00""], ""headPalettes"": [""test_human_00""], ""random"": [""Egy_Man_Base""]}, {""phase"": ""jobChange"", ""section"": 50, ""inheritedFrom"": 6, ""body"": [""Data\\Engine2D\\Bin\\Bobs\\CR_Hum_Body_75.bmd""], ""heads"": [""Data\\Engine2D\\Bin\\Bobs\\CR_Hum_Head_75.bmd"", ""Data\\Engine2D\\Bin\\Bobs\\CR_Hum_Head_76.bmd"", ""Data\\Engine2D\\Bin\\Bobs\\CR_Hum_Head_75.bmd"", ""Data\\Engine2D\\Bin\\Bobs\\CR_Hum_Head_76.bmd""], ""palettes"": [], ""headPalettes"": [], ""random"": []}]",35,"{""RENDERED"": 68, ""NO_DIRECT_FRAMES"": 2}",13,PIXEL_CONFIRMED,PRESENTATION_APPROXIMATION,Other Tribes/Egypt/Humans/Professions/job_29_herb_mush_guy/metadata.json,Other Tribes/Egypt/Humans/Professions/job_29_herb_mush_guy/index.html,Other Tribes/Egypt/Humans/index.html
7,Egypt,30,30,druid,Druid,adult (see job/parent chain),True,"[30, 6]","[{""phase"": ""initial"", ""section"": 44, ""inheritedFrom"": 6, ""body"": [""Data\\Engine2D\\Bin\\Bobs\\CR_Hum_Body_75.bmd""], ""heads"": [""Data\\Engine2D\\Bin\\Bobs\\CR_Hum_Head_75.bmd"", ""Data\\Engine2D\\Bin\\Bobs\\CR_Hum_Head_76.bmd"", ""Data\\Engine2D\\Bin\\Bobs\\CR_Hum_Head_75.bmd"", ""Data\\Engine2D\\Bin\\Bobs\\CR_Hum_Head_76.bmd""], ""palettes"": [""test_human_00""], ""headPalettes"": [""test_human_00""], ""random"": [""Egy_Man_Base""]}, {""phase"": ""jobChange"", ""section"": 50, ""inheritedFrom"": 6, ""body"": [""Data\\Engine2D\\Bin\\Bobs\\CR_Hum_Body_75.bmd""], ""heads"": [""Data\\Engine2D\\Bin\\Bobs\\CR_Hum_Head_75.bmd"", ""Data\\Engine2D\\Bin\\Bobs\\CR_Hum_Head_76.bmd"", ""Data\\Engine2D\\Bin\\Bobs\\CR_Hum_Head_75.bmd"", ""Data\\Engine2D\\Bin\\Bobs\\CR_Hum_Head_76.bmd""], ""palettes"": [], ""headPalettes"": [], ""random"": []}]",35,"{""RENDERED"": 68, ""NO_DIRECT_FRAMES"": 2}",19,PIXEL_CONFIRMED,PRESENTATION_APPROXIMATION,Other Tribes/Egypt/Humans/Professions/job_30_druid/metadata.json,Other Tribes/Egypt/Humans/Professions/job_30_druid/index.html,Other Tribes/Egypt/Humans/index.html
7,Egypt,31,31,soldier_unarmed,Soldier,adult (see job/parent chain),True,"[31, 6]","[{""phase"": ""initial"", ""section"": 49, ""inheritedFrom"": null, ""body"": [""Data\\Engine2D\\Bin\\Bobs\\CR_Hum_Body_78.bmd""], ""heads"": [], ""palettes"": [""egypt_soldier""], ""headPalettes"": [], ""random"": [""Egy_soldier_Base""]}, {""phase"": ""jobChange"", ""section"": 55, ""inheritedFrom"": null, ""body"": [""Data\\Engine2D\\Bin\\Bobs\\CR_Hum_Body_78.bmd""], ""heads"": [""Data\\Engine2D\\Bin\\Bobs\\CR_Hum_Head_78.bmd"", ""Data\\Engine2D\\Bin\\Bobs\\CR_Hum_Head_78.bmd"", ""Data\\Engine2D\\Bin\\Bobs\\CR_Hum_Head_78.bmd"", ""Data\\Engine2D\\Bin\\Bobs\\CR_Hum_Head_78.bmd""], ""palettes"": [], ""headPalettes"": [], ""random"": []}]",35,"{""RENDERED"": 44, ""NO_DIRECT_FRAMES"": 2, ""VARIANT_INCOMPATIBLE"": 22, ""RENDERED_PARTIAL_MISSING_BOBS"": 2}",11,PARTIAL,PRESENTATION_APPROXIMATION,Other Tribes/Egypt/Humans/Soldiers/job_31_soldier_unarmed/metadata.json,Other Tribes/Egypt/Humans/Soldiers/job_31_soldier_unarmed/index.html,Other Tribes/Egypt/Humans/index.html
7,Egypt,32,32,soldier_spear_wooden,Wooden Spearman,adult (see job/parent chain),True,"[32, 31, 6]","[{""phase"": ""initial"", ""section"": 49, ""inheritedFrom"": 31, ""body"": [""Data\\Engine2D\\Bin\\Bobs\\CR_Hum_Body_78.bmd""], ""heads"": [], ""palettes"": [""egypt_soldier""], ""headPalettes"": [], ""random"": [""Egy_soldier_Base""]}, {""phase"": ""jobChange"", ""section"": 55, ""inheritedFrom"": 31, ""body"": [""Data\\Engine2D\\Bin\\Bobs\\CR_Hum_Body_78.bmd""], ""heads"": [""Data\\Engine2D\\Bin\\Bobs\\CR_Hum_Head_78.bmd"", ""Data\\Engine2D\\Bin\\Bobs\\CR_Hum_Head_78.bmd"", ""Data\\Engine2D\\Bin\\Bobs\\CR_Hum_Head_78.bmd"", ""Data\\Engine2D\\Bin\\Bobs\\CR_Hum_Head_78.bmd""], ""palettes"": [], ""headPalettes"": [], ""random"": []}]",35,"{""RENDERED"": 44, ""NO_DIRECT_FRAMES"": 2, ""VARIANT_INCOMPATIBLE"": 22, ""RENDERED_PARTIAL_MISSING_BOBS"": 2}",11,PARTIAL,PRESENTATION_APPROXIMATION,Other Tribes/Egypt/Humans/Soldiers/job_32_soldier_spear_wooden/metadata.json,Other Tribes/Egypt/Humans/Soldiers/job_32_soldier_spear_wooden/index.html,Other Tribes/Egypt/Humans/index.html
7,Egypt,33,33,soldier_spear_iron,Iron Spearman,adult (see job/parent chain),True,"[33, 31, 6]","[{""phase"": ""initial"", ""section"": 47, ""inheritedFrom"": null, ""body"": [""Data\\Engine2D\\Bin\\Bobs\\CR_Hum_Body_78.bmd""], ""heads"": [], ""palettes"": [""egypt_soldier""], ""headPalettes"": [], ""random"": [""Egy_soldier_Base""]}, {""phase"": ""jobChange"", ""section"": 53, ""inheritedFrom"": null, ""body"": [""Data\\Engine2D\\Bin\\Bobs\\CR_Hum_Body_78.bmd""], ""heads"": [""Data\\Engine2D\\Bin\\Bobs\\CR_Hum_Head_78.bmd"", ""Data\\Engine2D\\Bin\\Bobs\\CR_Hum_Head_78.bmd"", ""Data\\Engine2D\\Bin\\Bobs\\CR_Hum_Head_78.bmd"", ""Data\\Engine2D\\Bin\\Bobs\\CR_Hum_Head_78.bmd""], ""palettes"": [], ""headPalettes"": [], ""random"": []}]",35,"{""RENDERED"": 44, ""NO_DIRECT_FRAMES"": 2, ""VARIANT_INCOMPATIBLE"": 22, ""RENDERED_PARTIAL_MISSING_BOBS"": 2}",11,PARTIAL,PRESENTATION_APPROXIMATION,Other Tribes/Egypt/Humans/Soldiers/job_33_soldier_spear_iron/metadata.json,Other Tribes/Egypt/Humans/Soldiers/job_33_soldier_spear_iron/index.html,Other Tribes/Egypt/Humans/index.html
7,Egypt,34,34,soldier_sword_short,Shortsword Fighter,adult (see job/parent chain),True,"[34, 31, 6]","[{""phase"": ""initial"", ""section"": 46, ""inheritedFrom"": null, ""body"": [""Data\\Engine2D\\Bin\\Bobs\\CR_Hum_Body_79.bmd""], ""heads"": [], ""palettes"": [""egypt_soldier""], ""headPalettes"": [], ""random"": []}, {""phase"": ""jobChange"", ""section"": 52, ""inheritedFrom"": null, ""body"": [""Data\\Engine2D\\Bin\\Bobs\\CR_Hum_Body_79.bmd""], ""heads"": [""Data\\Engine2D\\Bin\\Bobs\\CR_Hum_Head_78.bmd"", ""Data\\Engine2D\\Bin\\Bobs\\CR_Hum_Head_78.bmd"", ""Data\\Engine2D\\Bin\\Bobs\\CR_Hum_Head_78.bmd"", ""Data\\Engine2D\\Bin\\Bobs\\CR_Hum_Head_78.bmd""], ""palettes"": [], ""headPalettes"": [], ""random"": []}]",35,"{""RENDERED"": 54, ""NO_DIRECT_FRAMES"": 2, ""VARIANT_INCOMPATIBLE"": 10, ""RENDERED_PARTIAL_MISSING_BOBS"": 4}",11,PARTIAL,PRESENTATION_APPROXIMATION,Other Tribes/Egypt/Humans/Soldiers/job_34_soldier_sword_short/metadata.json,Other Tribes/Egypt/Humans/Soldiers/job_34_soldier_sword_short/index.html,Other Tribes/Egypt/Humans/index.html
7,Egypt,35,35,soldier_sword_long,Longsword Fighter,adult (see job/parent chain),False,"[35, 31, 6]","[{""phase"": ""initial"", ""section"": 49, ""inheritedFrom"": 31, ""body"": [""Data\\Engine2D\\Bin\\Bobs\\CR_Hum_Body_78.bmd""], ""heads"": [], ""palettes"": [""egypt_soldier""], ""headPalettes"": [], ""random"": [""Egy_soldier_Base""]}, {""phase"": ""jobChange"", ""section"": 55, ""inheritedFrom"": 31, ""body"": [""Data\\Engine2D\\Bin\\Bobs\\CR_Hum_Body_78.bmd""], ""heads"": [""Data\\Engine2D\\Bin\\Bobs\\CR_Hum_Head_78.bmd"", ""Data\\Engine2D\\Bin\\Bobs\\CR_Hum_Head_78.bmd"", ""Data\\Engine2D\\Bin\\Bobs\\CR_Hum_Head_78.bmd"", ""Data\\Engine2D\\Bin\\Bobs\\CR_Hum_Head_78.bmd""], ""palettes"": [], ""headPalettes"": [], ""random"": []}]",35,"{""RENDERED"": 44, ""NO_DIRECT_FRAMES"": 2, ""VARIANT_INCOMPATIBLE"": 22, ""RENDERED_PARTIAL_MISSING_BOBS"": 2}",11,PARTIAL,PRESENTATION_APPROXIMATION,Other Tribes/Egypt/Humans/Soldiers/job_35_soldier_sword_long/metadata.json,Other Tribes/Egypt/Humans/Soldiers/job_35_soldier_sword_long/index.html,Other Tribes/Egypt/Humans/index.html
7,Egypt,36,36,soldier_saber_short,Shortsabre Fighter,adult (see job/parent chain),False,"[36, 31, 6]","[{""phase"": ""initial"", ""section"": 49, ""inheritedFrom"": 31, ""body"": [""Data\\Engine2D\\Bin\\Bobs\\CR_Hum_Body_78.bmd""], ""heads"": [], ""palettes"": [""egypt_soldier""], ""headPalettes"": [], ""random"": [""Egy_soldier_Base""]}, {""phase"": ""jobChange"", ""section"": 55, ""inheritedFrom"": 31, ""body"": [""Data\\Engine2D\\Bin\\Bobs\\CR_Hum_Body_78.bmd""], ""heads"": [""Data\\Engine2D\\Bin\\Bobs\\CR_Hum_Head_78.bmd"", ""Data\\Engine2D\\Bin\\Bobs\\CR_Hum_Head_78.bmd"", ""Data\\Engine2D\\Bin\\Bobs\\CR_Hum_Head_78.bmd"", ""Data\\Engine2D\\Bin\\Bobs\\CR_Hum_Head_78.bmd""], ""palettes"": [], ""headPalettes"": [], ""random"": []}]",35,"{""RENDERED"": 44, ""NO_DIRECT_FRAMES"": 2, ""VARIANT_INCOMPATIBLE"": 22, ""RENDERED_PARTIAL_MISSING_BOBS"": 2}",11,PARTIAL,PRESENTATION_APPROXIMATION,Other Tribes/Egypt/Humans/Soldiers/job_36_soldier_saber_short/metadata.json,Other Tribes/Egypt/Humans/Soldiers/job_36_soldier_saber_short/index.html,Other Tribes/Egypt/Humans/index.html
7,Egypt,37,37,soldier_saber_long,Longsabre Fighter,adult (see job/parent chain),False,"[37, 31, 6]","[{""phase"": ""initial"", ""section"": 49, ""inheritedFrom"": 31, ""body"": [""Data\\Engine2D\\Bin\\Bobs\\CR_Hum_Body_78.bmd""], ""heads"": [], ""palettes"": [""egypt_soldier""], ""headPalettes"": [], ""random"": [""Egy_soldier_Base""]}, {""phase"": ""jobChange"", ""section"": 55, ""inheritedFrom"": 31, ""body"": [""Data\\Engine2D\\Bin\\Bobs\\CR_Hum_Body_78.bmd""], ""heads"": [""Data\\Engine2D\\Bin\\Bobs\\CR_Hum_Head_78.bmd"", ""Data\\Engine2D\\Bin\\Bobs\\CR_Hum_Head_78.bmd"", ""Data\\Engine2D\\Bin\\Bobs\\CR_Hum_Head_78.bmd"", ""Data\\Engine2D\\Bin\\Bobs\\CR_Hum_Head_78.bmd""], ""palettes"": [], ""headPalettes"": [], ""random"": []}]",35,"{""RENDERED"": 44, ""NO_DIRECT_FRAMES"": 2, ""VARIANT_INCOMPATIBLE"": 22, ""RENDERED_PARTIAL_MISSING_BOBS"": 2}",11,PARTIAL,PRESENTATION_APPROXIMATION,Other Tribes/Egypt/Humans/Soldiers/job_37_soldier_saber_long/metadata.json,Other Tribes/Egypt/Humans/Soldiers/job_37_soldier_saber_long/index.html,Other Tribes/Egypt/Humans/index.html
7,Egypt,38,38,soldier_axe_small,Small Axe Fighter,adult (see job/parent chain),False,"[38, 31, 6]","[{""phase"": ""initial"", ""section"": 49, ""inheritedFrom"": 31, ""body"": [""Data\\Engine2D\\Bin\\Bobs\\CR_Hum_Body_78.bmd""], ""heads"": [], ""palettes"": [""egypt_soldier""], ""headPalettes"": [], ""random"": [""Egy_soldier_Base""]}, {""phase"": ""jobChange"", ""section"": 55, ""inheritedFrom"": 31, ""body"": [""Data\\Engine2D\\Bin\\Bobs\\CR_Hum_Body_78.bmd""], ""heads"": [""Data\\Engine2D\\Bin\\Bobs\\CR_Hum_Head_78.bmd"", ""Data\\Engine2D\\Bin\\Bobs\\CR_Hum_Head_78.bmd"", ""Data\\Engine2D\\Bin\\Bobs\\CR_Hum_Head_78.bmd"", ""Data\\Engine2D\\Bin\\Bobs\\CR_Hum_Head_78.bmd""], ""palettes"": [], ""headPalettes"": [], ""random"": []}]",35,"{""RENDERED"": 44, ""NO_DIRECT_FRAMES"": 2, ""VARIANT_INCOMPATIBLE"": 22, ""RENDERED_PARTIAL_MISSING_BOBS"": 2}",11,PARTIAL,PRESENTATION_APPROXIMATION,Other Tribes/Egypt/Humans/Soldiers/job_38_soldier_axe_small/metadata.json,Other Tribes/Egypt/Humans/Soldiers/job_38_soldier_axe_small/index.html,Other Tribes/Egypt/Humans/index.html
7,Egypt,39,39,soldier_axe_big,Big Axe Fighter,adult (see job/parent chain),False,"[39, 31, 6]","[{""phase"": ""initial"", ""section"": 49, ""inheritedFrom"": 31, ""body"": [""Data\\Engine2D\\Bin\\Bobs\\CR_Hum_Body_78.bmd""], ""heads"": [], ""palettes"": [""egypt_soldier""], ""headPalettes"": [], ""random"": [""Egy_soldier_Base""]}, {""phase"": ""jobChange"", ""section"": 55, ""inheritedFrom"": 31, ""body"": [""Data\\Engine2D\\Bin\\Bobs\\CR_Hum_Body_78.bmd""], ""heads"": [""Data\\Engine2D\\Bin\\Bobs\\CR_Hum_Head_78.bmd"", ""Data\\Engine2D\\Bin\\Bobs\\CR_Hum_Head_78.bmd"", ""Data\\Engine2D\\Bin\\Bobs\\CR_Hum_Head_78.bmd"", ""Data\\Engine2D\\Bin\\Bobs\\CR_Hum_Head_78.bmd""], ""palettes"": [], ""headPalettes"": [], ""random"": []}]",35,"{""RENDERED"": 44, ""NO_DIRECT_FRAMES"": 2, ""VARIANT_INCOMPATIBLE"": 22, ""RENDERED_PARTIAL_MISSING_BOBS"": 2}",11,PARTIAL,PRESENTATION_APPROXIMATION,Other Tribes/Egypt/Humans/Soldiers/job_39_soldier_axe_big/metadata.json,Other Tribes/Egypt/Humans/Soldiers/job_39_soldier_axe_big/index.html,Other Tribes/Egypt/Humans/index.html
7,Egypt,40,40,soldier_bow_short,Short Bow Archer,adult (see job/parent chain),True,"[40, 31, 6]","[{""phase"": ""initial"", ""section"": 48, ""inheritedFrom"": null, ""body"": [""Data\\Engine2D\\Bin\\Bobs\\CR_Hum_Body_78.bmd""], ""heads"": [], ""palettes"": [""egypt_soldier""], ""headPalettes"": [], ""random"": [""Egy_soldier_Base""]}, {""phase"": ""jobChange"", ""section"": 54, ""inheritedFrom"": null, ""body"": [""Data\\Engine2D\\Bin\\Bobs\\CR_Hum_Body_78.bmd""], ""heads"": [""Data\\Engine2D\\Bin\\Bobs\\CR_Hum_Head_78.bmd"", ""Data\\Engine2D\\Bin\\Bobs\\CR_Hum_Head_78.bmd"", ""Data\\Engine2D\\Bin\\Bobs\\CR_Hum_Head_78.bmd"", ""Data\\Engine2D\\Bin\\Bobs\\CR_Hum_Head_78.bmd""], ""palettes"": [], ""headPalettes"": [], ""random"": []}]",35,"{""RENDERED"": 44, ""NO_DIRECT_FRAMES"": 2, ""VARIANT_INCOMPATIBLE"": 22, ""RENDERED_PARTIAL_MISSING_BOBS"": 2}",11,PARTIAL,PRESENTATION_APPROXIMATION,Other Tribes/Egypt/Humans/Soldiers/job_40_soldier_bow_short/metadata.json,Other Tribes/Egypt/Humans/Soldiers/job_40_soldier_bow_short/index.html,Other Tribes/Egypt/Humans/index.html
7,Egypt,41,41,soldier_bow_long,Longbow Archer,adult (see job/parent chain),False,"[41, 31, 6]","[{""phase"": ""initial"", ""section"": 49, ""inheritedFrom"": 31, ""body"": [""Data\\Engine2D\\Bin\\Bobs\\CR_Hum_Body_78.bmd""], ""heads"": [], ""palettes"": [""egypt_soldier""], ""headPalettes"": [], ""random"": [""Egy_soldier_Base""]}, {""phase"": ""jobChange"", ""section"": 55, ""inheritedFrom"": 31, ""body"": [""Data\\Engine2D\\Bin\\Bobs\\CR_Hum_Body_78.bmd""], ""heads"": [""Data\\Engine2D\\Bin\\Bobs\\CR_Hum_Head_78.bmd"", ""Data\\Engine2D\\Bin\\Bobs\\CR_Hum_Head_78.bmd"", ""Data\\Engine2D\\Bin\\Bobs\\CR_Hum_Head_78.bmd"", ""Data\\Engine2D\\Bin\\Bobs\\CR_Hum_Head_78.bmd""], ""palettes"": [], ""headPalettes"": [], ""random"": []}]",35,"{""RENDERED"": 44, ""NO_DIRECT_FRAMES"": 2, ""VARIANT_INCOMPATIBLE"": 22, ""RENDERED_PARTIAL_MISSING_BOBS"": 2}",11,PARTIAL,PRESENTATION_APPROXIMATION,Other Tribes/Egypt/Humans/Soldiers/job_41_soldier_bow_long/metadata.json,Other Tribes/Egypt/Humans/Soldiers/job_41_soldier_bow_long/index.html,Other Tribes/Egypt/Humans/index.html
7,Egypt,42,42,hero_unarmed_???,Unarmed Hero,adult (see job/parent chain),True,"[42, 31, 6]","[{""phase"": ""initial"", ""section"": 49, ""inheritedFrom"": 31, ""body"": [""Data\\Engine2D\\Bin\\Bobs\\CR_Hum_Body_78.bmd""], ""heads"": [], ""palettes"": [""egypt_soldier""], ""headPalettes"": [], ""random"": [""Egy_soldier_Base""]}, {""phase"": ""jobChange"", ""section"": 55, ""inheritedFrom"": 31, ""body"": [""Data\\Engine2D\\Bin\\Bobs\\CR_Hum_Body_78.bmd""], ""heads"": [""Data\\Engine2D\\Bin\\Bobs\\CR_Hum_Head_78.bmd"", ""Data\\Engine2D\\Bin\\Bobs\\CR_Hum_Head_78.bmd"", ""Data\\Engine2D\\Bin\\Bobs\\CR_Hum_Head_78.bmd"", ""Data\\Engine2D\\Bin\\Bobs\\CR_Hum_Head_78.bmd""], ""palettes"": [], ""headPalettes"": [], ""random"": []}]",35,"{""RENDERED"": 44, ""NO_DIRECT_FRAMES"": 2, ""VARIANT_INCOMPATIBLE"": 22, ""RENDERED_PARTIAL_MISSING_BOBS"": 2}",11,PARTIAL,PRESENTATION_APPROXIMATION,Other Tribes/Egypt/Humans/Heroes/job_42_hero_unarmed/metadata.json,Other Tribes/Egypt/Humans/Heroes/job_42_hero_unarmed/index.html,Other Tribes/Egypt/Humans/index.html
7,Egypt,43,43,hero_spear_SIEGFRIED,Sigurd,adult (see job/parent chain),False,"[43, 33, 31, 6]","[{""phase"": ""initial"", ""section"": 47, ""inheritedFrom"": 33, ""body"": [""Data\\Engine2D\\Bin\\Bobs\\CR_Hum_Body_78.bmd""], ""heads"": [], ""palettes"": [""egypt_soldier""], ""headPalettes"": [], ""random"": [""Egy_soldier_Base""]}, {""phase"": ""jobChange"", ""section"": 53, ""inheritedFrom"": 33, ""body"": [""Data\\Engine2D\\Bin\\Bobs\\CR_Hum_Body_78.bmd""], ""heads"": [""Data\\Engine2D\\Bin\\Bobs\\CR_Hum_Head_78.bmd"", ""Data\\Engine2D\\Bin\\Bobs\\CR_Hum_Head_78.bmd"", ""Data\\Engine2D\\Bin\\Bobs\\CR_Hum_Head_78.bmd"", ""Data\\Engine2D\\Bin\\Bobs\\CR_Hum_Head_78.bmd""], ""palettes"": [], ""headPalettes"": [], ""random"": []}]",35,"{""RENDERED"": 44, ""NO_DIRECT_FRAMES"": 2, ""VARIANT_INCOMPATIBLE"": 22, ""RENDERED_PARTIAL_MISSING_BOBS"": 2}",11,PARTIAL,PRESENTATION_APPROXIMATION,Other Tribes/Egypt/Humans/Heroes/job_43_hero_spear_SIEGFRIED/metadata.json,Other Tribes/Egypt/Humans/Heroes/job_43_hero_spear_SIEGFRIED/index.html,Other Tribes/Egypt/Humans/index.html
7,Egypt,44,44,hero_sword_BJARNI,Bjarni,adult (see job/parent chain),False,"[44, 34, 31, 6]","[{""phase"": ""initial"", ""section"": 46, ""inheritedFrom"": 34, ""body"": [""Data\\Engine2D\\Bin\\Bobs\\CR_Hum_Body_79.bmd""], ""heads"": [], ""palettes"": [""egypt_soldier""], ""headPalettes"": [], ""random"": []}, {""phase"": ""jobChange"", ""section"": 52, ""inheritedFrom"": 34, ""body"": [""Data\\Engine2D\\Bin\\Bobs\\CR_Hum_Body_79.bmd""], ""heads"": [""Data\\Engine2D\\Bin\\Bobs\\CR_Hum_Head_78.bmd"", ""Data\\Engine2D\\Bin\\Bobs\\CR_Hum_Head_78.bmd"", ""Data\\Engine2D\\Bin\\Bobs\\CR_Hum_Head_78.bmd"", ""Data\\Engine2D\\Bin\\Bobs\\CR_Hum_Head_78.bmd""], ""palettes"": [], ""headPalettes"": [], ""random"": []}]",35,"{""RENDERED"": 54, ""NO_DIRECT_FRAMES"": 2, ""VARIANT_INCOMPATIBLE"": 10, ""RENDERED_PARTIAL_MISSING_BOBS"": 4}",11,PARTIAL,PRESENTATION_APPROXIMATION,Other Tribes/Egypt/Humans/Heroes/job_44_hero_sword_BJARNI/metadata.json,Other Tribes/Egypt/Humans/Heroes/job_44_hero_sword_BJARNI/index.html,Other Tribes/Egypt/Humans/index.html
7,Egypt,45,45,hero_saber_HATSCHI,Hatchie,adult (see job/parent chain),False,"[45, 35, 31, 6]","[{""phase"": ""initial"", ""section"": 49, ""inheritedFrom"": 31, ""body"": [""Data\\Engine2D\\Bin\\Bobs\\CR_Hum_Body_78.bmd""], ""heads"": [], ""palettes"": [""egypt_soldier""], ""headPalettes"": [], ""random"": [""Egy_soldier_Base""]}, {""phase"": ""jobChange"", ""section"": 55, ""inheritedFrom"": 31, ""body"": [""Data\\Engine2D\\Bin\\Bobs\\CR_Hum_Body_78.bmd""], ""heads"": [""Data\\Engine2D\\Bin\\Bobs\\CR_Hum_Head_78.bmd"", ""Data\\Engine2D\\Bin\\Bobs\\CR_Hum_Head_78.bmd"", ""Data\\Engine2D\\Bin\\Bobs\\CR_Hum_Head_78.bmd"", ""Data\\Engine2D\\Bin\\Bobs\\CR_Hum_Head_78.bmd""], ""palettes"": [], ""headPalettes"": [], ""random"": []}]",35,"{""RENDERED"": 44, ""NO_DIRECT_FRAMES"": 2, ""VARIANT_INCOMPATIBLE"": 22, ""RENDERED_PARTIAL_MISSING_BOBS"": 2}",11,PARTIAL,PRESENTATION_APPROXIMATION,Other Tribes/Egypt/Humans/Heroes/job_45_hero_saber_HATSCHI/metadata.json,Other Tribes/Egypt/Humans/Heroes/job_45_hero_saber_HATSCHI/index.html,Other Tribes/Egypt/Humans/index.html
7,Egypt,46,46,hero_axe_???,Axe Hero,adult (see job/parent chain),False,"[46, 39, 31, 6]","[{""phase"": ""initial"", ""section"": 49, ""inheritedFrom"": 31, ""body"": [""Data\\Engine2D\\Bin\\Bobs\\CR_Hum_Body_78.bmd""], ""heads"": [], ""palettes"": [""egypt_soldier""], ""headPalettes"": [], ""random"": [""Egy_soldier_Base""]}, {""phase"": ""jobChange"", ""section"": 55, ""inheritedFrom"": 31, ""body"": [""Data\\Engine2D\\Bin\\Bobs\\CR_Hum_Body_78.bmd""], ""heads"": [""Data\\Engine2D\\Bin\\Bobs\\CR_Hum_Head_78.bmd"", ""Data\\Engine2D\\Bin\\Bobs\\CR_Hum_Head_78.bmd"", ""Data\\Engine2D\\Bin\\Bobs\\CR_Hum_Head_78.bmd"", ""Data\\Engine2D\\Bin\\Bobs\\CR_Hum_Head_78.bmd""], ""palettes"": [], ""headPalettes"": [], ""random"": []}]",35,"{""RENDERED"": 44, ""NO_DIRECT_FRAMES"": 2, ""VARIANT_INCOMPATIBLE"": 22, ""RENDERED_PARTIAL_MISSING_BOBS"": 2}",11,PARTIAL,PRESENTATION_APPROXIMATION,Other Tribes/Egypt/Humans/Heroes/job_46_hero_axe/metadata.json,Other Tribes/Egypt/Humans/Heroes/job_46_hero_axe/index.html,Other Tribes/Egypt/Humans/index.html
7,Egypt,47,47,heroine_bow_XENA,Cyra,adult (see job/parent chain),True,"[47, 41, 31, 6]","[{""phase"": ""initial"", ""section"": 49, ""inheritedFrom"": 31, ""body"": [""Data\\Engine2D\\Bin\\Bobs\\CR_Hum_Body_78.bmd""], ""heads"": [], ""palettes"": [""egypt_soldier""], ""headPalettes"": [], ""random"": [""Egy_soldier_Base""]}, {""phase"": ""jobChange"", ""section"": 55, ""inheritedFrom"": 31, ""body"": [""Data\\Engine2D\\Bin\\Bobs\\CR_Hum_Body_78.bmd""], ""heads"": [""Data\\Engine2D\\Bin\\Bobs\\CR_Hum_Head_78.bmd"", ""Data\\Engine2D\\Bin\\Bobs\\CR_Hum_Head_78.bmd"", ""Data\\Engine2D\\Bin\\Bobs\\CR_Hum_Head_78.bmd"", ""Data\\Engine2D\\Bin\\Bobs\\CR_Hum_Head_78.bmd""], ""palettes"": [], ""headPalettes"": [], ""random"": []}]",35,"{""RENDERED"": 44, ""NO_DIRECT_FRAMES"": 2, ""VARIANT_INCOMPATIBLE"": 22, ""RENDERED_PARTIAL_MISSING_BOBS"": 2}",11,PARTIAL,PRESENTATION_APPROXIMATION,Other Tribes/Egypt/Humans/Heroes/job_47_heroine_bow_XENA/metadata.json,Other Tribes/Egypt/Humans/Heroes/job_47_heroine_bow_XENA/index.html,Other Tribes/Egypt/Humans/index.html
