ENTRY_ID,ENTRY_NAME,FORMAT,CATEGORY,SHA256,STATUS,VALIDATION,WIDTH,HEIGHT,OUTPUT,PALETTE_SOURCE,SWATCH,MODE,PREVIEW
3,data\engine2d\bin\textures\text_000.pcx,PCX,Terrain,1ce3814eff3b58880516e4297922069b5128323de095c28b4fa7f8b91231a2a5,DECODED,PIXEL_CONFIRMED (production decodeIndexedPcx == independent PIL decode),256,256,Terrain/Textures/text_000.png,embedded PCX 256-colour palette,,,
7,data\maps\multiplayer_02_06_ressourcen\text\eng\briefings\palettes\font_dark.pcx,PCX,UI,22393273826e6995f21a7df3f5618365005b80990692b92b0df75c1a69d45d31,DECODED,PIXEL_CONFIRMED (production decodeIndexedPcx == independent PIL decode),300,300,UI/Maps/multiplayer_02_06_ressourcen/text_eng_briefings_palettes/font_dark.png,embedded PCX 256-colour palette,,,
11,data\engine2d\bin\palettes\goods\goods_furniture.pcx,PCX,Palette,43b3036afda67e99131461199b0d25936311017998cce4562619e9c1d39b23ca,DECODED,PIXEL_CONFIRMED (production decodeIndexedPcx == independent PIL decode),2,2,Metadata/Palettes/goods/goods_furniture.png,embedded PCX 256-colour palette,Metadata/Palettes/goods/goods_furniture__swatch.png,,
13,data\engine2d\bin\textures\text_001.pcx,PCX,Terrain,3a119682f48acabd42f5ddde83c98625e3e5ae0bbad3c6f5ba5d1cc23edf00af,DECODED,PIXEL_CONFIRMED (production decodeIndexedPcx == independent PIL decode),256,256,Terrain/Textures/text_001.png,embedded PCX 256-colour palette,,,
25,data\engine2d\bin\palettes\goods\goods_incense.pcx,PCX,Palette,4a6cfa7a6bd54a8f0be8c7c0c04deaae19c83758fe83049b52bf5c70eb7ab199,DECODED,PIXEL_CONFIRMED (production decodeIndexedPcx == independent PIL decode),2,2,Metadata/Palettes/goods/goods_incense.png,embedded PCX 256-colour palette,Metadata/Palettes/goods/goods_incense__swatch.png,,
26,data\engine2d\bin\palettes\goods\goods_leather.pcx,PCX,Palette,c0473f6642d502434cdc625a1feac04be3854766167dfba0cb29e8306e86768e,DECODED,PIXEL_CONFIRMED (production decodeIndexedPcx == independent PIL decode),2,2,Metadata/Palettes/goods/goods_leather.png,embedded PCX 256-colour palette,Metadata/Palettes/goods/goods_leather__swatch.png,,
28,data\engine2d\bin\textures\text_002.pcx,PCX,Terrain,0ab36aa84238ab5a39d02ad1ed5f09827ed7824a08f912c4c7d3caaa7173a9c7,DECODED,PIXEL_CONFIRMED (production decodeIndexedPcx == independent PIL decode),256,256,Terrain/Textures/text_002.png,embedded PCX 256-colour palette,,,
29,data\engine2d\bin\textures\text_200.pcx,PCX,Terrain,abdea1ed42bc931273089959eca9974bb9e93c23902daef41005bed020eb05f0,DECODED,PIXEL_CONFIRMED (production decodeIndexedPcx == independent PIL decode),256,256,Terrain/Textures/text_200.png,embedded PCX 256-colour palette,,,
43,data\engine2d\bin\textures\text_003.pcx,PCX,Terrain,bb771425ac9fde040403c676d9f2328f3e0f0516de888219693e3850630453ad,DECODED,PIXEL_CONFIRMED (production decodeIndexedPcx == independent PIL decode),256,256,Terrain/Textures/text_003.png,embedded PCX 256-colour palette,,,
44,data\engine2d\bin\textures\text_201.pcx,PCX,Terrain,971c99eb40f52ae48f14500357e83374d565ae75c9c3e8a440ff803c5ad68bd8,DECODED,PIXEL_CONFIRMED (production decodeIndexedPcx == independent PIL decode),256,256,Terrain/Textures/text_201.png,embedded PCX 256-colour palette,,,
45,data\engine2d\bin\textures\text_210.pcx,PCX,Terrain,0a36dd51dbb2a6297eab9f6e339d6bdd4335f5da3b5877af15f3e9532ae0329c,DECODED,PIXEL_CONFIRMED (production decodeIndexedPcx == independent PIL decode),256,256,Terrain/Textures/text_210.png,embedded PCX 256-colour palette,,,
67,data\engine2d\bin\textures\text_202.pcx,PCX,Terrain,71174fe88d700541caee97b303ca147154d9b7f4f066bacdb3e1953f4b82a0e1,DECODED,PIXEL_CONFIRMED (production decodeIndexedPcx == independent PIL decode),256,256,Terrain/Textures/text_202.png,embedded PCX 256-colour palette,,,
68,data\engine2d\bin\textures\text_211.pcx,PCX,Terrain,ead7f57fbbec5f77992f13f80e97152c6d1525bd7db651626edc8987297b4678,DECODED,PIXEL_CONFIRMED (production decodeIndexedPcx == independent PIL decode),256,256,Terrain/Textures/text_211.png,embedded PCX 256-colour palette,,,
69,data\engine2d\bin\textures\text_220.pcx,PCX,Terrain,d85bc9e142cdb627f276348cdbc8caaa89d6f43a2b3bf46f24d8502fa8b08e44,DECODED,PIXEL_CONFIRMED (production decodeIndexedPcx == independent PIL decode),256,256,Terrain/Textures/text_220.png,embedded PCX 256-colour palette,,,
85,data\maps\multiplayer_201_special_coop\minimap\minimap.pcx,PCX,UI,4d4272ff35d429501af746f8ed90c1748c47077595d4b7774bb0e6aab1cdb2c4,DECODED,PIXEL_CONFIRMED (production decodeIndexedPcx == independent PIL decode),350,160,UI/Maps/multiplayer_201_special_coop/minimap/minimap.png,embedded PCX 256-colour palette,,,
90,data\engine2d\bin\textures\text_203.pcx,PCX,Terrain,7c088fecfe15e88131ff4bb818e6a5e4bcfc0fa5309221f43b9395e15b7f2b61,DECODED,PIXEL_CONFIRMED (production decodeIndexedPcx == independent PIL decode),256,256,Terrain/Textures/text_203.png,embedded PCX 256-colour palette,,,
91,data\engine2d\bin\textures\text_212.pcx,PCX,Terrain,8e5b9310c413cc3aa4029360c0c99e55f628f198c9946c285008eced66239b92,DECODED,PIXEL_CONFIRMED (production decodeIndexedPcx == independent PIL decode),256,256,Terrain/Textures/text_212.png,embedded PCX 256-colour palette,,,
92,data\engine2d\bin\textures\text_221.pcx,PCX,Terrain,ef5f0b2468b3e9a9bbe0b643ad8e8610dab6015b6a42f6ac69f8c79d99db3712,DECODED,PIXEL_CONFIRMED (production decodeIndexedPcx == independent PIL decode),256,256,Terrain/Textures/text_221.png,embedded PCX 256-colour palette,,,
93,data\engine2d\bin\textures\text_230.pcx,PCX,Terrain,9485d82c079af5c21c05e6030f7947e47255c4c062c795039274dc46b5bd92f6,DECODED,PIXEL_CONFIRMED (production decodeIndexedPcx == independent PIL decode),256,256,Terrain/Textures/text_230.png,embedded PCX 256-colour palette,,,
94,data\gui\lang\eng\pictures\titlescreen.bmp,BMP,UI,0d3318759daaa1cc6b556372222e6e594de57f224a5c5e63e42a9013d810f7cf,DECODED,SOURCE_COMPLETE (PIL standard BMP; no production decoder to compare),800,600,UI/Pictures/titlescreen.png,,,RGB,
95,data\gui\palettes\font_white.pcx,PCX,UI,e5729d093d71683f2f7324a6ab34f040cddf68b43d34e04550ff15669051ed25,DECODED,PIXEL_CONFIRMED (production decodeIndexedPcx == independent PIL decode),2,2,UI/Palettes/font_white.png,embedded PCX 256-colour palette,UI/Palettes/font_white__swatch.png,,
109,data\engine2d\bin\palettes\creatures\lion.pcx,PCX,Palette,ad7eb0d8b7d098927874ed886ed9563ad782c9d76f56c76e374598617b985f1c,DECODED,PIXEL_CONFIRMED (production decodeIndexedPcx == independent PIL decode),2,2,Metadata/Palettes/creatures/lion.png,embedded PCX 256-colour palette,Metadata/Palettes/creatures/lion__swatch.png,,
112,data\engine2d\bin\textures\text_204.pcx,PCX,Terrain,8a2e65139499d0ebf40228815504a3f069df91a74c54dea7788effc4b68989a3,DECODED,PIXEL_CONFIRMED (production decodeIndexedPcx == independent PIL decode),256,256,Terrain/Textures/text_204.png,embedded PCX 256-colour palette,,,
113,data\engine2d\bin\textures\text_213.pcx,PCX,Terrain,ffee868280723249c78f5326911397c96dc0fd1a399540137ed9021f1bcd2500,DECODED,PIXEL_CONFIRMED (production decodeIndexedPcx == independent PIL decode),256,256,Terrain/Textures/text_213.png,embedded PCX 256-colour palette,,,
114,data\engine2d\bin\textures\text_222.pcx,PCX,Terrain,d12fafbbddb1069a10dc9d6c1cf79b29d1d8e78f84d75ea32144d91f9906d328,DECODED,PIXEL_CONFIRMED (production decodeIndexedPcx == independent PIL decode),256,256,Terrain/Textures/text_222.png,embedded PCX 256-colour palette,,,
115,data\engine2d\bin\textures\text_231.pcx,PCX,Terrain,a9042c2d0d96e047dc90c9160f5189677270dc9fff762f82af9e2edf11561ac7,DECODED,PIXEL_CONFIRMED (production decodeIndexedPcx == independent PIL decode),256,256,Terrain/Textures/text_231.png,embedded PCX 256-colour palette,,,
116,data\engine2d\bin\textures\text_240.pcx,PCX,Terrain,47fc9aa528915d4c7e3b7fb93f55fca742379eddae7a9862b2c8ab4035efd110,DECODED,PIXEL_CONFIRMED (production decodeIndexedPcx == independent PIL decode),256,256,Terrain/Textures/text_240.png,embedded PCX 256-colour palette,,,
117,data\engine2d\bin\textures\tran_sand.pcx,PCX,Terrain,432fb051af4bff2c3e367a59b88bfa76d3cb149e1b43348b932c02ef80c071a9,DECODED,PIXEL_CONFIRMED (production decodeIndexedPcx == independent PIL decode),256,256,Terrain/Textures/tran_sand.png,embedded PCX 256-colour palette,,,
133,data\engine2d\bin\textures\text_205.pcx,PCX,Terrain,96c050896923005fbfb6fcdc02b0ad1139f4b11cb99dc439a13e4ff10b7ba35c,DECODED,PIXEL_CONFIRMED (production decodeIndexedPcx == independent PIL decode),256,256,Terrain/Textures/text_205.png,embedded PCX 256-colour palette,,,
134,data\engine2d\bin\textures\text_214.pcx,PCX,Terrain,44f8ceb01ff823c2c715749b9ff52de61c2179fd85af7a01901febed27617bb0,DECODED,PIXEL_CONFIRMED (production decodeIndexedPcx == independent PIL decode),256,256,Terrain/Textures/text_214.png,embedded PCX 256-colour palette,,,
135,data\engine2d\bin\textures\text_223.pcx,PCX,Terrain,95f7994751a42451fb1b54b1e5aebadbf160ac3e5d3b4638b84a39a5bf1fc16e,DECODED,PIXEL_CONFIRMED (production decodeIndexedPcx == independent PIL decode),256,256,Terrain/Textures/text_223.png,embedded PCX 256-colour palette,,,
136,data\engine2d\bin\textures\text_232.pcx,PCX,Terrain,f0ddbfeb7909a8c228f7fbe679516e3edf5cfdcd26cd96d1a56b3be0fb605ed9,DECODED,PIXEL_CONFIRMED (production decodeIndexedPcx == independent PIL decode),256,256,Terrain/Textures/text_232.png,embedded PCX 256-colour palette,,,
137,data\engine2d\bin\textures\text_241.pcx,PCX,Terrain,b47dfafe26c9c5137a243bccec9cfba75d88e42b88457b6ae7f63ec9a14e9fdf,DECODED,PIXEL_CONFIRMED (production decodeIndexedPcx == independent PIL decode),256,256,Terrain/Textures/text_241.png,embedded PCX 256-colour palette,,,
152,data\engine2d\bin\palettes\landscapes\ruins_byzantine.pcx,PCX,Palette,f54c3efed6493ed5fde68450e50f73d643e000a1a8e4c991cd197a6223ea1c64,DECODED,PIXEL_CONFIRMED (production decodeIndexedPcx == independent PIL decode),2,2,Metadata/Palettes/landscapes/ruins_byzantine.png,embedded PCX 256-colour palette,Metadata/Palettes/landscapes/ruins_byzantine__swatch.png,,
155,data\engine2d\bin\textures\text_206.pcx,PCX,Terrain,036e5e141bbfc9b7fea39579f6bbc94b06d3aad09292ad51a98292cf1c83b90c,DECODED,PIXEL_CONFIRMED (production decodeIndexedPcx == independent PIL decode),256,256,Terrain/Textures/text_206.png,embedded PCX 256-colour palette,,,
156,data\engine2d\bin\textures\text_215.pcx,PCX,Terrain,52f6f57efa8e8a65a682f92354ba0262d1ddf23bcbd12a41f3bb58b55b5971fa,DECODED,PIXEL_CONFIRMED (production decodeIndexedPcx == independent PIL decode),256,256,Terrain/Textures/text_215.png,embedded PCX 256-colour palette,,,
157,data\engine2d\bin\textures\text_224.pcx,PCX,Terrain,587a91179e4bf710bafe56c5b32ef3feecdf6975d498e2933b163d2a4bc6ec06,DECODED,PIXEL_CONFIRMED (production decodeIndexedPcx == independent PIL decode),256,256,Terrain/Textures/text_224.png,embedded PCX 256-colour palette,,,
158,data\engine2d\bin\textures\text_233.pcx,PCX,Terrain,c622f63d68700319b8c0b2a185aae3d5d71999503354bf783c719d04171bc3f3,DECODED,PIXEL_CONFIRMED (production decodeIndexedPcx == independent PIL decode),256,256,Terrain/Textures/text_233.png,embedded PCX 256-colour palette,,,
159,data\engine2d\bin\textures\text_242.pcx,PCX,Terrain,dadf8476a6793893c50995ed32b28fd90cf419a4c94fe0aac7de2c7fe0d2faee,DECODED,PIXEL_CONFIRMED (production decodeIndexedPcx == independent PIL decode),256,256,Terrain/Textures/text_242.png,embedded PCX 256-colour palette,,,
172,data\engine2d\bin\palettes\creatures\skin.pcx,PCX,Palette,e4b875655afbeae29b6745352110dec15626235aa38d605bc3f77b6ec7ab9f07,DECODED,PIXEL_CONFIRMED (production decodeIndexedPcx == independent PIL decode),2,2,Metadata/Palettes/creatures/skin.png,embedded PCX 256-colour palette,Metadata/Palettes/creatures/skin__swatch.png,,
176,data\engine2d\bin\textures\text_180.pcx,PCX,Terrain,7abe60cd1f9056754362a24e6abfe8b566d7f3a0a3fe7a25b56832d737175f2e,DECODED,PIXEL_CONFIRMED (production decodeIndexedPcx == independent PIL decode),256,256,Terrain/Textures/text_180.png,embedded PCX 256-colour palette,,,
177,data\engine2d\bin\textures\text_207.pcx,PCX,Terrain,8523e1b57e628c4f4fe6645008e9f5a490f817aac3e00d993cf2856264b26073,DECODED,PIXEL_CONFIRMED (production decodeIndexedPcx == independent PIL decode),256,256,Terrain/Textures/text_207.png,embedded PCX 256-colour palette,,,
178,data\engine2d\bin\textures\text_216.pcx,PCX,Terrain,9e348c909cce450b5ef8dab4e8c8ce2caf00483484811838a0297e8342083008,DECODED,PIXEL_CONFIRMED (production decodeIndexedPcx == independent PIL decode),256,256,Terrain/Textures/text_216.png,embedded PCX 256-colour palette,,,
179,data\engine2d\bin\textures\text_225.pcx,PCX,Terrain,02fb13e986f37f8c7a76b75bf37be95897d91a9346b3ad2da63e146ee952908b,DECODED,PIXEL_CONFIRMED (production decodeIndexedPcx == independent PIL decode),256,256,Terrain/Textures/text_225.png,embedded PCX 256-colour palette,,,
180,data\engine2d\bin\textures\text_234.pcx,PCX,Terrain,947832895569170c8735dd6b13f1268a2dd76aff678d3a6bc909154d8987a6fa,DECODED,PIXEL_CONFIRMED (production decodeIndexedPcx == independent PIL decode),256,256,Terrain/Textures/text_234.png,embedded PCX 256-colour palette,,,
181,data\engine2d\bin\textures\text_243.pcx,PCX,Terrain,a37d4e0d179696a75e38326cf84444b86a6d513715472921c69b5d571649323b,DECODED,PIXEL_CONFIRMED (production decodeIndexedPcx == independent PIL decode),256,256,Terrain/Textures/text_243.png,embedded PCX 256-colour palette,,,
190,data\engine2d\bin\textures\text_190.pcx,PCX,Terrain,49f1e3bdbae344e2a54393119daf32fb91b778b3fd1929af867fe507c5f52aa5,DECODED,PIXEL_CONFIRMED (production decodeIndexedPcx == independent PIL decode),256,256,Terrain/Textures/text_190.png,embedded PCX 256-colour palette,,,
191,data\engine2d\bin\textures\text_208.pcx,PCX,Terrain,239e877996095256f97f0db4b4d676d15e18e86de3151fb2409dcf280f4f39f6,DECODED,PIXEL_CONFIRMED (production decodeIndexedPcx == independent PIL decode),256,256,Terrain/Textures/text_208.png,embedded PCX 256-colour palette,,,
192,data\engine2d\bin\textures\text_217.pcx,PCX,Terrain,faff0a6a9fb727679c1e5340d388cd39ae1531c55fc1672406d82f07c6131dd4,DECODED,PIXEL_CONFIRMED (production decodeIndexedPcx == independent PIL decode),256,256,Terrain/Textures/text_217.png,embedded PCX 256-colour palette,,,
193,data\engine2d\bin\textures\text_226.pcx,PCX,Terrain,34ac923b499082587c342d931ebdfa31541bd0791bc15103741ad17d34d34849,DECODED,PIXEL_CONFIRMED (production decodeIndexedPcx == independent PIL decode),256,256,Terrain/Textures/text_226.png,embedded PCX 256-colour palette,,,
194,data\engine2d\bin\textures\text_235.pcx,PCX,Terrain,658f7a5cf0a74337954ba8d0700fe6c68c4e635b6b747b7677255780756a937d,DECODED,PIXEL_CONFIRMED (production decodeIndexedPcx == independent PIL decode),256,256,Terrain/Textures/text_235.png,embedded PCX 256-colour palette,,,
195,data\engine2d\bin\textures\text_244.pcx,PCX,Terrain,40b2057ef71264a31350e4b6dc6417a1e6416e89be4f03921b77aaeeef7ce86d,DECODED,PIXEL_CONFIRMED (production decodeIndexedPcx == independent PIL decode),256,256,Terrain/Textures/text_244.png,embedded PCX 256-colour palette,,,
202,data\maps\singleplayer_03_01\text\eng\briefings\graphics\08_01.pcx,PCX,UI,56e64e98933ad858fd0163df65e0e7f46a695cefe257683e28023c7d5b643d5f,DECODED,PIXEL_CONFIRMED (production decodeIndexedPcx == independent PIL decode),322,260,UI/Maps/singleplayer_03_01/text_eng_briefings_graphics/08_01.png,embedded PCX 256-colour palette,,,
205,data\engine2d\bin\textures\text_191.pcx,PCX,Terrain,9f1fd01e5b8b6f6b26b119225519285a0bce6cd04e580e838dc70790018f68a2,DECODED,PIXEL_CONFIRMED (production decodeIndexedPcx == independent PIL decode),256,256,Terrain/Textures/text_191.png,embedded PCX 256-colour palette,,,
206,data\engine2d\bin\textures\text_209.pcx,PCX,Terrain,1e1b52d613cc1f0887277a0d15ae3f1550d784838bff527f4ac02ff01e9bb323,DECODED,PIXEL_CONFIRMED (production decodeIndexedPcx == independent PIL decode),256,256,Terrain/Textures/text_209.png,embedded PCX 256-colour palette,,,
207,data\engine2d\bin\textures\text_218.pcx,PCX,Terrain,ad5d9cdc56b10b2f035275feb4beeb5aa8bd30f4feaa3eb0e413b3e351926133,DECODED,PIXEL_CONFIRMED (production decodeIndexedPcx == independent PIL decode),256,256,Terrain/Textures/text_218.png,embedded PCX 256-colour palette,,,
208,data\engine2d\bin\textures\text_227.pcx,PCX,Terrain,c14cf46fbd8ad22def8331c0a5fd02ceb2d34255b6e9eb9df682bf51cf6dc54a,DECODED,PIXEL_CONFIRMED (production decodeIndexedPcx == independent PIL decode),256,256,Terrain/Textures/text_227.png,embedded PCX 256-colour palette,,,
209,data\engine2d\bin\textures\text_236.pcx,PCX,Terrain,8970f5ee6bf6afd0e28b94aee4634d9aacfefeeacfcc073309cc0c4814371ef6,DECODED,PIXEL_CONFIRMED (production decodeIndexedPcx == independent PIL decode),256,256,Terrain/Textures/text_236.png,embedded PCX 256-colour palette,,,
210,data\engine2d\bin\textures\text_245.pcx,PCX,Terrain,fe7fee1c731e6f61a6f97352333063f08107360336cf09fd73f4b20bc4ae092f,DECODED,PIXEL_CONFIRMED (production decodeIndexedPcx == independent PIL decode),256,256,Terrain/Textures/text_245.png,embedded PCX 256-colour palette,,,
213,data\maps\singleplayer_03_01\text\eng\briefings\graphics\08_02.pcx,PCX,UI,862ca252ba46ade2871b4df702e959641facc457a8c29536d36091e8e84298a8,DECODED,PIXEL_CONFIRMED (production decodeIndexedPcx == independent PIL decode),276,320,UI/Maps/singleplayer_03_01/text_eng_briefings_graphics/08_02.png,embedded PCX 256-colour palette,,,
214,data\maps\singleplayer_03_02\text\eng\briefings\graphics\08_01.pcx,PCX,UI,56e64e98933ad858fd0163df65e0e7f46a695cefe257683e28023c7d5b643d5f,DECODED,PIXEL_CONFIRMED (production decodeIndexedPcx == independent PIL decode),322,260,UI/Maps/singleplayer_03_02/text_eng_briefings_graphics/08_01.png,embedded PCX 256-colour palette,,,
216,data\engine2d\bin\textures\text_192.pcx,PCX,Terrain,abae5cee54a8f68d9c96cb0eb374bccf551f75a3fbd314709fea0bc50d100bc0,DECODED,PIXEL_CONFIRMED (production decodeIndexedPcx == independent PIL decode),256,256,Terrain/Textures/text_192.png,embedded PCX 256-colour palette,,,
217,data\engine2d\bin\textures\text_228.pcx,PCX,Terrain,823fe86d685cf3aa5e6e3be33b81d6420746477768562eb8c4d1955802eb6dac,DECODED,PIXEL_CONFIRMED (production decodeIndexedPcx == independent PIL decode),256,256,Terrain/Textures/text_228.png,embedded PCX 256-colour palette,,,
218,data\engine2d\bin\textures\text_237.pcx,PCX,Terrain,4e6dfae4126bc2a64489053246ebc8ad0f8b6e197a0688e8415383912396a304,DECODED,PIXEL_CONFIRMED (production decodeIndexedPcx == independent PIL decode),256,256,Terrain/Textures/text_237.png,embedded PCX 256-colour palette,,,
219,data\engine2d\bin\textures\text_246.pcx,PCX,Terrain,75c4e86dff306958411c878e9fabbf3db74c67b467969a375a8a33662a3c5d33,DECODED,PIXEL_CONFIRMED (production decodeIndexedPcx == independent PIL decode),256,256,Terrain/Textures/text_246.png,embedded PCX 256-colour palette,,,
220,data\maps\singleplayer_03_02\text\eng\briefings\graphics\08_02.pcx,PCX,UI,862ca252ba46ade2871b4df702e959641facc457a8c29536d36091e8e84298a8,DECODED,PIXEL_CONFIRMED (production decodeIndexedPcx == independent PIL decode),276,320,UI/Maps/singleplayer_03_02/text_eng_briefings_graphics/08_02.png,embedded PCX 256-colour palette,,,
221,data\maps\singleplayer_03_03\text\eng\briefings\graphics\08_01.pcx,PCX,UI,56e64e98933ad858fd0163df65e0e7f46a695cefe257683e28023c7d5b643d5f,DECODED,PIXEL_CONFIRMED (production decodeIndexedPcx == independent PIL decode),322,260,UI/Maps/singleplayer_03_03/text_eng_briefings_graphics/08_01.png,embedded PCX 256-colour palette,,,
222,data\engine2d\bin\textures\text_193.pcx,PCX,Terrain,ce3d332f50babdb8019b8023ce72af5e5d89c42109a7754de28b8a871bc80d4b,DECODED,PIXEL_CONFIRMED (production decodeIndexedPcx == independent PIL decode),256,256,Terrain/Textures/text_193.png,embedded PCX 256-colour palette,,,
223,data\engine2d\bin\textures\text_229.pcx,PCX,Terrain,020028c68467b1a7bbaacc81e24aa8ee57b0e3158dec31350e231ef927c47a90,DECODED,PIXEL_CONFIRMED (production decodeIndexedPcx == independent PIL decode),256,256,Terrain/Textures/text_229.png,embedded PCX 256-colour palette,,,
224,data\engine2d\bin\textures\text_238.pcx,PCX,Terrain,d254bdd7a0024f3f9500b2b7ad669112bdd5149ab8c4a7facdc1689ffcfb995c,DECODED,PIXEL_CONFIRMED (production decodeIndexedPcx == independent PIL decode),256,256,Terrain/Textures/text_238.png,embedded PCX 256-colour palette,,,
225,data\engine2d\bin\textures\text_247.pcx,PCX,Terrain,da68fdffff283c5addcbd5f64e6e43ee4f6b32ebf4a902c27baa4ed360ac0d37,DECODED,PIXEL_CONFIRMED (production decodeIndexedPcx == independent PIL decode),256,256,Terrain/Textures/text_247.png,embedded PCX 256-colour palette,,,
226,data\maps\multiplayer_201_special_coop\text\eng\briefings\palettes\pal_white.bmp,BMP,UI,1ecae2eef5651d133528ca33bd8d2d0aaccacc3af0c47211e1a92596388cb421,DECODED,SOURCE_COMPLETE (PIL standard BMP; no production decoder to compare),320,200,UI/Maps/multiplayer_201_special_coop/text_eng_briefings_palettes/pal_white.png,,,L,
227,data\maps\singleplayer_03_03\text\eng\briefings\graphics\08_02.pcx,PCX,UI,862ca252ba46ade2871b4df702e959641facc457a8c29536d36091e8e84298a8,DECODED,PIXEL_CONFIRMED (production decodeIndexedPcx == independent PIL decode),276,320,UI/Maps/singleplayer_03_03/text_eng_briefings_graphics/08_02.png,embedded PCX 256-colour palette,,,
228,data\maps\singleplayer_03_04\text\eng\briefings\graphics\08_01.pcx,PCX,UI,56e64e98933ad858fd0163df65e0e7f46a695cefe257683e28023c7d5b643d5f,DECODED,PIXEL_CONFIRMED (production decodeIndexedPcx == independent PIL decode),322,260,UI/Maps/singleplayer_03_04/text_eng_briefings_graphics/08_01.png,embedded PCX 256-colour palette,,,
229,data\engine2d\bin\textures\text_185.pcx,PCX,Terrain,a9fb92ddcd0e0c762ed77d8adb1c49e3f5a323f9f83101be4728bc53aa24103b,DECODED,PIXEL_CONFIRMED (production decodeIndexedPcx == independent PIL decode),256,256,Terrain/Textures/text_185.png,embedded PCX 256-colour palette,,,
230,data\engine2d\bin\textures\text_239.pcx,PCX,Terrain,d1f857f8eab12add75bddba47684426be840a8e47363b80c750da027ea465d78,DECODED,PIXEL_CONFIRMED (production decodeIndexedPcx == independent PIL decode),256,256,Terrain/Textures/text_239.png,embedded PCX 256-colour palette,,,
231,data\engine2d\bin\textures\text_248.pcx,PCX,Terrain,b59af2c599757f4c96520b39385188c326f843383c034a251f44b7600709c15e,DECODED,PIXEL_CONFIRMED (production decodeIndexedPcx == independent PIL decode),256,256,Terrain/Textures/text_248.png,embedded PCX 256-colour palette,,,
232,data\maps\singleplayer_03_04\text\eng\briefings\graphics\08_02.pcx,PCX,UI,862ca252ba46ade2871b4df702e959641facc457a8c29536d36091e8e84298a8,DECODED,PIXEL_CONFIRMED (production decodeIndexedPcx == independent PIL decode),276,320,UI/Maps/singleplayer_03_04/text_eng_briefings_graphics/08_02.png,embedded PCX 256-colour palette,,,
233,data\maps\singleplayer_03_05\text\eng\briefings\graphics\08_01.pcx,PCX,UI,56e64e98933ad858fd0163df65e0e7f46a695cefe257683e28023c7d5b643d5f,DECODED,PIXEL_CONFIRMED (production decodeIndexedPcx == independent PIL decode),322,260,UI/Maps/singleplayer_03_05/text_eng_briefings_graphics/08_01.png,embedded PCX 256-colour palette,,,
235,data\engine2d\bin\textures\tran_desertbrown.pcx,PCX,Terrain,4b8c3916fe819c540e47287da8afb265b006a6bc096b9f8b5f53ee12295d5511,DECODED,PIXEL_CONFIRMED (production decodeIndexedPcx == independent PIL decode),256,256,Terrain/Textures/tran_desertbrown.png,embedded PCX 256-colour palette,,,
236,data\maps\singleplayer_03_05\text\eng\briefings\graphics\08_02.pcx,PCX,UI,862ca252ba46ade2871b4df702e959641facc457a8c29536d36091e8e84298a8,DECODED,PIXEL_CONFIRMED (production decodeIndexedPcx == independent PIL decode),276,320,UI/Maps/singleplayer_03_05/text_eng_briefings_graphics/08_02.png,embedded PCX 256-colour palette,,,
240,data\engine2d\bin\palettes\landscapes\bridge.pcx,PCX,Palette,2479a922bc84de65dbeaa629a00a98b123089db02d58e64ae0b3eff5dec0bada,DECODED,PIXEL_CONFIRMED (production decodeIndexedPcx == independent PIL decode),2,2,Metadata/Palettes/landscapes/bridge.png,embedded PCX 256-colour palette,Metadata/Palettes/landscapes/bridge__swatch.png,,
241,data\engine2d\bin\palettes\landscapes\ruins_saracen.pcx,PCX,Palette,197547d0889ce190941b851a0457c1545fc5fe719a1b0a1c978ead3d4dfff472,DECODED,PIXEL_CONFIRMED (production decodeIndexedPcx == independent PIL decode),2,2,Metadata/Palettes/landscapes/ruins_saracen.png,embedded PCX 256-colour palette,Metadata/Palettes/landscapes/ruins_saracen__swatch.png,,
253,data\engine2d\bin\textures\overlay_road_a.pcx,PCX,Terrain,edd3b585a34bc16386f2085a24139d00d711c13f252b8f3ea455f5e0a64da590,DECODED,PIXEL_CONFIRMED (production decodeIndexedPcx == independent PIL decode),256,256,Terrain/Textures/overlay_road_a.png,embedded PCX 256-colour palette,,,
259,data\maps\multiplayer_201_special_coop\text\eng\briefings\palettes\font_dark.pcx,PCX,UI,22393273826e6995f21a7df3f5618365005b80990692b92b0df75c1a69d45d31,DECODED,PIXEL_CONFIRMED (production decodeIndexedPcx == independent PIL decode),300,300,UI/Maps/multiplayer_201_special_coop/text_eng_briefings_palettes/font_dark.png,embedded PCX 256-colour palette,,,
263,data\maps\tutorial_001\text\eng\briefings\graphics\hero_dead_f.pcx,PCX,UI,85ae117d1a601bc96041dda3281df3eb5501ad9f101582985877368fa763d67a,DECODED,PIXEL_CONFIRMED (production decodeIndexedPcx == independent PIL decode),333,250,UI/Maps/tutorial_001/text_eng_briefings_graphics/hero_dead_f.png,embedded PCX 256-colour palette,,,
269,data\maps\tutorial_002\text\eng\briefings\graphics\hero_dead_f.pcx,PCX,UI,85ae117d1a601bc96041dda3281df3eb5501ad9f101582985877368fa763d67a,DECODED,PIXEL_CONFIRMED (production decodeIndexedPcx == independent PIL decode),333,250,UI/Maps/tutorial_002/text_eng_briefings_graphics/hero_dead_f.png,embedded PCX 256-colour palette,,,
272,data\engine2d\bin\palettes\creatures\informer01.pcx,PCX,Palette,3c29ef18a256e81f4311bed7d977c68ec807c90e6b367378db92b140476632cb,DECODED,PIXEL_CONFIRMED (production decodeIndexedPcx == independent PIL decode),2,2,Metadata/Palettes/creatures/informer01.png,embedded PCX 256-colour palette,Metadata/Palettes/creatures/informer01__swatch.png,,
275,data\maps\tutorial_003\text\eng\briefings\graphics\hero_dead_f.pcx,PCX,UI,85ae117d1a601bc96041dda3281df3eb5501ad9f101582985877368fa763d67a,DECODED,PIXEL_CONFIRMED (production decodeIndexedPcx == independent PIL decode),333,250,UI/Maps/tutorial_003/text_eng_briefings_graphics/hero_dead_f.png,embedded PCX 256-colour palette,,,
278,data\engine2d\bin\palettes\creatures\informer02.pcx,PCX,Palette,e7e90905f2f9f394fb4eb95846de87a742947c1362bc254a2fd019f640115877,DECODED,PIXEL_CONFIRMED (production decodeIndexedPcx == independent PIL decode),2,2,Metadata/Palettes/creatures/informer02.png,embedded PCX 256-colour palette,Metadata/Palettes/creatures/informer02__swatch.png,,
283,data\maps\tutorial_004\text\eng\briefings\graphics\hero_dead_f.pcx,PCX,UI,85ae117d1a601bc96041dda3281df3eb5501ad9f101582985877368fa763d67a,DECODED,PIXEL_CONFIRMED (production decodeIndexedPcx == independent PIL decode),333,250,UI/Maps/tutorial_004/text_eng_briefings_graphics/hero_dead_f.png,embedded PCX 256-colour palette,,,
284,data\engine2d\bin\palettes\creatures\informer03.pcx,PCX,Palette,477ee90640db3ac08c28bf7565fdc25819d2188b1dbe2612a520f1ac52479177,DECODED,PIXEL_CONFIRMED (production decodeIndexedPcx == independent PIL decode),2,2,Metadata/Palettes/creatures/informer03.png,embedded PCX 256-colour palette,Metadata/Palettes/creatures/informer03__swatch.png,,
285,data\engine2d\bin\palettes\landscapes\herbs01.pcx,PCX,Palette,78952ac6d5decacb98f73bce673b9b99b62bbce54c73adb79a7b2ae1648b12f6,DECODED,PIXEL_CONFIRMED (production decodeIndexedPcx == independent PIL decode),2,2,Metadata/Palettes/landscapes/herbs01.png,embedded PCX 256-colour palette,Metadata/Palettes/landscapes/herbs01__swatch.png,,
286,data\engine2d\bin\palettes\landscapes\wonders_8th.pcx,PCX,Palette,5d88e46a0f5b4b37c6a009e3d9d25b64ffb048e7a2c087b2b564d3091b70c4ad,DECODED,PIXEL_CONFIRMED (production decodeIndexedPcx == independent PIL decode),2,2,Metadata/Palettes/landscapes/wonders_8th.png,embedded PCX 256-colour palette,Metadata/Palettes/landscapes/wonders_8th__swatch.png,,
292,data\maps\singleplayer_03_01\text\eng\briefings\graphics\people_dead_f.pcx,PCX,UI,56981238a99ffb1d4378172c0874ebc9eabf2b553f9694e22819dde2b815a0f5,DECODED,PIXEL_CONFIRMED (production decodeIndexedPcx == independent PIL decode),350,250,UI/Maps/singleplayer_03_01/text_eng_briefings_graphics/people_dead_f.png,embedded PCX 256-colour palette,,,
293,data\maps\tutorial_005\text\eng\briefings\graphics\hero_dead_f.pcx,PCX,UI,85ae117d1a601bc96041dda3281df3eb5501ad9f101582985877368fa763d67a,DECODED,PIXEL_CONFIRMED (production decodeIndexedPcx == independent PIL decode),333,250,UI/Maps/tutorial_005/text_eng_briefings_graphics/hero_dead_f.png,embedded PCX 256-colour palette,,,
294,data\engine2d\bin\palettes\creatures\informer04.pcx,PCX,Palette,d6274022fcb1d10562930ee3d4a972f67d8b85cce994c3554458aa52c259f0cd,DECODED,PIXEL_CONFIRMED (production decodeIndexedPcx == independent PIL decode),2,2,Metadata/Palettes/creatures/informer04.png,embedded PCX 256-colour palette,Metadata/Palettes/creatures/informer04__swatch.png,,
295,data\engine2d\bin\palettes\landscapes\herbs02.pcx,PCX,Palette,54209574ae9f77781ff0e6ed306897003b32f2c0c2324a38a181b139eb7772a8,DECODED,PIXEL_CONFIRMED (production decodeIndexedPcx == independent PIL decode),2,2,Metadata/Palettes/landscapes/herbs02.png,embedded PCX 256-colour palette,Metadata/Palettes/landscapes/herbs02__swatch.png,,
303,data\maps\singleplayer_03_02\text\eng\briefings\graphics\people_dead_f.pcx,PCX,UI,56981238a99ffb1d4378172c0874ebc9eabf2b553f9694e22819dde2b815a0f5,DECODED,PIXEL_CONFIRMED (production decodeIndexedPcx == independent PIL decode),350,250,UI/Maps/singleplayer_03_02/text_eng_briefings_graphics/people_dead_f.png,embedded PCX 256-colour palette,,,
304,data\maps\tutorial_006\text\eng\briefings\graphics\hero_dead_f.pcx,PCX,UI,85ae117d1a601bc96041dda3281df3eb5501ad9f101582985877368fa763d67a,DECODED,PIXEL_CONFIRMED (production decodeIndexedPcx == independent PIL decode),333,250,UI/Maps/tutorial_006/text_eng_briefings_graphics/hero_dead_f.png,embedded PCX 256-colour palette,,,
305,data\engine2d\bin\palettes\creatures\informer05.pcx,PCX,Palette,1590adfabce8015c79af5bfe04c06f891b958059859a2739bd50f4b520a2deaa,DECODED,PIXEL_CONFIRMED (production decodeIndexedPcx == independent PIL decode),2,2,Metadata/Palettes/creatures/informer05.png,embedded PCX 256-colour palette,Metadata/Palettes/creatures/informer05__swatch.png,,
306,data\engine2d\bin\palettes\goods\goods_bread.pcx,PCX,Palette,8c00af2a2a19eb392a60706a44ede81f763ac64dca3615bfc4223f3caff0f56f,DECODED,PIXEL_CONFIRMED (production decodeIndexedPcx == independent PIL decode),2,2,Metadata/Palettes/goods/goods_bread.png,embedded PCX 256-colour palette,Metadata/Palettes/goods/goods_bread__swatch.png,,
307,data\engine2d\bin\palettes\landscapes\herbs03.pcx,PCX,Palette,69d52c761bd9d4fe6192ea7a0e72f9e5c577c8f5e7073b89d70c418ff228c189,DECODED,PIXEL_CONFIRMED (production decodeIndexedPcx == independent PIL decode),2,2,Metadata/Palettes/landscapes/herbs03.png,embedded PCX 256-colour palette,Metadata/Palettes/landscapes/herbs03__swatch.png,,
315,data\maps\singleplayer_03_03\text\eng\briefings\graphics\people_dead_f.pcx,PCX,UI,56981238a99ffb1d4378172c0874ebc9eabf2b553f9694e22819dde2b815a0f5,DECODED,PIXEL_CONFIRMED (production decodeIndexedPcx == independent PIL decode),350,250,UI/Maps/singleplayer_03_03/text_eng_briefings_graphics/people_dead_f.png,embedded PCX 256-colour palette,,,
316,data\maps\tutorial_007\text\eng\briefings\graphics\hero_dead_f.pcx,PCX,UI,85ae117d1a601bc96041dda3281df3eb5501ad9f101582985877368fa763d67a,DECODED,PIXEL_CONFIRMED (production decodeIndexedPcx == independent PIL decode),333,250,UI/Maps/tutorial_007/text_eng_briefings_graphics/hero_dead_f.png,embedded PCX 256-colour palette,,,
319,data\maps\campaign_03_01_sub\text\eng\briefings\graphics\hero_dead_f.pcx,PCX,UI,85ae117d1a601bc96041dda3281df3eb5501ad9f101582985877368fa763d67a,DECODED,PIXEL_CONFIRMED (production decodeIndexedPcx == independent PIL decode),333,250,UI/Maps/campaign_03_01_sub/text_eng_briefings_graphics/hero_dead_f.png,embedded PCX 256-colour palette,,,
324,data\maps\singleplayer_03_04\text\eng\briefings\graphics\people_dead_f.pcx,PCX,UI,56981238a99ffb1d4378172c0874ebc9eabf2b553f9694e22819dde2b815a0f5,DECODED,PIXEL_CONFIRMED (production decodeIndexedPcx == independent PIL decode),350,250,UI/Maps/singleplayer_03_04/text_eng_briefings_graphics/people_dead_f.png,embedded PCX 256-colour palette,,,
325,data\engine2d\bin\palettes\landscapes\tree_cypress01.pcx,PCX,Palette,2445562966226fe8606df02947408ac7af9a71635234f19b23c095347f3f495c,DECODED,PIXEL_CONFIRMED (production decodeIndexedPcx == independent PIL decode),2,2,Metadata/Palettes/landscapes/tree_cypress01.png,embedded PCX 256-colour palette,Metadata/Palettes/landscapes/tree_cypress01__swatch.png,,
328,data\gui\palettes\campaignbuttons.pcx,PCX,UI,347302422c51f842eeb472fc3dc716441bc2db38a2cedf2b89c09a5b2e8c821e,DECODED,PIXEL_CONFIRMED (production decodeIndexedPcx == independent PIL decode),2,2,UI/Palettes/campaignbuttons.png,embedded PCX 256-colour palette,UI/Palettes/campaignbuttons__swatch.png,,
329,data\maps\campaign_03_02_sub\text\eng\briefings\graphics\hero_dead_f.pcx,PCX,UI,85ae117d1a601bc96041dda3281df3eb5501ad9f101582985877368fa763d67a,DECODED,PIXEL_CONFIRMED (production decodeIndexedPcx == independent PIL decode),333,250,UI/Maps/campaign_03_02_sub/text_eng_briefings_graphics/hero_dead_f.png,embedded PCX 256-colour palette,,,
334,data\maps\singleplayer_03_05\text\eng\briefings\graphics\people_dead_f.pcx,PCX,UI,56981238a99ffb1d4378172c0874ebc9eabf2b553f9694e22819dde2b815a0f5,DECODED,PIXEL_CONFIRMED (production decodeIndexedPcx == independent PIL decode),350,250,UI/Maps/singleplayer_03_05/text_eng_briefings_graphics/people_dead_f.png,embedded PCX 256-colour palette,,,
335,data\engine2d\bin\palettes\landscapes\tree_cypress02.pcx,PCX,Palette,fed28f3a49fd5950cbfa24c1f48be2f7e172666a85f24ddff363e1daf06d4e09,DECODED,PIXEL_CONFIRMED (production decodeIndexedPcx == independent PIL decode),2,2,Metadata/Palettes/landscapes/tree_cypress02.png,embedded PCX 256-colour palette,Metadata/Palettes/landscapes/tree_cypress02__swatch.png,,
336,data\engine2d\bin\palettes\landscapes\wheat01.pcx,PCX,Palette,1bf01ef4f2c44aa80777d6f8224d0025f0c626bca8adcfea4280604715e334cf,DECODED,PIXEL_CONFIRMED (production decodeIndexedPcx == independent PIL decode),2,2,Metadata/Palettes/landscapes/wheat01.png,embedded PCX 256-colour palette,Metadata/Palettes/landscapes/wheat01__swatch.png,,
347,data\engine2d\bin\palettes\creatures\icebear.pcx,PCX,Palette,acd4c173a10e435ca75f437bbd83549a738206e12a188165d2f99d56c1166e2f,DECODED,PIXEL_CONFIRMED (production decodeIndexedPcx == independent PIL decode),2,2,Metadata/Palettes/creatures/icebear.png,embedded PCX 256-colour palette,Metadata/Palettes/creatures/icebear__swatch.png,,
348,data\engine2d\bin\palettes\goods\goods01.pcx,PCX,Palette,8c78bc9e9d74d1ab1ac002c510982dd0a477a774183f829091c28c258aecf5cf,DECODED,PIXEL_CONFIRMED (production decodeIndexedPcx == independent PIL decode),2,2,Metadata/Palettes/goods/goods01.png,embedded PCX 256-colour palette,Metadata/Palettes/goods/goods01__swatch.png,,
349,data\engine2d\bin\palettes\landscapes\tree_cypress03.pcx,PCX,Palette,4844e7ce7784f9be019001288a56b16229d0247bdba32d48e3136d2bac228c15,DECODED,PIXEL_CONFIRMED (production decodeIndexedPcx == independent PIL decode),2,2,Metadata/Palettes/landscapes/tree_cypress03.png,embedded PCX 256-colour palette,Metadata/Palettes/landscapes/tree_cypress03__swatch.png,,
350,data\engine2d\bin\palettes\landscapes\wheat02.pcx,PCX,Palette,3e259c395aa6f06a5102c32bfc00d1d3d0bb6123b5f3a7462d964892696909bf,DECODED,PIXEL_CONFIRMED (production decodeIndexedPcx == independent PIL decode),2,2,Metadata/Palettes/landscapes/wheat02.png,embedded PCX 256-colour palette,Metadata/Palettes/landscapes/wheat02__swatch.png,,
352,data\gui\palettes\font_red.pcx,PCX,UI,8e9bf4154435045eed93814c22f5113a2eacb841ff88665350b429ca0c3546d9,DECODED,PIXEL_CONFIRMED (production decodeIndexedPcx == independent PIL decode),2,2,UI/Palettes/font_red.png,embedded PCX 256-colour palette,UI/Palettes/font_red__swatch.png,,
359,data\engine2d\bin\palettes\landscapes\wheat03.pcx,PCX,Palette,d6f5f85cc078aed17ab9ae5443923e97637ab9b3640ef0fbadb46aa75701c882,DECODED,PIXEL_CONFIRMED (production decodeIndexedPcx == independent PIL decode),2,2,Metadata/Palettes/landscapes/wheat03.png,embedded PCX 256-colour palette,Metadata/Palettes/landscapes/wheat03__swatch.png,,
361,data\gui\bitmaps\bg_button.pcx,PCX,UI,89af8999eef14eb1d8ac5d2fcdd4ea3d928e0ecc23d096ebe27d58ffedad7783,DECODED,PIXEL_CONFIRMED (production decodeIndexedPcx == independent PIL decode),300,300,UI/Bitmaps/bg_button.png,embedded PCX 256-colour palette,,,
375,data\engine2d\bin\textures\tran_water_bright_a.pcx,PCX,Terrain,5170ee1e7239c795acbbf03e32f1d6e4a62d6f30982694d7475dbbf11bb18240,DECODED,PIXEL_CONFIRMED (production decodeIndexedPcx == independent PIL decode),256,256,Terrain/Textures/tran_water_bright_a.png,embedded PCX 256-colour palette,,,
381,data\engine2d\bin\palettes\goods\goods_spear_wooden.pcx,PCX,Palette,e52fd60bf9080af0c7d5911b370632d60a12c95c696cc4ce9a6af275862cb0fc,DECODED,PIXEL_CONFIRMED (production decodeIndexedPcx == independent PIL decode),2,2,Metadata/Palettes/goods/goods_spear_wooden.png,embedded PCX 256-colour palette,Metadata/Palettes/goods/goods_spear_wooden__swatch.png,,
390,data\engine2d\bin\palettes\landscapes\grass01.pcx,PCX,Palette,5664bf77ade8817737693a56218eea44160fb95a3803ff9d5cd9cfe739c207c6,DECODED,PIXEL_CONFIRMED (production decodeIndexedPcx == independent PIL decode),2,2,Metadata/Palettes/landscapes/grass01.png,embedded PCX 256-colour palette,Metadata/Palettes/landscapes/grass01__swatch.png,,
392,data\gui\bitmaps\bg.pcx,PCX,UI,5e94a40e8356637b09e6c2bcd3e8760e3c77475b7ac1d927fd771e02651660a8,DECODED,PIXEL_CONFIRMED (production decodeIndexedPcx == independent PIL decode),300,300,UI/Bitmaps/bg.png,embedded PCX 256-colour palette,,,
404,data\engine2d\bin\palettes\landscapes\grass02.pcx,PCX,Palette,8ce7279b1b56d4de6cd8ae6efd15a9f848a68cce9d2b5c069bfbeb098b835fa5,DECODED,PIXEL_CONFIRMED (production decodeIndexedPcx == independent PIL decode),2,2,Metadata/Palettes/landscapes/grass02.png,embedded PCX 256-colour palette,Metadata/Palettes/landscapes/grass02__swatch.png,,
419,data\maps\campaign_03_03_sub1\text\eng\briefings\graphics\people_dead_f.pcx,PCX,UI,56981238a99ffb1d4378172c0874ebc9eabf2b553f9694e22819dde2b815a0f5,DECODED,PIXEL_CONFIRMED (production decodeIndexedPcx == independent PIL decode),350,250,UI/Maps/campaign_03_03_sub1/text_eng_briefings_graphics/people_dead_f.png,embedded PCX 256-colour palette,,,
422,data\engine2d\bin\palettes\landscapes\grass03.pcx,PCX,Palette,4a5cd515298a907ddfb2624d5fdbe343c8f82891d113d4076f45519e04c740fb,DECODED,PIXEL_CONFIRMED (production decodeIndexedPcx == independent PIL decode),2,2,Metadata/Palettes/landscapes/grass03.png,embedded PCX 256-colour palette,Metadata/Palettes/landscapes/grass03__swatch.png,,
425,data\engine2d\bin\textures\tran_snow.pcx,PCX,Terrain,9b4a29c18ea7e15f1e4f2a3b66aa63068be32561f0a8d200a25435fd7e95cf4d,DECODED,PIXEL_CONFIRMED (production decodeIndexedPcx == independent PIL decode),256,256,Terrain/Textures/tran_snow.png,embedded PCX 256-colour palette,,,
440,data\maps\campaign_03_03_sub2\text\eng\briefings\graphics\people_dead_f.pcx,PCX,UI,56981238a99ffb1d4378172c0874ebc9eabf2b553f9694e22819dde2b815a0f5,DECODED,PIXEL_CONFIRMED (production decodeIndexedPcx == independent PIL decode),350,250,UI/Maps/campaign_03_03_sub2/text_eng_briefings_graphics/people_dead_f.png,embedded PCX 256-colour palette,,,
463,data\maps\campaign_03_03_sub3\text\eng\briefings\graphics\people_dead_f.pcx,PCX,UI,56981238a99ffb1d4378172c0874ebc9eabf2b553f9694e22819dde2b815a0f5,DECODED,PIXEL_CONFIRMED (production decodeIndexedPcx == independent PIL decode),350,250,UI/Maps/campaign_03_03_sub3/text_eng_briefings_graphics/people_dead_f.png,embedded PCX 256-colour palette,,,
475,data\engine2d\bin\palettes\creatures\chicken.pcx,PCX,Palette,9655c40cc470cb5a227ea4e78bfda0a7a975d8213c94059a8983e9edb6e738b1,DECODED,PIXEL_CONFIRMED (production decodeIndexedPcx == independent PIL decode),2,2,Metadata/Palettes/creatures/chicken.png,embedded PCX 256-colour palette,Metadata/Palettes/creatures/chicken__swatch.png,,
506,data\maps\campaign_03_06_sub1\text\eng\briefings\graphics\people_dead_f.pcx,PCX,UI,56981238a99ffb1d4378172c0874ebc9eabf2b553f9694e22819dde2b815a0f5,DECODED,PIXEL_CONFIRMED (production decodeIndexedPcx == independent PIL decode),350,250,UI/Maps/campaign_03_06_sub1/text_eng_briefings_graphics/people_dead_f.png,embedded PCX 256-colour palette,,,
541,data\maps\campaign_03_06_sub2\text\eng\briefings\graphics\people_dead_f.pcx,PCX,UI,56981238a99ffb1d4378172c0874ebc9eabf2b553f9694e22819dde2b815a0f5,DECODED,PIXEL_CONFIRMED (production decodeIndexedPcx == independent PIL decode),350,250,UI/Maps/campaign_03_06_sub2/text_eng_briefings_graphics/people_dead_f.png,embedded PCX 256-colour palette,,,
546,data\engine2d\bin\palettes\landscapes\alphagrass01.pcx,PCX,Palette,108f0c90e0d393572afb488fd99115a59fd8f3ab07457ff1b2ce6496b6cbd8a4,DECODED,PIXEL_CONFIRMED (production decodeIndexedPcx == independent PIL decode),2,2,Metadata/Palettes/landscapes/alphagrass01.png,embedded PCX 256-colour palette,Metadata/Palettes/landscapes/alphagrass01__swatch.png,,
628,data\engine2d\bin\palettes\landscapes\swamp01.pcx,PCX,Palette,aff6e8c4639f4a0fffe42f226aafa6e12f52538e66a34bfd7dd4b4f61ab8aa61,DECODED,PIXEL_CONFIRMED (production decodeIndexedPcx == independent PIL decode),2,2,Metadata/Palettes/landscapes/swamp01.png,embedded PCX 256-colour palette,Metadata/Palettes/landscapes/swamp01__swatch.png,,
667,data\engine2d\bin\palettes\landscapes\swamp02.pcx,PCX,Palette,3030587137d8676d54304683c99d6d254bc115cd5ed45301f5c1e1630bab26ad,DECODED,PIXEL_CONFIRMED (production decodeIndexedPcx == independent PIL decode),2,2,Metadata/Palettes/landscapes/swamp02.png,embedded PCX 256-colour palette,Metadata/Palettes/landscapes/swamp02__swatch.png,,
789,data\maps\demo_mainmenu_10\text\eng\briefings\palettes\pal_white.bmp,BMP,UI,1ecae2eef5651d133528ca33bd8d2d0aaccacc3af0c47211e1a92596388cb421,DECODED,SOURCE_COMPLETE (PIL standard BMP; no production decoder to compare),320,200,UI/Maps/demo_mainmenu_10/text_eng_briefings_palettes/pal_white.png,,,L,
790,data\engine2d\bin\palettes\creatures\cattle01.pcx,PCX,Palette,b5691f76db0e148c013b6a09ee7778a442ca4ad0a2933e351c6a4f26fcef724c,DECODED,PIXEL_CONFIRMED (production decodeIndexedPcx == independent PIL decode),2,2,Metadata/Palettes/creatures/cattle01.png,embedded PCX 256-colour palette,Metadata/Palettes/creatures/cattle01__swatch.png,,
814,data\maps\campaign_03_01\text\eng\briefings\graphics\01_00.pcx,PCX,UI,e34175837ca56a6efb221dee4ebad8b530b4aaf9cb26f9eee98565e727b2c2b7,DECODED,PIXEL_CONFIRMED (production decodeIndexedPcx == independent PIL decode),306,401,UI/Maps/campaign_03_01/text_eng_briefings_graphics/01_00.png,embedded PCX 256-colour palette,,,
827,data\maps\campaign_03_01\text\eng\briefings\graphics\01_01.pcx,PCX,UI,5903bb8c57d27165916891d078c0e0056720584afdc709def8a793e2b19a545d,DECODED,PIXEL_CONFIRMED (production decodeIndexedPcx == independent PIL decode),238,261,UI/Maps/campaign_03_01/text_eng_briefings_graphics/01_01.png,embedded PCX 256-colour palette,,,
838,data\engine2d\bin\palettes\creatures\special.pcx,PCX,Palette,41dd9e1612cb6729debf54cdaa253bac70bad5ba9eb1b297fb663658f699c5a4,DECODED,PIXEL_CONFIRMED (production decodeIndexedPcx == independent PIL decode),2,2,Metadata/Palettes/creatures/special.png,embedded PCX 256-colour palette,Metadata/Palettes/creatures/special__swatch.png,,
842,data\maps\campaign_03_02\text\eng\briefings\graphics\02_00.pcx,PCX,UI,9c661be38a47fdca9f35c3117e5ec61089a7b6c0c5e4d18a6c9e0ffdd0aff296,DECODED,PIXEL_CONFIRMED (production decodeIndexedPcx == independent PIL decode),366,264,UI/Maps/campaign_03_02/text_eng_briefings_graphics/02_00.png,embedded PCX 256-colour palette,,,
847,data\maps\multiplayer_202_special_millitär\minimap\minimap.pcx,PCX,UI,23d63f5db83bbbec29516f9b80c70d255b0805d9dfeff90266a86763e9c9d6cf,DECODED,PIXEL_CONFIRMED (production decodeIndexedPcx == independent PIL decode),350,160,UI/Maps/multiplayer_202_special_millitär/minimap/minimap.png,embedded PCX 256-colour palette,,,
849,data\engine2d\bin\palettes\goods\goods_wheat.pcx,PCX,Palette,1b1146b4e15d84e40e0a2b6bbcf44e3691eed5c60c3ad6b427e7020f489f6d52,DECODED,PIXEL_CONFIRMED (production decodeIndexedPcx == independent PIL decode),2,2,Metadata/Palettes/goods/goods_wheat.png,embedded PCX 256-colour palette,Metadata/Palettes/goods/goods_wheat__swatch.png,,
852,data\maps\campaign_03_02\text\eng\briefings\graphics\02_01.pcx,PCX,UI,c117fadf9854449aba2a2d1b439ad5249173f72e6240dded8b5045569e0727c8,DECODED,PIXEL_CONFIRMED (production decodeIndexedPcx == independent PIL decode),455,288,UI/Maps/campaign_03_02/text_eng_briefings_graphics/02_01.png,embedded PCX 256-colour palette,,,
858,data\maps\campaign_03_03\text\eng\briefings\graphics\03_00.pcx,PCX,UI,f46ebd08e4d03d46eea37c06d1ca67ff83e2eceac4e084ea1a31b5220c471245,DECODED,PIXEL_CONFIRMED (production decodeIndexedPcx == independent PIL decode),530,268,UI/Maps/campaign_03_03/text_eng_briefings_graphics/03_00.png,embedded PCX 256-colour palette,,,
864,data\engine2d\bin\textures\tran_meadow_megadark_a.pcx,PCX,Terrain,3812e29f754753c1e6fa33bb49f2798b92034992db4e69a80d63eb36a8363894,DECODED,PIXEL_CONFIRMED (production decodeIndexedPcx == independent PIL decode),256,256,Terrain/Textures/tran_meadow_megadark_a.png,embedded PCX 256-colour palette,,,
865,data\maps\campaign_03_03\text\eng\briefings\graphics\03_01.pcx,PCX,UI,314087677d0d010898c83cf9ee4d2b367afec72b26ae467509c72b09905580e6,DECODED,PIXEL_CONFIRMED (production decodeIndexedPcx == independent PIL decode),358,372,UI/Maps/campaign_03_03/text_eng_briefings_graphics/03_01.png,embedded PCX 256-colour palette,,,
867,data\maps\demo_mainmenu_10\text\eng\briefings\palettes\font_dark.pcx,PCX,UI,22393273826e6995f21a7df3f5618365005b80990692b92b0df75c1a69d45d31,DECODED,PIXEL_CONFIRMED (production decodeIndexedPcx == independent PIL decode),300,300,UI/Maps/demo_mainmenu_10/text_eng_briefings_palettes/font_dark.png,embedded PCX 256-colour palette,,,
872,data\maps\campaign_03_04\text\eng\briefings\graphics\04_00.pcx,PCX,UI,30efb4ea9284b5bb6e6525ee3bd03d2f55de18e8b7e69c40418be1d98e50ebd4,DECODED,PIXEL_CONFIRMED (production decodeIndexedPcx == independent PIL decode),463,228,UI/Maps/campaign_03_04/text_eng_briefings_graphics/04_00.png,embedded PCX 256-colour palette,,,
878,data\maps\campaign_03_04\text\eng\briefings\graphics\04_01.pcx,PCX,UI,2e66431ced9d64ae838446ceae527a26ee05c8efc494683b74a78711e39eb2e2,DECODED,PIXEL_CONFIRMED (production decodeIndexedPcx == independent PIL decode),387,258,UI/Maps/campaign_03_04/text_eng_briefings_graphics/04_01.png,embedded PCX 256-colour palette,,,
880,data\engine2d\bin\palettes\landscapes\hausmiller01.pcx,PCX,Palette,0ecf47187511834ac25bfe82cd41f690b07918e31652cb010c2df32a40e02dd6,DECODED,PIXEL_CONFIRMED (production decodeIndexedPcx == independent PIL decode),2,2,Metadata/Palettes/landscapes/hausmiller01.png,embedded PCX 256-colour palette,Metadata/Palettes/landscapes/hausmiller01__swatch.png,,
882,data\maps\campaign_03_05\text\eng\briefings\graphics\05_00.pcx,PCX,UI,6751175382fb2ab1c155620da195cd6888c965e11f6fd8f3bb4673a69685e7dd,DECODED,PIXEL_CONFIRMED (production decodeIndexedPcx == independent PIL decode),407,213,UI/Maps/campaign_03_05/text_eng_briefings_graphics/05_00.png,embedded PCX 256-colour palette,,,
886,data\engine2d\bin\palettes\gui\menu_funatics.pcx,PCX,Palette,22c89f4ec5cdfd4087bf44f42d37a5ce9ab2803fded1c3469833265e6579e187,DECODED,PIXEL_CONFIRMED (production decodeIndexedPcx == independent PIL decode),2,2,Metadata/Palettes/gui/menu_funatics.png,embedded PCX 256-colour palette,Metadata/Palettes/gui/menu_funatics__swatch.png,,
890,data\maps\campaign_03_05\text\eng\briefings\graphics\05_01.pcx,PCX,UI,77513f13b71cb6a171df08c3b409043f15061812d802964d5ad0992c18af4bb0,DECODED,PIXEL_CONFIRMED (production decodeIndexedPcx == independent PIL decode),341,256,UI/Maps/campaign_03_05/text_eng_briefings_graphics/05_01.png,embedded PCX 256-colour palette,,,
892,data\engine2d\bin\palettes\landscapes\ice_statues.pcx,PCX,Palette,66ca193df5c5ab2c7e3a27711f0c1c1d9d56ed030e0eea2555321406928de886,DECODED,PIXEL_CONFIRMED (production decodeIndexedPcx == independent PIL decode),2,2,Metadata/Palettes/landscapes/ice_statues.png,embedded PCX 256-colour palette,Metadata/Palettes/landscapes/ice_statues__swatch.png,,
896,data\maps\campaign_03_06\text\eng\briefings\graphics\06_00.pcx,PCX,UI,c145d7ff89971b2f5e0da972c29cec5ac7ba656f3294c7b61bb432b010b1ab7e,DECODED,PIXEL_CONFIRMED (production decodeIndexedPcx == independent PIL decode),372,256,UI/Maps/campaign_03_06/text_eng_briefings_graphics/06_00.png,embedded PCX 256-colour palette,,,
900,data\engine2d\bin\palettes\landscapes\sphinx.pcx,PCX,Palette,62fed78f382817c2915bf265ca6983359e0fbc9c7c3de466fada6d57f1c1f9c6,DECODED,PIXEL_CONFIRMED (production decodeIndexedPcx == independent PIL decode),2,2,Metadata/Palettes/landscapes/sphinx.png,embedded PCX 256-colour palette,Metadata/Palettes/landscapes/sphinx__swatch.png,,
906,data\maps\campaign_03_06\text\eng\briefings\graphics\06_01.pcx,PCX,UI,8e2a3241bf3333b5a0b87381eb9cb76ee48095e5d4b85edf3280cac6b5dbcf48,DECODED,PIXEL_CONFIRMED (production decodeIndexedPcx == independent PIL decode),372,315,UI/Maps/campaign_03_06/text_eng_briefings_graphics/06_01.png,embedded PCX 256-colour palette,,,
907,data\maps\multiplayer_202_special_millitär\text\eng\briefings\palettes\pal_white.bmp,BMP,UI,1ecae2eef5651d133528ca33bd8d2d0aaccacc3af0c47211e1a92596388cb421,DECODED,SOURCE_COMPLETE (PIL standard BMP; no production decoder to compare),320,200,UI/Maps/multiplayer_202_special_millitär/text_eng_briefings_palettes/pal_white.png,,,L,
908,data\engine2d\bin\palettes\goods\goods_shoes.pcx,PCX,Palette,340bbba762d5c0653569605c55565eb763b06b29eab5583cf5ac531c287c0929,DECODED,PIXEL_CONFIRMED (production decodeIndexedPcx == independent PIL decode),2,2,Metadata/Palettes/goods/goods_shoes.png,embedded PCX 256-colour palette,Metadata/Palettes/goods/goods_shoes__swatch.png,,
915,data\maps\campaign_03_07\text\eng\briefings\graphics\07_00.pcx,PCX,UI,02ae1f0c02e6a9fe04619b4532de7c8519b6ce5aa2b3374f56af50fd395fb1e4,DECODED,PIXEL_CONFIRMED (production decodeIndexedPcx == independent PIL decode),513,270,UI/Maps/campaign_03_07/text_eng_briefings_graphics/07_00.png,embedded PCX 256-colour palette,,,
917,data\engine2d\bin\palettes\goods\goods_water.pcx,PCX,Palette,76c0daefd01245fb4435b36e2478b4b43ac29f6dcfe5765824eed66c825d5803,DECODED,PIXEL_CONFIRMED (production decodeIndexedPcx == independent PIL decode),2,2,Metadata/Palettes/goods/goods_water.png,embedded PCX 256-colour palette,Metadata/Palettes/goods/goods_water__swatch.png,,
918,data\maps\campaign_03_07\text\eng\briefings\graphics\07_01.pcx,PCX,UI,9f7a67b0b3281c1f61884947e04236bc55a9b33c9e0a3d1c375b1782daa8a157,DECODED,PIXEL_CONFIRMED (production decodeIndexedPcx == independent PIL decode),485,262,UI/Maps/campaign_03_07/text_eng_briefings_graphics/07_01.png,embedded PCX 256-colour palette,,,
921,data\engine2d\bin\palettes\creatures\player01.pcx,PCX,Palette,ce20e82212f1c341caf363642ecb9a8f571d947e1f17b28c24eb77fdaa48e4e8,DECODED,PIXEL_CONFIRMED (production decodeIndexedPcx == independent PIL decode),2,2,Metadata/Palettes/creatures/player01.png,embedded PCX 256-colour palette,Metadata/Palettes/creatures/player01__swatch.png,,
922,data\engine2d\bin\palettes\creatures\player10.pcx,PCX,Palette,226fec60ded9194abaecff2a8f2635e6da80780e0868d7c2e1755d5d4141f4dc,DECODED,PIXEL_CONFIRMED (production decodeIndexedPcx == independent PIL decode),2,2,Metadata/Palettes/creatures/player10.png,embedded PCX 256-colour palette,Metadata/Palettes/creatures/player10__swatch.png,,
925,data\maps\singleplayer_03_01\text\eng\briefings\graphics\hero_dead_f.pcx,PCX,UI,85ae117d1a601bc96041dda3281df3eb5501ad9f101582985877368fa763d67a,DECODED,PIXEL_CONFIRMED (production decodeIndexedPcx == independent PIL decode),333,250,UI/Maps/singleplayer_03_01/text_eng_briefings_graphics/hero_dead_f.png,embedded PCX 256-colour palette,,,
928,data\engine2d\bin\palettes\creatures\player02.pcx,PCX,Palette,eea5f318165dbe1c64295785e32ad76ae45da299ffb53d05af44ac7032d42cc9,DECODED,PIXEL_CONFIRMED (production decodeIndexedPcx == independent PIL decode),2,2,Metadata/Palettes/creatures/player02.png,embedded PCX 256-colour palette,Metadata/Palettes/creatures/player02__swatch.png,,
930,data\maps\singleplayer_03_02\text\eng\briefings\graphics\hero_dead_f.pcx,PCX,UI,85ae117d1a601bc96041dda3281df3eb5501ad9f101582985877368fa763d67a,DECODED,PIXEL_CONFIRMED (production decodeIndexedPcx == independent PIL decode),333,250,UI/Maps/singleplayer_03_02/text_eng_briefings_graphics/hero_dead_f.png,embedded PCX 256-colour palette,,,
931,data\text\eng\hypertext\credits\graphics\abstand.pcx,PCX,UI,94d77461fd5b95e7c2f5396d86aafb0d7a65c787e4db8ef42317c0c278b0a17f,DECODED,PIXEL_CONFIRMED (production decodeIndexedPcx == independent PIL decode),300,1,UI/Hypertext/credits_graphics/abstand.png,embedded PCX 256-colour palette,,,
934,data\engine2d\bin\palettes\creatures\player03.pcx,PCX,Palette,6689e796a036eb252f49ed57a151619d7e31875927039697b484a16fff25833f,DECODED,PIXEL_CONFIRMED (production decodeIndexedPcx == independent PIL decode),2,2,Metadata/Palettes/creatures/player03.png,embedded PCX 256-colour palette,Metadata/Palettes/creatures/player03__swatch.png,,
936,data\gui\palettes\bar_hitpoints.pcx,PCX,UI,5e7d76d045c4bea212a6dc9dc242108727ea8e22cfc60e226838e827f3191187,DECODED,PIXEL_CONFIRMED (production decodeIndexedPcx == independent PIL decode),2,2,UI/Palettes/bar_hitpoints.png,embedded PCX 256-colour palette,UI/Palettes/bar_hitpoints__swatch.png,,
938,data\maps\singleplayer_03_03\text\eng\briefings\graphics\hero_dead_f.pcx,PCX,UI,85ae117d1a601bc96041dda3281df3eb5501ad9f101582985877368fa763d67a,DECODED,PIXEL_CONFIRMED (production decodeIndexedPcx == independent PIL decode),333,250,UI/Maps/singleplayer_03_03/text_eng_briefings_graphics/hero_dead_f.png,embedded PCX 256-colour palette,,,
940,data\engine2d\bin\palettes\creatures\player04.pcx,PCX,Palette,e3b09fea7590366d409b8157f8782d1af739df3b425b11f0384567057f5b7d4d,DECODED,PIXEL_CONFIRMED (production decodeIndexedPcx == independent PIL decode),2,2,Metadata/Palettes/creatures/player04.png,embedded PCX 256-colour palette,Metadata/Palettes/creatures/player04__swatch.png,,
941,data\engine2d\bin\palettes\goods\goods_flour.pcx,PCX,Palette,0c92213870ad0d4662bac2cf4ae6bb243fb66a306299a157d7b3f055af7d2d2b,DECODED,PIXEL_CONFIRMED (production decodeIndexedPcx == independent PIL decode),2,2,Metadata/Palettes/goods/goods_flour.png,embedded PCX 256-colour palette,Metadata/Palettes/goods/goods_flour__swatch.png,,
943,data\maps\multiplayer_202_special_millitär\text\eng\briefings\palettes\font_dark.pcx,PCX,UI,22393273826e6995f21a7df3f5618365005b80990692b92b0df75c1a69d45d31,DECODED,PIXEL_CONFIRMED (production decodeIndexedPcx == independent PIL decode),300,300,UI/Maps/multiplayer_202_special_millitär/text_eng_briefings_palettes/font_dark.png,embedded PCX 256-colour palette,,,
944,data\maps\singleplayer_03_04\text\eng\briefings\graphics\hero_dead_f.pcx,PCX,UI,85ae117d1a601bc96041dda3281df3eb5501ad9f101582985877368fa763d67a,DECODED,PIXEL_CONFIRMED (production decodeIndexedPcx == independent PIL decode),333,250,UI/Maps/singleplayer_03_04/text_eng_briefings_graphics/hero_dead_f.png,embedded PCX 256-colour palette,,,
946,data\engine2d\bin\palettes\creatures\player05.pcx,PCX,Palette,55c4094fb07b5a7ab0426c111228083e075a9b1d3a1788399c404840251da5a6,DECODED,PIXEL_CONFIRMED (production decodeIndexedPcx == independent PIL decode),2,2,Metadata/Palettes/creatures/player05.png,embedded PCX 256-colour palette,Metadata/Palettes/creatures/player05__swatch.png,,
947,data\engine2d\bin\palettes\goods\goods_stone.pcx,PCX,Palette,2dadf7f9d12bc77b5b4e5c23a9d78bbf72719a6db680b7fdce102c69b9406bc0,DECODED,PIXEL_CONFIRMED (production decodeIndexedPcx == independent PIL decode),2,2,Metadata/Palettes/goods/goods_stone.png,embedded PCX 256-colour palette,Metadata/Palettes/goods/goods_stone__swatch.png,,
948,data\engine2d\bin\palettes\landscapes\ruins_frank.pcx,PCX,Palette,197547d0889ce190941b851a0457c1545fc5fe719a1b0a1c978ead3d4dfff472,DECODED,PIXEL_CONFIRMED (production decodeIndexedPcx == independent PIL decode),2,2,Metadata/Palettes/landscapes/ruins_frank.png,embedded PCX 256-colour palette,Metadata/Palettes/landscapes/ruins_frank__swatch.png,,
950,data\maps\singleplayer_03_05\text\eng\briefings\graphics\hero_dead_f.pcx,PCX,UI,85ae117d1a601bc96041dda3281df3eb5501ad9f101582985877368fa763d67a,DECODED,PIXEL_CONFIRMED (production decodeIndexedPcx == independent PIL decode),333,250,UI/Maps/singleplayer_03_05/text_eng_briefings_graphics/hero_dead_f.png,embedded PCX 256-colour palette,,,
951,data\engine2d\bin\palettes\creatures\player06.pcx,PCX,Palette,a32dc52c2a49c45a0fbb65e2b05aa02036f491d52d21ae9d617bed6ba7b7f906,DECODED,PIXEL_CONFIRMED (production decodeIndexedPcx == independent PIL decode),2,2,Metadata/Palettes/creatures/player06.png,embedded PCX 256-colour palette,Metadata/Palettes/creatures/player06__swatch.png,,
956,data\engine2d\bin\palettes\creatures\player07.pcx,PCX,Palette,db971ec6f09c4c92104ec1e2f6cd870a9090714d0cc46f5ab3762d4577ea975b,DECODED,PIXEL_CONFIRMED (production decodeIndexedPcx == independent PIL decode),2,2,Metadata/Palettes/creatures/player07.png,embedded PCX 256-colour palette,Metadata/Palettes/creatures/player07__swatch.png,,
958,data\engine2d\bin\textures\tran_swamp_a.pcx,PCX,Terrain,9d6a09e69efc7e61d723485be7305c52145545ef2df662c0f7d9c9d197104142,DECODED,PIXEL_CONFIRMED (production decodeIndexedPcx == independent PIL decode),256,256,Terrain/Textures/tran_swamp_a.png,embedded PCX 256-colour palette,,,
960,data\engine2d\bin\palettes\creatures\player08.pcx,PCX,Palette,c8a61884fae0ec8a00ccbbbc94f7a14464779e5a61b0add95c35ee0305e4a966,DECODED,PIXEL_CONFIRMED (production decodeIndexedPcx == independent PIL decode),2,2,Metadata/Palettes/creatures/player08.png,embedded PCX 256-colour palette,Metadata/Palettes/creatures/player08__swatch.png,,
961,data\engine2d\bin\palettes\landscapes\system.pcx,PCX,Palette,c079258d25f1249c90f9911f845fa85a93a259499a38e5b098f87e55ca19bc75,DECODED,PIXEL_CONFIRMED (production decodeIndexedPcx == independent PIL decode),2,2,Metadata/Palettes/landscapes/system.png,embedded PCX 256-colour palette,Metadata/Palettes/landscapes/system__swatch.png,,
967,data\engine2d\bin\palettes\creatures\player09.pcx,PCX,Palette,f453d3b2c1b207848b3ed0563efd7f0dfc1ee032d90bb27dfa00e034defdd924,DECODED,PIXEL_CONFIRMED (production decodeIndexedPcx == independent PIL decode),2,2,Metadata/Palettes/creatures/player09.png,embedded PCX 256-colour palette,Metadata/Palettes/creatures/player09__swatch.png,,
968,data\engine2d\bin\palettes\landscapes\fire.pcx,PCX,Palette,cdc4d2fd5a72391aacadae2fbe4e429d022baeed2bf36cf43b5fa85bbe196e75,DECODED,PIXEL_CONFIRMED (production decodeIndexedPcx == independent PIL decode),2,2,Metadata/Palettes/landscapes/fire.png,embedded PCX 256-colour palette,Metadata/Palettes/landscapes/fire__swatch.png,,
969,data\engine2d\bin\palettes\landscapes\gold.pcx,PCX,Palette,d5905f20be237984c350c51475c4239a47e2e711108933fa78b0b60b333ec7d7,DECODED,PIXEL_CONFIRMED (production decodeIndexedPcx == independent PIL decode),2,2,Metadata/Palettes/landscapes/gold.png,embedded PCX 256-colour palette,Metadata/Palettes/landscapes/gold__swatch.png,,
971,data\maps\campaign_03_01\text\eng\briefings\graphics\people_dead_f.pcx,PCX,UI,56981238a99ffb1d4378172c0874ebc9eabf2b553f9694e22819dde2b815a0f5,DECODED,PIXEL_CONFIRMED (production decodeIndexedPcx == independent PIL decode),350,250,UI/Maps/campaign_03_01/text_eng_briefings_graphics/people_dead_f.png,embedded PCX 256-colour palette,,,
974,data\engine2d\bin\palettes\creatures\test_human_00.pcx,PCX,Palette,6be565ad10b3db5f02fbf99753c8b4f365af4286013b2c083e2dbc9429d13e0d,DECODED,PIXEL_CONFIRMED (production decodeIndexedPcx == independent PIL decode),2,2,Metadata/Palettes/creatures/test_human_00.png,embedded PCX 256-colour palette,Metadata/Palettes/creatures/test_human_00__swatch.png,,
975,data\engine2d\bin\palettes\goods\goods_sword.pcx,PCX,Palette,fdc9a20831a21e54e6b6a935dd6262f3116b0a36bdd4885767fefd367d18607d,DECODED,PIXEL_CONFIRMED (production decodeIndexedPcx == independent PIL decode),2,2,Metadata/Palettes/goods/goods_sword.png,embedded PCX 256-colour palette,Metadata/Palettes/goods/goods_sword__swatch.png,,
976,data\gui\palettes\campaignmap.pcx,PCX,UI,2f9cf51e07e76628f17ed2cb36f46229e9542233357004a38e1dd06b2b34a6da,DECODED,PIXEL_CONFIRMED (production decodeIndexedPcx == independent PIL decode),2,2,UI/Palettes/campaignmap.png,embedded PCX 256-colour palette,UI/Palettes/campaignmap__swatch.png,,
977,data\maps\campaign_03_03\text\eng\briefings\graphics\people_dead_f.pcx,PCX,UI,56981238a99ffb1d4378172c0874ebc9eabf2b553f9694e22819dde2b815a0f5,DECODED,PIXEL_CONFIRMED (production decodeIndexedPcx == independent PIL decode),350,250,UI/Maps/campaign_03_03/text_eng_briefings_graphics/people_dead_f.png,embedded PCX 256-colour palette,,,
978,data\maps\singleplayer_03_01-sub1\text\eng\briefings\palettes\pal_white.bmp,BMP,UI,1ecae2eef5651d133528ca33bd8d2d0aaccacc3af0c47211e1a92596388cb421,DECODED,SOURCE_COMPLETE (PIL standard BMP; no production decoder to compare),320,200,UI/Maps/singleplayer_03_01-sub1/text_eng_briefings_palettes/pal_white.png,,,L,
981,data\engine2d\bin\palettes\landscapes\clay.pcx,PCX,Palette,e575eca1eda5fe91b2408df0cd6c2545b4fe3521a5d3b4a248a4e3d58c3aa04b,DECODED,PIXEL_CONFIRMED (production decodeIndexedPcx == independent PIL decode),2,2,Metadata/Palettes/landscapes/clay.png,embedded PCX 256-colour palette,Metadata/Palettes/landscapes/clay__swatch.png,,
982,data\maps\campaign_03_04\text\eng\briefings\graphics\people_dead_f.pcx,PCX,UI,56981238a99ffb1d4378172c0874ebc9eabf2b553f9694e22819dde2b815a0f5,DECODED,PIXEL_CONFIRMED (production decodeIndexedPcx == independent PIL decode),350,250,UI/Maps/campaign_03_04/text_eng_briefings_graphics/people_dead_f.png,embedded PCX 256-colour palette,,,
984,data\engine2d\bin\palettes\gui\gui_bubbles.pcx,PCX,Palette,dcaddae24166e956985beba12fcd293e48240fdae588d6cc8f89b4a1881581f5,DECODED,PIXEL_CONFIRMED (production decodeIndexedPcx == independent PIL decode),2,2,Metadata/Palettes/gui/gui_bubbles.png,embedded PCX 256-colour palette,Metadata/Palettes/gui/gui_bubbles__swatch.png,,
985,data\engine2d\bin\palettes\goods\goods_spear_iron.pcx,PCX,Palette,855ae20a6e3d73acf35a2c442fd3becfa6c4f1f44649f99fe12f15999d18f8fb,DECODED,PIXEL_CONFIRMED (production decodeIndexedPcx == independent PIL decode),2,2,Metadata/Palettes/goods/goods_spear_iron.png,embedded PCX 256-colour palette,Metadata/Palettes/goods/goods_spear_iron__swatch.png,,
986,data\maps\campaign_03_03_sub1\text\eng\briefings\graphics\hero_dead_f.pcx,PCX,UI,85ae117d1a601bc96041dda3281df3eb5501ad9f101582985877368fa763d67a,DECODED,PIXEL_CONFIRMED (production decodeIndexedPcx == independent PIL decode),333,250,UI/Maps/campaign_03_03_sub1/text_eng_briefings_graphics/hero_dead_f.png,embedded PCX 256-colour palette,,,
987,data\maps\campaign_03_06\text\eng\briefings\graphics\people_dead_f.pcx,PCX,UI,56981238a99ffb1d4378172c0874ebc9eabf2b553f9694e22819dde2b815a0f5,DECODED,PIXEL_CONFIRMED (production decodeIndexedPcx == independent PIL decode),350,250,UI/Maps/campaign_03_06/text_eng_briefings_graphics/people_dead_f.png,embedded PCX 256-colour palette,,,
989,data\maps\campaign_03_03_sub2\text\eng\briefings\graphics\hero_dead_f.pcx,PCX,UI,85ae117d1a601bc96041dda3281df3eb5501ad9f101582985877368fa763d67a,DECODED,PIXEL_CONFIRMED (production decodeIndexedPcx == independent PIL decode),333,250,UI/Maps/campaign_03_03_sub2/text_eng_briefings_graphics/hero_dead_f.png,embedded PCX 256-colour palette,,,
990,data\maps\campaign_03_07\text\eng\briefings\graphics\people_dead_f.pcx,PCX,UI,56981238a99ffb1d4378172c0874ebc9eabf2b553f9694e22819dde2b815a0f5,DECODED,PIXEL_CONFIRMED (production decodeIndexedPcx == independent PIL decode),350,250,UI/Maps/campaign_03_07/text_eng_briefings_graphics/people_dead_f.png,embedded PCX 256-colour palette,,,
993,data\engine2d\bin\textures\tran_ice_a.pcx,PCX,Terrain,10b5d633a8f7a763ab790a54ba2c8e2468347dfb0555418a70e7677404cdde49,DECODED,PIXEL_CONFIRMED (production decodeIndexedPcx == independent PIL decode),256,256,Terrain/Textures/tran_ice_a.png,embedded PCX 256-colour palette,,,
996,data\maps\campaign_03_03_sub3\text\eng\briefings\graphics\hero_dead_f.pcx,PCX,UI,85ae117d1a601bc96041dda3281df3eb5501ad9f101582985877368fa763d67a,DECODED,PIXEL_CONFIRMED (production decodeIndexedPcx == independent PIL decode),333,250,UI/Maps/campaign_03_03_sub3/text_eng_briefings_graphics/hero_dead_f.png,embedded PCX 256-colour palette,,,
997,data\maps\campaign_03_05_sub1\text\eng\briefings\graphics\hero_dead_f.pcx,PCX,UI,85ae117d1a601bc96041dda3281df3eb5501ad9f101582985877368fa763d67a,DECODED,PIXEL_CONFIRMED (production decodeIndexedPcx == independent PIL decode),333,250,UI/Maps/campaign_03_05_sub1/text_eng_briefings_graphics/hero_dead_f.png,embedded PCX 256-colour palette,,,
998,data\maps\campaign_03_08\text\eng\briefings\graphics\people_dead_f.pcx,PCX,UI,56981238a99ffb1d4378172c0874ebc9eabf2b553f9694e22819dde2b815a0f5,DECODED,PIXEL_CONFIRMED (production decodeIndexedPcx == independent PIL decode),350,250,UI/Maps/campaign_03_08/text_eng_briefings_graphics/people_dead_f.png,embedded PCX 256-colour palette,,,
1002,data\maps\campaign_03_05_sub2\text\eng\briefings\graphics\hero_dead_f.pcx,PCX,UI,85ae117d1a601bc96041dda3281df3eb5501ad9f101582985877368fa763d67a,DECODED,PIXEL_CONFIRMED (production decodeIndexedPcx == independent PIL decode),333,250,UI/Maps/campaign_03_05_sub2/text_eng_briefings_graphics/hero_dead_f.png,embedded PCX 256-colour palette,,,
1003,data\maps\campaign_03_06_sub1\text\eng\briefings\graphics\hero_dead_f.pcx,PCX,UI,85ae117d1a601bc96041dda3281df3eb5501ad9f101582985877368fa763d67a,DECODED,PIXEL_CONFIRMED (production decodeIndexedPcx == independent PIL decode),333,250,UI/Maps/campaign_03_06_sub1/text_eng_briefings_graphics/hero_dead_f.png,embedded PCX 256-colour palette,,,
1006,data\engine2d\bin\textures\overlay_road.pcx,PCX,Terrain,0b56eb776af5fbee02329dbdd214c77e3408f678cafe363c50f2f5f349cdd5d7,DECODED,PIXEL_CONFIRMED (production decodeIndexedPcx == independent PIL decode),256,256,Terrain/Textures/overlay_road.png,embedded PCX 256-colour palette,,,
1007,data\maps\campaign_03_06_sub2\text\eng\briefings\graphics\hero_dead_f.pcx,PCX,UI,85ae117d1a601bc96041dda3281df3eb5501ad9f101582985877368fa763d67a,DECODED,PIXEL_CONFIRMED (production decodeIndexedPcx == independent PIL decode),333,250,UI/Maps/campaign_03_06_sub2/text_eng_briefings_graphics/hero_dead_f.png,embedded PCX 256-colour palette,,,
1008,data\maps\singleplayer_03_01-sub1\text\eng\briefings\palettes\font_dark.pcx,PCX,UI,22393273826e6995f21a7df3f5618365005b80990692b92b0df75c1a69d45d31,DECODED,PIXEL_CONFIRMED (production decodeIndexedPcx == independent PIL decode),300,300,UI/Maps/singleplayer_03_01-sub1/text_eng_briefings_palettes/font_dark.png,embedded PCX 256-colour palette,,,
1009,data\text\eng\hypertext\history\palettes\font_dark.pcx,PCX,UI,22393273826e6995f21a7df3f5618365005b80990692b92b0df75c1a69d45d31,DECODED,PIXEL_CONFIRMED (production decodeIndexedPcx == independent PIL decode),300,300,UI/Hypertext/history_palettes/font_dark.png,embedded PCX 256-colour palette,,,
1011,data\gui\palettes\font_dimmed.pcx,PCX,UI,7d88d104355b0805058b0372a5e04a06b2885214fcfcc96547d37d16b7ae5fce,DECODED,PIXEL_CONFIRMED (production decodeIndexedPcx == independent PIL decode),2,2,UI/Palettes/font_dimmed.png,embedded PCX 256-colour palette,UI/Palettes/font_dimmed__swatch.png,,
1013,data\engine2d\bin\palettes\creatures\wolves01.pcx,PCX,Palette,7db5b2eac2363dbaf5fcd212e6501f9fd1b011d421c9a6c475de4cec9115e8ab,DECODED,PIXEL_CONFIRMED (production decodeIndexedPcx == independent PIL decode),2,2,Metadata/Palettes/creatures/wolves01.png,embedded PCX 256-colour palette,Metadata/Palettes/creatures/wolves01__swatch.png,,
1017,data\engine2d\bin\palettes\landscapes\lion.pcx,PCX,Palette,65fe6cd170640f0dbf5dabd76e6d899f6785fbfb6af29f6b7c891a855822265d,DECODED,PIXEL_CONFIRMED (production decodeIndexedPcx == independent PIL decode),2,2,Metadata/Palettes/landscapes/lion.png,embedded PCX 256-colour palette,Metadata/Palettes/landscapes/lion__swatch.png,,
1047,data\text\eng\hypertext\ingamehelp\palettes\font_dark.pcx,PCX,UI,22393273826e6995f21a7df3f5618365005b80990692b92b0df75c1a69d45d31,DECODED,PIXEL_CONFIRMED (production decodeIndexedPcx == independent PIL decode),300,300,UI/Hypertext/ingamehelp_palettes/font_dark.png,embedded PCX 256-colour palette,,,
1049,data\engine2d\bin\palettes\landscapes\iron.pcx,PCX,Palette,b34b142d1c95f19abcec8543cc1ca72105ab04d12de24d07f6021d7672d0cf3f,DECODED,PIXEL_CONFIRMED (production decodeIndexedPcx == independent PIL decode),2,2,Metadata/Palettes/landscapes/iron.png,embedded PCX 256-colour palette,Metadata/Palettes/landscapes/iron__swatch.png,,
1135,data\engine2d\bin\palettes\misc\vertexcolors.pcx,PCX,Palette,f1c155a8c57a5502142714f49a304dc285c4f364445b5bb2ef34ae894999b57e,DECODED,PIXEL_CONFIRMED (production decodeIndexedPcx == independent PIL decode),2,2,Metadata/Palettes/misc/vertexcolors.png,embedded PCX 256-colour palette,Metadata/Palettes/misc/vertexcolors__swatch.png,,
1150,data\engine2d\bin\textures\tran_water_bright.pcx,PCX,Terrain,a6995c57f5639948b9534d1aecd87a113f1f8f22c7da585518344ad0f63140c0,DECODED,PIXEL_CONFIRMED (production decodeIndexedPcx == independent PIL decode),256,256,Terrain/Textures/tran_water_bright.png,embedded PCX 256-colour palette,,,
1183,data\engine2d\bin\palettes\goods\goods_bow.pcx,PCX,Palette,7d19cbaec45a7343eeb8cb6b90abcc73e4b8d300353704c5bd9643ffceb241a1,DECODED,PIXEL_CONFIRMED (production decodeIndexedPcx == independent PIL decode),2,2,Metadata/Palettes/goods/goods_bow.png,embedded PCX 256-colour palette,Metadata/Palettes/goods/goods_bow__swatch.png,,
1210,data\engine2d\bin\textures\tran_mud_a.pcx,PCX,Terrain,ccd0a6c77f81ecf9207dfe31d6e926932dd29bae8068e2a2a949572425a6beda,DECODED,PIXEL_CONFIRMED (production decodeIndexedPcx == independent PIL decode),256,256,Terrain/Textures/tran_mud_a.png,embedded PCX 256-colour palette,,,
1251,data\engine2d\bin\palettes\creatures\ship01.pcx,PCX,Palette,a865d2cb0558ded700cbb36f62829e32c43ff23fa2f3e50709962695c94f1b97,DECODED,PIXEL_CONFIRMED (production decodeIndexedPcx == independent PIL decode),2,2,Metadata/Palettes/creatures/ship01.png,embedded PCX 256-colour palette,Metadata/Palettes/creatures/ship01__swatch.png,,
1252,data\engine2d\bin\palettes\creatures\ship10.pcx,PCX,Palette,1798278b878783f480cd041dfcac3a32c99961fcc2bbe912c53e0c15550b77eb,DECODED,PIXEL_CONFIRMED (production decodeIndexedPcx == independent PIL decode),2,2,Metadata/Palettes/creatures/ship10.png,embedded PCX 256-colour palette,Metadata/Palettes/creatures/ship10__swatch.png,,
1253,data\engine2d\bin\palettes\landscapes\tree_yew01.pcx,PCX,Palette,1eb650648ecec2495b80f5db37cfb68443673506d4e9c724e5bb914f28f0da0e,DECODED,PIXEL_CONFIRMED (production decodeIndexedPcx == independent PIL decode),2,2,Metadata/Palettes/landscapes/tree_yew01.png,embedded PCX 256-colour palette,Metadata/Palettes/landscapes/tree_yew01__swatch.png,,
1270,data\engine2d\bin\palettes\creatures\ship02.pcx,PCX,Palette,370beafcf00bc8cc8e145632057b5ad473e4a76f8fef3948b28c55b76d03fbd3,DECODED,PIXEL_CONFIRMED (production decodeIndexedPcx == independent PIL decode),2,2,Metadata/Palettes/creatures/ship02.png,embedded PCX 256-colour palette,Metadata/Palettes/creatures/ship02__swatch.png,,
1286,data\engine2d\bin\palettes\creatures\ship03.pcx,PCX,Palette,5bffdd9897953cb2bb8aa71a6b181c8693516fecf760b0e13f9c4ddfd3d84d23,DECODED,PIXEL_CONFIRMED (production decodeIndexedPcx == independent PIL decode),2,2,Metadata/Palettes/creatures/ship03.png,embedded PCX 256-colour palette,Metadata/Palettes/creatures/ship03__swatch.png,,
1297,data\engine2d\bin\palettes\creatures\ship04.pcx,PCX,Palette,a62ad8a39629f89af0268b19a58c1d621b9b2fd0937562484efb01bacf65d13e,DECODED,PIXEL_CONFIRMED (production decodeIndexedPcx == independent PIL decode),2,2,Metadata/Palettes/creatures/ship04.png,embedded PCX 256-colour palette,Metadata/Palettes/creatures/ship04__swatch.png,,
1308,data\engine2d\bin\palettes\creatures\ship05.pcx,PCX,Palette,b7b118cb1e454d06e5f272cd57e555a018745a5c503f9056dbc8398ea6c3c411,DECODED,PIXEL_CONFIRMED (production decodeIndexedPcx == independent PIL decode),2,2,Metadata/Palettes/creatures/ship05.png,embedded PCX 256-colour palette,Metadata/Palettes/creatures/ship05__swatch.png,,
1318,data\engine2d\bin\palettes\creatures\ship06.pcx,PCX,Palette,1a72e70584db1f15501cc89ea357947232e2f64b7237f10131dc7cc8361fe18b,DECODED,PIXEL_CONFIRMED (production decodeIndexedPcx == independent PIL decode),2,2,Metadata/Palettes/creatures/ship06.png,embedded PCX 256-colour palette,Metadata/Palettes/creatures/ship06__swatch.png,,
1328,data\engine2d\bin\palettes\creatures\ship07.pcx,PCX,Palette,2d2b24ca495d9802ec47eca86fc4a52b07ee640938c6b4e91359063b6170f40f,DECODED,PIXEL_CONFIRMED (production decodeIndexedPcx == independent PIL decode),2,2,Metadata/Palettes/creatures/ship07.png,embedded PCX 256-colour palette,Metadata/Palettes/creatures/ship07__swatch.png,,
1333,data\maps\multiplayer_205_special_cap-the-cow\minimap\minimap.pcx,PCX,UI,e793dc831964a5948273d3100bd6f7644dff14f8a341bc158b2eea7aa854be8d,DECODED,PIXEL_CONFIRMED (production decodeIndexedPcx == independent PIL decode),350,160,UI/Maps/multiplayer_205_special_cap-the-cow/minimap/minimap.png,embedded PCX 256-colour palette,,,
1336,data\engine2d\bin\palettes\creatures\ship08.pcx,PCX,Palette,bf7a78c393a802b902048f95fb9250e10c337c503d69ae0051e6366108474c50,DECODED,PIXEL_CONFIRMED (production decodeIndexedPcx == independent PIL decode),2,2,Metadata/Palettes/creatures/ship08.png,embedded PCX 256-colour palette,Metadata/Palettes/creatures/ship08__swatch.png,,
1339,data\engine2d\bin\palettes\creatures\ship09.pcx,PCX,Palette,4d786420be5e0f315f6e459c812392dfbb298405e5685aebc60d26e63689edff,DECODED,PIXEL_CONFIRMED (production decodeIndexedPcx == independent PIL decode),2,2,Metadata/Palettes/creatures/ship09.png,embedded PCX 256-colour palette,Metadata/Palettes/creatures/ship09__swatch.png,,
1346,data\engine2d\bin\textures\tran_concrete_a.pcx,PCX,Terrain,04c127d2783d9dab251e8e06d1cee19062c599b66fb35925f16e903b551e3a0a,DECODED,PIXEL_CONFIRMED (production decodeIndexedPcx == independent PIL decode),256,256,Terrain/Textures/tran_concrete_a.png,embedded PCX 256-colour palette,,,
1347,data\gui\palettes\ingame_remap_01.pcx,PCX,UI,43bc1219c4491e930b780d109a0b10d4926ed71809dff392d54da199ef5bdb8f,DECODED,PIXEL_CONFIRMED (production decodeIndexedPcx == independent PIL decode),2,2,UI/Palettes/ingame_remap_01.png,embedded PCX 256-colour palette,UI/Palettes/ingame_remap_01__swatch.png,,
1348,data\maps\campaign_03_01\text\eng\briefings\graphics\hero_dead_f.pcx,PCX,UI,85ae117d1a601bc96041dda3281df3eb5501ad9f101582985877368fa763d67a,DECODED,PIXEL_CONFIRMED (production decodeIndexedPcx == independent PIL decode),333,250,UI/Maps/campaign_03_01/text_eng_briefings_graphics/hero_dead_f.png,embedded PCX 256-colour palette,,,
1351,data\engine2d\bin\palettes\landscapes\shipwreck.pcx,PCX,Palette,e8111782c53d0c28c8e09dccef9b91c2fe2350e018f4a1c04861f0ef623cb9a1,DECODED,PIXEL_CONFIRMED (production decodeIndexedPcx == independent PIL decode),2,2,Metadata/Palettes/landscapes/shipwreck.png,embedded PCX 256-colour palette,Metadata/Palettes/landscapes/shipwreck__swatch.png,,
1354,data\gui\palettes\ingame_remap_02.pcx,PCX,UI,3c25ba5a513ca50d5ccd34a118b335201f4f36e6dddb6f2e5b9f3b0ecd1d6d55,DECODED,PIXEL_CONFIRMED (production decodeIndexedPcx == independent PIL decode),2,2,UI/Palettes/ingame_remap_02.png,embedded PCX 256-colour palette,UI/Palettes/ingame_remap_02__swatch.png,,
1356,data\maps\campaign_03_02\text\eng\briefings\graphics\hero_dead_f.pcx,PCX,UI,85ae117d1a601bc96041dda3281df3eb5501ad9f101582985877368fa763d67a,DECODED,PIXEL_CONFIRMED (production decodeIndexedPcx == independent PIL decode),333,250,UI/Maps/campaign_03_02/text_eng_briefings_graphics/hero_dead_f.png,embedded PCX 256-colour palette,,,
1362,data\gui\palettes\bg_hilite.pcx,PCX,UI,b878a4c303e6632407d65bceb3156f4e8c9e9f58d3292e7bb2fd1e0a7edcd577,DECODED,PIXEL_CONFIRMED (production decodeIndexedPcx == independent PIL decode),2,2,UI/Palettes/bg_hilite.png,embedded PCX 256-colour palette,UI/Palettes/bg_hilite__swatch.png,,
1363,data\gui\palettes\ingame_remap_03.pcx,PCX,UI,fbff50137fa5d8385fd9899eac735441aebd686fa9049288e02a0b30cf41e1e6,DECODED,PIXEL_CONFIRMED (production decodeIndexedPcx == independent PIL decode),2,2,UI/Palettes/ingame_remap_03.png,embedded PCX 256-colour palette,UI/Palettes/ingame_remap_03__swatch.png,,
1365,data\maps\campaign_03_03\text\eng\briefings\graphics\hero_dead_f.pcx,PCX,UI,85ae117d1a601bc96041dda3281df3eb5501ad9f101582985877368fa763d67a,DECODED,PIXEL_CONFIRMED (production decodeIndexedPcx == independent PIL decode),333,250,UI/Maps/campaign_03_03/text_eng_briefings_graphics/hero_dead_f.png,embedded PCX 256-colour palette,,,
1369,data\engine2d\bin\palettes\landscapes\rockwater.pcx,PCX,Palette,8f0d90f29dffd2df9d9b526bd38e8abea0999d72f1c015168d2c3297abe7b332,DECODED,PIXEL_CONFIRMED (production decodeIndexedPcx == independent PIL decode),2,2,Metadata/Palettes/landscapes/rockwater.png,embedded PCX 256-colour palette,Metadata/Palettes/landscapes/rockwater__swatch.png,,
1374,data\maps\campaign_03_04\text\eng\briefings\graphics\hero_dead_f.pcx,PCX,UI,85ae117d1a601bc96041dda3281df3eb5501ad9f101582985877368fa763d67a,DECODED,PIXEL_CONFIRMED (production decodeIndexedPcx == independent PIL decode),333,250,UI/Maps/campaign_03_04/text_eng_briefings_graphics/hero_dead_f.png,embedded PCX 256-colour palette,,,
1384,data\maps\campaign_03_05\text\eng\briefings\graphics\hero_dead_f.pcx,PCX,UI,85ae117d1a601bc96041dda3281df3eb5501ad9f101582985877368fa763d67a,DECODED,PIXEL_CONFIRMED (production decodeIndexedPcx == independent PIL decode),333,250,UI/Maps/campaign_03_05/text_eng_briefings_graphics/hero_dead_f.png,embedded PCX 256-colour palette,,,
1385,data\maps\tutorial_001\text\eng\briefings\palettes\pal_white.bmp,BMP,UI,1ecae2eef5651d133528ca33bd8d2d0aaccacc3af0c47211e1a92596388cb421,DECODED,SOURCE_COMPLETE (PIL standard BMP; no production decoder to compare),320,200,UI/Maps/tutorial_001/text_eng_briefings_palettes/pal_white.png,,,L,
1395,data\engine2d\bin\textures\tran_meadow_megadark.pcx,PCX,Terrain,c53ef86f4fbefd449c253365c5d9e277c39fc206aa4c53e42b69646de9ec4e63,DECODED,PIXEL_CONFIRMED (production decodeIndexedPcx == independent PIL decode),256,256,Terrain/Textures/tran_meadow_megadark.png,embedded PCX 256-colour palette,,,
1396,data\maps\campaign_03_06\text\eng\briefings\graphics\hero_dead_f.pcx,PCX,UI,85ae117d1a601bc96041dda3281df3eb5501ad9f101582985877368fa763d67a,DECODED,PIXEL_CONFIRMED (production decodeIndexedPcx == independent PIL decode),333,250,UI/Maps/campaign_03_06/text_eng_briefings_graphics/hero_dead_f.png,embedded PCX 256-colour palette,,,
1397,data\maps\multiplayer_205_special_cap-the-cow\text\eng\briefings\palettes\pal_white.bmp,BMP,UI,1ecae2eef5651d133528ca33bd8d2d0aaccacc3af0c47211e1a92596388cb421,DECODED,SOURCE_COMPLETE (PIL standard BMP; no production decoder to compare),320,200,UI/Maps/multiplayer_205_special_cap-the-cow/text_eng_briefings_palettes/pal_white.png,,,L,
1399,data\maps\tutorial_002\text\eng\briefings\palettes\pal_white.bmp,BMP,UI,1ecae2eef5651d133528ca33bd8d2d0aaccacc3af0c47211e1a92596388cb421,DECODED,SOURCE_COMPLETE (PIL standard BMP; no production decoder to compare),320,200,UI/Maps/tutorial_002/text_eng_briefings_palettes/pal_white.png,,,L,
1408,data\maps\campaign_03_07\text\eng\briefings\graphics\hero_dead_f.pcx,PCX,UI,85ae117d1a601bc96041dda3281df3eb5501ad9f101582985877368fa763d67a,DECODED,PIXEL_CONFIRMED (production decodeIndexedPcx == independent PIL decode),333,250,UI/Maps/campaign_03_07/text_eng_briefings_graphics/hero_dead_f.png,embedded PCX 256-colour palette,,,
1409,data\maps\tutorial_003\text\eng\briefings\palettes\pal_white.bmp,BMP,UI,1ecae2eef5651d133528ca33bd8d2d0aaccacc3af0c47211e1a92596388cb421,DECODED,SOURCE_COMPLETE (PIL standard BMP; no production decoder to compare),320,200,UI/Maps/tutorial_003/text_eng_briefings_palettes/pal_white.png,,,L,
1417,data\maps\campaign_03_08\text\eng\briefings\graphics\hero_dead_f.pcx,PCX,UI,85ae117d1a601bc96041dda3281df3eb5501ad9f101582985877368fa763d67a,DECODED,PIXEL_CONFIRMED (production decodeIndexedPcx == independent PIL decode),333,250,UI/Maps/campaign_03_08/text_eng_briefings_graphics/hero_dead_f.png,embedded PCX 256-colour palette,,,
1420,data\maps\tutorial_004\text\eng\briefings\palettes\pal_white.bmp,BMP,UI,1ecae2eef5651d133528ca33bd8d2d0aaccacc3af0c47211e1a92596388cb421,DECODED,SOURCE_COMPLETE (PIL standard BMP; no production decoder to compare),320,200,UI/Maps/tutorial_004/text_eng_briefings_palettes/pal_white.png,,,L,
1428,data\maps\tutorial_005\text\eng\briefings\palettes\pal_white.bmp,BMP,UI,1ecae2eef5651d133528ca33bd8d2d0aaccacc3af0c47211e1a92596388cb421,DECODED,SOURCE_COMPLETE (PIL standard BMP; no production decoder to compare),320,200,UI/Maps/tutorial_005/text_eng_briefings_palettes/pal_white.png,,,L,
1431,data\engine2d\bin\palettes\landscapes\rocksnow02.pcx,PCX,Palette,6d06165f58de2abc33771f41a441a8b1cb14c2ab21b9483a5564f71b059cd4d4,DECODED,PIXEL_CONFIRMED (production decodeIndexedPcx == independent PIL decode),2,2,Metadata/Palettes/landscapes/rocksnow02.png,embedded PCX 256-colour palette,Metadata/Palettes/landscapes/rocksnow02__swatch.png,,
1432,data\engine2d\bin\palettes\landscapes\treesnow01.pcx,PCX,Palette,e50f3b5aa9d1b8bc60688275f2d1d862aaea0c7841f51ecc588bcef46e322388,DECODED,PIXEL_CONFIRMED (production decodeIndexedPcx == independent PIL decode),2,2,Metadata/Palettes/landscapes/treesnow01.png,embedded PCX 256-colour palette,Metadata/Palettes/landscapes/treesnow01__swatch.png,,
1438,data\maps\tutorial_006\text\eng\briefings\palettes\pal_white.bmp,BMP,UI,1ecae2eef5651d133528ca33bd8d2d0aaccacc3af0c47211e1a92596388cb421,DECODED,SOURCE_COMPLETE (PIL standard BMP; no production decoder to compare),320,200,UI/Maps/tutorial_006/text_eng_briefings_palettes/pal_white.png,,,L,
1444,data\maps\tutorial_007\text\eng\briefings\palettes\pal_white.bmp,BMP,UI,1ecae2eef5651d133528ca33bd8d2d0aaccacc3af0c47211e1a92596388cb421,DECODED,SOURCE_COMPLETE (PIL standard BMP; no production decoder to compare),320,200,UI/Maps/tutorial_007/text_eng_briefings_palettes/pal_white.png,,,L,
1447,data\engine2d\bin\palettes\landscapes\bush01snow.pcx,PCX,Palette,cabb42b1af4568884456da53da48907f46049d6c20d8119025a194788c6f6a30,DECODED,PIXEL_CONFIRMED (production decodeIndexedPcx == independent PIL decode),2,2,Metadata/Palettes/landscapes/bush01snow.png,embedded PCX 256-colour palette,Metadata/Palettes/landscapes/bush01snow__swatch.png,,
1448,data\engine2d\bin\palettes\landscapes\debris01.pcx,PCX,Palette,b60e5b386f1a739cb5152b9d39e36f56576c70652173e4db3f5d2b6baac8bfdb,DECODED,PIXEL_CONFIRMED (production decodeIndexedPcx == independent PIL decode),2,2,Metadata/Palettes/landscapes/debris01.png,embedded PCX 256-colour palette,Metadata/Palettes/landscapes/debris01__swatch.png,,
1451,data\maps\campaign_03_01_sub\text\eng\briefings\palettes\pal_white.bmp,BMP,UI,1ecae2eef5651d133528ca33bd8d2d0aaccacc3af0c47211e1a92596388cb421,DECODED,SOURCE_COMPLETE (PIL standard BMP; no production decoder to compare),320,200,UI/Maps/campaign_03_01_sub/text_eng_briefings_palettes/pal_white.png,,,L,
1452,data\maps\tutorial_001\text\eng\briefings\palettes\font_dark.pcx,PCX,UI,22393273826e6995f21a7df3f5618365005b80990692b92b0df75c1a69d45d31,DECODED,PIXEL_CONFIRMED (production decodeIndexedPcx == independent PIL decode),300,300,UI/Maps/tutorial_001/text_eng_briefings_palettes/font_dark.png,embedded PCX 256-colour palette,,,
1453,data\engine2d\bin\palettes\goods\goods_crockery.pcx,PCX,Palette,43b3036afda67e99131461199b0d25936311017998cce4562619e9c1d39b23ca,DECODED,PIXEL_CONFIRMED (production decodeIndexedPcx == independent PIL decode),2,2,Metadata/Palettes/goods/goods_crockery.png,embedded PCX 256-colour palette,Metadata/Palettes/goods/goods_crockery__swatch.png,,
1456,data\gui\palettes\bg_normal.pcx,PCX,UI,e1c9f2c06d60bef215a48bbe1535b878cbc6cd1ac9cebb4b54154ae7a220c154,DECODED,PIXEL_CONFIRMED (production decodeIndexedPcx == independent PIL decode),2,2,UI/Palettes/bg_normal.png,embedded PCX 256-colour palette,UI/Palettes/bg_normal__swatch.png,,
1458,data\maps\campaign_03_02_sub\text\eng\briefings\palettes\pal_white.bmp,BMP,UI,1ecae2eef5651d133528ca33bd8d2d0aaccacc3af0c47211e1a92596388cb421,DECODED,SOURCE_COMPLETE (PIL standard BMP; no production decoder to compare),320,200,UI/Maps/campaign_03_02_sub/text_eng_briefings_palettes/pal_white.png,,,L,
1460,data\maps\multiplayer_205_special_cap-the-cow\text\eng\briefings\palettes\font_dark.pcx,PCX,UI,22393273826e6995f21a7df3f5618365005b80990692b92b0df75c1a69d45d31,DECODED,PIXEL_CONFIRMED (production decodeIndexedPcx == independent PIL decode),300,300,UI/Maps/multiplayer_205_special_cap-the-cow/text_eng_briefings_palettes/font_dark.png,embedded PCX 256-colour palette,,,
1461,data\maps\tutorial_002\text\eng\briefings\palettes\font_dark.pcx,PCX,UI,22393273826e6995f21a7df3f5618365005b80990692b92b0df75c1a69d45d31,DECODED,PIXEL_CONFIRMED (production decodeIndexedPcx == independent PIL decode),300,300,UI/Maps/tutorial_002/text_eng_briefings_palettes/font_dark.png,embedded PCX 256-colour palette,,,
1469,data\maps\tutorial_003\text\eng\briefings\palettes\font_dark.pcx,PCX,UI,22393273826e6995f21a7df3f5618365005b80990692b92b0df75c1a69d45d31,DECODED,PIXEL_CONFIRMED (production decodeIndexedPcx == independent PIL decode),300,300,UI/Maps/tutorial_003/text_eng_briefings_palettes/font_dark.png,embedded PCX 256-colour palette,,,
1480,data\maps\tutorial_004\text\eng\briefings\palettes\font_dark.pcx,PCX,UI,22393273826e6995f21a7df3f5618365005b80990692b92b0df75c1a69d45d31,DECODED,PIXEL_CONFIRMED (production decodeIndexedPcx == independent PIL decode),300,300,UI/Maps/tutorial_004/text_eng_briefings_palettes/font_dark.png,embedded PCX 256-colour palette,,,
1489,data\maps\tutorial_005\text\eng\briefings\palettes\font_dark.pcx,PCX,UI,22393273826e6995f21a7df3f5618365005b80990692b92b0df75c1a69d45d31,DECODED,PIXEL_CONFIRMED (production decodeIndexedPcx == independent PIL decode),300,300,UI/Maps/tutorial_005/text_eng_briefings_palettes/font_dark.png,embedded PCX 256-colour palette,,,
1495,data\gui\lang\eng\pictures\loadscreen.bmp,BMP,UI,2968a3d8d934d4c2d95b2f71c244ce3e03c898583033355d6f3af9fd303bc893,DECODED,SOURCE_COMPLETE (PIL standard BMP; no production decoder to compare),800,600,UI/Pictures/loadscreen.png,,,RGB,
1500,data\maps\tutorial_006\text\eng\briefings\palettes\font_dark.pcx,PCX,UI,22393273826e6995f21a7df3f5618365005b80990692b92b0df75c1a69d45d31,DECODED,PIXEL_CONFIRMED (production decodeIndexedPcx == independent PIL decode),300,300,UI/Maps/tutorial_006/text_eng_briefings_palettes/font_dark.png,embedded PCX 256-colour palette,,,
1511,data\maps\tutorial_007\text\eng\briefings\palettes\font_dark.pcx,PCX,UI,22393273826e6995f21a7df3f5618365005b80990692b92b0df75c1a69d45d31,DECODED,PIXEL_CONFIRMED (production decodeIndexedPcx == independent PIL decode),300,300,UI/Maps/tutorial_007/text_eng_briefings_palettes/font_dark.png,embedded PCX 256-colour palette,,,
1519,data\maps\campaign_03_01_sub\text\eng\briefings\palettes\font_dark.pcx,PCX,UI,22393273826e6995f21a7df3f5618365005b80990692b92b0df75c1a69d45d31,DECODED,PIXEL_CONFIRMED (production decodeIndexedPcx == independent PIL decode),300,300,UI/Maps/campaign_03_01_sub/text_eng_briefings_palettes/font_dark.png,embedded PCX 256-colour palette,,,
1526,data\gui\palettes\font_dark.pcx,PCX,UI,437c6eb7fdfaa87623214a5f0393a8d416fe5163568f7d1bb4e034f6d743bed8,DECODED,PIXEL_CONFIRMED (production decodeIndexedPcx == independent PIL decode),2,2,UI/Palettes/font_dark.png,embedded PCX 256-colour palette,UI/Palettes/font_dark__swatch.png,,
1527,data\maps\campaign_03_02_sub\text\eng\briefings\palettes\font_dark.pcx,PCX,UI,22393273826e6995f21a7df3f5618365005b80990692b92b0df75c1a69d45d31,DECODED,PIXEL_CONFIRMED (production decodeIndexedPcx == independent PIL decode),300,300,UI/Maps/campaign_03_02_sub/text_eng_briefings_palettes/font_dark.png,embedded PCX 256-colour palette,,,
1544,data\engine2d\bin\textures\tran_swamp.pcx,PCX,Terrain,d745df18c2991a986d3209f4e8e72e624c60e3d64044d20cb61dcf58ac3f9a04,DECODED,PIXEL_CONFIRMED (production decodeIndexedPcx == independent PIL decode),256,256,Terrain/Textures/tran_swamp.png,embedded PCX 256-colour palette,,,
1567,data\engine2d\bin\palettes\creatures\ship_house.pcx,PCX,Palette,ede5b3c8d2212a0f818c4da11baa70f0fc72b507c567426905b96c3e67d65318,DECODED,PIXEL_CONFIRMED (production decodeIndexedPcx == independent PIL decode),2,2,Metadata/Palettes/creatures/ship_house.png,embedded PCX 256-colour palette,Metadata/Palettes/creatures/ship_house__swatch.png,,
1568,data\engine2d\bin\textures\tran_mountain_a.pcx,PCX,Terrain,a183df066aa340f9e48ed68fbe51bb6d4e9b7c0393070967c329f9edeee516ee,DECODED,PIXEL_CONFIRMED (production decodeIndexedPcx == independent PIL decode),256,256,Terrain/Textures/tran_mountain_a.png,embedded PCX 256-colour palette,,,
1583,data\engine2d\bin\textures\tran_ice.psd,PSD,Terrain,60c377052915a808b0c37248d99f07737703c99973c806ea6bba5d4c7622842f,ORIGINAL_PRESERVED,UNKNOWN (PSD not decoded; original bytes copied),,,Terrain/Textures/tran_ice.psd,,,,
1590,data\engine2d\bin\palettes\landscapes\fire_incense.pcx,PCX,Palette,9613aa1ab802e84d1119c898ca0984722ddd4442ad4b6aef74788c709a5fc394,DECODED,PIXEL_CONFIRMED (production decodeIndexedPcx == independent PIL decode),2,2,Metadata/Palettes/landscapes/fire_incense.png,embedded PCX 256-colour palette,Metadata/Palettes/landscapes/fire_incense__swatch.png,,
1592,data\gui\palettes\bg_invert.pcx,PCX,UI,cdb6f40aa8fc946e6eed8feb66f6cdd4032dabe3444b3d747a93d127757dbc35,DECODED,PIXEL_CONFIRMED (production decodeIndexedPcx == independent PIL decode),2,2,UI/Palettes/bg_invert.png,embedded PCX 256-colour palette,UI/Palettes/bg_invert__swatch.png,,
1613,data\engine2d\bin\textures\overlay_house_a.pcx,PCX,Terrain,6b147f0982c9bae5668f1548f629f122977337157bf4c04f762255eb614f0530,DECODED,PIXEL_CONFIRMED (production decodeIndexedPcx == independent PIL decode),256,256,Terrain/Textures/overlay_house_a.png,embedded PCX 256-colour palette,,,
1614,data\engine2d\bin\textures\tran_ice.pcx,PCX,Terrain,6f590bba9913be82c37c95f3de342b3418e5195b71a0262c4aca13c4caf8f874,DECODED,PIXEL_CONFIRMED (production decodeIndexedPcx == independent PIL decode),256,256,Terrain/Textures/tran_ice.png,embedded PCX 256-colour palette,,,
1631,data\engine2d\bin\palettes\landscapes\dungeon.pcx,PCX,Palette,d8d59265477b3fae1457d5d03fe925eefcd72d25631cd7f5d724ca3f645da500,DECODED,PIXEL_CONFIRMED (production decodeIndexedPcx == independent PIL decode),2,2,Metadata/Palettes/landscapes/dungeon.png,embedded PCX 256-colour palette,Metadata/Palettes/landscapes/dungeon__swatch.png,,
1632,data\engine2d\bin\palettes\landscapes\flower01.pcx,PCX,Palette,6d5c80687c13d9c19476f7856934eb82794ba0099117f8f5e974f12795c7f00f,DECODED,PIXEL_CONFIRMED (production decodeIndexedPcx == independent PIL decode),2,2,Metadata/Palettes/landscapes/flower01.png,embedded PCX 256-colour palette,Metadata/Palettes/landscapes/flower01__swatch.png,,
1642,data\engine2d\bin\palettes\landscapes\flower02.pcx,PCX,Palette,0351b980aaca21be5800cc3f2ad1ac0b7393d1531dcbd3566207e6a68f3f3e53,DECODED,PIXEL_CONFIRMED (production decodeIndexedPcx == independent PIL decode),2,2,Metadata/Palettes/landscapes/flower02.png,embedded PCX 256-colour palette,Metadata/Palettes/landscapes/flower02__swatch.png,,
1649,data\gui\palettes\iconsleft.pcx,PCX,UI,5d739c5a8c338e4834c4e055d22650ab1c1da458d06d7d0893d237122bafa327,DECODED,PIXEL_CONFIRMED (production decodeIndexedPcx == independent PIL decode),2,2,UI/Palettes/iconsleft.png,embedded PCX 256-colour palette,UI/Palettes/iconsleft__swatch.png,,
1653,data\engine2d\bin\palettes\creatures\butterfly01.pcx,PCX,Palette,5783588c92d3f6de4c4ec0863a3391fca511c59dc2fe4b1ac57564f0a904ce9b,DECODED,PIXEL_CONFIRMED (production decodeIndexedPcx == independent PIL decode),2,2,Metadata/Palettes/creatures/butterfly01.png,embedded PCX 256-colour palette,Metadata/Palettes/creatures/butterfly01__swatch.png,,
1654,data\engine2d\bin\palettes\landscapes\flower03.pcx,PCX,Palette,8d06562b86722d437ca359f2fcfb88b840a32236a59c588fda5e71028764c489,DECODED,PIXEL_CONFIRMED (production decodeIndexedPcx == independent PIL decode),2,2,Metadata/Palettes/landscapes/flower03.png,embedded PCX 256-colour palette,Metadata/Palettes/landscapes/flower03__swatch.png,,
1661,data\engine2d\bin\palettes\landscapes\flower04.pcx,PCX,Palette,d5755459f921f46441bd55c560480810107672c02d1bb20342fd10dd28093596,DECODED,PIXEL_CONFIRMED (production decodeIndexedPcx == independent PIL decode),2,2,Metadata/Palettes/landscapes/flower04.png,embedded PCX 256-colour palette,Metadata/Palettes/landscapes/flower04__swatch.png,,
1669,data\maps\demo_mainmenu_10\text\eng\briefings\graphics\08_01.pcx,PCX,UI,56e64e98933ad858fd0163df65e0e7f46a695cefe257683e28023c7d5b643d5f,DECODED,PIXEL_CONFIRMED (production decodeIndexedPcx == independent PIL decode),322,260,UI/Maps/demo_mainmenu_10/text_eng_briefings_graphics/08_01.png,embedded PCX 256-colour palette,,,
1693,data\gui\palettes\bar_disabled.pcx,PCX,UI,49b397e010efd04c7cb931466f5afbe84c9a45581b991a40178e352002e623a7,DECODED,PIXEL_CONFIRMED (production decodeIndexedPcx == independent PIL decode),2,2,UI/Palettes/bar_disabled.png,embedded PCX 256-colour palette,UI/Palettes/bar_disabled__swatch.png,,
1701,data\maps\singleplayer_03_01\minimap\minimap.pcx,PCX,UI,76a708a5b44d43efcf7b92c174b8639b9c38eb5369966f20c5c57a8d58ba3073,DECODED,PIXEL_CONFIRMED (production decodeIndexedPcx == independent PIL decode),350,160,UI/Maps/singleplayer_03_01/minimap/minimap.png,embedded PCX 256-colour palette,,,
1710,data\maps\singleplayer_03_02\minimap\minimap.pcx,PCX,UI,77bf52752c81bf96175927f08613050143d513a414ae2632e8ce948578072b0f,DECODED,PIXEL_CONFIRMED (production decodeIndexedPcx == independent PIL decode),350,160,UI/Maps/singleplayer_03_02/minimap/minimap.png,embedded PCX 256-colour palette,,,
1714,data\engine2d\bin\textures\tran_meadow_a.pcx,PCX,Terrain,cfd4f7b1987534344cffbba384662a5549a8f2bef945956eebffe27c8a9f86e5,DECODED,PIXEL_CONFIRMED (production decodeIndexedPcx == independent PIL decode),256,256,Terrain/Textures/tran_meadow_a.png,embedded PCX 256-colour palette,,,
1718,data\maps\singleplayer_03_03\minimap\minimap.pcx,PCX,UI,0ece3fda25136a74db6a0b7a1259b070a9aa3713909f5435837ed7c27f3e8c4e,DECODED,PIXEL_CONFIRMED (production decodeIndexedPcx == independent PIL decode),350,160,UI/Maps/singleplayer_03_03/minimap/minimap.png,embedded PCX 256-colour palette,,,
1723,data\engine2d\bin\textures\tran_meadow_dark_a.pcx,PCX,Terrain,d360ba5b2fa0e724b3d8fc7288127ce142832dfa3b29dcc726e230c82309e191,DECODED,PIXEL_CONFIRMED (production decodeIndexedPcx == independent PIL decode),256,256,Terrain/Textures/tran_meadow_dark_a.png,embedded PCX 256-colour palette,,,
1728,data\maps\singleplayer_03_04\minimap\minimap.pcx,PCX,UI,034c6040c29a70ac307ecb12b4039693e466f492fb512187701edfe69ec930f2,DECODED,PIXEL_CONFIRMED (production decodeIndexedPcx == independent PIL decode),350,160,UI/Maps/singleplayer_03_04/minimap/minimap.png,embedded PCX 256-colour palette,,,
1734,data\maps\singleplayer_03_05\minimap\minimap.pcx,PCX,UI,32cb74720b4e848ab8fb611e327a499663a229a617401a2a0b03f568ab54959c,DECODED,PIXEL_CONFIRMED (production decodeIndexedPcx == independent PIL decode),350,160,UI/Maps/singleplayer_03_05/minimap/minimap.png,embedded PCX 256-colour palette,,,
1761,data\maps\singleplayer_03_01\text\eng\briefings\palettes\pal_white.bmp,BMP,UI,1ecae2eef5651d133528ca33bd8d2d0aaccacc3af0c47211e1a92596388cb421,DECODED,SOURCE_COMPLETE (PIL standard BMP; no production decoder to compare),320,200,UI/Maps/singleplayer_03_01/text_eng_briefings_palettes/pal_white.png,,,L,
1766,data\engine2d\bin\palettes\landscapes\reed01.pcx,PCX,Palette,94dba5778ad36b80c788051e11f12c1f9663aadc8ac98e5a991d4befa4e68108,DECODED,PIXEL_CONFIRMED (production decodeIndexedPcx == independent PIL decode),2,2,Metadata/Palettes/landscapes/reed01.png,embedded PCX 256-colour palette,Metadata/Palettes/landscapes/reed01__swatch.png,,
1770,data\maps\singleplayer_03_02\text\eng\briefings\palettes\pal_white.bmp,BMP,UI,1ecae2eef5651d133528ca33bd8d2d0aaccacc3af0c47211e1a92596388cb421,DECODED,SOURCE_COMPLETE (PIL standard BMP; no production decoder to compare),320,200,UI/Maps/singleplayer_03_02/text_eng_briefings_palettes/pal_white.png,,,L,
1777,data\engine2d\bin\palettes\landscapes\reed02.pcx,PCX,Palette,670dc0284a1e423ee1ff97aeac9570bb1d56e821f084f68822babce3107c9766,DECODED,PIXEL_CONFIRMED (production decodeIndexedPcx == independent PIL decode),2,2,Metadata/Palettes/landscapes/reed02.png,embedded PCX 256-colour palette,Metadata/Palettes/landscapes/reed02__swatch.png,,
1781,data\engine2d\bin\textures\tran_mud.pcx,PCX,Terrain,844a4012aa9cc1972e69d259418089528002e9860d9cb19a98ee9bba64dc0833,DECODED,PIXEL_CONFIRMED (production decodeIndexedPcx == independent PIL decode),256,256,Terrain/Textures/tran_mud.png,embedded PCX 256-colour palette,,,
1784,data\maps\singleplayer_03_03\text\eng\briefings\palettes\pal_white.bmp,BMP,UI,1ecae2eef5651d133528ca33bd8d2d0aaccacc3af0c47211e1a92596388cb421,DECODED,SOURCE_COMPLETE (PIL standard BMP; no production decoder to compare),320,200,UI/Maps/singleplayer_03_03/text_eng_briefings_palettes/pal_white.png,,,L,
1795,data\maps\singleplayer_03_04\text\eng\briefings\palettes\pal_white.bmp,BMP,UI,1ecae2eef5651d133528ca33bd8d2d0aaccacc3af0c47211e1a92596388cb421,DECODED,SOURCE_COMPLETE (PIL standard BMP; no production decoder to compare),320,200,UI/Maps/singleplayer_03_04/text_eng_briefings_palettes/pal_white.png,,,L,
1805,data\maps\singleplayer_03_05\text\eng\briefings\palettes\pal_white.bmp,BMP,UI,1ecae2eef5651d133528ca33bd8d2d0aaccacc3af0c47211e1a92596388cb421,DECODED,SOURCE_COMPLETE (PIL standard BMP; no production decoder to compare),320,200,UI/Maps/singleplayer_03_05/text_eng_briefings_palettes/pal_white.png,,,L,
1831,data\text\eng\hypertext\history\graphics\01_00.pcx,PCX,UI,e34175837ca56a6efb221dee4ebad8b530b4aaf9cb26f9eee98565e727b2c2b7,DECODED,PIXEL_CONFIRMED (production decodeIndexedPcx == independent PIL decode),306,401,UI/Hypertext/history_graphics/01_00.png,embedded PCX 256-colour palette,,,
1832,data\text\eng\hypertext\history\graphics\5-1-00.pcx,PCX,UI,6d20b91103a018fda07c2109c0441d59d1023b8a2fc5c2df30c6860eaae5acc5,DECODED,PIXEL_CONFIRMED (production decodeIndexedPcx == independent PIL decode),476,446,UI/Hypertext/history_graphics/5-1-00.png,embedded PCX 256-colour palette,,,
1844,data\maps\singleplayer_03_01\text\eng\briefings\palettes\font_dark.pcx,PCX,UI,22393273826e6995f21a7df3f5618365005b80990692b92b0df75c1a69d45d31,DECODED,PIXEL_CONFIRMED (production decodeIndexedPcx == independent PIL decode),300,300,UI/Maps/singleplayer_03_01/text_eng_briefings_palettes/font_dark.png,embedded PCX 256-colour palette,,,
1847,data\text\eng\hypertext\history\graphics\01_01.pcx,PCX,UI,5903bb8c57d27165916891d078c0e0056720584afdc709def8a793e2b19a545d,DECODED,PIXEL_CONFIRMED (production decodeIndexedPcx == independent PIL decode),238,261,UI/Hypertext/history_graphics/01_01.png,embedded PCX 256-colour palette,,,
1850,data\maps\singleplayer_03_02\text\eng\briefings\palettes\font_dark.pcx,PCX,UI,22393273826e6995f21a7df3f5618365005b80990692b92b0df75c1a69d45d31,DECODED,PIXEL_CONFIRMED (production decodeIndexedPcx == independent PIL decode),300,300,UI/Maps/singleplayer_03_02/text_eng_briefings_palettes/font_dark.png,embedded PCX 256-colour palette,,,
1851,data\text\eng\hypertext\history\graphics\02_01.pcx,PCX,UI,c117fadf9854449aba2a2d1b439ad5249173f72e6240dded8b5045569e0727c8,DECODED,PIXEL_CONFIRMED (production decodeIndexedPcx == independent PIL decode),455,288,UI/Hypertext/history_graphics/02_01.png,embedded PCX 256-colour palette,,,
1852,data\text\eng\hypertext\history\graphics\6-1-01.pcx,PCX,UI,48286f3c08ba984ec063308a9dd58acc2e574b4b6e5b44e126208eb876814b5d,DECODED,PIXEL_CONFIRMED (production decodeIndexedPcx == independent PIL decode),394,429,UI/Hypertext/history_graphics/6-1-01.png,embedded PCX 256-colour palette,,,
1855,data\maps\singleplayer_03_03\text\eng\briefings\palettes\font_dark.pcx,PCX,UI,22393273826e6995f21a7df3f5618365005b80990692b92b0df75c1a69d45d31,DECODED,PIXEL_CONFIRMED (production decodeIndexedPcx == independent PIL decode),300,300,UI/Maps/singleplayer_03_03/text_eng_briefings_palettes/font_dark.png,embedded PCX 256-colour palette,,,
1856,data\text\eng\hypertext\history\graphics\03_01.pcx,PCX,UI,314087677d0d010898c83cf9ee4d2b367afec72b26ae467509c72b09905580e6,DECODED,PIXEL_CONFIRMED (production decodeIndexedPcx == independent PIL decode),358,372,UI/Hypertext/history_graphics/03_01.png,embedded PCX 256-colour palette,,,
1859,data\maps\singleplayer_03_04\text\eng\briefings\palettes\font_dark.pcx,PCX,UI,22393273826e6995f21a7df3f5618365005b80990692b92b0df75c1a69d45d31,DECODED,PIXEL_CONFIRMED (production decodeIndexedPcx == independent PIL decode),300,300,UI/Maps/singleplayer_03_04/text_eng_briefings_palettes/font_dark.png,embedded PCX 256-colour palette,,,
1860,data\text\eng\hypertext\credits\palettes\font_white.pcx,PCX,UI,573637151c106a0992d0096188d4d03e782dc91c70b052200eafbcde961fee50,DECODED,PIXEL_CONFIRMED (production decodeIndexedPcx == independent PIL decode),300,300,UI/Hypertext/credits_palettes/font_white.png,embedded PCX 256-colour palette,,,
1861,data\text\eng\hypertext\history\graphics\04_01.pcx,PCX,UI,2e66431ced9d64ae838446ceae527a26ee05c8efc494683b74a78711e39eb2e2,DECODED,PIXEL_CONFIRMED (production decodeIndexedPcx == independent PIL decode),387,258,UI/Hypertext/history_graphics/04_01.png,embedded PCX 256-colour palette,,,
1864,data\maps\singleplayer_03_05\text\eng\briefings\palettes\font_dark.pcx,PCX,UI,22393273826e6995f21a7df3f5618365005b80990692b92b0df75c1a69d45d31,DECODED,PIXEL_CONFIRMED (production decodeIndexedPcx == independent PIL decode),300,300,UI/Maps/singleplayer_03_05/text_eng_briefings_palettes/font_dark.png,embedded PCX 256-colour palette,,,
1865,data\text\eng\hypertext\history\graphics\05_01.pcx,PCX,UI,77513f13b71cb6a171df08c3b409043f15061812d802964d5ad0992c18af4bb0,DECODED,PIXEL_CONFIRMED (production decodeIndexedPcx == independent PIL decode),341,256,UI/Hypertext/history_graphics/05_01.png,embedded PCX 256-colour palette,,,
1868,data\engine2d\bin\palettes\landscapes\fern01.pcx,PCX,Palette,e6567273c99fa9322fd122eb63cd8e0c850435e45fd4c925de3a3fee3e3b9467,DECODED,PIXEL_CONFIRMED (production decodeIndexedPcx == independent PIL decode),2,2,Metadata/Palettes/landscapes/fern01.png,embedded PCX 256-colour palette,Metadata/Palettes/landscapes/fern01__swatch.png,,
1870,data\text\eng\hypertext\history\graphics\06_01.pcx,PCX,UI,8e2a3241bf3333b5a0b87381eb9cb76ee48095e5d4b85edf3280cac6b5dbcf48,DECODED,PIXEL_CONFIRMED (production decodeIndexedPcx == independent PIL decode),372,315,UI/Hypertext/history_graphics/06_01.png,embedded PCX 256-colour palette,,,
1871,data\engine2d\bin\palettes\landscapes\fern02.pcx,PCX,Palette,d22dee2c8008203e64a6be0db525a7fad13cf7abbdd2eef9e39a2937510ce172,DECODED,PIXEL_CONFIRMED (production decodeIndexedPcx == independent PIL decode),2,2,Metadata/Palettes/landscapes/fern02.png,embedded PCX 256-colour palette,Metadata/Palettes/landscapes/fern02__swatch.png,,
1874,data\maps\campaign_03_03_sub1\text\eng\briefings\palettes\pal_white.bmp,BMP,UI,1ecae2eef5651d133528ca33bd8d2d0aaccacc3af0c47211e1a92596388cb421,DECODED,SOURCE_COMPLETE (PIL standard BMP; no production decoder to compare),320,200,UI/Maps/campaign_03_03_sub1/text_eng_briefings_palettes/pal_white.png,,,L,
1875,data\text\eng\hypertext\history\graphics\07_01.pcx,PCX,UI,9f7a67b0b3281c1f61884947e04236bc55a9b33c9e0a3d1c375b1782daa8a157,DECODED,PIXEL_CONFIRMED (production decodeIndexedPcx == independent PIL decode),485,262,UI/Hypertext/history_graphics/07_01.png,embedded PCX 256-colour palette,,,
1879,data\maps\campaign_03_03_sub2\text\eng\briefings\palettes\pal_white.bmp,BMP,UI,1ecae2eef5651d133528ca33bd8d2d0aaccacc3af0c47211e1a92596388cb421,DECODED,SOURCE_COMPLETE (PIL standard BMP; no production decoder to compare),320,200,UI/Maps/campaign_03_03_sub2/text_eng_briefings_palettes/pal_white.png,,,L,
1881,data\maps\singleplayer_03_01-sub1\text\eng\briefings\graphics\08_01.pcx,PCX,UI,56e64e98933ad858fd0163df65e0e7f46a695cefe257683e28023c7d5b643d5f,DECODED,PIXEL_CONFIRMED (production decodeIndexedPcx == independent PIL decode),322,260,UI/Maps/singleplayer_03_01-sub1/text_eng_briefings_graphics/08_01.png,embedded PCX 256-colour palette,,,
1882,data\text\eng\hypertext\history\graphics\08_01.pcx,PCX,UI,56e64e98933ad858fd0163df65e0e7f46a695cefe257683e28023c7d5b643d5f,DECODED,PIXEL_CONFIRMED (production decodeIndexedPcx == independent PIL decode),322,260,UI/Hypertext/history_graphics/08_01.png,embedded PCX 256-colour palette,,,
1885,data\engine2d\bin\textures\tran_concrete.pcx,PCX,Terrain,e40c072e599033352ad11692bf6fea3796976a1478db70e7782b2ce9fac62051,DECODED,PIXEL_CONFIRMED (production decodeIndexedPcx == independent PIL decode),256,256,Terrain/Textures/tran_concrete.png,embedded PCX 256-colour palette,,,
1886,data\maps\campaign_03_03_sub3\text\eng\briefings\palettes\pal_white.bmp,BMP,UI,1ecae2eef5651d133528ca33bd8d2d0aaccacc3af0c47211e1a92596388cb421,DECODED,SOURCE_COMPLETE (PIL standard BMP; no production decoder to compare),320,200,UI/Maps/campaign_03_03_sub3/text_eng_briefings_palettes/pal_white.png,,,L,
1887,data\maps\campaign_03_05_sub1\text\eng\briefings\palettes\pal_white.bmp,BMP,UI,1ecae2eef5651d133528ca33bd8d2d0aaccacc3af0c47211e1a92596388cb421,DECODED,SOURCE_COMPLETE (PIL standard BMP; no production decoder to compare),320,200,UI/Maps/campaign_03_05_sub1/text_eng_briefings_palettes/pal_white.png,,,L,
1888,data\maps\singleplayer_03_01-sub1\text\eng\briefings\graphics\08_02.pcx,PCX,UI,862ca252ba46ade2871b4df702e959641facc457a8c29536d36091e8e84298a8,DECODED,PIXEL_CONFIRMED (production decodeIndexedPcx == independent PIL decode),276,320,UI/Maps/singleplayer_03_01-sub1/text_eng_briefings_graphics/08_02.png,embedded PCX 256-colour palette,,,
1891,data\engine2d\bin\palettes\landscapes\rock01.pcx,PCX,Palette,3296dd09a06af93f337a033aaf9e4977ecf0189cb1b70ef4ff2558ac21b01434,DECODED,PIXEL_CONFIRMED (production decodeIndexedPcx == independent PIL decode),2,2,Metadata/Palettes/landscapes/rock01.png,embedded PCX 256-colour palette,Metadata/Palettes/landscapes/rock01__swatch.png,,
1892,data\maps\campaign_03_05_sub2\text\eng\briefings\palettes\pal_white.bmp,BMP,UI,1ecae2eef5651d133528ca33bd8d2d0aaccacc3af0c47211e1a92596388cb421,DECODED,SOURCE_COMPLETE (PIL standard BMP; no production decoder to compare),320,200,UI/Maps/campaign_03_05_sub2/text_eng_briefings_palettes/pal_white.png,,,L,
1893,data\maps\campaign_03_06_sub1\text\eng\briefings\palettes\pal_white.bmp,BMP,UI,1ecae2eef5651d133528ca33bd8d2d0aaccacc3af0c47211e1a92596388cb421,DECODED,SOURCE_COMPLETE (PIL standard BMP; no production decoder to compare),320,200,UI/Maps/campaign_03_06_sub1/text_eng_briefings_palettes/pal_white.png,,,L,
1896,data\engine2d\bin\palettes\landscapes\rock02.pcx,PCX,Palette,af27555c3e260f47a3da2f93938cd9cbdfc619a08188345132da6150bcee6ef2,DECODED,PIXEL_CONFIRMED (production decodeIndexedPcx == independent PIL decode),2,2,Metadata/Palettes/landscapes/rock02.png,embedded PCX 256-colour palette,Metadata/Palettes/landscapes/rock02__swatch.png,,
1897,data\engine2d\bin\palettes\landscapes\tree01.pcx,PCX,Palette,403e3921b78fe7967a9b99a33510b1b3476c55f9b949959e9738ea920bb22060,DECODED,PIXEL_CONFIRMED (production decodeIndexedPcx == independent PIL decode),2,2,Metadata/Palettes/landscapes/tree01.png,embedded PCX 256-colour palette,Metadata/Palettes/landscapes/tree01__swatch.png,,
1901,data\maps\campaign_03_06_sub2\text\eng\briefings\palettes\pal_white.bmp,BMP,UI,1ecae2eef5651d133528ca33bd8d2d0aaccacc3af0c47211e1a92596388cb421,DECODED,SOURCE_COMPLETE (PIL standard BMP; no production decoder to compare),320,200,UI/Maps/campaign_03_06_sub2/text_eng_briefings_palettes/pal_white.png,,,L,
1903,data\edit\misc\pal.pcx,PCX,UI,768dac6ea4a811f099661b41a3d18c50e39bfbbfbe77a2e330b3464be9a9e862,DECODED,PIXEL_CONFIRMED (production decodeIndexedPcx == independent PIL decode),110,125,UI/Editor/pal.png,embedded PCX 256-colour palette,,,
1904,data\engine2d\bin\palettes\landscapes\caves.pcx,PCX,Palette,e27c2a3eb01c271607490bec6b9d3c4703157e92231b4fc9e83b0b03b7da8a87,DECODED,PIXEL_CONFIRMED (production decodeIndexedPcx == independent PIL decode),2,2,Metadata/Palettes/landscapes/caves.png,embedded PCX 256-colour palette,Metadata/Palettes/landscapes/caves__swatch.png,,
1905,data\engine2d\bin\palettes\landscapes\haus01.pcx,PCX,Palette,118f27f9b32ec6674e95fefb6b68fb7657ecfa78471c9f7b8ec1589b9499ee2c,DECODED,PIXEL_CONFIRMED (production decodeIndexedPcx == independent PIL decode),2,2,Metadata/Palettes/landscapes/haus01.png,embedded PCX 256-colour palette,Metadata/Palettes/landscapes/haus01__swatch.png,,
1906,data\engine2d\bin\palettes\landscapes\rock03.pcx,PCX,Palette,31aca1648465e7422d54b7e4503b5cec89702abf3d49c3ffab347491db073dcc,DECODED,PIXEL_CONFIRMED (production decodeIndexedPcx == independent PIL decode),2,2,Metadata/Palettes/landscapes/rock03.png,embedded PCX 256-colour palette,Metadata/Palettes/landscapes/rock03__swatch.png,,
1907,data\engine2d\bin\palettes\landscapes\snake.pcx,PCX,Palette,e433fbfbe3d0c2f07cd7b3c5924ddfdf9c070b77b6594b685056d19e4af2fd9c,DECODED,PIXEL_CONFIRMED (production decodeIndexedPcx == independent PIL decode),2,2,Metadata/Palettes/landscapes/snake.png,embedded PCX 256-colour palette,Metadata/Palettes/landscapes/snake__swatch.png,,
1908,data\engine2d\bin\palettes\landscapes\tree02.pcx,PCX,Palette,ca12b13d75c0c96f0c099078dc020fe30ba61747ac4f002bbe594f0fc5ef1f7b,DECODED,PIXEL_CONFIRMED (production decodeIndexedPcx == independent PIL decode),2,2,Metadata/Palettes/landscapes/tree02.png,embedded PCX 256-colour palette,Metadata/Palettes/landscapes/tree02__swatch.png,,
1915,data\engine2d\bin\palettes\landscapes\bush01.pcx,PCX,Palette,77cca539627554aa79b3bfe7ed7398ced82db0380f50b755c9b6700f4c8da841,DECODED,PIXEL_CONFIRMED (production decodeIndexedPcx == independent PIL decode),2,2,Metadata/Palettes/landscapes/bush01.png,embedded PCX 256-colour palette,Metadata/Palettes/landscapes/bush01__swatch.png,,
1916,data\engine2d\bin\palettes\landscapes\haus02.pcx,PCX,Palette,e79c608d2021f0345e7fc89530ad3c951b18efd66c9fd5317106de84bc1842d9,DECODED,PIXEL_CONFIRMED (production decodeIndexedPcx == independent PIL decode),2,2,Metadata/Palettes/landscapes/haus02.png,embedded PCX 256-colour palette,Metadata/Palettes/landscapes/haus02__swatch.png,,
1917,data\engine2d\bin\palettes\landscapes\tree03.pcx,PCX,Palette,d71fa26eba875c4afb4fd9c7bb39a3a3d6afc6205bc2c100f92d3c686c8d36b1,DECODED,PIXEL_CONFIRMED (production decodeIndexedPcx == independent PIL decode),2,2,Metadata/Palettes/landscapes/tree03.png,embedded PCX 256-colour palette,Metadata/Palettes/landscapes/tree03__swatch.png,,
1920,data\engine2d\bin\palettes\landscapes\wave01.pcx,PCX,Palette,37589e9b9b90a3194292068ec78ff9601565cc1f3c87421aea18654b38940d15,DECODED,PIXEL_CONFIRMED (production decodeIndexedPcx == independent PIL decode),2,2,Metadata/Palettes/landscapes/wave01.png,embedded PCX 256-colour palette,Metadata/Palettes/landscapes/wave01__swatch.png,,
1923,data\maps\campaign_03_03_sub1\text\eng\briefings\palettes\font_dark.pcx,PCX,UI,22393273826e6995f21a7df3f5618365005b80990692b92b0df75c1a69d45d31,DECODED,PIXEL_CONFIRMED (production decodeIndexedPcx == independent PIL decode),300,300,UI/Maps/campaign_03_03_sub1/text_eng_briefings_palettes/font_dark.png,embedded PCX 256-colour palette,,,
1926,data\engine2d\bin\palettes\landscapes\wave02.pcx,PCX,Palette,42de697a3d6cec9db0e1ab595e4f5d729ba3806d752fccfc0b47aa14f5c5c283,DECODED,PIXEL_CONFIRMED (production decodeIndexedPcx == independent PIL decode),2,2,Metadata/Palettes/landscapes/wave02.png,embedded PCX 256-colour palette,Metadata/Palettes/landscapes/wave02__swatch.png,,
1928,data\maps\campaign_03_03_sub2\text\eng\briefings\palettes\font_dark.pcx,PCX,UI,22393273826e6995f21a7df3f5618365005b80990692b92b0df75c1a69d45d31,DECODED,PIXEL_CONFIRMED (production decodeIndexedPcx == independent PIL decode),300,300,UI/Maps/campaign_03_03_sub2/text_eng_briefings_palettes/font_dark.png,embedded PCX 256-colour palette,,,
1931,data\engine2d\bin\palettes\landscapes\wave03.pcx,PCX,Palette,46d9b09722faa287f9306ba11defdd84bc0ce8dc8eaf5bf474953c2b10fd1eb7,DECODED,PIXEL_CONFIRMED (production decodeIndexedPcx == independent PIL decode),2,2,Metadata/Palettes/landscapes/wave03.png,embedded PCX 256-colour palette,Metadata/Palettes/landscapes/wave03__swatch.png,,
1932,data\maps\campaign_03_03_sub3\text\eng\briefings\palettes\font_dark.pcx,PCX,UI,22393273826e6995f21a7df3f5618365005b80990692b92b0df75c1a69d45d31,DECODED,PIXEL_CONFIRMED (production decodeIndexedPcx == independent PIL decode),300,300,UI/Maps/campaign_03_03_sub3/text_eng_briefings_palettes/font_dark.png,embedded PCX 256-colour palette,,,
1933,data\maps\campaign_03_05_sub1\text\eng\briefings\palettes\font_dark.pcx,PCX,UI,22393273826e6995f21a7df3f5618365005b80990692b92b0df75c1a69d45d31,DECODED,PIXEL_CONFIRMED (production decodeIndexedPcx == independent PIL decode),300,300,UI/Maps/campaign_03_05_sub1/text_eng_briefings_palettes/font_dark.png,embedded PCX 256-colour palette,,,
1934,data\maps\campaign_03_05_sub2\text\eng\briefings\palettes\font_dark.pcx,PCX,UI,22393273826e6995f21a7df3f5618365005b80990692b92b0df75c1a69d45d31,DECODED,PIXEL_CONFIRMED (production decodeIndexedPcx == independent PIL decode),300,300,UI/Maps/campaign_03_05_sub2/text_eng_briefings_palettes/font_dark.png,embedded PCX 256-colour palette,,,
1935,data\maps\campaign_03_06_sub1\text\eng\briefings\palettes\font_dark.pcx,PCX,UI,22393273826e6995f21a7df3f5618365005b80990692b92b0df75c1a69d45d31,DECODED,PIXEL_CONFIRMED (production decodeIndexedPcx == independent PIL decode),300,300,UI/Maps/campaign_03_06_sub1/text_eng_briefings_palettes/font_dark.png,embedded PCX 256-colour palette,,,
1936,data\engine2d\bin\palettes\landscapes\tree_pear01.pcx,PCX,Palette,a4c8cf409951629163120e70b89bd066ee7ec91c4eab105d017b36305de683a0,DECODED,PIXEL_CONFIRMED (production decodeIndexedPcx == independent PIL decode),2,2,Metadata/Palettes/landscapes/tree_pear01.png,embedded PCX 256-colour palette,Metadata/Palettes/landscapes/tree_pear01__swatch.png,,
1937,data\engine2d\bin\textures\tran_water_coast_a.pcx,PCX,Terrain,d183b8f1c5c6f378bc66924a53a4c24795361043973381ed29935345acf48823,DECODED,PIXEL_CONFIRMED (production decodeIndexedPcx == independent PIL decode),256,256,Terrain/Textures/tran_water_coast_a.png,embedded PCX 256-colour palette,,,
1938,data\maps\campaign_03_06_sub2\text\eng\briefings\palettes\font_dark.pcx,PCX,UI,22393273826e6995f21a7df3f5618365005b80990692b92b0df75c1a69d45d31,DECODED,PIXEL_CONFIRMED (production decodeIndexedPcx == independent PIL decode),300,300,UI/Maps/campaign_03_06_sub2/text_eng_briefings_palettes/font_dark.png,embedded PCX 256-colour palette,,,
1943,data\gui\bitmaps\bg_headline.pcx,PCX,UI,887a1c8259ef6860a094d8602ea872ab4554acde47bf9d5c6afd0939b88a9497,DECODED,PIXEL_CONFIRMED (production decodeIndexedPcx == independent PIL decode),300,300,UI/Bitmaps/bg_headline.png,embedded PCX 256-colour palette,,,
1947,data\maps\multiplayer_204_special_cap-the-flag\minimap\minimap.pcx,PCX,UI,cdb61126e8b3a33fd4c05da69fa845ce4ad5daa65741229edbf2c84d92733229,DECODED,PIXEL_CONFIRMED (production decodeIndexedPcx == independent PIL decode),350,160,UI/Maps/multiplayer_204_special_cap-the-flag/minimap/minimap.png,embedded PCX 256-colour palette,,,
1954,data\maps\singleplayer_03_01-sub1\text\eng\briefings\graphics\people_dead_f.pcx,PCX,UI,56981238a99ffb1d4378172c0874ebc9eabf2b553f9694e22819dde2b815a0f5,DECODED,PIXEL_CONFIRMED (production decodeIndexedPcx == independent PIL decode),350,250,UI/Maps/singleplayer_03_01-sub1/text_eng_briefings_graphics/people_dead_f.png,embedded PCX 256-colour palette,,,
1958,data\engine2d\bin\palettes\goods\goods_gold.pcx,PCX,Palette,f79f16fd93b312686cf49e57ea27e0aa355b1d1b6799e798ae37f2278f6b5a5d,DECODED,PIXEL_CONFIRMED (production decodeIndexedPcx == independent PIL decode),2,2,Metadata/Palettes/goods/goods_gold.png,embedded PCX 256-colour palette,Metadata/Palettes/goods/goods_gold__swatch.png,,
1959,data\engine2d\bin\palettes\landscapes\smoke.pcx,PCX,Palette,78aa564fbf9f33f1f4755dbf1dacabe20c5605238ec49aaf7129922278abe394,DECODED,PIXEL_CONFIRMED (production decodeIndexedPcx == independent PIL decode),2,2,Metadata/Palettes/landscapes/smoke.png,embedded PCX 256-colour palette,Metadata/Palettes/landscapes/smoke__swatch.png,,
1962,data\gui\palettes\bar_standart.pcx,PCX,UI,fda17dcdf3327ed0e2e2e85a4faa0a0cc0d449cd35fb7fe1612af8dcc3ba585a,DECODED,PIXEL_CONFIRMED (production decodeIndexedPcx == independent PIL decode),2,2,UI/Palettes/bar_standart.png,embedded PCX 256-colour palette,UI/Palettes/bar_standart__swatch.png,,
1964,data\text\eng\hypertext\credits\graphics\funatics.pcx,PCX,UI,ea20a6a0a6b8012338adcbb21bc74dffeb46d16207ac5077a2fbafcba58f9522,DECODED,PIXEL_CONFIRMED (production decodeIndexedPcx == independent PIL decode),180,157,UI/Hypertext/credits_graphics/funatics.png,embedded PCX 256-colour palette,,,
1969,data\engine2d\bin\palettes\goods\goods_food.pcx,PCX,Palette,9751d226da256e63028def45abd3068938acf2f49c547bb22d73e212b7da374a,DECODED,PIXEL_CONFIRMED (production decodeIndexedPcx == independent PIL decode),2,2,Metadata/Palettes/goods/goods_food.png,embedded PCX 256-colour palette,Metadata/Palettes/goods/goods_food__swatch.png,,
1973,data\engine2d\bin\palettes\goods\goods_clay.pcx,PCX,Palette,7463c5feef2e32cd30e46e8174f1a9d460b7fc3092ad6f9067b1027be85fa0cb,DECODED,PIXEL_CONFIRMED (production decodeIndexedPcx == independent PIL decode),2,2,Metadata/Palettes/goods/goods_clay.png,embedded PCX 256-colour palette,Metadata/Palettes/goods/goods_clay__swatch.png,,
1974,data\engine2d\bin\palettes\landscapes\haus_sepia.pcx,PCX,Palette,5128d7bd8b558546a4576f2feb862bf6dfd23d8df9a61d571dddd4893e6970df,DECODED,PIXEL_CONFIRMED (production decodeIndexedPcx == independent PIL decode),2,2,Metadata/Palettes/landscapes/haus_sepia.png,embedded PCX 256-colour palette,Metadata/Palettes/landscapes/haus_sepia__swatch.png,,
1976,data\engine2d\bin\textures\tran_sand_a.pcx,PCX,Terrain,5170ee1e7239c795acbbf03e32f1d6e4a62d6f30982694d7475dbbf11bb18240,DECODED,PIXEL_CONFIRMED (production decodeIndexedPcx == independent PIL decode),256,256,Terrain/Textures/tran_sand_a.png,embedded PCX 256-colour palette,,,
1997,data\maps\multiplayer_204_special_cap-the-flag\text\eng\briefings\palettes\pal_white.bmp,BMP,UI,1ecae2eef5651d133528ca33bd8d2d0aaccacc3af0c47211e1a92596388cb421,DECODED,SOURCE_COMPLETE (PIL standard BMP; no production decoder to compare),320,200,UI/Maps/multiplayer_204_special_cap-the-flag/text_eng_briefings_palettes/pal_white.png,,,L,
2036,data\maps\multiplayer_203_special_militär\minimap\minimap.pcx,PCX,UI,362cb36dbdaa23061e1cc1df315fabea1c23d43251a45e85283d84139f1c1c71,DECODED,PIXEL_CONFIRMED (production decodeIndexedPcx == independent PIL decode),350,160,UI/Maps/multiplayer_203_special_militär/minimap/minimap.png,embedded PCX 256-colour palette,,,
2061,data\engine2d\bin\textures\tran_desert_ad_a.pcx,PCX,Terrain,2825ffd42c55b12c192b94d9e7906f21563ef097f135f9d06f59337d499abd5f,DECODED,PIXEL_CONFIRMED (production decodeIndexedPcx == independent PIL decode),256,256,Terrain/Textures/tran_desert_ad_a.png,embedded PCX 256-colour palette,,,
2062,data\engine2d\bin\textures\tran_mountain.pcx,PCX,Terrain,dc551ca35011c7a1d72a59d968851944d3a95dc0f1c06231b0cb9315c0ef519f,DECODED,PIXEL_CONFIRMED (production decodeIndexedPcx == independent PIL decode),256,256,Terrain/Textures/tran_mountain.png,embedded PCX 256-colour palette,,,
2083,data\engine2d\bin\palettes\landscapes\haus_druid.pcx,PCX,Palette,68019699a23e8dac0dd2a76d033cbb308055043d1f7f50e4cadd1d09d701aead,DECODED,PIXEL_CONFIRMED (production decodeIndexedPcx == independent PIL decode),2,2,Metadata/Palettes/landscapes/haus_druid.png,embedded PCX 256-colour palette,Metadata/Palettes/landscapes/haus_druid__swatch.png,,
2118,data\gui\bitmaps\bg_selected.pcx,PCX,UI,7ef770c467ecef5707ae268d4c326fe482b78a8f45de2cfe4b24c0f898c8ed57,DECODED,PIXEL_CONFIRMED (production decodeIndexedPcx == independent PIL decode),300,300,UI/Bitmaps/bg_selected.png,embedded PCX 256-colour palette,,,
2143,data\engine2d\bin\palettes\creatures\egypt_soldier.pcx,PCX,Palette,ccdc097a6f4d1fd9f586115438221afd8670eb27d76b49e30acff1506d69c657,DECODED,PIXEL_CONFIRMED (production decodeIndexedPcx == independent PIL decode),2,2,Metadata/Palettes/creatures/egypt_soldier.png,embedded PCX 256-colour palette,Metadata/Palettes/creatures/egypt_soldier__swatch.png,,
2174,data\engine2d\bin\palettes\landscapes\wonders_semiramis.pcx,PCX,Palette,86620856fe8c78a814e0dfc23e25d18f2d3bf74ac3be33f3e2e8a5d9b2b0df7b,DECODED,PIXEL_CONFIRMED (production decodeIndexedPcx == independent PIL decode),1024,768,Metadata/Palettes/landscapes/wonders_semiramis.png,embedded PCX 256-colour palette,Metadata/Palettes/landscapes/wonders_semiramis__swatch.png,,
2181,data\engine2d\bin\textures\tran_desertbrown_a.pcx,PCX,Terrain,160dba9550b6f266f28591e380d3af2d6f068f829a2e11d4f931444816c048c2,DECODED,PIXEL_CONFIRMED (production decodeIndexedPcx == independent PIL decode),256,256,Terrain/Textures/tran_desertbrown_a.png,embedded PCX 256-colour palette,,,
2187,data\maps\demo_mainmenu_10\text\eng\briefings\graphics\hero_dead_f.pcx,PCX,UI,85ae117d1a601bc96041dda3281df3eb5501ad9f101582985877368fa763d67a,DECODED,PIXEL_CONFIRMED (production decodeIndexedPcx == independent PIL decode),333,250,UI/Maps/demo_mainmenu_10/text_eng_briefings_graphics/hero_dead_f.png,embedded PCX 256-colour palette,,,
2188,data\maps\multiplayer_204_special_cap-the-flag\text\eng\briefings\palettes\font_dark.pcx,PCX,UI,22393273826e6995f21a7df3f5618365005b80990692b92b0df75c1a69d45d31,DECODED,PIXEL_CONFIRMED (production decodeIndexedPcx == independent PIL decode),300,300,UI/Maps/multiplayer_204_special_cap-the-flag/text_eng_briefings_palettes/font_dark.png,embedded PCX 256-colour palette,,,
2237,data\engine2d\bin\textures\overlay_house.pcx,PCX,Terrain,2bb84f5271936cb1a41eb4b7ddac9970233f35eed08d67e0c6df85610b458815,DECODED,PIXEL_CONFIRMED (production decodeIndexedPcx == independent PIL decode),256,256,Terrain/Textures/overlay_house.png,embedded PCX 256-colour palette,,,
2284,data\gui\palettes\context.pcx,PCX,UI,959a8bc8c50c216dcc0ab7826a60c8be3ef0bcc66a3fd6854535db00257019c5,DECODED,PIXEL_CONFIRMED (production decodeIndexedPcx == independent PIL decode),2,2,UI/Palettes/context.png,embedded PCX 256-colour palette,UI/Palettes/context__swatch.png,,
2286,data\maps\multiplayer_203_special_militär\text\eng\briefings\palettes\pal_white.bmp,BMP,UI,1ecae2eef5651d133528ca33bd8d2d0aaccacc3af0c47211e1a92596388cb421,DECODED,SOURCE_COMPLETE (PIL standard BMP; no production decoder to compare),320,200,UI/Maps/multiplayer_203_special_militär/text_eng_briefings_palettes/pal_white.png,,,L,
2306,data\engine2d\bin\palettes\goods\goods_iron.pcx,PCX,Palette,4dc5bff68478d86717c6bac9c592869f7b524c12336b527fdfbc1d87db70276a,DECODED,PIXEL_CONFIRMED (production decodeIndexedPcx == independent PIL decode),2,2,Metadata/Palettes/goods/goods_iron.png,embedded PCX 256-colour palette,Metadata/Palettes/goods/goods_iron__swatch.png,,
2314,data\maps\campaign_03_01\text\eng\briefings\palettes\pal_white.bmp,BMP,UI,1ecae2eef5651d133528ca33bd8d2d0aaccacc3af0c47211e1a92596388cb421,DECODED,SOURCE_COMPLETE (PIL standard BMP; no production decoder to compare),320,200,UI/Maps/campaign_03_01/text_eng_briefings_palettes/pal_white.png,,,L,
2318,data\engine2d\bin\palettes\creatures\fishes.pcx,PCX,Palette,9bcb1dc74e888b2b29b5eb08573aeb3b396ac22713f03b5529813b62d99742a0,DECODED,PIXEL_CONFIRMED (production decodeIndexedPcx == independent PIL decode),2,2,Metadata/Palettes/creatures/fishes.png,embedded PCX 256-colour palette,Metadata/Palettes/creatures/fishes__swatch.png,,
2319,data\engine2d\bin\palettes\goods\goods_wood.pcx,PCX,Palette,12224ed3a849d6eb55d8048a0537fe7ab1434a2fb137cf83826dbecf697a2f17,DECODED,PIXEL_CONFIRMED (production decodeIndexedPcx == independent PIL decode),2,2,Metadata/Palettes/goods/goods_wood.png,embedded PCX 256-colour palette,Metadata/Palettes/goods/goods_wood__swatch.png,,
2327,data\maps\campaign_03_02\text\eng\briefings\palettes\pal_white.bmp,BMP,UI,1ecae2eef5651d133528ca33bd8d2d0aaccacc3af0c47211e1a92596388cb421,DECODED,SOURCE_COMPLETE (PIL standard BMP; no production decoder to compare),320,200,UI/Maps/campaign_03_02/text_eng_briefings_palettes/pal_white.png,,,L,
2333,data\engine2d\bin\palettes\creatures\norne01.pcx,PCX,Palette,2bfa54c17e16fdad7f255f5a77e58a6e1664991b2feb4e2716a358c9fefcbcc5,DECODED,PIXEL_CONFIRMED (production decodeIndexedPcx == independent PIL decode),2,2,Metadata/Palettes/creatures/norne01.png,embedded PCX 256-colour palette,Metadata/Palettes/creatures/norne01__swatch.png,,
2339,data\maps\campaign_03_03\text\eng\briefings\palettes\pal_white.bmp,BMP,UI,1ecae2eef5651d133528ca33bd8d2d0aaccacc3af0c47211e1a92596388cb421,DECODED,SOURCE_COMPLETE (PIL standard BMP; no production decoder to compare),320,200,UI/Maps/campaign_03_03/text_eng_briefings_palettes/pal_white.png,,,L,
2342,data\engine2d\bin\palettes\creatures\norne02.pcx,PCX,Palette,922c4f93663fadd2a84c7be2c33916d738200dc969ae600e98d60bb324c9d2b1,DECODED,PIXEL_CONFIRMED (production decodeIndexedPcx == independent PIL decode),2,2,Metadata/Palettes/creatures/norne02.png,embedded PCX 256-colour palette,Metadata/Palettes/creatures/norne02__swatch.png,,
2347,data\maps\campaign_03_04\text\eng\briefings\palettes\pal_white.bmp,BMP,UI,1ecae2eef5651d133528ca33bd8d2d0aaccacc3af0c47211e1a92596388cb421,DECODED,SOURCE_COMPLETE (PIL standard BMP; no production decoder to compare),320,200,UI/Maps/campaign_03_04/text_eng_briefings_palettes/pal_white.png,,,L,
2353,data\gui\palettes\frame.pcx,PCX,UI,03daa90fc98c312513bc1040de5b5f4a76edb114eca1729b4b3846be9880ff2b,DECODED,PIXEL_CONFIRMED (production decodeIndexedPcx == independent PIL decode),2,2,UI/Palettes/frame.png,embedded PCX 256-colour palette,UI/Palettes/frame__swatch.png,,
2354,data\maps\campaign_03_05\text\eng\briefings\palettes\pal_white.bmp,BMP,UI,1ecae2eef5651d133528ca33bd8d2d0aaccacc3af0c47211e1a92596388cb421,DECODED,SOURCE_COMPLETE (PIL standard BMP; no production decoder to compare),320,200,UI/Maps/campaign_03_05/text_eng_briefings_palettes/pal_white.png,,,L,
2360,data\maps\campaign_03_06\text\eng\briefings\palettes\pal_white.bmp,BMP,UI,1ecae2eef5651d133528ca33bd8d2d0aaccacc3af0c47211e1a92596388cb421,DECODED,SOURCE_COMPLETE (PIL standard BMP; no production decoder to compare),320,200,UI/Maps/campaign_03_06/text_eng_briefings_palettes/pal_white.png,,,L,
2361,data\maps\multiplayer_203_special_militär\text\eng\briefings\palettes\font_dark.pcx,PCX,UI,22393273826e6995f21a7df3f5618365005b80990692b92b0df75c1a69d45d31,DECODED,PIXEL_CONFIRMED (production decodeIndexedPcx == independent PIL decode),300,300,UI/Maps/multiplayer_203_special_militär/text_eng_briefings_palettes/font_dark.png,embedded PCX 256-colour palette,,,
2364,data\maps\campaign_03_07\text\eng\briefings\palettes\pal_white.bmp,BMP,UI,1ecae2eef5651d133528ca33bd8d2d0aaccacc3af0c47211e1a92596388cb421,DECODED,SOURCE_COMPLETE (PIL standard BMP; no production decoder to compare),320,200,UI/Maps/campaign_03_07/text_eng_briefings_palettes/pal_white.png,,,L,
2367,data\maps\campaign_03_01\text\eng\briefings\palettes\font_dark.pcx,PCX,UI,22393273826e6995f21a7df3f5618365005b80990692b92b0df75c1a69d45d31,DECODED,PIXEL_CONFIRMED (production decodeIndexedPcx == independent PIL decode),300,300,UI/Maps/campaign_03_01/text_eng_briefings_palettes/font_dark.png,embedded PCX 256-colour palette,,,
2368,data\maps\campaign_03_08\text\eng\briefings\palettes\pal_white.bmp,BMP,UI,1ecae2eef5651d133528ca33bd8d2d0aaccacc3af0c47211e1a92596388cb421,DECODED,SOURCE_COMPLETE (PIL standard BMP; no production decoder to compare),320,200,UI/Maps/campaign_03_08/text_eng_briefings_palettes/pal_white.png,,,L,
2375,data\engine2d\bin\textures\tran_meadow.pcx,PCX,Terrain,ca52ec7e49728d22ba8775a977b938765c0e2e1221b7cb324be2c06ddc52cb47,DECODED,PIXEL_CONFIRMED (production decodeIndexedPcx == independent PIL decode),256,256,Terrain/Textures/tran_meadow.png,embedded PCX 256-colour palette,,,
2377,data\maps\campaign_03_02\text\eng\briefings\palettes\font_dark.pcx,PCX,UI,22393273826e6995f21a7df3f5618365005b80990692b92b0df75c1a69d45d31,DECODED,PIXEL_CONFIRMED (production decodeIndexedPcx == independent PIL decode),300,300,UI/Maps/campaign_03_02/text_eng_briefings_palettes/font_dark.png,embedded PCX 256-colour palette,,,
2384,data\engine2d\bin\textures\tran_meadow_dark.pcx,PCX,Terrain,72222b445bdb11a9bf5bebd9c8bd21c0d9f83b2386fc54e10f041a11152bffb3,DECODED,PIXEL_CONFIRMED (production decodeIndexedPcx == independent PIL decode),256,256,Terrain/Textures/tran_meadow_dark.png,embedded PCX 256-colour palette,,,
2386,data\maps\campaign_03_03\text\eng\briefings\palettes\font_dark.pcx,PCX,UI,22393273826e6995f21a7df3f5618365005b80990692b92b0df75c1a69d45d31,DECODED,PIXEL_CONFIRMED (production decodeIndexedPcx == independent PIL decode),300,300,UI/Maps/campaign_03_03/text_eng_briefings_palettes/font_dark.png,embedded PCX 256-colour palette,,,
2398,data\maps\campaign_03_04\text\eng\briefings\palettes\font_dark.pcx,PCX,UI,22393273826e6995f21a7df3f5618365005b80990692b92b0df75c1a69d45d31,DECODED,PIXEL_CONFIRMED (production decodeIndexedPcx == independent PIL decode),300,300,UI/Maps/campaign_03_04/text_eng_briefings_palettes/font_dark.png,embedded PCX 256-colour palette,,,
2400,data\engine2d\bin\palettes\creatures\djinny.pcx,PCX,Palette,1c50550a1042de45bc0429dce112af29d234e2b98f740e8eececc2bf231914de,DECODED,PIXEL_CONFIRMED (production decodeIndexedPcx == independent PIL decode),2,2,Metadata/Palettes/creatures/djinny.png,embedded PCX 256-colour palette,Metadata/Palettes/creatures/djinny__swatch.png,,
2407,data\maps\campaign_03_05\text\eng\briefings\palettes\font_dark.pcx,PCX,UI,22393273826e6995f21a7df3f5618365005b80990692b92b0df75c1a69d45d31,DECODED,PIXEL_CONFIRMED (production decodeIndexedPcx == independent PIL decode),300,300,UI/Maps/campaign_03_05/text_eng_briefings_palettes/font_dark.png,embedded PCX 256-colour palette,,,
2418,data\gui\lang\eng\pictures\menubg.bmp,BMP,UI,b652f4609e698e08859774d803b7cded7992497fbbd7ae0c2ef77c902d827b48,DECODED,SOURCE_COMPLETE (PIL standard BMP; no production decoder to compare),800,600,UI/Pictures/menubg.png,,,RGB,
2421,data\maps\campaign_03_06\text\eng\briefings\palettes\font_dark.pcx,PCX,UI,22393273826e6995f21a7df3f5618365005b80990692b92b0df75c1a69d45d31,DECODED,PIXEL_CONFIRMED (production decodeIndexedPcx == independent PIL decode),300,300,UI/Maps/campaign_03_06/text_eng_briefings_palettes/font_dark.png,embedded PCX 256-colour palette,,,
2430,data\gui\palettes\papyrus.pcx,PCX,UI,b6c9f0c1be4952b6d70c0fc9ee2ca7e27173a1d544893aadbeb0808dde70d459,DECODED,PIXEL_CONFIRMED (production decodeIndexedPcx == independent PIL decode),2,2,UI/Palettes/papyrus.png,embedded PCX 256-colour palette,UI/Palettes/papyrus__swatch.png,,
2433,data\maps\campaign_03_07\text\eng\briefings\palettes\font_dark.pcx,PCX,UI,22393273826e6995f21a7df3f5618365005b80990692b92b0df75c1a69d45d31,DECODED,PIXEL_CONFIRMED (production decodeIndexedPcx == independent PIL decode),300,300,UI/Maps/campaign_03_07/text_eng_briefings_palettes/font_dark.png,embedded PCX 256-colour palette,,,
2439,data\maps\campaign_03_08\text\eng\briefings\palettes\font_dark.pcx,PCX,UI,22393273826e6995f21a7df3f5618365005b80990692b92b0df75c1a69d45d31,DECODED,PIXEL_CONFIRMED (production decodeIndexedPcx == independent PIL decode),300,300,UI/Maps/campaign_03_08/text_eng_briefings_palettes/font_dark.png,embedded PCX 256-colour palette,,,
2447,data\engine2d\bin\palettes\creatures\oxcart.pcx,PCX,Palette,ae26c55604dd7986454af2b4c3a3331301e13ac742d5a3a5aca9f914f9462baf,DECODED,PIXEL_CONFIRMED (production decodeIndexedPcx == independent PIL decode),2,2,Metadata/Palettes/creatures/oxcart.png,embedded PCX 256-colour palette,Metadata/Palettes/creatures/oxcart__swatch.png,,
2454,data\engine2d\bin\palettes\creatures\colors.pcx,PCX,Palette,654e8b821a84f83bb859c3367a955c8dc0b8232002044c4547b2a1a209a7e1dc,DECODED,PIXEL_CONFIRMED (production decodeIndexedPcx == independent PIL decode),2,2,Metadata/Palettes/creatures/colors.png,embedded PCX 256-colour palette,Metadata/Palettes/creatures/colors__swatch.png,,
2461,data\engine2d\bin\palettes\creatures\colors_pale.pcx,PCX,Palette,19ced1600dcdaeeb1f505b169fed466c16b05ce0d13824ab562d8a8d7d2af4f1,DECODED,PIXEL_CONFIRMED (production decodeIndexedPcx == independent PIL decode),2,2,Metadata/Palettes/creatures/colors_pale.png,embedded PCX 256-colour palette,Metadata/Palettes/creatures/colors_pale__swatch.png,,
2465,data\engine2d\bin\textures\tran_snow_a.pcx,PCX,Terrain,1b341ef4f178ed81f4b2d8345b6c017684cc0f0ee4f6c9b4b872a20bc78329d9,DECODED,PIXEL_CONFIRMED (production decodeIndexedPcx == independent PIL decode),256,256,Terrain/Textures/tran_snow_a.png,embedded PCX 256-colour palette,,,
2468,data\engine2d\bin\palettes\landscapes\caves2.pcx,PCX,Palette,3d3648eb202fd3761336701e022833e2eeb8d1a8af9d9b3ce12d1f452f429be4,DECODED,PIXEL_CONFIRMED (production decodeIndexedPcx == independent PIL decode),2,2,Metadata/Palettes/landscapes/caves2.png,embedded PCX 256-colour palette,Metadata/Palettes/landscapes/caves2__swatch.png,,
2472,data\engine2d\bin\palettes\landscapes\haus_byzantine01.pcx,PCX,Palette,11bdfaf8a7c423e8f41e38c14c6d93ac6637a7118eb2de74b6dd2c38e634cebe,DECODED,PIXEL_CONFIRMED (production decodeIndexedPcx == independent PIL decode),2,2,Metadata/Palettes/landscapes/haus_byzantine01.png,embedded PCX 256-colour palette,Metadata/Palettes/landscapes/haus_byzantine01__swatch.png,,
2481,data\engine2d\bin\palettes\landscapes\haus_byzantine02.pcx,PCX,Palette,3802d89747affdee7cf51e827b0ad4284cfe7098b597fe4867b5a5ec419a98be,DECODED,PIXEL_CONFIRMED (production decodeIndexedPcx == independent PIL decode),2,2,Metadata/Palettes/landscapes/haus_byzantine02.png,embedded PCX 256-colour palette,Metadata/Palettes/landscapes/haus_byzantine02__swatch.png,,
2487,data\maps\singleplayer_03_01-sub1\text\eng\briefings\graphics\hero_dead_f.pcx,PCX,UI,85ae117d1a601bc96041dda3281df3eb5501ad9f101582985877368fa763d67a,DECODED,PIXEL_CONFIRMED (production decodeIndexedPcx == independent PIL decode),333,250,UI/Maps/singleplayer_03_01-sub1/text_eng_briefings_graphics/hero_dead_f.png,embedded PCX 256-colour palette,,,
2489,data\text\eng\hypertext\ingamehelp\graphics\gfx_test.bmp,BMP,UI,318c023cad78c61c53aa4489ef2817a570f05a2b60577e8baf5550eee9764827,DECODED,SOURCE_COMPLETE (PIL standard BMP; no production decoder to compare),128,128,UI/Hypertext/ingamehelp_graphics/gfx_test.png,,,P,
2497,data\engine2d\bin\palettes\landscapes\grasssnow01.pcx,PCX,Palette,a2ce7c9a18ceaef12451d3c26feea1031ee9612fb703557b781d02d2e4e0219b,DECODED,PIXEL_CONFIRMED (production decodeIndexedPcx == independent PIL decode),2,2,Metadata/Palettes/landscapes/grasssnow01.png,embedded PCX 256-colour palette,Metadata/Palettes/landscapes/grasssnow01__swatch.png,,
2503,data\maps\tutorial_001\text\eng\briefings\graphics\people_dead_f.pcx,PCX,UI,56981238a99ffb1d4378172c0874ebc9eabf2b553f9694e22819dde2b815a0f5,DECODED,PIXEL_CONFIRMED (production decodeIndexedPcx == independent PIL decode),350,250,UI/Maps/tutorial_001/text_eng_briefings_graphics/people_dead_f.png,embedded PCX 256-colour palette,,,
2504,data\text\eng\hypertext\history\palettes\font_red.pcx,PCX,UI,f1e650497da97e5007c415c90dda313f7d41d149f5ec47c740c8a21163e6b58d,DECODED,PIXEL_CONFIRMED (production decodeIndexedPcx == independent PIL decode),300,300,UI/Hypertext/history_palettes/font_red.png,embedded PCX 256-colour palette,,,
2509,data\maps\tutorial_002\text\eng\briefings\graphics\people_dead_f.pcx,PCX,UI,56981238a99ffb1d4378172c0874ebc9eabf2b553f9694e22819dde2b815a0f5,DECODED,PIXEL_CONFIRMED (production decodeIndexedPcx == independent PIL decode),350,250,UI/Maps/tutorial_002/text_eng_briefings_graphics/people_dead_f.png,embedded PCX 256-colour palette,,,
2510,data\engine2d\bin\palettes\creatures\bear.pcx,PCX,Palette,5155f49b33f737f59c6a6031dc75baa8e14bf1914c5baa186e586bb6078c7844,DECODED,PIXEL_CONFIRMED (production decodeIndexedPcx == independent PIL decode),2,2,Metadata/Palettes/creatures/bear.png,embedded PCX 256-colour palette,Metadata/Palettes/creatures/bear__swatch.png,,
2513,data\maps\tutorial_003\text\eng\briefings\graphics\people_dead_f.pcx,PCX,UI,56981238a99ffb1d4378172c0874ebc9eabf2b553f9694e22819dde2b815a0f5,DECODED,PIXEL_CONFIRMED (production decodeIndexedPcx == independent PIL decode),350,250,UI/Maps/tutorial_003/text_eng_briefings_graphics/people_dead_f.png,embedded PCX 256-colour palette,,,
2518,data\maps\tutorial_004\text\eng\briefings\graphics\people_dead_f.pcx,PCX,UI,56981238a99ffb1d4378172c0874ebc9eabf2b553f9694e22819dde2b815a0f5,DECODED,PIXEL_CONFIRMED (production decodeIndexedPcx == independent PIL decode),350,250,UI/Maps/tutorial_004/text_eng_briefings_graphics/people_dead_f.png,embedded PCX 256-colour palette,,,
2522,data\maps\multiplayer_02_06_ressourcen\minimap\minimap.pcx,PCX,UI,24ef1193048364e60dd0918dc9a29dd31c4960b5dea4fbaa37d90e8c68348c93,DECODED,PIXEL_CONFIRMED (production decodeIndexedPcx == independent PIL decode),350,160,UI/Maps/multiplayer_02_06_ressourcen/minimap/minimap.png,embedded PCX 256-colour palette,,,
2523,data\maps\tutorial_005\text\eng\briefings\graphics\people_dead_f.pcx,PCX,UI,56981238a99ffb1d4378172c0874ebc9eabf2b553f9694e22819dde2b815a0f5,DECODED,PIXEL_CONFIRMED (production decodeIndexedPcx == independent PIL decode),350,250,UI/Maps/tutorial_005/text_eng_briefings_graphics/people_dead_f.png,embedded PCX 256-colour palette,,,
2527,data\maps\tutorial_006\text\eng\briefings\graphics\people_dead_f.pcx,PCX,UI,56981238a99ffb1d4378172c0874ebc9eabf2b553f9694e22819dde2b815a0f5,DECODED,PIXEL_CONFIRMED (production decodeIndexedPcx == independent PIL decode),350,250,UI/Maps/tutorial_006/text_eng_briefings_graphics/people_dead_f.png,embedded PCX 256-colour palette,,,
2530,data\engine2d\bin\palettes\landscapes\haus_saracen01.pcx,PCX,Palette,2c25bdda4ce0014b3abad5757b75504d674af43d4ecd19b709a1ff331861f184,DECODED,PIXEL_CONFIRMED (production decodeIndexedPcx == independent PIL decode),2,2,Metadata/Palettes/landscapes/haus_saracen01.png,embedded PCX 256-colour palette,Metadata/Palettes/landscapes/haus_saracen01__swatch.png,,
2533,data\maps\tutorial_007\text\eng\briefings\graphics\people_dead_f.pcx,PCX,UI,56981238a99ffb1d4378172c0874ebc9eabf2b553f9694e22819dde2b815a0f5,DECODED,PIXEL_CONFIRMED (production decodeIndexedPcx == independent PIL decode),350,250,UI/Maps/tutorial_007/text_eng_briefings_graphics/people_dead_f.png,embedded PCX 256-colour palette,,,
2538,data\maps\campaign_03_01_sub\text\eng\briefings\graphics\people_dead_f.pcx,PCX,UI,56981238a99ffb1d4378172c0874ebc9eabf2b553f9694e22819dde2b815a0f5,DECODED,PIXEL_CONFIRMED (production decodeIndexedPcx == independent PIL decode),350,250,UI/Maps/campaign_03_01_sub/text_eng_briefings_graphics/people_dead_f.png,embedded PCX 256-colour palette,,,
2542,data\engine2d\bin\palettes\creatures\deer.pcx,PCX,Palette,e2adaac35d82a6cc60443b39da382cd7b13d75176ac866bbd4dc9b557d0623ab,DECODED,PIXEL_CONFIRMED (production decodeIndexedPcx == independent PIL decode),2,2,Metadata/Palettes/creatures/deer.png,embedded PCX 256-colour palette,Metadata/Palettes/creatures/deer__swatch.png,,
2545,data\maps\campaign_03_02_sub\text\eng\briefings\graphics\people_dead_f.pcx,PCX,UI,56981238a99ffb1d4378172c0874ebc9eabf2b553f9694e22819dde2b815a0f5,DECODED,PIXEL_CONFIRMED (production decodeIndexedPcx == independent PIL decode),350,250,UI/Maps/campaign_03_02_sub/text_eng_briefings_graphics/people_dead_f.png,embedded PCX 256-colour palette,,,
2553,data\text\eng\hypertext\ingamehelp\palettes\font_red.pcx,PCX,UI,9fc90409f8c53e3b076e945c0380713b491d4c963bfc083ac28b8f12d8bdb1bc,DECODED,PIXEL_CONFIRMED (production decodeIndexedPcx == independent PIL decode),300,300,UI/Hypertext/ingamehelp_palettes/font_red.png,embedded PCX 256-colour palette,,,
2577,data\text\eng\hypertext\credits\graphics\separator_00.pcx,PCX,UI,d205d47a11f7687fe951c06880eaf76706a89879897eba38ab3b5528906e989f,DECODED,PIXEL_CONFIRMED (production decodeIndexedPcx == independent PIL decode),400,10,UI/Hypertext/credits_graphics/separator_00.png,embedded PCX 256-colour palette,,,
2582,data\gui\palettes\menu_remap.pcx,PCX,UI,4d112358ac7c0e33243af52e53725d2759364cc272b00e5445571e7aece5660b,DECODED,PIXEL_CONFIRMED (production decodeIndexedPcx == independent PIL decode),2,2,UI/Palettes/menu_remap.png,embedded PCX 256-colour palette,UI/Palettes/menu_remap__swatch.png,,
2596,data\engine2d\bin\palettes\creatures\hair.pcx,PCX,Palette,fc28f89641da16c7dd866c53faa99f068a984b30c3fc823ce46d2de73a512945,DECODED,PIXEL_CONFIRMED (production decodeIndexedPcx == independent PIL decode),2,2,Metadata/Palettes/creatures/hair.png,embedded PCX 256-colour palette,Metadata/Palettes/creatures/hair__swatch.png,,
2597,data\engine2d\bin\palettes\landscapes\harbour01.pcx,PCX,Palette,1ff647d26c5e4f229eda23af6fae6682fafab1e3d7ee0d91941a748ffb65dd14,DECODED,PIXEL_CONFIRMED (production decodeIndexedPcx == independent PIL decode),2,2,Metadata/Palettes/landscapes/harbour01.png,embedded PCX 256-colour palette,Metadata/Palettes/landscapes/harbour01__swatch.png,,
2616,data\maps\multiplayer_02_06_ressourcen\text\eng\briefings\palettes\pal_white.bmp,BMP,UI,1ecae2eef5651d133528ca33bd8d2d0aaccacc3af0c47211e1a92596388cb421,DECODED,SOURCE_COMPLETE (PIL standard BMP; no production decoder to compare),320,200,UI/Maps/multiplayer_02_06_ressourcen/text_eng_briefings_palettes/pal_white.png,,,L,
2645,data\engine2d\bin\palettes\landscapes\wonders_pyramid.pcx,PCX,Palette,46545f90b30ac26b1a8ede00c961a12917d29066668d18cf55de9a75caf544ad,DECODED,PIXEL_CONFIRMED (production decodeIndexedPcx == independent PIL decode),2,2,Metadata/Palettes/landscapes/wonders_pyramid.png,embedded PCX 256-colour palette,Metadata/Palettes/landscapes/wonders_pyramid__swatch.png,,
2657,data\engine2d\bin\palettes\goods\goods_longsword.pcx,PCX,Palette,f79f16fd93b312686cf49e57ea27e0aa355b1d1b6799e798ae37f2278f6b5a5d,DECODED,PIXEL_CONFIRMED (production decodeIndexedPcx == independent PIL decode),2,2,Metadata/Palettes/goods/goods_longsword.png,embedded PCX 256-colour palette,Metadata/Palettes/goods/goods_longsword__swatch.png,,
2659,data\engine2d\bin\textures\tran_water_coast.pcx,PCX,Terrain,6c1f4f8b9308d3244d1d4021af6579f51d4f175a395c7943a0209d04a1e3e637,DECODED,PIXEL_CONFIRMED (production decodeIndexedPcx == independent PIL decode),256,256,Terrain/Textures/tran_water_coast.png,embedded PCX 256-colour palette,,,
2676,data\gui\bitmaps\bg_button_hilite.pcx,PCX,UI,643b562c0610c559caf94c3644a51efa97aae7c6a6e734dd6c8726c641bf3525,DECODED,PIXEL_CONFIRMED (production decodeIndexedPcx == independent PIL decode),300,300,UI/Bitmaps/bg_button_hilite.png,embedded PCX 256-colour palette,,,
2683,data\engine2d\bin\palettes\creatures\grizzu.pcx,PCX,Palette,d2c4dddda2237ae9b3b732b2e003f8631df7608bd77cef9b2c0d7d699b067e6c,DECODED,PIXEL_CONFIRMED (production decodeIndexedPcx == independent PIL decode),2,2,Metadata/Palettes/creatures/grizzu.png,embedded PCX 256-colour palette,Metadata/Palettes/creatures/grizzu__swatch.png,,
,E:\cultures\vanilla-data\DataX\Pictures\post00.bmp,BMP,UI,09287ca11fe30c338651a8f311c34bd0e8ac3c262fdae5a9c1cae70263d89f4d,DECODED,SOURCE_COMPLETE (PIL BMP),800,600,UI/Pictures/DataX/post00.png,,,RGB,
,E:\cultures\vanilla-data\DataX\Pictures\pre00.bmp,BMP,UI,284ebfbf10d9a8f68df3b958fff085aade706a9e8e22b9b869f2ac3c900b89d0,DECODED,SOURCE_COMPLETE (PIL BMP),800,600,UI/Pictures/DataX/pre00.png,,,RGB,
,E:\cultures\vanilla-data\DataX\Mouse\MouseNormal.cur,CUR,UI,669e9dac4f7f04a9b79c9982a8edf8d14760b664e6cbd9bdd62d62a713e87362,ORIGINAL_PRESERVED,SOURCE_COMPLETE (PIL CUR decode preview),32,32,UI/Cursors/MouseNormal.cur,,,,UI/Cursors/MouseNormal.png
,E:\cultures\vanilla-data\DataX\Mouse\MousePressed.cur,CUR,UI,dfbfe623df5f8fc624445bbcd78b74a60cd438ba500220706e3d8460d7825e3d,ORIGINAL_PRESERVED,SOURCE_COMPLETE (PIL CUR decode preview),32,32,UI/Cursors/MousePressed.cur,,,,UI/Cursors/MousePressed.png
,E:\cultures\vanilla-data\DataX\Mouse\MouseRight.cur,CUR,UI,3ce4dda813e159c9c4b875e436716e4a9f5f4860e8fcb113b8562ce593a899e9,ORIGINAL_PRESERVED,SOURCE_COMPLETE (PIL CUR decode preview),32,32,UI/Cursors/MouseRight.cur,,,,UI/Cursors/MouseRight.png
