GFX_LANDSCAPE_ID,NATIVE_NAME,EDIT_GROUPS,LOGIC_TYPE,LOGIC_TYPE_NAME,GOODS,TRIBE_LINKS,BODY_LIBRARY,SHADOW_LIBRARY,PALETTE,VALENCIES,FRAMES,BOBS,STATIC,LOOP,TRANSITIONS,CATEGORY,WIDTH,HEIGHT,PIVOT,PREVIEW,CONFIDENCE,ERRORS,METADATA
0,player01 sign 01,"[[""misc_signs""]]",1,void,[],[],data\engine2d\bin\bobs\ls_temp.bmd,data\engine2d\bin\bobs\ls_temp_s.bmd,human_Player01,1,1,[33],0,0,0,Terrain,25,33,"[13, 26]",Terrain/Landscapes/misc_signs/000_player01_sign_01/bob_000033.png,SOURCE_COMPLETE,[],Terrain/Landscapes/misc_signs/000_player01_sign_01/metadata.json
1,player01 sign 02,"[[""misc_signs""]]",1,void,[],[],data\engine2d\bin\bobs\ls_temp.bmd,data\engine2d\bin\bobs\ls_temp_s.bmd,human_Player01,1,1,[33],0,0,0,Terrain,25,33,"[13, 26]",Terrain/Landscapes/misc_signs/000_player01_sign_01/bob_000033.png,SOURCE_COMPLETE,[],Terrain/Landscapes/misc_signs/001_player01_sign_02/metadata.json
2,player01 sign 03,"[[""misc_signs""]]",1,void,[],[],data\engine2d\bin\bobs\ls_temp.bmd,data\engine2d\bin\bobs\ls_temp_s.bmd,human_Player01,1,1,[33],0,0,0,Terrain,25,33,"[13, 26]",Terrain/Landscapes/misc_signs/000_player01_sign_01/bob_000033.png,SOURCE_COMPLETE,[],Terrain/Landscapes/misc_signs/002_player01_sign_03/metadata.json
3,player01 sign 04,"[[""misc_signs""]]",1,void,[],[],data\engine2d\bin\bobs\ls_temp.bmd,data\engine2d\bin\bobs\ls_temp_s.bmd,human_Player01,1,1,[33],0,0,0,Terrain,25,33,"[13, 26]",Terrain/Landscapes/misc_signs/000_player01_sign_01/bob_000033.png,SOURCE_COMPLETE,[],Terrain/Landscapes/misc_signs/003_player01_sign_04/metadata.json
4,player01 sign 05,"[[""misc_signs""]]",1,void,[],[],data\engine2d\bin\bobs\ls_temp.bmd,data\engine2d\bin\bobs\ls_temp_s.bmd,human_Player01,1,1,[34],0,0,0,Terrain,18,32,"[6, 25]",Terrain/Landscapes/misc_signs/004_player01_sign_05/bob_000034.png,SOURCE_COMPLETE,[],Terrain/Landscapes/misc_signs/004_player01_sign_05/metadata.json
5,player02 sign 01,"[[""misc_signs""]]",1,void,[],[],data\engine2d\bin\bobs\ls_temp.bmd,data\engine2d\bin\bobs\ls_temp_s.bmd,human_Player02,1,1,[33],0,0,0,Terrain,25,33,"[13, 26]",Terrain/Landscapes/misc_signs/005_player02_sign_01/bob_000033.png,SOURCE_COMPLETE,[],Terrain/Landscapes/misc_signs/005_player02_sign_01/metadata.json
6,player02 sign 02,"[[""misc_signs""]]",1,void,[],[],data\engine2d\bin\bobs\ls_temp.bmd,data\engine2d\bin\bobs\ls_temp_s.bmd,human_Player02,1,1,[33],0,0,0,Terrain,25,33,"[13, 26]",Terrain/Landscapes/misc_signs/005_player02_sign_01/bob_000033.png,SOURCE_COMPLETE,[],Terrain/Landscapes/misc_signs/006_player02_sign_02/metadata.json
7,player02 sign 03,"[[""misc_signs""]]",1,void,[],[],data\engine2d\bin\bobs\ls_temp.bmd,data\engine2d\bin\bobs\ls_temp_s.bmd,human_Player02,1,1,[33],0,0,0,Terrain,25,33,"[13, 26]",Terrain/Landscapes/misc_signs/005_player02_sign_01/bob_000033.png,SOURCE_COMPLETE,[],Terrain/Landscapes/misc_signs/007_player02_sign_03/metadata.json
8,player02 sign 04,"[[""misc_signs""]]",1,void,[],[],data\engine2d\bin\bobs\ls_temp.bmd,data\engine2d\bin\bobs\ls_temp_s.bmd,human_Player02,1,1,[33],0,0,0,Terrain,25,33,"[13, 26]",Terrain/Landscapes/misc_signs/005_player02_sign_01/bob_000033.png,SOURCE_COMPLETE,[],Terrain/Landscapes/misc_signs/008_player02_sign_04/metadata.json
9,player02 sign 05,"[[""misc_signs""]]",1,void,[],[],data\engine2d\bin\bobs\ls_temp.bmd,data\engine2d\bin\bobs\ls_temp_s.bmd,human_Player02,1,1,[34],0,0,0,Terrain,18,32,"[6, 25]",Terrain/Landscapes/misc_signs/009_player02_sign_05/bob_000034.png,SOURCE_COMPLETE,[],Terrain/Landscapes/misc_signs/009_player02_sign_05/metadata.json
10,player03 sign 01,"[[""misc_signs""]]",1,void,[],[],data\engine2d\bin\bobs\ls_temp.bmd,data\engine2d\bin\bobs\ls_temp_s.bmd,human_Player03,1,1,[33],0,0,0,Terrain,25,33,"[13, 26]",Terrain/Landscapes/misc_signs/010_player03_sign_01/bob_000033.png,SOURCE_COMPLETE,[],Terrain/Landscapes/misc_signs/010_player03_sign_01/metadata.json
11,player03 sign 02,"[[""misc_signs""]]",1,void,[],[],data\engine2d\bin\bobs\ls_temp.bmd,data\engine2d\bin\bobs\ls_temp_s.bmd,human_Player03,1,1,[33],0,0,0,Terrain,25,33,"[13, 26]",Terrain/Landscapes/misc_signs/010_player03_sign_01/bob_000033.png,SOURCE_COMPLETE,[],Terrain/Landscapes/misc_signs/011_player03_sign_02/metadata.json
12,player03 sign 03,"[[""misc_signs""]]",1,void,[],[],data\engine2d\bin\bobs\ls_temp.bmd,data\engine2d\bin\bobs\ls_temp_s.bmd,human_Player03,1,1,[33],0,0,0,Terrain,25,33,"[13, 26]",Terrain/Landscapes/misc_signs/010_player03_sign_01/bob_000033.png,SOURCE_COMPLETE,[],Terrain/Landscapes/misc_signs/012_player03_sign_03/metadata.json
13,player03 sign 04,"[[""misc_signs""]]",1,void,[],[],data\engine2d\bin\bobs\ls_temp.bmd,data\engine2d\bin\bobs\ls_temp_s.bmd,human_Player03,1,1,[33],0,0,0,Terrain,25,33,"[13, 26]",Terrain/Landscapes/misc_signs/010_player03_sign_01/bob_000033.png,SOURCE_COMPLETE,[],Terrain/Landscapes/misc_signs/013_player03_sign_04/metadata.json
14,player03 sign 05,"[[""misc_signs""]]",1,void,[],[],data\engine2d\bin\bobs\ls_temp.bmd,data\engine2d\bin\bobs\ls_temp_s.bmd,human_Player03,1,1,[34],0,0,0,Terrain,18,32,"[6, 25]",Terrain/Landscapes/misc_signs/014_player03_sign_05/bob_000034.png,SOURCE_COMPLETE,[],Terrain/Landscapes/misc_signs/014_player03_sign_05/metadata.json
15,player04 sign 01,"[[""misc_signs""]]",1,void,[],[],data\engine2d\bin\bobs\ls_temp.bmd,data\engine2d\bin\bobs\ls_temp_s.bmd,human_Player04,1,1,[33],0,0,0,Terrain,25,33,"[13, 26]",Terrain/Landscapes/misc_signs/015_player04_sign_01/bob_000033.png,SOURCE_COMPLETE,[],Terrain/Landscapes/misc_signs/015_player04_sign_01/metadata.json
16,player04 sign 02,"[[""misc_signs""]]",1,void,[],[],data\engine2d\bin\bobs\ls_temp.bmd,data\engine2d\bin\bobs\ls_temp_s.bmd,human_Player04,1,1,[33],0,0,0,Terrain,25,33,"[13, 26]",Terrain/Landscapes/misc_signs/015_player04_sign_01/bob_000033.png,SOURCE_COMPLETE,[],Terrain/Landscapes/misc_signs/016_player04_sign_02/metadata.json
17,player04 sign 03,"[[""misc_signs""]]",1,void,[],[],data\engine2d\bin\bobs\ls_temp.bmd,data\engine2d\bin\bobs\ls_temp_s.bmd,human_Player04,1,1,[33],0,0,0,Terrain,25,33,"[13, 26]",Terrain/Landscapes/misc_signs/015_player04_sign_01/bob_000033.png,SOURCE_COMPLETE,[],Terrain/Landscapes/misc_signs/017_player04_sign_03/metadata.json
18,player04 sign 04,"[[""misc_signs""]]",1,void,[],[],data\engine2d\bin\bobs\ls_temp.bmd,data\engine2d\bin\bobs\ls_temp_s.bmd,human_Player04,1,1,[33],0,0,0,Terrain,25,33,"[13, 26]",Terrain/Landscapes/misc_signs/015_player04_sign_01/bob_000033.png,SOURCE_COMPLETE,[],Terrain/Landscapes/misc_signs/018_player04_sign_04/metadata.json
19,player04 sign 05,"[[""misc_signs""]]",1,void,[],[],data\engine2d\bin\bobs\ls_temp.bmd,data\engine2d\bin\bobs\ls_temp_s.bmd,human_Player04,1,1,[34],0,0,0,Terrain,18,32,"[6, 25]",Terrain/Landscapes/misc_signs/019_player04_sign_05/bob_000034.png,SOURCE_COMPLETE,[],Terrain/Landscapes/misc_signs/019_player04_sign_05/metadata.json
20,player05 sign 01,"[[""misc_signs""]]",1,void,[],[],data\engine2d\bin\bobs\ls_temp.bmd,data\engine2d\bin\bobs\ls_temp_s.bmd,human_Player05,1,1,[33],0,0,0,Terrain,25,33,"[13, 26]",Terrain/Landscapes/misc_signs/020_player05_sign_01/bob_000033.png,SOURCE_COMPLETE,[],Terrain/Landscapes/misc_signs/020_player05_sign_01/metadata.json
21,player05 sign 02,"[[""misc_signs""]]",1,void,[],[],data\engine2d\bin\bobs\ls_temp.bmd,data\engine2d\bin\bobs\ls_temp_s.bmd,human_Player05,1,1,[33],0,0,0,Terrain,25,33,"[13, 26]",Terrain/Landscapes/misc_signs/020_player05_sign_01/bob_000033.png,SOURCE_COMPLETE,[],Terrain/Landscapes/misc_signs/021_player05_sign_02/metadata.json
22,player05 sign 03,"[[""misc_signs""]]",1,void,[],[],data\engine2d\bin\bobs\ls_temp.bmd,data\engine2d\bin\bobs\ls_temp_s.bmd,human_Player05,1,1,[33],0,0,0,Terrain,25,33,"[13, 26]",Terrain/Landscapes/misc_signs/020_player05_sign_01/bob_000033.png,SOURCE_COMPLETE,[],Terrain/Landscapes/misc_signs/022_player05_sign_03/metadata.json
23,player05 sign 04,"[[""misc_signs""]]",1,void,[],[],data\engine2d\bin\bobs\ls_temp.bmd,data\engine2d\bin\bobs\ls_temp_s.bmd,human_Player05,1,1,[33],0,0,0,Terrain,25,33,"[13, 26]",Terrain/Landscapes/misc_signs/020_player05_sign_01/bob_000033.png,SOURCE_COMPLETE,[],Terrain/Landscapes/misc_signs/023_player05_sign_04/metadata.json
24,player05 sign 05,"[[""misc_signs""]]",1,void,[],[],data\engine2d\bin\bobs\ls_temp.bmd,data\engine2d\bin\bobs\ls_temp_s.bmd,human_Player05,1,1,[34],0,0,0,Terrain,18,32,"[6, 25]",Terrain/Landscapes/misc_signs/024_player05_sign_05/bob_000034.png,SOURCE_COMPLETE,[],Terrain/Landscapes/misc_signs/024_player05_sign_05/metadata.json
25,player06 sign 01,"[[""misc_signs""]]",1,void,[],[],data\engine2d\bin\bobs\ls_temp.bmd,data\engine2d\bin\bobs\ls_temp_s.bmd,human_Player06,1,1,[33],0,0,0,Terrain,25,33,"[13, 26]",Terrain/Landscapes/misc_signs/025_player06_sign_01/bob_000033.png,SOURCE_COMPLETE,[],Terrain/Landscapes/misc_signs/025_player06_sign_01/metadata.json
26,player06 sign 02,"[[""misc_signs""]]",1,void,[],[],data\engine2d\bin\bobs\ls_temp.bmd,data\engine2d\bin\bobs\ls_temp_s.bmd,human_Player06,1,1,[33],0,0,0,Terrain,25,33,"[13, 26]",Terrain/Landscapes/misc_signs/025_player06_sign_01/bob_000033.png,SOURCE_COMPLETE,[],Terrain/Landscapes/misc_signs/026_player06_sign_02/metadata.json
27,player06 sign 03,"[[""misc_signs""]]",1,void,[],[],data\engine2d\bin\bobs\ls_temp.bmd,data\engine2d\bin\bobs\ls_temp_s.bmd,human_Player06,1,1,[33],0,0,0,Terrain,25,33,"[13, 26]",Terrain/Landscapes/misc_signs/025_player06_sign_01/bob_000033.png,SOURCE_COMPLETE,[],Terrain/Landscapes/misc_signs/027_player06_sign_03/metadata.json
28,player06 sign 04,"[[""misc_signs""]]",1,void,[],[],data\engine2d\bin\bobs\ls_temp.bmd,data\engine2d\bin\bobs\ls_temp_s.bmd,human_Player06,1,1,[33],0,0,0,Terrain,25,33,"[13, 26]",Terrain/Landscapes/misc_signs/025_player06_sign_01/bob_000033.png,SOURCE_COMPLETE,[],Terrain/Landscapes/misc_signs/028_player06_sign_04/metadata.json
29,player06 sign 05,"[[""misc_signs""]]",1,void,[],[],data\engine2d\bin\bobs\ls_temp.bmd,data\engine2d\bin\bobs\ls_temp_s.bmd,human_Player06,1,1,[34],0,0,0,Terrain,18,32,"[6, 25]",Terrain/Landscapes/misc_signs/029_player06_sign_05/bob_000034.png,SOURCE_COMPLETE,[],Terrain/Landscapes/misc_signs/029_player06_sign_05/metadata.json
30,player07 sign 01,"[[""misc_signs""]]",1,void,[],[],data\engine2d\bin\bobs\ls_temp.bmd,data\engine2d\bin\bobs\ls_temp_s.bmd,human_Player07,1,1,[33],0,0,0,Terrain,25,33,"[13, 26]",Terrain/Landscapes/misc_signs/030_player07_sign_01/bob_000033.png,SOURCE_COMPLETE,[],Terrain/Landscapes/misc_signs/030_player07_sign_01/metadata.json
31,player07 sign 02,"[[""misc_signs""]]",1,void,[],[],data\engine2d\bin\bobs\ls_temp.bmd,data\engine2d\bin\bobs\ls_temp_s.bmd,human_Player07,1,1,[2],0,0,0,Terrain,18,48,"[11, 41]",Terrain/Landscapes/misc_signs/031_player07_sign_02/bob_000002.png,SOURCE_COMPLETE,[],Terrain/Landscapes/misc_signs/031_player07_sign_02/metadata.json
32,player07 sign 03,"[[""misc_signs""]]",1,void,[],[],data\engine2d\bin\bobs\ls_temp.bmd,data\engine2d\bin\bobs\ls_temp_s.bmd,human_Player07,1,1,[33],0,0,0,Terrain,25,33,"[13, 26]",Terrain/Landscapes/misc_signs/030_player07_sign_01/bob_000033.png,SOURCE_COMPLETE,[],Terrain/Landscapes/misc_signs/032_player07_sign_03/metadata.json
33,player07 sign 04,"[[""misc_signs""]]",1,void,[],[],data\engine2d\bin\bobs\ls_temp.bmd,data\engine2d\bin\bobs\ls_temp_s.bmd,human_Player07,1,1,[33],0,0,0,Terrain,25,33,"[13, 26]",Terrain/Landscapes/misc_signs/030_player07_sign_01/bob_000033.png,SOURCE_COMPLETE,[],Terrain/Landscapes/misc_signs/033_player07_sign_04/metadata.json
34,player07 sign 05,"[[""misc_signs""]]",1,void,[],[],data\engine2d\bin\bobs\ls_temp.bmd,data\engine2d\bin\bobs\ls_temp_s.bmd,human_Player07,1,1,[34],0,0,0,Terrain,18,32,"[6, 25]",Terrain/Landscapes/misc_signs/034_player07_sign_05/bob_000034.png,SOURCE_COMPLETE,[],Terrain/Landscapes/misc_signs/034_player07_sign_05/metadata.json
35,player08 sign 01,"[[""misc_signs""]]",1,void,[],[],data\engine2d\bin\bobs\ls_temp.bmd,data\engine2d\bin\bobs\ls_temp_s.bmd,human_Player08,1,1,[33],0,0,0,Terrain,25,33,"[13, 26]",Terrain/Landscapes/misc_signs/035_player08_sign_01/bob_000033.png,SOURCE_COMPLETE,[],Terrain/Landscapes/misc_signs/035_player08_sign_01/metadata.json
36,player08 sign 02,"[[""misc_signs""]]",1,void,[],[],data\engine2d\bin\bobs\ls_temp.bmd,data\engine2d\bin\bobs\ls_temp_s.bmd,human_Player08,1,1,[33],0,0,0,Terrain,25,33,"[13, 26]",Terrain/Landscapes/misc_signs/035_player08_sign_01/bob_000033.png,SOURCE_COMPLETE,[],Terrain/Landscapes/misc_signs/036_player08_sign_02/metadata.json
37,player08 sign 03,"[[""misc_signs""]]",1,void,[],[],data\engine2d\bin\bobs\ls_temp.bmd,data\engine2d\bin\bobs\ls_temp_s.bmd,human_Player08,1,1,[33],0,0,0,Terrain,25,33,"[13, 26]",Terrain/Landscapes/misc_signs/035_player08_sign_01/bob_000033.png,SOURCE_COMPLETE,[],Terrain/Landscapes/misc_signs/037_player08_sign_03/metadata.json
38,player08 sign 04,"[[""misc_signs""]]",1,void,[],[],data\engine2d\bin\bobs\ls_temp.bmd,data\engine2d\bin\bobs\ls_temp_s.bmd,human_Player08,1,1,[33],0,0,0,Terrain,25,33,"[13, 26]",Terrain/Landscapes/misc_signs/035_player08_sign_01/bob_000033.png,SOURCE_COMPLETE,[],Terrain/Landscapes/misc_signs/038_player08_sign_04/metadata.json
39,player08 sign 05,"[[""misc_signs""]]",1,void,[],[],data\engine2d\bin\bobs\ls_temp.bmd,data\engine2d\bin\bobs\ls_temp_s.bmd,human_Player08,1,1,[34],0,0,0,Terrain,18,32,"[6, 25]",Terrain/Landscapes/misc_signs/039_player08_sign_05/bob_000034.png,SOURCE_COMPLETE,[],Terrain/Landscapes/misc_signs/039_player08_sign_05/metadata.json
40,player09 sign 01,"[[""misc_signs""]]",1,void,[],[],data\engine2d\bin\bobs\ls_temp.bmd,data\engine2d\bin\bobs\ls_temp_s.bmd,human_Player09,1,1,[33],0,0,0,Terrain,25,33,"[13, 26]",Terrain/Landscapes/misc_signs/040_player09_sign_01/bob_000033.png,SOURCE_COMPLETE,[],Terrain/Landscapes/misc_signs/040_player09_sign_01/metadata.json
41,player09 sign 02,"[[""misc_signs""]]",1,void,[],[],data\engine2d\bin\bobs\ls_temp.bmd,data\engine2d\bin\bobs\ls_temp_s.bmd,human_Player09,1,1,[33],0,0,0,Terrain,25,33,"[13, 26]",Terrain/Landscapes/misc_signs/040_player09_sign_01/bob_000033.png,SOURCE_COMPLETE,[],Terrain/Landscapes/misc_signs/041_player09_sign_02/metadata.json
42,player09 sign 03,"[[""misc_signs""]]",1,void,[],[],data\engine2d\bin\bobs\ls_temp.bmd,data\engine2d\bin\bobs\ls_temp_s.bmd,human_Player09,1,1,[33],0,0,0,Terrain,25,33,"[13, 26]",Terrain/Landscapes/misc_signs/040_player09_sign_01/bob_000033.png,SOURCE_COMPLETE,[],Terrain/Landscapes/misc_signs/042_player09_sign_03/metadata.json
43,player09 sign 04,"[[""misc_signs""]]",1,void,[],[],data\engine2d\bin\bobs\ls_temp.bmd,data\engine2d\bin\bobs\ls_temp_s.bmd,human_Player09,1,1,[33],0,0,0,Terrain,25,33,"[13, 26]",Terrain/Landscapes/misc_signs/040_player09_sign_01/bob_000033.png,SOURCE_COMPLETE,[],Terrain/Landscapes/misc_signs/043_player09_sign_04/metadata.json
44,player09 sign 05,"[[""misc_signs""]]",1,void,[],[],data\engine2d\bin\bobs\ls_temp.bmd,data\engine2d\bin\bobs\ls_temp_s.bmd,human_Player09,1,1,[34],0,0,0,Terrain,18,32,"[6, 25]",Terrain/Landscapes/misc_signs/044_player09_sign_05/bob_000034.png,SOURCE_COMPLETE,[],Terrain/Landscapes/misc_signs/044_player09_sign_05/metadata.json
45,player10 sign 01,"[[""misc_signs""]]",1,void,[],[],data\engine2d\bin\bobs\ls_temp.bmd,data\engine2d\bin\bobs\ls_temp_s.bmd,human_Player10,1,1,[33],0,0,0,Terrain,25,33,"[13, 26]",Terrain/Landscapes/misc_signs/045_player10_sign_01/bob_000033.png,SOURCE_COMPLETE,[],Terrain/Landscapes/misc_signs/045_player10_sign_01/metadata.json
46,player10 sign 02,"[[""misc_signs""]]",1,void,[],[],data\engine2d\bin\bobs\ls_temp.bmd,data\engine2d\bin\bobs\ls_temp_s.bmd,human_Player10,1,1,[33],0,0,0,Terrain,25,33,"[13, 26]",Terrain/Landscapes/misc_signs/045_player10_sign_01/bob_000033.png,SOURCE_COMPLETE,[],Terrain/Landscapes/misc_signs/046_player10_sign_02/metadata.json
47,player10 sign 03,"[[""misc_signs""]]",1,void,[],[],data\engine2d\bin\bobs\ls_temp.bmd,data\engine2d\bin\bobs\ls_temp_s.bmd,human_Player10,1,1,[33],0,0,0,Terrain,25,33,"[13, 26]",Terrain/Landscapes/misc_signs/045_player10_sign_01/bob_000033.png,SOURCE_COMPLETE,[],Terrain/Landscapes/misc_signs/047_player10_sign_03/metadata.json
48,player10 sign 04,"[[""misc_signs""]]",1,void,[],[],data\engine2d\bin\bobs\ls_temp.bmd,data\engine2d\bin\bobs\ls_temp_s.bmd,human_Player10,1,1,[33],0,0,0,Terrain,25,33,"[13, 26]",Terrain/Landscapes/misc_signs/045_player10_sign_01/bob_000033.png,SOURCE_COMPLETE,[],Terrain/Landscapes/misc_signs/048_player10_sign_04/metadata.json
49,player10 sign 05,"[[""misc_signs""]]",1,void,[],[],data\engine2d\bin\bobs\ls_temp.bmd,data\engine2d\bin\bobs\ls_temp_s.bmd,human_Player10,1,1,[34],0,0,0,Terrain,18,32,"[6, 25]",Terrain/Landscapes/misc_signs/049_player10_sign_05/bob_000034.png,SOURCE_COMPLETE,[],Terrain/Landscapes/misc_signs/049_player10_sign_05/metadata.json
50,player01 residence sign 01,"[[""misc_signs""]]",1,void,[],[],data\engine2d\bin\bobs\ls_temp.bmd,data\engine2d\bin\bobs\ls_temp_s.bmd,human_Player01,1,8,"[6, 7, 8, 9, 10, 11, 12, 13]",0,1,0,Terrain,22,33,"[11, 25]",Terrain/Landscapes/misc_signs/050_player01_residence_sign_01/bob_000013.png,SOURCE_COMPLETE,[],Terrain/Landscapes/misc_signs/050_player01_residence_sign_01/metadata.json
51,player01 residence sign 02,"[[""misc_signs""]]",1,void,[],[],data\engine2d\bin\bobs\ls_temp.bmd,data\engine2d\bin\bobs\ls_temp_s.bmd,human_Player01,1,8,"[16, 17, 18, 19, 20, 21, 22, 23]",0,1,0,Terrain,22,33,"[11, 25]",Terrain/Landscapes/misc_signs/051_player01_residence_sign_02/bob_000023.png,SOURCE_COMPLETE,[],Terrain/Landscapes/misc_signs/051_player01_residence_sign_02/metadata.json
52,player01 residence sign 03,"[[""misc_signs""]]",1,void,[],[],data\engine2d\bin\bobs\ls_temp.bmd,data\engine2d\bin\bobs\ls_temp_s.bmd,human_Player01,1,8,"[24, 25, 26, 27, 28, 29, 30, 31]",0,1,0,Terrain,22,33,"[11, 25]",Terrain/Landscapes/misc_signs/052_player01_residence_sign_03/bob_000031.png,SOURCE_COMPLETE,[],Terrain/Landscapes/misc_signs/052_player01_residence_sign_03/metadata.json
53,player02 residence sign 01,"[[""misc_signs""]]",1,void,[],[],data\engine2d\bin\bobs\ls_temp.bmd,data\engine2d\bin\bobs\ls_temp_s.bmd,human_Player02,1,8,"[6, 7, 8, 9, 10, 11, 12, 13]",0,1,0,Terrain,22,33,"[11, 25]",Terrain/Landscapes/misc_signs/053_player02_residence_sign_01/bob_000013.png,SOURCE_COMPLETE,[],Terrain/Landscapes/misc_signs/053_player02_residence_sign_01/metadata.json
54,player02 residence sign 02,"[[""misc_signs""]]",1,void,[],[],data\engine2d\bin\bobs\ls_temp.bmd,data\engine2d\bin\bobs\ls_temp_s.bmd,human_Player02,1,8,"[16, 17, 18, 19, 20, 21, 22, 23]",0,1,0,Terrain,22,33,"[11, 25]",Terrain/Landscapes/misc_signs/054_player02_residence_sign_02/bob_000023.png,SOURCE_COMPLETE,[],Terrain/Landscapes/misc_signs/054_player02_residence_sign_02/metadata.json
55,player02 residence sign 03,"[[""misc_signs""]]",1,void,[],[],data\engine2d\bin\bobs\ls_temp.bmd,data\engine2d\bin\bobs\ls_temp_s.bmd,human_Player02,1,8,"[24, 25, 26, 27, 28, 29, 30, 31]",0,1,0,Terrain,22,33,"[11, 25]",Terrain/Landscapes/misc_signs/055_player02_residence_sign_03/bob_000031.png,SOURCE_COMPLETE,[],Terrain/Landscapes/misc_signs/055_player02_residence_sign_03/metadata.json
56,player03 residence sign 01,"[[""misc_signs""]]",1,void,[],[],data\engine2d\bin\bobs\ls_temp.bmd,data\engine2d\bin\bobs\ls_temp_s.bmd,human_Player03,1,8,"[6, 7, 8, 9, 10, 11, 12, 13]",0,1,0,Terrain,22,33,"[11, 25]",Terrain/Landscapes/misc_signs/056_player03_residence_sign_01/bob_000013.png,SOURCE_COMPLETE,[],Terrain/Landscapes/misc_signs/056_player03_residence_sign_01/metadata.json
57,player03 residence sign 02,"[[""misc_signs""]]",1,void,[],[],data\engine2d\bin\bobs\ls_temp.bmd,data\engine2d\bin\bobs\ls_temp_s.bmd,human_Player03,1,8,"[16, 17, 18, 19, 20, 21, 22, 23]",0,1,0,Terrain,22,33,"[11, 25]",Terrain/Landscapes/misc_signs/057_player03_residence_sign_02/bob_000023.png,SOURCE_COMPLETE,[],Terrain/Landscapes/misc_signs/057_player03_residence_sign_02/metadata.json
58,player03 residence sign 03,"[[""misc_signs""]]",1,void,[],[],data\engine2d\bin\bobs\ls_temp.bmd,data\engine2d\bin\bobs\ls_temp_s.bmd,human_Player03,1,8,"[24, 25, 26, 27, 28, 29, 30, 31]",0,1,0,Terrain,22,33,"[11, 25]",Terrain/Landscapes/misc_signs/058_player03_residence_sign_03/bob_000031.png,SOURCE_COMPLETE,[],Terrain/Landscapes/misc_signs/058_player03_residence_sign_03/metadata.json
59,player04 residence sign 01,"[[""misc_signs""]]",1,void,[],[],data\engine2d\bin\bobs\ls_temp.bmd,data\engine2d\bin\bobs\ls_temp_s.bmd,human_Player04,1,8,"[6, 7, 8, 9, 10, 11, 12, 13]",0,1,0,Terrain,22,33,"[11, 25]",Terrain/Landscapes/misc_signs/059_player04_residence_sign_01/bob_000013.png,SOURCE_COMPLETE,[],Terrain/Landscapes/misc_signs/059_player04_residence_sign_01/metadata.json
60,player04 residence sign 02,"[[""misc_signs""]]",1,void,[],[],data\engine2d\bin\bobs\ls_temp.bmd,data\engine2d\bin\bobs\ls_temp_s.bmd,human_Player04,1,8,"[16, 17, 18, 19, 20, 21, 22, 23]",0,1,0,Terrain,22,33,"[11, 25]",Terrain/Landscapes/misc_signs/060_player04_residence_sign_02/bob_000023.png,SOURCE_COMPLETE,[],Terrain/Landscapes/misc_signs/060_player04_residence_sign_02/metadata.json
61,player04 residence sign 03,"[[""misc_signs""]]",1,void,[],[],data\engine2d\bin\bobs\ls_temp.bmd,data\engine2d\bin\bobs\ls_temp_s.bmd,human_Player04,1,8,"[24, 25, 26, 27, 28, 29, 30, 31]",0,1,0,Terrain,22,33,"[11, 25]",Terrain/Landscapes/misc_signs/061_player04_residence_sign_03/bob_000031.png,SOURCE_COMPLETE,[],Terrain/Landscapes/misc_signs/061_player04_residence_sign_03/metadata.json
62,player05 residence sign 01,"[[""misc_signs""]]",1,void,[],[],data\engine2d\bin\bobs\ls_temp.bmd,data\engine2d\bin\bobs\ls_temp_s.bmd,human_Player05,1,8,"[6, 7, 8, 9, 10, 11, 12, 13]",0,1,0,Terrain,22,33,"[11, 25]",Terrain/Landscapes/misc_signs/062_player05_residence_sign_01/bob_000013.png,SOURCE_COMPLETE,[],Terrain/Landscapes/misc_signs/062_player05_residence_sign_01/metadata.json
63,player05 residence sign 02,"[[""misc_signs""]]",1,void,[],[],data\engine2d\bin\bobs\ls_temp.bmd,data\engine2d\bin\bobs\ls_temp_s.bmd,human_Player05,1,8,"[16, 17, 18, 19, 20, 21, 22, 23]",0,1,0,Terrain,22,33,"[11, 25]",Terrain/Landscapes/misc_signs/063_player05_residence_sign_02/bob_000023.png,SOURCE_COMPLETE,[],Terrain/Landscapes/misc_signs/063_player05_residence_sign_02/metadata.json
64,player05 residence sign 03,"[[""misc_signs""]]",1,void,[],[],data\engine2d\bin\bobs\ls_temp.bmd,data\engine2d\bin\bobs\ls_temp_s.bmd,human_Player05,1,8,"[24, 25, 26, 27, 28, 29, 30, 31]",0,1,0,Terrain,22,33,"[11, 25]",Terrain/Landscapes/misc_signs/064_player05_residence_sign_03/bob_000031.png,SOURCE_COMPLETE,[],Terrain/Landscapes/misc_signs/064_player05_residence_sign_03/metadata.json
65,player06 residence sign 01,"[[""misc_signs""]]",1,void,[],[],data\engine2d\bin\bobs\ls_temp.bmd,data\engine2d\bin\bobs\ls_temp_s.bmd,human_Player06,1,8,"[6, 7, 8, 9, 10, 11, 12, 13]",0,1,0,Terrain,22,33,"[11, 25]",Terrain/Landscapes/misc_signs/065_player06_residence_sign_01/bob_000013.png,SOURCE_COMPLETE,[],Terrain/Landscapes/misc_signs/065_player06_residence_sign_01/metadata.json
66,player06 residence sign 02,"[[""misc_signs""]]",1,void,[],[],data\engine2d\bin\bobs\ls_temp.bmd,data\engine2d\bin\bobs\ls_temp_s.bmd,human_Player06,1,8,"[16, 17, 18, 19, 20, 21, 22, 23]",0,1,0,Terrain,22,33,"[11, 25]",Terrain/Landscapes/misc_signs/066_player06_residence_sign_02/bob_000023.png,SOURCE_COMPLETE,[],Terrain/Landscapes/misc_signs/066_player06_residence_sign_02/metadata.json
67,player06 residence sign 03,"[[""misc_signs""]]",1,void,[],[],data\engine2d\bin\bobs\ls_temp.bmd,data\engine2d\bin\bobs\ls_temp_s.bmd,human_Player06,1,8,"[24, 25, 26, 27, 28, 29, 30, 31]",0,1,0,Terrain,22,33,"[11, 25]",Terrain/Landscapes/misc_signs/067_player06_residence_sign_03/bob_000031.png,SOURCE_COMPLETE,[],Terrain/Landscapes/misc_signs/067_player06_residence_sign_03/metadata.json
68,player07 residence sign 01,"[[""misc_signs""]]",1,void,[],[],data\engine2d\bin\bobs\ls_temp.bmd,data\engine2d\bin\bobs\ls_temp_s.bmd,human_Player07,1,8,"[6, 7, 8, 9, 10, 11, 12, 13]",0,1,0,Terrain,22,33,"[11, 25]",Terrain/Landscapes/misc_signs/068_player07_residence_sign_01/bob_000013.png,SOURCE_COMPLETE,[],Terrain/Landscapes/misc_signs/068_player07_residence_sign_01/metadata.json
69,player07 residence sign 02,"[[""misc_signs""]]",1,void,[],[],data\engine2d\bin\bobs\ls_temp.bmd,data\engine2d\bin\bobs\ls_temp_s.bmd,human_Player07,1,8,"[16, 17, 18, 19, 20, 21, 22, 23]",0,1,0,Terrain,22,33,"[11, 25]",Terrain/Landscapes/misc_signs/069_player07_residence_sign_02/bob_000023.png,SOURCE_COMPLETE,[],Terrain/Landscapes/misc_signs/069_player07_residence_sign_02/metadata.json
70,player07 residence sign 03,"[[""misc_signs""]]",1,void,[],[],data\engine2d\bin\bobs\ls_temp.bmd,data\engine2d\bin\bobs\ls_temp_s.bmd,human_Player07,1,8,"[24, 25, 26, 27, 28, 29, 30, 31]",0,1,0,Terrain,22,33,"[11, 25]",Terrain/Landscapes/misc_signs/070_player07_residence_sign_03/bob_000031.png,SOURCE_COMPLETE,[],Terrain/Landscapes/misc_signs/070_player07_residence_sign_03/metadata.json
71,player08 residence sign 01,"[[""misc_signs""]]",1,void,[],[],data\engine2d\bin\bobs\ls_temp.bmd,data\engine2d\bin\bobs\ls_temp_s.bmd,human_Player08,1,8,"[6, 7, 8, 9, 10, 11, 12, 13]",0,1,0,Terrain,22,33,"[11, 25]",Terrain/Landscapes/misc_signs/071_player08_residence_sign_01/bob_000013.png,SOURCE_COMPLETE,[],Terrain/Landscapes/misc_signs/071_player08_residence_sign_01/metadata.json
72,player08 residence sign 02,"[[""misc_signs""]]",1,void,[],[],data\engine2d\bin\bobs\ls_temp.bmd,data\engine2d\bin\bobs\ls_temp_s.bmd,human_Player08,1,8,"[16, 17, 18, 19, 20, 21, 22, 23]",0,1,0,Terrain,22,33,"[11, 25]",Terrain/Landscapes/misc_signs/072_player08_residence_sign_02/bob_000023.png,SOURCE_COMPLETE,[],Terrain/Landscapes/misc_signs/072_player08_residence_sign_02/metadata.json
73,player08 residence sign 03,"[[""misc_signs""]]",1,void,[],[],data\engine2d\bin\bobs\ls_temp.bmd,data\engine2d\bin\bobs\ls_temp_s.bmd,human_Player08,1,8,"[24, 25, 26, 27, 28, 29, 30, 31]",0,1,0,Terrain,22,33,"[11, 25]",Terrain/Landscapes/misc_signs/073_player08_residence_sign_03/bob_000031.png,SOURCE_COMPLETE,[],Terrain/Landscapes/misc_signs/073_player08_residence_sign_03/metadata.json
74,player09 residence sign 01,"[[""misc_signs""]]",1,void,[],[],data\engine2d\bin\bobs\ls_temp.bmd,data\engine2d\bin\bobs\ls_temp_s.bmd,human_Player09,1,8,"[6, 7, 8, 9, 10, 11, 12, 13]",0,1,0,Terrain,22,33,"[11, 25]",Terrain/Landscapes/misc_signs/074_player09_residence_sign_01/bob_000013.png,SOURCE_COMPLETE,[],Terrain/Landscapes/misc_signs/074_player09_residence_sign_01/metadata.json
75,player09 residence sign 02,"[[""misc_signs""]]",1,void,[],[],data\engine2d\bin\bobs\ls_temp.bmd,data\engine2d\bin\bobs\ls_temp_s.bmd,human_Player09,1,8,"[16, 17, 18, 19, 20, 21, 22, 23]",0,1,0,Terrain,22,33,"[11, 25]",Terrain/Landscapes/misc_signs/075_player09_residence_sign_02/bob_000023.png,SOURCE_COMPLETE,[],Terrain/Landscapes/misc_signs/075_player09_residence_sign_02/metadata.json
76,player09 residence sign 03,"[[""misc_signs""]]",1,void,[],[],data\engine2d\bin\bobs\ls_temp.bmd,data\engine2d\bin\bobs\ls_temp_s.bmd,human_Player09,1,8,"[24, 25, 26, 27, 28, 29, 30, 31]",0,1,0,Terrain,22,33,"[11, 25]",Terrain/Landscapes/misc_signs/076_player09_residence_sign_03/bob_000031.png,SOURCE_COMPLETE,[],Terrain/Landscapes/misc_signs/076_player09_residence_sign_03/metadata.json
77,player10 residence sign 01,"[[""misc_signs""]]",1,void,[],[],data\engine2d\bin\bobs\ls_temp.bmd,data\engine2d\bin\bobs\ls_temp_s.bmd,human_Player10,1,8,"[6, 7, 8, 9, 10, 11, 12, 13]",0,1,0,Terrain,22,33,"[11, 25]",Terrain/Landscapes/misc_signs/077_player10_residence_sign_01/bob_000013.png,SOURCE_COMPLETE,[],Terrain/Landscapes/misc_signs/077_player10_residence_sign_01/metadata.json
78,player10 residence sign 02,"[[""misc_signs""]]",1,void,[],[],data\engine2d\bin\bobs\ls_temp.bmd,data\engine2d\bin\bobs\ls_temp_s.bmd,human_Player10,1,8,"[16, 17, 18, 19, 20, 21, 22, 23]",0,1,0,Terrain,22,33,"[11, 25]",Terrain/Landscapes/misc_signs/078_player10_residence_sign_02/bob_000023.png,SOURCE_COMPLETE,[],Terrain/Landscapes/misc_signs/078_player10_residence_sign_02/metadata.json
79,player10 residence sign 03,"[[""misc_signs""]]",1,void,[],[],data\engine2d\bin\bobs\ls_temp.bmd,data\engine2d\bin\bobs\ls_temp_s.bmd,human_Player10,1,8,"[24, 25, 26, 27, 28, 29, 30, 31]",0,1,0,Terrain,22,33,"[11, 25]",Terrain/Landscapes/misc_signs/079_player10_residence_sign_03/bob_000031.png,SOURCE_COMPLETE,[],Terrain/Landscapes/misc_signs/079_player10_residence_sign_03/metadata.json
80,player01 construction sign,"[[""misc_signs""]]",1,void,[],[],data\engine2d\bin\bobs\ls_temp.bmd,,human_Player01,1,1,[35],0,1,0,Terrain,36,52,"[17, 44]",Terrain/Landscapes/misc_signs/080_player01_construction_sign/bob_000035.png,SOURCE_COMPLETE,[],Terrain/Landscapes/misc_signs/080_player01_construction_sign/metadata.json
81,player02 construction sign,"[[""misc_signs""]]",1,void,[],[],data\engine2d\bin\bobs\ls_temp.bmd,,human_Player02,1,1,[35],0,1,0,Terrain,36,52,"[17, 44]",Terrain/Landscapes/misc_signs/081_player02_construction_sign/bob_000035.png,SOURCE_COMPLETE,[],Terrain/Landscapes/misc_signs/081_player02_construction_sign/metadata.json
82,player03 construction sign,"[[""misc_signs""]]",1,void,[],[],data\engine2d\bin\bobs\ls_temp.bmd,,human_Player03,1,1,[35],0,1,0,Terrain,36,52,"[17, 44]",Terrain/Landscapes/misc_signs/082_player03_construction_sign/bob_000035.png,SOURCE_COMPLETE,[],Terrain/Landscapes/misc_signs/082_player03_construction_sign/metadata.json
83,player04 construction sign,"[[""misc_signs""]]",1,void,[],[],data\engine2d\bin\bobs\ls_temp.bmd,,human_Player04,1,1,[35],0,1,0,Terrain,36,52,"[17, 44]",Terrain/Landscapes/misc_signs/083_player04_construction_sign/bob_000035.png,SOURCE_COMPLETE,[],Terrain/Landscapes/misc_signs/083_player04_construction_sign/metadata.json
84,player05 construction sign,"[[""misc_signs""]]",1,void,[],[],data\engine2d\bin\bobs\ls_temp.bmd,,human_Player05,1,1,[35],0,1,0,Terrain,36,52,"[17, 44]",Terrain/Landscapes/misc_signs/084_player05_construction_sign/bob_000035.png,SOURCE_COMPLETE,[],Terrain/Landscapes/misc_signs/084_player05_construction_sign/metadata.json
85,player06 construction sign,"[[""misc_signs""]]",1,void,[],[],data\engine2d\bin\bobs\ls_temp.bmd,,human_Player06,1,1,[35],0,1,0,Terrain,36,52,"[17, 44]",Terrain/Landscapes/misc_signs/085_player06_construction_sign/bob_000035.png,SOURCE_COMPLETE,[],Terrain/Landscapes/misc_signs/085_player06_construction_sign/metadata.json
86,player07 construction sign,"[[""misc_signs""]]",1,void,[],[],data\engine2d\bin\bobs\ls_temp.bmd,,human_Player07,1,1,[35],0,1,0,Terrain,36,52,"[17, 44]",Terrain/Landscapes/misc_signs/086_player07_construction_sign/bob_000035.png,SOURCE_COMPLETE,[],Terrain/Landscapes/misc_signs/086_player07_construction_sign/metadata.json
87,player08 construction sign,"[[""misc_signs""]]",1,void,[],[],data\engine2d\bin\bobs\ls_temp.bmd,,human_Player08,1,1,[35],0,1,0,Terrain,36,52,"[17, 44]",Terrain/Landscapes/misc_signs/087_player08_construction_sign/bob_000035.png,SOURCE_COMPLETE,[],Terrain/Landscapes/misc_signs/087_player08_construction_sign/metadata.json
88,player09 construction sign,"[[""misc_signs""]]",1,void,[],[],data\engine2d\bin\bobs\ls_temp.bmd,,human_Player09,1,1,[35],0,1,0,Terrain,36,52,"[17, 44]",Terrain/Landscapes/misc_signs/088_player09_construction_sign/bob_000035.png,SOURCE_COMPLETE,[],Terrain/Landscapes/misc_signs/088_player09_construction_sign/metadata.json
89,player10 construction sign,"[[""misc_signs""]]",1,void,[],[],data\engine2d\bin\bobs\ls_temp.bmd,,human_Player10,1,1,[35],0,1,0,Terrain,36,52,"[17, 44]",Terrain/Landscapes/misc_signs/089_player10_construction_sign/bob_000035.png,SOURCE_COMPLETE,[],Terrain/Landscapes/misc_signs/089_player10_construction_sign/metadata.json
90,player01 soldier 01,"[[""misc_signs""]]",1,void,[],[],data\engine2d\bin\bobs\ls_temp.bmd,data\engine2d\bin\bobs\ls_temp_s.bmd,human_Player01,1,8,"[36, 37, 38, 39, 40, 41, 42, 43]",0,1,0,Terrain,46,43,"[4, 38]",Terrain/Landscapes/misc_signs/090_player01_soldier_01/bob_000036.png,SOURCE_COMPLETE,[],Terrain/Landscapes/misc_signs/090_player01_soldier_01/metadata.json
91,player01 soldier 02,"[[""misc_signs""]]",1,void,[],[],data\engine2d\bin\bobs\ls_temp.bmd,data\engine2d\bin\bobs\ls_temp_s.bmd,human_Player01,1,8,"[44, 45, 46, 47, 48, 49, 50, 51]",0,1,0,Terrain,46,43,"[4, 38]",Terrain/Landscapes/misc_signs/091_player01_soldier_02/bob_000044.png,SOURCE_COMPLETE,[],Terrain/Landscapes/misc_signs/091_player01_soldier_02/metadata.json
92,player01 soldier 03,"[[""misc_signs""]]",1,void,[],[],data\engine2d\bin\bobs\ls_temp.bmd,data\engine2d\bin\bobs\ls_temp_s.bmd,human_Player01,1,8,"[52, 53, 54, 55, 56, 57, 58, 59]",0,1,0,Terrain,46,43,"[4, 38]",Terrain/Landscapes/misc_signs/092_player01_soldier_03/bob_000052.png,SOURCE_COMPLETE,[],Terrain/Landscapes/misc_signs/092_player01_soldier_03/metadata.json
93,player01 soldier 04,"[[""misc_signs""]]",1,void,[],[],data\engine2d\bin\bobs\ls_temp.bmd,data\engine2d\bin\bobs\ls_temp_s.bmd,human_Player01,1,8,"[60, 61, 62, 63, 64, 65, 66, 67]",0,1,0,Terrain,46,43,"[4, 38]",Terrain/Landscapes/misc_signs/093_player01_soldier_04/bob_000060.png,SOURCE_COMPLETE,[],Terrain/Landscapes/misc_signs/093_player01_soldier_04/metadata.json
94,player01 soldier 05,"[[""misc_signs""]]",1,void,[],[],data\engine2d\bin\bobs\ls_temp.bmd,data\engine2d\bin\bobs\ls_temp_s.bmd,human_Player01,1,8,"[68, 69, 70, 71, 72, 73, 74, 75]",0,1,0,Terrain,46,43,"[4, 38]",Terrain/Landscapes/misc_signs/094_player01_soldier_05/bob_000068.png,SOURCE_COMPLETE,[],Terrain/Landscapes/misc_signs/094_player01_soldier_05/metadata.json
95,player02 soldier 01,"[[""misc_signs""]]",1,void,[],[],data\engine2d\bin\bobs\ls_temp.bmd,data\engine2d\bin\bobs\ls_temp_s.bmd,human_Player02,1,8,"[36, 37, 38, 39, 40, 41, 42, 43]",0,1,0,Terrain,46,43,"[4, 38]",Terrain/Landscapes/misc_signs/095_player02_soldier_01/bob_000036.png,SOURCE_COMPLETE,[],Terrain/Landscapes/misc_signs/095_player02_soldier_01/metadata.json
96,player02 soldier 02,"[[""misc_signs""]]",1,void,[],[],data\engine2d\bin\bobs\ls_temp.bmd,data\engine2d\bin\bobs\ls_temp_s.bmd,human_Player02,1,8,"[44, 45, 46, 47, 48, 49, 50, 51]",0,1,0,Terrain,46,43,"[4, 38]",Terrain/Landscapes/misc_signs/096_player02_soldier_02/bob_000044.png,SOURCE_COMPLETE,[],Terrain/Landscapes/misc_signs/096_player02_soldier_02/metadata.json
97,player02 soldier 03,"[[""misc_signs""]]",1,void,[],[],data\engine2d\bin\bobs\ls_temp.bmd,data\engine2d\bin\bobs\ls_temp_s.bmd,human_Player02,1,8,"[52, 53, 54, 55, 56, 57, 58, 59]",0,1,0,Terrain,46,43,"[4, 38]",Terrain/Landscapes/misc_signs/097_player02_soldier_03/bob_000052.png,SOURCE_COMPLETE,[],Terrain/Landscapes/misc_signs/097_player02_soldier_03/metadata.json
98,player02 soldier 04,"[[""misc_signs""]]",1,void,[],[],data\engine2d\bin\bobs\ls_temp.bmd,data\engine2d\bin\bobs\ls_temp_s.bmd,human_Player02,1,8,"[60, 61, 62, 63, 64, 65, 66, 67]",0,1,0,Terrain,46,43,"[4, 38]",Terrain/Landscapes/misc_signs/098_player02_soldier_04/bob_000060.png,SOURCE_COMPLETE,[],Terrain/Landscapes/misc_signs/098_player02_soldier_04/metadata.json
99,player02 soldier 05,"[[""misc_signs""]]",1,void,[],[],data\engine2d\bin\bobs\ls_temp.bmd,data\engine2d\bin\bobs\ls_temp_s.bmd,human_Player02,1,8,"[68, 69, 70, 71, 72, 73, 74, 75]",0,1,0,Terrain,46,43,"[4, 38]",Terrain/Landscapes/misc_signs/099_player02_soldier_05/bob_000068.png,SOURCE_COMPLETE,[],Terrain/Landscapes/misc_signs/099_player02_soldier_05/metadata.json
100,player03 soldier 01,"[[""misc_signs""]]",1,void,[],[],data\engine2d\bin\bobs\ls_temp.bmd,data\engine2d\bin\bobs\ls_temp_s.bmd,human_Player03,1,8,"[36, 37, 38, 39, 40, 41, 42, 43]",0,1,0,Terrain,46,43,"[4, 38]",Terrain/Landscapes/misc_signs/100_player03_soldier_01/bob_000036.png,SOURCE_COMPLETE,[],Terrain/Landscapes/misc_signs/100_player03_soldier_01/metadata.json
101,player03 soldier 02,"[[""misc_signs""]]",1,void,[],[],data\engine2d\bin\bobs\ls_temp.bmd,data\engine2d\bin\bobs\ls_temp_s.bmd,human_Player03,1,8,"[44, 45, 46, 47, 48, 49, 50, 51]",0,1,0,Terrain,46,43,"[4, 38]",Terrain/Landscapes/misc_signs/101_player03_soldier_02/bob_000044.png,SOURCE_COMPLETE,[],Terrain/Landscapes/misc_signs/101_player03_soldier_02/metadata.json
102,player03 soldier 03,"[[""misc_signs""]]",1,void,[],[],data\engine2d\bin\bobs\ls_temp.bmd,data\engine2d\bin\bobs\ls_temp_s.bmd,human_Player03,1,8,"[52, 53, 54, 55, 56, 57, 58, 59]",0,1,0,Terrain,46,43,"[4, 38]",Terrain/Landscapes/misc_signs/102_player03_soldier_03/bob_000052.png,SOURCE_COMPLETE,[],Terrain/Landscapes/misc_signs/102_player03_soldier_03/metadata.json
103,player03 soldier 04,"[[""misc_signs""]]",1,void,[],[],data\engine2d\bin\bobs\ls_temp.bmd,data\engine2d\bin\bobs\ls_temp_s.bmd,human_Player03,1,8,"[60, 61, 62, 63, 64, 65, 66, 67]",0,1,0,Terrain,46,43,"[4, 38]",Terrain/Landscapes/misc_signs/103_player03_soldier_04/bob_000060.png,SOURCE_COMPLETE,[],Terrain/Landscapes/misc_signs/103_player03_soldier_04/metadata.json
104,player03 soldier 05,"[[""misc_signs""]]",1,void,[],[],data\engine2d\bin\bobs\ls_temp.bmd,data\engine2d\bin\bobs\ls_temp_s.bmd,human_Player03,1,8,"[68, 69, 70, 71, 72, 73, 74, 75]",0,1,0,Terrain,46,43,"[4, 38]",Terrain/Landscapes/misc_signs/104_player03_soldier_05/bob_000068.png,SOURCE_COMPLETE,[],Terrain/Landscapes/misc_signs/104_player03_soldier_05/metadata.json
105,player04 soldier 01,"[[""misc_signs""]]",1,void,[],[],data\engine2d\bin\bobs\ls_temp.bmd,data\engine2d\bin\bobs\ls_temp_s.bmd,human_Player04,1,8,"[36, 37, 38, 39, 40, 41, 42, 43]",0,1,0,Terrain,46,43,"[4, 38]",Terrain/Landscapes/misc_signs/105_player04_soldier_01/bob_000036.png,SOURCE_COMPLETE,[],Terrain/Landscapes/misc_signs/105_player04_soldier_01/metadata.json
106,player04 soldier 02,"[[""misc_signs""]]",1,void,[],[],data\engine2d\bin\bobs\ls_temp.bmd,data\engine2d\bin\bobs\ls_temp_s.bmd,human_Player04,1,8,"[44, 45, 46, 47, 48, 49, 50, 51]",0,1,0,Terrain,46,43,"[4, 38]",Terrain/Landscapes/misc_signs/106_player04_soldier_02/bob_000044.png,SOURCE_COMPLETE,[],Terrain/Landscapes/misc_signs/106_player04_soldier_02/metadata.json
107,player04 soldier 03,"[[""misc_signs""]]",1,void,[],[],data\engine2d\bin\bobs\ls_temp.bmd,data\engine2d\bin\bobs\ls_temp_s.bmd,human_Player04,1,8,"[52, 53, 54, 55, 56, 57, 58, 59]",0,1,0,Terrain,46,43,"[4, 38]",Terrain/Landscapes/misc_signs/107_player04_soldier_03/bob_000052.png,SOURCE_COMPLETE,[],Terrain/Landscapes/misc_signs/107_player04_soldier_03/metadata.json
108,player04 soldier 04,"[[""misc_signs""]]",1,void,[],[],data\engine2d\bin\bobs\ls_temp.bmd,data\engine2d\bin\bobs\ls_temp_s.bmd,human_Player04,1,8,"[60, 61, 62, 63, 64, 65, 66, 67]",0,1,0,Terrain,46,43,"[4, 38]",Terrain/Landscapes/misc_signs/108_player04_soldier_04/bob_000060.png,SOURCE_COMPLETE,[],Terrain/Landscapes/misc_signs/108_player04_soldier_04/metadata.json
109,player04 soldier 05,"[[""misc_signs""]]",1,void,[],[],data\engine2d\bin\bobs\ls_temp.bmd,data\engine2d\bin\bobs\ls_temp_s.bmd,human_Player04,1,8,"[68, 69, 70, 71, 72, 73, 74, 75]",0,1,0,Terrain,46,43,"[4, 38]",Terrain/Landscapes/misc_signs/109_player04_soldier_05/bob_000068.png,SOURCE_COMPLETE,[],Terrain/Landscapes/misc_signs/109_player04_soldier_05/metadata.json
110,player05 soldier 01,"[[""misc_signs""]]",1,void,[],[],data\engine2d\bin\bobs\ls_temp.bmd,data\engine2d\bin\bobs\ls_temp_s.bmd,human_Player05,1,8,"[36, 37, 38, 39, 40, 41, 42, 43]",0,1,0,Terrain,46,43,"[4, 38]",Terrain/Landscapes/misc_signs/110_player05_soldier_01/bob_000036.png,SOURCE_COMPLETE,[],Terrain/Landscapes/misc_signs/110_player05_soldier_01/metadata.json
111,player05 soldier 02,"[[""misc_signs""]]",1,void,[],[],data\engine2d\bin\bobs\ls_temp.bmd,data\engine2d\bin\bobs\ls_temp_s.bmd,human_Player05,1,8,"[44, 45, 46, 47, 48, 49, 50, 51]",0,1,0,Terrain,46,43,"[4, 38]",Terrain/Landscapes/misc_signs/111_player05_soldier_02/bob_000044.png,SOURCE_COMPLETE,[],Terrain/Landscapes/misc_signs/111_player05_soldier_02/metadata.json
112,player05 soldier 03,"[[""misc_signs""]]",1,void,[],[],data\engine2d\bin\bobs\ls_temp.bmd,data\engine2d\bin\bobs\ls_temp_s.bmd,human_Player05,1,8,"[52, 53, 54, 55, 56, 57, 58, 59]",0,1,0,Terrain,46,43,"[4, 38]",Terrain/Landscapes/misc_signs/112_player05_soldier_03/bob_000052.png,SOURCE_COMPLETE,[],Terrain/Landscapes/misc_signs/112_player05_soldier_03/metadata.json
113,player05 soldier 04,"[[""misc_signs""]]",1,void,[],[],data\engine2d\bin\bobs\ls_temp.bmd,data\engine2d\bin\bobs\ls_temp_s.bmd,human_Player05,1,8,"[60, 61, 62, 63, 64, 65, 66, 67]",0,1,0,Terrain,46,43,"[4, 38]",Terrain/Landscapes/misc_signs/113_player05_soldier_04/bob_000060.png,SOURCE_COMPLETE,[],Terrain/Landscapes/misc_signs/113_player05_soldier_04/metadata.json
114,player05 soldier 05,"[[""misc_signs""]]",1,void,[],[],data\engine2d\bin\bobs\ls_temp.bmd,data\engine2d\bin\bobs\ls_temp_s.bmd,human_Player05,1,8,"[68, 69, 70, 71, 72, 73, 74, 75]",0,1,0,Terrain,46,43,"[4, 38]",Terrain/Landscapes/misc_signs/114_player05_soldier_05/bob_000068.png,SOURCE_COMPLETE,[],Terrain/Landscapes/misc_signs/114_player05_soldier_05/metadata.json
115,player06 soldier 01,"[[""misc_signs""]]",1,void,[],[],data\engine2d\bin\bobs\ls_temp.bmd,data\engine2d\bin\bobs\ls_temp_s.bmd,human_Player06,1,8,"[36, 37, 38, 39, 40, 41, 42, 43]",0,1,0,Terrain,46,43,"[4, 38]",Terrain/Landscapes/misc_signs/115_player06_soldier_01/bob_000036.png,SOURCE_COMPLETE,[],Terrain/Landscapes/misc_signs/115_player06_soldier_01/metadata.json
116,player06 soldier 02,"[[""misc_signs""]]",1,void,[],[],data\engine2d\bin\bobs\ls_temp.bmd,data\engine2d\bin\bobs\ls_temp_s.bmd,human_Player06,1,8,"[44, 45, 46, 47, 48, 49, 50, 51]",0,1,0,Terrain,46,43,"[4, 38]",Terrain/Landscapes/misc_signs/116_player06_soldier_02/bob_000044.png,SOURCE_COMPLETE,[],Terrain/Landscapes/misc_signs/116_player06_soldier_02/metadata.json
117,player06 soldier 03,"[[""misc_signs""]]",1,void,[],[],data\engine2d\bin\bobs\ls_temp.bmd,data\engine2d\bin\bobs\ls_temp_s.bmd,human_Player06,1,8,"[52, 53, 54, 55, 56, 57, 58, 59]",0,1,0,Terrain,46,43,"[4, 38]",Terrain/Landscapes/misc_signs/117_player06_soldier_03/bob_000052.png,SOURCE_COMPLETE,[],Terrain/Landscapes/misc_signs/117_player06_soldier_03/metadata.json
118,player06 soldier 04,"[[""misc_signs""]]",1,void,[],[],data\engine2d\bin\bobs\ls_temp.bmd,data\engine2d\bin\bobs\ls_temp_s.bmd,human_Player06,1,8,"[60, 61, 62, 63, 64, 65, 66, 67]",0,1,0,Terrain,46,43,"[4, 38]",Terrain/Landscapes/misc_signs/118_player06_soldier_04/bob_000060.png,SOURCE_COMPLETE,[],Terrain/Landscapes/misc_signs/118_player06_soldier_04/metadata.json
119,player06 soldier 05,"[[""misc_signs""]]",1,void,[],[],data\engine2d\bin\bobs\ls_temp.bmd,data\engine2d\bin\bobs\ls_temp_s.bmd,human_Player06,1,8,"[68, 69, 70, 71, 72, 73, 74, 75]",0,1,0,Terrain,46,43,"[4, 38]",Terrain/Landscapes/misc_signs/119_player06_soldier_05/bob_000068.png,SOURCE_COMPLETE,[],Terrain/Landscapes/misc_signs/119_player06_soldier_05/metadata.json
120,player07 soldier 01,"[[""misc_signs""]]",1,void,[],[],data\engine2d\bin\bobs\ls_temp.bmd,data\engine2d\bin\bobs\ls_temp_s.bmd,human_Player07,1,8,"[36, 37, 38, 39, 40, 41, 42, 43]",0,1,0,Terrain,46,43,"[4, 38]",Terrain/Landscapes/misc_signs/120_player07_soldier_01/bob_000036.png,SOURCE_COMPLETE,[],Terrain/Landscapes/misc_signs/120_player07_soldier_01/metadata.json
121,player07 soldier 02,"[[""misc_signs""]]",1,void,[],[],data\engine2d\bin\bobs\ls_temp.bmd,data\engine2d\bin\bobs\ls_temp_s.bmd,human_Player07,1,8,"[44, 45, 46, 47, 48, 49, 50, 51]",0,1,0,Terrain,46,43,"[4, 38]",Terrain/Landscapes/misc_signs/121_player07_soldier_02/bob_000044.png,SOURCE_COMPLETE,[],Terrain/Landscapes/misc_signs/121_player07_soldier_02/metadata.json
122,player07 soldier 03,"[[""misc_signs""]]",1,void,[],[],data\engine2d\bin\bobs\ls_temp.bmd,data\engine2d\bin\bobs\ls_temp_s.bmd,human_Player07,1,8,"[52, 53, 54, 55, 56, 57, 58, 59]",0,1,0,Terrain,46,43,"[4, 38]",Terrain/Landscapes/misc_signs/122_player07_soldier_03/bob_000052.png,SOURCE_COMPLETE,[],Terrain/Landscapes/misc_signs/122_player07_soldier_03/metadata.json
123,player07 soldier 04,"[[""misc_signs""]]",1,void,[],[],data\engine2d\bin\bobs\ls_temp.bmd,data\engine2d\bin\bobs\ls_temp_s.bmd,human_Player07,1,8,"[60, 61, 62, 63, 64, 65, 66, 67]",0,1,0,Terrain,46,43,"[4, 38]",Terrain/Landscapes/misc_signs/123_player07_soldier_04/bob_000060.png,SOURCE_COMPLETE,[],Terrain/Landscapes/misc_signs/123_player07_soldier_04/metadata.json
124,player07 soldier 05,"[[""misc_signs""]]",1,void,[],[],data\engine2d\bin\bobs\ls_temp.bmd,data\engine2d\bin\bobs\ls_temp_s.bmd,human_Player07,1,8,"[68, 69, 70, 71, 72, 73, 74, 75]",0,1,0,Terrain,46,43,"[4, 38]",Terrain/Landscapes/misc_signs/124_player07_soldier_05/bob_000068.png,SOURCE_COMPLETE,[],Terrain/Landscapes/misc_signs/124_player07_soldier_05/metadata.json
125,player08 soldier 01,"[[""misc_signs""]]",1,void,[],[],data\engine2d\bin\bobs\ls_temp.bmd,data\engine2d\bin\bobs\ls_temp_s.bmd,human_Player08,1,8,"[36, 37, 38, 39, 40, 41, 42, 43]",0,1,0,Terrain,46,43,"[4, 38]",Terrain/Landscapes/misc_signs/125_player08_soldier_01/bob_000036.png,SOURCE_COMPLETE,[],Terrain/Landscapes/misc_signs/125_player08_soldier_01/metadata.json
126,player08 soldier 02,"[[""misc_signs""]]",1,void,[],[],data\engine2d\bin\bobs\ls_temp.bmd,data\engine2d\bin\bobs\ls_temp_s.bmd,human_Player08,1,8,"[44, 45, 46, 47, 48, 49, 50, 51]",0,1,0,Terrain,46,43,"[4, 38]",Terrain/Landscapes/misc_signs/126_player08_soldier_02/bob_000044.png,SOURCE_COMPLETE,[],Terrain/Landscapes/misc_signs/126_player08_soldier_02/metadata.json
127,player08 soldier 03,"[[""misc_signs""]]",1,void,[],[],data\engine2d\bin\bobs\ls_temp.bmd,data\engine2d\bin\bobs\ls_temp_s.bmd,human_Player08,1,8,"[52, 53, 54, 55, 56, 57, 58, 59]",0,1,0,Terrain,46,43,"[4, 38]",Terrain/Landscapes/misc_signs/127_player08_soldier_03/bob_000052.png,SOURCE_COMPLETE,[],Terrain/Landscapes/misc_signs/127_player08_soldier_03/metadata.json
128,player08 soldier 04,"[[""misc_signs""]]",1,void,[],[],data\engine2d\bin\bobs\ls_temp.bmd,data\engine2d\bin\bobs\ls_temp_s.bmd,human_Player08,1,8,"[60, 61, 62, 63, 64, 65, 66, 67]",0,1,0,Terrain,46,43,"[4, 38]",Terrain/Landscapes/misc_signs/128_player08_soldier_04/bob_000060.png,SOURCE_COMPLETE,[],Terrain/Landscapes/misc_signs/128_player08_soldier_04/metadata.json
129,player08 soldier 05,"[[""misc_signs""]]",1,void,[],[],data\engine2d\bin\bobs\ls_temp.bmd,data\engine2d\bin\bobs\ls_temp_s.bmd,human_Player08,1,8,"[68, 69, 70, 71, 72, 73, 74, 75]",0,1,0,Terrain,46,43,"[4, 38]",Terrain/Landscapes/misc_signs/129_player08_soldier_05/bob_000068.png,SOURCE_COMPLETE,[],Terrain/Landscapes/misc_signs/129_player08_soldier_05/metadata.json
130,player09 soldier 01,"[[""misc_signs""]]",1,void,[],[],data\engine2d\bin\bobs\ls_temp.bmd,data\engine2d\bin\bobs\ls_temp_s.bmd,human_Player09,1,8,"[36, 37, 38, 39, 40, 41, 42, 43]",0,1,0,Terrain,46,43,"[4, 38]",Terrain/Landscapes/misc_signs/130_player09_soldier_01/bob_000036.png,SOURCE_COMPLETE,[],Terrain/Landscapes/misc_signs/130_player09_soldier_01/metadata.json
131,player09 soldier 02,"[[""misc_signs""]]",1,void,[],[],data\engine2d\bin\bobs\ls_temp.bmd,data\engine2d\bin\bobs\ls_temp_s.bmd,human_Player09,1,8,"[44, 45, 46, 47, 48, 49, 50, 51]",0,1,0,Terrain,46,43,"[4, 38]",Terrain/Landscapes/misc_signs/131_player09_soldier_02/bob_000044.png,SOURCE_COMPLETE,[],Terrain/Landscapes/misc_signs/131_player09_soldier_02/metadata.json
132,player09 soldier 03,"[[""misc_signs""]]",1,void,[],[],data\engine2d\bin\bobs\ls_temp.bmd,data\engine2d\bin\bobs\ls_temp_s.bmd,human_Player09,1,8,"[52, 53, 54, 55, 56, 57, 58, 59]",0,1,0,Terrain,46,43,"[4, 38]",Terrain/Landscapes/misc_signs/132_player09_soldier_03/bob_000052.png,SOURCE_COMPLETE,[],Terrain/Landscapes/misc_signs/132_player09_soldier_03/metadata.json
133,player09 soldier 04,"[[""misc_signs""]]",1,void,[],[],data\engine2d\bin\bobs\ls_temp.bmd,data\engine2d\bin\bobs\ls_temp_s.bmd,human_Player09,1,8,"[60, 61, 62, 63, 64, 65, 66, 67]",0,1,0,Terrain,46,43,"[4, 38]",Terrain/Landscapes/misc_signs/133_player09_soldier_04/bob_000060.png,SOURCE_COMPLETE,[],Terrain/Landscapes/misc_signs/133_player09_soldier_04/metadata.json
134,player09 soldier 05,"[[""misc_signs""]]",1,void,[],[],data\engine2d\bin\bobs\ls_temp.bmd,data\engine2d\bin\bobs\ls_temp_s.bmd,human_Player09,1,8,"[68, 69, 70, 71, 72, 73, 74, 75]",0,1,0,Terrain,46,43,"[4, 38]",Terrain/Landscapes/misc_signs/134_player09_soldier_05/bob_000068.png,SOURCE_COMPLETE,[],Terrain/Landscapes/misc_signs/134_player09_soldier_05/metadata.json
135,player10 soldier 01,"[[""misc_signs""]]",1,void,[],[],data\engine2d\bin\bobs\ls_temp.bmd,data\engine2d\bin\bobs\ls_temp_s.bmd,human_Player10,1,8,"[36, 37, 38, 39, 40, 41, 42, 43]",0,1,0,Terrain,46,43,"[4, 38]",Terrain/Landscapes/misc_signs/135_player10_soldier_01/bob_000036.png,SOURCE_COMPLETE,[],Terrain/Landscapes/misc_signs/135_player10_soldier_01/metadata.json
136,player10 soldier 02,"[[""misc_signs""]]",1,void,[],[],data\engine2d\bin\bobs\ls_temp.bmd,data\engine2d\bin\bobs\ls_temp_s.bmd,human_Player10,1,8,"[44, 45, 46, 47, 48, 49, 50, 51]",0,1,0,Terrain,46,43,"[4, 38]",Terrain/Landscapes/misc_signs/136_player10_soldier_02/bob_000044.png,SOURCE_COMPLETE,[],Terrain/Landscapes/misc_signs/136_player10_soldier_02/metadata.json
137,player10 soldier 03,"[[""misc_signs""]]",1,void,[],[],data\engine2d\bin\bobs\ls_temp.bmd,data\engine2d\bin\bobs\ls_temp_s.bmd,human_Player10,1,8,"[52, 53, 54, 55, 56, 57, 58, 59]",0,1,0,Terrain,46,43,"[4, 38]",Terrain/Landscapes/misc_signs/137_player10_soldier_03/bob_000052.png,SOURCE_COMPLETE,[],Terrain/Landscapes/misc_signs/137_player10_soldier_03/metadata.json
138,player10 soldier 04,"[[""misc_signs""]]",1,void,[],[],data\engine2d\bin\bobs\ls_temp.bmd,data\engine2d\bin\bobs\ls_temp_s.bmd,human_Player10,1,8,"[60, 61, 62, 63, 64, 65, 66, 67]",0,1,0,Terrain,46,43,"[4, 38]",Terrain/Landscapes/misc_signs/138_player10_soldier_04/bob_000060.png,SOURCE_COMPLETE,[],Terrain/Landscapes/misc_signs/138_player10_soldier_04/metadata.json
139,player10 soldier 05,"[[""misc_signs""]]",1,void,[],[],data\engine2d\bin\bobs\ls_temp.bmd,data\engine2d\bin\bobs\ls_temp_s.bmd,human_Player10,1,8,"[68, 69, 70, 71, 72, 73, 74, 75]",0,1,0,Terrain,46,43,"[4, 38]",Terrain/Landscapes/misc_signs/139_player10_soldier_05/bob_000068.png,SOURCE_COMPLETE,[],Terrain/Landscapes/misc_signs/139_player10_soldier_05/metadata.json
140,player01 work extern 01,"[[""misc_signs""]]",1,void,[],[],data\engine2d\bin\bobs\ls_temp.bmd,data\engine2d\bin\bobs\ls_temp_s.bmd,human_Player01,1,8,"[76, 77, 78, 79, 80, 81, 82, 83]",0,1,0,Terrain,22,21,"[5, 15]",Terrain/Landscapes/misc_signs/140_player01_work_extern_01/bob_000076.png,SOURCE_COMPLETE,[],Terrain/Landscapes/misc_signs/140_player01_work_extern_01/metadata.json
141,player02 work extern 01,"[[""misc_signs""]]",1,void,[],[],data\engine2d\bin\bobs\ls_temp.bmd,data\engine2d\bin\bobs\ls_temp_s.bmd,human_Player02,1,8,"[76, 77, 78, 79, 80, 81, 82, 83]",0,1,0,Terrain,22,21,"[5, 15]",Terrain/Landscapes/misc_signs/141_player02_work_extern_01/bob_000076.png,SOURCE_COMPLETE,[],Terrain/Landscapes/misc_signs/141_player02_work_extern_01/metadata.json
142,player03 work extern 01,"[[""misc_signs""]]",1,void,[],[],data\engine2d\bin\bobs\ls_temp.bmd,data\engine2d\bin\bobs\ls_temp_s.bmd,human_Player03,1,8,"[76, 77, 78, 79, 80, 81, 82, 83]",0,1,0,Terrain,22,21,"[5, 15]",Terrain/Landscapes/misc_signs/142_player03_work_extern_01/bob_000076.png,SOURCE_COMPLETE,[],Terrain/Landscapes/misc_signs/142_player03_work_extern_01/metadata.json
143,player04 work extern 01,"[[""misc_signs""]]",1,void,[],[],data\engine2d\bin\bobs\ls_temp.bmd,data\engine2d\bin\bobs\ls_temp_s.bmd,human_Player04,1,8,"[76, 77, 78, 79, 80, 81, 82, 83]",0,1,0,Terrain,22,21,"[5, 15]",Terrain/Landscapes/misc_signs/143_player04_work_extern_01/bob_000076.png,SOURCE_COMPLETE,[],Terrain/Landscapes/misc_signs/143_player04_work_extern_01/metadata.json
144,player05 work extern 01,"[[""misc_signs""]]",1,void,[],[],data\engine2d\bin\bobs\ls_temp.bmd,data\engine2d\bin\bobs\ls_temp_s.bmd,human_Player05,1,8,"[76, 77, 78, 79, 80, 81, 82, 83]",0,1,0,Terrain,22,21,"[5, 15]",Terrain/Landscapes/misc_signs/144_player05_work_extern_01/bob_000076.png,SOURCE_COMPLETE,[],Terrain/Landscapes/misc_signs/144_player05_work_extern_01/metadata.json
145,player06 work extern 01,"[[""misc_signs""]]",1,void,[],[],data\engine2d\bin\bobs\ls_temp.bmd,data\engine2d\bin\bobs\ls_temp_s.bmd,human_Player06,1,8,"[76, 77, 78, 79, 80, 81, 82, 83]",0,1,0,Terrain,22,21,"[5, 15]",Terrain/Landscapes/misc_signs/145_player06_work_extern_01/bob_000076.png,SOURCE_COMPLETE,[],Terrain/Landscapes/misc_signs/145_player06_work_extern_01/metadata.json
146,player07 work extern 01,"[[""misc_signs""]]",1,void,[],[],data\engine2d\bin\bobs\ls_temp.bmd,data\engine2d\bin\bobs\ls_temp_s.bmd,human_Player07,1,8,"[76, 77, 78, 79, 80, 81, 82, 83]",0,1,0,Terrain,22,21,"[5, 15]",Terrain/Landscapes/misc_signs/146_player07_work_extern_01/bob_000076.png,SOURCE_COMPLETE,[],Terrain/Landscapes/misc_signs/146_player07_work_extern_01/metadata.json
147,player08 work extern 01,"[[""misc_signs""]]",1,void,[],[],data\engine2d\bin\bobs\ls_temp.bmd,data\engine2d\bin\bobs\ls_temp_s.bmd,human_Player08,1,8,"[76, 77, 78, 79, 80, 81, 82, 83]",0,1,0,Terrain,22,21,"[5, 15]",Terrain/Landscapes/misc_signs/147_player08_work_extern_01/bob_000076.png,SOURCE_COMPLETE,[],Terrain/Landscapes/misc_signs/147_player08_work_extern_01/metadata.json
148,player09 work extern 01,"[[""misc_signs""]]",1,void,[],[],data\engine2d\bin\bobs\ls_temp.bmd,data\engine2d\bin\bobs\ls_temp_s.bmd,human_Player09,1,8,"[76, 77, 78, 79, 80, 81, 82, 83]",0,1,0,Terrain,22,21,"[5, 15]",Terrain/Landscapes/misc_signs/148_player09_work_extern_01/bob_000076.png,SOURCE_COMPLETE,[],Terrain/Landscapes/misc_signs/148_player09_work_extern_01/metadata.json
149,player10 work extern 01,"[[""misc_signs""]]",1,void,[],[],data\engine2d\bin\bobs\ls_temp.bmd,data\engine2d\bin\bobs\ls_temp_s.bmd,human_Player10,1,8,"[76, 77, 78, 79, 80, 81, 82, 83]",0,1,0,Terrain,22,21,"[5, 15]",Terrain/Landscapes/misc_signs/149_player10_work_extern_01/bob_000076.png,SOURCE_COMPLETE,[],Terrain/Landscapes/misc_signs/149_player10_work_extern_01/metadata.json
150,player01 marker road,"[[""misc_signs""]]",1,void,[],[],data\engine2d\bin\bobs\ls_temp.bmd,data\engine2d\bin\bobs\ls_temp_s.bmd,human_Player01,1,1,[84],0,0,0,Terrain,9,6,"[4, 3]",Terrain/Landscapes/misc_signs/150_player01_marker_road/bob_000084.png,SOURCE_COMPLETE,[],Terrain/Landscapes/misc_signs/150_player01_marker_road/metadata.json
151,player01 marker wall,"[[""misc_signs""]]",1,void,[],[],data\engine2d\bin\bobs\ls_temp.bmd,data\engine2d\bin\bobs\ls_temp_s.bmd,human_Player01,1,1,[86],0,0,0,Terrain,5,7,"[2, 4]",Terrain/Landscapes/misc_signs/151_player01_marker_wall/bob_000086.png,SOURCE_COMPLETE,[],Terrain/Landscapes/misc_signs/151_player01_marker_wall/metadata.json
152,player02 marker road,"[[""misc_signs""]]",1,void,[],[],data\engine2d\bin\bobs\ls_temp.bmd,data\engine2d\bin\bobs\ls_temp_s.bmd,human_Player02,1,1,[84],0,0,0,Terrain,9,6,"[4, 3]",Terrain/Landscapes/misc_signs/152_player02_marker_road/bob_000084.png,SOURCE_COMPLETE,[],Terrain/Landscapes/misc_signs/152_player02_marker_road/metadata.json
153,player02 marker wall,"[[""misc_signs""]]",1,void,[],[],data\engine2d\bin\bobs\ls_temp.bmd,data\engine2d\bin\bobs\ls_temp_s.bmd,human_Player02,1,1,[86],0,0,0,Terrain,5,7,"[2, 4]",Terrain/Landscapes/misc_signs/153_player02_marker_wall/bob_000086.png,SOURCE_COMPLETE,[],Terrain/Landscapes/misc_signs/153_player02_marker_wall/metadata.json
154,player03 marker road,"[[""misc_signs""]]",1,void,[],[],data\engine2d\bin\bobs\ls_temp.bmd,data\engine2d\bin\bobs\ls_temp_s.bmd,human_Player03,1,1,[84],0,0,0,Terrain,9,6,"[4, 3]",Terrain/Landscapes/misc_signs/154_player03_marker_road/bob_000084.png,SOURCE_COMPLETE,[],Terrain/Landscapes/misc_signs/154_player03_marker_road/metadata.json
155,player03 marker wall,"[[""misc_signs""]]",1,void,[],[],data\engine2d\bin\bobs\ls_temp.bmd,data\engine2d\bin\bobs\ls_temp_s.bmd,human_Player03,1,1,[86],0,0,0,Terrain,5,7,"[2, 4]",Terrain/Landscapes/misc_signs/155_player03_marker_wall/bob_000086.png,SOURCE_COMPLETE,[],Terrain/Landscapes/misc_signs/155_player03_marker_wall/metadata.json
156,player04 marker road,"[[""misc_signs""]]",1,void,[],[],data\engine2d\bin\bobs\ls_temp.bmd,data\engine2d\bin\bobs\ls_temp_s.bmd,human_Player04,1,1,[84],0,0,0,Terrain,9,6,"[4, 3]",Terrain/Landscapes/misc_signs/156_player04_marker_road/bob_000084.png,SOURCE_COMPLETE,[],Terrain/Landscapes/misc_signs/156_player04_marker_road/metadata.json
157,player04 marker wall,"[[""misc_signs""]]",1,void,[],[],data\engine2d\bin\bobs\ls_temp.bmd,data\engine2d\bin\bobs\ls_temp_s.bmd,human_Player04,1,1,[86],0,0,0,Terrain,5,7,"[2, 4]",Terrain/Landscapes/misc_signs/157_player04_marker_wall/bob_000086.png,SOURCE_COMPLETE,[],Terrain/Landscapes/misc_signs/157_player04_marker_wall/metadata.json
158,player05 marker road,"[[""misc_signs""]]",1,void,[],[],data\engine2d\bin\bobs\ls_temp.bmd,data\engine2d\bin\bobs\ls_temp_s.bmd,human_Player05,1,1,[84],0,0,0,Terrain,9,6,"[4, 3]",Terrain/Landscapes/misc_signs/158_player05_marker_road/bob_000084.png,SOURCE_COMPLETE,[],Terrain/Landscapes/misc_signs/158_player05_marker_road/metadata.json
159,player05 marker wall,"[[""misc_signs""]]",1,void,[],[],data\engine2d\bin\bobs\ls_temp.bmd,data\engine2d\bin\bobs\ls_temp_s.bmd,human_Player05,1,1,[86],0,0,0,Terrain,5,7,"[2, 4]",Terrain/Landscapes/misc_signs/159_player05_marker_wall/bob_000086.png,SOURCE_COMPLETE,[],Terrain/Landscapes/misc_signs/159_player05_marker_wall/metadata.json
160,player06 marker road,"[[""misc_signs""]]",1,void,[],[],data\engine2d\bin\bobs\ls_temp.bmd,data\engine2d\bin\bobs\ls_temp_s.bmd,human_Player06,1,1,[84],0,0,0,Terrain,9,6,"[4, 3]",Terrain/Landscapes/misc_signs/160_player06_marker_road/bob_000084.png,SOURCE_COMPLETE,[],Terrain/Landscapes/misc_signs/160_player06_marker_road/metadata.json
161,player06 marker wall,"[[""misc_signs""]]",1,void,[],[],data\engine2d\bin\bobs\ls_temp.bmd,data\engine2d\bin\bobs\ls_temp_s.bmd,human_Player06,1,1,[86],0,0,0,Terrain,5,7,"[2, 4]",Terrain/Landscapes/misc_signs/161_player06_marker_wall/bob_000086.png,SOURCE_COMPLETE,[],Terrain/Landscapes/misc_signs/161_player06_marker_wall/metadata.json
162,player07 marker road,"[[""misc_signs""]]",1,void,[],[],data\engine2d\bin\bobs\ls_temp.bmd,data\engine2d\bin\bobs\ls_temp_s.bmd,human_Player07,1,1,[84],0,0,0,Terrain,9,6,"[4, 3]",Terrain/Landscapes/misc_signs/162_player07_marker_road/bob_000084.png,SOURCE_COMPLETE,[],Terrain/Landscapes/misc_signs/162_player07_marker_road/metadata.json
163,player07 marker wall,"[[""misc_signs""]]",1,void,[],[],data\engine2d\bin\bobs\ls_temp.bmd,data\engine2d\bin\bobs\ls_temp_s.bmd,human_Player07,1,1,[86],0,0,0,Terrain,5,7,"[2, 4]",Terrain/Landscapes/misc_signs/163_player07_marker_wall/bob_000086.png,SOURCE_COMPLETE,[],Terrain/Landscapes/misc_signs/163_player07_marker_wall/metadata.json
164,player08 marker road,"[[""misc_signs""]]",1,void,[],[],data\engine2d\bin\bobs\ls_temp.bmd,data\engine2d\bin\bobs\ls_temp_s.bmd,human_Player08,1,1,[84],0,0,0,Terrain,9,6,"[4, 3]",Terrain/Landscapes/misc_signs/164_player08_marker_road/bob_000084.png,SOURCE_COMPLETE,[],Terrain/Landscapes/misc_signs/164_player08_marker_road/metadata.json
165,player08 marker wall,"[[""misc_signs""]]",1,void,[],[],data\engine2d\bin\bobs\ls_temp.bmd,data\engine2d\bin\bobs\ls_temp_s.bmd,human_Player08,1,1,[86],0,0,0,Terrain,5,7,"[2, 4]",Terrain/Landscapes/misc_signs/165_player08_marker_wall/bob_000086.png,SOURCE_COMPLETE,[],Terrain/Landscapes/misc_signs/165_player08_marker_wall/metadata.json
166,player09 marker road,"[[""misc_signs""]]",1,void,[],[],data\engine2d\bin\bobs\ls_temp.bmd,data\engine2d\bin\bobs\ls_temp_s.bmd,human_Player09,1,1,[84],0,0,0,Terrain,9,6,"[4, 3]",Terrain/Landscapes/misc_signs/166_player09_marker_road/bob_000084.png,SOURCE_COMPLETE,[],Terrain/Landscapes/misc_signs/166_player09_marker_road/metadata.json
167,player09 marker wall,"[[""misc_signs""]]",1,void,[],[],data\engine2d\bin\bobs\ls_temp.bmd,data\engine2d\bin\bobs\ls_temp_s.bmd,human_Player09,1,1,[86],0,0,0,Terrain,5,7,"[2, 4]",Terrain/Landscapes/misc_signs/167_player09_marker_wall/bob_000086.png,SOURCE_COMPLETE,[],Terrain/Landscapes/misc_signs/167_player09_marker_wall/metadata.json
168,player10 marker road,"[[""misc_signs""]]",1,void,[],[],data\engine2d\bin\bobs\ls_temp.bmd,data\engine2d\bin\bobs\ls_temp_s.bmd,human_Player10,1,1,[84],0,0,0,Terrain,9,6,"[4, 3]",Terrain/Landscapes/misc_signs/168_player10_marker_road/bob_000084.png,SOURCE_COMPLETE,[],Terrain/Landscapes/misc_signs/168_player10_marker_road/metadata.json
169,player10 marker wall,"[[""misc_signs""]]",1,void,[],[],data\engine2d\bin\bobs\ls_temp.bmd,data\engine2d\bin\bobs\ls_temp_s.bmd,human_Player10,1,1,[86],0,0,0,Terrain,5,7,"[2, 4]",Terrain/Landscapes/misc_signs/169_player10_marker_wall/bob_000086.png,SOURCE_COMPLETE,[],Terrain/Landscapes/misc_signs/169_player10_marker_wall/metadata.json
170,tree trunk 01,"[[""trees all"", ""goods all"", ""good mines all""]]",6,trunk,[5],[],data\engine2d\bin\bobs\test_piles.bmd,data\engine2d\bin\bobs\test_piles_s.bmd,goods_wood,5,5,"[33, 34, 35, 36, 37]",1,0,2,Terrain,56,31,"[27, 13]",Terrain/Landscapes/trees_all/170_tree_trunk_01/bob_000037.png,SOURCE_COMPLETE,[],Terrain/Landscapes/trees_all/170_tree_trunk_01/metadata.json
171,food simple pile 01,"[[""goods all"", ""good piles all""]]",39,food_simple,[16],[],data\engine2d\bin\bobs\ls_goods.bmd,data\engine2d\bin\bobs\ls_goods_s.bmd,goods_food,5,5,"[80, 81, 82, 83, 84]",1,0,2,Goods,39,35,"[22, 16]",Shared/Goods/good_16_food_simple/piles/171_food_simple_pile_01/bob_000084.png,SOURCE_COMPLETE,[],Shared/Goods/good_16_food_simple/piles/171_food_simple_pile_01/metadata.json
172,wood pile 01,"[[""goods all"", ""good piles all"", ""good piles build""]]",7,wood,"[5, 5]",[],data\engine2d\bin\bobs\ls_goods.bmd,data\engine2d\bin\bobs\ls_goods_s.bmd,goods_wood,5,5,"[0, 1, 2, 3, 4]",1,0,2,Goods,58,36,"[33, 18]",Shared/Goods/good_05_wood/piles/172_wood_pile_01/bob_000004.png,SOURCE_COMPLETE,[],Shared/Goods/good_05_wood/piles/172_wood_pile_01/metadata.json
173,clay pile 01,"[[""goods all"", ""good piles all"", ""good piles build""]]",14,mud,"[2, 2]",[],data\engine2d\bin\bobs\ls_goods.bmd,data\engine2d\bin\bobs\ls_goods_s.bmd,goods_clay,5,5,"[10, 11, 12, 13, 14]",1,0,2,Goods,25,20,"[7, 13]",Shared/Goods/good_02_mud/piles/173_clay_pile_01/bob_000014.png,SOURCE_COMPLETE,[],Shared/Goods/good_02_mud/piles/173_clay_pile_01/metadata.json
174,gold mine 01,"[[""goods all"", ""good mines all""]]",21,gold_mine,[7],[],data\engine2d\bin\bobs\ls_ground.bmd,data\engine2d\bin\bobs\ls_ground_s.bmd,gold01,5,34,"[0, 1, 2, 3, 70, 71, 72, 73, 74, 75, 76, 77, 78, 79]",0,1,3,Goods,134,55,"[65, 30]",Shared/Goods/good_07_gold/piles/174_gold_mine_01/bob_000070.png,SOURCE_COMPLETE,[],Shared/Goods/good_07_gold/piles/174_gold_mine_01/metadata.json
175,water pile 01,"[[""goods all"", ""good piles all"", ""good piles build""]]",3,water,[1],[],data\engine2d\bin\bobs\ls_goods.bmd,data\engine2d\bin\bobs\ls_goods_s.bmd,goods_water,5,5,"[25, 26, 27, 28, 29]",1,0,2,Goods,42,32,"[21, 16]",Shared/Goods/good_01_water/piles/175_water_pile_01/bob_000029.png,SOURCE_COMPLETE,[],Shared/Goods/good_01_water/piles/175_water_pile_01/metadata.json
176,clay mine 01,"[[""goods all"", ""good mines all""]]",12,mud_mine,[2],[],data\engine2d\bin\bobs\ls_ground.bmd,data\engine2d\bin\bobs\ls_ground_s.bmd,clay01,5,5,"[60, 61, 62, 63, 64]",1,0,3,Goods,74,51,"[35, 26]",Shared/Goods/good_02_mud/piles/176_clay_mine_01/bob_000064.png,SOURCE_COMPLETE,[],Shared/Goods/good_02_mud/piles/176_clay_mine_01/metadata.json
177,gold pile 01,"[[""goods all"", ""good piles all""]]",23,gold,"[7, 7]",[],data\engine2d\bin\bobs\ls_goods.bmd,data\engine2d\bin\bobs\ls_goods_s.bmd,goods_gold,5,5,"[20, 21, 22, 23, 24]",1,0,2,Goods,36,30,"[13, 14]",Shared/Goods/good_07_gold/piles/177_gold_pile_01/bob_000024.png,SOURCE_COMPLETE,[],Shared/Goods/good_07_gold/piles/177_gold_pile_01/metadata.json
178,iron pile 01,"[[""goods all"", ""good piles all""]]",20,iron,"[6, 6]",[],data\engine2d\bin\bobs\ls_goods.bmd,data\engine2d\bin\bobs\ls_goods_s.bmd,goods_iron,5,5,"[20, 21, 22, 23, 24]",1,0,2,Goods,36,30,"[13, 14]",Shared/Goods/good_06_iron/piles/178_iron_pile_01/bob_000024.png,SOURCE_COMPLETE,[],Shared/Goods/good_06_iron/piles/178_iron_pile_01/metadata.json
179,wheat pile 01,"[[""goods all"", ""good piles all"", ""good piles build""]]",29,wheat,"[4, 4]",[],data\engine2d\bin\bobs\ls_goods.bmd,data\engine2d\bin\bobs\ls_goods_s.bmd,goods_wheat,5,5,"[5, 6, 7, 8, 9]",1,0,2,Goods,38,34,"[14, 21]",Shared/Goods/good_04_wheat/piles/179_wheat_pile_01/bob_000009.png,SOURCE_COMPLETE,[],Shared/Goods/good_04_wheat/piles/179_wheat_pile_01/metadata.json
180,stone pile 01,"[[""goods all"", ""good piles all"", ""good piles build""]]",17,stone,"[3, 3]",[],data\engine2d\bin\bobs\ls_goods.bmd,data\engine2d\bin\bobs\ls_goods_s.bmd,goods_stone,5,5,"[15, 16, 17, 18, 19]",1,0,2,Goods,34,28,"[17, 16]",Shared/Goods/good_03_stone/piles/180_stone_pile_01/bob_000019.png,SOURCE_COMPLETE,[],Shared/Goods/good_03_stone/piles/180_stone_pile_01/metadata.json
181,furniture pile 01,"[[""goods all"", ""good piles all""]]",55,furniture,[29],[],data\engine2d\bin\bobs\ls_goods.bmd,data\engine2d\bin\bobs\ls_goods_s.bmd,goods_furniture,5,5,"[30, 31, 32, 33, 34]",1,0,2,Goods,45,46,"[23, 24]",Shared/Goods/good_29_furniture/piles/181_furniture_pile_01/bob_000034.png,SOURCE_COMPLETE,[],Shared/Goods/good_29_furniture/piles/181_furniture_pile_01/metadata.json
182,crockery pile 01,"[[""goods all"", ""good piles all""]]",54,crockery,[28],[],data\engine2d\bin\bobs\ls_goods.bmd,data\engine2d\bin\bobs\ls_goods_s.bmd,goods_crockery,5,5,"[35, 36, 37, 38, 39]",1,0,2,Goods,64,31,"[32, 18]",Shared/Goods/good_28_crockery/piles/182_crockery_pile_01/bob_000039.png,SOURCE_COMPLETE,[],Shared/Goods/good_28_crockery/piles/182_crockery_pile_01/metadata.json
183,incense pile 01,"[[""goods all"", ""good piles all""]]",38,holy_oil,[15],[],data\engine2d\bin\bobs\ls_goods.bmd,data\engine2d\bin\bobs\ls_goods_s.bmd,goods_incense,5,5,"[40, 41, 42, 43, 44]",1,0,2,Goods,40,32,"[21, 14]",Shared/Goods/good_15_holy_oil/piles/183_incense_pile_01/bob_000044.png,SOURCE_COMPLETE,[],Shared/Goods/good_15_holy_oil/piles/183_incense_pile_01/metadata.json
184,flour pile 01,"[[""goods all"", ""good piles all""]]",30,flour,[11],[],data\engine2d\bin\bobs\ls_goods.bmd,data\engine2d\bin\bobs\ls_goods_s.bmd,goods_wood,5,5,"[45, 46, 47, 48, 49]",1,0,2,Goods,45,35,"[25, 22]",Shared/Goods/good_11_flour/piles/184_flour_pile_01/bob_000049.png,SOURCE_COMPLETE,[],Shared/Goods/good_11_flour/piles/184_flour_pile_01/metadata.json
185,coin pile 01,"[[""goods all"", ""good piles all""]]",24,coin,[8],[],data\engine2d\bin\bobs\ls_goods.bmd,data\engine2d\bin\bobs\ls_goods_s.bmd,gold01,5,5,"[135, 136, 137, 138, 139]",1,0,2,Goods,47,30,"[24, 13]",Shared/Goods/good_08_coin/piles/185_coin_pile_01/bob_000139.png,SOURCE_COMPLETE,[],Shared/Goods/good_08_coin/piles/185_coin_pile_01/metadata.json
186,iron ore 01,"[[""goods all"", ""good mines all""]]",19,iron_ore,[6],[],data\engine2d\bin\bobs\ls_goods.bmd,data\engine2d\bin\bobs\ls_goods_s.bmd,goods_iron,5,5,"[20, 21, 22, 23, 24]",1,0,2,Goods,36,30,"[13, 14]",Shared/Goods/good_06_iron/piles/178_iron_pile_01/bob_000024.png,SOURCE_COMPLETE,[],Shared/Goods/good_06_iron/piles/186_iron_ore_01/metadata.json
187,gold ore 01,"[[""goods all"", ""good mines all""]]",22,gold_ore,[7],[],data\engine2d\bin\bobs\ls_goods.bmd,data\engine2d\bin\bobs\ls_goods_s.bmd,goods_gold,5,5,"[20, 21, 22, 23, 24]",1,0,2,Goods,36,30,"[13, 14]",Shared/Goods/good_07_gold/piles/177_gold_pile_01/bob_000024.png,SOURCE_COMPLETE,[],Shared/Goods/good_07_gold/piles/187_gold_ore_01/metadata.json
188,leather pile 01,"[[""goods all"", ""good piles all""]]",25,leather,"[9, 9]",[],data\engine2d\bin\bobs\ls_goods.bmd,data\engine2d\bin\bobs\ls_goods_s.bmd,goods_leather,5,5,"[75, 76, 77, 78, 79]",1,0,2,Goods,46,36,"[25, 24]",Shared/Goods/good_09_leather/piles/188_leather_pile_01/bob_000079.png,SOURCE_COMPLETE,[],Shared/Goods/good_09_leather/piles/188_leather_pile_01/metadata.json
189,wool pile 01,"[[""goods all"", ""good piles all""]]",26,wool,[10],[],data\engine2d\bin\bobs\ls_goods.bmd,data\engine2d\bin\bobs\ls_goods_s.bmd,goods01,5,5,"[45, 46, 47, 48, 49]",1,0,2,Goods,45,35,"[25, 22]",Shared/Goods/good_10_wool/piles/189_wool_pile_01/bob_000049.png,SOURCE_COMPLETE,[],Shared/Goods/good_10_wool/piles/189_wool_pile_01/metadata.json
190,honey mine 01,"[[""goods all"", ""good mines all""]]",31,honeymine,[],[],data\engine2d\bin\bobs\ls_goods.bmd,data\engine2d\bin\bobs\ls_goods_s.bmd,goods_gold,5,5,"[20, 21, 22, 23, 24]",1,0,2,Terrain,36,30,"[13, 14]",Shared/Goods/good_07_gold/piles/177_gold_pile_01/bob_000024.png,SOURCE_COMPLETE,[],Terrain/Landscapes/goods_all/190_honey_mine_01/metadata.json
191,honey pile 01,"[[""goods all"", ""good piles all""]]",32,honey,"[12, 12, 12]",[],data\engine2d\bin\bobs\ls_goods.bmd,data\engine2d\bin\bobs\ls_goods_s.bmd,goods_wheat,5,5,"[40, 41, 42, 43, 44]",1,0,2,Goods,40,32,"[21, 14]",Shared/Goods/good_12_honey/piles/191_honey_pile_01/bob_000044.png,SOURCE_COMPLETE,[],Shared/Goods/good_12_honey/piles/191_honey_pile_01/metadata.json
192,herb pile 01,"[[""goods all"", ""good piles all""]]",35,herb,"[13, 13]",[],data\engine2d\bin\bobs\ls_goods.bmd,data\engine2d\bin\bobs\ls_goods_s.bmd,herbs01,5,5,"[5, 6, 7, 8, 9]",1,0,2,Goods,38,34,"[14, 21]",Shared/Goods/good_13_herb/piles/192_herb_pile_01/bob_000009.png,SOURCE_COMPLETE,[],Shared/Goods/good_13_herb/piles/192_herb_pile_01/metadata.json
193,candy pile 01,"[[""goods all"", ""good piles all""]]",43,candy,[20],[],data\engine2d\bin\bobs\ls_goods.bmd,data\engine2d\bin\bobs\ls_goods_s.bmd,goods_bow,5,5,"[120, 121, 122, 123, 124]",1,0,2,Goods,36,23,"[19, 11]",Shared/Goods/good_20_candy/piles/193_candy_pile_01/bob_000124.png,SOURCE_COMPLETE,[],Shared/Goods/good_20_candy/piles/193_candy_pile_01/metadata.json
194,mushroom pile 01,"[[""goods all"", ""good piles all""]]",37,mushroom,"[14, 14]",[],data\engine2d\bin\bobs\ls_goods.bmd,data\engine2d\bin\bobs\ls_goods_s.bmd,flower01,5,5,"[120, 121, 122, 123, 124]",1,0,2,Goods,36,23,"[19, 11]",Shared/Goods/good_14_mushroom/piles/194_mushroom_pile_01/bob_000124.png,SOURCE_COMPLETE,[],Shared/Goods/good_14_mushroom/piles/194_mushroom_pile_01/metadata.json
195,bread pile 01,"[[""goods all"", ""good piles all""]]",42,bread,[19],[],data\engine2d\bin\bobs\ls_goods.bmd,data\engine2d\bin\bobs\ls_goods_s.bmd,goods_bread,5,5,"[85, 86, 87, 88, 89]",1,0,2,Goods,24,22,"[12, 11]",Shared/Goods/good_19_bread/piles/195_bread_pile_01/bob_000089.png,SOURCE_COMPLETE,[],Shared/Goods/good_19_bread/piles/195_bread_pile_01/metadata.json
196,oil pile 01,"[[""goods all"", ""good piles all""]]",38,holy_oil,[15],[],data\engine2d\bin\bobs\ls_goods.bmd,data\engine2d\bin\bobs\ls_goods_s.bmd,gold01,5,5,"[40, 41, 42, 43, 44]",1,0,2,Goods,40,32,"[21, 14]",Shared/Goods/good_15_holy_oil/piles/196_oil_pile_01/bob_000044.png,SOURCE_COMPLETE,[],Shared/Goods/good_15_holy_oil/piles/196_oil_pile_01/metadata.json
197,mead pile 01,"[[""goods all"", ""good piles all""]]",47,mead,[43],[],data\engine2d\bin\bobs\ls_goods.bmd,data\engine2d\bin\bobs\ls_goods_s.bmd,goods_spear_wooden,5,5,"[125, 126, 127, 128, 129]",1,0,2,Goods,24,25,"[12, 16]",Shared/Goods/good_43_mead/piles/197_mead_pile_01/bob_000129.png,SOURCE_COMPLETE,[],Shared/Goods/good_43_mead/piles/197_mead_pile_01/metadata.json
198,food extra pile 01,"[[""goods all"", ""good piles all""]]",40,food_extra,[17],[],data\engine2d\bin\bobs\ls_goods.bmd,data\engine2d\bin\bobs\test_piles_s.bmd,goods_bow,5,5,"[120, 121, 122, 123, 124]",1,0,2,Goods,36,23,"[19, 11]",Shared/Goods/good_20_candy/piles/193_candy_pile_01/bob_000124.png,SOURCE_COMPLETE,[],Shared/Goods/good_17_food_extra/piles/198_food_extra_pile_01/metadata.json
199,tool_wooden pile 01,"[[""goods all"", ""good piles all""]]",48,tool_wooden,[31],[],data\engine2d\bin\bobs\ls_goods.bmd,data\engine2d\bin\bobs\ls_goods_s.bmd,goods_clay,5,5,"[70, 71, 72, 73, 74]",1,0,2,Goods,59,44,"[28, 25]",Shared/Goods/good_31_tool_wooden/piles/199_tool_wooden_pile_01/bob_000074.png,SOURCE_COMPLETE,[],Shared/Goods/good_31_tool_wooden/piles/199_tool_wooden_pile_01/metadata.json
200,tool_iron pile 01,"[[""goods all"", ""good piles all""]]",49,tool_iron,[32],[],data\engine2d\bin\bobs\ls_goods.bmd,data\engine2d\bin\bobs\ls_goods_s.bmd,goods_furniture,5,5,"[70, 71, 72, 73, 74]",1,0,2,Goods,59,44,"[28, 25]",Shared/Goods/good_32_tool_iron/piles/200_tool_iron_pile_01/bob_000074.png,SOURCE_COMPLETE,[],Shared/Goods/good_32_tool_iron/piles/200_tool_iron_pile_01/metadata.json
201,tiles pile 01,"[[""goods all"", ""good piles all"", ""good piles build""]]",51,tile,[25],[],data\engine2d\bin\bobs\ls_goods.bmd,data\engine2d\bin\bobs\ls_goods_s.bmd,goods_clay,5,5,"[55, 56, 57, 58, 59]",1,0,2,Goods,45,29,"[22, 16]",Shared/Goods/good_25_tile/piles/201_tiles_pile_01/bob_000059.png,SOURCE_COMPLETE,[],Shared/Goods/good_25_tile/piles/201_tiles_pile_01/metadata.json
202,brick pile 01,"[[""goods all"", ""good piles all"", ""good piles build""]]",50,brick,[24],[],data\engine2d\bin\bobs\ls_goods.bmd,data\engine2d\bin\bobs\ls_goods_s.bmd,goods_clay,5,5,"[50, 51, 52, 53, 54]",1,0,2,Goods,38,40,"[21, 23]",Shared/Goods/good_24_brick/piles/202_brick_pile_01/bob_000054.png,SOURCE_COMPLETE,[],Shared/Goods/good_24_brick/piles/202_brick_pile_01/metadata.json
203,shoes pile 01,"[[""goods all"", ""good piles all""]]",56,shoes,[30],[],data\engine2d\bin\bobs\ls_goods.bmd,data\engine2d\bin\bobs\ls_goods_s.bmd,goods_shoes,5,5,"[90, 91, 92, 93, 94]",1,0,2,Goods,43,23,"[16, 11]",Shared/Goods/good_30_shoes/piles/203_shoes_pile_01/bob_000094.png,SOURCE_COMPLETE,[],Shared/Goods/good_30_shoes/piles/203_shoes_pile_01/metadata.json
204,armor_wool pile 01,"[[""goods all"", ""good piles all""]]",57,armor_wool,[33],[],data\engine2d\bin\bobs\ls_goods.bmd,data\engine2d\bin\bobs\ls_goods_s.bmd,house_saracen01,5,5,"[140, 141, 142, 143, 144]",1,0,2,Goods,53,30,"[29, 17]",Shared/Goods/good_33_armor_wool/piles/204_armor_wool_pile_01/bob_000144.png,SOURCE_COMPLETE,[],Shared/Goods/good_33_armor_wool/piles/204_armor_wool_pile_01/metadata.json
205,armor_leather pile 01,"[[""goods all"", ""good piles all""]]",58,armor_leather,[34],[],data\engine2d\bin\bobs\ls_goods.bmd,data\engine2d\bin\bobs\ls_goods_s.bmd,goods_bread,5,5,"[140, 141, 142, 143, 144]",1,0,2,Goods,53,30,"[29, 17]",Shared/Goods/good_34_armor_leather/piles/205_armor_leather_pile_01/bob_000144.png,SOURCE_COMPLETE,[],Shared/Goods/good_34_armor_leather/piles/205_armor_leather_pile_01/metadata.json
206,armor_chain pile 01,"[[""goods all"", ""good piles all""]]",59,armor_chain,[35],[],data\engine2d\bin\bobs\ls_goods.bmd,data\engine2d\bin\bobs\ls_goods_s.bmd,goods_stone,5,5,"[140, 141, 142, 143, 144]",1,0,2,Goods,53,30,"[29, 17]",Shared/Goods/good_35_armor_chain/piles/206_armor_chain_pile_01/bob_000144.png,SOURCE_COMPLETE,[],Shared/Goods/good_35_armor_chain/piles/206_armor_chain_pile_01/metadata.json
207,armor_plate pile 01,"[[""goods all"", ""good piles all""]]",60,armor_plate,[36],[],data\engine2d\bin\bobs\ls_goods.bmd,data\engine2d\bin\bobs\ls_goods_s.bmd,clay01,5,5,"[140, 141, 142, 143, 144]",1,0,2,Goods,53,30,"[29, 17]",Shared/Goods/good_36_armor_plate/piles/207_armor_plate_pile_01/bob_000144.png,SOURCE_COMPLETE,[],Shared/Goods/good_36_armor_plate/piles/207_armor_plate_pile_01/metadata.json
208,bow_short pile 01,"[[""goods all"", ""good piles all""]]",61,bow_short,[37],[],data\engine2d\bin\bobs\ls_goods.bmd,data\engine2d\bin\bobs\ls_goods_s.bmd,goods_bow,5,5,"[105, 106, 107, 108, 109]",1,0,2,Goods,43,32,"[17, 14]",Shared/Goods/good_37_bow_short/piles/208_bow_short_pile_01/bob_000109.png,SOURCE_COMPLETE,[],Shared/Goods/good_37_bow_short/piles/208_bow_short_pile_01/metadata.json
209,bow_long pile 01,"[[""goods all"", ""good piles all""]]",62,bow_long,[38],[],data\engine2d\bin\bobs\ls_goods.bmd,data\engine2d\bin\bobs\ls_goods_s.bmd,goods_bow,5,5,"[110, 111, 112, 113, 114]",1,0,2,Goods,54,38,"[31, 13]",Shared/Goods/good_38_bow_long/piles/209_bow_long_pile_01/bob_000114.png,SOURCE_COMPLETE,[],Shared/Goods/good_38_bow_long/piles/209_bow_long_pile_01/metadata.json
210,spear_wooden pile 01,"[[""goods all"", ""good piles all""]]",63,spear_wooden,[39],[],data\engine2d\bin\bobs\ls_goods.bmd,data\engine2d\bin\bobs\ls_goods_s.bmd,goods_spear_wooden,5,5,"[115, 116, 117, 118, 119]",1,0,2,Goods,69,24,"[32, 13]",Shared/Goods/good_39_spear_wooden/piles/210_spear_wooden_pile_01/bob_000119.png,SOURCE_COMPLETE,[],Shared/Goods/good_39_spear_wooden/piles/210_spear_wooden_pile_01/metadata.json
211,sword_short pile 01,"[[""goods all"", ""good piles all""]]",65,sword_short,[41],[],data\engine2d\bin\bobs\ls_goods.bmd,data\engine2d\bin\bobs\ls_goods_s.bmd,goods_sword,5,5,"[95, 96, 97, 98, 99]",1,0,2,Goods,36,43,"[17, 31]",Shared/Goods/good_41_sword_shord/piles/211_sword_short_pile_01/bob_000099.png,SOURCE_COMPLETE,[],Shared/Goods/good_41_sword_shord/piles/211_sword_short_pile_01/metadata.json
212,spear_iron pile 01,"[[""goods all"", ""good piles all""]]",64,spear_iron,[40],[],data\engine2d\bin\bobs\ls_goods.bmd,data\engine2d\bin\bobs\ls_goods_s.bmd,goods_spear_iron,5,5,"[115, 116, 117, 118, 119]",1,0,2,Goods,69,24,"[32, 13]",Shared/Goods/good_40_spear_iron/piles/212_spear_iron_pile_01/bob_000119.png,SOURCE_COMPLETE,[],Shared/Goods/good_40_spear_iron/piles/212_spear_iron_pile_01/metadata.json
213,sword_long pile 01,"[[""goods all"", ""good piles all""]]",66,sword_long,[42],[],data\engine2d\bin\bobs\ls_goods.bmd,data\engine2d\bin\bobs\ls_goods_s.bmd,goods_longsword,5,5,"[100, 101, 102, 103, 104]",1,0,2,Goods,51,47,"[20, 32]",Shared/Goods/good_42_sword_long/piles/213_sword_long_pile_01/bob_000104.png,SOURCE_COMPLETE,[],Shared/Goods/good_42_sword_long/piles/213_sword_long_pile_01/metadata.json
214,clay mine 02,"[[""goods all"", ""good mines all""]]",12,mud_mine,[2],[],data\engine2d\bin\bobs\ls_ground.bmd,data\engine2d\bin\bobs\ls_ground_s.bmd,clay01,5,5,"[65, 66, 67, 68, 69]",1,0,3,Goods,74,58,"[36, 23]",Shared/Goods/good_02_mud/piles/214_clay_mine_02/bob_000069.png,SOURCE_COMPLETE,[],Shared/Goods/good_02_mud/piles/214_clay_mine_02/metadata.json
215,meat pile 01,"[[""goods all"", ""good piles all""]]",44,meat,"[21, 21]",[],data\engine2d\bin\bobs\ls_goods.bmd,data\engine2d\bin\bobs\ls_goods_s.bmd,goods_crockery,5,5,"[130, 131, 132, 133, 134]",1,0,2,Goods,35,26,"[18, 16]",Shared/Goods/good_21_meat/piles/215_meat_pile_01/bob_000134.png,SOURCE_COMPLETE,[],Shared/Goods/good_21_meat/piles/215_meat_pile_01/metadata.json
216,sausage pile 01,"[[""goods all"", ""good piles all""]]",46,sausage,[23],[],data\engine2d\bin\bobs\ls_goods.bmd,data\engine2d\bin\bobs\ls_goods_s.bmd,goods_gold,5,5,"[20, 21, 22, 23, 24]",1,0,2,Goods,36,30,"[13, 14]",Shared/Goods/good_07_gold/piles/177_gold_pile_01/bob_000024.png,SOURCE_COMPLETE,[],Shared/Goods/good_23_sausage/piles/216_sausage_pile_01/metadata.json
217,fish pile 01,"[[""goods all"", ""good piles all""]]",45,fish,[22],[],data\engine2d\bin\bobs\ls_goods.bmd,data\engine2d\bin\bobs\ls_goods_s.bmd,goods_gold,5,5,"[20, 21, 22, 23, 24]",1,0,2,Goods,36,30,"[13, 14]",Shared/Goods/good_07_gold/piles/177_gold_pile_01/bob_000024.png,SOURCE_COMPLETE,[],Shared/Goods/good_22_fish/piles/217_fish_pile_01/metadata.json
218,pillar pile 01,"[[""goods all"", ""good piles all"", ""good piles build""]]",52,pillar,[26],[],data\engine2d\bin\bobs\ls_goods.bmd,data\engine2d\bin\bobs\ls_goods_s.bmd,goods_stone,5,5,"[50, 51, 52, 53, 54]",1,0,2,Goods,38,40,"[21, 23]",Shared/Goods/good_26_pillar/piles/218_pillar_pile_01/bob_000054.png,SOURCE_COMPLETE,[],Shared/Goods/good_26_pillar/piles/218_pillar_pile_01/metadata.json
219,ornament pile 01,"[[""goods all"", ""good piles all"", ""good piles build""]]",53,ornament,[27],[],data\engine2d\bin\bobs\ls_goods.bmd,data\engine2d\bin\bobs\ls_goods_s.bmd,goods_stone,5,5,"[60, 61, 62, 63, 64]",1,0,2,Goods,43,36,"[21, 19]",Shared/Goods/good_27_ornament/piles/219_ornament_pile_01/bob_000064.png,SOURCE_COMPLETE,[],Shared/Goods/good_27_ornament/piles/219_ornament_pile_01/metadata.json
220,clay ore 01,"[[""good mines all"", ""goods all""]]",13,mud_ore,[2],[],data\engine2d\bin\bobs\ls_goods.bmd,data\engine2d\bin\bobs\ls_goods_s.bmd,clay01,5,5,"[10, 11, 12, 13, 14]",1,0,2,Terrain,25,20,"[7, 13]",Terrain/Landscapes/good_mines_all/220_clay_ore_01/bob_000014.png,SOURCE_COMPLETE,[],Terrain/Landscapes/good_mines_all/220_clay_ore_01/metadata.json
221,fruit pile 01,"[[""goods all""]]",41,fruit,[18],[],data\engine2d\bin\bobs\ls_goods.bmd,data\engine2d\bin\bobs\ls_goods_s.bmd,goods_bread,5,5,"[85, 86, 87, 88, 89]",1,0,2,Goods,24,22,"[12, 11]",Shared/Goods/good_19_bread/piles/195_bread_pile_01/bob_000089.png,SOURCE_COMPLETE,[],Shared/Goods/good_18_fruit/piles/221_fruit_pile_01/metadata.json
222,herb ore,"[[""goods all""]]",34,herbore,[13],[],data\engine2d\bin\bobs\ls_goods.bmd,data\engine2d\bin\bobs\ls_goods_s.bmd,herbs01,5,5,"[5, 6, 7, 8, 9]",1,0,2,Goods,38,34,"[14, 21]",Shared/Goods/good_13_herb/piles/192_herb_pile_01/bob_000009.png,SOURCE_COMPLETE,[],Shared/Goods/good_13_herb/piles/222_herb_ore/metadata.json
223,potion food small,"[[""goods all""]]",67,potion_food_small,[44],[],data\engine2d\bin\bobs\ls_goods.bmd,data\engine2d\bin\bobs\ls_goods_s.bmd,flower01,5,5,"[125, 126, 127, 128, 129]",1,0,2,Goods,24,25,"[12, 16]",Shared/Goods/good_44_potion_food_small/piles/223_potion_food_small/bob_000129.png,SOURCE_COMPLETE,[],Shared/Goods/good_44_potion_food_small/piles/223_potion_food_small/metadata.json
224,potion food big,"[[""goods all""]]",68,potion_food_big,[45],[],data\engine2d\bin\bobs\ls_goods.bmd,data\engine2d\bin\bobs\ls_goods_s.bmd,flower01,5,5,"[145, 146, 147, 148, 149]",1,0,2,Goods,28,31,"[15, 20]",Shared/Goods/good_45_potion_food_big/piles/224_potion_food_big/bob_000149.png,SOURCE_COMPLETE,[],Shared/Goods/good_45_potion_food_big/piles/224_potion_food_big/metadata.json
225,potion stamina big,"[[""goods all""]]",70,potion_stamina_big,[47],[],data\engine2d\bin\bobs\ls_goods.bmd,data\engine2d\bin\bobs\ls_goods_s.bmd,goods_water,5,5,"[145, 146, 147, 148, 149]",1,0,2,Goods,28,31,"[15, 20]",Shared/Goods/good_47_potion_stamina_big/piles/225_potion_stamina_big/bob_000149.png,SOURCE_COMPLETE,[],Shared/Goods/good_47_potion_stamina_big/piles/225_potion_stamina_big/metadata.json
226,potion stamina small,"[[""goods all""]]",69,potion_stamina_small,[46],[],data\engine2d\bin\bobs\ls_goods.bmd,data\engine2d\bin\bobs\ls_goods_s.bmd,goods_water,5,5,"[125, 126, 127, 128, 129]",1,0,2,Goods,24,25,"[12, 16]",Shared/Goods/good_46_potion_stamina_small/piles/226_potion_stamina_small/bob_000129.png,SOURCE_COMPLETE,[],Shared/Goods/good_46_potion_stamina_small/piles/226_potion_stamina_small/metadata.json
227,potion healing big,"[[""goods all""]]",72,potion_healing_big,[49],[],data\engine2d\bin\bobs\ls_goods.bmd,data\engine2d\bin\bobs\ls_goods_s.bmd,goods_leather,5,5,"[145, 146, 147, 148, 149]",1,0,2,Goods,28,31,"[15, 20]",Shared/Goods/good_49_potion_heal_big/piles/227_potion_healing_big/bob_000149.png,SOURCE_COMPLETE,[],Shared/Goods/good_49_potion_heal_big/piles/227_potion_healing_big/metadata.json
228,potion healing small,"[[""goods all""]]",71,potion_healing_small,[48],[],data\engine2d\bin\bobs\ls_goods.bmd,data\engine2d\bin\bobs\ls_goods_s.bmd,goods_leather,5,5,"[125, 126, 127, 128, 129]",1,0,2,Goods,24,25,"[12, 16]",Shared/Goods/good_48_potion_heal_small/piles/228_potion_healing_small/bob_000129.png,SOURCE_COMPLETE,[],Shared/Goods/good_48_potion_heal_small/piles/228_potion_healing_small/metadata.json
229,amulett food,"[[""goods all""]]",73,amulet_food,[50],[],data\engine2d\bin\bobs\ls_goods.bmd,data\engine2d\bin\bobs\ls_goods_s.bmd,debris01,5,5,"[150, 151, 152, 153, 154]",1,0,2,Goods,47,32,"[23, 14]",Shared/Goods/good_50_amulet_food/piles/229_amulett_food/bob_000154.png,SOURCE_COMPLETE,[],Shared/Goods/good_50_amulet_food/piles/229_amulett_food/metadata.json
230,amulett stamina,"[[""goods all""]]",74,amulet_stamina,[51],[],data\engine2d\bin\bobs\ls_goods.bmd,data\engine2d\bin\bobs\ls_goods_s.bmd,debris01,5,5,"[150, 151, 152, 153, 154]",1,0,2,Goods,47,32,"[23, 14]",Shared/Goods/good_50_amulet_food/piles/229_amulett_food/bob_000154.png,SOURCE_COMPLETE,[],Shared/Goods/good_51_amulet_stamina/piles/230_amulett_stamina/metadata.json
231,amulett strength,"[[""goods all""]]",75,amulet_strength,[52],[],data\engine2d\bin\bobs\ls_goods.bmd,data\engine2d\bin\bobs\ls_goods_s.bmd,goods_crockery,5,5,"[150, 151, 152, 153, 154]",1,0,2,Goods,47,32,"[23, 14]",Shared/Goods/good_52_amulet_strength/piles/231_amulett_strength/bob_000154.png,SOURCE_COMPLETE,[],Shared/Goods/good_52_amulet_strength/piles/231_amulett_strength/metadata.json
232,amulett defense,"[[""goods all""]]",76,amulet_defense,[53],[],data\engine2d\bin\bobs\ls_goods.bmd,data\engine2d\bin\bobs\ls_goods_s.bmd,goods_iron,5,5,"[150, 151, 152, 153, 154]",1,0,2,Goods,47,32,"[23, 14]",Shared/Goods/good_53_amulet_defense/piles/232_amulett_defense/bob_000154.png,SOURCE_COMPLETE,[],Shared/Goods/good_53_amulet_defense/piles/232_amulett_defense/metadata.json
233,amulett critical hit,"[[""goods all""]]",77,amulet_critical_hit,[54],[],data\engine2d\bin\bobs\ls_goods.bmd,data\engine2d\bin\bobs\ls_goods_s.bmd,human_colors,5,5,"[150, 151, 152, 153, 154]",1,0,2,Goods,47,32,"[23, 14]",Shared/Goods/good_54_amulet_critHit/piles/233_amulett_critical_hit/bob_000154.png,SOURCE_COMPLETE,[],Shared/Goods/good_54_amulet_critHit/piles/233_amulett_critical_hit/metadata.json
234,amulett speed,"[[""goods all""]]",78,amulet_speed,[55],[],data\engine2d\bin\bobs\ls_goods.bmd,data\engine2d\bin\bobs\ls_goods_s.bmd,goods_longsword,5,5,"[150, 151, 152, 153, 154]",1,0,2,Goods,47,32,"[23, 14]",Shared/Goods/good_55_amulet_speed/piles/234_amulett_speed/bob_000154.png,SOURCE_COMPLETE,[],Shared/Goods/good_55_amulet_speed/piles/234_amulett_speed/metadata.json
235,statue fly 01,"[[""misc_storyCreatures"", ""misc_sirens""]]",1,void,[],[],data\engine2d\bin\bobs\ls_statues.bmd,data\engine2d\bin\bobs\ls_statues_s.bmd,caves2,1,25,"[0, 1, 2, 3, 4, 5, 6, 7, 8, 9, 10, 11, 12, 13, 14, 15, 16, 17, 18, 19, 20, 21, 22, 23, 24]",0,1,0,Terrain,118,107,"[53, 110]",Terrain/Landscapes/misc_storyCreatures/235_statue_fly_01/bob_000000.png,SOURCE_COMPLETE,[],Terrain/Landscapes/misc_storyCreatures/235_statue_fly_01/metadata.json
236,statue fly 02,"[[""misc_storyCreatures"", ""misc_sirens""]]",1,void,[],[],data\engine2d\bin\bobs\ls_statues.bmd,data\engine2d\bin\bobs\ls_statues_s.bmd,caves2,1,25,"[25, 26, 27, 28, 29, 30, 31, 32, 33, 34, 35, 36, 37, 38, 39, 40, 41, 42, 43, 44, 45, 46, 47, 48, 49]",0,1,0,Terrain,132,98,"[66, 101]",Terrain/Landscapes/misc_storyCreatures/236_statue_fly_02/bob_000025.png,SOURCE_COMPLETE,[],Terrain/Landscapes/misc_storyCreatures/236_statue_fly_02/metadata.json
237,statue fly 03,"[[""misc_storyCreatures"", ""misc_sirens""]]",1,void,[],[],data\engine2d\bin\bobs\ls_statues.bmd,data\engine2d\bin\bobs\ls_statues_s.bmd,caves2,1,25,"[50, 51, 52, 53, 54, 55, 56, 57, 58, 59, 60, 61, 62, 63, 64, 65, 66, 67, 68, 69, 70, 71, 72, 73, 74]",0,1,0,Terrain,114,102,"[61, 103]",Terrain/Landscapes/misc_storyCreatures/237_statue_fly_03/bob_000050.png,SOURCE_COMPLETE,[],Terrain/Landscapes/misc_storyCreatures/237_statue_fly_03/metadata.json
238,druid,"[[""misc_storyCreatures""]]",1,void,[],[],data\engine2d\bin\bobs\ls_statues.bmd,data\engine2d\bin\bobs\ls_statues_s.bmd,test_human_00,1,30,"[75, 76, 77, 78, 79, 80, 81, 82, 83, 84, 85, 86]",0,1,0,Terrain,31,38,"[19, 32]",Terrain/Landscapes/misc_storyCreatures/238_druid/bob_000075.png,SOURCE_COMPLETE,[],Terrain/Landscapes/misc_storyCreatures/238_druid/metadata.json
239,informant,"[[""misc_storyCreatures""]]",1,void,[],[],data\engine2d\bin\bobs\ls_statues.bmd,data\engine2d\bin\bobs\ls_statues_s.bmd,test_human_00,1,38,"[87, 88, 89, 90, 91, 92, 93, 94, 95, 96, 97, 98, 99, 100, 101, 102, 103, 104, 105, 106, 107, 108, 109, 110]",0,1,0,Terrain,26,47,"[15, 45]",Terrain/Landscapes/misc_storyCreatures/239_informant/bob_000087.png,SOURCE_COMPLETE,[],Terrain/Landscapes/misc_storyCreatures/239_informant/metadata.json
240,king of T,"[[""misc_storyCreatures""]]",1,void,[],[],data\engine2d\bin\bobs\ls_statues.bmd,data\engine2d\bin\bobs\ls_statues_s.bmd,test_human_00,1,24,"[111, 112, 113, 114, 115, 116, 117, 118, 119, 120, 121, 122, 123, 124, 125, 126, 127, 128, 129, 130, 131, 132, 133, 134]",0,1,0,Terrain,31,47,"[17, 44]",Terrain/Landscapes/misc_storyCreatures/240_king_of_T/bob_000111.png,SOURCE_COMPLETE,[],Terrain/Landscapes/misc_storyCreatures/240_king_of_T/metadata.json
241,norne fat,"[[""misc_storyCreatures""]]",1,void,[],[],data\engine2d\bin\bobs\ls_statues.bmd,data\engine2d\bin\bobs\ls_statues_s.bmd,test_human_00,1,24,"[135, 136, 137, 138, 139, 140, 141, 142, 143, 144, 145, 146, 147, 148, 149, 150, 151, 152, 153, 154, 155, 156, 157, 158]",0,1,0,Terrain,24,46,"[13, 43]",Terrain/Landscapes/misc_storyCreatures/241_norne_fat/bob_000135.png,SOURCE_COMPLETE,[],Terrain/Landscapes/misc_storyCreatures/241_norne_fat/metadata.json
242,norne thin,"[[""misc_storyCreatures""]]",1,void,[],[],data\engine2d\bin\bobs\ls_statues.bmd,data\engine2d\bin\bobs\ls_statues_s.bmd,test_human_00,1,24,"[171, 172, 173, 174, 175, 176, 177, 178, 179, 180, 181, 182, 183, 184, 185, 186, 187, 188, 189, 190, 191, 192, 193, 194]",0,1,0,Terrain,25,46,"[13, 44]",Terrain/Landscapes/misc_storyCreatures/242_norne_thin/bob_000171.png,SOURCE_COMPLETE,[],Terrain/Landscapes/misc_storyCreatures/242_norne_thin/metadata.json
243,ice statue odin,"[[""misc_storyCreatures""]]",1,void,[],[],data\engine2d\bin\bobs\ls_statues.bmd,data\engine2d\bin\bobs\ls_statues_s.bmd,ice_statues,1,1,[197],0,1,0,Terrain,120,169,"[52, 125]",Terrain/Landscapes/misc_storyCreatures/243_ice_statue_odin/bob_000197.png,SOURCE_COMPLETE,[],Terrain/Landscapes/misc_storyCreatures/243_ice_statue_odin/metadata.json
244,ice statue wolf,"[[""misc_storyCreatures""]]",1,void,[],[],data\engine2d\bin\bobs\ls_statues.bmd,data\engine2d\bin\bobs\ls_statues_s.bmd,ice_statues,1,1,[223],0,1,0,Terrain,157,254,"[80, 192]",Terrain/Landscapes/misc_storyCreatures/244_ice_statue_wolf/bob_000223.png,SOURCE_COMPLETE,[],Terrain/Landscapes/misc_storyCreatures/244_ice_statue_wolf/metadata.json
245,trader miguel,"[[""misc_storyCreatures""]]",1,void,[],[],data\engine2d\bin\bobs\ls_statues.bmd,data\engine2d\bin\bobs\ls_statues_s.bmd,test_human_00,1,38,"[198, 199, 200, 201, 202, 203, 204, 205, 206, 207, 208, 209, 210, 211, 212, 213, 214, 215, 216, 217, 218, 219, 220, 221]",0,1,0,Terrain,38,56,"[24, 52]",Terrain/Landscapes/misc_storyCreatures/245_trader_miguel/bob_000198.png,SOURCE_COMPLETE,[],Terrain/Landscapes/misc_storyCreatures/245_trader_miguel/metadata.json
246,wonderlamp,"[[""misc_storyCreatures""]]",1,void,[],[],data\engine2d\bin\bobs\ls_statues.bmd,data\engine2d\bin\bobs\ls_statues_s.bmd,Djinny01,1,1,[161],0,1,0,Terrain,33,35,"[18, 29]",Terrain/Landscapes/misc_storyCreatures/246_wonderlamp/bob_000161.png,SOURCE_COMPLETE,[],Terrain/Landscapes/misc_storyCreatures/246_wonderlamp/metadata.json
247,wonderlamp ghost,"[[""misc_storyCreatures""]]",1,void,[],[],data\engine2d\bin\bobs\ls_statues.bmd,data\engine2d\bin\bobs\ls_statues_s.bmd,Djinny01,1,12,"[225, 226, 227, 228, 229, 230, 231, 232, 233, 234, 235, 236]",0,1,0,Terrain,37,84,"[20, 94]",Terrain/Landscapes/misc_storyCreatures/247_wonderlamp_ghost/bob_000225.png,SOURCE_COMPLETE,[],Terrain/Landscapes/misc_storyCreatures/247_wonderlamp_ghost/metadata.json
248,statue byz,"[[""misc_storyCreatures""]]",1,void,[],[],data\engine2d\bin\bobs\ls_statues.bmd,data\engine2d\bin\bobs\ls_statues_s.bmd,shipwreck01,1,1,[162],0,1,0,Terrain,115,163,"[49, 149]",Terrain/Landscapes/misc_storyCreatures/248_statue_byz/bob_000162.png,SOURCE_COMPLETE,[],Terrain/Landscapes/misc_storyCreatures/248_statue_byz/metadata.json
249,magic horn,"[[""misc_storyCreatures""]]",1,void,[],[],data\engine2d\bin\bobs\ls_statues.bmd,data\engine2d\bin\bobs\ls_statues_s.bmd,housedruid01,1,1,[163],0,1,0,Terrain,93,86,"[55, 74]",Terrain/Landscapes/misc_storyCreatures/249_magic_horn/bob_000163.png,SOURCE_COMPLETE,[],Terrain/Landscapes/misc_storyCreatures/249_magic_horn/metadata.json
250,snake,"[[""misc_storyCreatures""]]",1,void,[],[],data\engine2d\bin\bobs\ls_snake.bmd,data\engine2d\bin\bobs\ls_snake_s.bmd,Finalsnake,1,1,[0],1,0,0,Terrain,465,424,"[237, 176]",Terrain/Landscapes/misc_storyCreatures/250_snake/bob_000000.png,SOURCE_COMPLETE,[],Terrain/Landscapes/misc_storyCreatures/250_snake/metadata.json
251,Druid01,"[[""misc_storyCreatures""]]",1,void,[],[],data\engine2d\bin\bobs\ls_statues.bmd,data\engine2d\bin\bobs\ls_statues_s.bmd,informer01,1,30,"[75, 76, 77, 78, 79, 80, 81, 82, 83, 84, 85, 86]",0,1,0,Terrain,31,38,"[19, 32]",Terrain/Landscapes/misc_storyCreatures/251_Druid01/bob_000075.png,SOURCE_COMPLETE,[],Terrain/Landscapes/misc_storyCreatures/251_Druid01/metadata.json
252,Druid02,"[[""misc_storyCreatures""]]",1,void,[],[],data\engine2d\bin\bobs\ls_statues.bmd,data\engine2d\bin\bobs\ls_statues_s.bmd,informer02,1,30,"[75, 76, 77, 78, 79, 80, 81, 82, 83, 84, 85, 86]",0,1,0,Terrain,31,38,"[19, 32]",Terrain/Landscapes/misc_storyCreatures/252_Druid02/bob_000075.png,SOURCE_COMPLETE,[],Terrain/Landscapes/misc_storyCreatures/252_Druid02/metadata.json
253,Druid03,"[[""misc_storyCreatures""]]",1,void,[],[],data\engine2d\bin\bobs\ls_statues.bmd,data\engine2d\bin\bobs\ls_statues_s.bmd,informer03,1,30,"[75, 76, 77, 78, 79, 80, 81, 82, 83, 84, 85, 86]",0,1,0,Terrain,31,38,"[19, 32]",Terrain/Landscapes/misc_storyCreatures/253_Druid03/bob_000075.png,SOURCE_COMPLETE,[],Terrain/Landscapes/misc_storyCreatures/253_Druid03/metadata.json
254,Druid05,"[[""misc_storyCreatures""]]",1,void,[],[],data\engine2d\bin\bobs\ls_statues.bmd,data\engine2d\bin\bobs\ls_statues_s.bmd,informer04,1,30,"[75, 76, 77, 78, 79, 80, 81, 82, 83, 84, 85, 86]",0,1,0,Terrain,31,38,"[19, 32]",Terrain/Landscapes/misc_storyCreatures/254_Druid05/bob_000075.png,SOURCE_COMPLETE,[],Terrain/Landscapes/misc_storyCreatures/254_Druid05/metadata.json
255,Druid04,"[[""misc_storyCreatures""]]",1,void,[],[],data\engine2d\bin\bobs\ls_statues.bmd,data\engine2d\bin\bobs\ls_statues_s.bmd,informer05,1,30,"[75, 76, 77, 78, 79, 80, 81, 82, 83, 84, 85, 86]",0,1,0,Terrain,31,38,"[19, 32]",Terrain/Landscapes/misc_storyCreatures/255_Druid04/bob_000075.png,SOURCE_COMPLETE,[],Terrain/Landscapes/misc_storyCreatures/255_Druid04/metadata.json
256,informant00,"[[""misc_storyCreatures""]]",1,void,[],[],data\engine2d\bin\bobs\ls_statues.bmd,data\engine2d\bin\bobs\ls_statues_s.bmd,informer01,1,38,"[87, 88, 89, 90, 91, 92, 93, 94, 95, 96, 97, 98, 99, 100, 101, 102, 103, 104, 105, 106, 107, 108, 109, 110]",0,1,0,Terrain,26,47,"[15, 45]",Terrain/Landscapes/misc_storyCreatures/256_informant00/bob_000087.png,SOURCE_COMPLETE,[],Terrain/Landscapes/misc_storyCreatures/256_informant00/metadata.json
257,informant01,"[[""misc_storyCreatures""]]",1,void,[],[],data\engine2d\bin\bobs\ls_statues.bmd,data\engine2d\bin\bobs\ls_statues_s.bmd,informer02,1,38,"[87, 88, 89, 90, 91, 92, 93, 94, 95, 96, 97, 98, 99, 100, 101, 102, 103, 104, 105, 106, 107, 108, 109, 110]",0,1,0,Terrain,26,47,"[15, 45]",Terrain/Landscapes/misc_storyCreatures/257_informant01/bob_000087.png,SOURCE_COMPLETE,[],Terrain/Landscapes/misc_storyCreatures/257_informant01/metadata.json
258,informant02,"[[""misc_storyCreatures""]]",1,void,[],[],data\engine2d\bin\bobs\ls_statues.bmd,data\engine2d\bin\bobs\ls_statues_s.bmd,norne01,1,38,"[87, 88, 89, 90, 91, 92, 93, 94, 95, 96, 97, 98, 99, 100, 101, 102, 103, 104, 105, 106, 107, 108, 109, 110]",0,1,0,Terrain,26,47,"[15, 45]",Terrain/Landscapes/misc_storyCreatures/258_informant02/bob_000087.png,SOURCE_COMPLETE,[],Terrain/Landscapes/misc_storyCreatures/258_informant02/metadata.json
259,informant03,"[[""misc_storyCreatures""]]",1,void,[],[],data\engine2d\bin\bobs\ls_statues.bmd,data\engine2d\bin\bobs\ls_statues_s.bmd,informer04,1,38,"[87, 88, 89, 90, 91, 92, 93, 94, 95, 96, 97, 98, 99, 100, 101, 102, 103, 104, 105, 106, 107, 108, 109, 110]",0,1,0,Terrain,26,47,"[15, 45]",Terrain/Landscapes/misc_storyCreatures/259_informant03/bob_000087.png,SOURCE_COMPLETE,[],Terrain/Landscapes/misc_storyCreatures/259_informant03/metadata.json
260,informant04,"[[""misc_storyCreatures""]]",1,void,[],[],data\engine2d\bin\bobs\ls_statues.bmd,data\engine2d\bin\bobs\ls_statues_s.bmd,informer05,1,38,"[87, 88, 89, 90, 91, 92, 93, 94, 95, 96, 97, 98, 99, 100, 101, 102, 103, 104, 105, 106, 107, 108, 109, 110]",0,1,0,Terrain,26,47,"[15, 45]",Terrain/Landscapes/misc_storyCreatures/260_informant04/bob_000087.png,SOURCE_COMPLETE,[],Terrain/Landscapes/misc_storyCreatures/260_informant04/metadata.json
261,king00,"[[""misc_storyCreatures""]]",1,void,[],[],data\engine2d\bin\bobs\ls_statues.bmd,data\engine2d\bin\bobs\ls_statues_s.bmd,informer01,1,24,"[111, 112, 113, 114, 115, 116, 117, 118, 119, 120, 121, 122, 123, 124, 125, 126, 127, 128, 129, 130, 131, 132, 133, 134]",0,1,0,Terrain,31,47,"[17, 44]",Terrain/Landscapes/misc_storyCreatures/261_king00/bob_000111.png,SOURCE_COMPLETE,[],Terrain/Landscapes/misc_storyCreatures/261_king00/metadata.json
262,king01,"[[""misc_storyCreatures""]]",1,void,[],[],data\engine2d\bin\bobs\ls_statues.bmd,data\engine2d\bin\bobs\ls_statues_s.bmd,informer02,1,24,"[111, 112, 113, 114, 115, 116, 117, 118, 119, 120, 121, 122, 123, 124, 125, 126, 127, 128, 129, 130, 131, 132, 133, 134]",0,1,0,Terrain,31,47,"[17, 44]",Terrain/Landscapes/misc_storyCreatures/262_king01/bob_000111.png,SOURCE_COMPLETE,[],Terrain/Landscapes/misc_storyCreatures/262_king01/metadata.json
263,king02,"[[""misc_storyCreatures""]]",1,void,[],[],data\engine2d\bin\bobs\ls_statues.bmd,data\engine2d\bin\bobs\ls_statues_s.bmd,informer03,1,24,"[111, 112, 113, 114, 115, 116, 117, 118, 119, 120, 121, 122, 123, 124, 125, 126, 127, 128, 129, 130, 131, 132, 133, 134]",0,1,0,Terrain,31,47,"[17, 44]",Terrain/Landscapes/misc_storyCreatures/263_king02/bob_000111.png,SOURCE_COMPLETE,[],Terrain/Landscapes/misc_storyCreatures/263_king02/metadata.json
264,king03,"[[""misc_storyCreatures""]]",1,void,[],[],data\engine2d\bin\bobs\ls_statues.bmd,data\engine2d\bin\bobs\ls_statues_s.bmd,informer04,1,24,"[111, 112, 113, 114, 115, 116, 117, 118, 119, 120, 121, 122, 123, 124, 125, 126, 127, 128, 129, 130, 131, 132, 133, 134]",0,1,0,Terrain,31,47,"[17, 44]",Terrain/Landscapes/misc_storyCreatures/264_king03/bob_000111.png,SOURCE_COMPLETE,[],Terrain/Landscapes/misc_storyCreatures/264_king03/metadata.json
265,king04,"[[""misc_storyCreatures""]]",1,void,[],[],data\engine2d\bin\bobs\ls_statues.bmd,data\engine2d\bin\bobs\ls_statues_s.bmd,informer05,1,24,"[111, 112, 113, 114, 115, 116, 117, 118, 119, 120, 121, 122, 123, 124, 125, 126, 127, 128, 129, 130, 131, 132, 133, 134]",0,1,0,Terrain,31,47,"[17, 44]",Terrain/Landscapes/misc_storyCreatures/265_king04/bob_000111.png,SOURCE_COMPLETE,[],Terrain/Landscapes/misc_storyCreatures/265_king04/metadata.json
266,king05,"[[""misc_storyCreatures""]]",1,void,[],[],data\engine2d\bin\bobs\ls_statues.bmd,data\engine2d\bin\bobs\ls_statues_s.bmd,norne02,1,24,"[111, 112, 113, 114, 115, 116, 117, 118, 119, 120, 121, 122, 123, 124, 125, 126, 127, 128, 129, 130, 131, 132, 133, 134]",0,1,0,Terrain,31,47,"[17, 44]",Terrain/Landscapes/misc_storyCreatures/266_king05/bob_000111.png,SOURCE_COMPLETE,[],Terrain/Landscapes/misc_storyCreatures/266_king05/metadata.json
267,Druid06,"[[""misc_storyCreatures""]]",1,void,[],[],data\engine2d\bin\bobs\ls_statues.bmd,data\engine2d\bin\bobs\ls_statues_s.bmd,norne01,1,30,"[75, 76, 77, 78, 79, 80, 81, 82, 83, 84, 85, 86]",0,1,0,Terrain,31,38,"[19, 32]",Terrain/Landscapes/misc_storyCreatures/267_Druid06/bob_000075.png,SOURCE_COMPLETE,[],Terrain/Landscapes/misc_storyCreatures/267_Druid06/metadata.json
268,Druid07,"[[""misc_storyCreatures""]]",1,void,[],[],data\engine2d\bin\bobs\ls_statues.bmd,data\engine2d\bin\bobs\ls_statues_s.bmd,norne02,1,30,"[75, 76, 77, 78, 79, 80, 81, 82, 83, 84, 85, 86]",0,1,0,Terrain,31,38,"[19, 32]",Terrain/Landscapes/misc_storyCreatures/268_Druid07/bob_000075.png,SOURCE_COMPLETE,[],Terrain/Landscapes/misc_storyCreatures/268_Druid07/metadata.json
269,norne fat00,"[[""misc_storyCreatures""]]",1,void,[],[],data\engine2d\bin\bobs\ls_statues.bmd,data\engine2d\bin\bobs\ls_statues_s.bmd,norne01,1,24,"[135, 136, 137, 138, 139, 140, 141, 142, 143, 144, 145, 146, 147, 148, 149, 150, 151, 152, 153, 154, 155, 156, 157, 158]",0,1,0,Terrain,24,46,"[13, 43]",Terrain/Landscapes/misc_storyCreatures/269_norne_fat00/bob_000135.png,SOURCE_COMPLETE,[],Terrain/Landscapes/misc_storyCreatures/269_norne_fat00/metadata.json
270,norne fat01,"[[""misc_storyCreatures""]]",1,void,[],[],data\engine2d\bin\bobs\ls_statues.bmd,data\engine2d\bin\bobs\ls_statues_s.bmd,informer02,1,24,"[135, 136, 137, 138, 139, 140, 141, 142, 143, 144, 145, 146, 147, 148, 149, 150, 151, 152, 153, 154, 155, 156, 157, 158]",0,1,0,Terrain,24,46,"[13, 43]",Terrain/Landscapes/misc_storyCreatures/270_norne_fat01/bob_000135.png,SOURCE_COMPLETE,[],Terrain/Landscapes/misc_storyCreatures/270_norne_fat01/metadata.json
271,norne fat02,"[[""misc_storyCreatures""]]",1,void,[],[],data\engine2d\bin\bobs\ls_statues.bmd,data\engine2d\bin\bobs\ls_statues_s.bmd,informer05,1,24,"[135, 136, 137, 138, 139, 140, 141, 142, 143, 144, 145, 146, 147, 148, 149, 150, 151, 152, 153, 154, 155, 156, 157, 158]",0,1,0,Terrain,24,46,"[13, 43]",Terrain/Landscapes/misc_storyCreatures/271_norne_fat02/bob_000135.png,SOURCE_COMPLETE,[],Terrain/Landscapes/misc_storyCreatures/271_norne_fat02/metadata.json
272,norne fat03,"[[""misc_storyCreatures""]]",1,void,[],[],data\engine2d\bin\bobs\ls_statues.bmd,data\engine2d\bin\bobs\ls_statues_s.bmd,norne02,1,24,"[135, 136, 137, 138, 139, 140, 141, 142, 143, 144, 145, 146, 147, 148, 149, 150, 151, 152, 153, 154, 155, 156, 157, 158]",0,1,0,Terrain,24,46,"[13, 43]",Terrain/Landscapes/misc_storyCreatures/272_norne_fat03/bob_000135.png,SOURCE_COMPLETE,[],Terrain/Landscapes/misc_storyCreatures/272_norne_fat03/metadata.json
273,norne fat04,"[[""misc_storyCreatures""]]",1,void,[],[],data\engine2d\bin\bobs\ls_statues.bmd,data\engine2d\bin\bobs\ls_statues_s.bmd,informer04,1,24,"[135, 136, 137, 138, 139, 140, 141, 142, 143, 144, 145, 146, 147, 148, 149, 150, 151, 152, 153, 154, 155, 156, 157, 158]",0,1,0,Terrain,24,46,"[13, 43]",Terrain/Landscapes/misc_storyCreatures/273_norne_fat04/bob_000135.png,SOURCE_COMPLETE,[],Terrain/Landscapes/misc_storyCreatures/273_norne_fat04/metadata.json
274,norne thin01,"[[""misc_storyCreatures""]]",1,void,[],[],data\engine2d\bin\bobs\ls_statues.bmd,data\engine2d\bin\bobs\ls_statues_s.bmd,norne02,1,24,"[171, 172, 173, 174, 175, 176, 177, 178, 179, 180, 181, 182, 183, 184, 185, 186, 187, 188, 189, 190, 191, 192, 193, 194]",0,1,0,Terrain,25,46,"[13, 44]",Terrain/Landscapes/misc_storyCreatures/274_norne_thin01/bob_000171.png,SOURCE_COMPLETE,[],Terrain/Landscapes/misc_storyCreatures/274_norne_thin01/metadata.json
275,norne thin02,"[[""misc_storyCreatures""]]",1,void,[],[],data\engine2d\bin\bobs\ls_statues.bmd,data\engine2d\bin\bobs\ls_statues_s.bmd,informer02,1,24,"[171, 172, 173, 174, 175, 176, 177, 178, 179, 180, 181, 182, 183, 184, 185, 186, 187, 188, 189, 190, 191, 192, 193, 194]",0,1,0,Terrain,25,46,"[13, 44]",Terrain/Landscapes/misc_storyCreatures/275_norne_thin02/bob_000171.png,SOURCE_COMPLETE,[],Terrain/Landscapes/misc_storyCreatures/275_norne_thin02/metadata.json
276,norne thin03,"[[""misc_storyCreatures""]]",1,void,[],[],data\engine2d\bin\bobs\ls_statues.bmd,data\engine2d\bin\bobs\ls_statues_s.bmd,norne01,1,24,"[171, 172, 173, 174, 175, 176, 177, 178, 179, 180, 181, 182, 183, 184, 185, 186, 187, 188, 189, 190, 191, 192, 193, 194]",0,1,0,Terrain,25,46,"[13, 44]",Terrain/Landscapes/misc_storyCreatures/276_norne_thin03/bob_000171.png,SOURCE_COMPLETE,[],Terrain/Landscapes/misc_storyCreatures/276_norne_thin03/metadata.json
277,norne thin04,"[[""misc_storyCreatures""]]",1,void,[],[],data\engine2d\bin\bobs\ls_statues.bmd,data\engine2d\bin\bobs\ls_statues_s.bmd,informer04,1,24,"[171, 172, 173, 174, 175, 176, 177, 178, 179, 180, 181, 182, 183, 184, 185, 186, 187, 188, 189, 190, 191, 192, 193, 194]",0,1,0,Terrain,25,46,"[13, 44]",Terrain/Landscapes/misc_storyCreatures/277_norne_thin04/bob_000171.png,SOURCE_COMPLETE,[],Terrain/Landscapes/misc_storyCreatures/277_norne_thin04/metadata.json
278,norne thin00,"[[""misc_storyCreatures""]]",1,void,[],[],data\engine2d\bin\bobs\ls_statues.bmd,data\engine2d\bin\bobs\ls_statues_s.bmd,informer05,1,24,"[171, 172, 173, 174, 175, 176, 177, 178, 179, 180, 181, 182, 183, 184, 185, 186, 187, 188, 189, 190, 191, 192, 193, 194]",0,1,0,Terrain,25,46,"[13, 44]",Terrain/Landscapes/misc_storyCreatures/278_norne_thin00/bob_000171.png,SOURCE_COMPLETE,[],Terrain/Landscapes/misc_storyCreatures/278_norne_thin00/metadata.json
279,trader00,"[[""misc_storyCreatures""]]",1,void,[],[],data\engine2d\bin\bobs\ls_statues.bmd,data\engine2d\bin\bobs\ls_statues_s.bmd,informer01,1,38,"[198, 199, 200, 201, 202, 203, 204, 205, 206, 207, 208, 209, 210, 211, 212, 213, 214, 215, 216, 217, 218, 219, 220, 221]",0,1,0,Terrain,38,56,"[24, 52]",Terrain/Landscapes/misc_storyCreatures/279_trader00/bob_000198.png,SOURCE_COMPLETE,[],Terrain/Landscapes/misc_storyCreatures/279_trader00/metadata.json
280,trader01,"[[""misc_storyCreatures""]]",1,void,[],[],data\engine2d\bin\bobs\ls_statues.bmd,data\engine2d\bin\bobs\ls_statues_s.bmd,informer02,1,38,"[198, 199, 200, 201, 202, 203, 204, 205, 206, 207, 208, 209, 210, 211, 212, 213, 214, 215, 216, 217, 218, 219, 220, 221]",0,1,0,Terrain,38,56,"[24, 52]",Terrain/Landscapes/misc_storyCreatures/280_trader01/bob_000198.png,SOURCE_COMPLETE,[],Terrain/Landscapes/misc_storyCreatures/280_trader01/metadata.json
281,trader02,"[[""misc_storyCreatures""]]",1,void,[],[],data\engine2d\bin\bobs\ls_statues.bmd,data\engine2d\bin\bobs\ls_statues_s.bmd,informer04,1,38,"[198, 199, 200, 201, 202, 203, 204, 205, 206, 207, 208, 209, 210, 211, 212, 213, 214, 215, 216, 217, 218, 219, 220, 221]",0,1,0,Terrain,38,56,"[24, 52]",Terrain/Landscapes/misc_storyCreatures/281_trader02/bob_000198.png,SOURCE_COMPLETE,[],Terrain/Landscapes/misc_storyCreatures/281_trader02/metadata.json
282,trader03,"[[""misc_storyCreatures""]]",1,void,[],[],data\engine2d\bin\bobs\ls_statues.bmd,data\engine2d\bin\bobs\ls_statues_s.bmd,informer05,1,38,"[198, 199, 200, 201, 202, 203, 204, 205, 206, 207, 208, 209, 210, 211, 212, 213, 214, 215, 216, 217, 218, 219, 220, 221]",0,1,0,Terrain,38,56,"[24, 52]",Terrain/Landscapes/misc_storyCreatures/282_trader03/bob_000198.png,SOURCE_COMPLETE,[],Terrain/Landscapes/misc_storyCreatures/282_trader03/metadata.json
283,trader04,"[[""misc_storyCreatures""]]",1,void,[],[],data\engine2d\bin\bobs\ls_statues.bmd,data\engine2d\bin\bobs\ls_statues_s.bmd,norne01,1,38,"[198, 199, 200, 201, 202, 203, 204, 205, 206, 207, 208, 209, 210, 211, 212, 213, 214, 215, 216, 217, 218, 219, 220, 221]",0,1,0,Terrain,38,56,"[24, 52]",Terrain/Landscapes/misc_storyCreatures/283_trader04/bob_000198.png,SOURCE_COMPLETE,[],Terrain/Landscapes/misc_storyCreatures/283_trader04/metadata.json
284,trader05,"[[""misc_storyCreatures""]]",1,void,[],[],data\engine2d\bin\bobs\ls_statues.bmd,data\engine2d\bin\bobs\ls_statues_s.bmd,norne02,1,38,"[198, 199, 200, 201, 202, 203, 204, 205, 206, 207, 208, 209, 210, 211, 212, 213, 214, 215, 216, 217, 218, 219, 220, 221]",0,1,0,Terrain,38,56,"[24, 52]",Terrain/Landscapes/misc_storyCreatures/284_trader05/bob_000198.png,SOURCE_COMPLETE,[],Terrain/Landscapes/misc_storyCreatures/284_trader05/metadata.json
285,wonderlamp ghost00,"[[""misc_storyCreatures""]]",1,void,[],[],data\engine2d\bin\bobs\ls_statues.bmd,data\engine2d\bin\bobs\ls_statues_s.bmd,informer01,1,12,"[225, 226, 227, 228, 229, 230, 231, 232, 233, 234, 235, 236]",0,1,0,Terrain,37,84,"[20, 94]",Terrain/Landscapes/misc_storyCreatures/285_wonderlamp_ghost00/bob_000225.png,SOURCE_COMPLETE,[],Terrain/Landscapes/misc_storyCreatures/285_wonderlamp_ghost00/metadata.json
286,Sirene_r_01,"[[""misc_storyCreatures""]]",1,void,[],[],data\engine2d\bin\bobs\ls_statues.bmd,data\engine2d\bin\bobs\ls_statues_s.bmd,informer01,1,25,"[0, 1, 2, 3, 4, 5, 6, 7, 8, 9, 10, 11, 12, 13, 14, 15, 16, 17, 18, 19, 20, 21, 22, 23, 24]",0,1,0,Terrain,118,107,"[53, 110]",Terrain/Landscapes/misc_storyCreatures/286_Sirene_r_01/bob_000000.png,SOURCE_COMPLETE,[],Terrain/Landscapes/misc_storyCreatures/286_Sirene_r_01/metadata.json
287,Sirene_m_01,"[[""misc_storyCreatures""]]",1,void,[],[],data\engine2d\bin\bobs\ls_statues.bmd,data\engine2d\bin\bobs\ls_statues_s.bmd,informer01,1,25,"[25, 26, 27, 28, 29, 30, 31, 32, 33, 34, 35, 36, 37, 38, 39, 40, 41, 42, 43, 44, 45, 46, 47, 48, 49]",0,1,0,Terrain,132,98,"[66, 101]",Terrain/Landscapes/misc_storyCreatures/287_Sirene_m_01/bob_000025.png,SOURCE_COMPLETE,[],Terrain/Landscapes/misc_storyCreatures/287_Sirene_m_01/metadata.json
288,Sirene_l_01,"[[""misc_storyCreatures""]]",1,void,[],[],data\engine2d\bin\bobs\ls_statues.bmd,data\engine2d\bin\bobs\ls_statues_s.bmd,informer01,1,25,"[50, 51, 52, 53, 54, 55, 56, 57, 58, 59, 60, 61, 62, 63, 64, 65, 66, 67, 68, 69, 70, 71, 72, 73, 74]",0,1,0,Terrain,114,102,"[61, 103]",Terrain/Landscapes/misc_storyCreatures/288_Sirene_l_01/bob_000050.png,SOURCE_COMPLETE,[],Terrain/Landscapes/misc_storyCreatures/288_Sirene_l_01/metadata.json
289,statue byz00,"[[""misc_storyCreatures""]]",1,void,[],[],data\engine2d\bin\bobs\ls_statues.bmd,data\engine2d\bin\bobs\ls_statues_s.bmd,informer02,1,1,[162],0,1,0,Terrain,115,163,"[49, 149]",Terrain/Landscapes/misc_storyCreatures/289_statue_byz00/bob_000162.png,SOURCE_COMPLETE,[],Terrain/Landscapes/misc_storyCreatures/289_statue_byz00/metadata.json
290,yew 01,"[[""trees all"", ""trees yew""]]",4,tree,[5],[],data\engine2d\bin\bobs\ls_trees.bmd,data\engine2d\bin\bobs\ls_trees_s.bmd,tree_yew01,3,72,"[60, 61, 62, 63, 64, 65, 66, 67, 188, 189, 190, 191, 192, 193, 194, 195, 196, 197, 198, 199, 200, 201, 202, 203]",0,1,2,Terrain,101,111,"[54, 100]",Terrain/Landscapes/trees_all/290_yew_01/bob_000060.png,SOURCE_COMPLETE,[],Terrain/Landscapes/trees_all/290_yew_01/metadata.json
291,fir 01,"[[""trees all"", ""trees fir""]]",4,tree,[5],[],data\engine2d\bin\bobs\ls_trees.bmd,data\engine2d\bin\bobs\ls_trees_s.bmd,tree03,3,24,"[68, 69, 70, 76, 77, 78, 84, 85, 86]",0,1,2,Terrain,80,112,"[38, 107]",Terrain/Landscapes/trees_all/291_fir_01/bob_000068.png,SOURCE_COMPLETE,[],Terrain/Landscapes/trees_all/291_fir_01/metadata.json
292,pine 01,"[[""trees all"", ""trees pine""]]",4,tree,[5],[],data\engine2d\bin\bobs\ls_trees.bmd,data\engine2d\bin\bobs\ls_trees_s.bmd,tree01,3,24,"[92, 93, 94, 100, 101, 102, 108, 109, 110]",0,1,2,Terrain,75,108,"[47, 102]",Terrain/Landscapes/trees_all/292_pine_01/bob_000092.png,SOURCE_COMPLETE,[],Terrain/Landscapes/trees_all/292_pine_01/metadata.json
293,beech 01,"[[""trees all"", ""trees beech""]]",4,tree,[5],[],data\engine2d\bin\bobs\ls_trees.bmd,data\engine2d\bin\bobs\ls_trees_s.bmd,tree01,3,24,"[116, 117, 118, 124, 125, 126, 132, 133, 134]",0,1,2,Terrain,137,227,"[69, 212]",Terrain/Landscapes/trees_all/293_beech_01/bob_000116.png,SOURCE_COMPLETE,[],Terrain/Landscapes/trees_all/293_beech_01/metadata.json
294,walnut 01,"[[""trees all"", ""trees walnut""]]",4,tree,[5],[],data\engine2d\bin\bobs\ls_trees.bmd,data\engine2d\bin\bobs\ls_trees_s.bmd,tree01,3,24,"[140, 141, 142, 148, 149, 150, 156, 157, 158]",0,1,2,Terrain,91,114,"[47, 103]",Terrain/Landscapes/trees_all/294_walnut_01/bob_000140.png,SOURCE_COMPLETE,[],Terrain/Landscapes/trees_all/294_walnut_01/metadata.json
295,cypress 01,"[[""trees all"", ""trees cypress""]]",4,tree,[5],[],data\engine2d\bin\bobs\ls_trees.bmd,data\engine2d\bin\bobs\ls_trees_s.bmd,tree_Cypress01,3,24,"[164, 165, 166, 176, 177, 178, 182, 183, 184]",0,1,2,Terrain,46,122,"[32, 116]",Terrain/Landscapes/trees_all/295_cypress_01/bob_000164.png,SOURCE_COMPLETE,[],Terrain/Landscapes/trees_all/295_cypress_01/metadata.json
296,beech 03,"[[""trees all"", ""trees beech""]]",4,tree,[5],[],data\engine2d\bin\bobs\ls_trees.bmd,data\engine2d\bin\bobs\ls_trees_s.bmd,tree03,3,24,"[116, 117, 118, 124, 125, 126, 132, 133, 134]",0,1,2,Terrain,137,227,"[69, 212]",Terrain/Landscapes/trees_all/296_beech_03/bob_000116.png,SOURCE_COMPLETE,[],Terrain/Landscapes/trees_all/296_beech_03/metadata.json
297,yew 02,"[[""trees all"", ""trees yew""]]",4,tree,[5],[],data\engine2d\bin\bobs\ls_trees.bmd,data\engine2d\bin\bobs\ls_trees_s.bmd,tree_yew01,3,72,"[462, 463, 464, 465, 466, 467, 468, 469, 470, 471, 472, 473, 474, 475, 476, 477, 478, 479, 480, 481, 482, 483, 484, 485]",0,1,2,Terrain,184,225,"[97, 218]",Terrain/Landscapes/trees_all/297_yew_02/bob_000462.png,SOURCE_COMPLETE,[],Terrain/Landscapes/trees_all/297_yew_02/metadata.json
298,fir 02,"[[""trees all"", ""trees fir""]]",4,tree,[5],[],data\engine2d\bin\bobs\ls_trees.bmd,data\engine2d\bin\bobs\ls_trees_s.bmd,tree02,3,24,"[68, 69, 70, 76, 77, 78, 84, 85, 86]",0,1,2,Terrain,80,112,"[38, 107]",Terrain/Landscapes/trees_all/298_fir_02/bob_000068.png,SOURCE_COMPLETE,[],Terrain/Landscapes/trees_all/298_fir_02/metadata.json
299,pine 02,"[[""trees all"", ""trees pine""]]",4,tree,[5],[],data\engine2d\bin\bobs\ls_trees.bmd,data\engine2d\bin\bobs\ls_trees_s.bmd,tree02,3,24,"[92, 93, 94, 100, 101, 102, 108, 109, 110]",0,1,2,Terrain,75,108,"[47, 102]",Terrain/Landscapes/trees_all/299_pine_02/bob_000092.png,SOURCE_COMPLETE,[],Terrain/Landscapes/trees_all/299_pine_02/metadata.json
300,beech 02,"[[""trees all"", ""trees beech""]]",4,tree,[5],[],data\engine2d\bin\bobs\ls_trees.bmd,data\engine2d\bin\bobs\ls_trees_s.bmd,tree02,3,24,"[116, 117, 118, 124, 125, 126, 132, 133, 134]",0,1,2,Terrain,137,227,"[69, 212]",Terrain/Landscapes/trees_all/300_beech_02/bob_000116.png,SOURCE_COMPLETE,[],Terrain/Landscapes/trees_all/300_beech_02/metadata.json
301,walnut 02,"[[""trees all"", ""trees walnut""]]",4,tree,[5],[],data\engine2d\bin\bobs\ls_trees.bmd,data\engine2d\bin\bobs\ls_trees_s.bmd,tree02,3,24,"[140, 141, 142, 148, 149, 150, 156, 157, 158]",0,1,2,Terrain,91,114,"[47, 103]",Terrain/Landscapes/trees_all/301_walnut_02/bob_000140.png,SOURCE_COMPLETE,[],Terrain/Landscapes/trees_all/301_walnut_02/metadata.json
302,walnut 03,"[[""trees all"", ""trees walnut""]]",4,tree,[5],[],data\engine2d\bin\bobs\ls_trees.bmd,data\engine2d\bin\bobs\ls_trees_s.bmd,tree03,3,24,"[140, 141, 142, 148, 149, 150, 156, 157, 158]",0,1,2,Terrain,91,114,"[47, 103]",Terrain/Landscapes/trees_all/302_walnut_03/bob_000140.png,SOURCE_COMPLETE,[],Terrain/Landscapes/trees_all/302_walnut_03/metadata.json
303,cypress 02,"[[""trees all"", ""trees cypress""]]",4,tree,[5],[],data\engine2d\bin\bobs\ls_trees.bmd,data\engine2d\bin\bobs\ls_trees_s.bmd,tree_Cypress02,3,24,"[164, 165, 166, 176, 177, 178, 182, 183, 184]",0,1,2,Terrain,46,122,"[32, 116]",Terrain/Landscapes/trees_all/303_cypress_02/bob_000164.png,SOURCE_COMPLETE,[],Terrain/Landscapes/trees_all/303_cypress_02/metadata.json
304,cypress 03,"[[""trees all"", ""trees cypress""]]",4,tree,[5],[],data\engine2d\bin\bobs\ls_trees.bmd,data\engine2d\bin\bobs\ls_trees_s.bmd,tree_Cypress03,3,24,"[164, 165, 166, 176, 177, 178, 182, 183, 184]",0,1,2,Terrain,46,122,"[32, 116]",Terrain/Landscapes/trees_all/304_cypress_03/bob_000164.png,SOURCE_COMPLETE,[],Terrain/Landscapes/trees_all/304_cypress_03/metadata.json
305,OrangeTree 01,"[[""trees all"", ""trees orange""]]",4,tree,[5],[],data\engine2d\bin\bobs\ls_trees.bmd,data\engine2d\bin\bobs\ls_trees_s.bmd,tree01,3,72,"[228, 229, 230, 231, 232, 233, 234, 235, 236, 237, 238, 239, 240, 241, 242, 243, 244, 245, 246, 247, 248, 249, 250, 251]",0,1,2,Terrain,110,124,"[58, 114]",Terrain/Landscapes/trees_all/305_OrangeTree_01/bob_000228.png,SOURCE_COMPLETE,[],Terrain/Landscapes/trees_all/305_OrangeTree_01/metadata.json
306,OrangeTree 02,"[[""trees all"", ""trees orange""]]",4,tree,[5],[],data\engine2d\bin\bobs\ls_trees.bmd,data\engine2d\bin\bobs\ls_trees_s.bmd,tree02,3,72,"[228, 229, 230, 231, 232, 233, 234, 235, 236, 237, 238, 239, 240, 241, 242, 243, 244, 245, 246, 247, 248, 249, 250, 251]",0,1,2,Terrain,110,124,"[58, 114]",Terrain/Landscapes/trees_all/306_OrangeTree_02/bob_000228.png,SOURCE_COMPLETE,[],Terrain/Landscapes/trees_all/306_OrangeTree_02/metadata.json
307,fir 01 falling,"[[""trees all"", ""trees fir"", ""trees falling""]]",5,tree falling,[],[],data\engine2d\bin\bobs\ls_trees.bmd,data\engine2d\bin\bobs\ls_trees_s.bmd,tree03,1,8,"[0, 1, 2, 3, 4, 5, 6, 7]",0,0,1,Terrain,71,112,"[35, 107]",Terrain/Landscapes/trees_all/307_fir_01_falling/bob_000000.png,SOURCE_COMPLETE,[],Terrain/Landscapes/trees_all/307_fir_01_falling/metadata.json
308,fir 02 falling,"[[""trees all"", ""trees fir"", ""trees falling""]]",5,tree falling,[],[],data\engine2d\bin\bobs\ls_trees.bmd,data\engine2d\bin\bobs\ls_trees_s.bmd,tree02,1,8,"[0, 1, 2, 3, 4, 5, 6, 7]",0,0,1,Terrain,71,112,"[35, 107]",Terrain/Landscapes/trees_all/308_fir_02_falling/bob_000000.png,SOURCE_COMPLETE,[],Terrain/Landscapes/trees_all/308_fir_02_falling/metadata.json
309,dummy tree falling,"[[""trees all"", ""trees falling"", ""_debug""]]",5,tree falling,[],[],data\engine2d\bin\bobs\ls_trees.bmd,data\engine2d\bin\bobs\ls_trees_s.bmd,tree03,1,8,"[0, 1, 2, 3, 4, 5, 6, 7]",0,0,1,Terrain,71,112,"[35, 107]",Terrain/Landscapes/trees_all/307_fir_01_falling/bob_000000.png,SOURCE_COMPLETE,[],Terrain/Landscapes/trees_all/309_dummy_tree_falling/metadata.json
310,pine 01 falling,"[[""trees all"", ""trees pine"", ""trees falling""]]",5,tree falling,[],[],data\engine2d\bin\bobs\ls_trees.bmd,data\engine2d\bin\bobs\ls_trees_s.bmd,tree01,1,9,"[9, 10, 11, 12, 13, 14, 15, 16, 17]",0,0,1,Terrain,78,105,"[50, 102]",Terrain/Landscapes/trees_all/310_pine_01_falling/bob_000009.png,SOURCE_COMPLETE,[],Terrain/Landscapes/trees_all/310_pine_01_falling/metadata.json
311,pine 02 falling,"[[""trees all"", ""trees pine"", ""trees falling""]]",5,tree falling,[],[],data\engine2d\bin\bobs\ls_trees.bmd,data\engine2d\bin\bobs\ls_trees_s.bmd,tree02,1,9,"[9, 10, 11, 12, 13, 14, 15, 16, 17]",0,0,1,Terrain,78,105,"[50, 102]",Terrain/Landscapes/trees_all/311_pine_02_falling/bob_000009.png,SOURCE_COMPLETE,[],Terrain/Landscapes/trees_all/311_pine_02_falling/metadata.json
312,beech 01 falling,"[[""trees all"", ""trees beech"", ""trees falling""]]",5,tree falling,[],[],data\engine2d\bin\bobs\ls_trees.bmd,data\engine2d\bin\bobs\ls_trees_s.bmd,tree01,1,8,"[18, 19, 20, 21, 22, 23, 24, 25]",0,0,1,Terrain,83,132,"[41, 128]",Terrain/Landscapes/trees_all/312_beech_01_falling/bob_000018.png,SOURCE_COMPLETE,[],Terrain/Landscapes/trees_all/312_beech_01_falling/metadata.json
313,beech 02 falling,"[[""trees all"", ""trees beech"", ""trees falling""]]",5,tree falling,[],[],data\engine2d\bin\bobs\ls_trees.bmd,data\engine2d\bin\bobs\ls_trees_s.bmd,tree02,1,8,"[18, 19, 20, 21, 22, 23, 24, 25]",0,0,1,Terrain,83,132,"[41, 128]",Terrain/Landscapes/trees_all/313_beech_02_falling/bob_000018.png,SOURCE_COMPLETE,[],Terrain/Landscapes/trees_all/313_beech_02_falling/metadata.json
314,walnut 01 falling,"[[""trees all"", ""trees walnut"", ""trees falling""]]",5,tree falling,[],[],data\engine2d\bin\bobs\ls_trees.bmd,data\engine2d\bin\bobs\ls_trees_s.bmd,tree01,1,9,"[27, 28, 29, 30, 31, 32, 33, 34, 35]",0,0,1,Terrain,91,114,"[47, 103]",Terrain/Landscapes/trees_all/314_walnut_01_falling/bob_000027.png,SOURCE_COMPLETE,[],Terrain/Landscapes/trees_all/314_walnut_01_falling/metadata.json
315,walnut 02 falling,"[[""trees all"", ""trees walnut"", ""trees falling""]]",5,tree falling,[],[],data\engine2d\bin\bobs\ls_trees.bmd,data\engine2d\bin\bobs\ls_trees_s.bmd,tree02,1,9,"[27, 28, 29, 30, 31, 32, 33, 34, 35]",0,0,1,Terrain,91,114,"[47, 103]",Terrain/Landscapes/trees_all/315_walnut_02_falling/bob_000027.png,SOURCE_COMPLETE,[],Terrain/Landscapes/trees_all/315_walnut_02_falling/metadata.json
316,walnut 03 falling,"[[""trees all"", ""trees walnut"", ""trees falling""]]",5,tree falling,[],[],data\engine2d\bin\bobs\ls_trees.bmd,data\engine2d\bin\bobs\ls_trees_s.bmd,tree02,1,9,"[27, 28, 29, 30, 31, 32, 33, 34, 35]",0,0,1,Terrain,91,114,"[47, 103]",Terrain/Landscapes/trees_all/315_walnut_02_falling/bob_000027.png,SOURCE_COMPLETE,[],Terrain/Landscapes/trees_all/316_walnut_03_falling/metadata.json
317,cypress 01 falling,"[[""trees all"", ""trees cypress"", ""trees falling""]]",5,tree falling,[],[],data\engine2d\bin\bobs\ls_trees.bmd,data\engine2d\bin\bobs\ls_trees_s.bmd,tree_Cypress01,1,9,"[36, 37, 38, 39, 40, 41, 42, 43, 44]",0,0,1,Terrain,46,122,"[32, 116]",Terrain/Landscapes/trees_all/317_cypress_01_falling/bob_000036.png,SOURCE_COMPLETE,[],Terrain/Landscapes/trees_all/317_cypress_01_falling/metadata.json
318,cypress 02 falling,"[[""trees all"", ""trees cypress"", ""trees falling""]]",5,tree falling,[],[],data\engine2d\bin\bobs\ls_trees.bmd,data\engine2d\bin\bobs\ls_trees_s.bmd,tree_Cypress02,1,9,"[36, 37, 38, 39, 40, 41, 42, 43, 44]",0,0,1,Terrain,46,122,"[32, 116]",Terrain/Landscapes/trees_all/318_cypress_02_falling/bob_000036.png,SOURCE_COMPLETE,[],Terrain/Landscapes/trees_all/318_cypress_02_falling/metadata.json
319,cypress 03 falling,"[[""trees all"", ""trees cypress"", ""trees falling""]]",5,tree falling,[],[],data\engine2d\bin\bobs\ls_trees.bmd,data\engine2d\bin\bobs\ls_trees_s.bmd,tree_Cypress03,1,9,"[36, 37, 38, 39, 40, 41, 42, 43, 44]",0,0,1,Terrain,46,122,"[32, 116]",Terrain/Landscapes/trees_all/319_cypress_03_falling/bob_000036.png,SOURCE_COMPLETE,[],Terrain/Landscapes/trees_all/319_cypress_03_falling/metadata.json
320,yew 01 falling,"[[""trees all"", ""trees yew"", ""trees falling""]]",5,tree falling,[],[],data\engine2d\bin\bobs\ls_trees.bmd,data\engine2d\bin\bobs\ls_trees_s.bmd,tree_yew01,1,9,"[45, 46, 47, 48, 49, 50, 51, 52, 53]",0,0,1,Terrain,113,119,"[57, 108]",Terrain/Landscapes/trees_all/320_yew_01_falling/bob_000045.png,SOURCE_COMPLETE,[],Terrain/Landscapes/trees_all/320_yew_01_falling/metadata.json
321,yew 02 falling,"[[""trees all"", ""trees yew"", ""trees falling""]]",5,tree falling,[],[],data\engine2d\bin\bobs\ls_trees.bmd,data\engine2d\bin\bobs\ls_trees_s.bmd,tree_yew01,1,7,"[486, 487, 488, 489, 490, 491, 492]",0,0,1,Terrain,120,136,"[56, 130]",Terrain/Landscapes/trees_all/321_yew_02_falling/bob_000486.png,SOURCE_COMPLETE,[],Terrain/Landscapes/trees_all/321_yew_02_falling/metadata.json
322,beech 03 falling,"[[""trees all"", ""trees beech"", ""trees falling""]]",5,tree falling,[],[],data\engine2d\bin\bobs\ls_trees.bmd,data\engine2d\bin\bobs\ls_trees_s.bmd,tree03,1,8,"[18, 19, 20, 21, 22, 23, 24, 25]",0,0,1,Terrain,83,132,"[41, 128]",Terrain/Landscapes/trees_all/322_beech_03_falling/bob_000018.png,SOURCE_COMPLETE,[],Terrain/Landscapes/trees_all/322_beech_03_falling/metadata.json
323,OrangeTree 01 falling,"[[""trees all"", ""trees orange"", ""trees falling""]]",5,tree falling,[],[],data\engine2d\bin\bobs\ls_trees.bmd,data\engine2d\bin\bobs\ls_trees_s.bmd,tree01,1,9,"[261, 262, 263, 264, 265, 266, 267, 268, 269]",0,0,1,Terrain,118,119,"[65, 112]",Terrain/Landscapes/trees_all/323_OrangeTree_01_falling/bob_000261.png,SOURCE_COMPLETE,[],Terrain/Landscapes/trees_all/323_OrangeTree_01_falling/metadata.json
324,OrangeTree 02 falling,"[[""trees all"", ""trees orange"", ""trees falling""]]",5,tree falling,[],[],data\engine2d\bin\bobs\ls_trees.bmd,data\engine2d\bin\bobs\ls_trees_s.bmd,tree02,1,9,"[261, 262, 263, 264, 265, 266, 267, 268, 269]",0,0,1,Terrain,118,119,"[65, 112]",Terrain/Landscapes/trees_all/324_OrangeTree_02_falling/bob_000261.png,SOURCE_COMPLETE,[],Terrain/Landscapes/trees_all/324_OrangeTree_02_falling/metadata.json
325,bush 01 empty,"[[""trees all"", ""bushes""]]",9,bush naked,[],[],data\engine2d\bin\bobs\ls_trees.bmd,data\engine2d\bin\bobs\ls_trees_s.bmd,tree01,1,27,"[270, 271, 272, 273, 274, 275, 276, 277, 278]",0,1,3,Terrain,44,61,"[23, 55]",Terrain/Landscapes/trees_all/325_bush_01_empty/bob_000270.png,SOURCE_COMPLETE,[],Terrain/Landscapes/trees_all/325_bush_01_empty/metadata.json
326,palm 01,"[[""trees all"", ""trees palm""]]",4,tree,[5],[],data\engine2d\bin\bobs\ls_trees.bmd,data\engine2d\bin\bobs\ls_trees_s.bmd,tree03,3,72,"[324, 325, 326, 327, 328, 329, 330, 331, 332, 333, 334, 335, 336, 337, 338, 339, 341, 342, 343, 344, 345, 346, 347, 348]",0,1,2,Terrain,102,136,"[53, 131]",Terrain/Landscapes/trees_all/326_palm_01/bob_000324.png,SOURCE_COMPLETE,[],Terrain/Landscapes/trees_all/326_palm_01/metadata.json
327,cedar 01,"[[""trees all"", ""trees cedar""]]",4,tree,[5],[],data\engine2d\bin\bobs\ls_trees.bmd,data\engine2d\bin\bobs\ls_trees_s.bmd,tree_Cypress03,3,72,"[414, 415, 416, 417, 418, 419, 420, 421, 422, 423, 424, 425, 426, 427, 428, 429, 430, 431, 432, 433, 434, 435, 436, 437]",0,1,2,Terrain,148,128,"[73, 120]",Terrain/Landscapes/trees_all/327_cedar_01/bob_000414.png,SOURCE_COMPLETE,[],Terrain/Landscapes/trees_all/327_cedar_01/metadata.json
328,cedar 02,"[[""trees all"", ""trees cedar""]]",4,tree,[5],[],data\engine2d\bin\bobs\ls_trees.bmd,data\engine2d\bin\bobs\ls_trees_s.bmd,tree_Cypress03,3,72,"[430, 431, 432, 433, 434, 435, 436, 437, 438, 439, 440, 441, 442, 443, 444, 445, 446, 447, 448, 449, 450, 451, 452, 453]",0,1,2,Terrain,125,116,"[53, 112]",Terrain/Landscapes/trees_all/328_cedar_02/bob_000438.png,SOURCE_COMPLETE,[],Terrain/Landscapes/trees_all/328_cedar_02/metadata.json
329,cedar 01 falling,"[[""trees all""]]",5,tree falling,[],[],data\engine2d\bin\bobs\ls_trees.bmd,data\engine2d\bin\bobs\ls_trees_s.bmd,tree_Cypress03,1,8,"[454, 455, 456, 457, 458, 459, 460, 461]",0,0,1,Terrain,148,128,"[73, 120]",Terrain/Landscapes/trees_all/329_cedar_01_falling/bob_000454.png,SOURCE_COMPLETE,[],Terrain/Landscapes/trees_all/329_cedar_01_falling/metadata.json
330,pear 01,"[[""trees all"", ""trees pear""]]",4,tree,[5],[],data\engine2d\bin\bobs\ls_trees.bmd,data\engine2d\bin\bobs\ls_trees_s.bmd,tree_pear01,3,72,"[462, 463, 464, 465, 466, 467, 468, 469, 470, 471, 472, 473, 474, 475, 476, 477, 478, 479, 480, 481, 482, 483, 484, 485]",0,1,2,Terrain,184,225,"[97, 218]",Terrain/Landscapes/trees_all/330_pear_01/bob_000462.png,SOURCE_COMPLETE,[],Terrain/Landscapes/trees_all/330_pear_01/metadata.json
331,pear 01 falling,"[[""trees all"", ""trees pear""]]",5,tree falling,[],[],data\engine2d\bin\bobs\ls_trees.bmd,data\engine2d\bin\bobs\ls_trees_s.bmd,tree_pear01,1,7,"[486, 487, 488, 489, 490, 491, 492]",0,0,1,Terrain,120,136,"[56, 130]",Terrain/Landscapes/trees_all/331_pear_01_falling/bob_000486.png,SOURCE_COMPLETE,[],Terrain/Landscapes/trees_all/331_pear_01_falling/metadata.json
332,pear 02,"[[""trees all""]]",4,tree,[5],[],data\engine2d\bin\bobs\ls_trees.bmd,data\engine2d\bin\bobs\ls_trees_s.bmd,tree_pear01,3,72,"[60, 61, 62, 63, 64, 65, 66, 67, 188, 189, 190, 191, 192, 193, 194, 195, 196, 197, 198, 199, 200, 201, 202, 203]",0,1,2,Terrain,101,111,"[54, 100]",Terrain/Landscapes/trees_all/332_pear_02/bob_000060.png,SOURCE_COMPLETE,[],Terrain/Landscapes/trees_all/332_pear_02/metadata.json
333,pear 02 falling,"[[""trees all""]]",5,tree falling,[],[],data\engine2d\bin\bobs\ls_trees.bmd,data\engine2d\bin\bobs\ls_trees_s.bmd,tree_pear01,1,9,"[45, 46, 47, 48, 49, 50, 51, 52, 53]",0,0,1,Terrain,113,119,"[57, 108]",Terrain/Landscapes/trees_all/333_pear_02_falling/bob_000045.png,SOURCE_COMPLETE,[],Terrain/Landscapes/trees_all/333_pear_02_falling/metadata.json
334,tree_dead 01,"[[""trees dead"", ""trees all""]]",4,tree,[5],[],data\engine2d\bin\bobs\ls_trees_dead.bmd,data\engine2d\bin\bobs\ls_trees_dead_s.bmd,tree03,1,1,[0],0,0,2,Terrain,80,130,"[44, 125]",Terrain/Landscapes/trees_dead/334_tree_dead_01/bob_000000.png,SOURCE_COMPLETE,[],Terrain/Landscapes/trees_dead/334_tree_dead_01/metadata.json
335,tree_dead 02,"[[""trees dead"", ""trees all""]]",4,tree,[5],[],data\engine2d\bin\bobs\ls_trees_dead.bmd,data\engine2d\bin\bobs\ls_trees_dead_s.bmd,tree03,1,1,[1],0,0,2,Terrain,69,100,"[37, 95]",Terrain/Landscapes/trees_dead/335_tree_dead_02/bob_000001.png,SOURCE_COMPLETE,[],Terrain/Landscapes/trees_dead/335_tree_dead_02/metadata.json
336,tree_dead 03,"[[""trees dead"", ""trees all""]]",4,tree,[5],[],data\engine2d\bin\bobs\ls_trees_dead.bmd,data\engine2d\bin\bobs\ls_trees_dead_s.bmd,tree03,1,1,[2],0,0,2,Terrain,33,44,"[14, 40]",Terrain/Landscapes/trees_dead/336_tree_dead_03/bob_000002.png,SOURCE_COMPLETE,[],Terrain/Landscapes/trees_dead/336_tree_dead_03/metadata.json
337,tree_dead falling,"[[""trees dead"", ""trees all""]]",5,tree falling,[],[],data\engine2d\bin\bobs\ls_trees_dead.bmd,data\engine2d\bin\bobs\ls_trees_dead_s.bmd,tree03,1,1,[0],0,0,1,Terrain,80,130,"[44, 125]",Terrain/Landscapes/trees_dead/334_tree_dead_01/bob_000000.png,SOURCE_COMPLETE,[],Terrain/Landscapes/trees_dead/337_tree_dead_falling/metadata.json
338,tree debris medium,"[[""trees all""]]",1,void,[],[],data\engine2d\bin\bobs\ls_trees_dead.bmd,data\engine2d\bin\bobs\ls_trees_dead_s.bmd,tree01,1,1,[3],0,0,0,Terrain,16,18,"[8, 13]",Terrain/Landscapes/trees_all/338_tree_debris_medium/bob_000003.png,SOURCE_COMPLETE,[],Terrain/Landscapes/trees_all/338_tree_debris_medium/metadata.json
339,tree debris big,"[[""trees all""]]",1,void,[],[],data\engine2d\bin\bobs\ls_trees_dead.bmd,data\engine2d\bin\bobs\ls_trees_dead_s.bmd,tree01,1,1,[4],0,0,0,Terrain,30,23,"[15, 14]",Terrain/Landscapes/trees_all/339_tree_debris_big/bob_000004.png,SOURCE_COMPLETE,[],Terrain/Landscapes/trees_all/339_tree_debris_big/metadata.json
340,tree debris small,"[[""trees all""]]",1,void,[],[],data\engine2d\bin\bobs\ls_trees_dead.bmd,data\engine2d\bin\bobs\ls_trees_dead_s.bmd,tree01,1,1,[5],0,0,0,Terrain,15,13,"[8, 9]",Terrain/Landscapes/trees_all/340_tree_debris_small/bob_000005.png,SOURCE_COMPLETE,[],Terrain/Landscapes/trees_all/340_tree_debris_small/metadata.json
341,tree trunk medium,"[[""trees all""]]",6,trunk,[5],[],data\engine2d\bin\bobs\test_piles.bmd,data\engine2d\bin\bobs\test_piles_s.bmd,goods_wood,5,5,"[33, 34, 35, 36, 37]",1,0,2,Terrain,56,31,"[27, 13]",Terrain/Landscapes/trees_all/170_tree_trunk_01/bob_000037.png,SOURCE_COMPLETE,[],Terrain/Landscapes/trees_all/341_tree_trunk_medium/metadata.json
342,tree trunk big,"[[""trees all""]]",6,trunk,[5],[],data\engine2d\bin\bobs\test_piles.bmd,data\engine2d\bin\bobs\test_piles_s.bmd,goods_wood,5,5,"[33, 34, 35, 36, 37]",1,0,2,Terrain,56,31,"[27, 13]",Terrain/Landscapes/trees_all/170_tree_trunk_01/bob_000037.png,SOURCE_COMPLETE,[],Terrain/Landscapes/trees_all/342_tree_trunk_big/metadata.json
343,basic_wall_h_01,"[[""misc_dungeon""]]",1,void,[],[],data\engine2d\bin\bobs\ls_dungeon.bmd,data\engine2d\bin\bobs\ls_dungeon_s.bmd,dungeon01,1,1,[0],0,0,0,Terrain,214,148,"[100, 102]",Terrain/Landscapes/misc_dungeon/343_basic_wall_h_01/bob_000000.png,SOURCE_COMPLETE,[],Terrain/Landscapes/misc_dungeon/343_basic_wall_h_01/metadata.json
344,basic_wall_h_02,"[[""misc_dungeon""]]",1,void,[],[],data\engine2d\bin\bobs\ls_dungeon.bmd,data\engine2d\bin\bobs\ls_dungeon_s.bmd,dungeon01,1,1,[1],0,0,0,Terrain,214,148,"[95, 105]",Terrain/Landscapes/misc_dungeon/344_basic_wall_h_02/bob_000001.png,SOURCE_COMPLETE,[],Terrain/Landscapes/misc_dungeon/344_basic_wall_h_02/metadata.json
345,basic_wall_v_01,"[[""misc_dungeon""]]",1,void,[],[],data\engine2d\bin\bobs\ls_dungeon.bmd,data\engine2d\bin\bobs\ls_dungeon_s.bmd,dungeon01,1,1,[2],0,0,0,Terrain,152,185,"[68, 120]",Terrain/Landscapes/misc_dungeon/345_basic_wall_v_01/bob_000002.png,SOURCE_COMPLETE,[],Terrain/Landscapes/misc_dungeon/345_basic_wall_v_01/metadata.json
346,basic_wall_v_02,"[[""misc_dungeon""]]",1,void,[],[],data\engine2d\bin\bobs\ls_dungeon.bmd,data\engine2d\bin\bobs\ls_dungeon_s.bmd,dungeon01,1,1,[3],0,0,0,Terrain,152,184,"[74, 121]",Terrain/Landscapes/misc_dungeon/346_basic_wall_v_02/bob_000003.png,SOURCE_COMPLETE,[],Terrain/Landscapes/misc_dungeon/346_basic_wall_v_02/metadata.json
347,cross_wall_01,"[[""misc_dungeon""]]",1,void,[],[],data\engine2d\bin\bobs\ls_dungeon.bmd,data\engine2d\bin\bobs\ls_dungeon_s.bmd,dungeon01,1,1,[4],0,0,0,Terrain,186,138,"[93, 103]",Terrain/Landscapes/misc_dungeon/347_cross_wall_01/bob_000004.png,SOURCE_COMPLETE,[],Terrain/Landscapes/misc_dungeon/347_cross_wall_01/metadata.json
348,cross_wall_02,"[[""misc_dungeon""]]",1,void,[],[],data\engine2d\bin\bobs\ls_dungeon.bmd,data\engine2d\bin\bobs\ls_dungeon_s.bmd,dungeon01,1,1,[5],0,0,0,Terrain,127,168,"[49, 117]",Terrain/Landscapes/misc_dungeon/348_cross_wall_02/bob_000005.png,SOURCE_COMPLETE,[],Terrain/Landscapes/misc_dungeon/348_cross_wall_02/metadata.json
349,cross_wall_03,"[[""misc_dungeon""]]",1,void,[],[],data\engine2d\bin\bobs\ls_dungeon.bmd,data\engine2d\bin\bobs\ls_dungeon_s.bmd,dungeon01,1,1,[6],0,0,0,Terrain,191,135,"[82, 94]",Terrain/Landscapes/misc_dungeon/349_cross_wall_03/bob_000006.png,SOURCE_COMPLETE,[],Terrain/Landscapes/misc_dungeon/349_cross_wall_03/metadata.json
350,cross_wall_04,"[[""misc_dungeon""]]",1,void,[],[],data\engine2d\bin\bobs\ls_dungeon.bmd,data\engine2d\bin\bobs\ls_dungeon_s.bmd,dungeon01,1,1,[7],0,0,0,Terrain,119,170,"[56, 110]",Terrain/Landscapes/misc_dungeon/350_cross_wall_04/bob_000007.png,SOURCE_COMPLETE,[],Terrain/Landscapes/misc_dungeon/350_cross_wall_04/metadata.json
351,door_metall_closed,"[[""misc_dungeon""]]",1,void,[],[],data\engine2d\bin\bobs\ls_dungeon.bmd,data\engine2d\bin\bobs\ls_dungeon_s.bmd,dungeon01,1,1,[8],0,0,0,Terrain,168,122,"[75, 95]",Terrain/Landscapes/misc_dungeon/351_door_metall_closed/bob_000008.png,SOURCE_COMPLETE,[],Terrain/Landscapes/misc_dungeon/351_door_metall_closed/metadata.json
352,door_metall_open,"[[""misc_dungeon""]]",1,void,[],[],data\engine2d\bin\bobs\ls_dungeon.bmd,data\engine2d\bin\bobs\ls_dungeon_s.bmd,dungeon01,1,1,[9],0,0,0,Terrain,225,162,"[75, 135]",Terrain/Landscapes/misc_dungeon/352_door_metall_open/bob_000009.png,SOURCE_COMPLETE,[],Terrain/Landscapes/misc_dungeon/352_door_metall_open/metadata.json
353,door_wood_closed,"[[""misc_dungeon""]]",1,void,[],[],data\engine2d\bin\bobs\ls_dungeon.bmd,data\engine2d\bin\bobs\ls_dungeon_s.bmd,dungeon01,1,1,[10],0,0,0,Terrain,167,122,"[73, 95]",Terrain/Landscapes/misc_dungeon/353_door_wood_closed/bob_000010.png,SOURCE_COMPLETE,[],Terrain/Landscapes/misc_dungeon/353_door_wood_closed/metadata.json
354,door_wood_open,"[[""misc_dungeon""]]",1,void,[],[],data\engine2d\bin\bobs\ls_dungeon.bmd,data\engine2d\bin\bobs\ls_dungeon_s.bmd,dungeon01,1,1,[11],0,0,0,Terrain,225,161,"[74, 135]",Terrain/Landscapes/misc_dungeon/354_door_wood_open/bob_000011.png,SOURCE_COMPLETE,[],Terrain/Landscapes/misc_dungeon/354_door_wood_open/metadata.json
355,grid_wall_h_01,"[[""misc_dungeon""]]",1,void,[],[],data\engine2d\bin\bobs\ls_dungeon.bmd,data\engine2d\bin\bobs\ls_dungeon_s.bmd,dungeon01,1,1,[12],0,0,0,Terrain,214,147,"[96, 102]",Terrain/Landscapes/misc_dungeon/355_grid_wall_h_01/bob_000012.png,SOURCE_COMPLETE,[],Terrain/Landscapes/misc_dungeon/355_grid_wall_h_01/metadata.json
356,grid_wall_h_02,"[[""misc_dungeon""]]",1,void,[],[],data\engine2d\bin\bobs\ls_dungeon.bmd,data\engine2d\bin\bobs\ls_dungeon_s.bmd,dungeon01,1,1,[13],0,0,0,Terrain,214,148,"[96, 103]",Terrain/Landscapes/misc_dungeon/356_grid_wall_h_02/bob_000013.png,SOURCE_COMPLETE,[],Terrain/Landscapes/misc_dungeon/356_grid_wall_h_02/metadata.json
357,invert_wall_h_01,"[[""misc_dungeon""]]",1,void,[],[],data\engine2d\bin\bobs\ls_dungeon.bmd,data\engine2d\bin\bobs\ls_dungeon_s.bmd,dungeon01,1,1,[14],0,0,0,Terrain,188,132,"[87, 107]",Terrain/Landscapes/misc_dungeon/357_invert_wall_h_01/bob_000014.png,SOURCE_COMPLETE,[],Terrain/Landscapes/misc_dungeon/357_invert_wall_h_01/metadata.json
358,invert_wall_h_02,"[[""misc_dungeon""]]",1,void,[],[],data\engine2d\bin\bobs\ls_dungeon.bmd,data\engine2d\bin\bobs\ls_dungeon_s.bmd,dungeon01,1,1,[15],0,0,0,Terrain,123,168,"[33, 113]",Terrain/Landscapes/misc_dungeon/358_invert_wall_h_02/bob_000015.png,SOURCE_COMPLETE,[],Terrain/Landscapes/misc_dungeon/358_invert_wall_h_02/metadata.json
359,invert_wall_h_03,"[[""misc_dungeon""]]",1,void,[],[],data\engine2d\bin\bobs\ls_dungeon.bmd,data\engine2d\bin\bobs\ls_dungeon_s.bmd,dungeon01,1,1,[16],0,0,0,Terrain,188,137,"[88, 89]",Terrain/Landscapes/misc_dungeon/359_invert_wall_h_03/bob_000016.png,SOURCE_COMPLETE,[],Terrain/Landscapes/misc_dungeon/359_invert_wall_h_03/metadata.json
360,invert_wall_h_04,"[[""misc_dungeon""]]",1,void,[],[],data\engine2d\bin\bobs\ls_dungeon.bmd,data\engine2d\bin\bobs\ls_dungeon_s.bmd,dungeon01,1,1,[17],0,0,0,Terrain,127,168,"[75, 113]",Terrain/Landscapes/misc_dungeon/360_invert_wall_h_04/bob_000017.png,SOURCE_COMPLETE,[],Terrain/Landscapes/misc_dungeon/360_invert_wall_h_04/metadata.json
361,invert_wall_statue 01,"[[""misc_dungeon""]]",1,void,[],[],data\engine2d\bin\bobs\ls_dungeon.bmd,data\engine2d\bin\bobs\ls_dungeon_s.bmd,dungeon01,1,1,[18],0,0,0,Terrain,188,133,"[87, 107]",Terrain/Landscapes/misc_dungeon/361_invert_wall_statue_01/bob_000018.png,SOURCE_COMPLETE,[],Terrain/Landscapes/misc_dungeon/361_invert_wall_statue_01/metadata.json
362,invert_wall_statue 02,"[[""misc_dungeon""]]",1,void,[],[],data\engine2d\bin\bobs\ls_dungeon.bmd,data\engine2d\bin\bobs\ls_dungeon_s.bmd,dungeon01,1,1,[19],0,0,0,Terrain,123,168,"[33, 112]",Terrain/Landscapes/misc_dungeon/362_invert_wall_statue_02/bob_000019.png,SOURCE_COMPLETE,[],Terrain/Landscapes/misc_dungeon/362_invert_wall_statue_02/metadata.json
363,pillar 01,"[[""misc_dungeon""]]",1,void,[],[],data\engine2d\bin\bobs\ls_dungeon.bmd,data\engine2d\bin\bobs\ls_dungeon_s.bmd,dungeon01,1,1,[20],0,0,0,Terrain,48,98,"[17, 82]",Terrain/Landscapes/misc_dungeon/363_pillar_01/bob_000020.png,SOURCE_COMPLETE,[],Terrain/Landscapes/misc_dungeon/363_pillar_01/metadata.json
364,grid_wall_v_01,"[[""misc_dungeon""]]",1,void,[],[],data\engine2d\bin\bobs\ls_dungeon.bmd,data\engine2d\bin\bobs\ls_dungeon_s.bmd,dungeon01,1,1,[21],0,0,0,Terrain,152,184,"[71, 120]",Terrain/Landscapes/misc_dungeon/364_grid_wall_v_01/bob_000021.png,SOURCE_COMPLETE,[],Terrain/Landscapes/misc_dungeon/364_grid_wall_v_01/metadata.json
365,grid_wall_v_02,"[[""misc_dungeon""]]",1,void,[],[],data\engine2d\bin\bobs\ls_dungeon.bmd,data\engine2d\bin\bobs\ls_dungeon_s.bmd,dungeon01,1,1,[22],0,0,0,Terrain,152,184,"[71, 120]",Terrain/Landscapes/misc_dungeon/365_grid_wall_v_02/bob_000022.png,SOURCE_COMPLETE,[],Terrain/Landscapes/misc_dungeon/365_grid_wall_v_02/metadata.json
366,pillar 02,"[[""misc_dungeon""]]",1,void,[],[],data\engine2d\bin\bobs\ls_dungeon.bmd,data\engine2d\bin\bobs\ls_dungeon_s.bmd,caves,1,1,[20],0,0,0,Terrain,48,98,"[17, 82]",Terrain/Landscapes/misc_dungeon/366_pillar_02/bob_000020.png,SOURCE_COMPLETE,[],Terrain/Landscapes/misc_dungeon/366_pillar_02/metadata.json
367,stone 01,"[[""misc_dungeon""]]",1,void,[],[],data\engine2d\bin\bobs\ls_dungeon.bmd,data\engine2d\bin\bobs\ls_dungeon_s.bmd,dungeon01,1,1,[23],0,0,0,Terrain,24,16,"[14, 9]",Terrain/Landscapes/misc_dungeon/367_stone_01/bob_000023.png,SOURCE_COMPLETE,[],Terrain/Landscapes/misc_dungeon/367_stone_01/metadata.json
368,stone 02,"[[""misc_dungeon""]]",1,void,[],[],data\engine2d\bin\bobs\ls_dungeon.bmd,data\engine2d\bin\bobs\ls_dungeon_s.bmd,dungeon01,1,1,[24],0,0,0,Terrain,22,18,"[13, 11]",Terrain/Landscapes/misc_dungeon/368_stone_02/bob_000024.png,SOURCE_COMPLETE,[],Terrain/Landscapes/misc_dungeon/368_stone_02/metadata.json
369,stone 03,"[[""misc_dungeon""]]",1,void,[],[],data\engine2d\bin\bobs\ls_dungeon.bmd,data\engine2d\bin\bobs\ls_dungeon_s.bmd,dungeon01,1,1,[25],0,0,0,Terrain,16,26,"[9, 22]",Terrain/Landscapes/misc_dungeon/369_stone_03/bob_000025.png,SOURCE_COMPLETE,[],Terrain/Landscapes/misc_dungeon/369_stone_03/metadata.json
370,stone 04,"[[""misc_dungeon""]]",1,void,[],[],data\engine2d\bin\bobs\ls_dungeon.bmd,data\engine2d\bin\bobs\ls_dungeon_s.bmd,dungeon01,1,1,[26],0,0,0,Terrain,39,39,"[21, 27]",Terrain/Landscapes/misc_dungeon/370_stone_04/bob_000026.png,SOURCE_COMPLETE,[],Terrain/Landscapes/misc_dungeon/370_stone_04/metadata.json
371,stone 05,"[[""misc_dungeon""]]",1,void,[],[],data\engine2d\bin\bobs\ls_dungeon.bmd,data\engine2d\bin\bobs\ls_dungeon_s.bmd,dungeon01,1,1,[27],0,0,0,Terrain,40,27,"[22, 21]",Terrain/Landscapes/misc_dungeon/371_stone_05/bob_000027.png,SOURCE_COMPLETE,[],Terrain/Landscapes/misc_dungeon/371_stone_05/metadata.json
372,stone 06,"[[""misc_dungeon""]]",1,void,[],[],data\engine2d\bin\bobs\ls_dungeon.bmd,data\engine2d\bin\bobs\ls_dungeon_s.bmd,dungeon01,1,1,[28],0,0,0,Terrain,32,26,"[16, 21]",Terrain/Landscapes/misc_dungeon/372_stone_06/bob_000028.png,SOURCE_COMPLETE,[],Terrain/Landscapes/misc_dungeon/372_stone_06/metadata.json
373,stone 07,"[[""misc_dungeon""]]",1,void,[],[],data\engine2d\bin\bobs\ls_dungeon.bmd,data\engine2d\bin\bobs\ls_dungeon_s.bmd,dungeon01,1,1,[29],0,0,0,Terrain,28,32,"[15, 24]",Terrain/Landscapes/misc_dungeon/373_stone_07/bob_000029.png,SOURCE_COMPLETE,[],Terrain/Landscapes/misc_dungeon/373_stone_07/metadata.json
374,stone 08,"[[""misc_dungeon""]]",1,void,[],[],data\engine2d\bin\bobs\ls_dungeon.bmd,data\engine2d\bin\bobs\ls_dungeon_s.bmd,dungeon01,1,1,[30],0,0,0,Terrain,47,42,"[28, 28]",Terrain/Landscapes/misc_dungeon/374_stone_08/bob_000030.png,SOURCE_COMPLETE,[],Terrain/Landscapes/misc_dungeon/374_stone_08/metadata.json
375,stone 09,"[[""misc_dungeon""]]",1,void,[],[],data\engine2d\bin\bobs\ls_dungeon.bmd,data\engine2d\bin\bobs\ls_dungeon_s.bmd,dungeon01,1,1,[31],0,0,0,Terrain,22,30,"[13, 24]",Terrain/Landscapes/misc_dungeon/375_stone_09/bob_000031.png,SOURCE_COMPLETE,[],Terrain/Landscapes/misc_dungeon/375_stone_09/metadata.json
376,stone 10,"[[""misc_dungeon""]]",1,void,[],[],data\engine2d\bin\bobs\ls_dungeon.bmd,data\engine2d\bin\bobs\ls_dungeon_s.bmd,dungeon01,1,1,[32],0,0,0,Terrain,35,43,"[21, 29]",Terrain/Landscapes/misc_dungeon/376_stone_10/bob_000032.png,SOURCE_COMPLETE,[],Terrain/Landscapes/misc_dungeon/376_stone_10/metadata.json
377,stone 11,"[[""misc_dungeon""]]",1,void,[],[],data\engine2d\bin\bobs\ls_dungeon.bmd,data\engine2d\bin\bobs\ls_dungeon_s.bmd,dungeon01,1,1,[33],0,0,0,Terrain,43,35,"[20, 25]",Terrain/Landscapes/misc_dungeon/377_stone_11/bob_000033.png,SOURCE_COMPLETE,[],Terrain/Landscapes/misc_dungeon/377_stone_11/metadata.json
378,stone 12,"[[""misc_dungeon""]]",1,void,[],[],data\engine2d\bin\bobs\ls_dungeon.bmd,data\engine2d\bin\bobs\ls_dungeon_s.bmd,dungeon01,1,1,[34],0,0,0,Terrain,30,36,"[11, 31]",Terrain/Landscapes/misc_dungeon/378_stone_12/bob_000034.png,SOURCE_COMPLETE,[],Terrain/Landscapes/misc_dungeon/378_stone_12/metadata.json
379,stairs,"[[""misc_dungeon""]]",1,void,[],[],data\engine2d\bin\bobs\ls_dungeon.bmd,data\engine2d\bin\bobs\ls_dungeon_s.bmd,dungeon01,1,1,[35],0,0,0,Terrain,179,185,"[109, 101]",Terrain/Landscapes/misc_dungeon/379_stairs/bob_000035.png,SOURCE_COMPLETE,[],Terrain/Landscapes/misc_dungeon/379_stairs/metadata.json
380,door_metall_open_half,"[[""misc_dungeon""]]",1,void,[],[],data\engine2d\bin\bobs\ls_dungeon.bmd,data\engine2d\bin\bobs\ls_dungeon_s.bmd,dungeon01,1,1,[36],0,0,0,Terrain,59,107,"[75, 135]",Terrain/Landscapes/misc_dungeon/380_door_metall_open_half/bob_000036.png,SOURCE_COMPLETE,[],Terrain/Landscapes/misc_dungeon/380_door_metall_open_half/metadata.json
381,door_wood_open_half,"[[""misc_dungeon""]]",1,void,[],[],data\engine2d\bin\bobs\ls_dungeon.bmd,data\engine2d\bin\bobs\ls_dungeon_s.bmd,dungeon01,1,1,[37],0,0,0,Terrain,58,106,"[74, 135]",Terrain/Landscapes/misc_dungeon/381_door_wood_open_half/bob_000037.png,SOURCE_COMPLETE,[],Terrain/Landscapes/misc_dungeon/381_door_wood_open_half/metadata.json
382,mushroom agaric 01,"[[""meadows mushrooms""]]",36,mushroommine,"[14, 14]",[],data\engine2d\bin\bobs\ls_mushrooms.bmd,data\engine2d\bin\bobs\ls_mushrooms_s.bmd,flower01,1,1,[0],0,0,1,Terrain,14,14,"[6, 11]",Terrain/Landscapes/meadows_mushrooms/382_mushroom_agaric_01/bob_000000.png,SOURCE_COMPLETE,[],Terrain/Landscapes/meadows_mushrooms/382_mushroom_agaric_01/metadata.json
383,mushroom agaric 02,"[[""meadows mushrooms""]]",36,mushroommine,"[14, 14]",[],data\engine2d\bin\bobs\ls_mushrooms.bmd,data\engine2d\bin\bobs\ls_mushrooms_s.bmd,flower01,1,1,[1],0,0,1,Terrain,11,13,"[4, 11]",Terrain/Landscapes/meadows_mushrooms/383_mushroom_agaric_02/bob_000001.png,SOURCE_COMPLETE,[],Terrain/Landscapes/meadows_mushrooms/383_mushroom_agaric_02/metadata.json
384,mushroom agaric 03,"[[""meadows mushrooms""]]",36,mushroommine,"[14, 14]",[],data\engine2d\bin\bobs\ls_mushrooms.bmd,data\engine2d\bin\bobs\ls_mushrooms_s.bmd,flower01,1,1,[2],0,0,1,Terrain,12,15,"[5, 12]",Terrain/Landscapes/meadows_mushrooms/384_mushroom_agaric_03/bob_000002.png,SOURCE_COMPLETE,[],Terrain/Landscapes/meadows_mushrooms/384_mushroom_agaric_03/metadata.json
385,mushroom agaric 04,"[[""meadows mushrooms""]]",36,mushroommine,"[14, 14]",[],data\engine2d\bin\bobs\ls_mushrooms.bmd,data\engine2d\bin\bobs\ls_mushrooms_s.bmd,flower01,1,1,[3],0,0,1,Terrain,11,13,"[4, 10]",Terrain/Landscapes/meadows_mushrooms/385_mushroom_agaric_04/bob_000003.png,SOURCE_COMPLETE,[],Terrain/Landscapes/meadows_mushrooms/385_mushroom_agaric_04/metadata.json
386,mushroom agaric 05,"[[""meadows mushrooms""]]",36,mushroommine,"[14, 14]",[],data\engine2d\bin\bobs\ls_mushrooms.bmd,data\engine2d\bin\bobs\ls_mushrooms_s.bmd,flower01,1,1,[4],0,0,1,Terrain,7,8,"[2, 5]",Terrain/Landscapes/meadows_mushrooms/386_mushroom_agaric_05/bob_000004.png,SOURCE_COMPLETE,[],Terrain/Landscapes/meadows_mushrooms/386_mushroom_agaric_05/metadata.json
387,mushroom agaric 06,"[[""meadows mushrooms""]]",36,mushroommine,"[14, 14]",[],data\engine2d\bin\bobs\ls_mushrooms.bmd,data\engine2d\bin\bobs\ls_mushrooms_s.bmd,flower01,1,1,[5],0,0,1,Terrain,25,21,"[11, 18]",Terrain/Landscapes/meadows_mushrooms/387_mushroom_agaric_06/bob_000005.png,SOURCE_COMPLETE,[],Terrain/Landscapes/meadows_mushrooms/387_mushroom_agaric_06/metadata.json
388,mushroom grey 01,"[[""meadows mushrooms""]]",36,mushroommine,"[14, 14]",[],data\engine2d\bin\bobs\ls_mushrooms.bmd,data\engine2d\bin\bobs\ls_mushrooms_s.bmd,flower01,1,1,[6],0,0,1,Terrain,15,13,"[6, 11]",Terrain/Landscapes/meadows_mushrooms/388_mushroom_grey_01/bob_000006.png,SOURCE_COMPLETE,[],Terrain/Landscapes/meadows_mushrooms/388_mushroom_grey_01/metadata.json
389,mushroom grey 02,"[[""meadows mushrooms""]]",36,mushroommine,"[14, 14]",[],data\engine2d\bin\bobs\ls_mushrooms.bmd,data\engine2d\bin\bobs\ls_mushrooms_s.bmd,flower01,1,1,[7],0,0,1,Terrain,11,15,"[4, 12]",Terrain/Landscapes/meadows_mushrooms/389_mushroom_grey_02/bob_000007.png,SOURCE_COMPLETE,[],Terrain/Landscapes/meadows_mushrooms/389_mushroom_grey_02/metadata.json
390,mushroom grey 03,"[[""meadows mushrooms""]]",36,mushroommine,"[14, 14]",[],data\engine2d\bin\bobs\ls_mushrooms.bmd,data\engine2d\bin\bobs\ls_mushrooms_s.bmd,flower01,1,1,[8],0,0,1,Terrain,7,8,"[2, 5]",Terrain/Landscapes/meadows_mushrooms/390_mushroom_grey_03/bob_000008.png,SOURCE_COMPLETE,[],Terrain/Landscapes/meadows_mushrooms/390_mushroom_grey_03/metadata.json
391,mushroom grey 04,"[[""meadows mushrooms""]]",36,mushroommine,"[14, 14]",[],data\engine2d\bin\bobs\ls_mushrooms.bmd,data\engine2d\bin\bobs\ls_mushrooms_s.bmd,flower01,1,1,[9],0,0,1,Terrain,22,19,"[11, 15]",Terrain/Landscapes/meadows_mushrooms/391_mushroom_grey_04/bob_000009.png,SOURCE_COMPLETE,[],Terrain/Landscapes/meadows_mushrooms/391_mushroom_grey_04/metadata.json
392,mushroom grey 05,"[[""meadows mushrooms""]]",36,mushroommine,"[14, 14]",[],data\engine2d\bin\bobs\ls_mushrooms.bmd,data\engine2d\bin\bobs\ls_mushrooms_s.bmd,flower01,1,1,[10],0,0,1,Terrain,12,13,"[5, 11]",Terrain/Landscapes/meadows_mushrooms/392_mushroom_grey_05/bob_000010.png,SOURCE_COMPLETE,[],Terrain/Landscapes/meadows_mushrooms/392_mushroom_grey_05/metadata.json
393,mushroom grey 06,"[[""meadows mushrooms""]]",36,mushroommine,"[14, 14]",[],data\engine2d\bin\bobs\ls_mushrooms.bmd,data\engine2d\bin\bobs\ls_mushrooms_s.bmd,flower01,1,1,[11],0,0,1,Terrain,10,12,"[4, 9]",Terrain/Landscapes/meadows_mushrooms/393_mushroom_grey_06/bob_000011.png,SOURCE_COMPLETE,[],Terrain/Landscapes/meadows_mushrooms/393_mushroom_grey_06/metadata.json
394,mushroom agaric brown 01,"[[""meadows mushrooms""]]",36,mushroommine,"[14, 14]",[],data\engine2d\bin\bobs\ls_mushrooms.bmd,data\engine2d\bin\bobs\ls_mushrooms_s.bmd,flower02,1,1,[0],0,0,1,Terrain,14,14,"[6, 11]",Terrain/Landscapes/meadows_mushrooms/394_mushroom_agaric_brown_01/bob_000000.png,SOURCE_COMPLETE,[],Terrain/Landscapes/meadows_mushrooms/394_mushroom_agaric_brown_01/metadata.json
395,mushroom agaric brown 02,"[[""meadows mushrooms""]]",36,mushroommine,"[14, 14]",[],data\engine2d\bin\bobs\ls_mushrooms.bmd,data\engine2d\bin\bobs\ls_mushrooms_s.bmd,flower02,1,1,[1],0,0,1,Terrain,11,13,"[4, 11]",Terrain/Landscapes/meadows_mushrooms/395_mushroom_agaric_brown_02/bob_000001.png,SOURCE_COMPLETE,[],Terrain/Landscapes/meadows_mushrooms/395_mushroom_agaric_brown_02/metadata.json
396,mushroom agaric brown 03,"[[""meadows mushrooms""]]",36,mushroommine,"[14, 14]",[],data\engine2d\bin\bobs\ls_mushrooms.bmd,data\engine2d\bin\bobs\ls_mushrooms_s.bmd,flower02,1,1,[2],0,0,1,Terrain,12,15,"[5, 12]",Terrain/Landscapes/meadows_mushrooms/396_mushroom_agaric_brown_03/bob_000002.png,SOURCE_COMPLETE,[],Terrain/Landscapes/meadows_mushrooms/396_mushroom_agaric_brown_03/metadata.json
397,mushroom agaric brown 04,"[[""meadows mushrooms""]]",36,mushroommine,"[14, 14]",[],data\engine2d\bin\bobs\ls_mushrooms.bmd,data\engine2d\bin\bobs\ls_mushrooms_s.bmd,flower02,1,1,[3],0,0,1,Terrain,11,13,"[4, 10]",Terrain/Landscapes/meadows_mushrooms/397_mushroom_agaric_brown_04/bob_000003.png,SOURCE_COMPLETE,[],Terrain/Landscapes/meadows_mushrooms/397_mushroom_agaric_brown_04/metadata.json
398,mushroom agaric brown 05,"[[""meadows mushrooms""]]",36,mushroommine,"[14, 14]",[],data\engine2d\bin\bobs\ls_mushrooms.bmd,data\engine2d\bin\bobs\ls_mushrooms_s.bmd,flower02,1,1,[4],0,0,1,Terrain,7,8,"[2, 5]",Terrain/Landscapes/meadows_mushrooms/398_mushroom_agaric_brown_05/bob_000004.png,SOURCE_COMPLETE,[],Terrain/Landscapes/meadows_mushrooms/398_mushroom_agaric_brown_05/metadata.json
399,mushroom agaric brown 06,"[[""meadows mushrooms""]]",36,mushroommine,"[14, 14]",[],data\engine2d\bin\bobs\ls_mushrooms.bmd,data\engine2d\bin\bobs\ls_mushrooms_s.bmd,flower02,1,1,[5],0,0,1,Terrain,25,21,"[11, 18]",Terrain/Landscapes/meadows_mushrooms/399_mushroom_agaric_brown_06/bob_000005.png,SOURCE_COMPLETE,[],Terrain/Landscapes/meadows_mushrooms/399_mushroom_agaric_brown_06/metadata.json
400,mushroom green 01,"[[""meadows mushrooms""]]",36,mushroommine,"[14, 14]",[],data\engine2d\bin\bobs\ls_mushrooms.bmd,data\engine2d\bin\bobs\ls_mushrooms_s.bmd,flower02,1,1,[6],0,0,1,Terrain,15,13,"[6, 11]",Terrain/Landscapes/meadows_mushrooms/400_mushroom_green_01/bob_000006.png,SOURCE_COMPLETE,[],Terrain/Landscapes/meadows_mushrooms/400_mushroom_green_01/metadata.json
401,mushroom green 02,"[[""meadows mushrooms""]]",36,mushroommine,"[14, 14]",[],data\engine2d\bin\bobs\ls_mushrooms.bmd,data\engine2d\bin\bobs\ls_mushrooms_s.bmd,flower02,1,1,[7],0,0,1,Terrain,11,15,"[4, 12]",Terrain/Landscapes/meadows_mushrooms/401_mushroom_green_02/bob_000007.png,SOURCE_COMPLETE,[],Terrain/Landscapes/meadows_mushrooms/401_mushroom_green_02/metadata.json
402,mushroom green 03,"[[""meadows mushrooms""]]",36,mushroommine,"[14, 14]",[],data\engine2d\bin\bobs\ls_mushrooms.bmd,data\engine2d\bin\bobs\ls_mushrooms_s.bmd,flower02,1,1,[8],0,0,1,Terrain,7,8,"[2, 5]",Terrain/Landscapes/meadows_mushrooms/402_mushroom_green_03/bob_000008.png,SOURCE_COMPLETE,[],Terrain/Landscapes/meadows_mushrooms/402_mushroom_green_03/metadata.json
403,mushroom green 04,"[[""meadows mushrooms""]]",36,mushroommine,"[14, 14]",[],data\engine2d\bin\bobs\ls_mushrooms.bmd,data\engine2d\bin\bobs\ls_mushrooms_s.bmd,flower02,1,1,[9],0,0,1,Terrain,22,19,"[11, 15]",Terrain/Landscapes/meadows_mushrooms/403_mushroom_green_04/bob_000009.png,SOURCE_COMPLETE,[],Terrain/Landscapes/meadows_mushrooms/403_mushroom_green_04/metadata.json
404,mushroom green 05,"[[""meadows mushrooms""]]",36,mushroommine,"[14, 14]",[],data\engine2d\bin\bobs\ls_mushrooms.bmd,data\engine2d\bin\bobs\ls_mushrooms_s.bmd,flower02,1,1,[10],0,0,1,Terrain,12,13,"[5, 11]",Terrain/Landscapes/meadows_mushrooms/404_mushroom_green_05/bob_000010.png,SOURCE_COMPLETE,[],Terrain/Landscapes/meadows_mushrooms/404_mushroom_green_05/metadata.json
405,mushroom green 06,"[[""meadows mushrooms""]]",36,mushroommine,"[14, 14]",[],data\engine2d\bin\bobs\ls_mushrooms.bmd,data\engine2d\bin\bobs\ls_mushrooms_s.bmd,flower02,1,1,[11],0,0,1,Terrain,10,12,"[4, 9]",Terrain/Landscapes/meadows_mushrooms/405_mushroom_green_06/bob_000011.png,SOURCE_COMPLETE,[],Terrain/Landscapes/meadows_mushrooms/405_mushroom_green_06/metadata.json
406,mushroom agaric green 01,"[[""meadows mushrooms""]]",36,mushroommine,"[14, 14]",[],data\engine2d\bin\bobs\ls_mushrooms.bmd,data\engine2d\bin\bobs\ls_mushrooms_s.bmd,flower03,1,1,[0],0,0,1,Terrain,14,14,"[6, 11]",Terrain/Landscapes/meadows_mushrooms/406_mushroom_agaric_green_01/bob_000000.png,SOURCE_COMPLETE,[],Terrain/Landscapes/meadows_mushrooms/406_mushroom_agaric_green_01/metadata.json
407,mushroom agaric green 02,"[[""meadows mushrooms""]]",36,mushroommine,"[14, 14]",[],data\engine2d\bin\bobs\ls_mushrooms.bmd,data\engine2d\bin\bobs\ls_mushrooms_s.bmd,flower03,1,1,[1],0,0,1,Terrain,11,13,"[4, 11]",Terrain/Landscapes/meadows_mushrooms/407_mushroom_agaric_green_02/bob_000001.png,SOURCE_COMPLETE,[],Terrain/Landscapes/meadows_mushrooms/407_mushroom_agaric_green_02/metadata.json
408,mushroom agaric green 03,"[[""meadows mushrooms""]]",36,mushroommine,"[14, 14]",[],data\engine2d\bin\bobs\ls_mushrooms.bmd,data\engine2d\bin\bobs\ls_mushrooms_s.bmd,flower03,1,1,[2],0,0,1,Terrain,12,15,"[5, 12]",Terrain/Landscapes/meadows_mushrooms/408_mushroom_agaric_green_03/bob_000002.png,SOURCE_COMPLETE,[],Terrain/Landscapes/meadows_mushrooms/408_mushroom_agaric_green_03/metadata.json
409,mushroom agaric green 04,"[[""meadows mushrooms""]]",36,mushroommine,"[14, 14]",[],data\engine2d\bin\bobs\ls_mushrooms.bmd,data\engine2d\bin\bobs\ls_mushrooms_s.bmd,flower03,1,1,[3],0,0,1,Terrain,11,13,"[4, 10]",Terrain/Landscapes/meadows_mushrooms/409_mushroom_agaric_green_04/bob_000003.png,SOURCE_COMPLETE,[],Terrain/Landscapes/meadows_mushrooms/409_mushroom_agaric_green_04/metadata.json
410,mushroom agaric green 05,"[[""meadows mushrooms""]]",36,mushroommine,"[14, 14]",[],data\engine2d\bin\bobs\ls_mushrooms.bmd,data\engine2d\bin\bobs\ls_mushrooms_s.bmd,flower03,1,1,[4],0,0,1,Terrain,7,8,"[2, 5]",Terrain/Landscapes/meadows_mushrooms/410_mushroom_agaric_green_05/bob_000004.png,SOURCE_COMPLETE,[],Terrain/Landscapes/meadows_mushrooms/410_mushroom_agaric_green_05/metadata.json
411,mushroom agaric green 06,"[[""meadows mushrooms""]]",36,mushroommine,"[14, 14]",[],data\engine2d\bin\bobs\ls_mushrooms.bmd,data\engine2d\bin\bobs\ls_mushrooms_s.bmd,flower03,1,1,[5],0,0,1,Terrain,25,21,"[11, 18]",Terrain/Landscapes/meadows_mushrooms/411_mushroom_agaric_green_06/bob_000005.png,SOURCE_COMPLETE,[],Terrain/Landscapes/meadows_mushrooms/411_mushroom_agaric_green_06/metadata.json
412,mushroom red 01,"[[""meadows mushrooms""]]",36,mushroommine,"[14, 14]",[],data\engine2d\bin\bobs\ls_mushrooms.bmd,data\engine2d\bin\bobs\ls_mushrooms_s.bmd,flower03,1,1,[6],0,0,1,Terrain,15,13,"[6, 11]",Terrain/Landscapes/meadows_mushrooms/412_mushroom_red_01/bob_000006.png,SOURCE_COMPLETE,[],Terrain/Landscapes/meadows_mushrooms/412_mushroom_red_01/metadata.json
413,mushroom red 02,"[[""meadows mushrooms""]]",36,mushroommine,"[14, 14]",[],data\engine2d\bin\bobs\ls_mushrooms.bmd,data\engine2d\bin\bobs\ls_mushrooms_s.bmd,flower03,1,1,[7],0,0,1,Terrain,11,15,"[4, 12]",Terrain/Landscapes/meadows_mushrooms/413_mushroom_red_02/bob_000007.png,SOURCE_COMPLETE,[],Terrain/Landscapes/meadows_mushrooms/413_mushroom_red_02/metadata.json
414,mushroom red 03,"[[""meadows mushrooms""]]",36,mushroommine,"[14, 14]",[],data\engine2d\bin\bobs\ls_mushrooms.bmd,data\engine2d\bin\bobs\ls_mushrooms_s.bmd,flower03,1,1,[8],0,0,1,Terrain,7,8,"[2, 5]",Terrain/Landscapes/meadows_mushrooms/414_mushroom_red_03/bob_000008.png,SOURCE_COMPLETE,[],Terrain/Landscapes/meadows_mushrooms/414_mushroom_red_03/metadata.json
415,mushroom red 04,"[[""meadows mushrooms""]]",36,mushroommine,"[14, 14]",[],data\engine2d\bin\bobs\ls_mushrooms.bmd,data\engine2d\bin\bobs\ls_mushrooms_s.bmd,flower03,1,1,[9],0,0,1,Terrain,22,19,"[11, 15]",Terrain/Landscapes/meadows_mushrooms/415_mushroom_red_04/bob_000009.png,SOURCE_COMPLETE,[],Terrain/Landscapes/meadows_mushrooms/415_mushroom_red_04/metadata.json
416,mushroom red 05,"[[""meadows mushrooms""]]",36,mushroommine,"[14, 14]",[],data\engine2d\bin\bobs\ls_mushrooms.bmd,data\engine2d\bin\bobs\ls_mushrooms_s.bmd,flower03,1,1,[10],0,0,1,Terrain,12,13,"[5, 11]",Terrain/Landscapes/meadows_mushrooms/416_mushroom_red_05/bob_000010.png,SOURCE_COMPLETE,[],Terrain/Landscapes/meadows_mushrooms/416_mushroom_red_05/metadata.json
417,mushroom red 06,"[[""meadows mushrooms""]]",36,mushroommine,"[14, 14]",[],data\engine2d\bin\bobs\ls_mushrooms.bmd,data\engine2d\bin\bobs\ls_mushrooms_s.bmd,flower03,1,1,[11],0,0,1,Terrain,10,12,"[4, 9]",Terrain/Landscapes/meadows_mushrooms/417_mushroom_red_06/bob_000011.png,SOURCE_COMPLETE,[],Terrain/Landscapes/meadows_mushrooms/417_mushroom_red_06/metadata.json
418,debris wood 01,"[[""ruins_debris""]]",1,void,[],[1],data\engine2d\bin\bobs\ls_ground.bmd,data\engine2d\bin\bobs\ls_ground_s.bmd,debris01,1,1,[80],1,0,0,Terrain,20,23,"[8, 17]",Terrain/Landscapes/ruins_debris/418_debris_wood_01/bob_000080.png,SOURCE_COMPLETE,[],Terrain/Landscapes/ruins_debris/418_debris_wood_01/metadata.json
419,debris wood 02,"[[""ruins_debris""]]",1,void,[],[1],data\engine2d\bin\bobs\ls_ground.bmd,data\engine2d\bin\bobs\ls_ground_s.bmd,debris01,1,1,[81],1,0,0,Terrain,18,16,"[12, 10]",Terrain/Landscapes/ruins_debris/419_debris_wood_02/bob_000081.png,SOURCE_COMPLETE,[],Terrain/Landscapes/ruins_debris/419_debris_wood_02/metadata.json
420,debris wood 03,"[[""ruins_debris""]]",1,void,[],[1],data\engine2d\bin\bobs\ls_ground.bmd,data\engine2d\bin\bobs\ls_ground_s.bmd,debris01,1,1,[82],1,0,0,Terrain,27,12,"[11, 8]",Terrain/Landscapes/ruins_debris/420_debris_wood_03/bob_000082.png,SOURCE_COMPLETE,[],Terrain/Landscapes/ruins_debris/420_debris_wood_03/metadata.json
421,debris wood 04,"[[""ruins_debris""]]",1,void,[],[1],data\engine2d\bin\bobs\ls_ground.bmd,data\engine2d\bin\bobs\ls_ground_s.bmd,debris01,1,1,[83],1,0,0,Terrain,19,22,"[9, 15]",Terrain/Landscapes/ruins_debris/421_debris_wood_04/bob_000083.png,SOURCE_COMPLETE,[],Terrain/Landscapes/ruins_debris/421_debris_wood_04/metadata.json
422,debris wood 05,"[[""ruins_debris""]]",1,void,[],[1],data\engine2d\bin\bobs\ls_ground.bmd,data\engine2d\bin\bobs\ls_ground_s.bmd,debris01,1,1,[84],1,0,0,Terrain,26,14,"[16, 8]",Terrain/Landscapes/ruins_debris/422_debris_wood_05/bob_000084.png,SOURCE_COMPLETE,[],Terrain/Landscapes/ruins_debris/422_debris_wood_05/metadata.json
423,debris stones 01,"[[""ruins_debris""]]",1,void,[],[1],data\engine2d\bin\bobs\ls_ground.bmd,data\engine2d\bin\bobs\ls_ground_s.bmd,debris01,1,1,[85],1,0,0,Terrain,24,13,"[11, 6]",Terrain/Landscapes/ruins_debris/423_debris_stones_01/bob_000085.png,SOURCE_COMPLETE,[],Terrain/Landscapes/ruins_debris/423_debris_stones_01/metadata.json
424,debris stones 02,"[[""ruins_debris""]]",1,void,[],[1],data\engine2d\bin\bobs\ls_ground.bmd,data\engine2d\bin\bobs\ls_ground_s.bmd,debris01,1,1,[86],1,0,0,Terrain,14,7,"[4, 4]",Terrain/Landscapes/ruins_debris/424_debris_stones_02/bob_000086.png,SOURCE_COMPLETE,[],Terrain/Landscapes/ruins_debris/424_debris_stones_02/metadata.json
425,debris stones 03,"[[""ruins_debris""]]",1,void,[],[1],data\engine2d\bin\bobs\ls_ground.bmd,data\engine2d\bin\bobs\ls_ground_s.bmd,debris01,1,1,[87],1,0,0,Terrain,17,12,"[8, 7]",Terrain/Landscapes/ruins_debris/425_debris_stones_03/bob_000087.png,SOURCE_COMPLETE,[],Terrain/Landscapes/ruins_debris/425_debris_stones_03/metadata.json
426,debris stones 04,"[[""ruins_debris""]]",1,void,[],[1],data\engine2d\bin\bobs\ls_ground.bmd,data\engine2d\bin\bobs\ls_ground_s.bmd,debris01,1,1,[88],1,0,0,Terrain,16,14,"[6, 8]",Terrain/Landscapes/ruins_debris/426_debris_stones_04/bob_000088.png,SOURCE_COMPLETE,[],Terrain/Landscapes/ruins_debris/426_debris_stones_04/metadata.json
427,debris stones 05,"[[""ruins_debris""]]",1,void,[],[1],data\engine2d\bin\bobs\ls_ground.bmd,data\engine2d\bin\bobs\ls_ground_s.bmd,debris01,1,1,[89],1,0,0,Terrain,15,13,"[9, 9]",Terrain/Landscapes/ruins_debris/427_debris_stones_05/bob_000089.png,SOURCE_COMPLETE,[],Terrain/Landscapes/ruins_debris/427_debris_stones_05/metadata.json
428,debris misc 01,"[[""ruins_debris""]]",1,void,[],[1],data\engine2d\bin\bobs\ls_ground.bmd,data\engine2d\bin\bobs\ls_ground_s.bmd,debris01,1,1,[90],1,0,0,Terrain,52,28,"[30, 9]",Terrain/Landscapes/ruins_debris/428_debris_misc_01/bob_000090.png,SOURCE_COMPLETE,[],Terrain/Landscapes/ruins_debris/428_debris_misc_01/metadata.json
429,debris misc 02,"[[""ruins_debris""]]",1,void,[],[1],data\engine2d\bin\bobs\ls_ground.bmd,data\engine2d\bin\bobs\ls_ground_s.bmd,debris01,1,1,[91],1,0,0,Terrain,59,30,"[34, 11]",Terrain/Landscapes/ruins_debris/429_debris_misc_02/bob_000091.png,SOURCE_COMPLETE,[],Terrain/Landscapes/ruins_debris/429_debris_misc_02/metadata.json
430,debris misc 03,"[[""ruins_debris""]]",1,void,[],[1],data\engine2d\bin\bobs\ls_ground.bmd,data\engine2d\bin\bobs\ls_ground_s.bmd,debris01,1,1,[92],1,0,0,Terrain,62,34,"[35, 12]",Terrain/Landscapes/ruins_debris/430_debris_misc_03/bob_000092.png,SOURCE_COMPLETE,[],Terrain/Landscapes/ruins_debris/430_debris_misc_03/metadata.json
431,debris misc 04,"[[""ruins_debris""]]",1,void,[],[1],data\engine2d\bin\bobs\ls_ground.bmd,data\engine2d\bin\bobs\ls_ground_s.bmd,debris01,1,1,[93],1,0,0,Terrain,67,36,"[36, 13]",Terrain/Landscapes/ruins_debris/431_debris_misc_04/bob_000093.png,SOURCE_COMPLETE,[],Terrain/Landscapes/ruins_debris/431_debris_misc_04/metadata.json
432,debris misc 05,"[[""ruins_debris""]]",1,void,[],[1],data\engine2d\bin\bobs\ls_ground.bmd,data\engine2d\bin\bobs\ls_ground_s.bmd,debris01,1,1,[94],1,0,0,Terrain,92,48,"[50, 18]",Terrain/Landscapes/ruins_debris/432_debris_misc_05/bob_000094.png,SOURCE_COMPLETE,[],Terrain/Landscapes/ruins_debris/432_debris_misc_05/metadata.json
433,debris misc 06,"[[""ruins_debris""]]",1,void,[],[],data\engine2d\bin\bobs\ls_ground.bmd,data\engine2d\bin\bobs\ls_ground_s.bmd,rock03,1,1,[90],1,0,0,Terrain,52,28,"[30, 9]",Terrain/Landscapes/ruins_debris/433_debris_misc_06/bob_000090.png,SOURCE_COMPLETE,[],Terrain/Landscapes/ruins_debris/433_debris_misc_06/metadata.json
434,debris misc 07,"[[""ruins_debris""]]",1,void,[],[],data\engine2d\bin\bobs\ls_ground.bmd,data\engine2d\bin\bobs\ls_ground_s.bmd,rock03,1,1,[91],1,0,0,Terrain,59,30,"[34, 11]",Terrain/Landscapes/ruins_debris/434_debris_misc_07/bob_000091.png,SOURCE_COMPLETE,[],Terrain/Landscapes/ruins_debris/434_debris_misc_07/metadata.json
435,debris misc 08,"[[""ruins_debris""]]",1,void,[],[],data\engine2d\bin\bobs\ls_ground.bmd,data\engine2d\bin\bobs\ls_ground_s.bmd,rock03,1,1,[92],1,0,0,Terrain,62,34,"[35, 12]",Terrain/Landscapes/ruins_debris/435_debris_misc_08/bob_000092.png,SOURCE_COMPLETE,[],Terrain/Landscapes/ruins_debris/435_debris_misc_08/metadata.json
436,debris misc 09,"[[""ruins_debris""]]",1,void,[],[],data\engine2d\bin\bobs\ls_ground.bmd,data\engine2d\bin\bobs\ls_ground_s.bmd,rock03,1,1,[93],1,0,0,Terrain,67,36,"[36, 13]",Terrain/Landscapes/ruins_debris/436_debris_misc_09/bob_000093.png,SOURCE_COMPLETE,[],Terrain/Landscapes/ruins_debris/436_debris_misc_09/metadata.json
437,debris misc 10,"[[""ruins_debris""]]",1,void,[],[],data\engine2d\bin\bobs\ls_ground.bmd,data\engine2d\bin\bobs\ls_ground_s.bmd,rock03,1,1,[94],1,0,0,Terrain,92,48,"[50, 18]",Terrain/Landscapes/ruins_debris/437_debris_misc_10/bob_000094.png,SOURCE_COMPLETE,[],Terrain/Landscapes/ruins_debris/437_debris_misc_10/metadata.json
438,debris misc 11,"[[""ruins_debris""]]",1,void,[],[],data\engine2d\bin\bobs\ls_ground.bmd,data\engine2d\bin\bobs\ls_ground_s.bmd,rock02,1,1,[90],1,0,0,Terrain,52,28,"[30, 9]",Terrain/Landscapes/ruins_debris/438_debris_misc_11/bob_000090.png,SOURCE_COMPLETE,[],Terrain/Landscapes/ruins_debris/438_debris_misc_11/metadata.json
439,debris misc 12,"[[""ruins_debris""]]",1,void,[],[],data\engine2d\bin\bobs\ls_ground.bmd,data\engine2d\bin\bobs\ls_ground_s.bmd,rock02,1,1,[91],1,0,0,Terrain,59,30,"[34, 11]",Terrain/Landscapes/ruins_debris/439_debris_misc_12/bob_000091.png,SOURCE_COMPLETE,[],Terrain/Landscapes/ruins_debris/439_debris_misc_12/metadata.json
440,debris misc 13,"[[""ruins_debris""]]",1,void,[],[],data\engine2d\bin\bobs\ls_ground.bmd,data\engine2d\bin\bobs\ls_ground_s.bmd,rock02,1,1,[92],1,0,0,Terrain,62,34,"[35, 12]",Terrain/Landscapes/ruins_debris/440_debris_misc_13/bob_000092.png,SOURCE_COMPLETE,[],Terrain/Landscapes/ruins_debris/440_debris_misc_13/metadata.json
441,debris misc 14,"[[""ruins_debris""]]",1,void,[],[],data\engine2d\bin\bobs\ls_ground.bmd,data\engine2d\bin\bobs\ls_ground_s.bmd,rock02,1,1,[93],1,0,0,Terrain,67,36,"[36, 13]",Terrain/Landscapes/ruins_debris/441_debris_misc_14/bob_000093.png,SOURCE_COMPLETE,[],Terrain/Landscapes/ruins_debris/441_debris_misc_14/metadata.json
442,debris misc 15,"[[""ruins_debris""]]",1,void,[],[],data\engine2d\bin\bobs\ls_ground.bmd,data\engine2d\bin\bobs\ls_ground_s.bmd,rock02,1,1,[94],1,0,0,Terrain,92,48,"[50, 18]",Terrain/Landscapes/ruins_debris/442_debris_misc_15/bob_000094.png,SOURCE_COMPLETE,[],Terrain/Landscapes/ruins_debris/442_debris_misc_15/metadata.json
443,debris stones 06,"[[""ruins_debris""]]",1,void,[],[],data\engine2d\bin\bobs\ls_ground.bmd,data\engine2d\bin\bobs\ls_ground_s.bmd,rock03,1,1,[85],1,0,0,Terrain,24,13,"[11, 6]",Terrain/Landscapes/ruins_debris/443_debris_stones_06/bob_000085.png,SOURCE_COMPLETE,[],Terrain/Landscapes/ruins_debris/443_debris_stones_06/metadata.json
444,debris stones 07,"[[""ruins_debris""]]",1,void,[],[],data\engine2d\bin\bobs\ls_ground.bmd,data\engine2d\bin\bobs\ls_ground_s.bmd,rock03,1,1,[86],1,0,0,Terrain,14,7,"[4, 4]",Terrain/Landscapes/ruins_debris/444_debris_stones_07/bob_000086.png,SOURCE_COMPLETE,[],Terrain/Landscapes/ruins_debris/444_debris_stones_07/metadata.json
445,debris stones 08,"[[""ruins_debris""]]",1,void,[],[],data\engine2d\bin\bobs\ls_ground.bmd,data\engine2d\bin\bobs\ls_ground_s.bmd,rock03,1,1,[87],1,0,0,Terrain,17,12,"[8, 7]",Terrain/Landscapes/ruins_debris/445_debris_stones_08/bob_000087.png,SOURCE_COMPLETE,[],Terrain/Landscapes/ruins_debris/445_debris_stones_08/metadata.json
446,debris stones 09,"[[""ruins_debris""]]",1,void,[],[],data\engine2d\bin\bobs\ls_ground.bmd,data\engine2d\bin\bobs\ls_ground_s.bmd,rock03,1,1,[88],1,0,0,Terrain,16,14,"[6, 8]",Terrain/Landscapes/ruins_debris/446_debris_stones_09/bob_000088.png,SOURCE_COMPLETE,[],Terrain/Landscapes/ruins_debris/446_debris_stones_09/metadata.json
447,debris stones 10,"[[""ruins_debris""]]",1,void,[],[],data\engine2d\bin\bobs\ls_ground.bmd,data\engine2d\bin\bobs\ls_ground_s.bmd,rock03,1,1,[89],1,0,0,Terrain,15,13,"[9, 9]",Terrain/Landscapes/ruins_debris/447_debris_stones_10/bob_000089.png,SOURCE_COMPLETE,[],Terrain/Landscapes/ruins_debris/447_debris_stones_10/metadata.json
448,debris stones 11,"[[""ruins_debris""]]",1,void,[],[],data\engine2d\bin\bobs\ls_ground.bmd,data\engine2d\bin\bobs\ls_ground_s.bmd,rock02,1,1,[85],1,0,0,Terrain,24,13,"[11, 6]",Terrain/Landscapes/ruins_debris/448_debris_stones_11/bob_000085.png,SOURCE_COMPLETE,[],Terrain/Landscapes/ruins_debris/448_debris_stones_11/metadata.json
449,debris stones 12,"[[""ruins_debris""]]",1,void,[],[],data\engine2d\bin\bobs\ls_ground.bmd,data\engine2d\bin\bobs\ls_ground_s.bmd,rock02,1,1,[86],1,0,0,Terrain,14,7,"[4, 4]",Terrain/Landscapes/ruins_debris/449_debris_stones_12/bob_000086.png,SOURCE_COMPLETE,[],Terrain/Landscapes/ruins_debris/449_debris_stones_12/metadata.json
450,debris stones 13,"[[""ruins_debris""]]",1,void,[],[],data\engine2d\bin\bobs\ls_ground.bmd,data\engine2d\bin\bobs\ls_ground_s.bmd,rock02,1,1,[87],1,0,0,Terrain,17,12,"[8, 7]",Terrain/Landscapes/ruins_debris/450_debris_stones_13/bob_000087.png,SOURCE_COMPLETE,[],Terrain/Landscapes/ruins_debris/450_debris_stones_13/metadata.json
451,debris stones 14,"[[""ruins_debris""]]",1,void,[],[],data\engine2d\bin\bobs\ls_ground.bmd,data\engine2d\bin\bobs\ls_ground_s.bmd,rock02,1,1,[88],1,0,0,Terrain,16,14,"[6, 8]",Terrain/Landscapes/ruins_debris/451_debris_stones_14/bob_000088.png,SOURCE_COMPLETE,[],Terrain/Landscapes/ruins_debris/451_debris_stones_14/metadata.json
452,debris stones 15,"[[""ruins_debris""]]",1,void,[],[],data\engine2d\bin\bobs\ls_ground.bmd,data\engine2d\bin\bobs\ls_ground_s.bmd,rock02,1,1,[89],1,0,0,Terrain,15,13,"[9, 9]",Terrain/Landscapes/ruins_debris/452_debris_stones_15/bob_000089.png,SOURCE_COMPLETE,[],Terrain/Landscapes/ruins_debris/452_debris_stones_15/metadata.json
453,snow yew 01,"[[""xMissionCD trees all"", ""trees snow yew""]]",4,tree,[5],[],data\engine2d\bin\bobs\ls_trees.bmd,data\engine2d\bin\bobs\ls_trees_s.bmd,treeSnow01,3,72,"[60, 61, 62, 63, 64, 65, 66, 67, 188, 189, 190, 191, 192, 193, 194, 195, 196, 197, 198, 199, 200, 201, 202, 203]",0,1,2,Terrain,101,111,"[54, 100]",Terrain/Landscapes/xMissionCD_trees_all/453_snow_yew_01/bob_000060.png,SOURCE_COMPLETE,[],Terrain/Landscapes/xMissionCD_trees_all/453_snow_yew_01/metadata.json
454,snow pine 01,"[[""xMissionCD trees all"", ""trees snow pine""]]",4,tree,[5],[],data\engine2d\bin\bobs\ls_trees.bmd,data\engine2d\bin\bobs\ls_trees_s.bmd,treeSnow01,3,24,"[92, 93, 94, 100, 101, 102, 108, 109, 110]",0,1,2,Terrain,75,108,"[47, 102]",Terrain/Landscapes/xMissionCD_trees_all/454_snow_pine_01/bob_000092.png,SOURCE_COMPLETE,[],Terrain/Landscapes/xMissionCD_trees_all/454_snow_pine_01/metadata.json
455,snow beech 01,"[[""xMissionCD trees all"", ""trees snow beech""]]",4,tree,[5],[],data\engine2d\bin\bobs\ls_trees.bmd,data\engine2d\bin\bobs\ls_trees_s.bmd,treeSnow01,3,24,"[116, 117, 118, 124, 125, 126, 132, 133, 134]",0,1,2,Terrain,137,227,"[69, 212]",Terrain/Landscapes/xMissionCD_trees_all/455_snow_beech_01/bob_000116.png,SOURCE_COMPLETE,[],Terrain/Landscapes/xMissionCD_trees_all/455_snow_beech_01/metadata.json
456,snow cypress 01,"[[""xMissionCD trees all"", ""trees snow cypress""]]",4,tree,[5],[],data\engine2d\bin\bobs\ls_trees.bmd,data\engine2d\bin\bobs\ls_trees_s.bmd,treeSnow01,3,24,"[164, 165, 166, 176, 177, 178, 182, 183, 184]",0,1,2,Terrain,46,122,"[32, 116]",Terrain/Landscapes/xMissionCD_trees_all/456_snow_cypress_01/bob_000164.png,SOURCE_COMPLETE,[],Terrain/Landscapes/xMissionCD_trees_all/456_snow_cypress_01/metadata.json
457,snow beech 03,"[[""xMissionCD trees all"", ""trees snow beech""]]",4,tree,[5],[],data\engine2d\bin\bobs\ls_trees.bmd,data\engine2d\bin\bobs\ls_trees_s.bmd,treeSnow01,3,24,"[116, 117, 118, 124, 125, 126, 132, 133, 134]",0,1,2,Terrain,137,227,"[69, 212]",Terrain/Landscapes/xMissionCD_trees_all/455_snow_beech_01/bob_000116.png,SOURCE_COMPLETE,[],Terrain/Landscapes/xMissionCD_trees_all/457_snow_beech_03/metadata.json
458,snow yew 02,"[[""xMissionCD trees all"", ""trees snow yew""]]",4,tree,[5],[],data\engine2d\bin\bobs\ls_trees.bmd,data\engine2d\bin\bobs\ls_trees_s.bmd,treeSnow01,3,72,"[462, 463, 464, 465, 466, 467, 468, 469, 470, 471, 472, 473, 474, 475, 476, 477, 478, 479, 480, 481, 482, 483, 484, 485]",0,1,2,Terrain,184,225,"[97, 218]",Terrain/Landscapes/xMissionCD_trees_all/458_snow_yew_02/bob_000462.png,SOURCE_COMPLETE,[],Terrain/Landscapes/xMissionCD_trees_all/458_snow_yew_02/metadata.json
459,snow pine 02,"[[""xMissionCD trees all"", ""trees snow pine""]]",4,tree,[5],[],data\engine2d\bin\bobs\ls_trees.bmd,data\engine2d\bin\bobs\ls_trees_s.bmd,treeSnow01,3,24,"[92, 93, 94, 100, 101, 102, 108, 109, 110]",0,1,2,Terrain,75,108,"[47, 102]",Terrain/Landscapes/xMissionCD_trees_all/454_snow_pine_01/bob_000092.png,SOURCE_COMPLETE,[],Terrain/Landscapes/xMissionCD_trees_all/459_snow_pine_02/metadata.json
460,snow beech 02,"[[""xMissionCD trees all"", ""trees snow beech""]]",4,tree,[5],[],data\engine2d\bin\bobs\ls_trees.bmd,data\engine2d\bin\bobs\ls_trees_s.bmd,treeSnow01,3,24,"[116, 117, 118, 124, 125, 126, 132, 133, 134]",0,1,2,Terrain,137,227,"[69, 212]",Terrain/Landscapes/xMissionCD_trees_all/455_snow_beech_01/bob_000116.png,SOURCE_COMPLETE,[],Terrain/Landscapes/xMissionCD_trees_all/460_snow_beech_02/metadata.json
461,snow cypress 02,"[[""xMissionCD trees all"", ""trees snow cypress""]]",4,tree,[5],[],data\engine2d\bin\bobs\ls_trees.bmd,data\engine2d\bin\bobs\ls_trees_s.bmd,treeSnow01,3,24,"[164, 165, 166, 176, 177, 178, 182, 183, 184]",0,1,2,Terrain,46,122,"[32, 116]",Terrain/Landscapes/xMissionCD_trees_all/456_snow_cypress_01/bob_000164.png,SOURCE_COMPLETE,[],Terrain/Landscapes/xMissionCD_trees_all/461_snow_cypress_02/metadata.json
462,snow cypress 03,"[[""xMissionCD trees all"", ""trees snow cypress""]]",4,tree,[5],[],data\engine2d\bin\bobs\ls_trees.bmd,data\engine2d\bin\bobs\ls_trees_s.bmd,treeSnow01,3,24,"[164, 165, 166, 176, 177, 178, 182, 183, 184]",0,1,2,Terrain,46,122,"[32, 116]",Terrain/Landscapes/xMissionCD_trees_all/456_snow_cypress_01/bob_000164.png,SOURCE_COMPLETE,[],Terrain/Landscapes/xMissionCD_trees_all/462_snow_cypress_03/metadata.json
463,snow OrangeTree 01,"[[""xMissionCD trees all"", ""trees orange""]]",4,tree,[5],[],data\engine2d\bin\bobs\ls_trees.bmd,data\engine2d\bin\bobs\ls_trees_s.bmd,treeSnow01,3,72,"[228, 229, 230, 231, 232, 233, 234, 235, 236, 237, 238, 239, 240, 241, 242, 243, 244, 245, 246, 247, 248, 249, 250, 251]",0,1,2,Terrain,110,124,"[58, 114]",Terrain/Landscapes/xMissionCD_trees_all/463_snow_OrangeTree_01/bob_000228.png,SOURCE_COMPLETE,[],Terrain/Landscapes/xMissionCD_trees_all/463_snow_OrangeTree_01/metadata.json
464,snow OrangeTree 02,"[[""xMissionCD trees all"", ""trees orange""]]",4,tree,[5],[],data\engine2d\bin\bobs\ls_trees.bmd,data\engine2d\bin\bobs\ls_trees_s.bmd,treeSnow01,3,72,"[228, 229, 230, 231, 232, 233, 234, 235, 236, 237, 238, 239, 240, 241, 242, 243, 244, 245, 246, 247, 248, 249, 250, 251]",0,1,2,Terrain,110,124,"[58, 114]",Terrain/Landscapes/xMissionCD_trees_all/463_snow_OrangeTree_01/bob_000228.png,SOURCE_COMPLETE,[],Terrain/Landscapes/xMissionCD_trees_all/464_snow_OrangeTree_02/metadata.json
465,snow pine 01 falling,"[[""xMissionCD trees all"", ""trees snow pine"", ""trees falling""]]",5,tree falling,[],[],data\engine2d\bin\bobs\ls_trees.bmd,data\engine2d\bin\bobs\ls_trees_s.bmd,treeSnow01,1,9,"[9, 10, 11, 12, 13, 14, 15, 16, 17]",0,0,1,Terrain,78,105,"[50, 102]",Terrain/Landscapes/xMissionCD_trees_all/465_snow_pine_01_falling/bob_000009.png,SOURCE_COMPLETE,[],Terrain/Landscapes/xMissionCD_trees_all/465_snow_pine_01_falling/metadata.json
466,snow pine 02 falling,"[[""xMissionCD trees all"", ""trees snow pine"", ""trees falling""]]",5,tree falling,[],[],data\engine2d\bin\bobs\ls_trees.bmd,data\engine2d\bin\bobs\ls_trees_s.bmd,treeSnow01,1,9,"[9, 10, 11, 12, 13, 14, 15, 16, 17]",0,0,1,Terrain,78,105,"[50, 102]",Terrain/Landscapes/xMissionCD_trees_all/465_snow_pine_01_falling/bob_000009.png,SOURCE_COMPLETE,[],Terrain/Landscapes/xMissionCD_trees_all/466_snow_pine_02_falling/metadata.json
467,snow beech 01 falling,"[[""xMissionCD trees all"", ""trees snow beech"", ""trees falling""]]",5,tree falling,[],[],data\engine2d\bin\bobs\ls_trees.bmd,data\engine2d\bin\bobs\ls_trees_s.bmd,treeSnow01,1,8,"[18, 19, 20, 21, 22, 23, 24, 25]",0,0,1,Terrain,83,132,"[41, 128]",Terrain/Landscapes/xMissionCD_trees_all/467_snow_beech_01_falling/bob_000018.png,SOURCE_COMPLETE,[],Terrain/Landscapes/xMissionCD_trees_all/467_snow_beech_01_falling/metadata.json
468,snow beech 02 falling,"[[""xMissionCD trees all"", ""trees snow beech"", ""trees falling""]]",5,tree falling,[],[],data\engine2d\bin\bobs\ls_trees.bmd,data\engine2d\bin\bobs\ls_trees_s.bmd,treeSnow01,1,8,"[18, 19, 20, 21, 22, 23, 24, 25]",0,0,1,Terrain,83,132,"[41, 128]",Terrain/Landscapes/xMissionCD_trees_all/467_snow_beech_01_falling/bob_000018.png,SOURCE_COMPLETE,[],Terrain/Landscapes/xMissionCD_trees_all/468_snow_beech_02_falling/metadata.json
469,snow cypress 01 falling,"[[""xMissionCD trees all"", ""trees snow cypress"", ""trees falling""]]",5,tree falling,[],[],data\engine2d\bin\bobs\ls_trees.bmd,data\engine2d\bin\bobs\ls_trees_s.bmd,treeSnow01,1,9,"[36, 37, 38, 39, 40, 41, 42, 43, 44]",0,0,1,Terrain,46,122,"[32, 116]",Terrain/Landscapes/xMissionCD_trees_all/469_snow_cypress_01_falling/bob_000036.png,SOURCE_COMPLETE,[],Terrain/Landscapes/xMissionCD_trees_all/469_snow_cypress_01_falling/metadata.json
470,snow cypress 02 falling,"[[""xMissionCD trees all"", ""trees snow cypress"", ""trees falling""]]",5,tree falling,[],[],data\engine2d\bin\bobs\ls_trees.bmd,data\engine2d\bin\bobs\ls_trees_s.bmd,treeSnow01,1,9,"[36, 37, 38, 39, 40, 41, 42, 43, 44]",0,0,1,Terrain,46,122,"[32, 116]",Terrain/Landscapes/xMissionCD_trees_all/469_snow_cypress_01_falling/bob_000036.png,SOURCE_COMPLETE,[],Terrain/Landscapes/xMissionCD_trees_all/470_snow_cypress_02_falling/metadata.json
471,snow cypress 03 falling,"[[""xMissionCD trees all"", ""trees snow cypress"", ""trees falling""]]",5,tree falling,[],[],data\engine2d\bin\bobs\ls_trees.bmd,data\engine2d\bin\bobs\ls_trees_s.bmd,treeSnow01,1,9,"[36, 37, 38, 39, 40, 41, 42, 43, 44]",0,0,1,Terrain,46,122,"[32, 116]",Terrain/Landscapes/xMissionCD_trees_all/469_snow_cypress_01_falling/bob_000036.png,SOURCE_COMPLETE,[],Terrain/Landscapes/xMissionCD_trees_all/471_snow_cypress_03_falling/metadata.json
472,snow yew 01 falling,"[[""xMissionCD trees all"", ""trees snow yew"", ""trees falling""]]",5,tree falling,[],[],data\engine2d\bin\bobs\ls_trees.bmd,data\engine2d\bin\bobs\ls_trees_s.bmd,treeSnow01,1,9,"[45, 46, 47, 48, 49, 50, 51, 52, 53]",0,0,1,Terrain,113,119,"[57, 108]",Terrain/Landscapes/xMissionCD_trees_all/472_snow_yew_01_falling/bob_000045.png,SOURCE_COMPLETE,[],Terrain/Landscapes/xMissionCD_trees_all/472_snow_yew_01_falling/metadata.json
473,snow yew 02 falling,"[[""xMissionCD trees all"", ""trees snow yew"", ""trees falling""]]",5,tree falling,[],[],data\engine2d\bin\bobs\ls_trees.bmd,data\engine2d\bin\bobs\ls_trees_s.bmd,treeSnow01,1,7,"[486, 487, 488, 489, 490, 491, 492]",0,0,1,Terrain,120,136,"[56, 130]",Terrain/Landscapes/xMissionCD_trees_all/473_snow_yew_02_falling/bob_000486.png,SOURCE_COMPLETE,[],Terrain/Landscapes/xMissionCD_trees_all/473_snow_yew_02_falling/metadata.json
474,snow beech 03 falling,"[[""xMissionCD trees all"", ""trees snow beech"", ""trees falling""]]",5,tree falling,[],[],data\engine2d\bin\bobs\ls_trees.bmd,data\engine2d\bin\bobs\ls_trees_s.bmd,treeSnow01,1,8,"[18, 19, 20, 21, 22, 23, 24, 25]",0,0,1,Terrain,83,132,"[41, 128]",Terrain/Landscapes/xMissionCD_trees_all/467_snow_beech_01_falling/bob_000018.png,SOURCE_COMPLETE,[],Terrain/Landscapes/xMissionCD_trees_all/474_snow_beech_03_falling/metadata.json
475,snow OrangeTree 01 falling,"[[""xMissionCD trees all"", ""trees orange"", ""trees falling""]]",5,tree falling,[],[],data\engine2d\bin\bobs\ls_trees.bmd,data\engine2d\bin\bobs\ls_trees_s.bmd,treeSnow01,1,9,"[261, 262, 263, 264, 265, 266, 267, 268, 269]",0,0,1,Terrain,118,119,"[65, 112]",Terrain/Landscapes/xMissionCD_trees_all/475_snow_OrangeTree_01_falling/bob_000261.png,SOURCE_COMPLETE,[],Terrain/Landscapes/xMissionCD_trees_all/475_snow_OrangeTree_01_falling/metadata.json
476,snow OrangeTree 02 falling,"[[""xMissionCD trees all"", ""trees orange"", ""trees falling""]]",5,tree falling,[],[],data\engine2d\bin\bobs\ls_trees.bmd,data\engine2d\bin\bobs\ls_trees_s.bmd,treeSnow01,1,9,"[261, 262, 263, 264, 265, 266, 267, 268, 269]",0,0,1,Terrain,118,119,"[65, 112]",Terrain/Landscapes/xMissionCD_trees_all/475_snow_OrangeTree_01_falling/bob_000261.png,SOURCE_COMPLETE,[],Terrain/Landscapes/xMissionCD_trees_all/476_snow_OrangeTree_02_falling/metadata.json
477,snow cedar 01,"[[""xMissionCD trees all"", ""trees snow cedar""]]",4,tree,[5],[],data\engine2d\bin\bobs\ls_trees.bmd,data\engine2d\bin\bobs\ls_trees_s.bmd,treeSnow01,3,72,"[414, 415, 416, 417, 418, 419, 420, 421, 422, 423, 424, 425, 426, 427, 428, 429, 430, 431, 432, 433, 434, 435, 436, 437]",0,1,2,Terrain,148,128,"[73, 120]",Terrain/Landscapes/xMissionCD_trees_all/477_snow_cedar_01/bob_000414.png,SOURCE_COMPLETE,[],Terrain/Landscapes/xMissionCD_trees_all/477_snow_cedar_01/metadata.json
478,snow cedar 02,"[[""xMissionCD trees all"", ""trees snow cedar""]]",4,tree,[5],[],data\engine2d\bin\bobs\ls_trees.bmd,data\engine2d\bin\bobs\ls_trees_s.bmd,treeSnow01,3,72,"[430, 431, 432, 433, 434, 435, 436, 437, 438, 439, 440, 441, 442, 443, 444, 445, 446, 447, 448, 449, 450, 451, 452, 453]",0,1,2,Terrain,125,116,"[53, 112]",Terrain/Landscapes/xMissionCD_trees_all/478_snow_cedar_02/bob_000438.png,SOURCE_COMPLETE,[],Terrain/Landscapes/xMissionCD_trees_all/478_snow_cedar_02/metadata.json
479,snow cedar 01 falling,"[[""xMissionCD trees all""]]",5,tree falling,[],[],data\engine2d\bin\bobs\ls_trees.bmd,data\engine2d\bin\bobs\ls_trees_s.bmd,treeSnow01,1,8,"[454, 455, 456, 457, 458, 459, 460, 461]",0,0,1,Terrain,148,128,"[73, 120]",Terrain/Landscapes/xMissionCD_trees_all/479_snow_cedar_01_falling/bob_000454.png,SOURCE_COMPLETE,[],Terrain/Landscapes/xMissionCD_trees_all/479_snow_cedar_01_falling/metadata.json
480,snow pear 01,"[[""xMissionCD trees all"", ""trees snow pear""]]",4,tree,[5],[],data\engine2d\bin\bobs\ls_trees.bmd,data\engine2d\bin\bobs\ls_trees_s.bmd,treeSnow01,3,72,"[462, 463, 464, 465, 466, 467, 468, 469, 470, 471, 472, 473, 474, 475, 476, 477, 478, 479, 480, 481, 482, 483, 484, 485]",0,1,2,Terrain,184,225,"[97, 218]",Terrain/Landscapes/xMissionCD_trees_all/458_snow_yew_02/bob_000462.png,SOURCE_COMPLETE,[],Terrain/Landscapes/xMissionCD_trees_all/480_snow_pear_01/metadata.json
481,snow pear 01 falling,"[[""xMissionCD trees all"", ""trees snow pear""]]",5,tree falling,[],[],data\engine2d\bin\bobs\ls_trees.bmd,data\engine2d\bin\bobs\ls_trees_s.bmd,treeSnow01,1,7,"[486, 487, 488, 489, 490, 491, 492]",0,0,1,Terrain,120,136,"[56, 130]",Terrain/Landscapes/xMissionCD_trees_all/473_snow_yew_02_falling/bob_000486.png,SOURCE_COMPLETE,[],Terrain/Landscapes/xMissionCD_trees_all/481_snow_pear_01_falling/metadata.json
482,snow pear 02,"[[""xMissionCD trees all""]]",4,tree,[5],[],data\engine2d\bin\bobs\ls_trees.bmd,data\engine2d\bin\bobs\ls_trees_s.bmd,treeSnow01,3,72,"[60, 61, 62, 63, 64, 65, 66, 67, 188, 189, 190, 191, 192, 193, 194, 195, 196, 197, 198, 199, 200, 201, 202, 203]",0,1,2,Terrain,101,111,"[54, 100]",Terrain/Landscapes/xMissionCD_trees_all/453_snow_yew_01/bob_000060.png,SOURCE_COMPLETE,[],Terrain/Landscapes/xMissionCD_trees_all/482_snow_pear_02/metadata.json
483,snow pear 02 falling,"[[""xMissionCD trees all""]]",5,tree falling,[],[],data\engine2d\bin\bobs\ls_trees.bmd,data\engine2d\bin\bobs\ls_trees_s.bmd,treeSnow01,1,9,"[45, 46, 47, 48, 49, 50, 51, 52, 53]",0,0,1,Terrain,113,119,"[57, 108]",Terrain/Landscapes/xMissionCD_trees_all/472_snow_yew_01_falling/bob_000045.png,SOURCE_COMPLETE,[],Terrain/Landscapes/xMissionCD_trees_all/483_snow_pear_02_falling/metadata.json
484,BigCypress 01,"[[""xMissionCD trees all""]]",4,tree,[5],[],data\engine2d\bin\bobs\ls_trees_daw.bmd,data\engine2d\bin\bobs\ls_trees_daw_s.bmd,herbs02,3,48,"[0, 1, 2, 3, 4, 5, 6, 7, 8, 9, 10, 11, 12, 13, 14, 15]",0,1,2,Terrain,81,238,"[39, 231]",Terrain/Landscapes/xMissionCD_trees_all/484_BigCypress_01/bob_000007.png,SOURCE_COMPLETE,[],Terrain/Landscapes/xMissionCD_trees_all/484_BigCypress_01/metadata.json
485,Bigcypress falling 01,"[[""xMissionCD trees all""]]",5,tree falling,[],[],data\engine2d\bin\bobs\ls_trees.bmd,data\engine2d\bin\bobs\ls_trees_s.bmd,tree_Cypress01,1,9,"[36, 37, 38, 39, 40, 41, 42, 43, 44]",0,0,1,Terrain,46,122,"[32, 116]",Terrain/Landscapes/trees_all/317_cypress_01_falling/bob_000036.png,SOURCE_COMPLETE,[],Terrain/Landscapes/xMissionCD_trees_all/485_Bigcypress_falling_01/metadata.json
486,BigCypress 02,"[[""xMissionCD trees all""]]",4,tree,[5],[],data\engine2d\bin\bobs\ls_trees_daw.bmd,data\engine2d\bin\bobs\ls_trees_daw_s.bmd,herbs02,3,48,"[8, 9, 10, 11, 12, 13, 14, 15, 16, 17, 18, 19, 20, 21, 22, 23]",0,1,2,Terrain,67,214,"[31, 204]",Terrain/Landscapes/xMissionCD_trees_all/486_BigCypress_02/bob_000023.png,SOURCE_COMPLETE,[],Terrain/Landscapes/xMissionCD_trees_all/486_BigCypress_02/metadata.json
487,iceDungeon_inv_01,"[[""xMissionCD_Dungeon"", ""xMissionCD_ice wall""]]",1,void,[],[],data\engine2d\bin\bobs\ls_goetter.bmd,data\engine2d\bin\bobs\ls_dungeon_s.bmd,ice_statues,1,1,[247],0,0,0,Terrain,267,191,"[132, 110]",Terrain/Landscapes/xMissionCD_Dungeon/487_iceDungeon_inv_01/bob_000247.png,SOURCE_COMPLETE,[],Terrain/Landscapes/xMissionCD_Dungeon/487_iceDungeon_inv_01/metadata.json
488,iceDungeon_inv_02,"[[""xMissionCD_Dungeon"", ""xMissionCD_ice wall""]]",1,void,[],[],data\engine2d\bin\bobs\ls_goetter.bmd,data\engine2d\bin\bobs\ls_dungeon_s.bmd,ice_statues,1,1,[248],0,0,0,Terrain,144,277,"[106, 175]",Terrain/Landscapes/xMissionCD_Dungeon/488_iceDungeon_inv_02/bob_000248.png,SOURCE_COMPLETE,[],Terrain/Landscapes/xMissionCD_Dungeon/488_iceDungeon_inv_02/metadata.json
489,iceDungeon_inv_03,"[[""xMissionCD_Dungeon"", ""xMissionCD_ice wall""]]",1,void,[],[],data\engine2d\bin\bobs\ls_goetter.bmd,data\engine2d\bin\bobs\ls_dungeon_s.bmd,ice_statues,1,1,[249],0,0,0,Terrain,269,184,"[134, 113]",Terrain/Landscapes/xMissionCD_Dungeon/489_iceDungeon_inv_03/bob_000249.png,SOURCE_COMPLETE,[],Terrain/Landscapes/xMissionCD_Dungeon/489_iceDungeon_inv_03/metadata.json
490,iceDungeon_inv_04,"[[""xMissionCD_Dungeon"", ""xMissionCD_ice wall""]]",1,void,[],[],data\engine2d\bin\bobs\ls_goetter.bmd,data\engine2d\bin\bobs\ls_dungeon_s.bmd,ice_statues,1,1,[250],0,0,0,Terrain,143,277,"[70, 160]",Terrain/Landscapes/xMissionCD_Dungeon/490_iceDungeon_inv_04/bob_000250.png,SOURCE_COMPLETE,[],Terrain/Landscapes/xMissionCD_Dungeon/490_iceDungeon_inv_04/metadata.json
491,iceDungeon_outer_01,"[[""xMissionCD_Dungeon"", ""xMissionCD_ice wall""]]",1,void,[],[],data\engine2d\bin\bobs\ls_goetter.bmd,data\engine2d\bin\bobs\ls_dungeon_s.bmd,ice_statues,1,1,[251],0,0,0,Terrain,237,192,"[117, 123]",Terrain/Landscapes/xMissionCD_Dungeon/491_iceDungeon_outer_01/bob_000251.png,SOURCE_COMPLETE,[],Terrain/Landscapes/xMissionCD_Dungeon/491_iceDungeon_outer_01/metadata.json
492,iceDungeon_outer_02,"[[""xMissionCD_Dungeon"", ""xMissionCD_ice wall""]]",1,void,[],[],data\engine2d\bin\bobs\ls_goetter.bmd,data\engine2d\bin\bobs\ls_dungeon_s.bmd,ice_statues,1,1,[252],0,0,0,Terrain,141,284,"[69, 168]",Terrain/Landscapes/xMissionCD_Dungeon/492_iceDungeon_outer_02/bob_000252.png,SOURCE_COMPLETE,[],Terrain/Landscapes/xMissionCD_Dungeon/492_iceDungeon_outer_02/metadata.json
493,iceDungeon_outer_03,"[[""xMissionCD_Dungeon"", ""xMissionCD_ice wall""]]",1,void,[],[],data\engine2d\bin\bobs\ls_goetter.bmd,data\engine2d\bin\bobs\ls_dungeon_s.bmd,ice_statues,1,1,[253],0,0,0,Terrain,237,184,"[117, 113]",Terrain/Landscapes/xMissionCD_Dungeon/493_iceDungeon_outer_03/bob_000253.png,SOURCE_COMPLETE,[],Terrain/Landscapes/xMissionCD_Dungeon/493_iceDungeon_outer_03/metadata.json
494,iceDungeon_outer_04,"[[""xMissionCD_Dungeon"", ""xMissionCD_ice wall""]]",1,void,[],[],data\engine2d\bin\bobs\ls_goetter.bmd,data\engine2d\bin\bobs\ls_dungeon_s.bmd,ice_statues,1,1,[254],0,0,0,Terrain,142,284,"[70, 168]",Terrain/Landscapes/xMissionCD_Dungeon/494_iceDungeon_outer_04/bob_000254.png,SOURCE_COMPLETE,[],Terrain/Landscapes/xMissionCD_Dungeon/494_iceDungeon_outer_04/metadata.json
495,iceDungeon_wall_01,"[[""xMissionCD_Dungeon"", ""xMissionCD_ice wall""]]",1,void,[],[],data\engine2d\bin\bobs\ls_goetter.bmd,data\engine2d\bin\bobs\ls_dungeon_s.bmd,ice_statues,1,1,[255],0,0,0,Terrain,250,283,"[124, 167]",Terrain/Landscapes/xMissionCD_Dungeon/495_iceDungeon_wall_01/bob_000255.png,SOURCE_COMPLETE,[],Terrain/Landscapes/xMissionCD_Dungeon/495_iceDungeon_wall_01/metadata.json
496,iceDungeon_wall_02,"[[""xMissionCD_Dungeon"", ""xMissionCD_ice wall""]]",1,void,[],[],data\engine2d\bin\bobs\ls_goetter.bmd,data\engine2d\bin\bobs\ls_dungeon_s.bmd,ice_statues,1,1,[256],0,0,0,Terrain,249,283,"[123, 167]",Terrain/Landscapes/xMissionCD_Dungeon/496_iceDungeon_wall_02/bob_000256.png,SOURCE_COMPLETE,[],Terrain/Landscapes/xMissionCD_Dungeon/496_iceDungeon_wall_02/metadata.json
497,ice bridge,"[[""xMissionCD_Dungeon"", ""xMissionCD_ice wall""]]",1,void,[],[],data\engine2d\bin\bobs\ls_goetter.bmd,data\engine2d\bin\bobs\ls_dungeon_s.bmd,ice_statues,1,1,[257],1,0,0,Terrain,768,166,"[384, 200]",Terrain/Landscapes/xMissionCD_Dungeon/497_ice_bridge/bob_000257.png,SOURCE_COMPLETE,[],Terrain/Landscapes/xMissionCD_Dungeon/497_ice_bridge/metadata.json
498,iceDungeon_metall_front,"[[""xMissionCD_Dungeon""]]",1,void,[],[],data\engine2d\bin\bobs\ls_goetter2.bmd,data\engine2d\bin\bobs\ls_goetter2_s.bmd,dungeon01,1,1,[23],0,0,0,Terrain,119,168,"[56, 100]",Terrain/Landscapes/xMissionCD_Dungeon/498_iceDungeon_metall_front/bob_000023.png,SOURCE_COMPLETE,[],Terrain/Landscapes/xMissionCD_Dungeon/498_iceDungeon_metall_front/metadata.json
499,iceDungeon_metall_front_open,"[[""xMissionCD_Dungeon""]]",1,void,[],[],data\engine2d\bin\bobs\ls_goetter2.bmd,data\engine2d\bin\bobs\ls_goetter2_s.bmd,dungeon01,1,1,[24],0,0,0,Terrain,170,211,"[56, 141]",Terrain/Landscapes/xMissionCD_Dungeon/499_iceDungeon_metall_front_open/bob_000024.png,SOURCE_COMPLETE,[],Terrain/Landscapes/xMissionCD_Dungeon/499_iceDungeon_metall_front_open/metadata.json
500,iceDungeon_metall_side,"[[""xMissionCD_Dungeon""]]",1,void,[],[],data\engine2d\bin\bobs\ls_goetter2.bmd,data\engine2d\bin\bobs\ls_goetter2_s.bmd,dungeon01,1,1,[25],0,0,0,Terrain,120,168,"[60, 100]",Terrain/Landscapes/xMissionCD_Dungeon/500_iceDungeon_metall_side/bob_000025.png,SOURCE_COMPLETE,[],Terrain/Landscapes/xMissionCD_Dungeon/500_iceDungeon_metall_side/metadata.json
501,iceDungeon_metall_side_open,"[[""xMissionCD_Dungeon""]]",1,void,[],[],data\engine2d\bin\bobs\ls_goetter2.bmd,data\engine2d\bin\bobs\ls_goetter2_s.bmd,dungeon01,1,1,[26],0,0,0,Terrain,169,212,"[110, 143]",Terrain/Landscapes/xMissionCD_Dungeon/501_iceDungeon_metall_side_open/bob_000026.png,SOURCE_COMPLETE,[],Terrain/Landscapes/xMissionCD_Dungeon/501_iceDungeon_metall_side_open/metadata.json
502,iceDungeon_wood_front,"[[""xMissionCD_Dungeon""]]",1,void,[],[],data\engine2d\bin\bobs\ls_goetter2.bmd,data\engine2d\bin\bobs\ls_goetter2_s.bmd,dungeon01,1,1,[27],0,0,0,Terrain,119,167,"[58, 98]",Terrain/Landscapes/xMissionCD_Dungeon/502_iceDungeon_wood_front/bob_000027.png,SOURCE_COMPLETE,[],Terrain/Landscapes/xMissionCD_Dungeon/502_iceDungeon_wood_front/metadata.json
503,iceDungeon_wood_front_open,"[[""xMissionCD_Dungeon""]]",1,void,[],[],data\engine2d\bin\bobs\ls_goetter2.bmd,data\engine2d\bin\bobs\ls_goetter2_s.bmd,dungeon01,1,1,[28],0,0,0,Terrain,167,211,"[56, 141]",Terrain/Landscapes/xMissionCD_Dungeon/503_iceDungeon_wood_front_open/bob_000028.png,SOURCE_COMPLETE,[],Terrain/Landscapes/xMissionCD_Dungeon/503_iceDungeon_wood_front_open/metadata.json
504,iceDungeon_wood_side,"[[""xMissionCD_Dungeon""]]",1,void,[],[],data\engine2d\bin\bobs\ls_goetter2.bmd,data\engine2d\bin\bobs\ls_goetter2_s.bmd,dungeon01,1,1,[29],0,0,0,Terrain,119,167,"[62, 98]",Terrain/Landscapes/xMissionCD_Dungeon/504_iceDungeon_wood_side/bob_000029.png,SOURCE_COMPLETE,[],Terrain/Landscapes/xMissionCD_Dungeon/504_iceDungeon_wood_side/metadata.json
505,iceDungeon_wood_side_open,"[[""xMissionCD_Dungeon""]]",1,void,[],[],data\engine2d\bin\bobs\ls_goetter2.bmd,data\engine2d\bin\bobs\ls_goetter2_s.bmd,dungeon01,1,1,[30],0,0,0,Terrain,170,210,"[113, 140]",Terrain/Landscapes/xMissionCD_Dungeon/505_iceDungeon_wood_side_open/bob_000030.png,SOURCE_COMPLETE,[],Terrain/Landscapes/xMissionCD_Dungeon/505_iceDungeon_wood_side_open/metadata.json
506,asgard walls right,"[[""xMissionCD_Dungeon""]]",1,void,[],[],data\engine2d\bin\bobs\ls_goetter2.bmd,data\engine2d\bin\bobs\ls_goetter2_s.bmd,dungeon01,1,1,[31],0,0,0,Terrain,301,260,"[158, 173]",Terrain/Landscapes/xMissionCD_Dungeon/506_asgard_walls_right/bob_000031.png,SOURCE_COMPLETE,[],Terrain/Landscapes/xMissionCD_Dungeon/506_asgard_walls_right/metadata.json
507,asgard walls front,"[[""xMissionCD_Dungeon""]]",1,void,[],[],data\engine2d\bin\bobs\ls_goetter2.bmd,data\engine2d\bin\bobs\ls_goetter2_s.bmd,dungeon01,1,1,[32],0,0,0,Terrain,306,244,"[151, 166]",Terrain/Landscapes/xMissionCD_Dungeon/507_asgard_walls_front/bob_000032.png,SOURCE_COMPLETE,[],Terrain/Landscapes/xMissionCD_Dungeon/507_asgard_walls_front/metadata.json
508,asgard walls left,"[[""xMissionCD_Dungeon""]]",1,void,[],[],data\engine2d\bin\bobs\ls_goetter2.bmd,data\engine2d\bin\bobs\ls_goetter2_s.bmd,dungeon01,1,1,[33],0,0,0,Terrain,135,299,"[58, 187]",Terrain/Landscapes/xMissionCD_Dungeon/508_asgard_walls_left/bob_000033.png,SOURCE_COMPLETE,[],Terrain/Landscapes/xMissionCD_Dungeon/508_asgard_walls_left/metadata.json
509,asgard tor front,"[[""xMissionCD_Dungeon""]]",1,void,[],[],data\engine2d\bin\bobs\ls_goetter2.bmd,data\engine2d\bin\bobs\ls_goetter2_s.bmd,dungeon01,1,1,[34],0,0,0,Terrain,286,231,"[140, 162]",Terrain/Landscapes/xMissionCD_Dungeon/509_asgard_tor_front/bob_000034.png,SOURCE_COMPLETE,[],Terrain/Landscapes/xMissionCD_Dungeon/509_asgard_tor_front/metadata.json
510,asgard tor left,"[[""xMissionCD_Dungeon""]]",1,void,[],[],data\engine2d\bin\bobs\ls_goetter2.bmd,data\engine2d\bin\bobs\ls_goetter2_s.bmd,dungeon01,1,1,[35],0,0,0,Terrain,93,296,"[39, 186]",Terrain/Landscapes/xMissionCD_Dungeon/510_asgard_tor_left/bob_000035.png,SOURCE_COMPLETE,[],Terrain/Landscapes/xMissionCD_Dungeon/510_asgard_tor_left/metadata.json
511,asgard tor right,"[[""xMissionCD_Dungeon""]]",1,void,[],[],data\engine2d\bin\bobs\ls_goetter2.bmd,data\engine2d\bin\bobs\ls_goetter2_s.bmd,dungeon01,1,1,[36],0,0,0,Terrain,277,247,"[148, 169]",Terrain/Landscapes/xMissionCD_Dungeon/511_asgard_tor_right/bob_000036.png,SOURCE_COMPLETE,[],Terrain/Landscapes/xMissionCD_Dungeon/511_asgard_tor_right/metadata.json
512,asgard pillar 01,"[[""xMissionCD_Dungeon""]]",1,void,[],[],data\engine2d\bin\bobs\ls_goetter2.bmd,data\engine2d\bin\bobs\ls_goetter2_s.bmd,dungeon01,1,1,[37],0,0,0,Terrain,59,191,"[30, 170]",Terrain/Landscapes/xMissionCD_Dungeon/512_asgard_pillar_01/bob_000037.png,SOURCE_COMPLETE,[],Terrain/Landscapes/xMissionCD_Dungeon/512_asgard_pillar_01/metadata.json
513,asgard pillar 02,"[[""xMissionCD_Dungeon""]]",1,void,[],[],data\engine2d\bin\bobs\ls_goetter2.bmd,data\engine2d\bin\bobs\ls_goetter2_s.bmd,dungeon01,1,1,[38],0,0,0,Terrain,58,192,"[28, 169]",Terrain/Landscapes/xMissionCD_Dungeon/513_asgard_pillar_02/bob_000038.png,SOURCE_COMPLETE,[],Terrain/Landscapes/xMissionCD_Dungeon/513_asgard_pillar_02/metadata.json
514,asgard fackel 01,"[[""xMissionCD_Dungeon""]]",1,void,[],[],data\engine2d\bin\bobs\ls_goetter2.bmd,data\engine2d\bin\bobs\ls_goetter2_s.bmd,dungeon01,1,1,[39],0,0,0,Terrain,38,90,"[18, 72]",Terrain/Landscapes/xMissionCD_Dungeon/514_asgard_fackel_01/bob_000039.png,SOURCE_COMPLETE,[],Terrain/Landscapes/xMissionCD_Dungeon/514_asgard_fackel_01/metadata.json
515,asgard fackel 02,"[[""xMissionCD_Dungeon""]]",1,void,[],[],data\engine2d\bin\bobs\ls_goetter2.bmd,data\engine2d\bin\bobs\ls_goetter2_s.bmd,dungeon01,1,1,[40],0,0,0,Terrain,39,90,"[19, 75]",Terrain/Landscapes/xMissionCD_Dungeon/515_asgard_fackel_02/bob_000040.png,SOURCE_COMPLETE,[],Terrain/Landscapes/xMissionCD_Dungeon/515_asgard_fackel_02/metadata.json
516,iceDungeon_teleporter,"[[""xMissionCD_Dungeon""]]",1,void,[],[],data\engine2d\bin\bobs\ls_goetter2.bmd,data\engine2d\bin\bobs\ls_goetter2_s.bmd,ice_statues,1,32,"[41, 42, 43, 44, 45, 46, 47, 48, 49, 50, 51, 52, 53, 54, 55, 56, 57, 58, 59, 60, 61, 62, 63, 64, 65, 66, 67, 68, 69, 70, 71, 72]",0,1,0,Terrain,314,192,"[159, 159]",Terrain/Landscapes/xMissionCD_Dungeon/516_iceDungeon_teleporter/bob_000072.png,SOURCE_COMPLETE,[],Terrain/Landscapes/xMissionCD_Dungeon/516_iceDungeon_teleporter/metadata.json
517,grass dark 01,"[[""meadows all"", ""meadows grass""]]",1,void,[],[],data\engine2d\bin\bobs\ls_meadows.bmd,,grass02,1,16,"[16, 17, 18, 19, 20, 21, 22, 23]",0,1,0,Terrain,42,29,"[21, 22]",Terrain/Landscapes/meadows_all/517_grass_dark_01/bob_000016.png,SOURCE_COMPLETE,[],Terrain/Landscapes/meadows_all/517_grass_dark_01/metadata.json
518,grass 01,"[[""meadows all"", ""meadows grass""]]",1,void,[],[],data\engine2d\bin\bobs\ls_meadows.bmd,,grass01,1,16,"[16, 17, 18, 19, 20, 21, 22, 23]",0,1,0,Terrain,42,29,"[21, 22]",Terrain/Landscapes/meadows_all/518_grass_01/bob_000016.png,SOURCE_COMPLETE,[],Terrain/Landscapes/meadows_all/518_grass_01/metadata.json
519,schilf 01,"[[""meadows all"", ""meadows reed""]]",1,void,[],[],data\engine2d\bin\bobs\ls_meadows.bmd,,reed01,1,16,"[56, 57, 58, 59, 60, 61, 62, 63]",0,1,0,Terrain,44,38,"[24, 30]",Terrain/Landscapes/meadows_all/519_schilf_01/bob_000056.png,SOURCE_COMPLETE,[],Terrain/Landscapes/meadows_all/519_schilf_01/metadata.json
520,schilf dark 01,"[[""meadows all"", ""meadows reed""]]",1,void,[],[],data\engine2d\bin\bobs\ls_meadows.bmd,,reed02,1,16,"[56, 57, 58, 59, 60, 61, 62, 63]",0,1,0,Terrain,44,38,"[24, 30]",Terrain/Landscapes/meadows_all/520_schilf_dark_01/bob_000056.png,SOURCE_COMPLETE,[],Terrain/Landscapes/meadows_all/520_schilf_dark_01/metadata.json
521,fern 01,"[[""meadows all"", ""meadows fern""]]",1,void,[],[],data\engine2d\bin\bobs\ls_meadows.bmd,,fern01,1,16,"[24, 25, 26, 27, 28, 29, 30, 31]",0,1,0,Terrain,60,42,"[27, 34]",Terrain/Landscapes/meadows_all/521_fern_01/bob_000024.png,SOURCE_COMPLETE,[],Terrain/Landscapes/meadows_all/521_fern_01/metadata.json
522,fern dark 01,"[[""meadows all"", ""meadows fern""]]",1,void,[],[],data\engine2d\bin\bobs\ls_meadows.bmd,,fern02,1,16,"[24, 25, 26, 27, 28, 29, 30, 31]",0,1,0,Terrain,60,42,"[27, 34]",Terrain/Landscapes/meadows_all/522_fern_dark_01/bob_000024.png,SOURCE_COMPLETE,[],Terrain/Landscapes/meadows_all/522_fern_dark_01/metadata.json
523,grass flower 01,"[[""meadows all"", ""meadows flowers""]]",1,void,[],[],data\engine2d\bin\bobs\ls_meadows.bmd,,flower01,1,16,"[32, 33, 34, 35, 36, 37, 38, 39]",0,1,0,Terrain,26,25,"[15, 21]",Terrain/Landscapes/meadows_all/523_grass_flower_01/bob_000032.png,SOURCE_COMPLETE,[],Terrain/Landscapes/meadows_all/523_grass_flower_01/metadata.json
524,grass flower 02,"[[""meadows all"", ""meadows flowers""]]",1,void,[],[],data\engine2d\bin\bobs\ls_meadows.bmd,,flower02,1,16,"[32, 33, 34, 35, 36, 37, 38, 39]",0,1,0,Terrain,26,25,"[15, 21]",Terrain/Landscapes/meadows_all/524_grass_flower_02/bob_000032.png,SOURCE_COMPLETE,[],Terrain/Landscapes/meadows_all/524_grass_flower_02/metadata.json
525,grass flower 03,"[[""meadows all"", ""meadows flowers""]]",1,void,[],[],data\engine2d\bin\bobs\ls_meadows.bmd,,flower03,1,16,"[32, 33, 34, 35, 36, 37, 38, 39]",0,1,0,Terrain,26,25,"[15, 21]",Terrain/Landscapes/meadows_all/525_grass_flower_03/bob_000032.png,SOURCE_COMPLETE,[],Terrain/Landscapes/meadows_all/525_grass_flower_03/metadata.json
526,grass flower 04,"[[""meadows all"", ""meadows flowers""]]",1,void,[],[],data\engine2d\bin\bobs\ls_meadows.bmd,,flower04,1,16,"[32, 33, 34, 35, 36, 37, 38, 39]",0,1,0,Terrain,26,25,"[15, 21]",Terrain/Landscapes/meadows_all/526_grass_flower_04/bob_000032.png,SOURCE_COMPLETE,[],Terrain/Landscapes/meadows_all/526_grass_flower_04/metadata.json
527,grass flower_2 01,"[[""meadows all"", ""meadows flowers""]]",1,void,[],[],data\engine2d\bin\bobs\ls_meadows.bmd,,flower01,1,16,"[40, 41, 42, 43, 44, 45, 46, 47]",0,1,0,Terrain,20,20,"[15, 17]",Terrain/Landscapes/meadows_all/527_grass_flower_2_01/bob_000040.png,SOURCE_COMPLETE,[],Terrain/Landscapes/meadows_all/527_grass_flower_2_01/metadata.json
528,grass flower_2 02,"[[""meadows all"", ""meadows flowers""]]",1,void,[],[],data\engine2d\bin\bobs\ls_meadows.bmd,,flower02,1,16,"[40, 41, 42, 43, 44, 45, 46, 47]",0,1,0,Terrain,20,20,"[15, 17]",Terrain/Landscapes/meadows_all/528_grass_flower_2_02/bob_000040.png,SOURCE_COMPLETE,[],Terrain/Landscapes/meadows_all/528_grass_flower_2_02/metadata.json
529,grass flower_2 03,"[[""meadows all"", ""meadows flowers""]]",1,void,[],[],data\engine2d\bin\bobs\ls_meadows.bmd,,flower03,1,16,"[40, 41, 42, 43, 44, 45, 46, 47]",0,1,0,Terrain,20,20,"[15, 17]",Terrain/Landscapes/meadows_all/529_grass_flower_2_03/bob_000040.png,SOURCE_COMPLETE,[],Terrain/Landscapes/meadows_all/529_grass_flower_2_03/metadata.json
530,grass flower_2 04,"[[""meadows all"", ""meadows flowers""]]",1,void,[],[],data\engine2d\bin\bobs\ls_meadows.bmd,,flower04,1,16,"[40, 41, 42, 43, 44, 45, 46, 47]",0,1,0,Terrain,20,20,"[15, 17]",Terrain/Landscapes/meadows_all/530_grass_flower_2_04/bob_000040.png,SOURCE_COMPLETE,[],Terrain/Landscapes/meadows_all/530_grass_flower_2_04/metadata.json
531,grass flower_3 01,"[[""meadows all"", ""meadows flowers""]]",1,void,[],[],data\engine2d\bin\bobs\ls_meadows.bmd,,flower01,1,16,"[48, 49, 50, 51, 52, 53, 54, 55]",0,1,0,Terrain,29,25,"[16, 20]",Terrain/Landscapes/meadows_all/531_grass_flower_3_01/bob_000048.png,SOURCE_COMPLETE,[],Terrain/Landscapes/meadows_all/531_grass_flower_3_01/metadata.json
532,grass flower_3 02,"[[""meadows all"", ""meadows flowers""]]",1,void,[],[],data\engine2d\bin\bobs\ls_meadows.bmd,,flower02,1,16,"[48, 49, 50, 51, 52, 53, 54, 55]",0,1,0,Terrain,29,25,"[16, 20]",Terrain/Landscapes/meadows_all/532_grass_flower_3_02/bob_000048.png,SOURCE_COMPLETE,[],Terrain/Landscapes/meadows_all/532_grass_flower_3_02/metadata.json
533,grass flower_3 03,"[[""meadows all"", ""meadows flowers""]]",1,void,[],[],data\engine2d\bin\bobs\ls_meadows.bmd,,flower03,1,16,"[48, 49, 50, 51, 52, 53, 54, 55]",0,1,0,Terrain,29,25,"[16, 20]",Terrain/Landscapes/meadows_all/533_grass_flower_3_03/bob_000048.png,SOURCE_COMPLETE,[],Terrain/Landscapes/meadows_all/533_grass_flower_3_03/metadata.json
534,grass flower_3 04,"[[""meadows all"", ""meadows flowers""]]",1,void,[],[],data\engine2d\bin\bobs\ls_meadows.bmd,,flower04,1,16,"[48, 49, 50, 51, 52, 53, 54, 55]",0,1,0,Terrain,29,25,"[16, 20]",Terrain/Landscapes/meadows_all/534_grass_flower_3_04/bob_000048.png,SOURCE_COMPLETE,[],Terrain/Landscapes/meadows_all/534_grass_flower_3_04/metadata.json
535,grass 02,"[[""meadows all"", ""meadows grass""]]",1,void,[],[],data\engine2d\bin\bobs\ls_meadows.bmd,,grass01,1,16,"[64, 65, 66, 67, 68, 69, 70, 71]",0,1,0,Terrain,40,28,"[26, 19]",Terrain/Landscapes/meadows_all/535_grass_02/bob_000064.png,SOURCE_COMPLETE,[],Terrain/Landscapes/meadows_all/535_grass_02/metadata.json
536,grass dark 02,"[[""meadows all"", ""meadows grass"", ""None""]]",1,void,[],[],data\engine2d\bin\bobs\ls_meadows.bmd,,grass02,1,16,"[64, 65, 66, 67, 68, 69, 70, 71]",0,1,0,Terrain,40,28,"[26, 19]",Terrain/Landscapes/meadows_all/536_grass_dark_02/bob_000064.png,SOURCE_COMPLETE,[],Terrain/Landscapes/meadows_all/536_grass_dark_02/metadata.json
537,grass MegaDark 01,"[[""meadows all"", ""meadows grass""]]",1,void,[],[],data\engine2d\bin\bobs\ls_meadows.bmd,,grass03,1,16,"[16, 17, 18, 19, 20, 21, 22, 23]",0,1,0,Terrain,42,29,"[21, 22]",Terrain/Landscapes/meadows_all/537_grass_MegaDark_01/bob_000016.png,SOURCE_COMPLETE,[],Terrain/Landscapes/meadows_all/537_grass_MegaDark_01/metadata.json
538,grass MegaDark 02,"[[""meadows all"", ""meadows grass""]]",1,void,[],[],data\engine2d\bin\bobs\ls_meadows.bmd,,grass03,1,16,"[64, 65, 66, 67, 68, 69, 70, 71]",0,1,0,Terrain,40,28,"[26, 19]",Terrain/Landscapes/meadows_all/538_grass_MegaDark_02/bob_000064.png,SOURCE_COMPLETE,[],Terrain/Landscapes/meadows_all/538_grass_MegaDark_02/metadata.json
539,herb 01,"[[""meadows all"", ""meadows herb""]]",1,void,[],[],data\engine2d\bin\bobs\ls_meadows.bmd,data\engine2d\bin\bobs\ls_meadows_s.bmd,herbs01,1,24,"[97, 98, 99, 100, 101, 102, 103, 104]",0,1,0,Terrain,36,42,"[19, 33]",Terrain/Landscapes/meadows_all/539_herb_01/bob_000097.png,SOURCE_COMPLETE,[],Terrain/Landscapes/meadows_all/539_herb_01/metadata.json
540,shipwreck 01,"[[""misc_shipwrecks""]]",1,void,[],[],data\engine2d\bin\bobs\ls_shipwrecks.bmd,data\engine2d\bin\bobs\ls_shipwrecks_s.bmd,shipwreck01,1,1,[0],0,0,0,Terrain,211,200,"[56, 140]",Terrain/Landscapes/misc_shipwrecks/540_shipwreck_01/bob_000000.png,SOURCE_COMPLETE,[],Terrain/Landscapes/misc_shipwrecks/540_shipwreck_01/metadata.json
541,shipwreck 02,"[[""misc_shipwrecks""]]",1,void,[],[],data\engine2d\bin\bobs\ls_shipwrecks.bmd,data\engine2d\bin\bobs\ls_shipwrecks_s.bmd,shipwreck01,1,1,[1],0,0,0,Terrain,260,217,"[126, 113]",Terrain/Landscapes/misc_shipwrecks/541_shipwreck_02/bob_000001.png,SOURCE_COMPLETE,[],Terrain/Landscapes/misc_shipwrecks/541_shipwreck_02/metadata.json
542,shipwreck 03,"[[""misc_shipwrecks""]]",1,void,[],[],data\engine2d\bin\bobs\ls_shipwrecks.bmd,data\engine2d\bin\bobs\ls_shipwrecks_s.bmd,shipwreck01,1,1,[2],0,0,0,Terrain,222,273,"[134, 162]",Terrain/Landscapes/misc_shipwrecks/542_shipwreck_03/bob_000002.png,SOURCE_COMPLETE,[],Terrain/Landscapes/misc_shipwrecks/542_shipwreck_03/metadata.json
543,shipwreck 04,"[[""misc_shipwrecks""]]",1,void,[],[],data\engine2d\bin\bobs\ls_shipwrecks.bmd,data\engine2d\bin\bobs\ls_shipwrecks_s.bmd,shipwreck01,1,1,[3],0,0,0,Terrain,352,184,"[174, 97]",Terrain/Landscapes/misc_shipwrecks/543_shipwreck_04/bob_000003.png,SOURCE_COMPLETE,[],Terrain/Landscapes/misc_shipwrecks/543_shipwreck_04/metadata.json
544,shipwreck 05,"[[""misc_shipwrecks""]]",1,void,[],[],data\engine2d\bin\bobs\ls_shipwrecks.bmd,data\engine2d\bin\bobs\ls_shipwrecks_s.bmd,shipwreck01,1,1,[4],0,0,0,Terrain,582,367,"[314, 253]",Terrain/Landscapes/misc_shipwrecks/544_shipwreck_05/bob_000004.png,SOURCE_COMPLETE,[],Terrain/Landscapes/misc_shipwrecks/544_shipwreck_05/metadata.json
545,shipwreck debris 01,"[[""misc_shipwrecks""]]",1,void,[],[],data\engine2d\bin\bobs\ls_shipwrecks.bmd,data\engine2d\bin\bobs\ls_shipwrecks_s.bmd,rock03,1,1,[5],1,0,0,Terrain,234,133,"[121, 76]",Terrain/Landscapes/misc_shipwrecks/545_shipwreck_debris_01/bob_000005.png,SOURCE_COMPLETE,[],Terrain/Landscapes/misc_shipwrecks/545_shipwreck_debris_01/metadata.json
546,ship small 01,"[[""misc_shipwrecks""]]",1,void,[],[],data\engine2d\bin\bobs\ls_shipwrecks.bmd,data\engine2d\bin\bobs\ls_shipwrecks_s.bmd,caves,1,1,[6],0,0,0,Terrain,105,66,"[51, 49]",Terrain/Landscapes/misc_shipwrecks/546_ship_small_01/bob_000006.png,SOURCE_COMPLETE,[],Terrain/Landscapes/misc_shipwrecks/546_ship_small_01/metadata.json
547,ship small 02,"[[""misc_shipwrecks""]]",1,void,[],[],data\engine2d\bin\bobs\ls_shipwrecks.bmd,data\engine2d\bin\bobs\ls_shipwrecks_s.bmd,caves,1,1,[7],0,0,0,Terrain,107,55,"[52, 40]",Terrain/Landscapes/misc_shipwrecks/547_ship_small_02/bob_000007.png,SOURCE_COMPLETE,[],Terrain/Landscapes/misc_shipwrecks/547_ship_small_02/metadata.json
548,ship small 03,"[[""misc_shipwrecks""]]",1,void,[],[],data\engine2d\bin\bobs\ls_shipwrecks.bmd,data\engine2d\bin\bobs\ls_shipwrecks_s.bmd,caves,1,1,[8],1,0,0,Terrain,93,85,"[50, 51]",Terrain/Landscapes/misc_shipwrecks/548_ship_small_03/bob_000008.png,SOURCE_COMPLETE,[],Terrain/Landscapes/misc_shipwrecks/548_ship_small_03/metadata.json
549,ship small 04,"[[""misc_shipwrecks""]]",1,void,[],[],data\engine2d\bin\bobs\ls_shipwrecks.bmd,data\engine2d\bin\bobs\ls_shipwrecks_s.bmd,caves,1,1,[9],1,0,0,Terrain,147,95,"[68, 63]",Terrain/Landscapes/misc_shipwrecks/549_ship_small_04/bob_000009.png,SOURCE_COMPLETE,[],Terrain/Landscapes/misc_shipwrecks/549_ship_small_04/metadata.json
550,wreck debris 01,"[[""misc_shipwrecks""]]",1,void,[],[],data\engine2d\bin\bobs\ls_shipwrecks.bmd,data\engine2d\bin\bobs\ls_shipwrecks_s.bmd,caves2,1,1,[10],0,0,0,Terrain,39,47,"[14, 28]",Terrain/Landscapes/misc_shipwrecks/550_wreck_debris_01/bob_000010.png,SOURCE_COMPLETE,[],Terrain/Landscapes/misc_shipwrecks/550_wreck_debris_01/metadata.json
551,wreck debris 02,"[[""misc_shipwrecks""]]",1,void,[],[],data\engine2d\bin\bobs\ls_shipwrecks.bmd,data\engine2d\bin\bobs\ls_shipwrecks_s.bmd,caves2,1,1,[11],0,0,0,Terrain,30,24,"[16, 21]",Terrain/Landscapes/misc_shipwrecks/551_wreck_debris_02/bob_000011.png,SOURCE_COMPLETE,[],Terrain/Landscapes/misc_shipwrecks/551_wreck_debris_02/metadata.json
552,wreck debris 03,"[[""misc_shipwrecks""]]",1,void,[],[],data\engine2d\bin\bobs\ls_shipwrecks.bmd,data\engine2d\bin\bobs\ls_shipwrecks_s.bmd,caves2,1,1,[12],0,0,0,Terrain,35,32,"[15, 21]",Terrain/Landscapes/misc_shipwrecks/552_wreck_debris_03/bob_000012.png,SOURCE_COMPLETE,[],Terrain/Landscapes/misc_shipwrecks/552_wreck_debris_03/metadata.json
553,wreck debris 04,"[[""misc_shipwrecks""]]",1,void,[],[],data\engine2d\bin\bobs\ls_shipwrecks.bmd,data\engine2d\bin\bobs\ls_shipwrecks_s.bmd,caves2,1,1,[13],0,0,0,Terrain,27,30,"[13, 21]",Terrain/Landscapes/misc_shipwrecks/553_wreck_debris_04/bob_000013.png,SOURCE_COMPLETE,[],Terrain/Landscapes/misc_shipwrecks/553_wreck_debris_04/metadata.json
554,wreck debris 05,"[[""misc_shipwrecks""]]",1,void,[],[],data\engine2d\bin\bobs\ls_shipwrecks.bmd,data\engine2d\bin\bobs\ls_shipwrecks_s.bmd,caves2,1,1,[14],0,0,0,Terrain,50,30,"[24, 22]",Terrain/Landscapes/misc_shipwrecks/554_wreck_debris_05/bob_000014.png,SOURCE_COMPLETE,[],Terrain/Landscapes/misc_shipwrecks/554_wreck_debris_05/metadata.json
555,wreck debris 06,"[[""misc_shipwrecks""]]",1,void,[],[],data\engine2d\bin\bobs\ls_shipwrecks.bmd,data\engine2d\bin\bobs\ls_shipwrecks_s.bmd,caves2,1,1,[15],0,0,0,Terrain,28,32,"[12, 23]",Terrain/Landscapes/misc_shipwrecks/555_wreck_debris_06/bob_000015.png,SOURCE_COMPLETE,[],Terrain/Landscapes/misc_shipwrecks/555_wreck_debris_06/metadata.json
556,wreck debris 07,"[[""misc_shipwrecks""]]",1,void,[],[],data\engine2d\bin\bobs\ls_shipwrecks.bmd,data\engine2d\bin\bobs\ls_shipwrecks_s.bmd,rock03,1,1,[16],0,0,0,Terrain,80,77,"[27, 56]",Terrain/Landscapes/misc_shipwrecks/556_wreck_debris_07/bob_000016.png,SOURCE_COMPLETE,[],Terrain/Landscapes/misc_shipwrecks/556_wreck_debris_07/metadata.json
557,wreck debris 08,"[[""misc_shipwrecks""]]",1,void,[],[],data\engine2d\bin\bobs\ls_shipwrecks.bmd,data\engine2d\bin\bobs\ls_shipwrecks_s.bmd,rock03,1,1,[17],1,0,0,Terrain,107,51,"[65, 28]",Terrain/Landscapes/misc_shipwrecks/557_wreck_debris_08/bob_000017.png,SOURCE_COMPLETE,[],Terrain/Landscapes/misc_shipwrecks/557_wreck_debris_08/metadata.json
558,wreck debris 09,"[[""misc_shipwrecks""]]",1,void,[],[],data\engine2d\bin\bobs\ls_shipwrecks.bmd,data\engine2d\bin\bobs\ls_shipwrecks_s.bmd,rock03,1,1,[18],1,0,0,Terrain,121,41,"[37, 36]",Terrain/Landscapes/misc_shipwrecks/558_wreck_debris_09/bob_000018.png,SOURCE_COMPLETE,[],Terrain/Landscapes/misc_shipwrecks/558_wreck_debris_09/metadata.json
559,freia,"[[""xMissionCD_goetter""]]",1,void,[],[],data\engine2d\bin\bobs\ls_goetter.bmd,data\engine2d\bin\bobs\ls_goetter_s.bmd,ice_statues,1,1,[0],0,0,0,Terrain,110,132,"[55, 87]",Terrain/Landscapes/xMissionCD_goetter/559_freia/bob_000000.png,SOURCE_COMPLETE,[],Terrain/Landscapes/xMissionCD_goetter/559_freia/metadata.json
560,noird,"[[""xMissionCD_goetter""]]",1,void,[],[],data\engine2d\bin\bobs\ls_goetter.bmd,data\engine2d\bin\bobs\ls_goetter_s.bmd,ice_statues,1,1,[1],0,0,0,Terrain,122,127,"[55, 47]",Terrain/Landscapes/xMissionCD_goetter/560_noird/bob_000001.png,SOURCE_COMPLETE,[],Terrain/Landscapes/xMissionCD_goetter/560_noird/metadata.json
561,skadi,"[[""xMissionCD_goetter""]]",1,void,[],[],data\engine2d\bin\bobs\ls_goetter.bmd,data\engine2d\bin\bobs\ls_goetter_s.bmd,ice_statues,1,1,[2],0,0,0,Terrain,112,145,"[58, 83]",Terrain/Landscapes/xMissionCD_goetter/561_skadi/bob_000002.png,SOURCE_COMPLETE,[],Terrain/Landscapes/xMissionCD_goetter/561_skadi/metadata.json
562,thor,"[[""xMissionCD_goetter""]]",1,void,[],[],data\engine2d\bin\bobs\ls_goetter.bmd,data\engine2d\bin\bobs\ls_goetter_s.bmd,ice_statues,1,1,[3],0,0,0,Terrain,80,163,"[50, 139]",Terrain/Landscapes/xMissionCD_goetter/562_thor/bob_000003.png,SOURCE_COMPLETE,[],Terrain/Landscapes/xMissionCD_goetter/562_thor/metadata.json
563,fenrir,"[[""xMissionCD_goetter""]]",1,void,[],[],data\engine2d\bin\bobs\ls_goetter.bmd,data\engine2d\bin\bobs\ls_goetter_s.bmd,goods_bow,1,39,"[65, 66, 67, 68, 69, 70, 71, 72, 73, 74, 75, 76, 77, 78, 79, 80, 81, 82, 83, 84, 85, 86, 87, 88, 89, 90, 91, 92, 93, 94, 95, 96, 97, 98, 99, 100, 101, 102, 103]",0,1,0,Terrain,106,139,"[57, 111]",Terrain/Landscapes/xMissionCD_goetter/563_fenrir/bob_000103.png,SOURCE_COMPLETE,[],Terrain/Landscapes/xMissionCD_goetter/563_fenrir/metadata.json
564,artefact armor,"[[""xMissionCD_goetter""]]",1,void,[],[],data\engine2d\bin\bobs\ls_goetter.bmd,data\engine2d\bin\bobs\ls_goetter_s.bmd,caves2,1,1,[104],0,0,0,Terrain,41,44,"[21, 32]",Terrain/Landscapes/xMissionCD_goetter/564_artefact_armor/bob_000104.png,SOURCE_COMPLETE,[],Terrain/Landscapes/xMissionCD_goetter/564_artefact_armor/metadata.json
565,artefact axt,"[[""xMissionCD_goetter""]]",1,void,[],[],data\engine2d\bin\bobs\ls_goetter.bmd,data\engine2d\bin\bobs\ls_goetter_s.bmd,caves2,1,1,[105],0,0,0,Terrain,47,37,"[20, 22]",Terrain/Landscapes/xMissionCD_goetter/565_artefact_axt/bob_000105.png,SOURCE_COMPLETE,[],Terrain/Landscapes/xMissionCD_goetter/565_artefact_axt/metadata.json
566,unicorn,"[[""xMissionCD_goetter""]]",1,void,[],[],data\engine2d\bin\bobs\ls_goetter.bmd,data\engine2d\bin\bobs\ls_goetter_s.bmd,Chicken01,1,41,"[106, 107, 108, 109, 110, 111, 112, 113, 114, 115, 116, 117, 118]",0,1,0,Terrain,118,72,"[75, 57]",Terrain/Landscapes/xMissionCD_goetter/566_unicorn/bob_000106.png,SOURCE_COMPLETE,[],Terrain/Landscapes/xMissionCD_goetter/566_unicorn/metadata.json
567,flaschengeist MissionCD,"[[""xMissionCD_goetter""]]",1,void,[],[],data\engine2d\bin\bobs\ls_goetter.bmd,data\engine2d\bin\bobs\ls_goetter_s.bmd,dungeon01,1,29,"[122, 123, 124, 125, 126, 127, 128, 129, 130, 131, 132, 133, 134, 135, 136, 137, 138, 139, 140, 141, 142, 143, 144, 145, 146, 147, 148, 149, 150]",0,1,0,Terrain,51,100,"[18, 84]",Terrain/Landscapes/xMissionCD_goetter/567_flaschengeist_MissionCD/bob_000150.png,SOURCE_COMPLETE,[],Terrain/Landscapes/xMissionCD_goetter/567_flaschengeist_MissionCD/metadata.json
568,Loki Landscape,"[[""xMissionCD_goetter""]]",1,void,[],[],data\engine2d\bin\bobs\ls_goetter.bmd,data\engine2d\bin\bobs\ls_goetter_s.bmd,caves,1,33,"[151, 152, 153, 154, 155, 156, 157, 158, 159, 160, 161, 162, 163, 164, 165, 166, 167, 168, 169, 170, 171, 172, 173, 174, 175, 176, 177, 178, 179, 180, 181, 182, 183]",0,1,0,Terrain,36,45,"[19, 36]",Terrain/Landscapes/xMissionCD_goetter/568_Loki_Landscape/bob_000183.png,SOURCE_COMPLETE,[],Terrain/Landscapes/xMissionCD_goetter/568_Loki_Landscape/metadata.json
569,odin cyra,"[[""xMissionCD_goetter""]]",1,void,[],[],data\engine2d\bin\bobs\ls_goetter.bmd,data\engine2d\bin\bobs\ls_goetter_s.bmd,caves,1,1,[184],0,0,0,Terrain,153,147,"[66, 107]",Terrain/Landscapes/xMissionCD_goetter/569_odin_cyra/bob_000184.png,SOURCE_COMPLETE,[],Terrain/Landscapes/xMissionCD_goetter/569_odin_cyra/metadata.json
570,yggdrasil,"[[""xMissionCD_goetter""]]",1,void,[],[],data\engine2d\bin\bobs\ls_goetter.bmd,data\engine2d\bin\bobs\ls_goetter_s.bmd,goods_bread,1,1,[185],0,0,0,Terrain,708,465,"[366, 342]",Terrain/Landscapes/xMissionCD_goetter/570_yggdrasil/bob_000185.png,SOURCE_COMPLETE,[],Terrain/Landscapes/xMissionCD_goetter/570_yggdrasil/metadata.json
571,heimdall horn leer,"[[""xMissionCD_goetter""]]",1,void,[],[],data\engine2d\bin\bobs\ls_goetter.bmd,data\engine2d\bin\bobs\ls_goetter_s.bmd,harbour01,1,1,[258],0,0,0,Terrain,239,227,"[122, 166]",Terrain/Landscapes/xMissionCD_goetter/571_heimdall_horn_leer/bob_000258.png,SOURCE_COMPLETE,[],Terrain/Landscapes/xMissionCD_goetter/571_heimdall_horn_leer/metadata.json
572,heimdall horn,"[[""xMissionCD_goetter""]]",1,void,[],[],data\engine2d\bin\bobs\ls_goetter.bmd,data\engine2d\bin\bobs\ls_goetter_s.bmd,harbour01,1,1,[259],0,0,0,Terrain,241,227,"[122, 166]",Terrain/Landscapes/xMissionCD_goetter/572_heimdall_horn/bob_000259.png,SOURCE_COMPLETE,[],Terrain/Landscapes/xMissionCD_goetter/572_heimdall_horn/metadata.json
573,heimdall stairs 01,"[[""xMissionCD_goetter""]]",1,void,[],[],data\engine2d\bin\bobs\ls_goetter2.bmd,data\engine2d\bin\bobs\ls_gates_s.bmd,caves,1,1,[260],1,0,0,Terrain,365,291,"[167, 243]",Terrain/Landscapes/xMissionCD_goetter/573_heimdall_stairs_01/bob_000260.png,SOURCE_COMPLETE,[],Terrain/Landscapes/xMissionCD_goetter/573_heimdall_stairs_01/metadata.json
574,heimdall stairs 02,"[[""xMissionCD_goetter""]]",1,void,[],[],data\engine2d\bin\bobs\ls_goetter2.bmd,data\engine2d\bin\bobs\ls_gates_s.bmd,caves,1,1,[261],1,0,0,Terrain,429,289,"[209, 183]",Terrain/Landscapes/xMissionCD_goetter/574_heimdall_stairs_02/bob_000261.png,SOURCE_COMPLETE,[],Terrain/Landscapes/xMissionCD_goetter/574_heimdall_stairs_02/metadata.json
575,heimdall stairs 03,"[[""xMissionCD_goetter""]]",1,void,[],[],data\engine2d\bin\bobs\ls_goetter2.bmd,data\engine2d\bin\bobs\ls_gates_s.bmd,caves,1,1,[262],1,0,0,Terrain,419,277,"[199, 179]",Terrain/Landscapes/xMissionCD_goetter/575_heimdall_stairs_03/bob_000262.png,SOURCE_COMPLETE,[],Terrain/Landscapes/xMissionCD_goetter/575_heimdall_stairs_03/metadata.json
576,Heimdall,"[[""xMissionCD_goetter""]]",1,void,[],[],data\engine2d\bin\bobs\ls_goetter2.bmd,data\engine2d\bin\bobs\ls_goetter2_s.bmd,test_human_00,1,23,"[0, 1, 2, 3, 4, 5, 6, 7, 8, 9, 10, 11, 12, 13, 14, 15, 16, 17, 18, 19, 20, 21, 22]",0,1,0,Terrain,28,48,"[14, 39]",Terrain/Landscapes/xMissionCD_goetter/576_Heimdall/bob_000022.png,SOURCE_COMPLETE,[],Terrain/Landscapes/xMissionCD_goetter/576_Heimdall/metadata.json
577,stones 01 khaki,"[[""stones khaki""]]",15,rock,[3],[],data\engine2d\bin\bobs\ls_ground.bmd,data\engine2d\bin\bobs\ls_ground_s.bmd,rock03,4,4,"[10, 18, 19, 20]",1,0,4,Terrain,95,49,"[48, 25]",Terrain/Landscapes/stones_khaki/577_stones_01_khaki/bob_000010.png,SOURCE_COMPLETE,[],Terrain/Landscapes/stones_khaki/577_stones_01_khaki/metadata.json
578,stones 02 khaki,"[[""stones khaki""]]",15,rock,[3],[],data\engine2d\bin\bobs\ls_ground.bmd,data\engine2d\bin\bobs\ls_ground_s.bmd,rock03,5,5,"[11, 22, 23, 24, 25]",1,0,4,Terrain,91,54,"[50, 25]",Terrain/Landscapes/stones_khaki/578_stones_02_khaki/bob_000011.png,SOURCE_COMPLETE,[],Terrain/Landscapes/stones_khaki/578_stones_02_khaki/metadata.json
579,stones 04 khaki,"[[""stones khaki""]]",15,rock,[3],[],data\engine2d\bin\bobs\ls_ground.bmd,data\engine2d\bin\bobs\ls_ground_s.bmd,rock03,4,4,"[13, 31, 32, 33]",1,0,4,Terrain,81,54,"[41, 24]",Terrain/Landscapes/stones_khaki/579_stones_04_khaki/bob_000013.png,SOURCE_COMPLETE,[],Terrain/Landscapes/stones_khaki/579_stones_04_khaki/metadata.json
580,stones 03 khaki,"[[""stones khaki""]]",15,rock,[3],[],data\engine2d\bin\bobs\ls_ground.bmd,data\engine2d\bin\bobs\ls_ground_s.bmd,rock03,4,4,"[12, 27, 28, 29]",1,0,4,Terrain,101,57,"[47, 29]",Terrain/Landscapes/stones_khaki/580_stones_03_khaki/bob_000012.png,SOURCE_COMPLETE,[],Terrain/Landscapes/stones_khaki/580_stones_03_khaki/metadata.json
581,stones 05 khaki,"[[""stones khaki""]]",15,rock,[3],[],data\engine2d\bin\bobs\ls_ground.bmd,data\engine2d\bin\bobs\ls_ground_s.bmd,rock03,4,4,"[35, 36, 37, 38]",1,0,4,Terrain,95,45,"[46, 15]",Terrain/Landscapes/stones_khaki/581_stones_05_khaki/bob_000035.png,SOURCE_COMPLETE,[],Terrain/Landscapes/stones_khaki/581_stones_05_khaki/metadata.json
582,stones 07 khaki,"[[""stones khaki""]]",15,rock,[3],[],data\engine2d\bin\bobs\ls_ground.bmd,data\engine2d\bin\bobs\ls_ground_s.bmd,rock03,5,5,"[15, 40, 41, 42, 43]",1,0,4,Terrain,106,51,"[52, 24]",Terrain/Landscapes/stones_khaki/582_stones_07_khaki/bob_000015.png,SOURCE_COMPLETE,[],Terrain/Landscapes/stones_khaki/582_stones_07_khaki/metadata.json
583,stones 08 khaki,"[[""stones khaki""]]",15,rock,[3],[],data\engine2d\bin\bobs\ls_ground.bmd,data\engine2d\bin\bobs\ls_ground_s.bmd,rock03,4,4,"[16, 45, 46, 47]",1,0,4,Terrain,84,63,"[45, 37]",Terrain/Landscapes/stones_khaki/583_stones_08_khaki/bob_000016.png,SOURCE_COMPLETE,[],Terrain/Landscapes/stones_khaki/583_stones_08_khaki/metadata.json
584,stones 13 khaki,"[[""stones khaki""]]",15,rock,[3],[],data\engine2d\bin\bobs\ls_ground.bmd,data\engine2d\bin\bobs\ls_ground_s.bmd,rock03,5,5,"[17, 49, 50, 51, 52]",1,0,4,Terrain,92,69,"[46, 37]",Terrain/Landscapes/stones_khaki/584_stones_13_khaki/bob_000017.png,SOURCE_COMPLETE,[],Terrain/Landscapes/stones_khaki/584_stones_13_khaki/metadata.json
585,stones 01 khaki rest,"[[""stones khaki""]]",1,void,[],[],data\engine2d\bin\bobs\ls_ground.bmd,data\engine2d\bin\bobs\ls_ground_s.bmd,rock03,1,1,[21],1,0,0,Terrain,95,33,"[48, 11]",Terrain/Landscapes/stones_khaki/585_stones_01_khaki_rest/bob_000021.png,SOURCE_COMPLETE,[],Terrain/Landscapes/stones_khaki/585_stones_01_khaki_rest/metadata.json
586,stones 02 khaki rest,"[[""stones khaki""]]",1,void,[],[],data\engine2d\bin\bobs\ls_ground.bmd,data\engine2d\bin\bobs\ls_ground_s.bmd,rock03,1,1,[26],1,0,0,Terrain,82,27,"[50, 0]",Terrain/Landscapes/stones_khaki/586_stones_02_khaki_rest/bob_000026.png,SOURCE_COMPLETE,[],Terrain/Landscapes/stones_khaki/586_stones_02_khaki_rest/metadata.json
587,stones 03 khaki rest,"[[""stones khaki""]]",1,void,[],[],data\engine2d\bin\bobs\ls_ground.bmd,data\engine2d\bin\bobs\ls_ground_s.bmd,rock03,1,1,[30],1,0,0,Terrain,101,35,"[47, 7]",Terrain/Landscapes/stones_khaki/587_stones_03_khaki_rest/bob_000030.png,SOURCE_COMPLETE,[],Terrain/Landscapes/stones_khaki/587_stones_03_khaki_rest/metadata.json
588,stones 04 khaki rest,"[[""stones khaki""]]",1,void,[],[],data\engine2d\bin\bobs\ls_ground.bmd,data\engine2d\bin\bobs\ls_ground_s.bmd,rock03,1,1,[34],1,0,0,Terrain,81,45,"[41, 15]",Terrain/Landscapes/stones_khaki/588_stones_04_khaki_rest/bob_000034.png,SOURCE_COMPLETE,[],Terrain/Landscapes/stones_khaki/588_stones_04_khaki_rest/metadata.json
589,stones 05 khaki rest,"[[""stones khaki""]]",1,void,[],[],data\engine2d\bin\bobs\ls_ground.bmd,data\engine2d\bin\bobs\ls_ground_s.bmd,rock03,1,1,[39],1,0,0,Terrain,73,31,"[46, 1]",Terrain/Landscapes/stones_khaki/589_stones_05_khaki_rest/bob_000039.png,SOURCE_COMPLETE,[],Terrain/Landscapes/stones_khaki/589_stones_05_khaki_rest/metadata.json
590,stones 07 khaki rest,"[[""stones khaki""]]",1,void,[],[],data\engine2d\bin\bobs\ls_ground.bmd,data\engine2d\bin\bobs\ls_ground_s.bmd,rock03,1,1,[43],0,0,0,Terrain,104,40,"[52, 13]",Terrain/Landscapes/stones_khaki/582_stones_07_khaki/bob_000043.png,SOURCE_COMPLETE,[],Terrain/Landscapes/stones_khaki/590_stones_07_khaki_rest/metadata.json
591,stones 08 khaki rest,"[[""stones khaki""]]",1,void,[],[],data\engine2d\bin\bobs\ls_ground.bmd,data\engine2d\bin\bobs\ls_ground_s.bmd,rock03,1,1,[48],1,0,0,Terrain,84,31,"[42, 0]",Terrain/Landscapes/stones_khaki/591_stones_08_khaki_rest/bob_000048.png,SOURCE_COMPLETE,[],Terrain/Landscapes/stones_khaki/591_stones_08_khaki_rest/metadata.json
592,stones 13 khaki rest,"[[""stones khaki""]]",1,void,[],[],data\engine2d\bin\bobs\ls_ground.bmd,data\engine2d\bin\bobs\ls_ground_s.bmd,rock03,1,1,[53],1,0,0,Terrain,93,69,"[47, 36]",Terrain/Landscapes/stones_khaki/592_stones_13_khaki_rest/bob_000053.png,SOURCE_COMPLETE,[],Terrain/Landscapes/stones_khaki/592_stones_13_khaki_rest/metadata.json
593,stone ore 01 khaki,"[[""stones khaki""]]",16,stone_ore,[3],[],data\engine2d\bin\bobs\ls_goods.bmd,data\engine2d\bin\bobs\ls_goods_s.bmd,rock03,1,1,[15],1,0,0,Terrain,19,20,"[2, 8]",Terrain/Landscapes/stones_khaki/593_stone_ore_01_khaki/bob_000015.png,SOURCE_COMPLETE,[],Terrain/Landscapes/stones_khaki/593_stone_ore_01_khaki/metadata.json
594,stones 01 grey,"[[""stones grey""]]",15,rock,[3],[],data\engine2d\bin\bobs\ls_ground.bmd,data\engine2d\bin\bobs\ls_ground_s.bmd,rock02,4,4,"[10, 18, 19, 20]",1,0,4,Terrain,95,49,"[48, 25]",Terrain/Landscapes/stones_grey/594_stones_01_grey/bob_000010.png,SOURCE_COMPLETE,[],Terrain/Landscapes/stones_grey/594_stones_01_grey/metadata.json
595,stones 02 grey,"[[""stones grey""]]",15,rock,[3],[],data\engine2d\bin\bobs\ls_ground.bmd,data\engine2d\bin\bobs\ls_ground_s.bmd,rock02,5,5,"[11, 22, 23, 24, 25]",1,0,4,Terrain,91,54,"[50, 25]",Terrain/Landscapes/stones_grey/595_stones_02_grey/bob_000011.png,SOURCE_COMPLETE,[],Terrain/Landscapes/stones_grey/595_stones_02_grey/metadata.json
596,stones 04 grey,"[[""stones grey""]]",15,rock,[3],[],data\engine2d\bin\bobs\ls_ground.bmd,data\engine2d\bin\bobs\ls_ground_s.bmd,rock02,4,4,"[13, 31, 32, 33]",1,0,4,Terrain,81,54,"[41, 24]",Terrain/Landscapes/stones_grey/596_stones_04_grey/bob_000013.png,SOURCE_COMPLETE,[],Terrain/Landscapes/stones_grey/596_stones_04_grey/metadata.json
597,stones 03 grey,"[[""stones grey""]]",15,rock,[3],[],data\engine2d\bin\bobs\ls_ground.bmd,data\engine2d\bin\bobs\ls_ground_s.bmd,rock02,4,4,"[12, 27, 28, 29]",1,0,4,Terrain,101,57,"[47, 29]",Terrain/Landscapes/stones_grey/597_stones_03_grey/bob_000012.png,SOURCE_COMPLETE,[],Terrain/Landscapes/stones_grey/597_stones_03_grey/metadata.json
598,stones 05 grey,"[[""stones grey""]]",15,rock,[3],[],data\engine2d\bin\bobs\ls_ground.bmd,data\engine2d\bin\bobs\ls_ground_s.bmd,rock02,4,4,"[35, 36, 37, 38]",1,0,4,Terrain,95,45,"[46, 15]",Terrain/Landscapes/stones_grey/598_stones_05_grey/bob_000035.png,SOURCE_COMPLETE,[],Terrain/Landscapes/stones_grey/598_stones_05_grey/metadata.json
599,stones 07 grey,"[[""stones grey""]]",15,rock,[3],[],data\engine2d\bin\bobs\ls_ground.bmd,data\engine2d\bin\bobs\ls_ground_s.bmd,rock02,5,5,"[15, 40, 41, 42, 43]",1,0,4,Terrain,106,51,"[52, 24]",Terrain/Landscapes/stones_grey/599_stones_07_grey/bob_000015.png,SOURCE_COMPLETE,[],Terrain/Landscapes/stones_grey/599_stones_07_grey/metadata.json
600,stones 08 grey,"[[""stones grey""]]",15,rock,[3],[],data\engine2d\bin\bobs\ls_ground.bmd,data\engine2d\bin\bobs\ls_ground_s.bmd,rock02,4,4,"[16, 45, 46, 47]",1,0,4,Terrain,84,63,"[45, 37]",Terrain/Landscapes/stones_grey/600_stones_08_grey/bob_000016.png,SOURCE_COMPLETE,[],Terrain/Landscapes/stones_grey/600_stones_08_grey/metadata.json
601,stones 13 grey,"[[""stones grey""]]",15,rock,[3],[],data\engine2d\bin\bobs\ls_ground.bmd,data\engine2d\bin\bobs\ls_ground_s.bmd,rock02,5,5,"[17, 49, 50, 51, 52]",1,0,4,Terrain,92,69,"[46, 37]",Terrain/Landscapes/stones_grey/601_stones_13_grey/bob_000017.png,SOURCE_COMPLETE,[],Terrain/Landscapes/stones_grey/601_stones_13_grey/metadata.json
602,stones 01 grey rest,"[[""stones grey""]]",1,void,[],[],data\engine2d\bin\bobs\ls_ground.bmd,data\engine2d\bin\bobs\ls_ground_s.bmd,rock02,1,1,[21],1,0,0,Terrain,95,33,"[48, 11]",Terrain/Landscapes/stones_grey/602_stones_01_grey_rest/bob_000021.png,SOURCE_COMPLETE,[],Terrain/Landscapes/stones_grey/602_stones_01_grey_rest/metadata.json
603,stones 02 grey rest,"[[""stones grey""]]",1,void,[],[],data\engine2d\bin\bobs\ls_ground.bmd,data\engine2d\bin\bobs\ls_ground_s.bmd,rock02,1,1,[26],1,0,0,Terrain,82,27,"[50, 0]",Terrain/Landscapes/stones_grey/603_stones_02_grey_rest/bob_000026.png,SOURCE_COMPLETE,[],Terrain/Landscapes/stones_grey/603_stones_02_grey_rest/metadata.json
604,stones 03 grey rest,"[[""stones grey""]]",1,void,[],[],data\engine2d\bin\bobs\ls_ground.bmd,data\engine2d\bin\bobs\ls_ground_s.bmd,rock02,1,1,[30],1,0,0,Terrain,101,35,"[47, 7]",Terrain/Landscapes/stones_grey/604_stones_03_grey_rest/bob_000030.png,SOURCE_COMPLETE,[],Terrain/Landscapes/stones_grey/604_stones_03_grey_rest/metadata.json
605,stones 04 grey rest,"[[""stones grey""]]",1,void,[],[],data\engine2d\bin\bobs\ls_ground.bmd,data\engine2d\bin\bobs\ls_ground_s.bmd,rock02,1,1,[34],1,0,0,Terrain,81,45,"[41, 15]",Terrain/Landscapes/stones_grey/605_stones_04_grey_rest/bob_000034.png,SOURCE_COMPLETE,[],Terrain/Landscapes/stones_grey/605_stones_04_grey_rest/metadata.json
606,stones 05 grey rest,"[[""stones grey""]]",1,void,[],[],data\engine2d\bin\bobs\ls_ground.bmd,data\engine2d\bin\bobs\ls_ground_s.bmd,rock02,1,1,[39],1,0,0,Terrain,73,31,"[46, 1]",Terrain/Landscapes/stones_grey/606_stones_05_grey_rest/bob_000039.png,SOURCE_COMPLETE,[],Terrain/Landscapes/stones_grey/606_stones_05_grey_rest/metadata.json
607,stones 07 grey rest,"[[""stones grey""]]",1,void,[],[],data\engine2d\bin\bobs\ls_ground.bmd,data\engine2d\bin\bobs\ls_ground_s.bmd,rock02,1,1,[43],1,0,0,Terrain,104,40,"[52, 13]",Terrain/Landscapes/stones_grey/599_stones_07_grey/bob_000043.png,SOURCE_COMPLETE,[],Terrain/Landscapes/stones_grey/607_stones_07_grey_rest/metadata.json
608,stones 08 grey rest,"[[""stones grey""]]",1,void,[],[],data\engine2d\bin\bobs\ls_ground.bmd,data\engine2d\bin\bobs\ls_ground_s.bmd,rock02,1,1,[48],1,0,0,Terrain,84,31,"[42, 0]",Terrain/Landscapes/stones_grey/608_stones_08_grey_rest/bob_000048.png,SOURCE_COMPLETE,[],Terrain/Landscapes/stones_grey/608_stones_08_grey_rest/metadata.json
609,stones 13 grey rest,"[[""stones grey""]]",1,void,[],[],data\engine2d\bin\bobs\ls_ground.bmd,data\engine2d\bin\bobs\ls_ground_s.bmd,rock02,1,1,[53],1,0,0,Terrain,93,69,"[47, 36]",Terrain/Landscapes/stones_grey/609_stones_13_grey_rest/bob_000053.png,SOURCE_COMPLETE,[],Terrain/Landscapes/stones_grey/609_stones_13_grey_rest/metadata.json
610,stone ore 01 grey,"[[""stones grey""]]",16,stone_ore,[3],[],data\engine2d\bin\bobs\ls_goods.bmd,data\engine2d\bin\bobs\ls_goods_s.bmd,rock02,1,1,[15],1,0,0,Terrain,19,20,"[2, 8]",Terrain/Landscapes/stones_grey/610_stone_ore_01_grey/bob_000015.png,SOURCE_COMPLETE,[],Terrain/Landscapes/stones_grey/610_stone_ore_01_grey/metadata.json
611,stones 01 Snow,"[[""stones Snow""]]",15,rock,[3],[],data\engine2d\bin\bobs\ls_ground.bmd,data\engine2d\bin\bobs\ls_ground_s.bmd,RockSnow02,4,4,"[10, 18, 19, 20]",1,0,4,Terrain,95,49,"[48, 25]",Terrain/Landscapes/stones_Snow/611_stones_01_Snow/bob_000010.png,SOURCE_COMPLETE,[],Terrain/Landscapes/stones_Snow/611_stones_01_Snow/metadata.json
612,stones 02 Snow,"[[""stones Snow""]]",15,rock,[3],[],data\engine2d\bin\bobs\ls_ground.bmd,data\engine2d\bin\bobs\ls_ground_s.bmd,RockSnow02,5,5,"[11, 22, 23, 24, 25]",1,0,4,Terrain,91,54,"[50, 25]",Terrain/Landscapes/stones_Snow/612_stones_02_Snow/bob_000011.png,SOURCE_COMPLETE,[],Terrain/Landscapes/stones_Snow/612_stones_02_Snow/metadata.json
613,stones 04 Snow,"[[""stones Snow""]]",15,rock,[3],[],data\engine2d\bin\bobs\ls_ground.bmd,data\engine2d\bin\bobs\ls_ground_s.bmd,RockSnow02,4,4,"[13, 31, 32, 33]",1,0,4,Terrain,81,54,"[41, 24]",Terrain/Landscapes/stones_Snow/613_stones_04_Snow/bob_000013.png,SOURCE_COMPLETE,[],Terrain/Landscapes/stones_Snow/613_stones_04_Snow/metadata.json
614,stones 03 Snow,"[[""stones Snow""]]",15,rock,[3],[],data\engine2d\bin\bobs\ls_ground.bmd,data\engine2d\bin\bobs\ls_ground_s.bmd,RockSnow02,4,4,"[12, 27, 28, 29]",1,0,4,Terrain,101,57,"[47, 29]",Terrain/Landscapes/stones_Snow/614_stones_03_Snow/bob_000012.png,SOURCE_COMPLETE,[],Terrain/Landscapes/stones_Snow/614_stones_03_Snow/metadata.json
615,stones 05 Snow,"[[""stones Snow""]]",15,rock,[3],[],data\engine2d\bin\bobs\ls_ground.bmd,data\engine2d\bin\bobs\ls_ground_s.bmd,RockSnow02,4,4,"[35, 36, 37, 38]",1,0,4,Terrain,95,45,"[46, 15]",Terrain/Landscapes/stones_Snow/615_stones_05_Snow/bob_000035.png,SOURCE_COMPLETE,[],Terrain/Landscapes/stones_Snow/615_stones_05_Snow/metadata.json
616,stones 07 Snow,"[[""stones Snow""]]",15,rock,[3],[],data\engine2d\bin\bobs\ls_ground.bmd,data\engine2d\bin\bobs\ls_ground_s.bmd,RockSnow02,5,5,"[15, 40, 41, 42, 43]",1,0,4,Terrain,106,51,"[52, 24]",Terrain/Landscapes/stones_Snow/616_stones_07_Snow/bob_000015.png,SOURCE_COMPLETE,[],Terrain/Landscapes/stones_Snow/616_stones_07_Snow/metadata.json
617,stones 08 Snow,"[[""stones Snow""]]",15,rock,[3],[],data\engine2d\bin\bobs\ls_ground.bmd,data\engine2d\bin\bobs\ls_ground_s.bmd,RockSnow02,4,4,"[16, 45, 46, 47]",1,0,4,Terrain,84,63,"[45, 37]",Terrain/Landscapes/stones_Snow/617_stones_08_Snow/bob_000016.png,SOURCE_COMPLETE,[],Terrain/Landscapes/stones_Snow/617_stones_08_Snow/metadata.json
618,stones 13 Snow,"[[""stones Snow""]]",15,rock,[3],[],data\engine2d\bin\bobs\ls_ground.bmd,data\engine2d\bin\bobs\ls_ground_s.bmd,RockSnow02,5,5,"[17, 49, 50, 51, 52]",1,0,4,Terrain,92,69,"[46, 37]",Terrain/Landscapes/stones_Snow/618_stones_13_Snow/bob_000017.png,SOURCE_COMPLETE,[],Terrain/Landscapes/stones_Snow/618_stones_13_Snow/metadata.json
619,stones 01 Snow rest,"[[""stones Snow""]]",1,void,[],[],data\engine2d\bin\bobs\ls_ground.bmd,data\engine2d\bin\bobs\ls_ground_s.bmd,RockSnow02,1,1,[21],1,0,0,Terrain,95,33,"[48, 11]",Terrain/Landscapes/stones_Snow/619_stones_01_Snow_rest/bob_000021.png,SOURCE_COMPLETE,[],Terrain/Landscapes/stones_Snow/619_stones_01_Snow_rest/metadata.json
620,stones 02 Snow rest,"[[""stones Snow""]]",1,void,[],[],data\engine2d\bin\bobs\ls_ground.bmd,data\engine2d\bin\bobs\ls_ground_s.bmd,RockSnow02,1,1,[26],1,0,0,Terrain,82,27,"[50, 0]",Terrain/Landscapes/stones_Snow/620_stones_02_Snow_rest/bob_000026.png,SOURCE_COMPLETE,[],Terrain/Landscapes/stones_Snow/620_stones_02_Snow_rest/metadata.json
621,stones 03 Snow rest,"[[""stones Snow""]]",1,void,[],[],data\engine2d\bin\bobs\ls_ground.bmd,data\engine2d\bin\bobs\ls_ground_s.bmd,RockSnow02,1,1,[30],1,0,0,Terrain,101,35,"[47, 7]",Terrain/Landscapes/stones_Snow/621_stones_03_Snow_rest/bob_000030.png,SOURCE_COMPLETE,[],Terrain/Landscapes/stones_Snow/621_stones_03_Snow_rest/metadata.json
622,stones 04 Snow rest,"[[""stones Snow""]]",1,void,[],[],data\engine2d\bin\bobs\ls_ground.bmd,data\engine2d\bin\bobs\ls_ground_s.bmd,RockSnow02,1,1,[34],1,0,0,Terrain,81,45,"[41, 15]",Terrain/Landscapes/stones_Snow/622_stones_04_Snow_rest/bob_000034.png,SOURCE_COMPLETE,[],Terrain/Landscapes/stones_Snow/622_stones_04_Snow_rest/metadata.json
623,stones 05 Snow rest,"[[""stones Snow""]]",1,void,[],[],data\engine2d\bin\bobs\ls_ground.bmd,data\engine2d\bin\bobs\ls_ground_s.bmd,RockSnow02,1,1,[39],1,0,0,Terrain,73,31,"[46, 1]",Terrain/Landscapes/stones_Snow/623_stones_05_Snow_rest/bob_000039.png,SOURCE_COMPLETE,[],Terrain/Landscapes/stones_Snow/623_stones_05_Snow_rest/metadata.json
624,stones 07 Snow rest,"[[""stones Snow""]]",1,void,[],[],data\engine2d\bin\bobs\ls_ground.bmd,data\engine2d\bin\bobs\ls_ground_s.bmd,RockSnow02,1,1,[43],1,0,0,Terrain,104,40,"[52, 13]",Terrain/Landscapes/stones_Snow/616_stones_07_Snow/bob_000043.png,SOURCE_COMPLETE,[],Terrain/Landscapes/stones_Snow/624_stones_07_Snow_rest/metadata.json
625,stones 08 Snow rest,"[[""stones Snow""]]",1,void,[],[],data\engine2d\bin\bobs\ls_ground.bmd,data\engine2d\bin\bobs\ls_ground_s.bmd,RockSnow02,1,1,[48],1,0,0,Terrain,84,31,"[42, 0]",Terrain/Landscapes/stones_Snow/625_stones_08_Snow_rest/bob_000048.png,SOURCE_COMPLETE,[],Terrain/Landscapes/stones_Snow/625_stones_08_Snow_rest/metadata.json
626,stones 13 Snow rest,"[[""stones Snow""]]",1,void,[],[],data\engine2d\bin\bobs\ls_ground.bmd,data\engine2d\bin\bobs\ls_ground_s.bmd,RockSnow02,1,1,[53],1,0,0,Terrain,93,69,"[47, 36]",Terrain/Landscapes/stones_Snow/626_stones_13_Snow_rest/bob_000053.png,SOURCE_COMPLETE,[],Terrain/Landscapes/stones_Snow/626_stones_13_Snow_rest/metadata.json
627,stone ore 01 Snow,"[[""stones Snow""]]",16,stone_ore,[3],[],data\engine2d\bin\bobs\ls_goods.bmd,data\engine2d\bin\bobs\ls_goods_s.bmd,RockSnow02,1,1,[15],1,0,0,Terrain,19,20,"[2, 8]",Terrain/Landscapes/stones_Snow/627_stone_ore_01_Snow/bob_000015.png,SOURCE_COMPLETE,[],Terrain/Landscapes/stones_Snow/627_stone_ore_01_Snow/metadata.json
628,stones 01 Water,"[[""stones Water""]]",1,void,[],[],data\engine2d\bin\bobs\ls_ground.bmd,,rockWater,4,4,"[10, 18, 19, 20]",1,0,0,Terrain,95,49,"[48, 25]",Terrain/Landscapes/stones_Water/628_stones_01_Water/bob_000010.png,SOURCE_COMPLETE,[],Terrain/Landscapes/stones_Water/628_stones_01_Water/metadata.json
629,stones 02 Water,"[[""stones Water""]]",1,void,[],[],data\engine2d\bin\bobs\ls_ground.bmd,,rockWater,5,5,"[11, 22, 23, 24, 25]",1,0,0,Terrain,91,54,"[50, 25]",Terrain/Landscapes/stones_Water/629_stones_02_Water/bob_000011.png,SOURCE_COMPLETE,[],Terrain/Landscapes/stones_Water/629_stones_02_Water/metadata.json
630,stones 04 Water,"[[""stones Water""]]",1,void,[],[],data\engine2d\bin\bobs\ls_ground.bmd,,rockWater,4,4,"[13, 31, 32, 33]",1,0,0,Terrain,81,54,"[41, 24]",Terrain/Landscapes/stones_Water/630_stones_04_Water/bob_000013.png,SOURCE_COMPLETE,[],Terrain/Landscapes/stones_Water/630_stones_04_Water/metadata.json
631,stones 03 Water,"[[""stones Water""]]",1,void,[],[],data\engine2d\bin\bobs\ls_ground.bmd,,rockWater,4,4,"[12, 27, 28, 29]",1,0,0,Terrain,101,57,"[47, 29]",Terrain/Landscapes/stones_Water/631_stones_03_Water/bob_000012.png,SOURCE_COMPLETE,[],Terrain/Landscapes/stones_Water/631_stones_03_Water/metadata.json
632,stones 05 Water,"[[""stones Water""]]",1,void,[],[],data\engine2d\bin\bobs\ls_ground.bmd,,rockWater,4,4,"[35, 36, 37, 38]",1,0,0,Terrain,95,45,"[46, 15]",Terrain/Landscapes/stones_Water/632_stones_05_Water/bob_000035.png,SOURCE_COMPLETE,[],Terrain/Landscapes/stones_Water/632_stones_05_Water/metadata.json
633,stones 07 Water,"[[""stones Water""]]",1,void,[],[],data\engine2d\bin\bobs\ls_ground.bmd,,rockWater,5,5,"[15, 40, 41, 42, 43]",1,0,0,Terrain,106,51,"[52, 24]",Terrain/Landscapes/stones_Water/633_stones_07_Water/bob_000015.png,SOURCE_COMPLETE,[],Terrain/Landscapes/stones_Water/633_stones_07_Water/metadata.json
634,stones 08 Water,"[[""stones Water""]]",1,void,[],[],data\engine2d\bin\bobs\ls_ground.bmd,,rockWater,4,4,"[16, 45, 46, 47]",1,0,0,Terrain,84,63,"[45, 37]",Terrain/Landscapes/stones_Water/634_stones_08_Water/bob_000016.png,SOURCE_COMPLETE,[],Terrain/Landscapes/stones_Water/634_stones_08_Water/metadata.json
635,stones 13 Water,"[[""stones Water""]]",1,void,[],[],data\engine2d\bin\bobs\ls_ground.bmd,,rockWater,5,5,"[17, 49, 50, 51, 52]",1,0,0,Terrain,92,69,"[46, 37]",Terrain/Landscapes/stones_Water/635_stones_13_Water/bob_000017.png,SOURCE_COMPLETE,[],Terrain/Landscapes/stones_Water/635_stones_13_Water/metadata.json
636,stones 01 Water rest,"[[""stones Water""]]",1,void,[],[],data\engine2d\bin\bobs\ls_ground.bmd,,rockWater,1,1,[21],1,0,0,Terrain,95,33,"[48, 11]",Terrain/Landscapes/stones_Water/636_stones_01_Water_rest/bob_000021.png,SOURCE_COMPLETE,[],Terrain/Landscapes/stones_Water/636_stones_01_Water_rest/metadata.json
637,stones 02 Water rest,"[[""stones Water""]]",1,void,[],[],data\engine2d\bin\bobs\ls_ground.bmd,,rockWater,1,1,[26],1,0,0,Terrain,82,27,"[50, 0]",Terrain/Landscapes/stones_Water/637_stones_02_Water_rest/bob_000026.png,SOURCE_COMPLETE,[],Terrain/Landscapes/stones_Water/637_stones_02_Water_rest/metadata.json
638,stones 03 Water rest,"[[""stones Water""]]",1,void,[],[],data\engine2d\bin\bobs\ls_ground.bmd,,rockWater,1,1,[30],1,0,0,Terrain,101,35,"[47, 7]",Terrain/Landscapes/stones_Water/638_stones_03_Water_rest/bob_000030.png,SOURCE_COMPLETE,[],Terrain/Landscapes/stones_Water/638_stones_03_Water_rest/metadata.json
639,stones 04 Water rest,"[[""stones Water""]]",1,void,[],[],data\engine2d\bin\bobs\ls_ground.bmd,,rockWater,1,1,[34],1,0,0,Terrain,81,45,"[41, 15]",Terrain/Landscapes/stones_Water/639_stones_04_Water_rest/bob_000034.png,SOURCE_COMPLETE,[],Terrain/Landscapes/stones_Water/639_stones_04_Water_rest/metadata.json
640,stones 05 Water rest,"[[""stones Water""]]",1,void,[],[],data\engine2d\bin\bobs\ls_ground.bmd,,rockWater,1,1,[39],1,0,0,Terrain,73,31,"[46, 1]",Terrain/Landscapes/stones_Water/640_stones_05_Water_rest/bob_000039.png,SOURCE_COMPLETE,[],Terrain/Landscapes/stones_Water/640_stones_05_Water_rest/metadata.json
641,stones 07 Water rest,"[[""stones Water""]]",1,void,[],[],data\engine2d\bin\bobs\ls_ground.bmd,,rockWater,1,1,[43],1,0,0,Terrain,104,40,"[52, 13]",Terrain/Landscapes/stones_Water/633_stones_07_Water/bob_000043.png,SOURCE_COMPLETE,[],Terrain/Landscapes/stones_Water/641_stones_07_Water_rest/metadata.json
642,stones 08 Water rest,"[[""stones Water""]]",1,void,[],[],data\engine2d\bin\bobs\ls_ground.bmd,,rockWater,1,1,[48],1,0,0,Terrain,84,31,"[42, 0]",Terrain/Landscapes/stones_Water/642_stones_08_Water_rest/bob_000048.png,SOURCE_COMPLETE,[],Terrain/Landscapes/stones_Water/642_stones_08_Water_rest/metadata.json
643,stones 13 Water rest,"[[""stones Water""]]",1,void,[],[],data\engine2d\bin\bobs\ls_ground.bmd,,rockWater,1,1,[53],1,0,0,Terrain,93,69,"[47, 36]",Terrain/Landscapes/stones_Water/643_stones_13_Water_rest/bob_000053.png,SOURCE_COMPLETE,[],Terrain/Landscapes/stones_Water/643_stones_13_Water_rest/metadata.json
644,stone ore 01 Water,"[[""stones Water""]]",16,stone_ore,[3],[],data\engine2d\bin\bobs\ls_ground.bmd,,rockWater,1,1,[15],1,0,0,Terrain,106,51,"[52, 24]",Terrain/Landscapes/stones_Water/633_stones_07_Water/bob_000015.png,SOURCE_COMPLETE,[],Terrain/Landscapes/stones_Water/644_stone_ore_01_Water/metadata.json
645,fx wave,"[[""effects""]]",1,void,[],[],data\engine2d\bin\bobs\test_effect.bmd,,,1,13,"[1, 2, 3, 4, 5, 6, 7, 8, 9, 10, 11, 12, 13]",0,1,0,Effects,72,42,"[33, 22]",Shared/Effects/Landscape/645_fx_wave/frames/bob_000001.png,SOURCE_COMPLETE,[],Shared/Effects/Landscape/645_fx_wave/metadata.json
646,fx wave slow,"[[""effects""]]",1,void,[],[],data\engine2d\bin\bobs\test_effect.bmd,,,1,26,"[1, 2, 3, 4, 5, 6, 7, 8, 9, 10, 11, 12, 13]",0,1,0,Effects,72,42,"[33, 22]",Shared/Effects/Landscape/645_fx_wave/frames/bob_000001.png,SOURCE_COMPLETE,[],Shared/Effects/Landscape/646_fx_wave_slow/metadata.json
647,fx wave solid,"[[""effects""]]",1,void,[],[],data\engine2d\bin\bobs\test_effect.bmd,,tree03,1,13,"[1, 2, 3, 4, 5, 6, 7, 8, 9, 10, 11, 12, 13]",0,1,0,Effects,72,42,"[33, 22]",Shared/Effects/Landscape/647_fx_wave_solid/frames/bob_000001.png,SOURCE_COMPLETE,[],Shared/Effects/Landscape/647_fx_wave_solid/metadata.json
648,fx star,"[[""effects""]]",1,void,[],[],data\engine2d\bin\bobs\ls_misc.bmd,,goods_gold,1,16,"[0, 1, 2, 3, 4, 5, 6, 7, 8, 9, 10, 11, 12, 13, 14, 15]",0,1,0,Effects,7,7,"[4, 4]",Shared/Effects/Landscape/648_fx_star/frames/bob_000000.png,SOURCE_COMPLETE,[],Shared/Effects/Landscape/648_fx_star/metadata.json
649,fx smoke,"[[""effects""]]",1,void,[],[],data\engine2d\bin\bobs\ls_smoke.bmd,,smoke,1,49,"[0, 1, 2, 3, 4, 5, 6, 7, 8, 9, 10, 11, 12, 13, 14, 15, 16, 17, 18, 19, 20, 21, 22, 23, 24, 25, 26, 27, 28, 29, 30, 31, 32, 33, 34, 35, 36, 37, 38, 39, 40, 41, 42, 43, 44, 45, 46, 47, 48]",0,1,0,Effects,4,5,"[6, -7]",Shared/Effects/Landscape/649_fx_smoke/frames/bob_000000.png,SOURCE_COMPLETE,[],Shared/Effects/Landscape/649_fx_smoke/metadata.json
650,fx fire,"[[""effects""]]",1,void,[],[],data\engine2d\bin\bobs\ls_smoke.bmd,,fire,1,15,"[49, 50, 51, 52, 53, 54, 55, 56, 57, 58, 59, 60, 61, 62, 63]",0,1,0,Effects,44,78,"[26, 64]",Shared/Effects/Landscape/650_fx_fire/frames/bob_000049.png,SOURCE_COMPLETE,[],Shared/Effects/Landscape/650_fx_fire/metadata.json
651,fx fire incense,"[[""effects""]]",1,void,[],[],data\engine2d\bin\bobs\ls_smoke.bmd,,fire_incense,1,15,"[66, 67, 68, 69, 70, 71, 72, 73, 74, 75, 76, 77, 78, 79, 80]",0,1,0,Effects,67,80,"[36, 66]",Shared/Effects/Landscape/651_fx_fire_incense/frames/bob_000066.png,SOURCE_COMPLETE,[],Shared/Effects/Landscape/651_fx_fire_incense/metadata.json
652,fx fire 2,"[[""effects""]]",1,void,[],[],data\engine2d\bin\bobs\ls_smoke.bmd,,fire,1,15,"[153, 154, 155, 156, 157, 158, 159, 160, 161, 162, 163, 164, 165, 166, 167]",0,1,0,Effects,41,82,"[21, 70]",Shared/Effects/Landscape/652_fx_fire_2/frames/bob_000153.png,SOURCE_COMPLETE,[],Shared/Effects/Landscape/652_fx_fire_2/metadata.json
653,fx fire small,"[[""effects""]]",1,void,[],[],data\engine2d\bin\bobs\ls_smoke.bmd,,fire,1,15,"[172, 173, 174, 175, 176, 177, 178, 179, 180, 181, 182, 183, 184, 185, 186]",0,1,0,Effects,32,48,"[16, 37]",Shared/Effects/Landscape/653_fx_fire_small/frames/bob_000172.png,SOURCE_COMPLETE,[],Shared/Effects/Landscape/653_fx_fire_small/metadata.json
654,fx fire house 0,"[[""effects""]]",1,void,[],[],data\engine2d\bin\bobs\ls_smoke.bmd,,fire,1,15,"[153, 154, 155, 156, 157, 158, 159, 160, 161, 162, 163, 164, 165, 166, 167]",0,1,0,Effects,41,82,"[21, 70]",Shared/Effects/Landscape/652_fx_fire_2/frames/bob_000153.png,SOURCE_COMPLETE,[],Shared/Effects/Landscape/654_fx_fire_house_0/metadata.json
655,fx fire house 1,"[[""effects""]]",1,void,[],[],data\engine2d\bin\bobs\ls_smoke.bmd,,fire,1,15,"[172, 173, 174, 175, 176, 177, 178, 179, 180, 181, 182, 183, 184, 185, 186]",0,1,0,Effects,32,48,"[16, 37]",Shared/Effects/Landscape/653_fx_fire_small/frames/bob_000172.png,SOURCE_COMPLETE,[],Shared/Effects/Landscape/655_fx_fire_house_1/metadata.json
656,fx fire house 2,"[[""effects""]]",1,void,[],[],data\engine2d\bin\bobs\ls_smoke.bmd,,fire,1,15,"[49, 50, 51, 52, 53, 54, 55, 56, 57, 58, 59, 60, 61, 62, 63]",0,1,0,Effects,44,78,"[26, 64]",Shared/Effects/Landscape/650_fx_fire/frames/bob_000049.png,SOURCE_COMPLETE,[],Shared/Effects/Landscape/656_fx_fire_house_2/metadata.json
657,fx wave land,"[[""effects""]]",1,void,[],[],data\engine2d\bin\bobs\test_effect.bmd,,,1,26,"[1, 2, 3, 4, 5, 6, 7, 8, 9, 10, 11, 12, 13]",0,1,0,Effects,72,42,"[33, 22]",Shared/Effects/Landscape/645_fx_wave/frames/bob_000001.png,SOURCE_COMPLETE,[],Shared/Effects/Landscape/657_fx_wave_land/metadata.json
658,fx hearts,"[[""effects""]]",1,void,[],[],data\engine2d\bin\bobs\ls_smoke.bmd,,house02,1,33,"[260, 261, 262, 263, 264, 265, 266, 267, 268, 269, 270, 271, 272, 273, 274, 275, 276, 277, 278, 279, 280, 281, 282, 283, 284, 285, 286, 287, 288, 289, 290, 291, 292]",0,1,0,Effects,17,90,"[9, 92]",Shared/Effects/Landscape/658_fx_hearts/frames/bob_000260.png,SOURCE_COMPLETE,[],Shared/Effects/Landscape/658_fx_hearts/metadata.json
659,fx storch,"[[""effects""]]",1,void,[],[],data\engine2d\bin\bobs\ls_smoke.bmd,,cattle01,1,133,"[293, 294, 295, 296, 297, 298, 299, 300, 301, 302, 303, 304, 305, 306, 307, 308, 309, 310, 311, 312, 313, 314, 315, 316, 317, 318, 319, 320, 321, 322, 323, 324, 325, 326, 327, 328, 329, 330, 331, 332, 333, 334, 335, 336, 337, 338, 339, 340, 341, 342, 343, 344, 345, 346, 347, 348, 349, 350, 351, 352, 353, 354, 355, 356, 357, 358, 359, 360, 361, 362, 363, 364, 365, 366, 367, 368, 369, 370, 371, 372, 373, 374, 375, 376, 377, 378, 379, 380, 381, 382, 383, 384, 385, 386, 387, 388, 389, 390, 391, 392, 393, 394, 395, 396, 397, 398, 399, 400, 401, 402, 403, 404, 405, 406, 407, 408, 409, 410, 411, 412, 413, 414, 415, 416, 417, 418, 419, 420, 421, 422, 423, 424, 425]",0,0,0,Effects,27,37,"[-387, 395]",Shared/Effects/Landscape/659_fx_storch/frames/bob_000293.png,SOURCE_COMPLETE,[],Shared/Effects/Landscape/659_fx_storch/metadata.json
660,leuchtfeuer,"[[""effects""]]",1,void,[],[],data\engine2d\bin\bobs\ls_wonders2.bmd,,gui_bubbles,1,1,[6],0,1,0,Effects,758,187,"[330, 526]",Shared/Effects/Landscape/660_leuchtfeuer/frames/bob_000006.png,SOURCE_COMPLETE,[],Shared/Effects/Landscape/660_leuchtfeuer/metadata.json
661,fx fog,"[[""xMissionCD_effects""]]",1,void,[],[],data\engine2d\bin\bobs\ls_goetter.bmd,,smoke,1,61,"[4, 5, 6, 7, 8, 9, 10, 11, 12, 13, 14, 15, 16, 17, 18, 19, 20, 21, 22, 23, 24, 25, 26, 27, 28, 29, 30, 31, 32, 33, 34, 35, 36, 37, 38, 39, 40, 41, 42, 43, 44, 45, 46, 47, 48, 49, 50, 51, 52, 53, 54, 55, 56, 57, 58, 59, 60, 61, 62, 63, 64]",0,1,0,Effects,160,148,"[88, 120]",Shared/Effects/Landscape/661_fx_fog/frames/bob_000004.png,SOURCE_COMPLETE,[],Shared/Effects/Landscape/661_fx_fog/metadata.json
662,fx waterfall,"[[""xMissionCD_effects""]]",1,void,[],[],data\engine2d\bin\bobs\ls_goetter.bmd,,wave01,1,61,"[186, 187, 188, 189, 190, 191, 192, 193, 194, 195, 196, 197, 198, 199, 200, 201, 202, 203, 204, 205, 206, 207, 208, 209, 210, 211, 212, 213, 214, 215, 216, 217, 218, 219, 220, 221, 222, 223, 224, 225, 226, 227, 228, 229, 230, 231, 232, 233, 234, 235, 236, 237, 238, 239, 240, 241, 242, 243, 244, 245, 246]",0,1,0,Effects,62,134,"[32, 63]",Shared/Effects/Landscape/662_fx_waterfall/frames/bob_000186.png,SOURCE_COMPLETE,[],Shared/Effects/Landscape/662_fx_waterfall/metadata.json
663,fx fog waterfall,"[[""xMissionCD_effects""]]",1,void,[],[],data\engine2d\bin\bobs\ls_goetter.bmd,,wave01,1,61,"[4, 5, 6, 7, 8, 9, 10, 11, 12, 13, 14, 15, 16, 17, 18, 19, 20, 21, 22, 23, 24, 25, 26, 27, 28, 29, 30, 31, 32, 33, 34, 35, 36, 37, 38, 39, 40, 41, 42, 43, 44, 45, 46, 47, 48, 49, 50, 51, 52, 53, 54, 55, 56, 57, 58, 59, 60, 61, 62, 63, 64]",0,1,0,Effects,160,148,"[88, 120]",Shared/Effects/Landscape/663_fx_fog_waterfall/frames/bob_000004.png,SOURCE_COMPLETE,[],Shared/Effects/Landscape/663_fx_fog_waterfall/metadata.json
664,fx fog waterfall00,"[[""xMissionCD_effects""]]",1,void,[],[],data\engine2d\bin\bobs\ls_goetter.bmd,,wave03,1,61,"[4, 5, 6, 7, 8, 9, 10, 11, 12, 13, 14, 15, 16, 17, 18, 19, 20, 21, 22, 23, 24, 25, 26, 27, 28, 29, 30, 31, 32, 33, 34, 35, 36, 37, 38, 39, 40, 41, 42, 43, 44, 45, 46, 47, 48, 49, 50, 51, 52, 53, 54, 55, 56, 57, 58, 59, 60, 61, 62, 63, 64]",0,1,0,Effects,160,148,"[88, 120]",Shared/Effects/Landscape/664_fx_fog_waterfall00/frames/bob_000004.png,SOURCE_COMPLETE,[],Shared/Effects/Landscape/664_fx_fog_waterfall00/metadata.json
665,fx_teleport exit,"[[""xMissionCD_effects""]]",1,void,[],[],data\engine2d\bin\bobs\ls_smoke.bmd,,caves2,1,39,"[429, 430, 431, 432, 433, 434, 435, 436, 437, 438, 439, 440, 441, 442, 443, 444, 445, 446, 447, 448, 449, 450, 451, 452, 453, 454, 455, 456, 457, 458, 459, 460, 461, 462, 463, 464, 465, 466, 467]",0,1,0,Effects,222,177,"[101, 99]",Shared/Effects/Landscape/665_fx_teleport_exit/frames/bob_000429.png,SOURCE_COMPLETE,[],Shared/Effects/Landscape/665_fx_teleport_exit/metadata.json
666,fx_teleport entry,"[[""xMissionCD_effects""]]",1,void,[],[],data\engine2d\bin\bobs\ls_smoke.bmd,,deer01,1,39,"[429, 430, 431, 432, 433, 434, 435, 436, 437, 438, 439, 440, 441, 442, 443, 444, 445, 446, 447, 448, 449, 450, 451, 452, 453, 454, 455, 456, 457, 458, 459, 460, 461, 462, 463, 464, 465, 466, 467]",0,1,0,Effects,225,176,"[101, 99]",Shared/Effects/Landscape/666_fx_teleport_entry/frames/bob_000467.png,SOURCE_COMPLETE,[],Shared/Effects/Landscape/666_fx_teleport_entry/metadata.json
667,fx Marker,"[[""xMissionCD_effects""]]",1,void,[],[],data\engine2d\bin\bobs\ls_gui_bubbles.bmd,,gui_bubbles,1,1,[10],0,0,0,Effects,64,32,"[32, 28]",Shared/Effects/Landscape/667_fx_Marker/frames/bob_000010.png,SOURCE_COMPLETE,[],Shared/Effects/Landscape/667_fx_Marker/metadata.json
668,wonder semiramis schräg,"[[""xMissionCD_effects""]]",1,void,[],[],data\engine2d\bin\bobs\ls_wonders3.bmd,,wonders_semiramis,1,16,"[12, 13, 14, 15, 16, 17, 18, 19]",0,1,0,Effects,690,537,"[329, 419]",Shared/Effects/Landscape/668_wonder_semiramis_schräg/frames/bob_000019.png,SOURCE_COMPLETE,[],Shared/Effects/Landscape/668_wonder_semiramis_schräg/metadata.json
669,wonder semiramis frontal,"[[""xMissionCD_effects""]]",1,void,[],[],data\engine2d\bin\bobs\ls_wonders3.bmd,,wonders_semiramis,1,16,"[20, 21, 22, 23, 24, 25, 26, 27]",0,1,0,Effects,645,445,"[325, 333]",Shared/Effects/Landscape/669_wonder_semiramis_frontal/frames/bob_000027.png,SOURCE_COMPLETE,[],Shared/Effects/Landscape/669_wonder_semiramis_frontal/metadata.json
670,wonder 8th orange,"[[""xMissionCD_effects""]]",1,void,[],[],data\engine2d\bin\bobs\ls_wonders3.bmd,data\engine2d\bin\bobs\ls_wonders3_s.bmd,wonders_8th,1,1,[29],0,0,0,Effects,24,32,"[45, 99]",Shared/Effects/Landscape/670_wonder_8th_orange/frames/bob_000029.png,SOURCE_COMPLETE,[],Shared/Effects/Landscape/670_wonder_8th_orange/metadata.json
671,wonder 8th rot,"[[""xMissionCD_effects""]]",1,void,[],[],data\engine2d\bin\bobs\ls_wonders3.bmd,data\engine2d\bin\bobs\ls_wonders3_s.bmd,wonders_8th,1,1,[30],0,0,0,Effects,29,31,"[-25, 99]",Shared/Effects/Landscape/671_wonder_8th_rot/frames/bob_000030.png,SOURCE_COMPLETE,[],Shared/Effects/Landscape/671_wonder_8th_rot/metadata.json
672,wonder 8th violett,"[[""xMissionCD_effects""]]",1,void,[],[],data\engine2d\bin\bobs\ls_wonders3.bmd,data\engine2d\bin\bobs\ls_wonders3_s.bmd,wonders_8th,1,1,[31],0,0,0,Effects,33,35,"[-59, 78]",Shared/Effects/Landscape/672_wonder_8th_violett/frames/bob_000031.png,SOURCE_COMPLETE,[],Shared/Effects/Landscape/672_wonder_8th_violett/metadata.json
673,wonder 8th blue,"[[""xMissionCD_effects""]]",1,void,[],[],data\engine2d\bin\bobs\ls_wonders3.bmd,data\engine2d\bin\bobs\ls_wonders3_s.bmd,wonders_8th,1,1,[32],0,0,0,Effects,37,33,"[-45, 45]",Shared/Effects/Landscape/673_wonder_8th_blue/frames/bob_000032.png,SOURCE_COMPLETE,[],Shared/Effects/Landscape/673_wonder_8th_blue/metadata.json
674,wonder 8th cyan,"[[""xMissionCD_effects""]]",1,void,[],[],data\engine2d\bin\bobs\ls_wonders3.bmd,data\engine2d\bin\bobs\ls_wonders3_s.bmd,wonders_8th,1,1,[33],0,0,0,Effects,35,37,"[15, 28]",Shared/Effects/Landscape/674_wonder_8th_cyan/frames/bob_000033.png,SOURCE_COMPLETE,[],Shared/Effects/Landscape/674_wonder_8th_cyan/metadata.json
675,wonder 8th green,"[[""xMissionCD_effects""]]",1,void,[],[],data\engine2d\bin\bobs\ls_wonders3.bmd,data\engine2d\bin\bobs\ls_wonders3_s.bmd,wonders_8th,1,1,[34],0,0,0,Effects,37,33,"[78, 43]",Shared/Effects/Landscape/675_wonder_8th_green/frames/bob_000034.png,SOURCE_COMPLETE,[],Shared/Effects/Landscape/675_wonder_8th_green/metadata.json
676,wonder 8th yellow,"[[""xMissionCD_effects""]]",1,void,[],[],data\engine2d\bin\bobs\ls_wonders3.bmd,data\engine2d\bin\bobs\ls_wonders3_s.bmd,wonders_8th,1,1,[35],0,0,0,Effects,33,35,"[87, 77]",Shared/Effects/Landscape/676_wonder_8th_yellow/frames/bob_000035.png,SOURCE_COMPLETE,[],Shared/Effects/Landscape/676_wonder_8th_yellow/metadata.json
677,ruin saracen 01,"[[""ruins_saracen""]]",1,void,[],[],data\engine2d\bin\bobs\ls_ruin_saracen.bmd,data\engine2d\bin\bobs\ls_ruin_saracen_s.bmd,houseMiller01,1,1,[0],1,0,0,Terrain,303,240,"[146, 153]",Terrain/Landscapes/ruins_saracen/677_ruin_saracen_01/bob_000000.png,SOURCE_COMPLETE,[],Terrain/Landscapes/ruins_saracen/677_ruin_saracen_01/metadata.json
678,ruin saracen 02,"[[""ruins_saracen""]]",1,void,[],[],data\engine2d\bin\bobs\ls_ruin_saracen.bmd,data\engine2d\bin\bobs\ls_ruin_saracen_s.bmd,houseMiller01,1,1,[1],1,0,0,Terrain,303,225,"[151, 147]",Terrain/Landscapes/ruins_saracen/678_ruin_saracen_02/bob_000001.png,SOURCE_COMPLETE,[],Terrain/Landscapes/ruins_saracen/678_ruin_saracen_02/metadata.json
679,ruin saracen 03,"[[""ruins_saracen""]]",1,void,[],[],data\engine2d\bin\bobs\ls_ruin_saracen.bmd,data\engine2d\bin\bobs\ls_ruin_saracen_s.bmd,houseMiller01,1,1,[2],1,0,0,Terrain,331,242,"[140, 212]",Terrain/Landscapes/ruins_saracen/679_ruin_saracen_03/bob_000002.png,SOURCE_COMPLETE,[],Terrain/Landscapes/ruins_saracen/679_ruin_saracen_03/metadata.json
680,ruin saracen 04,"[[""ruins_saracen""]]",1,void,[],[],data\engine2d\bin\bobs\ls_ruin_saracen.bmd,data\engine2d\bin\bobs\ls_ruin_saracen_s.bmd,houseMiller01,1,1,[3],1,0,0,Terrain,298,181,"[130, 161]",Terrain/Landscapes/ruins_saracen/680_ruin_saracen_04/bob_000003.png,SOURCE_COMPLETE,[],Terrain/Landscapes/ruins_saracen/680_ruin_saracen_04/metadata.json
681,ruin saracen 05,"[[""ruins_saracen""]]",1,void,[],[],data\engine2d\bin\bobs\ls_ruin_saracen.bmd,data\engine2d\bin\bobs\ls_ruin_saracen_s.bmd,houseMiller01,1,1,[4],1,0,0,Terrain,192,181,"[88, 172]",Terrain/Landscapes/ruins_saracen/681_ruin_saracen_05/bob_000004.png,SOURCE_COMPLETE,[],Terrain/Landscapes/ruins_saracen/681_ruin_saracen_05/metadata.json
682,ruin saracen 06,"[[""ruins_saracen""]]",1,void,[],[],data\engine2d\bin\bobs\ls_ruin_saracen.bmd,data\engine2d\bin\bobs\ls_ruin_saracen_s.bmd,houseMiller01,1,1,[5],1,0,0,Terrain,207,168,"[88, 135]",Terrain/Landscapes/ruins_saracen/682_ruin_saracen_06/bob_000005.png,SOURCE_COMPLETE,[],Terrain/Landscapes/ruins_saracen/682_ruin_saracen_06/metadata.json
683,ruin saracen 07,"[[""ruins_saracen""]]",1,void,[],[],data\engine2d\bin\bobs\ls_ruin_saracen.bmd,data\engine2d\bin\bobs\ls_ruin_saracen_s.bmd,houseMiller01,1,1,[6],0,0,0,Terrain,57,251,"[13, 278]",Terrain/Landscapes/ruins_saracen/683_ruin_saracen_07/bob_000006.png,SOURCE_COMPLETE,[],Terrain/Landscapes/ruins_saracen/683_ruin_saracen_07/metadata.json
684,ruin saracen 08,"[[""ruins_saracen""]]",1,void,[],[],data\engine2d\bin\bobs\ls_ruin_saracen.bmd,data\engine2d\bin\bobs\ls_ruin_saracen_s.bmd,shipwreck01,1,1,[7],1,0,0,Terrain,134,76,"[55, 91]",Terrain/Landscapes/ruins_saracen/684_ruin_saracen_08/bob_000007.png,SOURCE_COMPLETE,[],Terrain/Landscapes/ruins_saracen/684_ruin_saracen_08/metadata.json
685,ruin saracen 09,"[[""ruins_saracen""]]",1,void,[],[],data\engine2d\bin\bobs\ls_ruin_saracen.bmd,data\engine2d\bin\bobs\ls_ruin_saracen_s.bmd,houseMiller01,1,1,[8],1,0,0,Terrain,142,70,"[61, 91]",Terrain/Landscapes/ruins_saracen/685_ruin_saracen_09/bob_000008.png,SOURCE_COMPLETE,[],Terrain/Landscapes/ruins_saracen/685_ruin_saracen_09/metadata.json
686,ruin saracen 10,"[[""ruins_saracen""]]",1,void,[],[],data\engine2d\bin\bobs\ls_ruin_saracen.bmd,data\engine2d\bin\bobs\ls_ruin_saracen_s.bmd,houseMiller01,1,1,[9],1,0,0,Terrain,98,62,"[34, 88]",Terrain/Landscapes/ruins_saracen/686_ruin_saracen_10/bob_000009.png,SOURCE_COMPLETE,[],Terrain/Landscapes/ruins_saracen/686_ruin_saracen_10/metadata.json
687,ruin saracen 11,"[[""ruins_saracen""]]",1,void,[],[],data\engine2d\bin\bobs\ls_ruin_saracen.bmd,data\engine2d\bin\bobs\ls_ruin_saracen_s.bmd,houseMiller01,1,1,[10],0,0,0,Terrain,56,117,"[11, 139]",Terrain/Landscapes/ruins_saracen/687_ruin_saracen_11/bob_000010.png,SOURCE_COMPLETE,[],Terrain/Landscapes/ruins_saracen/687_ruin_saracen_11/metadata.json
688,ruin saracen 12,"[[""ruins_saracen""]]",1,void,[],[],data\engine2d\bin\bobs\ls_ruin_saracen.bmd,data\engine2d\bin\bobs\ls_ruin_saracen_s.bmd,houseMiller01,1,1,[11],1,0,0,Terrain,104,68,"[36, 85]",Terrain/Landscapes/ruins_saracen/688_ruin_saracen_12/bob_000011.png,SOURCE_COMPLETE,[],Terrain/Landscapes/ruins_saracen/688_ruin_saracen_12/metadata.json
689,ruin saracen 13,"[[""ruins_saracen""]]",1,void,[],[],data\engine2d\bin\bobs\ls_ruin_saracen.bmd,data\engine2d\bin\bobs\ls_ruin_saracen_s.bmd,houseMiller01,1,1,[12],1,0,0,Terrain,96,53,"[32, 73]",Terrain/Landscapes/ruins_saracen/689_ruin_saracen_13/bob_000012.png,SOURCE_COMPLETE,[],Terrain/Landscapes/ruins_saracen/689_ruin_saracen_13/metadata.json
690,ruin saracen 14,"[[""ruins_saracen""]]",1,void,[],[],data\engine2d\bin\bobs\ls_ruin_saracen.bmd,data\engine2d\bin\bobs\ls_ruin_saracen_s.bmd,ruins_saracen,1,1,[13],1,0,0,Terrain,121,77,"[42, 84]",Terrain/Landscapes/ruins_saracen/690_ruin_saracen_14/bob_000013.png,SOURCE_COMPLETE,[],Terrain/Landscapes/ruins_saracen/690_ruin_saracen_14/metadata.json
691,wall_01,"[[""misc_walls""]]",82,wall,[],[],data\engine2d\bin\bobs\ls_wall.bmd,data\engine2d\bin\bobs\ls_wall_s.bmd,goods_wood,5,5,"[0, 5, 10, 15, 20]",0,0,2,Terrain,17,71,"[11, 65]",Terrain/Landscapes/misc_walls/691_wall_01/bob_000000.png,SOURCE_COMPLETE,[],Terrain/Landscapes/misc_walls/691_wall_01/metadata.json
692,wall_02,"[[""misc_walls""]]",82,wall,[],[],data\engine2d\bin\bobs\ls_wall.bmd,data\engine2d\bin\bobs\ls_wall_s.bmd,goods_wood,5,5,"[1, 6, 11, 16, 21]",0,0,2,Terrain,16,72,"[10, 66]",Terrain/Landscapes/misc_walls/692_wall_02/bob_000001.png,SOURCE_COMPLETE,[],Terrain/Landscapes/misc_walls/692_wall_02/metadata.json
693,wall_03,"[[""misc_walls""]]",82,wall,[],[],data\engine2d\bin\bobs\ls_wall.bmd,data\engine2d\bin\bobs\ls_wall_s.bmd,goods_wood,5,5,"[2, 7, 12, 17, 22]",0,0,2,Terrain,15,71,"[9, 65]",Terrain/Landscapes/misc_walls/693_wall_03/bob_000002.png,SOURCE_COMPLETE,[],Terrain/Landscapes/misc_walls/693_wall_03/metadata.json
694,wall_04,"[[""misc_walls""]]",82,wall,[],[],data\engine2d\bin\bobs\ls_wall.bmd,data\engine2d\bin\bobs\ls_wall_s.bmd,goods_wood,5,5,"[3, 8, 13, 18, 23]",0,0,2,Terrain,16,71,"[10, 64]",Terrain/Landscapes/misc_walls/694_wall_04/bob_000003.png,SOURCE_COMPLETE,[],Terrain/Landscapes/misc_walls/694_wall_04/metadata.json
695,wall_05,"[[""misc_walls""]]",82,wall,[],[],data\engine2d\bin\bobs\ls_wall.bmd,data\engine2d\bin\bobs\ls_wall_s.bmd,goods_wood,5,5,"[4, 9, 14, 19, 24]",0,0,2,Terrain,16,72,"[9, 66]",Terrain/Landscapes/misc_walls/695_wall_05/bob_000004.png,SOURCE_COMPLETE,[],Terrain/Landscapes/misc_walls/695_wall_05/metadata.json
696,gate_01,"[[""misc_walls""]]",83,wall gate closed,[],[],data\engine2d\bin\bobs\ls_wall.bmd,data\engine2d\bin\bobs\ls_wall_s.bmd,goods_wood,2,2,[25],0,0,2,Terrain,71,129,"[35, 84]",Terrain/Landscapes/misc_walls/696_gate_01/bob_000025.png,SOURCE_COMPLETE,[],Terrain/Landscapes/misc_walls/696_gate_01/metadata.json
697,gate_02,"[[""misc_walls""]]",83,wall gate closed,[],[],data\engine2d\bin\bobs\ls_wall.bmd,data\engine2d\bin\bobs\ls_wall_s.bmd,goods_wood,2,2,[27],0,0,2,Terrain,135,80,"[70, 68]",Terrain/Landscapes/misc_walls/697_gate_02/bob_000027.png,SOURCE_COMPLETE,[],Terrain/Landscapes/misc_walls/697_gate_02/metadata.json
698,gate_03,"[[""misc_walls""]]",83,wall gate closed,[],[],data\engine2d\bin\bobs\ls_wall.bmd,data\engine2d\bin\bobs\ls_wall_s.bmd,goods_wood,2,2,[29],0,0,2,Terrain,73,131,"[33, 90]",Terrain/Landscapes/misc_walls/698_gate_03/bob_000029.png,SOURCE_COMPLETE,[],Terrain/Landscapes/misc_walls/698_gate_03/metadata.json
699,wall_torpfosten,"[[""misc_walls""]]",82,wall,[],[],data\engine2d\bin\bobs\ls_wall.bmd,data\engine2d\bin\bobs\ls_wall_s.bmd,goods_wood,5,5,"[31, 32, 33, 34, 35]",0,0,2,Terrain,18,93,"[9, 88]",Terrain/Landscapes/misc_walls/699_wall_torpfosten/bob_000031.png,SOURCE_COMPLETE,[],Terrain/Landscapes/misc_walls/699_wall_torpfosten/metadata.json
700,gate_01_open,"[[""misc_walls""]]",84,wall gate open,[],[],data\engine2d\bin\bobs\ls_wall.bmd,data\engine2d\bin\bobs\ls_wall_s.bmd,goods_wood,2,2,[26],0,0,2,Terrain,103,152,"[30, 108]",Terrain/Landscapes/misc_walls/700_gate_01_open/bob_000026.png,SOURCE_COMPLETE,[],Terrain/Landscapes/misc_walls/700_gate_01_open/metadata.json
701,gate_02_open,"[[""misc_walls""]]",84,wall gate open,[],[],data\engine2d\bin\bobs\ls_wall.bmd,data\engine2d\bin\bobs\ls_wall_s.bmd,goods_wood,2,2,[28],0,0,2,Terrain,142,96,"[72, 90]",Terrain/Landscapes/misc_walls/701_gate_02_open/bob_000028.png,SOURCE_COMPLETE,[],Terrain/Landscapes/misc_walls/701_gate_02_open/metadata.json
702,gate_03_open,"[[""misc_walls""]]",84,wall gate open,[],[],data\engine2d\bin\bobs\ls_wall.bmd,data\engine2d\bin\bobs\ls_wall_s.bmd,goods_wood,2,2,[30],0,0,2,Terrain,104,145,"[30, 92]",Terrain/Landscapes/misc_walls/702_gate_03_open/bob_000030.png,SOURCE_COMPLETE,[],Terrain/Landscapes/misc_walls/702_gate_03_open/metadata.json
703,Pot_a,"[[""misc_beduines""]]",1,void,[],[],data\engine2d\bin\bobs\ls_beduines.bmd,data\engine2d\bin\bobs\ls_beduines_s.bmd,clay01,1,1,[0],0,0,0,Terrain,96,58,"[51, 37]",Terrain/Landscapes/misc_beduines/703_Pot_a/bob_000000.png,SOURCE_COMPLETE,[],Terrain/Landscapes/misc_beduines/703_Pot_a/metadata.json
704,Pot_b,"[[""misc_beduines""]]",1,void,[],[],data\engine2d\bin\bobs\ls_beduines.bmd,data\engine2d\bin\bobs\ls_beduines_s.bmd,rock03,1,1,[1],0,0,0,Terrain,100,80,"[48, 50]",Terrain/Landscapes/misc_beduines/704_Pot_b/bob_000001.png,SOURCE_COMPLETE,[],Terrain/Landscapes/misc_beduines/704_Pot_b/metadata.json
705,Pot_c,"[[""misc_beduines""]]",1,void,[],[],data\engine2d\bin\bobs\ls_beduines.bmd,data\engine2d\bin\bobs\ls_beduines_s.bmd,rock03,1,1,[2],0,0,0,Terrain,108,56,"[56, 39]",Terrain/Landscapes/misc_beduines/705_Pot_c/bob_000002.png,SOURCE_COMPLETE,[],Terrain/Landscapes/misc_beduines/705_Pot_c/metadata.json
706,Tent01,"[[""misc_beduines""]]",1,void,[],[],data\engine2d\bin\bobs\ls_beduines.bmd,data\engine2d\bin\bobs\ls_beduines_s.bmd,tree_Cypress01,1,1,[3],0,0,0,Terrain,254,197,"[130, 118]",Terrain/Landscapes/misc_beduines/706_Tent01/bob_000003.png,SOURCE_COMPLETE,[],Terrain/Landscapes/misc_beduines/706_Tent01/metadata.json
707,Tent02,"[[""misc_beduines""]]",1,void,[],[],data\engine2d\bin\bobs\ls_beduines.bmd,data\engine2d\bin\bobs\ls_beduines_s.bmd,tree_Cypress01,1,1,[4],0,0,0,Terrain,257,196,"[122, 117]",Terrain/Landscapes/misc_beduines/707_Tent02/bob_000004.png,SOURCE_COMPLETE,[],Terrain/Landscapes/misc_beduines/707_Tent02/metadata.json
708,Tent03,"[[""misc_beduines""]]",1,void,[],[],data\engine2d\bin\bobs\ls_beduines.bmd,data\engine2d\bin\bobs\ls_beduines_s.bmd,tree_Cypress02,1,1,[5],0,0,0,Terrain,162,144,"[75, 86]",Terrain/Landscapes/misc_beduines/708_Tent03/bob_000005.png,SOURCE_COMPLETE,[],Terrain/Landscapes/misc_beduines/708_Tent03/metadata.json
709,Tent04,"[[""misc_beduines""]]",1,void,[],[],data\engine2d\bin\bobs\ls_beduines.bmd,data\engine2d\bin\bobs\ls_beduines_s.bmd,tree_Cypress03,1,1,[6],0,0,0,Terrain,204,141,"[95, 82]",Terrain/Landscapes/misc_beduines/709_Tent04/bob_000006.png,SOURCE_COMPLETE,[],Terrain/Landscapes/misc_beduines/709_Tent04/metadata.json
710,Tent05,"[[""misc_beduines""]]",1,void,[],[],data\engine2d\bin\bobs\ls_beduines.bmd,data\engine2d\bin\bobs\ls_beduines_s.bmd,tree_Cypress01,1,1,[7],0,0,0,Terrain,201,145,"[107, 73]",Terrain/Landscapes/misc_beduines/710_Tent05/bob_000007.png,SOURCE_COMPLETE,[],Terrain/Landscapes/misc_beduines/710_Tent05/metadata.json
711,Fireplace,"[[""misc_beduines""]]",1,void,[],[],data\engine2d\bin\bobs\ls_beduines.bmd,data\engine2d\bin\bobs\ls_beduines_s.bmd,caves2,1,1,[8],1,0,0,Terrain,73,43,"[38, 18]",Terrain/Landscapes/misc_beduines/711_Fireplace/bob_000008.png,SOURCE_COMPLETE,[],Terrain/Landscapes/misc_beduines/711_Fireplace/metadata.json
712,obelisk big,"[[""misc_beduines""]]",1,void,[],[],data\engine2d\bin\bobs\ls_misc.bmd,data\engine2d\bin\bobs\ls_misc_s.bmd,goods_spear_iron,1,1,[41],0,0,0,Terrain,107,451,"[44, 416]",Terrain/Landscapes/misc_beduines/712_obelisk_big/bob_000041.png,SOURCE_COMPLETE,[],Terrain/Landscapes/misc_beduines/712_obelisk_big/metadata.json
713,obelisk small,"[[""misc_beduines""]]",1,void,[],[],data\engine2d\bin\bobs\ls_misc.bmd,data\engine2d\bin\bobs\ls_misc_s.bmd,goods_spear_iron,1,1,[42],0,0,0,Terrain,70,283,"[30, 259]",Terrain/Landscapes/misc_beduines/713_obelisk_small/bob_000042.png,SOURCE_COMPLETE,[],Terrain/Landscapes/misc_beduines/713_obelisk_small/metadata.json
714,sphinx,"[[""misc_beduines""]]",1,void,[],[],data\engine2d\bin\bobs\ls_misc.bmd,data\engine2d\bin\bobs\ls_misc_s.bmd,sphinx,1,1,[40],1,0,0,Terrain,562,478,"[270, 251]",Terrain/Landscapes/misc_beduines/714_sphinx/bob_000040.png,SOURCE_COMPLETE,[],Terrain/Landscapes/misc_beduines/714_sphinx/metadata.json
715,skeleton_01,"[[""misc_skeletons""]]",87,skeleton_falling,[],"[1, 4]",data\engine2d\bin\bobs\ls_skeletons.bmd,data\engine2d\bin\bobs\ls_skeletons_s.bmd,wolves01,1,12,"[0, 1, 2, 3, 4, 5, 6, 7, 8, 9, 10, 11]",0,0,1,Terrain,21,43,"[9, 40]",Terrain/Landscapes/misc_skeletons/715_skeleton_01/bob_000000.png,SOURCE_COMPLETE,[],Terrain/Landscapes/misc_skeletons/715_skeleton_01/metadata.json
716,skeleton_02,"[[""misc_skeletons""]]",87,skeleton_falling,[],[2],data\engine2d\bin\bobs\ls_skeletons.bmd,data\engine2d\bin\bobs\ls_skeletons_s.bmd,wolves01,1,12,"[12, 13, 14, 15, 16, 17, 18, 19, 20, 21, 22, 23]",0,0,1,Terrain,21,42,"[10, 37]",Terrain/Landscapes/misc_skeletons/716_skeleton_02/bob_000012.png,SOURCE_COMPLETE,[],Terrain/Landscapes/misc_skeletons/716_skeleton_02/metadata.json
717,skeleton_03,"[[""misc_skeletons""]]",87,skeleton_falling,[],[3],data\engine2d\bin\bobs\ls_skeletons.bmd,data\engine2d\bin\bobs\ls_skeletons_s.bmd,wolves01,1,12,"[24, 25, 26, 27, 28, 29, 30, 31, 32, 33, 34, 35]",0,0,1,Terrain,21,42,"[12, 40]",Terrain/Landscapes/misc_skeletons/717_skeleton_03/bob_000024.png,SOURCE_COMPLETE,[],Terrain/Landscapes/misc_skeletons/717_skeleton_03/metadata.json
718,cadaver human bones01,"[[""misc_skeletons""]]",81,cadaver_skeleton,[],[],data\engine2d\bin\bobs\ls_skeletons.bmd,,wolves01,1,1,[11],0,0,1,Terrain,29,24,"[14, 14]",Terrain/Landscapes/misc_skeletons/715_skeleton_01/bob_000011.png,SOURCE_COMPLETE,[],Terrain/Landscapes/misc_skeletons/718_cadaver_human_bones01/metadata.json
719,cadaver human bones02,"[[""misc_skeletons""]]",81,cadaver_skeleton,[],[],data\engine2d\bin\bobs\ls_skeletons.bmd,,wolves01,1,1,[23],0,0,1,Terrain,29,23,"[15, 11]",Terrain/Landscapes/misc_skeletons/716_skeleton_02/bob_000023.png,SOURCE_COMPLETE,[],Terrain/Landscapes/misc_skeletons/719_cadaver_human_bones02/metadata.json
720,cadaver human bones03,"[[""misc_skeletons""]]",81,cadaver_skeleton,[],[],data\engine2d\bin\bobs\ls_skeletons.bmd,,wolves01,1,1,[35],0,0,1,Terrain,29,21,"[17, 12]",Terrain/Landscapes/misc_skeletons/717_skeleton_03/bob_000035.png,SOURCE_COMPLETE,[],Terrain/Landscapes/misc_skeletons/720_cadaver_human_bones03/metadata.json
721,cadaver 01,"[[""misc_skeletons""]]",1,void,[],[],data\engine2d\bin\bobs\ls_statues.bmd,,dungeon01,1,1,[164],1,0,0,Terrain,35,35,"[24, 18]",Terrain/Landscapes/misc_skeletons/721_cadaver_01/bob_000164.png,SOURCE_COMPLETE,[],Terrain/Landscapes/misc_skeletons/721_cadaver_01/metadata.json
722,cadaver 02,"[[""misc_skeletons""]]",1,void,[],[],data\engine2d\bin\bobs\ls_statues.bmd,,dungeon01,1,1,[165],1,0,0,Terrain,35,34,"[22, 17]",Terrain/Landscapes/misc_skeletons/722_cadaver_02/bob_000165.png,SOURCE_COMPLETE,[],Terrain/Landscapes/misc_skeletons/722_cadaver_02/metadata.json
723,cadaver 03,"[[""misc_skeletons""]]",1,void,[],[],data\engine2d\bin\bobs\ls_statues.bmd,,dungeon01,1,1,[166],1,0,0,Terrain,24,39,"[17, 19]",Terrain/Landscapes/misc_skeletons/723_cadaver_03/bob_000166.png,SOURCE_COMPLETE,[],Terrain/Landscapes/misc_skeletons/723_cadaver_03/metadata.json
724,cadaver 04,"[[""misc_skeletons""]]",1,void,[],[],data\engine2d\bin\bobs\ls_statues.bmd,,dungeon01,1,1,[167],0,0,0,Terrain,75,68,"[30, 39]",Terrain/Landscapes/misc_skeletons/724_cadaver_04/bob_000167.png,SOURCE_COMPLETE,[],Terrain/Landscapes/misc_skeletons/724_cadaver_04/metadata.json
725,cadaver 05,"[[""misc_skeletons""]]",1,void,[],[],data\engine2d\bin\bobs\ls_statues.bmd,,dungeon01,1,1,[168],0,0,0,Terrain,191,127,"[72, 57]",Terrain/Landscapes/misc_skeletons/725_cadaver_05/bob_000168.png,SOURCE_COMPLETE,[],Terrain/Landscapes/misc_skeletons/725_cadaver_05/metadata.json
726,ruin byzantine 01,"[[""ruins_byzantine""]]",1,void,[],[],data\engine2d\bin\bobs\ls_ruin_byzantine.bmd,data\engine2d\bin\bobs\ls_ruin_byzantine_s.bmd,ruins_byzantine,1,1,[0],0,0,0,Terrain,116,133,"[59, 96]",Terrain/Landscapes/ruins_byzantine/726_ruin_byzantine_01/bob_000000.png,SOURCE_COMPLETE,[],Terrain/Landscapes/ruins_byzantine/726_ruin_byzantine_01/metadata.json
727,ruin byzantine 02,"[[""ruins_byzantine""]]",1,void,[],[],data\engine2d\bin\bobs\ls_ruin_byzantine.bmd,data\engine2d\bin\bobs\ls_ruin_byzantine_s.bmd,rockWater,1,1,[1],1,0,0,Terrain,131,117,"[55, 71]",Terrain/Landscapes/ruins_byzantine/727_ruin_byzantine_02/bob_000001.png,SOURCE_COMPLETE,[],Terrain/Landscapes/ruins_byzantine/727_ruin_byzantine_02/metadata.json
728,ruin byzantine 03,"[[""ruins_byzantine""]]",1,void,[],[],data\engine2d\bin\bobs\ls_ruin_byzantine.bmd,data\engine2d\bin\bobs\ls_ruin_byzantine_s.bmd,rockWater,1,1,[2],1,0,0,Terrain,152,90,"[63, 61]",Terrain/Landscapes/ruins_byzantine/728_ruin_byzantine_03/bob_000002.png,SOURCE_COMPLETE,[],Terrain/Landscapes/ruins_byzantine/728_ruin_byzantine_03/metadata.json
729,ruin byzantine 04,"[[""ruins_byzantine""]]",1,void,[],[],data\engine2d\bin\bobs\ls_ruin_byzantine.bmd,data\engine2d\bin\bobs\ls_ruin_byzantine_s.bmd,rockWater,1,1,[3],1,0,0,Terrain,126,127,"[69, 83]",Terrain/Landscapes/ruins_byzantine/729_ruin_byzantine_04/bob_000003.png,SOURCE_COMPLETE,[],Terrain/Landscapes/ruins_byzantine/729_ruin_byzantine_04/metadata.json
730,ruin byzantine 05,"[[""ruins_byzantine""]]",1,void,[],[],data\engine2d\bin\bobs\ls_ruin_byzantine.bmd,data\engine2d\bin\bobs\ls_ruin_byzantine_s.bmd,rockWater,1,1,[4],1,0,0,Terrain,138,79,"[71, 41]",Terrain/Landscapes/ruins_byzantine/730_ruin_byzantine_05/bob_000004.png,SOURCE_COMPLETE,[],Terrain/Landscapes/ruins_byzantine/730_ruin_byzantine_05/metadata.json
731,ruin byzantine 06,"[[""ruins_byzantine""]]",1,void,[],[],data\engine2d\bin\bobs\ls_ruin_byzantine.bmd,data\engine2d\bin\bobs\ls_ruin_byzantine_s.bmd,rockWater,1,1,[5],1,0,0,Terrain,141,74,"[66, 37]",Terrain/Landscapes/ruins_byzantine/731_ruin_byzantine_06/bob_000005.png,SOURCE_COMPLETE,[],Terrain/Landscapes/ruins_byzantine/731_ruin_byzantine_06/metadata.json
732,ruin byzantine 07,"[[""ruins_byzantine""]]",1,void,[],[],data\engine2d\bin\bobs\ls_ruin_byzantine.bmd,data\engine2d\bin\bobs\ls_ruin_byzantine_s.bmd,rockWater,1,1,[6],1,0,0,Terrain,134,129,"[73, 87]",Terrain/Landscapes/ruins_byzantine/732_ruin_byzantine_07/bob_000006.png,SOURCE_COMPLETE,[],Terrain/Landscapes/ruins_byzantine/732_ruin_byzantine_07/metadata.json
733,ruin byzantine 08,"[[""ruins_byzantine""]]",1,void,[],[],data\engine2d\bin\bobs\ls_ruin_byzantine.bmd,data\engine2d\bin\bobs\ls_ruin_byzantine_s.bmd,rockWater,1,1,[7],1,0,0,Terrain,112,114,"[52, 76]",Terrain/Landscapes/ruins_byzantine/733_ruin_byzantine_08/bob_000007.png,SOURCE_COMPLETE,[],Terrain/Landscapes/ruins_byzantine/733_ruin_byzantine_08/metadata.json
734,ruin byzantine 09,"[[""ruins_byzantine""]]",1,void,[],[],data\engine2d\bin\bobs\ls_ruin_byzantine.bmd,data\engine2d\bin\bobs\ls_ruin_byzantine_s.bmd,rockWater,1,1,[8],1,0,0,Terrain,150,110,"[75, 72]",Terrain/Landscapes/ruins_byzantine/734_ruin_byzantine_09/bob_000008.png,SOURCE_COMPLETE,[],Terrain/Landscapes/ruins_byzantine/734_ruin_byzantine_09/metadata.json
735,ruin byzantine 10,"[[""ruins_byzantine""]]",1,void,[],[],data\engine2d\bin\bobs\ls_ruin_byzantine.bmd,data\engine2d\bin\bobs\ls_ruin_byzantine_s.bmd,rockWater,1,1,[9],1,0,0,Terrain,129,105,"[61, 71]",Terrain/Landscapes/ruins_byzantine/735_ruin_byzantine_10/bob_000009.png,SOURCE_COMPLETE,[],Terrain/Landscapes/ruins_byzantine/735_ruin_byzantine_10/metadata.json
736,stonehenge 01,"[[""misc_stonehenge""]]",1,void,[],[],data\engine2d\bin\bobs\ls_stonehenge.bmd,data\engine2d\bin\bobs\ls_stonehenge_s.bmd,rock02,1,1,[0],1,0,0,Terrain,110,114,"[51, 67]",Terrain/Landscapes/misc_stonehenge/736_stonehenge_01/bob_000000.png,SOURCE_COMPLETE,[],Terrain/Landscapes/misc_stonehenge/736_stonehenge_01/metadata.json
737,stonehenge 02,"[[""misc_stonehenge""]]",1,void,[],[],data\engine2d\bin\bobs\ls_stonehenge.bmd,data\engine2d\bin\bobs\ls_stonehenge_s.bmd,rock02,1,1,[1],0,0,0,Terrain,109,143,"[64, 80]",Terrain/Landscapes/misc_stonehenge/737_stonehenge_02/bob_000001.png,SOURCE_COMPLETE,[],Terrain/Landscapes/misc_stonehenge/737_stonehenge_02/metadata.json
738,stonehenge 03,"[[""misc_stonehenge""]]",1,void,[],[],data\engine2d\bin\bobs\ls_stonehenge.bmd,data\engine2d\bin\bobs\ls_stonehenge_s.bmd,rock02,1,1,[2],1,0,0,Terrain,107,90,"[54, 53]",Terrain/Landscapes/misc_stonehenge/738_stonehenge_03/bob_000002.png,SOURCE_COMPLETE,[],Terrain/Landscapes/misc_stonehenge/738_stonehenge_03/metadata.json
739,stonehenge 04,"[[""misc_stonehenge""]]",1,void,[],[],data\engine2d\bin\bobs\ls_stonehenge.bmd,data\engine2d\bin\bobs\ls_stonehenge_s.bmd,rock02,1,1,[3],0,0,0,Terrain,252,137,"[115, 76]",Terrain/Landscapes/misc_stonehenge/739_stonehenge_04/bob_000003.png,SOURCE_COMPLETE,[],Terrain/Landscapes/misc_stonehenge/739_stonehenge_04/metadata.json
740,stonehenge 05,"[[""misc_stonehenge""]]",1,void,[],[],data\engine2d\bin\bobs\ls_stonehenge.bmd,data\engine2d\bin\bobs\ls_stonehenge_s.bmd,rock02,1,1,[4],0,0,0,Terrain,91,125,"[30, 80]",Terrain/Landscapes/misc_stonehenge/740_stonehenge_05/bob_000004.png,SOURCE_COMPLETE,[],Terrain/Landscapes/misc_stonehenge/740_stonehenge_05/metadata.json
741,stonehenge 06,"[[""misc_stonehenge""]]",1,void,[],[],data\engine2d\bin\bobs\ls_stonehenge.bmd,data\engine2d\bin\bobs\ls_stonehenge_s.bmd,rock02,1,1,[5],0,0,0,Terrain,194,73,"[100, 62]",Terrain/Landscapes/misc_stonehenge/741_stonehenge_06/bob_000005.png,SOURCE_COMPLETE,[],Terrain/Landscapes/misc_stonehenge/741_stonehenge_06/metadata.json
742,stonehenge 07,"[[""misc_stonehenge""]]",1,void,[],[],data\engine2d\bin\bobs\ls_stonehenge.bmd,data\engine2d\bin\bobs\ls_stonehenge_s.bmd,rock02,1,1,[6],0,0,0,Terrain,137,106,"[67, 90]",Terrain/Landscapes/misc_stonehenge/742_stonehenge_07/bob_000006.png,SOURCE_COMPLETE,[],Terrain/Landscapes/misc_stonehenge/742_stonehenge_07/metadata.json
743,stonehenge 08,"[[""misc_stonehenge""]]",1,void,[],[],data\engine2d\bin\bobs\ls_stonehenge.bmd,data\engine2d\bin\bobs\ls_stonehenge_s.bmd,rock02,1,1,[7],0,0,0,Terrain,172,131,"[89, 91]",Terrain/Landscapes/misc_stonehenge/743_stonehenge_08/bob_000007.png,SOURCE_COMPLETE,[],Terrain/Landscapes/misc_stonehenge/743_stonehenge_08/metadata.json
744,stonehenge 09,"[[""misc_stonehenge""]]",1,void,[],[],data\engine2d\bin\bobs\ls_stonehenge.bmd,data\engine2d\bin\bobs\ls_stonehenge_s.bmd,rock02,1,1,[8],0,0,0,Terrain,38,63,"[17, 50]",Terrain/Landscapes/misc_stonehenge/744_stonehenge_09/bob_000008.png,SOURCE_COMPLETE,[],Terrain/Landscapes/misc_stonehenge/744_stonehenge_09/metadata.json
745,stonehenge 10,"[[""misc_stonehenge""]]",1,void,[],[],data\engine2d\bin\bobs\ls_stonehenge.bmd,data\engine2d\bin\bobs\ls_stonehenge_s.bmd,rock02,1,1,[9],0,0,0,Terrain,37,62,"[19, 52]",Terrain/Landscapes/misc_stonehenge/745_stonehenge_10/bob_000009.png,SOURCE_COMPLETE,[],Terrain/Landscapes/misc_stonehenge/745_stonehenge_10/metadata.json
746,ruin frank 01,"[[""ruins_frank""]]",1,void,[],[],data\engine2d\bin\bobs\ls_ruin_frank.bmd,data\engine2d\bin\bobs\ls_ruin_frank_s.bmd,ruins_frank,1,1,[0],0,0,0,Terrain,120,157,"[53, 121]",Terrain/Landscapes/ruins_frank/746_ruin_frank_01/bob_000000.png,SOURCE_COMPLETE,[],Terrain/Landscapes/ruins_frank/746_ruin_frank_01/metadata.json
747,ruin frank 02,"[[""ruins_frank""]]",1,void,[],[],data\engine2d\bin\bobs\ls_ruin_frank.bmd,data\engine2d\bin\bobs\ls_ruin_frank_s.bmd,ruins_frank,1,1,[1],0,0,0,Terrain,120,157,"[101, 114]",Terrain/Landscapes/ruins_frank/747_ruin_frank_02/bob_000001.png,SOURCE_COMPLETE,[],Terrain/Landscapes/ruins_frank/747_ruin_frank_02/metadata.json
748,ruin frank 03,"[[""ruins_frank""]]",1,void,[],[],data\engine2d\bin\bobs\ls_ruin_frank.bmd,data\engine2d\bin\bobs\ls_ruin_frank_s.bmd,ruins_frank,1,1,[2],0,0,0,Terrain,126,163,"[59, 102]",Terrain/Landscapes/ruins_frank/748_ruin_frank_03/bob_000002.png,SOURCE_COMPLETE,[],Terrain/Landscapes/ruins_frank/748_ruin_frank_03/metadata.json
749,ruin frank 04,"[[""ruins_frank""]]",1,void,[],[],data\engine2d\bin\bobs\ls_ruin_frank.bmd,data\engine2d\bin\bobs\ls_ruin_frank_s.bmd,ruins_frank,1,1,[3],0,0,0,Terrain,89,140,"[50, 100]",Terrain/Landscapes/ruins_frank/749_ruin_frank_04/bob_000003.png,SOURCE_COMPLETE,[],Terrain/Landscapes/ruins_frank/749_ruin_frank_04/metadata.json
750,ruin frank 05,"[[""ruins_frank""]]",1,void,[],[],data\engine2d\bin\bobs\ls_ruin_frank.bmd,data\engine2d\bin\bobs\ls_ruin_frank_s.bmd,ruins_frank,1,1,[4],0,0,0,Terrain,127,151,"[52, 123]",Terrain/Landscapes/ruins_frank/750_ruin_frank_05/bob_000004.png,SOURCE_COMPLETE,[],Terrain/Landscapes/ruins_frank/750_ruin_frank_05/metadata.json
751,ruin frank 06,"[[""ruins_frank""]]",1,void,[],[],data\engine2d\bin\bobs\ls_ruin_frank.bmd,data\engine2d\bin\bobs\ls_ruin_frank_s.bmd,ruins_frank,1,1,[5],0,0,0,Terrain,134,107,"[65, 78]",Terrain/Landscapes/ruins_frank/751_ruin_frank_06/bob_000005.png,SOURCE_COMPLETE,[],Terrain/Landscapes/ruins_frank/751_ruin_frank_06/metadata.json
752,ruin frank 07,"[[""ruins_frank""]]",1,void,[],[],data\engine2d\bin\bobs\ls_ruin_frank.bmd,data\engine2d\bin\bobs\ls_ruin_frank_s.bmd,ruins_frank,1,1,[6],0,0,0,Terrain,161,244,"[79, 196]",Terrain/Landscapes/ruins_frank/752_ruin_frank_07/bob_000006.png,SOURCE_COMPLETE,[],Terrain/Landscapes/ruins_frank/752_ruin_frank_07/metadata.json
753,ruin frank 08,"[[""ruins_frank""]]",1,void,[],[],data\engine2d\bin\bobs\ls_ruin_frank.bmd,data\engine2d\bin\bobs\ls_ruin_frank_s.bmd,ruins_frank,1,1,[7],0,0,0,Terrain,131,100,"[52, 70]",Terrain/Landscapes/ruins_frank/753_ruin_frank_08/bob_000007.png,SOURCE_COMPLETE,[],Terrain/Landscapes/ruins_frank/753_ruin_frank_08/metadata.json
754,ruin frank 09,"[[""ruins_frank""]]",1,void,[],[],data\engine2d\bin\bobs\ls_ruin_frank.bmd,data\engine2d\bin\bobs\ls_ruin_frank_s.bmd,ruins_frank,1,1,[8],0,0,0,Terrain,160,121,"[69, 71]",Terrain/Landscapes/ruins_frank/754_ruin_frank_09/bob_000008.png,SOURCE_COMPLETE,[],Terrain/Landscapes/ruins_frank/754_ruin_frank_09/metadata.json
755,bridge stone,"[[""misc_bridges""]]",1,void,[],[],data\engine2d\bin\bobs\ls_bridge.bmd,data\engine2d\bin\bobs\ls_bridge_s.bmd,bridge01,1,1,[0],1,0,0,Terrain,676,220,"[325, 99]",Terrain/Landscapes/misc_bridges/755_bridge_stone/bob_000000.png,SOURCE_COMPLETE,[],Terrain/Landscapes/misc_bridges/755_bridge_stone/metadata.json
756,bridge stone qwer,"[[""misc_bridges""]]",1,void,[],[],data\engine2d\bin\bobs\ls_bridge.bmd,data\engine2d\bin\bobs\ls_bridge_s.bmd,bridge01,1,1,[2],1,0,0,Terrain,730,173,"[369, 75]",Terrain/Landscapes/misc_bridges/756_bridge_stone_qwer/bob_000002.png,SOURCE_COMPLETE,[],Terrain/Landscapes/misc_bridges/756_bridge_stone_qwer/metadata.json
757,bridge stone 01,"[[""misc_bridges""]]",1,void,[],[],data\engine2d\bin\bobs\ls_bridge.bmd,data\engine2d\bin\bobs\ls_bridge_s.bmd,bridge01,1,1,[1],1,0,0,Terrain,662,229,"[300, 105]",Terrain/Landscapes/misc_bridges/757_bridge_stone_01/bob_000001.png,SOURCE_COMPLETE,[],Terrain/Landscapes/misc_bridges/757_bridge_stone_01/metadata.json
758,bridge wood 00,"[[""misc_bridges""]]",1,void,[],[],data\engine2d\bin\bobs\ls_bridge.bmd,data\engine2d\bin\bobs\ls_bridge_s.bmd,bridge01,1,1,[3],1,0,0,Terrain,498,224,"[224, 130]",Terrain/Landscapes/misc_bridges/758_bridge_wood_00/bob_000003.png,SOURCE_COMPLETE,[],Terrain/Landscapes/misc_bridges/758_bridge_wood_00/metadata.json
759,bridge wood 01,"[[""misc_bridges""]]",1,void,[],[],data\engine2d\bin\bobs\ls_bridge.bmd,data\engine2d\bin\bobs\ls_bridge_s.bmd,bridge01,1,1,[5],1,0,0,Terrain,631,158,"[326, 103]",Terrain/Landscapes/misc_bridges/759_bridge_wood_01/bob_000005.png,SOURCE_COMPLETE,[],Terrain/Landscapes/misc_bridges/759_bridge_wood_01/metadata.json
760,bridge wood 02,"[[""misc_bridges""]]",1,void,[],[],data\engine2d\bin\bobs\ls_bridge.bmd,data\engine2d\bin\bobs\ls_bridge_s.bmd,bridge01,1,1,[4],1,0,0,Terrain,533,243,"[298, 137]",Terrain/Landscapes/misc_bridges/760_bridge_wood_02/bob_000004.png,SOURCE_COMPLETE,[],Terrain/Landscapes/misc_bridges/760_bridge_wood_02/metadata.json
761,bridge small 00,"[[""misc_bridges""]]",1,void,[],[],data\engine2d\bin\bobs\ls_bridge.bmd,data\engine2d\bin\bobs\ls_bridge_s.bmd,bridge01,1,1,[6],1,0,0,Terrain,203,96,"[93, 52]",Terrain/Landscapes/misc_bridges/761_bridge_small_00/bob_000006.png,SOURCE_COMPLETE,[],Terrain/Landscapes/misc_bridges/761_bridge_small_00/metadata.json
762,bridge small 01,"[[""misc_bridges""]]",1,void,[],[],data\engine2d\bin\bobs\ls_bridge.bmd,data\engine2d\bin\bobs\ls_bridge_s.bmd,bridge01,1,1,[7],1,0,0,Terrain,225,100,"[116, 48]",Terrain/Landscapes/misc_bridges/762_bridge_small_01/bob_000007.png,SOURCE_COMPLETE,[],Terrain/Landscapes/misc_bridges/762_bridge_small_01/metadata.json
763,bridge small 02,"[[""misc_bridges""]]",1,void,[],[],data\engine2d\bin\bobs\ls_bridge.bmd,data\engine2d\bin\bobs\ls_bridge_s.bmd,bridge01,1,1,[8],1,0,0,Terrain,261,62,"[131, 24]",Terrain/Landscapes/misc_bridges/763_bridge_small_02/bob_000008.png,SOURCE_COMPLETE,[],Terrain/Landscapes/misc_bridges/763_bridge_small_02/metadata.json
764,Tomb Entrance,"[[""misc_caves""]]",1,void,[],[],data\engine2d\bin\bobs\ls_caves.bmd,data\engine2d\bin\bobs\ls_caves_s.bmd,caves,1,1,[95],1,0,0,Terrain,761,534,"[444, 210]",Terrain/Landscapes/misc_caves/764_Tomb_Entrance/bob_000095.png,SOURCE_COMPLETE,[],Terrain/Landscapes/misc_caves/764_Tomb_Entrance/metadata.json
765,Tomb Free,"[[""misc_caves""]]",1,void,[],[],data\engine2d\bin\bobs\ls_caves.bmd,data\engine2d\bin\bobs\ls_caves_s.bmd,caves2,1,1,[0],1,0,0,Terrain,600,511,"[260, 340]",Terrain/Landscapes/misc_caves/765_Tomb_Free/bob_000000.png,SOURCE_COMPLETE,[],Terrain/Landscapes/misc_caves/765_Tomb_Free/metadata.json
766,Cave Entrance,"[[""misc_caves""]]",1,void,[],[],data\engine2d\bin\bobs\ls_caves.bmd,data\engine2d\bin\bobs\ls_caves_s.bmd,caves2,1,1,[1],1,0,0,Terrain,552,361,"[275, 161]",Terrain/Landscapes/misc_caves/766_Cave_Entrance/bob_000001.png,SOURCE_COMPLETE,[],Terrain/Landscapes/misc_caves/766_Cave_Entrance/metadata.json
767,Megalithe Tomb,"[[""misc_caves""]]",1,void,[],[],data\engine2d\bin\bobs\ls_caves.bmd,data\engine2d\bin\bobs\ls_caves_s.bmd,caves2,1,1,[2],1,0,0,Terrain,360,263,"[171, 124]",Terrain/Landscapes/misc_caves/767_Megalithe_Tomb/bob_000002.png,SOURCE_COMPLETE,[],Terrain/Landscapes/misc_caves/767_Megalithe_Tomb/metadata.json
768,Mine Entrance,"[[""misc_caves""]]",1,void,[],[],data\engine2d\bin\bobs\ls_caves.bmd,data\engine2d\bin\bobs\ls_caves_s.bmd,caves2,1,1,[3],1,0,0,Terrain,485,457,"[256, 185]",Terrain/Landscapes/misc_caves/768_Mine_Entrance/bob_000003.png,SOURCE_COMPLETE,[],Terrain/Landscapes/misc_caves/768_Mine_Entrance/metadata.json
769,Dungeon Gate 01 closed,"[[""misc_caves""]]",1,void,[],[],data\engine2d\bin\bobs\ls_gates.bmd,data\engine2d\bin\bobs\ls_gates_s.bmd,caves,1,1,[0],0,0,0,Terrain,393,138,"[195, 128]",Terrain/Landscapes/misc_caves/769_Dungeon_Gate_01_closed/bob_000000.png,SOURCE_COMPLETE,[],Terrain/Landscapes/misc_caves/769_Dungeon_Gate_01_closed/metadata.json
770,Dungeon Gate 01 open,"[[""misc_caves""]]",1,void,[],[],data\engine2d\bin\bobs\ls_gates.bmd,data\engine2d\bin\bobs\ls_gates_s.bmd,caves,1,1,[1],0,0,0,Terrain,393,138,"[195, 128]",Terrain/Landscapes/misc_caves/770_Dungeon_Gate_01_open/bob_000001.png,SOURCE_COMPLETE,[],Terrain/Landscapes/misc_caves/770_Dungeon_Gate_01_open/metadata.json
771,Dungeon Gate 02,"[[""misc_caves""]]",1,void,[],[],data\engine2d\bin\bobs\ls_gates.bmd,data\engine2d\bin\bobs\ls_gates_s.bmd,caves,1,1,[2],0,0,0,Terrain,380,80,"[187, 70]",Terrain/Landscapes/misc_caves/771_Dungeon_Gate_02/bob_000002.png,SOURCE_COMPLETE,[],Terrain/Landscapes/misc_caves/771_Dungeon_Gate_02/metadata.json
772,snake gate,"[[""misc_caves""]]",1,void,[],[],data\engine2d\bin\bobs\ls_statues.bmd,data\engine2d\bin\bobs\ls_statues_s.bmd,housedruid01,1,1,[224],0,0,0,Terrain,350,194,"[172, 177]",Terrain/Landscapes/misc_caves/772_snake_gate/bob_000224.png,SOURCE_COMPLETE,[],Terrain/Landscapes/misc_caves/772_snake_gate/metadata.json
773,harbour 01,"[[""misc_harbour""]]",1,void,[],[],data\engine2d\bin\bobs\ls_harbour.bmd,data\engine2d\bin\bobs\ls_harbour_s.bmd,harbour01,1,1,[0],1,0,0,Terrain,335,234,"[190, 134]",Terrain/Landscapes/misc_harbour/773_harbour_01/bob_000000.png,SOURCE_COMPLETE,[],Terrain/Landscapes/misc_harbour/773_harbour_01/metadata.json
774,harbour 02,"[[""misc_harbour""]]",1,void,[],[],data\engine2d\bin\bobs\ls_harbour.bmd,data\engine2d\bin\bobs\ls_harbour_s.bmd,harbour01,1,1,[1],1,0,0,Terrain,301,254,"[103, 117]",Terrain/Landscapes/misc_harbour/774_harbour_02/bob_000001.png,SOURCE_COMPLETE,[],Terrain/Landscapes/misc_harbour/774_harbour_02/metadata.json
775,harbour 03,"[[""misc_harbour""]]",1,void,[],[],data\engine2d\bin\bobs\ls_harbour.bmd,data\engine2d\bin\bobs\ls_harbour_s.bmd,harbour01,1,1,[2],1,0,0,Terrain,441,291,"[183, 147]",Terrain/Landscapes/misc_harbour/775_harbour_03/bob_000002.png,SOURCE_COMPLETE,[],Terrain/Landscapes/misc_harbour/775_harbour_03/metadata.json
776,harbour 04,"[[""misc_harbour""]]",1,void,[],[],data\engine2d\bin\bobs\ls_harbour.bmd,data\engine2d\bin\bobs\ls_harbour_s.bmd,harbour01,1,1,[3],1,0,0,Terrain,463,217,"[146, 118]",Terrain/Landscapes/misc_harbour/776_harbour_04/bob_000003.png,SOURCE_COMPLETE,[],Terrain/Landscapes/misc_harbour/776_harbour_04/metadata.json
777,harbour 05,"[[""misc_harbour""]]",1,void,[],[],data\engine2d\bin\bobs\ls_harbour.bmd,data\engine2d\bin\bobs\ls_harbour_s.bmd,harbour01,1,1,[4],1,0,0,Terrain,329,274,"[147, 135]",Terrain/Landscapes/misc_harbour/777_harbour_05/bob_000004.png,SOURCE_COMPLETE,[],Terrain/Landscapes/misc_harbour/777_harbour_05/metadata.json
778,harbour 06,"[[""misc_harbour""]]",1,void,[],[],data\engine2d\bin\bobs\ls_harbour.bmd,data\engine2d\bin\bobs\ls_harbour_s.bmd,harbour01,1,1,[5],1,0,0,Terrain,397,225,"[308, 52]",Terrain/Landscapes/misc_harbour/778_harbour_06/bob_000005.png,SOURCE_COMPLETE,[],Terrain/Landscapes/misc_harbour/778_harbour_06/metadata.json
779,harbour house 01,"[[""misc_harbour""]]",1,void,[],[],data\engine2d\bin\bobs\ls_harbour.bmd,data\engine2d\bin\bobs\ls_harbour_s.bmd,caves,1,1,[6],0,0,0,Terrain,154,158,"[73, 112]",Terrain/Landscapes/misc_harbour/779_harbour_house_01/bob_000006.png,SOURCE_COMPLETE,[],Terrain/Landscapes/misc_harbour/779_harbour_house_01/metadata.json
780,harbour house 02,"[[""misc_harbour""]]",1,void,[],[],data\engine2d\bin\bobs\ls_harbour.bmd,data\engine2d\bin\bobs\ls_harbour_s.bmd,caves,1,1,[7],0,0,0,Terrain,167,158,"[85, 117]",Terrain/Landscapes/misc_harbour/780_harbour_house_02/bob_000007.png,SOURCE_COMPLETE,[],Terrain/Landscapes/misc_harbour/780_harbour_house_02/metadata.json
781,swamp 01,"[[""misc""]]",1,void,[],[],data\engine2d\bin\bobs\ls_water.bmd,,swamp01,5,224,"[56, 57, 58, 59, 60, 61, 62, 63, 64, 65, 66, 67, 68, 69, 70, 71, 72, 73, 74, 75, 76, 77, 78, 79, 80, 81, 82, 83, 84, 85, 86, 87, 88, 89]",0,1,0,Terrain,3,4,"[6, -25]",Terrain/Landscapes/misc/781_swamp_01/bob_000057.png,SOURCE_COMPLETE,[],Terrain/Landscapes/misc/781_swamp_01/metadata.json
782,swamp 02,"[[""misc""]]",1,void,[],[],data\engine2d\bin\bobs\ls_water.bmd,,swamp02,5,224,"[56, 57, 58, 59, 60, 61, 62, 63, 64, 65, 66, 67, 68, 69, 70, 71, 72, 73, 74, 75, 76, 77, 78, 79, 80, 81, 82, 83, 84, 85, 86, 87, 88, 89]",0,1,0,Terrain,3,4,"[6, -25]",Terrain/Landscapes/misc/782_swamp_02/bob_000057.png,SOURCE_COMPLETE,[],Terrain/Landscapes/misc/782_swamp_02/metadata.json
783,waterlily 01,"[[""misc""]]",1,void,[],[],data\engine2d\bin\bobs\ls_water.bmd,,system,4,4,"[90, 91, 92, 93]",0,0,0,Terrain,32,23,"[15, 11]",Terrain/Landscapes/misc/783_waterlily_01/bob_000093.png,SOURCE_COMPLETE,[],Terrain/Landscapes/misc/783_waterlily_01/metadata.json
784,swamp 03,"[[""misc""]]",1,void,[],[],data\engine2d\bin\bobs\ls_water.bmd,,swamp01,5,224,"[94, 95, 96, 97, 98, 99, 100, 101, 102, 103, 104, 105, 106, 107, 108, 109, 110, 111, 112, 113, 114, 115, 116, 117, 118, 119, 120, 121, 122, 123, 124, 125, 126, 127]",0,1,0,Terrain,3,4,"[-1, -25]",Terrain/Landscapes/misc/784_swamp_03/bob_000095.png,SOURCE_COMPLETE,[],Terrain/Landscapes/misc/784_swamp_03/metadata.json
785,wall 01,"[[""misc""]]",1,void,[],[],data\engine2d\bin\bobs\ls_temp.bmd,data\engine2d\bin\bobs\ls_temp_s.bmd,harbour01,0,0,[],0,0,0,Terrain,,,,,SOURCE_COMPLETE,[],Terrain/Landscapes/misc/785_wall_01/metadata.json
786,block,"[[""misc""]]",1,void,[],[],data\engine2d\bin\bobs\ls_misc.bmd,,clay01,0,0,[],0,0,0,Terrain,,,,,SOURCE_COMPLETE,[],Terrain/Landscapes/misc/786_block/metadata.json
787,butterfly01,"[[""misc""]]",1,void,[],[],data\engine2d\bin\bobs\ls_fishes.bmd,,butterfly01,1,33,"[18, 19, 20, 21, 22, 23, 24, 25, 26, 27, 28, 29, 30, 31, 32, 33, 34, 35, 36, 37, 38, 39, 40, 41, 42, 43, 44, 45, 46, 47, 48, 49, 50]",0,1,0,Terrain,28,19,"[11, 27]",Terrain/Landscapes/misc/787_butterfly01/bob_000050.png,SOURCE_COMPLETE,[],Terrain/Landscapes/misc/787_butterfly01/metadata.json
788,butterfly02,"[[""misc""]]",1,void,[],[],data\engine2d\bin\bobs\ls_fishes.bmd,,butterfly01,1,33,"[51, 52, 53, 54, 55, 56, 57, 58, 59, 60, 61, 62, 63, 64, 65, 66, 67, 68, 69, 70, 71, 72, 73, 74, 75, 76, 77, 78, 79, 80, 81, 82, 83]",0,1,0,Terrain,28,14,"[14, 27]",Terrain/Landscapes/misc/788_butterfly02/bob_000083.png,SOURCE_COMPLETE,[],Terrain/Landscapes/misc/788_butterfly02/metadata.json
789,triggerplate 01 down,"[[""misc_triggerplates""]]",1,void,[],[],data\engine2d\bin\bobs\ls_triggers.bmd,data\engine2d\bin\bobs\ls_triggers_s.bmd,goods_flour,1,1,[0],1,0,0,Terrain,306,173,"[150, 76]",Terrain/Landscapes/misc_triggerplates/789_triggerplate_01_down/bob_000000.png,SOURCE_COMPLETE,[],Terrain/Landscapes/misc_triggerplates/789_triggerplate_01_down/metadata.json
790,triggerplate 01,"[[""misc_triggerplates""]]",1,void,[],[],data\engine2d\bin\bobs\ls_triggers.bmd,data\engine2d\bin\bobs\ls_triggers_s.bmd,goods_flour,1,1,[1],1,0,0,Terrain,306,173,"[150, 76]",Terrain/Landscapes/misc_triggerplates/790_triggerplate_01/bob_000001.png,SOURCE_COMPLETE,[],Terrain/Landscapes/misc_triggerplates/790_triggerplate_01/metadata.json
791,triggerplate 02 down,"[[""misc_triggerplates""]]",1,void,[],[],data\engine2d\bin\bobs\ls_triggers.bmd,data\engine2d\bin\bobs\ls_triggers_s.bmd,goods_flour,1,1,[2],1,0,0,Terrain,305,174,"[147, 76]",Terrain/Landscapes/misc_triggerplates/791_triggerplate_02_down/bob_000002.png,SOURCE_COMPLETE,[],Terrain/Landscapes/misc_triggerplates/791_triggerplate_02_down/metadata.json
792,triggerplate 02,"[[""misc_triggerplates""]]",1,void,[],[],data\engine2d\bin\bobs\ls_triggers.bmd,data\engine2d\bin\bobs\ls_triggers_s.bmd,goods_flour,1,1,[3],1,0,0,Terrain,305,174,"[147, 76]",Terrain/Landscapes/misc_triggerplates/792_triggerplate_02/bob_000003.png,SOURCE_COMPLETE,[],Terrain/Landscapes/misc_triggerplates/792_triggerplate_02/metadata.json
793,triggerplate 03 down,"[[""misc_triggerplates""]]",1,void,[],[],data\engine2d\bin\bobs\ls_triggers.bmd,data\engine2d\bin\bobs\ls_triggers_s.bmd,goods_flour,1,1,[4],1,0,0,Terrain,306,173,"[150, 76]",Terrain/Landscapes/misc_triggerplates/793_triggerplate_03_down/bob_000004.png,SOURCE_COMPLETE,[],Terrain/Landscapes/misc_triggerplates/793_triggerplate_03_down/metadata.json
794,triggerplate 03,"[[""misc_triggerplates""]]",1,void,[],[],data\engine2d\bin\bobs\ls_triggers.bmd,data\engine2d\bin\bobs\ls_triggers_s.bmd,goods_flour,1,1,[5],1,0,0,Terrain,306,173,"[150, 76]",Terrain/Landscapes/misc_triggerplates/794_triggerplate_03/bob_000005.png,SOURCE_COMPLETE,[],Terrain/Landscapes/misc_triggerplates/794_triggerplate_03/metadata.json
795,triggerplate 04 down,"[[""misc_triggerplates""]]",1,void,[],[],data\engine2d\bin\bobs\ls_triggers.bmd,data\engine2d\bin\bobs\ls_triggers_s.bmd,goods_stone,1,1,[6],1,0,0,Terrain,283,164,"[142, 75]",Terrain/Landscapes/misc_triggerplates/795_triggerplate_04_down/bob_000006.png,SOURCE_COMPLETE,[],Terrain/Landscapes/misc_triggerplates/795_triggerplate_04_down/metadata.json
796,triggerplate 04,"[[""misc_triggerplates""]]",1,void,[],[],data\engine2d\bin\bobs\ls_triggers.bmd,data\engine2d\bin\bobs\ls_triggers_s.bmd,goods_stone,1,1,[7],1,0,0,Terrain,283,164,"[142, 75]",Terrain/Landscapes/misc_triggerplates/796_triggerplate_04/bob_000007.png,SOURCE_COMPLETE,[],Terrain/Landscapes/misc_triggerplates/796_triggerplate_04/metadata.json
797,bush snow 01 flower,"[[""xMissionCD_bushesSnow""]]",10,bush flowering,[],[],data\engine2d\bin\bobs\ls_trees.bmd,data\engine2d\bin\bobs\ls_trees_s.bmd,bush01snow,1,27,"[279, 280, 281, 282, 283, 284, 285, 286, 287]",0,1,3,Terrain,48,61,"[23, 55]",Terrain/Landscapes/xMissionCD_bushesSnow/797_bush_snow_01_flower/bob_000279.png,SOURCE_COMPLETE,[],Terrain/Landscapes/xMissionCD_bushesSnow/797_bush_snow_01_flower/metadata.json
798,bush snow 01 fruits,"[[""xMissionCD_bushesSnow""]]",11,bush with fruits,[],[],data\engine2d\bin\bobs\ls_trees.bmd,data\engine2d\bin\bobs\ls_trees_s.bmd,bush01snow,1,27,"[288, 289, 290, 291, 292, 293, 294, 295, 296]",0,1,3,Terrain,45,61,"[23, 55]",Terrain/Landscapes/xMissionCD_bushesSnow/798_bush_snow_01_fruits/bob_000288.png,SOURCE_COMPLETE,[],Terrain/Landscapes/xMissionCD_bushesSnow/798_bush_snow_01_fruits/metadata.json
799,bush snow 02 empty,"[[""xMissionCD_bushesSnow""]]",9,bush naked,[],[],data\engine2d\bin\bobs\ls_trees.bmd,data\engine2d\bin\bobs\ls_trees_s.bmd,bush01snow,1,27,"[297, 298, 299, 300, 301, 302, 303, 304, 305]",0,1,3,Terrain,48,64,"[27, 58]",Terrain/Landscapes/xMissionCD_bushesSnow/799_bush_snow_02_empty/bob_000297.png,SOURCE_COMPLETE,[],Terrain/Landscapes/xMissionCD_bushesSnow/799_bush_snow_02_empty/metadata.json
800,bush snow 02 flower,"[[""xMissionCD_bushesSnow""]]",10,bush flowering,[],[],data\engine2d\bin\bobs\ls_trees.bmd,data\engine2d\bin\bobs\ls_trees_s.bmd,bush01snow,1,27,"[306, 307, 308, 309, 310, 311, 312, 313, 314]",0,1,3,Terrain,48,66,"[27, 60]",Terrain/Landscapes/xMissionCD_bushesSnow/800_bush_snow_02_flower/bob_000306.png,SOURCE_COMPLETE,[],Terrain/Landscapes/xMissionCD_bushesSnow/800_bush_snow_02_flower/metadata.json
801,bush snow 02 fruits,"[[""xMissionCD_bushesSnow""]]",11,bush with fruits,[],[],data\engine2d\bin\bobs\ls_trees.bmd,data\engine2d\bin\bobs\ls_trees_s.bmd,bush01snow,1,27,"[315, 316, 317, 318, 319, 320, 321, 322, 323]",0,1,3,Terrain,48,64,"[27, 58]",Terrain/Landscapes/xMissionCD_bushesSnow/801_bush_snow_02_fruits/bob_000315.png,SOURCE_COMPLETE,[],Terrain/Landscapes/xMissionCD_bushesSnow/801_bush_snow_02_fruits/metadata.json
802,bush snow 01 barren,"[[""xMissionCD_bushesSnow""]]",8,bush,[],[],data\engine2d\bin\bobs\ls_trees.bmd,data\engine2d\bin\bobs\ls_trees_s.bmd,treeSnow01,1,27,"[270, 271, 272, 273, 274, 275, 276, 277, 278]",0,1,0,Terrain,44,61,"[23, 55]",Terrain/Landscapes/xMissionCD_bushesSnow/802_bush_snow_01_barren/bob_000270.png,SOURCE_COMPLETE,[],Terrain/Landscapes/xMissionCD_bushesSnow/802_bush_snow_01_barren/metadata.json
803,bush snow 02 barren,"[[""xMissionCD_bushesSnow""]]",8,bush,[],[],data\engine2d\bin\bobs\ls_trees.bmd,data\engine2d\bin\bobs\ls_trees_s.bmd,bush01snow,1,27,"[297, 298, 299, 300, 301, 302, 303, 304, 305]",0,1,0,Terrain,48,64,"[27, 58]",Terrain/Landscapes/xMissionCD_bushesSnow/799_bush_snow_02_empty/bob_000297.png,SOURCE_COMPLETE,[],Terrain/Landscapes/xMissionCD_bushesSnow/803_bush_snow_02_barren/metadata.json
804,bush snow 01 empty,"[[""xMissionCD_bushesSnow""]]",9,bush naked,[],[],data\engine2d\bin\bobs\ls_trees.bmd,data\engine2d\bin\bobs\ls_trees_s.bmd,treeSnow01,1,27,"[270, 271, 272, 273, 274, 275, 276, 277, 278]",0,1,3,Terrain,44,61,"[23, 55]",Terrain/Landscapes/xMissionCD_bushesSnow/802_bush_snow_01_barren/bob_000270.png,SOURCE_COMPLETE,[],Terrain/Landscapes/xMissionCD_bushesSnow/804_bush_snow_01_empty/metadata.json
805,bush 01 flower,"[[""bushes""]]",10,bush flowering,[],[],data\engine2d\bin\bobs\ls_trees.bmd,data\engine2d\bin\bobs\ls_trees_s.bmd,bush01,1,27,"[279, 280, 281, 282, 283, 284, 285, 286, 287]",0,1,3,Terrain,48,61,"[23, 55]",Terrain/Landscapes/bushes/805_bush_01_flower/bob_000279.png,SOURCE_COMPLETE,[],Terrain/Landscapes/bushes/805_bush_01_flower/metadata.json
806,bush 01 fruits,"[[""bushes""]]",11,bush with fruits,[],[],data\engine2d\bin\bobs\ls_trees.bmd,data\engine2d\bin\bobs\ls_trees_s.bmd,bush01,1,27,"[288, 289, 290, 291, 292, 293, 294, 295, 296]",0,1,3,Terrain,45,61,"[23, 55]",Terrain/Landscapes/bushes/806_bush_01_fruits/bob_000288.png,SOURCE_COMPLETE,[],Terrain/Landscapes/bushes/806_bush_01_fruits/metadata.json
807,bush 02 empty,"[[""bushes""]]",9,bush naked,[],[],data\engine2d\bin\bobs\ls_trees.bmd,data\engine2d\bin\bobs\ls_trees_s.bmd,bush01,1,27,"[297, 298, 299, 300, 301, 302, 303, 304, 305]",0,1,3,Terrain,48,64,"[27, 58]",Terrain/Landscapes/bushes/807_bush_02_empty/bob_000297.png,SOURCE_COMPLETE,[],Terrain/Landscapes/bushes/807_bush_02_empty/metadata.json
808,bush 02 flower,"[[""bushes""]]",10,bush flowering,[],[],data\engine2d\bin\bobs\ls_trees.bmd,data\engine2d\bin\bobs\ls_trees_s.bmd,bush01,1,27,"[306, 307, 308, 309, 310, 311, 312, 313, 314]",0,1,3,Terrain,48,66,"[27, 60]",Terrain/Landscapes/bushes/808_bush_02_flower/bob_000306.png,SOURCE_COMPLETE,[],Terrain/Landscapes/bushes/808_bush_02_flower/metadata.json
809,bush 02 fruits,"[[""bushes""]]",11,bush with fruits,[],[],data\engine2d\bin\bobs\ls_trees.bmd,data\engine2d\bin\bobs\ls_trees_s.bmd,bush01,1,27,"[315, 316, 317, 318, 319, 320, 321, 322, 323]",0,1,3,Terrain,48,64,"[27, 58]",Terrain/Landscapes/bushes/809_bush_02_fruits/bob_000315.png,SOURCE_COMPLETE,[],Terrain/Landscapes/bushes/809_bush_02_fruits/metadata.json
810,bush 01 barren,"[[""bushes""]]",8,bush,[],[],data\engine2d\bin\bobs\ls_trees.bmd,data\engine2d\bin\bobs\ls_trees_s.bmd,tree01,1,27,"[270, 271, 272, 273, 274, 275, 276, 277, 278]",0,1,0,Terrain,44,61,"[23, 55]",Terrain/Landscapes/trees_all/325_bush_01_empty/bob_000270.png,SOURCE_COMPLETE,[],Terrain/Landscapes/bushes/810_bush_01_barren/metadata.json
811,bush 02 barren,"[[""bushes""]]",8,bush,[],[],data\engine2d\bin\bobs\ls_trees.bmd,data\engine2d\bin\bobs\ls_trees_s.bmd,bush01,1,27,"[297, 298, 299, 300, 301, 302, 303, 304, 305]",0,1,0,Terrain,48,64,"[27, 58]",Terrain/Landscapes/bushes/807_bush_02_empty/bob_000297.png,SOURCE_COMPLETE,[],Terrain/Landscapes/bushes/811_bush_02_barren/metadata.json
812,wave 01,"[[""misc_waves""]]",1,void,[],[],data\engine2d\bin\bobs\ls_water.bmd,,wave01,1,16,"[0, 1, 2, 3, 4, 5, 6, 7, 8, 9, 10, 11, 12, 13, 14, 15]",0,1,0,Terrain,75,46,"[40, 22]",Terrain/Landscapes/misc_waves/812_wave_01/bob_000000.png,SOURCE_COMPLETE,[],Terrain/Landscapes/misc_waves/812_wave_01/metadata.json
813,wave 01 slow,"[[""misc_waves""]]",1,void,[],[],data\engine2d\bin\bobs\ls_water.bmd,,wave01,1,32,"[0, 1, 2, 3, 4, 5, 6, 7, 8, 9, 10, 11, 12, 13, 14, 15]",0,1,0,Terrain,75,46,"[40, 22]",Terrain/Landscapes/misc_waves/812_wave_01/bob_000000.png,SOURCE_COMPLETE,[],Terrain/Landscapes/misc_waves/813_wave_01_slow/metadata.json
814,wave 02,"[[""misc_waves""]]",1,void,[],[],data\engine2d\bin\bobs\ls_water.bmd,,wave01,1,31,"[130, 131, 132, 133, 134, 135, 136, 137, 138, 139, 140, 141, 142, 143, 144, 145, 146, 147, 148, 149, 150, 151, 152, 153, 154, 155, 156, 157, 158, 159, 160]",0,1,0,Terrain,107,68,"[52, 30]",Terrain/Landscapes/misc_waves/814_wave_02/bob_000130.png,SOURCE_COMPLETE,[],Terrain/Landscapes/misc_waves/814_wave_02/metadata.json
815,wave 02 slow,"[[""misc_waves""]]",1,void,[],[],data\engine2d\bin\bobs\ls_water.bmd,,wave03,1,31,"[130, 131, 132, 133, 134, 135, 136, 137, 138, 139, 140, 141, 142, 143, 144, 145, 146, 147, 148, 149, 150, 151, 152, 153, 154, 155, 156, 157, 158, 159, 160]",0,1,0,Terrain,107,68,"[52, 30]",Terrain/Landscapes/misc_waves/815_wave_02_slow/bob_000130.png,SOURCE_COMPLETE,[],Terrain/Landscapes/misc_waves/815_wave_02_slow/metadata.json
816,wave bright 01,"[[""misc_waves""]]",1,void,[],[],data\engine2d\bin\bobs\ls_water.bmd,,wave02,1,16,"[0, 1, 2, 3, 4, 5, 6, 7, 8, 9, 10, 11, 12, 13, 14, 15]",0,1,0,Terrain,75,46,"[40, 22]",Terrain/Landscapes/misc_waves/816_wave_bright_01/bob_000000.png,SOURCE_COMPLETE,[],Terrain/Landscapes/misc_waves/816_wave_bright_01/metadata.json
817,wave swamp 01,"[[""misc_waves""]]",1,void,[],[],data\engine2d\bin\bobs\ls_water.bmd,,swamp01,1,16,"[0, 1, 2, 3, 4, 5, 6, 7, 8, 9, 10, 11, 12, 13, 14, 15]",0,1,0,Terrain,75,46,"[40, 22]",Terrain/Landscapes/misc_waves/817_wave_swamp_01/bob_000000.png,SOURCE_COMPLETE,[],Terrain/Landscapes/misc_waves/817_wave_swamp_01/metadata.json
818,wave brighter 01,"[[""misc_waves""]]",1,void,[],[],data\engine2d\bin\bobs\ls_water.bmd,,wave03,1,16,"[0, 1, 2, 3, 4, 5, 6, 7, 8, 9, 10, 11, 12, 13, 14, 15]",0,1,0,Terrain,75,46,"[40, 22]",Terrain/Landscapes/misc_waves/818_wave_brighter_01/bob_000000.png,SOURCE_COMPLETE,[],Terrain/Landscapes/misc_waves/818_wave_brighter_01/metadata.json
819,wheat ore 01,"[[""good mines all""]]",28,wheat (harvested),[4],[],data\engine2d\bin\bobs\ls_goods.bmd,data\engine2d\bin\bobs\ls_goods_s.bmd,goods_wheat,5,5,"[5, 6, 7, 8, 9]",1,0,2,Terrain,38,34,"[14, 21]",Shared/Goods/good_04_wheat/piles/179_wheat_pile_01/bob_000009.png,SOURCE_COMPLETE,[],Terrain/Landscapes/good_mines_all/819_wheat_ore_01/metadata.json
820,gold mine 02,"[[""good mines all""]]",21,gold_mine,[7],[],data\engine2d\bin\bobs\ls_ground.bmd,data\engine2d\bin\bobs\ls_ground_s.bmd,gold01,5,5,"[5, 6, 7, 8, 9]",1,0,3,Terrain,131,71,"[54, 38]",Terrain/Landscapes/good_mines_all/820_gold_mine_02/bob_000009.png,SOURCE_COMPLETE,[],Terrain/Landscapes/good_mines_all/820_gold_mine_02/metadata.json
821,gold mine 03,"[[""good mines all""]]",21,gold_mine,[7],[],data\engine2d\bin\bobs\ls_ground.bmd,data\engine2d\bin\bobs\ls_ground_s.bmd,gold01,5,5,"[54, 55, 56, 57, 58]",1,0,3,Terrain,99,53,"[50, 27]",Terrain/Landscapes/good_mines_all/821_gold_mine_03/bob_000058.png,SOURCE_COMPLETE,[],Terrain/Landscapes/good_mines_all/821_gold_mine_03/metadata.json
822,iron mine 01,"[[""good mines all""]]",18,iron_mine,[6],[],data\engine2d\bin\bobs\ls_ground.bmd,data\engine2d\bin\bobs\ls_ground_s.bmd,iron01,5,32,"[0, 1, 2, 3, 70, 71, 72, 73, 74, 75, 76, 77, 78, 79]",0,1,2,Terrain,134,55,"[65, 30]",Terrain/Landscapes/good_mines_all/822_iron_mine_01/bob_000070.png,SOURCE_COMPLETE,[],Terrain/Landscapes/good_mines_all/822_iron_mine_01/metadata.json
823,iron mine 02,"[[""good mines all""]]",18,iron_mine,[6],[],data\engine2d\bin\bobs\ls_ground.bmd,data\engine2d\bin\bobs\ls_ground_s.bmd,iron01,5,5,"[5, 6, 7, 8, 9]",1,0,2,Terrain,131,71,"[54, 38]",Terrain/Landscapes/good_mines_all/823_iron_mine_02/bob_000009.png,SOURCE_COMPLETE,[],Terrain/Landscapes/good_mines_all/823_iron_mine_02/metadata.json
824,iron mine 03,"[[""good mines all""]]",18,iron_mine,[6],[],data\engine2d\bin\bobs\ls_ground.bmd,data\engine2d\bin\bobs\ls_ground_s.bmd,iron01,5,5,"[54, 55, 56, 57, 58]",1,0,2,Terrain,99,53,"[50, 27]",Terrain/Landscapes/good_mines_all/824_iron_mine_03/bob_000058.png,SOURCE_COMPLETE,[],Terrain/Landscapes/good_mines_all/824_iron_mine_03/metadata.json
825,grass snow 01,"[[""meadows grass""]]",1,void,[],[],data\engine2d\bin\bobs\ls_meadows.bmd,,GrassSnow01,1,16,"[16, 17, 18, 19, 20, 21, 22, 23]",0,1,0,Terrain,42,29,"[21, 22]",Terrain/Landscapes/meadows_grass/825_grass_snow_01/bob_000016.png,SOURCE_COMPLETE,[],Terrain/Landscapes/meadows_grass/825_grass_snow_01/metadata.json
826,grass snow 02,"[[""meadows grass""]]",1,void,[],[],data\engine2d\bin\bobs\ls_meadows.bmd,,GrassSnow01,1,16,"[64, 65, 66, 67, 68, 69, 70, 71]",0,1,0,Terrain,40,28,"[26, 19]",Terrain/Landscapes/meadows_grass/826_grass_snow_02/bob_000064.png,SOURCE_COMPLETE,[],Terrain/Landscapes/meadows_grass/826_grass_snow_02/metadata.json
827,grass bush 01,"[[""meadows grass""]]",1,void,[],[],data\engine2d\bin\bobs\ls_meadows.bmd,,grass01,1,16,"[141, 142, 143, 144, 145, 146, 147, 148]",0,1,0,Terrain,31,36,"[15, 31]",Terrain/Landscapes/meadows_grass/827_grass_bush_01/bob_000141.png,SOURCE_COMPLETE,[],Terrain/Landscapes/meadows_grass/827_grass_bush_01/metadata.json
828,grass bush 02,"[[""meadows grass""]]",1,void,[],[],data\engine2d\bin\bobs\ls_meadows.bmd,,grass02,1,16,"[141, 142, 143, 144, 145, 146, 147, 148]",0,1,0,Terrain,31,36,"[15, 31]",Terrain/Landscapes/meadows_grass/828_grass_bush_02/bob_000141.png,SOURCE_COMPLETE,[],Terrain/Landscapes/meadows_grass/828_grass_bush_02/metadata.json
829,grass bush 03,"[[""meadows grass""]]",1,void,[],[],data\engine2d\bin\bobs\ls_meadows.bmd,,grass03,1,16,"[141, 142, 143, 144, 145, 146, 147, 148]",0,1,0,Terrain,31,36,"[15, 31]",Terrain/Landscapes/meadows_grass/829_grass_bush_03/bob_000141.png,SOURCE_COMPLETE,[],Terrain/Landscapes/meadows_grass/829_grass_bush_03/metadata.json
830,residence_house 1,"[[""houses vikings all""]]",1,void,[],[],data\engine2d\bin\bobs\ls_houses_viking.bmd,data\engine2d\bin\bobs\ls_houses_viking_s.bmd,house01,1,1,[3],0,0,0,Terrain,153,119,"[88, 76]",Terrain/Landscapes/houses_vikings_all/830_residence_house_1/bob_000003.png,SOURCE_COMPLETE,[],Terrain/Landscapes/houses_vikings_all/830_residence_house_1/metadata.json
831,residence_house 2,"[[""houses vikings all""]]",1,void,[],[],data\engine2d\bin\bobs\ls_houses_viking.bmd,data\engine2d\bin\bobs\ls_houses_viking_s.bmd,house01,1,1,[4],0,0,0,Terrain,46,54,"[54, -9]",Terrain/Landscapes/houses_vikings_all/831_residence_house_2/bob_000004.png,SOURCE_COMPLETE,[],Terrain/Landscapes/houses_vikings_all/831_residence_house_2/metadata.json
832,residence_house 3,"[[""houses vikings all""]]",1,void,[],[],data\engine2d\bin\bobs\ls_houses_viking.bmd,data\engine2d\bin\bobs\ls_houses_viking_s.bmd,house01,1,1,[5],0,0,0,Terrain,319,91,"[240, 20]",Terrain/Landscapes/houses_vikings_all/832_residence_house_3/bob_000005.png,SOURCE_COMPLETE,[],Terrain/Landscapes/houses_vikings_all/832_residence_house_3/metadata.json
833,residence_house 4,"[[""houses vikings all""]]",1,void,[],[],data\engine2d\bin\bobs\ls_houses_viking.bmd,data\engine2d\bin\bobs\ls_houses_viking_s.bmd,house01,1,1,[6],0,0,0,Terrain,,,,,SOURCE_COMPLETE,[],Terrain/Landscapes/houses_vikings_all/833_residence_house_4/metadata.json
834,residence_house 5,"[[""houses vikings all""]]",1,void,[],[],data\engine2d\bin\bobs\ls_houses_viking.bmd,data\engine2d\bin\bobs\ls_houses_viking_s.bmd,house01,1,1,[7],0,0,0,Terrain,,,,,SOURCE_COMPLETE,[],Terrain/Landscapes/houses_vikings_all/834_residence_house_5/metadata.json
835,palm 02,"[[""trees palm""]]",4,tree,[5],[],data\engine2d\bin\bobs\ls_trees.bmd,data\engine2d\bin\bobs\ls_trees_s.bmd,tree03,3,72,"[350, 351, 352, 353, 354, 355, 356, 357, 358, 359, 360, 361, 362, 363, 364, 365, 366, 367, 368, 369, 370, 371, 372, 373]",0,1,2,Terrain,107,121,"[60, 115]",Terrain/Landscapes/trees_palm/835_palm_02/bob_000350.png,SOURCE_COMPLETE,[],Terrain/Landscapes/trees_palm/835_palm_02/metadata.json
836,Palm 02 falling,"[[""trees falling"", ""trees palm""]]",5,tree falling,[],[],data\engine2d\bin\bobs\ls_trees.bmd,data\engine2d\bin\bobs\ls_trees_s.bmd,tree01,1,8,"[374, 375, 376, 377, 378, 379, 380, 381]",0,0,1,Terrain,107,121,"[60, 115]",Terrain/Landscapes/trees_falling/836_Palm_02_falling/bob_000374.png,SOURCE_COMPLETE,[],Terrain/Landscapes/trees_falling/836_Palm_02_falling/metadata.json
837,palm 03,"[[""trees palm""]]",4,tree,[5],[],data\engine2d\bin\bobs\ls_trees.bmd,data\engine2d\bin\bobs\ls_trees_s.bmd,tree03,3,72,"[382, 383, 384, 385, 386, 387, 388, 389, 390, 391, 392, 393, 394, 395, 396, 397, 398, 399, 400, 401, 402, 403, 404, 405]",0,1,2,Terrain,119,178,"[55, 175]",Terrain/Landscapes/trees_palm/837_palm_03/bob_000382.png,SOURCE_COMPLETE,[],Terrain/Landscapes/trees_palm/837_palm_03/metadata.json
838,palm 04,"[[""trees palm""]]",4,tree,[5],[],data\engine2d\bin\bobs\ls_trees.bmd,data\engine2d\bin\bobs\ls_trees_s.bmd,tree03,3,72,"[390, 391, 392, 393, 394, 395, 396, 397, 398, 399, 400, 401, 402, 403, 404, 405, 406, 407, 408, 409, 410, 411, 412, 413]",0,1,2,Terrain,104,163,"[56, 159]",Terrain/Landscapes/trees_palm/838_palm_04/bob_000406.png,SOURCE_COMPLETE,[],Terrain/Landscapes/trees_palm/838_palm_04/metadata.json
839,grass flower 05,"[[""meadows flowers""]]",1,void,[],[],data\engine2d\bin\bobs\ls_meadows.bmd,,flower01,1,16,"[133, 134, 135, 136, 137, 138, 139, 140]",0,1,0,Terrain,33,32,"[16, 28]",Terrain/Landscapes/meadows_flowers/839_grass_flower_05/bob_000133.png,SOURCE_COMPLETE,[],Terrain/Landscapes/meadows_flowers/839_grass_flower_05/metadata.json
840,grass flower 06,"[[""meadows flowers""]]",1,void,[],[],data\engine2d\bin\bobs\ls_meadows.bmd,,flower02,1,16,"[133, 134, 135, 136, 137, 138, 139, 140]",0,1,0,Terrain,33,32,"[16, 28]",Terrain/Landscapes/meadows_flowers/840_grass_flower_06/bob_000133.png,SOURCE_COMPLETE,[],Terrain/Landscapes/meadows_flowers/840_grass_flower_06/metadata.json
841,grass flower 07,"[[""meadows flowers""]]",1,void,[],[],data\engine2d\bin\bobs\ls_meadows.bmd,,flower03,1,16,"[133, 134, 135, 136, 137, 138, 139, 140]",0,1,0,Terrain,33,32,"[16, 28]",Terrain/Landscapes/meadows_flowers/841_grass_flower_07/bob_000133.png,SOURCE_COMPLETE,[],Terrain/Landscapes/meadows_flowers/841_grass_flower_07/metadata.json
842,grass flower 08,"[[""meadows flowers""]]",1,void,[],[],data\engine2d\bin\bobs\ls_meadows.bmd,,flower04,1,16,"[133, 134, 135, 136, 137, 138, 139, 140]",0,1,0,Terrain,33,32,"[16, 28]",Terrain/Landscapes/meadows_flowers/842_grass_flower_08/bob_000133.png,SOURCE_COMPLETE,[],Terrain/Landscapes/meadows_flowers/842_grass_flower_08/metadata.json
843,chest magical,"[[""chests""]]",86,chest_magical,[],[],data\engine2d\bin\bobs\ls_chest.bmd,data\engine2d\bin\bobs\ls_chest_s.bmd,rock03,1,1,[0],0,0,1,Terrain,78,53,"[35, 31]",Terrain/Landscapes/chests/843_chest_magical/bob_000000.png,SOURCE_COMPLETE,[],Terrain/Landscapes/chests/843_chest_magical/metadata.json
844,chest magical open,"[[""chests""]]",1,void,[],[],data\engine2d\bin\bobs\ls_chest.bmd,data\engine2d\bin\bobs\ls_chest_s.bmd,rock03,1,1,[1],1,0,0,Terrain,78,72,"[37, 47]",Terrain/Landscapes/chests/844_chest_magical_open/bob_000001.png,SOURCE_COMPLETE,[],Terrain/Landscapes/chests/844_chest_magical_open/metadata.json
845,chest wooden,"[[""chests""]]",85,chest_wooden,[],[],data\engine2d\bin\bobs\ls_chest.bmd,data\engine2d\bin\bobs\ls_chest_s.bmd,human_Player10,1,1,[2],0,0,1,Terrain,39,39,"[16, 23]",Terrain/Landscapes/chests/845_chest_wooden/bob_000002.png,SOURCE_COMPLETE,[],Terrain/Landscapes/chests/845_chest_wooden/metadata.json
846,chest wooden open,"[[""chests""]]",1,void,[],[],data\engine2d\bin\bobs\ls_chest.bmd,data\engine2d\bin\bobs\ls_chest_s.bmd,human_Player10,1,1,[3],1,0,0,Terrain,40,49,"[18, 31]",Terrain/Landscapes/chests/846_chest_wooden_open/bob_000003.png,SOURCE_COMPLETE,[],Terrain/Landscapes/chests/846_chest_wooden_open/metadata.json
847,cadaver rabbit leather,"[[""animals""]]",79,cadaver_leather,"[9, 9]","[8, 9, 10, 11, 12, 13, 16, 17, 18, 19, 20]",data\engine2d\bin\bobs\ls_goods.bmd,,goods_bread,1,1,[15],1,0,2,Animals,19,20,"[2, 8]",Animals/Landscape/847_cadaver_rabbit_leather/bob_000015.png,SOURCE_COMPLETE,[],Animals/Landscape/847_cadaver_rabbit_leather/metadata.json
848,cadaver rabbit meat,"[[""animals""]]",80,cadaver_meat,"[21, 21]","[16, 17, 18, 27, 28, 29, 30, 31]",data\engine2d\bin\bobs\ls_goods.bmd,,goods_bread,1,1,[15],1,0,2,Animals,19,20,"[2, 8]",Animals/Landscape/847_cadaver_rabbit_leather/bob_000015.png,SOURCE_COMPLETE,[],Animals/Landscape/848_cadaver_rabbit_meat/metadata.json
849,cadaver rabbit bones,"[[""animals""]]",81,cadaver_skeleton,[],[],data\engine2d\bin\bobs\ls_goods.bmd,,goods_bread,1,1,[15],1,0,1,Animals,19,20,"[2, 8]",Animals/Landscape/847_cadaver_rabbit_leather/bob_000015.png,SOURCE_COMPLETE,[],Animals/Landscape/849_cadaver_rabbit_bones/metadata.json
850,gathering byzantine,"[[""misc_gathering""]]",1,void,[],[],data\engine2d\bin\bobs\ls_gathering.bmd,data\engine2d\bin\bobs\ls_gathering_s.bmd,goods_flour,1,1,[0],1,0,0,Terrain,329,211,"[152, 124]",Terrain/Landscapes/misc_gathering/850_gathering_byzantine/bob_000000.png,SOURCE_COMPLETE,[],Terrain/Landscapes/misc_gathering/850_gathering_byzantine/metadata.json
851,gathering frank,"[[""misc_gathering""]]",1,void,[],[],data\engine2d\bin\bobs\ls_gathering.bmd,data\engine2d\bin\bobs\ls_gathering_s.bmd,goods_stone,1,1,[1],1,0,0,Terrain,329,212,"[163, 119]",Terrain/Landscapes/misc_gathering/851_gathering_frank/bob_000001.png,SOURCE_COMPLETE,[],Terrain/Landscapes/misc_gathering/851_gathering_frank/metadata.json
852,gathering saracen,"[[""misc_gathering""]]",1,void,[],[],data\engine2d\bin\bobs\ls_gathering.bmd,data\engine2d\bin\bobs\ls_gathering_s.bmd,goods_flour,1,1,[2],1,0,0,Terrain,329,212,"[148, 120]",Terrain/Landscapes/misc_gathering/852_gathering_saracen/bob_000002.png,SOURCE_COMPLETE,[],Terrain/Landscapes/misc_gathering/852_gathering_saracen/metadata.json
853,ruin greek 01,"[[""ruins_greek""]]",1,void,[],[],data\engine2d\bin\bobs\ls_wonders3.bmd,data\engine2d\bin\bobs\ls_wonders3_s.bmd,clay01,1,1,[9],0,0,0,Terrain,197,214,"[97, 174]",Terrain/Landscapes/ruins_greek/853_ruin_greek_01/bob_000009.png,SOURCE_COMPLETE,[],Terrain/Landscapes/ruins_greek/853_ruin_greek_01/metadata.json
854,ruin greek 02,"[[""ruins_greek""]]",1,void,[],[],data\engine2d\bin\bobs\ls_wonders3.bmd,data\engine2d\bin\bobs\ls_wonders3_s.bmd,clay01,1,1,[10],0,0,0,Terrain,136,66,"[44, 35]",Terrain/Landscapes/ruins_greek/854_ruin_greek_02/bob_000010.png,SOURCE_COMPLETE,[],Terrain/Landscapes/ruins_greek/854_ruin_greek_02/metadata.json
855,ruin greek 03,"[[""ruins_greek""]]",1,void,[],[],data\engine2d\bin\bobs\ls_wonders3.bmd,data\engine2d\bin\bobs\ls_wonders3_s.bmd,clay01,1,1,[11],0,0,0,Terrain,135,173,"[61, 129]",Terrain/Landscapes/ruins_greek/855_ruin_greek_03/bob_000011.png,SOURCE_COMPLETE,[],Terrain/Landscapes/ruins_greek/855_ruin_greek_03/metadata.json
856,walnut snow 01,"[[""trees walnut""]]",4,tree,[5],[],data\engine2d\bin\bobs\ls_trees.bmd,data\engine2d\bin\bobs\ls_trees_s.bmd,treeSnow01,3,24,"[140, 141, 142, 148, 149, 150, 156, 157, 158]",0,1,2,Terrain,91,114,"[47, 103]",Terrain/Landscapes/trees_walnut/856_walnut_snow_01/bob_000140.png,SOURCE_COMPLETE,[],Terrain/Landscapes/trees_walnut/856_walnut_snow_01/metadata.json
857,walnut snow 01 falling,"[[""trees walnut""]]",5,tree falling,[],[],data\engine2d\bin\bobs\ls_trees.bmd,data\engine2d\bin\bobs\ls_trees_s.bmd,treeSnow01,1,9,"[27, 28, 29, 30, 31, 32, 33, 34, 35]",0,0,1,Terrain,91,114,"[47, 103]",Terrain/Landscapes/trees_walnut/857_walnut_snow_01_falling/bob_000027.png,SOURCE_COMPLETE,[],Terrain/Landscapes/trees_walnut/857_walnut_snow_01_falling/metadata.json
858,schilf 02,"[[""meadows reed""]]",1,void,[],[],data\engine2d\bin\bobs\ls_meadows.bmd,,reed01,1,16,"[88, 89, 90, 91, 92, 93, 94, 95]",0,1,0,Terrain,45,43,"[18, 27]",Terrain/Landscapes/meadows_reed/858_schilf_02/bob_000088.png,SOURCE_COMPLETE,[],Terrain/Landscapes/meadows_reed/858_schilf_02/metadata.json
859,schilf dark 02,"[[""meadows reed""]]",1,void,[],[],data\engine2d\bin\bobs\ls_meadows.bmd,,reed02,1,16,"[88, 89, 90, 91, 92, 93, 94, 95]",0,1,0,Terrain,45,43,"[18, 27]",Terrain/Landscapes/meadows_reed/859_schilf_dark_02/bob_000088.png,SOURCE_COMPLETE,[],Terrain/Landscapes/meadows_reed/859_schilf_dark_02/metadata.json
860,fir snow 01,"[[""trees snow fir""]]",4,tree,[5],[],data\engine2d\bin\bobs\ls_trees.bmd,data\engine2d\bin\bobs\ls_trees_s.bmd,treeSnow01,3,24,"[68, 69, 70, 76, 77, 78, 84, 85, 86]",0,1,2,Terrain,80,112,"[38, 107]",Terrain/Landscapes/trees_snow_fir/860_fir_snow_01/bob_000068.png,SOURCE_COMPLETE,[],Terrain/Landscapes/trees_snow_fir/860_fir_snow_01/metadata.json
861,fir snow 01 falling,"[[""trees snow fir""]]",5,tree falling,[],[],data\engine2d\bin\bobs\ls_trees.bmd,data\engine2d\bin\bobs\ls_trees_s.bmd,treeSnow01,1,8,"[0, 1, 2, 3, 4, 5, 6, 7]",0,0,1,Terrain,71,112,"[35, 107]",Terrain/Landscapes/trees_snow_fir/861_fir_snow_01_falling/bob_000000.png,SOURCE_COMPLETE,[],Terrain/Landscapes/trees_snow_fir/861_fir_snow_01_falling/metadata.json
862,test block 01,"[[""_debug""]]",1,void,[],[],data\engine2d\bin\bobs\ls_goods.bmd,data\engine2d\bin\bobs\ls_goods_s.bmd,wheat03,1,1,[2000],1,0,0,Terrain,,,,,PARTIAL,"[""valency 1: BOB 2000 absent in data\\engine2d\\bin\\bobs\\ls_goods.bmd""]",Terrain/Landscapes/debug/862_test_block_01/metadata.json
863,herb mine 01,"[[""meadows herb""]]",33,herbmine,[13],[],data\engine2d\bin\bobs\ls_meadows.bmd,,herbs01,5,65,"[97, 98, 99, 100, 101, 102, 103, 104, 106, 107, 108, 109, 110, 111, 112, 113, 115, 116, 117, 118, 119, 120, 121, 122, 124, 125, 126, 127, 128, 129, 130, 131, 4000]",0,1,2,Terrain,36,42,"[19, 33]",Terrain/Landscapes/meadows_all/539_herb_01/bob_000097.png,PARTIAL,"[""valency 1: BOB 4000 absent in data\\engine2d\\bin\\bobs\\ls_meadows.bmd""]",Terrain/Landscapes/meadows_herb/863_herb_mine_01/metadata.json
864,wheat mine 01,"[[""meadows wheat""]]",27,wheat (growing),[4],[],data\engine2d\bin\bobs\ls_meadows.bmd,,wheat01,5,65,"[0, 1, 2, 3, 4, 5, 6, 7, 8, 9, 10, 11, 12, 13, 14, 15, 72, 73, 74, 75, 76, 77, 78, 79, 80, 81, 82, 83, 84, 85, 86, 87, 4000]",0,1,2,Terrain,42,49,"[20, 36]",Terrain/Landscapes/meadows_wheat/864_wheat_mine_01/bob_000007.png,PARTIAL,"[""valency 1: BOB 4000 absent in data\\engine2d\\bin\\bobs\\ls_meadows.bmd""]",Terrain/Landscapes/meadows_wheat/864_wheat_mine_01/metadata.json
865,lighthouse,"[[""misc_scenarioGfx""]]",1,void,[],[],data\engine2d\bin\bobs\ls_misc.bmd,data\engine2d\bin\bobs\ls_misc_s.bmd,goods01,1,1,[133],0,0,0,Terrain,371,480,"[189, 368]",Terrain/Landscapes/misc_scenarioGfx/865_lighthouse/bob_000133.png,SOURCE_COMPLETE,[],Terrain/Landscapes/misc_scenarioGfx/865_lighthouse/metadata.json
