PATTERN_ID,NATIVE_NAME,EDIT_GROUP,LOGIC_TYPE,LOGIC_TYPE_NAME,TEXTURE,TRIANGLE_A,TRIANGLE_B,CROP,METADATA,KIND,CONFIDENCE,TEXTURE_ALPHA
0,border,misc,0,,data\engine2d\bin\textures\text_000.pcx,"[0, 0, 63, 63, 0, 63]","[0, 0, 63, 0, 63, 63]",Terrain/Patterns/misc/000_border.png,Terrain/Patterns/misc/000_border.json,pattern,SOURCE_COMPLETE,
1,black,misc,6,blocked,data\engine2d\bin\textures\text_000.pcx,"[0, 0, 63, 63, 0, 63]","[0, 0, 63, 0, 63, 63]",Terrain/Patterns/misc/001_black.png,Terrain/Patterns/misc/001_black.json,pattern,SOURCE_COMPLETE,
2,overlay road,road all,2,land,data\engine2d\bin\textures\text_000.pcx,"[64, 0, 127, 63, 64, 63]","[64, 0, 127, 0, 127, 63]",Terrain/Patterns/road_all/002_overlay_road.png,Terrain/Patterns/road_all/002_overlay_road.json,pattern,SOURCE_COMPLETE,
3,overlay house,house all,2,land,data\engine2d\bin\textures\text_000.pcx,"[128, 0, 191, 63, 128, 63]","[128, 0, 191, 0, 191, 63]",Terrain/Patterns/house_all/003_overlay_house.png,Terrain/Patterns/house_all/003_overlay_house.json,pattern,SOURCE_COMPLETE,
4,meadow 01,meadow all,2,land,data\engine2d\bin\textures\text_003.pcx,"[0, 0, 63, 63, 0, 63]","[0, 0, 63, 0, 63, 63]",Terrain/Patterns/meadow_all/004_meadow_01.png,Terrain/Patterns/meadow_all/004_meadow_01.json,pattern,SOURCE_COMPLETE,
5,meadow 02,meadow all,2,land,data\engine2d\bin\textures\text_003.pcx,"[0, 64, 63, 127, 0, 127]","[0, 64, 63, 64, 63, 127]",Terrain/Patterns/meadow_all/005_meadow_02.png,Terrain/Patterns/meadow_all/005_meadow_02.json,pattern,SOURCE_COMPLETE,
6,meadow 03,meadow all,2,land,data\engine2d\bin\textures\text_003.pcx,"[64, 64, 127, 127, 64, 127]","[64, 64, 127, 64, 127, 127]",Terrain/Patterns/meadow_all/006_meadow_03.png,Terrain/Patterns/meadow_all/006_meadow_03.json,pattern,SOURCE_COMPLETE,
7,meadow dark 01,meadow all,2,land,data\engine2d\bin\textures\text_003.pcx,"[64, 0, 127, 63, 64, 63]","[64, 0, 127, 0, 127, 63]",Terrain/Patterns/meadow_all/007_meadow_dark_01.png,Terrain/Patterns/meadow_all/007_meadow_dark_01.json,pattern,SOURCE_COMPLETE,
8,water 01,water all,1,water,data\engine2d\bin\textures\text_002.pcx,"[0, 0, 63, 63, 0, 63]","[0, 0, 63, 0, 63, 63]",Terrain/Patterns/water_all/008_water_01.png,Terrain/Patterns/water_all/008_water_01.json,pattern,SOURCE_COMPLETE,
9,water Bright 01,water all,1,water,data\engine2d\bin\textures\text_002.pcx,"[64, 0, 127, 63, 64, 63]","[64, 0, 127, 0, 127, 63]",Terrain/Patterns/water_all/009_water_Bright_01.png,Terrain/Patterns/water_all/009_water_Bright_01.json,pattern,SOURCE_COMPLETE,
10,mountain 01,mountain all,3,mountain,data\engine2d\bin\textures\text_001.pcx,"[0, 0, 63, 63, 0, 63]","[0, 0, 63, 0, 63, 63]",Terrain/Patterns/mountain_all/010_mountain_01.png,Terrain/Patterns/mountain_all/010_mountain_01.json,pattern,SOURCE_COMPLETE,
11,mountain 02,mountain all,3,mountain,data\engine2d\bin\textures\text_001.pcx,"[64, 0, 127, 63, 64, 63]","[64, 0, 127, 0, 127, 63]",Terrain/Patterns/mountain_all/011_mountain_02.png,Terrain/Patterns/mountain_all/011_mountain_02.json,pattern,SOURCE_COMPLETE,
12,mountain 03,mountain all,3,mountain,data\engine2d\bin\textures\text_001.pcx,"[128, 0, 191, 63, 128, 63]","[128, 0, 191, 0, 191, 63]",Terrain/Patterns/mountain_all/012_mountain_03.png,Terrain/Patterns/mountain_all/012_mountain_03.json,pattern,SOURCE_COMPLETE,
13,mountain 04,mountain all,3,mountain,data\engine2d\bin\textures\text_001.pcx,"[192, 0, 255, 63, 192, 63]","[192, 0, 255, 0, 255, 63]",Terrain/Patterns/mountain_all/013_mountain_04.png,Terrain/Patterns/mountain_all/013_mountain_04.json,pattern,SOURCE_COMPLETE,
14,sand 01,sand all,2,land,data\engine2d\bin\textures\text_003.pcx,"[0, 128, 63, 191, 0, 191]","[0, 128, 63, 128, 63, 191]",Terrain/Patterns/sand_all/014_sand_01.png,Terrain/Patterns/sand_all/014_sand_01.json,pattern,SOURCE_COMPLETE,
15,block mountain 00 00 00,mountain 3x3,3,mountain,data\engine2d\bin\textures\text_200.pcx,"[0, 0, 63, 63, 0, 63]","[0, 0, 63, 0, 63, 63]",Terrain/Patterns/mountain_3x3/015_block_mountain_00_00_00.png,Terrain/Patterns/mountain_3x3/015_block_mountain_00_00_00.json,pattern,SOURCE_COMPLETE,
16,block mountain 00 01 00,mountain 3x3,3,mountain,data\engine2d\bin\textures\text_200.pcx,"[64, 0, 127, 63, 64, 63]","[64, 0, 127, 0, 127, 63]",Terrain/Patterns/mountain_3x3/016_block_mountain_00_01_00.png,Terrain/Patterns/mountain_3x3/016_block_mountain_00_01_00.json,pattern,SOURCE_COMPLETE,
17,block mountain 00 02 00,mountain 3x3,3,mountain,data\engine2d\bin\textures\text_200.pcx,"[128, 0, 191, 63, 128, 63]","[128, 0, 191, 0, 191, 63]",Terrain/Patterns/mountain_3x3/017_block_mountain_00_02_00.png,Terrain/Patterns/mountain_3x3/017_block_mountain_00_02_00.json,pattern,SOURCE_COMPLETE,
18,block mountain 00 01 01,mountain 3x3,3,mountain,data\engine2d\bin\textures\text_200.pcx,"[64, 64, 127, 127, 64, 127]","[64, 64, 127, 64, 127, 127]",Terrain/Patterns/mountain_3x3/018_block_mountain_00_01_01.png,Terrain/Patterns/mountain_3x3/018_block_mountain_00_01_01.json,pattern,SOURCE_COMPLETE,
19,block mountain 00 02 01,mountain 3x3,3,mountain,data\engine2d\bin\textures\text_200.pcx,"[128, 64, 191, 127, 128, 127]","[128, 64, 191, 64, 191, 127]",Terrain/Patterns/mountain_3x3/019_block_mountain_00_02_01.png,Terrain/Patterns/mountain_3x3/019_block_mountain_00_02_01.json,pattern,SOURCE_COMPLETE,
20,block mountain 00 03 01,mountain 3x3,3,mountain,data\engine2d\bin\textures\text_200.pcx,"[192, 64, 255, 127, 192, 127]","[192, 64, 255, 64, 255, 127]",Terrain/Patterns/mountain_3x3/020_block_mountain_00_03_01.png,Terrain/Patterns/mountain_3x3/020_block_mountain_00_03_01.json,pattern,SOURCE_COMPLETE,
21,block mountain 00 01 02,mountain 3x3,3,mountain,data\engine2d\bin\textures\text_200.pcx,"[64, 128, 127, 191, 64, 191]","[64, 128, 127, 128, 127, 191]",Terrain/Patterns/mountain_3x3/021_block_mountain_00_01_02.png,Terrain/Patterns/mountain_3x3/021_block_mountain_00_01_02.json,pattern,SOURCE_COMPLETE,
22,block mountain 00 02 02,mountain 3x3,3,mountain,data\engine2d\bin\textures\text_200.pcx,"[128, 128, 191, 191, 128, 191]","[128, 128, 191, 128, 191, 191]",Terrain/Patterns/mountain_3x3/022_block_mountain_00_02_02.png,Terrain/Patterns/mountain_3x3/022_block_mountain_00_02_02.json,pattern,SOURCE_COMPLETE,
23,block mountain 00 03 02,mountain 3x3,3,mountain,data\engine2d\bin\textures\text_200.pcx,"[192, 128, 255, 191, 192, 191]","[192, 128, 255, 128, 255, 191]",Terrain/Patterns/mountain_3x3/023_block_mountain_00_03_02.png,Terrain/Patterns/mountain_3x3/023_block_mountain_00_03_02.json,pattern,SOURCE_COMPLETE,
24,block mountain 00 02 03,mountain 3x3,3,mountain,data\engine2d\bin\textures\text_200.pcx,"[128, 192, 191, 255, 128, 255]","[128, 192, 191, 192, 191, 255]",Terrain/Patterns/mountain_3x3/024_block_mountain_00_02_03.png,Terrain/Patterns/mountain_3x3/024_block_mountain_00_02_03.json,pattern,SOURCE_COMPLETE,
25,block mountain 00 03 03,mountain 3x3,3,mountain,data\engine2d\bin\textures\text_200.pcx,"[192, 192, 255, 255, 192, 255]","[192, 192, 255, 192, 255, 255]",Terrain/Patterns/mountain_3x3/025_block_mountain_00_03_03.png,Terrain/Patterns/mountain_3x3/025_block_mountain_00_03_03.json,pattern,SOURCE_COMPLETE,
26,block mountain 00 04 03,mountain 3x3,3,mountain,data\engine2d\bin\textures\text_200.pcx,"[0, 192, 63, 255, 0, 255]","[0, 192, 63, 192, 63, 255]",Terrain/Patterns/mountain_3x3/026_block_mountain_00_04_03.png,Terrain/Patterns/mountain_3x3/026_block_mountain_00_04_03.json,pattern,SOURCE_COMPLETE,
27,block mountain 10 00 00,mountain 3x3,3,mountain,data\engine2d\bin\textures\text_201.pcx,"[0, 0, 63, 63, 0, 63]","[0, 0, 63, 0, 63, 63]",Terrain/Patterns/mountain_3x3/027_block_mountain_10_00_00.png,Terrain/Patterns/mountain_3x3/027_block_mountain_10_00_00.json,pattern,SOURCE_COMPLETE,
28,block mountain 10 01 00,mountain 3x3,3,mountain,data\engine2d\bin\textures\text_201.pcx,"[64, 0, 127, 63, 64, 63]","[64, 0, 127, 0, 127, 63]",Terrain/Patterns/mountain_3x3/028_block_mountain_10_01_00.png,Terrain/Patterns/mountain_3x3/028_block_mountain_10_01_00.json,pattern,SOURCE_COMPLETE,
29,block mountain 10 02 00,mountain 3x3,3,mountain,data\engine2d\bin\textures\text_201.pcx,"[128, 0, 191, 63, 128, 63]","[128, 0, 191, 0, 191, 63]",Terrain/Patterns/mountain_3x3/029_block_mountain_10_02_00.png,Terrain/Patterns/mountain_3x3/029_block_mountain_10_02_00.json,pattern,SOURCE_COMPLETE,
30,block mountain 10 01 01,mountain 3x3,3,mountain,data\engine2d\bin\textures\text_201.pcx,"[64, 64, 127, 127, 64, 127]","[64, 64, 127, 64, 127, 127]",Terrain/Patterns/mountain_3x3/030_block_mountain_10_01_01.png,Terrain/Patterns/mountain_3x3/030_block_mountain_10_01_01.json,pattern,SOURCE_COMPLETE,
31,block mountain 10 02 01,mountain 3x3,3,mountain,data\engine2d\bin\textures\text_201.pcx,"[128, 64, 191, 127, 128, 127]","[128, 64, 191, 64, 191, 127]",Terrain/Patterns/mountain_3x3/031_block_mountain_10_02_01.png,Terrain/Patterns/mountain_3x3/031_block_mountain_10_02_01.json,pattern,SOURCE_COMPLETE,
32,block mountain 10 03 01,mountain 3x3,3,mountain,data\engine2d\bin\textures\text_201.pcx,"[192, 64, 255, 127, 192, 127]","[192, 64, 255, 64, 255, 127]",Terrain/Patterns/mountain_3x3/032_block_mountain_10_03_01.png,Terrain/Patterns/mountain_3x3/032_block_mountain_10_03_01.json,pattern,SOURCE_COMPLETE,
33,block mountain 10 01 02,mountain 3x3,3,mountain,data\engine2d\bin\textures\text_201.pcx,"[64, 128, 127, 191, 64, 191]","[64, 128, 127, 128, 127, 191]",Terrain/Patterns/mountain_3x3/033_block_mountain_10_01_02.png,Terrain/Patterns/mountain_3x3/033_block_mountain_10_01_02.json,pattern,SOURCE_COMPLETE,
34,block mountain 10 02 02,mountain 3x3,3,mountain,data\engine2d\bin\textures\text_201.pcx,"[128, 128, 191, 191, 128, 191]","[128, 128, 191, 128, 191, 191]",Terrain/Patterns/mountain_3x3/034_block_mountain_10_02_02.png,Terrain/Patterns/mountain_3x3/034_block_mountain_10_02_02.json,pattern,SOURCE_COMPLETE,
35,block mountain 10 03 02,mountain 3x3,3,mountain,data\engine2d\bin\textures\text_201.pcx,"[192, 128, 255, 191, 192, 191]","[192, 128, 255, 128, 255, 191]",Terrain/Patterns/mountain_3x3/035_block_mountain_10_03_02.png,Terrain/Patterns/mountain_3x3/035_block_mountain_10_03_02.json,pattern,SOURCE_COMPLETE,
36,block mountain 10 02 03,mountain 3x3,3,mountain,data\engine2d\bin\textures\text_201.pcx,"[128, 192, 191, 255, 128, 255]","[128, 192, 191, 192, 191, 255]",Terrain/Patterns/mountain_3x3/036_block_mountain_10_02_03.png,Terrain/Patterns/mountain_3x3/036_block_mountain_10_02_03.json,pattern,SOURCE_COMPLETE,
37,block mountain 10 03 03,mountain 3x3,3,mountain,data\engine2d\bin\textures\text_201.pcx,"[192, 192, 255, 255, 192, 255]","[192, 192, 255, 192, 255, 255]",Terrain/Patterns/mountain_3x3/037_block_mountain_10_03_03.png,Terrain/Patterns/mountain_3x3/037_block_mountain_10_03_03.json,pattern,SOURCE_COMPLETE,
38,block mountain 10 04 03,mountain 3x3,3,mountain,data\engine2d\bin\textures\text_201.pcx,"[0, 192, 63, 255, 0, 255]","[0, 192, 63, 192, 63, 255]",Terrain/Patterns/mountain_3x3/038_block_mountain_10_04_03.png,Terrain/Patterns/mountain_3x3/038_block_mountain_10_04_03.json,pattern,SOURCE_COMPLETE,
39,block mountain 20 00 00,mountain 3x3,3,mountain,data\engine2d\bin\textures\text_202.pcx,"[0, 0, 63, 63, 0, 63]","[0, 0, 63, 0, 63, 63]",Terrain/Patterns/mountain_3x3/039_block_mountain_20_00_00.png,Terrain/Patterns/mountain_3x3/039_block_mountain_20_00_00.json,pattern,SOURCE_COMPLETE,
40,block mountain 20 01 00,mountain 3x3,3,mountain,data\engine2d\bin\textures\text_202.pcx,"[64, 0, 127, 63, 64, 63]","[64, 0, 127, 0, 127, 63]",Terrain/Patterns/mountain_3x3/040_block_mountain_20_01_00.png,Terrain/Patterns/mountain_3x3/040_block_mountain_20_01_00.json,pattern,SOURCE_COMPLETE,
41,block mountain 20 02 00,mountain 3x3,3,mountain,data\engine2d\bin\textures\text_202.pcx,"[128, 0, 191, 63, 128, 63]","[128, 0, 191, 0, 191, 63]",Terrain/Patterns/mountain_3x3/041_block_mountain_20_02_00.png,Terrain/Patterns/mountain_3x3/041_block_mountain_20_02_00.json,pattern,SOURCE_COMPLETE,
42,block mountain 20 01 01,mountain 3x3,3,mountain,data\engine2d\bin\textures\text_202.pcx,"[64, 64, 127, 127, 64, 127]","[64, 64, 127, 64, 127, 127]",Terrain/Patterns/mountain_3x3/042_block_mountain_20_01_01.png,Terrain/Patterns/mountain_3x3/042_block_mountain_20_01_01.json,pattern,SOURCE_COMPLETE,
43,block mountain 20 02 01,mountain 3x3,3,mountain,data\engine2d\bin\textures\text_202.pcx,"[128, 64, 191, 127, 128, 127]","[128, 64, 191, 64, 191, 127]",Terrain/Patterns/mountain_3x3/043_block_mountain_20_02_01.png,Terrain/Patterns/mountain_3x3/043_block_mountain_20_02_01.json,pattern,SOURCE_COMPLETE,
44,block mountain 20 03 01,mountain 3x3,3,mountain,data\engine2d\bin\textures\text_202.pcx,"[192, 64, 255, 127, 192, 127]","[192, 64, 255, 64, 255, 127]",Terrain/Patterns/mountain_3x3/044_block_mountain_20_03_01.png,Terrain/Patterns/mountain_3x3/044_block_mountain_20_03_01.json,pattern,SOURCE_COMPLETE,
45,block mountain 20 01 02,mountain 3x3,3,mountain,data\engine2d\bin\textures\text_202.pcx,"[64, 128, 127, 191, 64, 191]","[64, 128, 127, 128, 127, 191]",Terrain/Patterns/mountain_3x3/045_block_mountain_20_01_02.png,Terrain/Patterns/mountain_3x3/045_block_mountain_20_01_02.json,pattern,SOURCE_COMPLETE,
46,block mountain 20 02 02,mountain 3x3,3,mountain,data\engine2d\bin\textures\text_202.pcx,"[128, 128, 191, 191, 128, 191]","[128, 128, 191, 128, 191, 191]",Terrain/Patterns/mountain_3x3/046_block_mountain_20_02_02.png,Terrain/Patterns/mountain_3x3/046_block_mountain_20_02_02.json,pattern,SOURCE_COMPLETE,
47,block mountain 20 03 02,mountain 3x3,3,mountain,data\engine2d\bin\textures\text_202.pcx,"[192, 128, 255, 191, 192, 191]","[192, 128, 255, 128, 255, 191]",Terrain/Patterns/mountain_3x3/047_block_mountain_20_03_02.png,Terrain/Patterns/mountain_3x3/047_block_mountain_20_03_02.json,pattern,SOURCE_COMPLETE,
48,block mountain 20 02 03,mountain 3x3,3,mountain,data\engine2d\bin\textures\text_202.pcx,"[128, 192, 191, 255, 128, 255]","[128, 192, 191, 192, 191, 255]",Terrain/Patterns/mountain_3x3/048_block_mountain_20_02_03.png,Terrain/Patterns/mountain_3x3/048_block_mountain_20_02_03.json,pattern,SOURCE_COMPLETE,
49,block mountain 20 03 03,mountain 3x3,3,mountain,data\engine2d\bin\textures\text_202.pcx,"[192, 192, 255, 255, 192, 255]","[192, 192, 255, 192, 255, 255]",Terrain/Patterns/mountain_3x3/049_block_mountain_20_03_03.png,Terrain/Patterns/mountain_3x3/049_block_mountain_20_03_03.json,pattern,SOURCE_COMPLETE,
50,block mountain 20 04 03,mountain 3x3,3,mountain,data\engine2d\bin\textures\text_202.pcx,"[0, 192, 63, 255, 0, 255]","[0, 192, 63, 192, 63, 255]",Terrain/Patterns/mountain_3x3/050_block_mountain_20_04_03.png,Terrain/Patterns/mountain_3x3/050_block_mountain_20_04_03.json,pattern,SOURCE_COMPLETE,
51,block mountain 01 00 00,mountain 3x3,3,mountain,data\engine2d\bin\textures\text_203.pcx,"[0, 0, 63, 63, 0, 63]","[0, 0, 63, 0, 63, 63]",Terrain/Patterns/mountain_3x3/051_block_mountain_01_00_00.png,Terrain/Patterns/mountain_3x3/051_block_mountain_01_00_00.json,pattern,SOURCE_COMPLETE,
52,block mountain 01 01 00,mountain 3x3,3,mountain,data\engine2d\bin\textures\text_203.pcx,"[64, 0, 127, 63, 64, 63]","[64, 0, 127, 0, 127, 63]",Terrain/Patterns/mountain_3x3/052_block_mountain_01_01_00.png,Terrain/Patterns/mountain_3x3/052_block_mountain_01_01_00.json,pattern,SOURCE_COMPLETE,
53,block mountain 01 02 00,mountain 3x3,3,mountain,data\engine2d\bin\textures\text_203.pcx,"[128, 0, 191, 63, 128, 63]","[128, 0, 191, 0, 191, 63]",Terrain/Patterns/mountain_3x3/053_block_mountain_01_02_00.png,Terrain/Patterns/mountain_3x3/053_block_mountain_01_02_00.json,pattern,SOURCE_COMPLETE,
54,block mountain 01 01 01,mountain 3x3,3,mountain,data\engine2d\bin\textures\text_203.pcx,"[64, 64, 127, 127, 64, 127]","[64, 64, 127, 64, 127, 127]",Terrain/Patterns/mountain_3x3/054_block_mountain_01_01_01.png,Terrain/Patterns/mountain_3x3/054_block_mountain_01_01_01.json,pattern,SOURCE_COMPLETE,
55,block mountain 01 02 01,mountain 3x3,3,mountain,data\engine2d\bin\textures\text_203.pcx,"[128, 64, 191, 127, 128, 127]","[128, 64, 191, 64, 191, 127]",Terrain/Patterns/mountain_3x3/055_block_mountain_01_02_01.png,Terrain/Patterns/mountain_3x3/055_block_mountain_01_02_01.json,pattern,SOURCE_COMPLETE,
56,block mountain 01 03 01,mountain 3x3,3,mountain,data\engine2d\bin\textures\text_203.pcx,"[192, 64, 255, 127, 192, 127]","[192, 64, 255, 64, 255, 127]",Terrain/Patterns/mountain_3x3/056_block_mountain_01_03_01.png,Terrain/Patterns/mountain_3x3/056_block_mountain_01_03_01.json,pattern,SOURCE_COMPLETE,
57,block mountain 01 01 02,mountain 3x3,3,mountain,data\engine2d\bin\textures\text_203.pcx,"[64, 128, 127, 191, 64, 191]","[64, 128, 127, 128, 127, 191]",Terrain/Patterns/mountain_3x3/057_block_mountain_01_01_02.png,Terrain/Patterns/mountain_3x3/057_block_mountain_01_01_02.json,pattern,SOURCE_COMPLETE,
58,block mountain 01 02 02,mountain 3x3,3,mountain,data\engine2d\bin\textures\text_203.pcx,"[128, 128, 191, 191, 128, 191]","[128, 128, 191, 128, 191, 191]",Terrain/Patterns/mountain_3x3/058_block_mountain_01_02_02.png,Terrain/Patterns/mountain_3x3/058_block_mountain_01_02_02.json,pattern,SOURCE_COMPLETE,
59,block mountain 01 03 02,mountain 3x3,3,mountain,data\engine2d\bin\textures\text_203.pcx,"[192, 128, 255, 191, 192, 191]","[192, 128, 255, 128, 255, 191]",Terrain/Patterns/mountain_3x3/059_block_mountain_01_03_02.png,Terrain/Patterns/mountain_3x3/059_block_mountain_01_03_02.json,pattern,SOURCE_COMPLETE,
60,block mountain 01 02 03,mountain 3x3,3,mountain,data\engine2d\bin\textures\text_203.pcx,"[128, 192, 191, 255, 128, 255]","[128, 192, 191, 192, 191, 255]",Terrain/Patterns/mountain_3x3/060_block_mountain_01_02_03.png,Terrain/Patterns/mountain_3x3/060_block_mountain_01_02_03.json,pattern,SOURCE_COMPLETE,
61,block mountain 01 03 03,mountain 3x3,3,mountain,data\engine2d\bin\textures\text_203.pcx,"[192, 192, 255, 255, 192, 255]","[192, 192, 255, 192, 255, 255]",Terrain/Patterns/mountain_3x3/061_block_mountain_01_03_03.png,Terrain/Patterns/mountain_3x3/061_block_mountain_01_03_03.json,pattern,SOURCE_COMPLETE,
62,block mountain 01 04 03,mountain 3x3,3,mountain,data\engine2d\bin\textures\text_203.pcx,"[0, 192, 63, 255, 0, 255]","[0, 192, 63, 192, 63, 255]",Terrain/Patterns/mountain_3x3/062_block_mountain_01_04_03.png,Terrain/Patterns/mountain_3x3/062_block_mountain_01_04_03.json,pattern,SOURCE_COMPLETE,
63,block mountain 11 00 00,mountain 3x3,3,mountain,data\engine2d\bin\textures\text_204.pcx,"[0, 0, 63, 63, 0, 63]","[0, 0, 63, 0, 63, 63]",Terrain/Patterns/mountain_3x3/063_block_mountain_11_00_00.png,Terrain/Patterns/mountain_3x3/063_block_mountain_11_00_00.json,pattern,SOURCE_COMPLETE,
64,block mountain 11 01 00,mountain 3x3,3,mountain,data\engine2d\bin\textures\text_204.pcx,"[64, 0, 127, 63, 64, 63]","[64, 0, 127, 0, 127, 63]",Terrain/Patterns/mountain_3x3/064_block_mountain_11_01_00.png,Terrain/Patterns/mountain_3x3/064_block_mountain_11_01_00.json,pattern,SOURCE_COMPLETE,
65,block mountain 11 02 00,mountain 3x3,3,mountain,data\engine2d\bin\textures\text_204.pcx,"[128, 0, 191, 63, 128, 63]","[128, 0, 191, 0, 191, 63]",Terrain/Patterns/mountain_3x3/065_block_mountain_11_02_00.png,Terrain/Patterns/mountain_3x3/065_block_mountain_11_02_00.json,pattern,SOURCE_COMPLETE,
66,block mountain 11 01 01,mountain 3x3,3,mountain,data\engine2d\bin\textures\text_204.pcx,"[64, 64, 127, 127, 64, 127]","[64, 64, 127, 64, 127, 127]",Terrain/Patterns/mountain_3x3/066_block_mountain_11_01_01.png,Terrain/Patterns/mountain_3x3/066_block_mountain_11_01_01.json,pattern,SOURCE_COMPLETE,
67,block mountain 11 02 01,mountain 3x3,3,mountain,data\engine2d\bin\textures\text_204.pcx,"[128, 64, 191, 127, 128, 127]","[128, 64, 191, 64, 191, 127]",Terrain/Patterns/mountain_3x3/067_block_mountain_11_02_01.png,Terrain/Patterns/mountain_3x3/067_block_mountain_11_02_01.json,pattern,SOURCE_COMPLETE,
68,block mountain 11 03 01,mountain 3x3,3,mountain,data\engine2d\bin\textures\text_204.pcx,"[192, 64, 255, 127, 192, 127]","[192, 64, 255, 64, 255, 127]",Terrain/Patterns/mountain_3x3/068_block_mountain_11_03_01.png,Terrain/Patterns/mountain_3x3/068_block_mountain_11_03_01.json,pattern,SOURCE_COMPLETE,
69,block mountain 11 01 02,mountain 3x3,3,mountain,data\engine2d\bin\textures\text_204.pcx,"[64, 128, 127, 191, 64, 191]","[64, 128, 127, 128, 127, 191]",Terrain/Patterns/mountain_3x3/069_block_mountain_11_01_02.png,Terrain/Patterns/mountain_3x3/069_block_mountain_11_01_02.json,pattern,SOURCE_COMPLETE,
70,block mountain 11 02 02,mountain 3x3,3,mountain,data\engine2d\bin\textures\text_204.pcx,"[128, 128, 191, 191, 128, 191]","[128, 128, 191, 128, 191, 191]",Terrain/Patterns/mountain_3x3/070_block_mountain_11_02_02.png,Terrain/Patterns/mountain_3x3/070_block_mountain_11_02_02.json,pattern,SOURCE_COMPLETE,
71,block mountain 11 03 02,mountain 3x3,3,mountain,data\engine2d\bin\textures\text_204.pcx,"[192, 128, 255, 191, 192, 191]","[192, 128, 255, 128, 255, 191]",Terrain/Patterns/mountain_3x3/071_block_mountain_11_03_02.png,Terrain/Patterns/mountain_3x3/071_block_mountain_11_03_02.json,pattern,SOURCE_COMPLETE,
72,block mountain 11 02 03,mountain 3x3,3,mountain,data\engine2d\bin\textures\text_204.pcx,"[128, 192, 191, 255, 128, 255]","[128, 192, 191, 192, 191, 255]",Terrain/Patterns/mountain_3x3/072_block_mountain_11_02_03.png,Terrain/Patterns/mountain_3x3/072_block_mountain_11_02_03.json,pattern,SOURCE_COMPLETE,
73,block mountain 11 03 03,mountain 3x3,3,mountain,data\engine2d\bin\textures\text_204.pcx,"[192, 192, 255, 255, 192, 255]","[192, 192, 255, 192, 255, 255]",Terrain/Patterns/mountain_3x3/073_block_mountain_11_03_03.png,Terrain/Patterns/mountain_3x3/073_block_mountain_11_03_03.json,pattern,SOURCE_COMPLETE,
74,block mountain 11 04 03,mountain 3x3,3,mountain,data\engine2d\bin\textures\text_204.pcx,"[0, 192, 63, 255, 0, 255]","[0, 192, 63, 192, 63, 255]",Terrain/Patterns/mountain_3x3/074_block_mountain_11_04_03.png,Terrain/Patterns/mountain_3x3/074_block_mountain_11_04_03.json,pattern,SOURCE_COMPLETE,
75,block mountain 21 00 00,mountain 3x3,3,mountain,data\engine2d\bin\textures\text_205.pcx,"[0, 0, 63, 63, 0, 63]","[0, 0, 63, 0, 63, 63]",Terrain/Patterns/mountain_3x3/075_block_mountain_21_00_00.png,Terrain/Patterns/mountain_3x3/075_block_mountain_21_00_00.json,pattern,SOURCE_COMPLETE,
76,block mountain 21 01 00,mountain 3x3,3,mountain,data\engine2d\bin\textures\text_205.pcx,"[64, 0, 127, 63, 64, 63]","[64, 0, 127, 0, 127, 63]",Terrain/Patterns/mountain_3x3/076_block_mountain_21_01_00.png,Terrain/Patterns/mountain_3x3/076_block_mountain_21_01_00.json,pattern,SOURCE_COMPLETE,
77,block mountain 21 02 00,mountain 3x3,3,mountain,data\engine2d\bin\textures\text_205.pcx,"[128, 0, 191, 63, 128, 63]","[128, 0, 191, 0, 191, 63]",Terrain/Patterns/mountain_3x3/077_block_mountain_21_02_00.png,Terrain/Patterns/mountain_3x3/077_block_mountain_21_02_00.json,pattern,SOURCE_COMPLETE,
78,block mountain 21 01 01,mountain 3x3,3,mountain,data\engine2d\bin\textures\text_205.pcx,"[64, 64, 127, 127, 64, 127]","[64, 64, 127, 64, 127, 127]",Terrain/Patterns/mountain_3x3/078_block_mountain_21_01_01.png,Terrain/Patterns/mountain_3x3/078_block_mountain_21_01_01.json,pattern,SOURCE_COMPLETE,
79,block mountain 21 02 01,mountain 3x3,3,mountain,data\engine2d\bin\textures\text_205.pcx,"[128, 64, 191, 127, 128, 127]","[128, 64, 191, 64, 191, 127]",Terrain/Patterns/mountain_3x3/079_block_mountain_21_02_01.png,Terrain/Patterns/mountain_3x3/079_block_mountain_21_02_01.json,pattern,SOURCE_COMPLETE,
80,block mountain 21 03 01,mountain 3x3,3,mountain,data\engine2d\bin\textures\text_205.pcx,"[192, 64, 255, 127, 192, 127]","[192, 64, 255, 64, 255, 127]",Terrain/Patterns/mountain_3x3/080_block_mountain_21_03_01.png,Terrain/Patterns/mountain_3x3/080_block_mountain_21_03_01.json,pattern,SOURCE_COMPLETE,
81,block mountain 21 01 02,mountain 3x3,3,mountain,data\engine2d\bin\textures\text_205.pcx,"[64, 128, 127, 191, 64, 191]","[64, 128, 127, 128, 127, 191]",Terrain/Patterns/mountain_3x3/081_block_mountain_21_01_02.png,Terrain/Patterns/mountain_3x3/081_block_mountain_21_01_02.json,pattern,SOURCE_COMPLETE,
82,block mountain 21 02 02,mountain 3x3,3,mountain,data\engine2d\bin\textures\text_205.pcx,"[128, 128, 191, 191, 128, 191]","[128, 128, 191, 128, 191, 191]",Terrain/Patterns/mountain_3x3/082_block_mountain_21_02_02.png,Terrain/Patterns/mountain_3x3/082_block_mountain_21_02_02.json,pattern,SOURCE_COMPLETE,
83,block mountain 21 03 02,mountain 3x3,3,mountain,data\engine2d\bin\textures\text_205.pcx,"[192, 128, 255, 191, 192, 191]","[192, 128, 255, 128, 255, 191]",Terrain/Patterns/mountain_3x3/083_block_mountain_21_03_02.png,Terrain/Patterns/mountain_3x3/083_block_mountain_21_03_02.json,pattern,SOURCE_COMPLETE,
84,block mountain 21 02 03,mountain 3x3,3,mountain,data\engine2d\bin\textures\text_205.pcx,"[128, 192, 191, 255, 128, 255]","[128, 192, 191, 192, 191, 255]",Terrain/Patterns/mountain_3x3/084_block_mountain_21_02_03.png,Terrain/Patterns/mountain_3x3/084_block_mountain_21_02_03.json,pattern,SOURCE_COMPLETE,
85,block mountain 21 03 03,mountain 3x3,3,mountain,data\engine2d\bin\textures\text_205.pcx,"[192, 192, 255, 255, 192, 255]","[192, 192, 255, 192, 255, 255]",Terrain/Patterns/mountain_3x3/085_block_mountain_21_03_03.png,Terrain/Patterns/mountain_3x3/085_block_mountain_21_03_03.json,pattern,SOURCE_COMPLETE,
86,block mountain 21 04 03,mountain 3x3,3,mountain,data\engine2d\bin\textures\text_205.pcx,"[0, 192, 63, 255, 0, 255]","[0, 192, 63, 192, 63, 255]",Terrain/Patterns/mountain_3x3/086_block_mountain_21_04_03.png,Terrain/Patterns/mountain_3x3/086_block_mountain_21_04_03.json,pattern,SOURCE_COMPLETE,
87,block mountain 02 00 00,mountain 3x3,3,mountain,data\engine2d\bin\textures\text_206.pcx,"[0, 0, 63, 63, 0, 63]","[0, 0, 63, 0, 63, 63]",Terrain/Patterns/mountain_3x3/087_block_mountain_02_00_00.png,Terrain/Patterns/mountain_3x3/087_block_mountain_02_00_00.json,pattern,SOURCE_COMPLETE,
88,block mountain 02 01 00,mountain 3x3,3,mountain,data\engine2d\bin\textures\text_206.pcx,"[64, 0, 127, 63, 64, 63]","[64, 0, 127, 0, 127, 63]",Terrain/Patterns/mountain_3x3/088_block_mountain_02_01_00.png,Terrain/Patterns/mountain_3x3/088_block_mountain_02_01_00.json,pattern,SOURCE_COMPLETE,
89,block mountain 02 02 00,mountain 3x3,3,mountain,data\engine2d\bin\textures\text_206.pcx,"[128, 0, 191, 63, 128, 63]","[128, 0, 191, 0, 191, 63]",Terrain/Patterns/mountain_3x3/089_block_mountain_02_02_00.png,Terrain/Patterns/mountain_3x3/089_block_mountain_02_02_00.json,pattern,SOURCE_COMPLETE,
90,block mountain 02 01 01,mountain 3x3,3,mountain,data\engine2d\bin\textures\text_206.pcx,"[64, 64, 127, 127, 64, 127]","[64, 64, 127, 64, 127, 127]",Terrain/Patterns/mountain_3x3/090_block_mountain_02_01_01.png,Terrain/Patterns/mountain_3x3/090_block_mountain_02_01_01.json,pattern,SOURCE_COMPLETE,
91,block mountain 02 02 01,mountain 3x3,3,mountain,data\engine2d\bin\textures\text_206.pcx,"[128, 64, 191, 127, 128, 127]","[128, 64, 191, 64, 191, 127]",Terrain/Patterns/mountain_3x3/091_block_mountain_02_02_01.png,Terrain/Patterns/mountain_3x3/091_block_mountain_02_02_01.json,pattern,SOURCE_COMPLETE,
92,block mountain 02 03 01,mountain 3x3,3,mountain,data\engine2d\bin\textures\text_206.pcx,"[192, 64, 255, 127, 192, 127]","[192, 64, 255, 64, 255, 127]",Terrain/Patterns/mountain_3x3/092_block_mountain_02_03_01.png,Terrain/Patterns/mountain_3x3/092_block_mountain_02_03_01.json,pattern,SOURCE_COMPLETE,
93,block mountain 02 01 02,mountain 3x3,3,mountain,data\engine2d\bin\textures\text_206.pcx,"[64, 128, 127, 191, 64, 191]","[64, 128, 127, 128, 127, 191]",Terrain/Patterns/mountain_3x3/093_block_mountain_02_01_02.png,Terrain/Patterns/mountain_3x3/093_block_mountain_02_01_02.json,pattern,SOURCE_COMPLETE,
94,block mountain 02 02 02,mountain 3x3,3,mountain,data\engine2d\bin\textures\text_206.pcx,"[128, 128, 191, 191, 128, 191]","[128, 128, 191, 128, 191, 191]",Terrain/Patterns/mountain_3x3/094_block_mountain_02_02_02.png,Terrain/Patterns/mountain_3x3/094_block_mountain_02_02_02.json,pattern,SOURCE_COMPLETE,
95,block mountain 02 03 02,mountain 3x3,3,mountain,data\engine2d\bin\textures\text_206.pcx,"[192, 128, 255, 191, 192, 191]","[192, 128, 255, 128, 255, 191]",Terrain/Patterns/mountain_3x3/095_block_mountain_02_03_02.png,Terrain/Patterns/mountain_3x3/095_block_mountain_02_03_02.json,pattern,SOURCE_COMPLETE,
96,block mountain 02 02 03,mountain 3x3,3,mountain,data\engine2d\bin\textures\text_206.pcx,"[128, 192, 191, 255, 128, 255]","[128, 192, 191, 192, 191, 255]",Terrain/Patterns/mountain_3x3/096_block_mountain_02_02_03.png,Terrain/Patterns/mountain_3x3/096_block_mountain_02_02_03.json,pattern,SOURCE_COMPLETE,
97,block mountain 02 03 03,mountain 3x3,3,mountain,data\engine2d\bin\textures\text_206.pcx,"[192, 192, 255, 255, 192, 255]","[192, 192, 255, 192, 255, 255]",Terrain/Patterns/mountain_3x3/097_block_mountain_02_03_03.png,Terrain/Patterns/mountain_3x3/097_block_mountain_02_03_03.json,pattern,SOURCE_COMPLETE,
98,block mountain 02 04 03,mountain 3x3,3,mountain,data\engine2d\bin\textures\text_206.pcx,"[0, 192, 63, 255, 0, 255]","[0, 192, 63, 192, 63, 255]",Terrain/Patterns/mountain_3x3/098_block_mountain_02_04_03.png,Terrain/Patterns/mountain_3x3/098_block_mountain_02_04_03.json,pattern,SOURCE_COMPLETE,
99,block mountain 12 00 00,mountain 3x3,3,mountain,data\engine2d\bin\textures\text_207.pcx,"[0, 0, 63, 63, 0, 63]","[0, 0, 63, 0, 63, 63]",Terrain/Patterns/mountain_3x3/099_block_mountain_12_00_00.png,Terrain/Patterns/mountain_3x3/099_block_mountain_12_00_00.json,pattern,SOURCE_COMPLETE,
100,block mountain 12 01 00,mountain 3x3,3,mountain,data\engine2d\bin\textures\text_207.pcx,"[64, 0, 127, 63, 64, 63]","[64, 0, 127, 0, 127, 63]",Terrain/Patterns/mountain_3x3/100_block_mountain_12_01_00.png,Terrain/Patterns/mountain_3x3/100_block_mountain_12_01_00.json,pattern,SOURCE_COMPLETE,
101,block mountain 12 02 00,mountain 3x3,3,mountain,data\engine2d\bin\textures\text_207.pcx,"[128, 0, 191, 63, 128, 63]","[128, 0, 191, 0, 191, 63]",Terrain/Patterns/mountain_3x3/101_block_mountain_12_02_00.png,Terrain/Patterns/mountain_3x3/101_block_mountain_12_02_00.json,pattern,SOURCE_COMPLETE,
102,block mountain 12 01 01,mountain 3x3,3,mountain,data\engine2d\bin\textures\text_207.pcx,"[64, 64, 127, 127, 64, 127]","[64, 64, 127, 64, 127, 127]",Terrain/Patterns/mountain_3x3/102_block_mountain_12_01_01.png,Terrain/Patterns/mountain_3x3/102_block_mountain_12_01_01.json,pattern,SOURCE_COMPLETE,
103,block mountain 12 02 01,mountain 3x3,3,mountain,data\engine2d\bin\textures\text_207.pcx,"[128, 64, 191, 127, 128, 127]","[128, 64, 191, 64, 191, 127]",Terrain/Patterns/mountain_3x3/103_block_mountain_12_02_01.png,Terrain/Patterns/mountain_3x3/103_block_mountain_12_02_01.json,pattern,SOURCE_COMPLETE,
104,block mountain 12 03 01,mountain 3x3,3,mountain,data\engine2d\bin\textures\text_207.pcx,"[192, 64, 255, 127, 192, 127]","[192, 64, 255, 64, 255, 127]",Terrain/Patterns/mountain_3x3/104_block_mountain_12_03_01.png,Terrain/Patterns/mountain_3x3/104_block_mountain_12_03_01.json,pattern,SOURCE_COMPLETE,
105,block mountain 12 01 02,mountain 3x3,3,mountain,data\engine2d\bin\textures\text_207.pcx,"[64, 128, 127, 191, 64, 191]","[64, 128, 127, 128, 127, 191]",Terrain/Patterns/mountain_3x3/105_block_mountain_12_01_02.png,Terrain/Patterns/mountain_3x3/105_block_mountain_12_01_02.json,pattern,SOURCE_COMPLETE,
106,block mountain 12 02 02,mountain 3x3,3,mountain,data\engine2d\bin\textures\text_207.pcx,"[128, 128, 191, 191, 128, 191]","[128, 128, 191, 128, 191, 191]",Terrain/Patterns/mountain_3x3/106_block_mountain_12_02_02.png,Terrain/Patterns/mountain_3x3/106_block_mountain_12_02_02.json,pattern,SOURCE_COMPLETE,
107,block mountain 12 03 02,mountain 3x3,3,mountain,data\engine2d\bin\textures\text_207.pcx,"[192, 128, 255, 191, 192, 191]","[192, 128, 255, 128, 255, 191]",Terrain/Patterns/mountain_3x3/107_block_mountain_12_03_02.png,Terrain/Patterns/mountain_3x3/107_block_mountain_12_03_02.json,pattern,SOURCE_COMPLETE,
108,block mountain 12 02 03,mountain 3x3,3,mountain,data\engine2d\bin\textures\text_207.pcx,"[128, 192, 191, 255, 128, 255]","[128, 192, 191, 192, 191, 255]",Terrain/Patterns/mountain_3x3/108_block_mountain_12_02_03.png,Terrain/Patterns/mountain_3x3/108_block_mountain_12_02_03.json,pattern,SOURCE_COMPLETE,
109,block mountain 12 03 03,mountain 3x3,3,mountain,data\engine2d\bin\textures\text_207.pcx,"[192, 192, 255, 255, 192, 255]","[192, 192, 255, 192, 255, 255]",Terrain/Patterns/mountain_3x3/109_block_mountain_12_03_03.png,Terrain/Patterns/mountain_3x3/109_block_mountain_12_03_03.json,pattern,SOURCE_COMPLETE,
110,block mountain 12 04 03,mountain 3x3,3,mountain,data\engine2d\bin\textures\text_207.pcx,"[0, 192, 63, 255, 0, 255]","[0, 192, 63, 192, 63, 255]",Terrain/Patterns/mountain_3x3/110_block_mountain_12_04_03.png,Terrain/Patterns/mountain_3x3/110_block_mountain_12_04_03.json,pattern,SOURCE_COMPLETE,
111,block mountain 22 00 00,mountain 3x3,3,mountain,data\engine2d\bin\textures\text_208.pcx,"[0, 0, 63, 63, 0, 63]","[0, 0, 63, 0, 63, 63]",Terrain/Patterns/mountain_3x3/111_block_mountain_22_00_00.png,Terrain/Patterns/mountain_3x3/111_block_mountain_22_00_00.json,pattern,SOURCE_COMPLETE,
112,block mountain 22 01 00,mountain 3x3,3,mountain,data\engine2d\bin\textures\text_208.pcx,"[64, 0, 127, 63, 64, 63]","[64, 0, 127, 0, 127, 63]",Terrain/Patterns/mountain_3x3/112_block_mountain_22_01_00.png,Terrain/Patterns/mountain_3x3/112_block_mountain_22_01_00.json,pattern,SOURCE_COMPLETE,
113,block mountain 22 02 00,mountain 3x3,3,mountain,data\engine2d\bin\textures\text_208.pcx,"[128, 0, 191, 63, 128, 63]","[128, 0, 191, 0, 191, 63]",Terrain/Patterns/mountain_3x3/113_block_mountain_22_02_00.png,Terrain/Patterns/mountain_3x3/113_block_mountain_22_02_00.json,pattern,SOURCE_COMPLETE,
114,block mountain 22 01 01,mountain 3x3,3,mountain,data\engine2d\bin\textures\text_208.pcx,"[64, 64, 127, 127, 64, 127]","[64, 64, 127, 64, 127, 127]",Terrain/Patterns/mountain_3x3/114_block_mountain_22_01_01.png,Terrain/Patterns/mountain_3x3/114_block_mountain_22_01_01.json,pattern,SOURCE_COMPLETE,
115,block mountain 22 02 01,mountain 3x3,3,mountain,data\engine2d\bin\textures\text_208.pcx,"[128, 64, 191, 127, 128, 127]","[128, 64, 191, 64, 191, 127]",Terrain/Patterns/mountain_3x3/115_block_mountain_22_02_01.png,Terrain/Patterns/mountain_3x3/115_block_mountain_22_02_01.json,pattern,SOURCE_COMPLETE,
116,block mountain 22 03 01,mountain 3x3,3,mountain,data\engine2d\bin\textures\text_208.pcx,"[192, 64, 255, 127, 192, 127]","[192, 64, 255, 64, 255, 127]",Terrain/Patterns/mountain_3x3/116_block_mountain_22_03_01.png,Terrain/Patterns/mountain_3x3/116_block_mountain_22_03_01.json,pattern,SOURCE_COMPLETE,
117,block mountain 22 01 02,mountain 3x3,3,mountain,data\engine2d\bin\textures\text_208.pcx,"[64, 128, 127, 191, 64, 191]","[64, 128, 127, 128, 127, 191]",Terrain/Patterns/mountain_3x3/117_block_mountain_22_01_02.png,Terrain/Patterns/mountain_3x3/117_block_mountain_22_01_02.json,pattern,SOURCE_COMPLETE,
118,block mountain 22 02 02,mountain 3x3,3,mountain,data\engine2d\bin\textures\text_208.pcx,"[128, 128, 191, 191, 128, 191]","[128, 128, 191, 128, 191, 191]",Terrain/Patterns/mountain_3x3/118_block_mountain_22_02_02.png,Terrain/Patterns/mountain_3x3/118_block_mountain_22_02_02.json,pattern,SOURCE_COMPLETE,
119,block mountain 22 03 02,mountain 3x3,3,mountain,data\engine2d\bin\textures\text_208.pcx,"[192, 128, 255, 191, 192, 191]","[192, 128, 255, 128, 255, 191]",Terrain/Patterns/mountain_3x3/119_block_mountain_22_03_02.png,Terrain/Patterns/mountain_3x3/119_block_mountain_22_03_02.json,pattern,SOURCE_COMPLETE,
120,block mountain 22 02 03,mountain 3x3,3,mountain,data\engine2d\bin\textures\text_208.pcx,"[128, 192, 191, 255, 128, 255]","[128, 192, 191, 192, 191, 255]",Terrain/Patterns/mountain_3x3/120_block_mountain_22_02_03.png,Terrain/Patterns/mountain_3x3/120_block_mountain_22_02_03.json,pattern,SOURCE_COMPLETE,
121,block mountain 22 03 03,mountain 3x3,3,mountain,data\engine2d\bin\textures\text_208.pcx,"[192, 192, 255, 255, 192, 255]","[192, 192, 255, 192, 255, 255]",Terrain/Patterns/mountain_3x3/121_block_mountain_22_03_03.png,Terrain/Patterns/mountain_3x3/121_block_mountain_22_03_03.json,pattern,SOURCE_COMPLETE,
122,block mountain 22 04 03,mountain 3x3,3,mountain,data\engine2d\bin\textures\text_208.pcx,"[0, 192, 63, 255, 0, 255]","[0, 192, 63, 192, 63, 255]",Terrain/Patterns/mountain_3x3/122_block_mountain_22_04_03.png,Terrain/Patterns/mountain_3x3/122_block_mountain_22_04_03.json,pattern,SOURCE_COMPLETE,
123,block mud 00 00 00,mud 2x2,4,sand,data\engine2d\bin\textures\text_210.pcx,"[0, 0, 63, 63, 0, 63]","[0, 0, 63, 0, 63, 63]",Terrain/Patterns/mud_2x2/123_block_mud_00_00_00.png,Terrain/Patterns/mud_2x2/123_block_mud_00_00_00.json,pattern,SOURCE_COMPLETE,
124,block mud 00 01 00,mud 2x2,4,sand,data\engine2d\bin\textures\text_210.pcx,"[64, 0, 127, 63, 64, 63]","[64, 0, 127, 0, 127, 63]",Terrain/Patterns/mud_2x2/124_block_mud_00_01_00.png,Terrain/Patterns/mud_2x2/124_block_mud_00_01_00.json,pattern,SOURCE_COMPLETE,
125,block mud 00 02 00,mud 2x2,4,sand,data\engine2d\bin\textures\text_210.pcx,"[128, 0, 191, 63, 128, 63]","[128, 0, 191, 0, 191, 63]",Terrain/Patterns/mud_2x2/125_block_mud_00_02_00.png,Terrain/Patterns/mud_2x2/125_block_mud_00_02_00.json,pattern,SOURCE_COMPLETE,
126,block mud 00 01 01,mud 2x2,4,sand,data\engine2d\bin\textures\text_210.pcx,"[64, 64, 127, 127, 64, 127]","[64, 64, 127, 64, 127, 127]",Terrain/Patterns/mud_2x2/126_block_mud_00_01_01.png,Terrain/Patterns/mud_2x2/126_block_mud_00_01_01.json,pattern,SOURCE_COMPLETE,
127,block mud 00 02 01,mud 2x2,4,sand,data\engine2d\bin\textures\text_210.pcx,"[128, 64, 191, 127, 128, 127]","[128, 64, 191, 64, 191, 127]",Terrain/Patterns/mud_2x2/127_block_mud_00_02_01.png,Terrain/Patterns/mud_2x2/127_block_mud_00_02_01.json,pattern,SOURCE_COMPLETE,
128,block mud 00 03 01,mud 2x2,4,sand,data\engine2d\bin\textures\text_210.pcx,"[192, 64, 255, 127, 192, 127]","[192, 64, 255, 64, 255, 127]",Terrain/Patterns/mud_2x2/128_block_mud_00_03_01.png,Terrain/Patterns/mud_2x2/128_block_mud_00_03_01.json,pattern,SOURCE_COMPLETE,
129,block mud 00 01 02,mud 2x2,4,sand,data\engine2d\bin\textures\text_210.pcx,"[64, 128, 127, 191, 64, 191]","[64, 128, 127, 128, 127, 191]",Terrain/Patterns/mud_2x2/129_block_mud_00_01_02.png,Terrain/Patterns/mud_2x2/129_block_mud_00_01_02.json,pattern,SOURCE_COMPLETE,
130,block mud 00 02 02,mud 2x2,4,sand,data\engine2d\bin\textures\text_210.pcx,"[128, 128, 191, 191, 128, 191]","[128, 128, 191, 128, 191, 191]",Terrain/Patterns/mud_2x2/130_block_mud_00_02_02.png,Terrain/Patterns/mud_2x2/130_block_mud_00_02_02.json,pattern,SOURCE_COMPLETE,
131,block mud 00 03 02,mud 2x2,4,sand,data\engine2d\bin\textures\text_210.pcx,"[192, 128, 255, 191, 192, 191]","[192, 128, 255, 128, 255, 191]",Terrain/Patterns/mud_2x2/131_block_mud_00_03_02.png,Terrain/Patterns/mud_2x2/131_block_mud_00_03_02.json,pattern,SOURCE_COMPLETE,
132,block mud 00 02 03,mud 2x2,4,sand,data\engine2d\bin\textures\text_210.pcx,"[128, 192, 191, 255, 128, 255]","[128, 192, 191, 192, 191, 255]",Terrain/Patterns/mud_2x2/132_block_mud_00_02_03.png,Terrain/Patterns/mud_2x2/132_block_mud_00_02_03.json,pattern,SOURCE_COMPLETE,
133,block mud 00 03 03,mud 2x2,4,sand,data\engine2d\bin\textures\text_210.pcx,"[192, 192, 255, 255, 192, 255]","[192, 192, 255, 192, 255, 255]",Terrain/Patterns/mud_2x2/133_block_mud_00_03_03.png,Terrain/Patterns/mud_2x2/133_block_mud_00_03_03.json,pattern,SOURCE_COMPLETE,
134,block mud 00 04 03,mud 2x2,4,sand,data\engine2d\bin\textures\text_210.pcx,"[0, 192, 63, 255, 0, 255]","[0, 192, 63, 192, 63, 255]",Terrain/Patterns/mud_2x2/134_block_mud_00_04_03.png,Terrain/Patterns/mud_2x2/134_block_mud_00_04_03.json,pattern,SOURCE_COMPLETE,
135,block mud 10 00 00,mud 2x2,4,sand,data\engine2d\bin\textures\text_211.pcx,"[0, 0, 63, 63, 0, 63]","[0, 0, 63, 0, 63, 63]",Terrain/Patterns/mud_2x2/135_block_mud_10_00_00.png,Terrain/Patterns/mud_2x2/135_block_mud_10_00_00.json,pattern,SOURCE_COMPLETE,
136,block mud 10 01 00,mud 2x2,4,sand,data\engine2d\bin\textures\text_211.pcx,"[64, 0, 127, 63, 64, 63]","[64, 0, 127, 0, 127, 63]",Terrain/Patterns/mud_2x2/136_block_mud_10_01_00.png,Terrain/Patterns/mud_2x2/136_block_mud_10_01_00.json,pattern,SOURCE_COMPLETE,
137,block mud 10 02 00,mud 2x2,4,sand,data\engine2d\bin\textures\text_211.pcx,"[128, 0, 191, 63, 128, 63]","[128, 0, 191, 0, 191, 63]",Terrain/Patterns/mud_2x2/137_block_mud_10_02_00.png,Terrain/Patterns/mud_2x2/137_block_mud_10_02_00.json,pattern,SOURCE_COMPLETE,
138,block mud 10 01 01,mud 2x2,4,sand,data\engine2d\bin\textures\text_211.pcx,"[64, 64, 127, 127, 64, 127]","[64, 64, 127, 64, 127, 127]",Terrain/Patterns/mud_2x2/138_block_mud_10_01_01.png,Terrain/Patterns/mud_2x2/138_block_mud_10_01_01.json,pattern,SOURCE_COMPLETE,
139,block mud 10 02 01,mud 2x2,4,sand,data\engine2d\bin\textures\text_211.pcx,"[128, 64, 191, 127, 128, 127]","[128, 64, 191, 64, 191, 127]",Terrain/Patterns/mud_2x2/139_block_mud_10_02_01.png,Terrain/Patterns/mud_2x2/139_block_mud_10_02_01.json,pattern,SOURCE_COMPLETE,
140,block mud 10 03 01,mud 2x2,4,sand,data\engine2d\bin\textures\text_211.pcx,"[192, 64, 255, 127, 192, 127]","[192, 64, 255, 64, 255, 127]",Terrain/Patterns/mud_2x2/140_block_mud_10_03_01.png,Terrain/Patterns/mud_2x2/140_block_mud_10_03_01.json,pattern,SOURCE_COMPLETE,
141,block mud 10 01 02,mud 2x2,4,sand,data\engine2d\bin\textures\text_211.pcx,"[64, 128, 127, 191, 64, 191]","[64, 128, 127, 128, 127, 191]",Terrain/Patterns/mud_2x2/141_block_mud_10_01_02.png,Terrain/Patterns/mud_2x2/141_block_mud_10_01_02.json,pattern,SOURCE_COMPLETE,
142,block mud 10 02 02,mud 2x2,4,sand,data\engine2d\bin\textures\text_211.pcx,"[128, 128, 191, 191, 128, 191]","[128, 128, 191, 128, 191, 191]",Terrain/Patterns/mud_2x2/142_block_mud_10_02_02.png,Terrain/Patterns/mud_2x2/142_block_mud_10_02_02.json,pattern,SOURCE_COMPLETE,
143,block mud 10 03 02,mud 2x2,4,sand,data\engine2d\bin\textures\text_211.pcx,"[192, 128, 255, 191, 192, 191]","[192, 128, 255, 128, 255, 191]",Terrain/Patterns/mud_2x2/143_block_mud_10_03_02.png,Terrain/Patterns/mud_2x2/143_block_mud_10_03_02.json,pattern,SOURCE_COMPLETE,
144,block mud 10 02 03,mud 2x2,4,sand,data\engine2d\bin\textures\text_211.pcx,"[128, 192, 191, 255, 128, 255]","[128, 192, 191, 192, 191, 255]",Terrain/Patterns/mud_2x2/144_block_mud_10_02_03.png,Terrain/Patterns/mud_2x2/144_block_mud_10_02_03.json,pattern,SOURCE_COMPLETE,
145,block mud 10 03 03,mud 2x2,4,sand,data\engine2d\bin\textures\text_211.pcx,"[192, 192, 255, 255, 192, 255]","[192, 192, 255, 192, 255, 255]",Terrain/Patterns/mud_2x2/145_block_mud_10_03_03.png,Terrain/Patterns/mud_2x2/145_block_mud_10_03_03.json,pattern,SOURCE_COMPLETE,
146,block mud 10 04 03,mud 2x2,4,sand,data\engine2d\bin\textures\text_211.pcx,"[0, 192, 63, 255, 0, 255]","[0, 192, 63, 192, 63, 255]",Terrain/Patterns/mud_2x2/146_block_mud_10_04_03.png,Terrain/Patterns/mud_2x2/146_block_mud_10_04_03.json,pattern,SOURCE_COMPLETE,
147,block mud 01 00 00,mud 2x2,4,sand,data\engine2d\bin\textures\text_212.pcx,"[0, 0, 63, 63, 0, 63]","[0, 0, 63, 0, 63, 63]",Terrain/Patterns/mud_2x2/147_block_mud_01_00_00.png,Terrain/Patterns/mud_2x2/147_block_mud_01_00_00.json,pattern,SOURCE_COMPLETE,
148,block mud 01 01 00,mud 2x2,4,sand,data\engine2d\bin\textures\text_212.pcx,"[64, 0, 127, 63, 64, 63]","[64, 0, 127, 0, 127, 63]",Terrain/Patterns/mud_2x2/148_block_mud_01_01_00.png,Terrain/Patterns/mud_2x2/148_block_mud_01_01_00.json,pattern,SOURCE_COMPLETE,
149,block mud 01 02 00,mud 2x2,4,sand,data\engine2d\bin\textures\text_212.pcx,"[128, 0, 191, 63, 128, 63]","[128, 0, 191, 0, 191, 63]",Terrain/Patterns/mud_2x2/149_block_mud_01_02_00.png,Terrain/Patterns/mud_2x2/149_block_mud_01_02_00.json,pattern,SOURCE_COMPLETE,
150,block mud 01 01 01,mud 2x2,4,sand,data\engine2d\bin\textures\text_212.pcx,"[64, 64, 127, 127, 64, 127]","[64, 64, 127, 64, 127, 127]",Terrain/Patterns/mud_2x2/150_block_mud_01_01_01.png,Terrain/Patterns/mud_2x2/150_block_mud_01_01_01.json,pattern,SOURCE_COMPLETE,
151,block mud 01 02 01,mud 2x2,4,sand,data\engine2d\bin\textures\text_212.pcx,"[128, 64, 191, 127, 128, 127]","[128, 64, 191, 64, 191, 127]",Terrain/Patterns/mud_2x2/151_block_mud_01_02_01.png,Terrain/Patterns/mud_2x2/151_block_mud_01_02_01.json,pattern,SOURCE_COMPLETE,
152,block mud 01 03 01,mud 2x2,4,sand,data\engine2d\bin\textures\text_212.pcx,"[192, 64, 255, 127, 192, 127]","[192, 64, 255, 64, 255, 127]",Terrain/Patterns/mud_2x2/152_block_mud_01_03_01.png,Terrain/Patterns/mud_2x2/152_block_mud_01_03_01.json,pattern,SOURCE_COMPLETE,
153,block mud 01 01 02,mud 2x2,4,sand,data\engine2d\bin\textures\text_212.pcx,"[64, 128, 127, 191, 64, 191]","[64, 128, 127, 128, 127, 191]",Terrain/Patterns/mud_2x2/153_block_mud_01_01_02.png,Terrain/Patterns/mud_2x2/153_block_mud_01_01_02.json,pattern,SOURCE_COMPLETE,
154,block mud 01 02 02,mud 2x2,4,sand,data\engine2d\bin\textures\text_212.pcx,"[128, 128, 191, 191, 128, 191]","[128, 128, 191, 128, 191, 191]",Terrain/Patterns/mud_2x2/154_block_mud_01_02_02.png,Terrain/Patterns/mud_2x2/154_block_mud_01_02_02.json,pattern,SOURCE_COMPLETE,
155,block mud 01 03 02,mud 2x2,4,sand,data\engine2d\bin\textures\text_212.pcx,"[192, 128, 255, 191, 192, 191]","[192, 128, 255, 128, 255, 191]",Terrain/Patterns/mud_2x2/155_block_mud_01_03_02.png,Terrain/Patterns/mud_2x2/155_block_mud_01_03_02.json,pattern,SOURCE_COMPLETE,
156,block mud 01 02 03,mud 2x2,4,sand,data\engine2d\bin\textures\text_212.pcx,"[128, 192, 191, 255, 128, 255]","[128, 192, 191, 192, 191, 255]",Terrain/Patterns/mud_2x2/156_block_mud_01_02_03.png,Terrain/Patterns/mud_2x2/156_block_mud_01_02_03.json,pattern,SOURCE_COMPLETE,
157,block mud 01 03 03,mud 2x2,4,sand,data\engine2d\bin\textures\text_212.pcx,"[192, 192, 255, 255, 192, 255]","[192, 192, 255, 192, 255, 255]",Terrain/Patterns/mud_2x2/157_block_mud_01_03_03.png,Terrain/Patterns/mud_2x2/157_block_mud_01_03_03.json,pattern,SOURCE_COMPLETE,
158,block mud 01 04 03,mud 2x2,4,sand,data\engine2d\bin\textures\text_212.pcx,"[0, 192, 63, 255, 0, 255]","[0, 192, 63, 192, 63, 255]",Terrain/Patterns/mud_2x2/158_block_mud_01_04_03.png,Terrain/Patterns/mud_2x2/158_block_mud_01_04_03.json,pattern,SOURCE_COMPLETE,
159,block mud 11 00 00,mud 2x2,4,sand,data\engine2d\bin\textures\text_213.pcx,"[0, 0, 63, 63, 0, 63]","[0, 0, 63, 0, 63, 63]",Terrain/Patterns/mud_2x2/159_block_mud_11_00_00.png,Terrain/Patterns/mud_2x2/159_block_mud_11_00_00.json,pattern,SOURCE_COMPLETE,
160,block mud 11 01 00,mud 2x2,4,sand,data\engine2d\bin\textures\text_213.pcx,"[64, 0, 127, 63, 64, 63]","[64, 0, 127, 0, 127, 63]",Terrain/Patterns/mud_2x2/160_block_mud_11_01_00.png,Terrain/Patterns/mud_2x2/160_block_mud_11_01_00.json,pattern,SOURCE_COMPLETE,
161,block mud 11 02 00,mud 2x2,4,sand,data\engine2d\bin\textures\text_213.pcx,"[128, 0, 191, 63, 128, 63]","[128, 0, 191, 0, 191, 63]",Terrain/Patterns/mud_2x2/161_block_mud_11_02_00.png,Terrain/Patterns/mud_2x2/161_block_mud_11_02_00.json,pattern,SOURCE_COMPLETE,
162,block mud 11 01 01,mud 2x2,4,sand,data\engine2d\bin\textures\text_213.pcx,"[64, 64, 127, 127, 64, 127]","[64, 64, 127, 64, 127, 127]",Terrain/Patterns/mud_2x2/162_block_mud_11_01_01.png,Terrain/Patterns/mud_2x2/162_block_mud_11_01_01.json,pattern,SOURCE_COMPLETE,
163,block mud 11 02 01,mud 2x2,4,sand,data\engine2d\bin\textures\text_213.pcx,"[128, 64, 191, 127, 128, 127]","[128, 64, 191, 64, 191, 127]",Terrain/Patterns/mud_2x2/163_block_mud_11_02_01.png,Terrain/Patterns/mud_2x2/163_block_mud_11_02_01.json,pattern,SOURCE_COMPLETE,
164,block mud 11 03 01,mud 2x2,4,sand,data\engine2d\bin\textures\text_213.pcx,"[192, 64, 255, 127, 192, 127]","[192, 64, 255, 64, 255, 127]",Terrain/Patterns/mud_2x2/164_block_mud_11_03_01.png,Terrain/Patterns/mud_2x2/164_block_mud_11_03_01.json,pattern,SOURCE_COMPLETE,
165,block mud 11 01 02,mud 2x2,4,sand,data\engine2d\bin\textures\text_213.pcx,"[64, 128, 127, 191, 64, 191]","[64, 128, 127, 128, 127, 191]",Terrain/Patterns/mud_2x2/165_block_mud_11_01_02.png,Terrain/Patterns/mud_2x2/165_block_mud_11_01_02.json,pattern,SOURCE_COMPLETE,
166,block mud 11 02 02,mud 2x2,4,sand,data\engine2d\bin\textures\text_213.pcx,"[128, 128, 191, 191, 128, 191]","[128, 128, 191, 128, 191, 191]",Terrain/Patterns/mud_2x2/166_block_mud_11_02_02.png,Terrain/Patterns/mud_2x2/166_block_mud_11_02_02.json,pattern,SOURCE_COMPLETE,
167,block mud 11 03 02,mud 2x2,4,sand,data\engine2d\bin\textures\text_213.pcx,"[192, 128, 255, 191, 192, 191]","[192, 128, 255, 128, 255, 191]",Terrain/Patterns/mud_2x2/167_block_mud_11_03_02.png,Terrain/Patterns/mud_2x2/167_block_mud_11_03_02.json,pattern,SOURCE_COMPLETE,
168,block mud 11 02 03,mud 2x2,4,sand,data\engine2d\bin\textures\text_213.pcx,"[128, 192, 191, 255, 128, 255]","[128, 192, 191, 192, 191, 255]",Terrain/Patterns/mud_2x2/168_block_mud_11_02_03.png,Terrain/Patterns/mud_2x2/168_block_mud_11_02_03.json,pattern,SOURCE_COMPLETE,
169,block mud 11 03 03,mud 2x2,4,sand,data\engine2d\bin\textures\text_213.pcx,"[192, 192, 255, 255, 192, 255]","[192, 192, 255, 192, 255, 255]",Terrain/Patterns/mud_2x2/169_block_mud_11_03_03.png,Terrain/Patterns/mud_2x2/169_block_mud_11_03_03.json,pattern,SOURCE_COMPLETE,
170,block mud 11 04 03,mud 2x2,4,sand,data\engine2d\bin\textures\text_213.pcx,"[0, 192, 63, 255, 0, 255]","[0, 192, 63, 192, 63, 255]",Terrain/Patterns/mud_2x2/170_block_mud_11_04_03.png,Terrain/Patterns/mud_2x2/170_block_mud_11_04_03.json,pattern,SOURCE_COMPLETE,
171,block desertStone 00 00 00,desertStone 3x3,9,desertstone,data\engine2d\bin\textures\text_220.pcx,"[0, 0, 63, 63, 0, 63]","[0, 0, 63, 0, 63, 63]",Terrain/Patterns/desertStone_3x3/171_block_desertStone_00_00_00.png,Terrain/Patterns/desertStone_3x3/171_block_desertStone_00_00_00.json,pattern,SOURCE_COMPLETE,
172,block desertStone 00 01 00,desertStone 3x3,9,desertstone,data\engine2d\bin\textures\text_220.pcx,"[64, 0, 127, 63, 64, 63]","[64, 0, 127, 0, 127, 63]",Terrain/Patterns/desertStone_3x3/172_block_desertStone_00_01_00.png,Terrain/Patterns/desertStone_3x3/172_block_desertStone_00_01_00.json,pattern,SOURCE_COMPLETE,
173,block desertStone 00 02 00,desertStone 3x3,9,desertstone,data\engine2d\bin\textures\text_220.pcx,"[128, 0, 191, 63, 128, 63]","[128, 0, 191, 0, 191, 63]",Terrain/Patterns/desertStone_3x3/173_block_desertStone_00_02_00.png,Terrain/Patterns/desertStone_3x3/173_block_desertStone_00_02_00.json,pattern,SOURCE_COMPLETE,
174,block desertStone 00 01 01,desertStone 3x3,9,desertstone,data\engine2d\bin\textures\text_220.pcx,"[64, 64, 127, 127, 64, 127]","[64, 64, 127, 64, 127, 127]",Terrain/Patterns/desertStone_3x3/174_block_desertStone_00_01_01.png,Terrain/Patterns/desertStone_3x3/174_block_desertStone_00_01_01.json,pattern,SOURCE_COMPLETE,
175,block desertStone 00 02 01,desertStone 3x3,9,desertstone,data\engine2d\bin\textures\text_220.pcx,"[128, 64, 191, 127, 128, 127]","[128, 64, 191, 64, 191, 127]",Terrain/Patterns/desertStone_3x3/175_block_desertStone_00_02_01.png,Terrain/Patterns/desertStone_3x3/175_block_desertStone_00_02_01.json,pattern,SOURCE_COMPLETE,
176,block desertStone 00 03 01,desertStone 3x3,9,desertstone,data\engine2d\bin\textures\text_220.pcx,"[192, 64, 255, 127, 192, 127]","[192, 64, 255, 64, 255, 127]",Terrain/Patterns/desertStone_3x3/176_block_desertStone_00_03_01.png,Terrain/Patterns/desertStone_3x3/176_block_desertStone_00_03_01.json,pattern,SOURCE_COMPLETE,
177,block desertStone 00 01 02,desertStone 3x3,9,desertstone,data\engine2d\bin\textures\text_220.pcx,"[64, 128, 127, 191, 64, 191]","[64, 128, 127, 128, 127, 191]",Terrain/Patterns/desertStone_3x3/177_block_desertStone_00_01_02.png,Terrain/Patterns/desertStone_3x3/177_block_desertStone_00_01_02.json,pattern,SOURCE_COMPLETE,
178,block desertStone 00 02 02,desertStone 3x3,9,desertstone,data\engine2d\bin\textures\text_220.pcx,"[128, 128, 191, 191, 128, 191]","[128, 128, 191, 128, 191, 191]",Terrain/Patterns/desertStone_3x3/178_block_desertStone_00_02_02.png,Terrain/Patterns/desertStone_3x3/178_block_desertStone_00_02_02.json,pattern,SOURCE_COMPLETE,
179,block desertStone 00 03 02,desertStone 3x3,9,desertstone,data\engine2d\bin\textures\text_220.pcx,"[192, 128, 255, 191, 192, 191]","[192, 128, 255, 128, 255, 191]",Terrain/Patterns/desertStone_3x3/179_block_desertStone_00_03_02.png,Terrain/Patterns/desertStone_3x3/179_block_desertStone_00_03_02.json,pattern,SOURCE_COMPLETE,
180,block desertStone 00 02 03,desertStone 3x3,9,desertstone,data\engine2d\bin\textures\text_220.pcx,"[128, 192, 191, 255, 128, 255]","[128, 192, 191, 192, 191, 255]",Terrain/Patterns/desertStone_3x3/180_block_desertStone_00_02_03.png,Terrain/Patterns/desertStone_3x3/180_block_desertStone_00_02_03.json,pattern,SOURCE_COMPLETE,
181,block desertStone 00 03 03,desertStone 3x3,9,desertstone,data\engine2d\bin\textures\text_220.pcx,"[192, 192, 255, 255, 192, 255]","[192, 192, 255, 192, 255, 255]",Terrain/Patterns/desertStone_3x3/181_block_desertStone_00_03_03.png,Terrain/Patterns/desertStone_3x3/181_block_desertStone_00_03_03.json,pattern,SOURCE_COMPLETE,
182,block desertStone 00 04 03,desertStone 3x3,9,desertstone,data\engine2d\bin\textures\text_220.pcx,"[0, 192, 63, 255, 0, 255]","[0, 192, 63, 192, 63, 255]",Terrain/Patterns/desertStone_3x3/182_block_desertStone_00_04_03.png,Terrain/Patterns/desertStone_3x3/182_block_desertStone_00_04_03.json,pattern,SOURCE_COMPLETE,
183,block desertStone 10 00 00,desertStone 3x3,9,desertstone,data\engine2d\bin\textures\text_221.pcx,"[0, 0, 63, 63, 0, 63]","[0, 0, 63, 0, 63, 63]",Terrain/Patterns/desertStone_3x3/183_block_desertStone_10_00_00.png,Terrain/Patterns/desertStone_3x3/183_block_desertStone_10_00_00.json,pattern,SOURCE_COMPLETE,
184,block desertStone 10 01 00,desertStone 3x3,9,desertstone,data\engine2d\bin\textures\text_221.pcx,"[64, 0, 127, 63, 64, 63]","[64, 0, 127, 0, 127, 63]",Terrain/Patterns/desertStone_3x3/184_block_desertStone_10_01_00.png,Terrain/Patterns/desertStone_3x3/184_block_desertStone_10_01_00.json,pattern,SOURCE_COMPLETE,
185,block desertStone 10 02 00,desertStone 3x3,9,desertstone,data\engine2d\bin\textures\text_221.pcx,"[128, 0, 191, 63, 128, 63]","[128, 0, 191, 0, 191, 63]",Terrain/Patterns/desertStone_3x3/185_block_desertStone_10_02_00.png,Terrain/Patterns/desertStone_3x3/185_block_desertStone_10_02_00.json,pattern,SOURCE_COMPLETE,
186,block desertStone 10 01 01,desertStone 3x3,9,desertstone,data\engine2d\bin\textures\text_221.pcx,"[64, 64, 127, 127, 64, 127]","[64, 64, 127, 64, 127, 127]",Terrain/Patterns/desertStone_3x3/186_block_desertStone_10_01_01.png,Terrain/Patterns/desertStone_3x3/186_block_desertStone_10_01_01.json,pattern,SOURCE_COMPLETE,
187,block desertStone 10 02 01,desertStone 3x3,9,desertstone,data\engine2d\bin\textures\text_221.pcx,"[128, 64, 191, 127, 128, 127]","[128, 64, 191, 64, 191, 127]",Terrain/Patterns/desertStone_3x3/187_block_desertStone_10_02_01.png,Terrain/Patterns/desertStone_3x3/187_block_desertStone_10_02_01.json,pattern,SOURCE_COMPLETE,
188,block desertStone 10 03 01,desertStone 3x3,9,desertstone,data\engine2d\bin\textures\text_221.pcx,"[192, 64, 255, 127, 192, 127]","[192, 64, 255, 64, 255, 127]",Terrain/Patterns/desertStone_3x3/188_block_desertStone_10_03_01.png,Terrain/Patterns/desertStone_3x3/188_block_desertStone_10_03_01.json,pattern,SOURCE_COMPLETE,
189,block desertStone 10 01 02,desertStone 3x3,9,desertstone,data\engine2d\bin\textures\text_221.pcx,"[64, 128, 127, 191, 64, 191]","[64, 128, 127, 128, 127, 191]",Terrain/Patterns/desertStone_3x3/189_block_desertStone_10_01_02.png,Terrain/Patterns/desertStone_3x3/189_block_desertStone_10_01_02.json,pattern,SOURCE_COMPLETE,
190,block desertStone 10 02 02,desertStone 3x3,9,desertstone,data\engine2d\bin\textures\text_221.pcx,"[128, 128, 191, 191, 128, 191]","[128, 128, 191, 128, 191, 191]",Terrain/Patterns/desertStone_3x3/190_block_desertStone_10_02_02.png,Terrain/Patterns/desertStone_3x3/190_block_desertStone_10_02_02.json,pattern,SOURCE_COMPLETE,
191,block desertStone 10 03 02,desertStone 3x3,9,desertstone,data\engine2d\bin\textures\text_221.pcx,"[192, 128, 255, 191, 192, 191]","[192, 128, 255, 128, 255, 191]",Terrain/Patterns/desertStone_3x3/191_block_desertStone_10_03_02.png,Terrain/Patterns/desertStone_3x3/191_block_desertStone_10_03_02.json,pattern,SOURCE_COMPLETE,
192,block desertStone 10 02 03,desertStone 3x3,9,desertstone,data\engine2d\bin\textures\text_221.pcx,"[128, 192, 191, 255, 128, 255]","[128, 192, 191, 192, 191, 255]",Terrain/Patterns/desertStone_3x3/192_block_desertStone_10_02_03.png,Terrain/Patterns/desertStone_3x3/192_block_desertStone_10_02_03.json,pattern,SOURCE_COMPLETE,
193,block desertStone 10 03 03,desertStone 3x3,9,desertstone,data\engine2d\bin\textures\text_221.pcx,"[192, 192, 255, 255, 192, 255]","[192, 192, 255, 192, 255, 255]",Terrain/Patterns/desertStone_3x3/193_block_desertStone_10_03_03.png,Terrain/Patterns/desertStone_3x3/193_block_desertStone_10_03_03.json,pattern,SOURCE_COMPLETE,
194,block desertStone 10 04 03,desertStone 3x3,9,desertstone,data\engine2d\bin\textures\text_221.pcx,"[0, 192, 63, 255, 0, 255]","[0, 192, 63, 192, 63, 255]",Terrain/Patterns/desertStone_3x3/194_block_desertStone_10_04_03.png,Terrain/Patterns/desertStone_3x3/194_block_desertStone_10_04_03.json,pattern,SOURCE_COMPLETE,
195,block desertStone 01 00 00,desertStone 3x3,9,desertstone,data\engine2d\bin\textures\text_222.pcx,"[0, 0, 63, 63, 0, 63]","[0, 0, 63, 0, 63, 63]",Terrain/Patterns/desertStone_3x3/195_block_desertStone_01_00_00.png,Terrain/Patterns/desertStone_3x3/195_block_desertStone_01_00_00.json,pattern,SOURCE_COMPLETE,
196,block desertStone 01 01 00,desertStone 3x3,9,desertstone,data\engine2d\bin\textures\text_222.pcx,"[64, 0, 127, 63, 64, 63]","[64, 0, 127, 0, 127, 63]",Terrain/Patterns/desertStone_3x3/196_block_desertStone_01_01_00.png,Terrain/Patterns/desertStone_3x3/196_block_desertStone_01_01_00.json,pattern,SOURCE_COMPLETE,
197,block desertStone 01 02 00,desertStone 3x3,9,desertstone,data\engine2d\bin\textures\text_222.pcx,"[128, 0, 191, 63, 128, 63]","[128, 0, 191, 0, 191, 63]",Terrain/Patterns/desertStone_3x3/197_block_desertStone_01_02_00.png,Terrain/Patterns/desertStone_3x3/197_block_desertStone_01_02_00.json,pattern,SOURCE_COMPLETE,
198,block desertStone 01 01 01,desertStone 3x3,9,desertstone,data\engine2d\bin\textures\text_222.pcx,"[64, 64, 127, 127, 64, 127]","[64, 64, 127, 64, 127, 127]",Terrain/Patterns/desertStone_3x3/198_block_desertStone_01_01_01.png,Terrain/Patterns/desertStone_3x3/198_block_desertStone_01_01_01.json,pattern,SOURCE_COMPLETE,
199,block desertStone 01 02 01,desertStone 3x3,9,desertstone,data\engine2d\bin\textures\text_222.pcx,"[128, 64, 191, 127, 128, 127]","[128, 64, 191, 64, 191, 127]",Terrain/Patterns/desertStone_3x3/199_block_desertStone_01_02_01.png,Terrain/Patterns/desertStone_3x3/199_block_desertStone_01_02_01.json,pattern,SOURCE_COMPLETE,
200,block desertStone 01 03 01,desertStone 3x3,9,desertstone,data\engine2d\bin\textures\text_222.pcx,"[192, 64, 255, 127, 192, 127]","[192, 64, 255, 64, 255, 127]",Terrain/Patterns/desertStone_3x3/200_block_desertStone_01_03_01.png,Terrain/Patterns/desertStone_3x3/200_block_desertStone_01_03_01.json,pattern,SOURCE_COMPLETE,
201,block desertStone 01 01 02,desertStone 3x3,9,desertstone,data\engine2d\bin\textures\text_222.pcx,"[64, 128, 127, 191, 64, 191]","[64, 128, 127, 128, 127, 191]",Terrain/Patterns/desertStone_3x3/201_block_desertStone_01_01_02.png,Terrain/Patterns/desertStone_3x3/201_block_desertStone_01_01_02.json,pattern,SOURCE_COMPLETE,
202,block desertStone 01 02 02,desertStone 3x3,9,desertstone,data\engine2d\bin\textures\text_222.pcx,"[128, 128, 191, 191, 128, 191]","[128, 128, 191, 128, 191, 191]",Terrain/Patterns/desertStone_3x3/202_block_desertStone_01_02_02.png,Terrain/Patterns/desertStone_3x3/202_block_desertStone_01_02_02.json,pattern,SOURCE_COMPLETE,
203,block desertStone 01 03 02,desertStone 3x3,9,desertstone,data\engine2d\bin\textures\text_222.pcx,"[192, 128, 255, 191, 192, 191]","[192, 128, 255, 128, 255, 191]",Terrain/Patterns/desertStone_3x3/203_block_desertStone_01_03_02.png,Terrain/Patterns/desertStone_3x3/203_block_desertStone_01_03_02.json,pattern,SOURCE_COMPLETE,
204,block desertStone 01 02 03,desertStone 3x3,9,desertstone,data\engine2d\bin\textures\text_222.pcx,"[128, 192, 191, 255, 128, 255]","[128, 192, 191, 192, 191, 255]",Terrain/Patterns/desertStone_3x3/204_block_desertStone_01_02_03.png,Terrain/Patterns/desertStone_3x3/204_block_desertStone_01_02_03.json,pattern,SOURCE_COMPLETE,
205,block desertStone 01 03 03,desertStone 3x3,9,desertstone,data\engine2d\bin\textures\text_222.pcx,"[192, 192, 255, 255, 192, 255]","[192, 192, 255, 192, 255, 255]",Terrain/Patterns/desertStone_3x3/205_block_desertStone_01_03_03.png,Terrain/Patterns/desertStone_3x3/205_block_desertStone_01_03_03.json,pattern,SOURCE_COMPLETE,
206,block desertStone 01 04 03,desertStone 3x3,9,desertstone,data\engine2d\bin\textures\text_222.pcx,"[0, 192, 63, 255, 0, 255]","[0, 192, 63, 192, 63, 255]",Terrain/Patterns/desertStone_3x3/206_block_desertStone_01_04_03.png,Terrain/Patterns/desertStone_3x3/206_block_desertStone_01_04_03.json,pattern,SOURCE_COMPLETE,
207,block desertStone 11 00 00,desertStone 3x3,9,desertstone,data\engine2d\bin\textures\text_223.pcx,"[0, 0, 63, 63, 0, 63]","[0, 0, 63, 0, 63, 63]",Terrain/Patterns/desertStone_3x3/207_block_desertStone_11_00_00.png,Terrain/Patterns/desertStone_3x3/207_block_desertStone_11_00_00.json,pattern,SOURCE_COMPLETE,
208,block desertStone 11 01 00,desertStone 3x3,9,desertstone,data\engine2d\bin\textures\text_223.pcx,"[64, 0, 127, 63, 64, 63]","[64, 0, 127, 0, 127, 63]",Terrain/Patterns/desertStone_3x3/208_block_desertStone_11_01_00.png,Terrain/Patterns/desertStone_3x3/208_block_desertStone_11_01_00.json,pattern,SOURCE_COMPLETE,
209,block desertStone 11 02 00,desertStone 3x3,9,desertstone,data\engine2d\bin\textures\text_223.pcx,"[128, 0, 191, 63, 128, 63]","[128, 0, 191, 0, 191, 63]",Terrain/Patterns/desertStone_3x3/209_block_desertStone_11_02_00.png,Terrain/Patterns/desertStone_3x3/209_block_desertStone_11_02_00.json,pattern,SOURCE_COMPLETE,
210,block desertStone 11 01 01,desertStone 3x3,9,desertstone,data\engine2d\bin\textures\text_223.pcx,"[64, 64, 127, 127, 64, 127]","[64, 64, 127, 64, 127, 127]",Terrain/Patterns/desertStone_3x3/210_block_desertStone_11_01_01.png,Terrain/Patterns/desertStone_3x3/210_block_desertStone_11_01_01.json,pattern,SOURCE_COMPLETE,
211,block desertStone 11 02 01,desertStone 3x3,9,desertstone,data\engine2d\bin\textures\text_223.pcx,"[128, 64, 191, 127, 128, 127]","[128, 64, 191, 64, 191, 127]",Terrain/Patterns/desertStone_3x3/211_block_desertStone_11_02_01.png,Terrain/Patterns/desertStone_3x3/211_block_desertStone_11_02_01.json,pattern,SOURCE_COMPLETE,
212,block desertStone 11 03 01,desertStone 3x3,9,desertstone,data\engine2d\bin\textures\text_223.pcx,"[192, 64, 255, 127, 192, 127]","[192, 64, 255, 64, 255, 127]",Terrain/Patterns/desertStone_3x3/212_block_desertStone_11_03_01.png,Terrain/Patterns/desertStone_3x3/212_block_desertStone_11_03_01.json,pattern,SOURCE_COMPLETE,
213,block desertStone 11 01 02,desertStone 3x3,9,desertstone,data\engine2d\bin\textures\text_223.pcx,"[64, 128, 127, 191, 64, 191]","[64, 128, 127, 128, 127, 191]",Terrain/Patterns/desertStone_3x3/213_block_desertStone_11_01_02.png,Terrain/Patterns/desertStone_3x3/213_block_desertStone_11_01_02.json,pattern,SOURCE_COMPLETE,
214,block desertStone 11 02 02,desertStone 3x3,9,desertstone,data\engine2d\bin\textures\text_223.pcx,"[128, 128, 191, 191, 128, 191]","[128, 128, 191, 128, 191, 191]",Terrain/Patterns/desertStone_3x3/214_block_desertStone_11_02_02.png,Terrain/Patterns/desertStone_3x3/214_block_desertStone_11_02_02.json,pattern,SOURCE_COMPLETE,
215,block desertStone 11 03 02,desertStone 3x3,9,desertstone,data\engine2d\bin\textures\text_223.pcx,"[192, 128, 255, 191, 192, 191]","[192, 128, 255, 128, 255, 191]",Terrain/Patterns/desertStone_3x3/215_block_desertStone_11_03_02.png,Terrain/Patterns/desertStone_3x3/215_block_desertStone_11_03_02.json,pattern,SOURCE_COMPLETE,
216,block desertStone 11 02 03,desertStone 3x3,9,desertstone,data\engine2d\bin\textures\text_223.pcx,"[128, 192, 191, 255, 128, 255]","[128, 192, 191, 192, 191, 255]",Terrain/Patterns/desertStone_3x3/216_block_desertStone_11_02_03.png,Terrain/Patterns/desertStone_3x3/216_block_desertStone_11_02_03.json,pattern,SOURCE_COMPLETE,
217,block desertStone 11 03 03,desertStone 3x3,9,desertstone,data\engine2d\bin\textures\text_223.pcx,"[192, 192, 255, 255, 192, 255]","[192, 192, 255, 192, 255, 255]",Terrain/Patterns/desertStone_3x3/217_block_desertStone_11_03_03.png,Terrain/Patterns/desertStone_3x3/217_block_desertStone_11_03_03.json,pattern,SOURCE_COMPLETE,
218,block desertStone 11 04 03,desertStone 3x3,9,desertstone,data\engine2d\bin\textures\text_223.pcx,"[0, 192, 63, 255, 0, 255]","[0, 192, 63, 192, 63, 255]",Terrain/Patterns/desertStone_3x3/218_block_desertStone_11_04_03.png,Terrain/Patterns/desertStone_3x3/218_block_desertStone_11_04_03.json,pattern,SOURCE_COMPLETE,
219,block desertStone 00 00 00 o,desertStone oracle,9,desertstone,data\engine2d\bin\textures\text_220.pcx,"[0, 0, 63, 63, 0, 63]","[0, 0, 63, 0, 63, 63]",Terrain/Patterns/desertStone_oracle/219_block_desertStone_00_00_00_o.png,Terrain/Patterns/desertStone_oracle/219_block_desertStone_00_00_00_o.json,pattern,SOURCE_COMPLETE,
220,block desertStone 00 01 00 o,desertStone oracle,9,desertstone,data\engine2d\bin\textures\text_220.pcx,"[64, 0, 127, 63, 64, 63]","[64, 0, 127, 0, 127, 63]",Terrain/Patterns/desertStone_oracle/220_block_desertStone_00_01_00_o.png,Terrain/Patterns/desertStone_oracle/220_block_desertStone_00_01_00_o.json,pattern,SOURCE_COMPLETE,
221,block desertStone 00 02 00 o,desertStone oracle,9,desertstone,data\engine2d\bin\textures\text_220.pcx,"[128, 0, 191, 63, 128, 63]","[128, 0, 191, 0, 191, 63]",Terrain/Patterns/desertStone_oracle/221_block_desertStone_00_02_00_o.png,Terrain/Patterns/desertStone_oracle/221_block_desertStone_00_02_00_o.json,pattern,SOURCE_COMPLETE,
222,block desertStone 00 01 01 o,desertStone oracle,9,desertstone,data\engine2d\bin\textures\text_220.pcx,"[64, 64, 127, 127, 64, 127]","[64, 64, 127, 64, 127, 127]",Terrain/Patterns/desertStone_oracle/222_block_desertStone_00_01_01_o.png,Terrain/Patterns/desertStone_oracle/222_block_desertStone_00_01_01_o.json,pattern,SOURCE_COMPLETE,
223,block desertStone 00 02 01 o,desertStone oracle,9,desertstone,data\engine2d\bin\textures\text_220.pcx,"[128, 64, 191, 127, 128, 127]","[128, 64, 191, 64, 191, 127]",Terrain/Patterns/desertStone_oracle/223_block_desertStone_00_02_01_o.png,Terrain/Patterns/desertStone_oracle/223_block_desertStone_00_02_01_o.json,pattern,SOURCE_COMPLETE,
224,block desertStone 00 03 01 o,desertStone oracle,9,desertstone,data\engine2d\bin\textures\text_220.pcx,"[192, 64, 255, 127, 192, 127]","[192, 64, 255, 64, 255, 127]",Terrain/Patterns/desertStone_oracle/224_block_desertStone_00_03_01_o.png,Terrain/Patterns/desertStone_oracle/224_block_desertStone_00_03_01_o.json,pattern,SOURCE_COMPLETE,
225,block desertStone 00 01 02 o,desertStone oracle,9,desertstone,data\engine2d\bin\textures\text_220.pcx,"[64, 128, 127, 191, 64, 191]","[64, 128, 127, 128, 127, 191]",Terrain/Patterns/desertStone_oracle/225_block_desertStone_00_01_02_o.png,Terrain/Patterns/desertStone_oracle/225_block_desertStone_00_01_02_o.json,pattern,SOURCE_COMPLETE,
226,block desertStone 00 02 02 o,desertStone oracle,9,desertstone,data\engine2d\bin\textures\text_220.pcx,"[128, 128, 191, 191, 128, 191]","[128, 128, 191, 128, 191, 191]",Terrain/Patterns/desertStone_oracle/226_block_desertStone_00_02_02_o.png,Terrain/Patterns/desertStone_oracle/226_block_desertStone_00_02_02_o.json,pattern,SOURCE_COMPLETE,
227,block desertStone 00 03 02 o,desertStone oracle,9,desertstone,data\engine2d\bin\textures\text_220.pcx,"[192, 128, 255, 191, 192, 191]","[192, 128, 255, 128, 255, 191]",Terrain/Patterns/desertStone_oracle/227_block_desertStone_00_03_02_o.png,Terrain/Patterns/desertStone_oracle/227_block_desertStone_00_03_02_o.json,pattern,SOURCE_COMPLETE,
228,block desertStone 00 02 03 o,desertStone oracle,9,desertstone,data\engine2d\bin\textures\text_220.pcx,"[128, 192, 191, 255, 128, 255]","[128, 192, 191, 192, 191, 255]",Terrain/Patterns/desertStone_oracle/228_block_desertStone_00_02_03_o.png,Terrain/Patterns/desertStone_oracle/228_block_desertStone_00_02_03_o.json,pattern,SOURCE_COMPLETE,
229,block desertStone 00 03 03 o,desertStone oracle,9,desertstone,data\engine2d\bin\textures\text_220.pcx,"[192, 192, 255, 255, 192, 255]","[192, 192, 255, 192, 255, 255]",Terrain/Patterns/desertStone_oracle/229_block_desertStone_00_03_03_o.png,Terrain/Patterns/desertStone_oracle/229_block_desertStone_00_03_03_o.json,pattern,SOURCE_COMPLETE,
230,block desertStone 00 04 03 o,desertStone oracle,9,desertstone,data\engine2d\bin\textures\text_220.pcx,"[0, 192, 63, 255, 0, 255]","[0, 192, 63, 192, 63, 255]",Terrain/Patterns/desertStone_oracle/230_block_desertStone_00_04_03_o.png,Terrain/Patterns/desertStone_oracle/230_block_desertStone_00_04_03_o.json,pattern,SOURCE_COMPLETE,
231,block desertStone 10 00 00 o,desertStone oracle,9,desertstone,data\engine2d\bin\textures\text_221.pcx,"[0, 0, 63, 63, 0, 63]","[0, 0, 63, 0, 63, 63]",Terrain/Patterns/desertStone_oracle/231_block_desertStone_10_00_00_o.png,Terrain/Patterns/desertStone_oracle/231_block_desertStone_10_00_00_o.json,pattern,SOURCE_COMPLETE,
232,block desertStone 10 01 00 o,desertStone oracle,9,desertstone,data\engine2d\bin\textures\text_221.pcx,"[64, 0, 127, 63, 64, 63]","[64, 0, 127, 0, 127, 63]",Terrain/Patterns/desertStone_oracle/232_block_desertStone_10_01_00_o.png,Terrain/Patterns/desertStone_oracle/232_block_desertStone_10_01_00_o.json,pattern,SOURCE_COMPLETE,
233,block desertStone 10 02 00 o,desertStone oracle,9,desertstone,data\engine2d\bin\textures\text_221.pcx,"[128, 0, 191, 63, 128, 63]","[128, 0, 191, 0, 191, 63]",Terrain/Patterns/desertStone_oracle/233_block_desertStone_10_02_00_o.png,Terrain/Patterns/desertStone_oracle/233_block_desertStone_10_02_00_o.json,pattern,SOURCE_COMPLETE,
234,block desertStone 10 01 01 o,desertStone oracle,9,desertstone,data\engine2d\bin\textures\text_221.pcx,"[64, 64, 127, 127, 64, 127]","[64, 64, 127, 64, 127, 127]",Terrain/Patterns/desertStone_oracle/234_block_desertStone_10_01_01_o.png,Terrain/Patterns/desertStone_oracle/234_block_desertStone_10_01_01_o.json,pattern,SOURCE_COMPLETE,
235,block desertStone 10 02 01 o,desertStone oracle,9,desertstone,data\engine2d\bin\textures\text_221.pcx,"[128, 64, 191, 127, 128, 127]","[128, 64, 191, 64, 191, 127]",Terrain/Patterns/desertStone_oracle/235_block_desertStone_10_02_01_o.png,Terrain/Patterns/desertStone_oracle/235_block_desertStone_10_02_01_o.json,pattern,SOURCE_COMPLETE,
236,block desertStone 10 03 01 o,desertStone oracle,9,desertstone,data\engine2d\bin\textures\text_221.pcx,"[192, 64, 255, 127, 192, 127]","[192, 64, 255, 64, 255, 127]",Terrain/Patterns/desertStone_oracle/236_block_desertStone_10_03_01_o.png,Terrain/Patterns/desertStone_oracle/236_block_desertStone_10_03_01_o.json,pattern,SOURCE_COMPLETE,
237,block desertStone 10 01 02 o,desertStone oracle,9,desertstone,data\engine2d\bin\textures\text_221.pcx,"[64, 128, 127, 191, 64, 191]","[64, 128, 127, 128, 127, 191]",Terrain/Patterns/desertStone_oracle/237_block_desertStone_10_01_02_o.png,Terrain/Patterns/desertStone_oracle/237_block_desertStone_10_01_02_o.json,pattern,SOURCE_COMPLETE,
238,block desertStone 10 02 02 o,desertStone oracle,9,desertstone,data\engine2d\bin\textures\text_221.pcx,"[128, 128, 191, 191, 128, 191]","[128, 128, 191, 128, 191, 191]",Terrain/Patterns/desertStone_oracle/238_block_desertStone_10_02_02_o.png,Terrain/Patterns/desertStone_oracle/238_block_desertStone_10_02_02_o.json,pattern,SOURCE_COMPLETE,
239,block desertStone 10 03 02 o,desertStone oracle,9,desertstone,data\engine2d\bin\textures\text_221.pcx,"[192, 128, 255, 191, 192, 191]","[192, 128, 255, 128, 255, 191]",Terrain/Patterns/desertStone_oracle/239_block_desertStone_10_03_02_o.png,Terrain/Patterns/desertStone_oracle/239_block_desertStone_10_03_02_o.json,pattern,SOURCE_COMPLETE,
240,block desertStone 10 02 03 o,desertStone oracle,9,desertstone,data\engine2d\bin\textures\text_221.pcx,"[128, 192, 191, 255, 128, 255]","[128, 192, 191, 192, 191, 255]",Terrain/Patterns/desertStone_oracle/240_block_desertStone_10_02_03_o.png,Terrain/Patterns/desertStone_oracle/240_block_desertStone_10_02_03_o.json,pattern,SOURCE_COMPLETE,
241,block desertStone 10 03 03 o,desertStone oracle,9,desertstone,data\engine2d\bin\textures\text_221.pcx,"[192, 192, 255, 255, 192, 255]","[192, 192, 255, 192, 255, 255]",Terrain/Patterns/desertStone_oracle/241_block_desertStone_10_03_03_o.png,Terrain/Patterns/desertStone_oracle/241_block_desertStone_10_03_03_o.json,pattern,SOURCE_COMPLETE,
242,block desertStone 10 04 03 o,desertStone oracle,9,desertstone,data\engine2d\bin\textures\text_221.pcx,"[0, 192, 63, 255, 0, 255]","[0, 192, 63, 192, 63, 255]",Terrain/Patterns/desertStone_oracle/242_block_desertStone_10_04_03_o.png,Terrain/Patterns/desertStone_oracle/242_block_desertStone_10_04_03_o.json,pattern,SOURCE_COMPLETE,
243,block desertStone 01 00 00 o,desertStone oracle,9,desertstone,data\engine2d\bin\textures\text_222.pcx,"[0, 0, 63, 63, 0, 63]","[0, 0, 63, 0, 63, 63]",Terrain/Patterns/desertStone_oracle/243_block_desertStone_01_00_00_o.png,Terrain/Patterns/desertStone_oracle/243_block_desertStone_01_00_00_o.json,pattern,SOURCE_COMPLETE,
244,block desertStone 01 01 00 o,desertStone oracle,9,desertstone,data\engine2d\bin\textures\text_222.pcx,"[64, 0, 127, 63, 64, 63]","[64, 0, 127, 0, 127, 63]",Terrain/Patterns/desertStone_oracle/244_block_desertStone_01_01_00_o.png,Terrain/Patterns/desertStone_oracle/244_block_desertStone_01_01_00_o.json,pattern,SOURCE_COMPLETE,
245,block desertStone 01 02 00 o,desertStone oracle,9,desertstone,data\engine2d\bin\textures\text_222.pcx,"[128, 0, 191, 63, 128, 63]","[128, 0, 191, 0, 191, 63]",Terrain/Patterns/desertStone_oracle/245_block_desertStone_01_02_00_o.png,Terrain/Patterns/desertStone_oracle/245_block_desertStone_01_02_00_o.json,pattern,SOURCE_COMPLETE,
246,block desertStone 01 01 01 o,desertStone oracle,9,desertstone,data\engine2d\bin\textures\text_222.pcx,"[64, 64, 127, 127, 64, 127]","[64, 64, 127, 64, 127, 127]",Terrain/Patterns/desertStone_oracle/246_block_desertStone_01_01_01_o.png,Terrain/Patterns/desertStone_oracle/246_block_desertStone_01_01_01_o.json,pattern,SOURCE_COMPLETE,
247,block desertStone 01 02 01 o,desertStone oracle,9,desertstone,data\engine2d\bin\textures\text_222.pcx,"[128, 64, 191, 127, 128, 127]","[128, 64, 191, 64, 191, 127]",Terrain/Patterns/desertStone_oracle/247_block_desertStone_01_02_01_o.png,Terrain/Patterns/desertStone_oracle/247_block_desertStone_01_02_01_o.json,pattern,SOURCE_COMPLETE,
248,block desertStone 01 03 01 o,desertStone oracle,9,desertstone,data\engine2d\bin\textures\text_222.pcx,"[192, 64, 255, 127, 192, 127]","[192, 64, 255, 64, 255, 127]",Terrain/Patterns/desertStone_oracle/248_block_desertStone_01_03_01_o.png,Terrain/Patterns/desertStone_oracle/248_block_desertStone_01_03_01_o.json,pattern,SOURCE_COMPLETE,
249,block desertStone 01 01 02 o,desertStone oracle,9,desertstone,data\engine2d\bin\textures\text_222.pcx,"[64, 128, 127, 191, 64, 191]","[64, 128, 127, 128, 127, 191]",Terrain/Patterns/desertStone_oracle/249_block_desertStone_01_01_02_o.png,Terrain/Patterns/desertStone_oracle/249_block_desertStone_01_01_02_o.json,pattern,SOURCE_COMPLETE,
250,block desertStone 01 02 02 o,desertStone oracle,9,desertstone,data\engine2d\bin\textures\text_222.pcx,"[128, 128, 191, 191, 128, 191]","[128, 128, 191, 128, 191, 191]",Terrain/Patterns/desertStone_oracle/250_block_desertStone_01_02_02_o.png,Terrain/Patterns/desertStone_oracle/250_block_desertStone_01_02_02_o.json,pattern,SOURCE_COMPLETE,
251,block desertStone 01 03 02 o,desertStone oracle,9,desertstone,data\engine2d\bin\textures\text_222.pcx,"[192, 128, 255, 191, 192, 191]","[192, 128, 255, 128, 255, 191]",Terrain/Patterns/desertStone_oracle/251_block_desertStone_01_03_02_o.png,Terrain/Patterns/desertStone_oracle/251_block_desertStone_01_03_02_o.json,pattern,SOURCE_COMPLETE,
252,block desertStone 01 02 03 o,desertStone oracle,9,desertstone,data\engine2d\bin\textures\text_222.pcx,"[128, 192, 191, 255, 128, 255]","[128, 192, 191, 192, 191, 255]",Terrain/Patterns/desertStone_oracle/252_block_desertStone_01_02_03_o.png,Terrain/Patterns/desertStone_oracle/252_block_desertStone_01_02_03_o.json,pattern,SOURCE_COMPLETE,
253,block desertStone 01 03 03 o,desertStone oracle,9,desertstone,data\engine2d\bin\textures\text_222.pcx,"[192, 192, 255, 255, 192, 255]","[192, 192, 255, 192, 255, 255]",Terrain/Patterns/desertStone_oracle/253_block_desertStone_01_03_03_o.png,Terrain/Patterns/desertStone_oracle/253_block_desertStone_01_03_03_o.json,pattern,SOURCE_COMPLETE,
254,block desertStone 01 04 03 o,desertStone oracle,9,desertstone,data\engine2d\bin\textures\text_222.pcx,"[0, 192, 63, 255, 0, 255]","[0, 192, 63, 192, 63, 255]",Terrain/Patterns/desertStone_oracle/254_block_desertStone_01_04_03_o.png,Terrain/Patterns/desertStone_oracle/254_block_desertStone_01_04_03_o.json,pattern,SOURCE_COMPLETE,
255,block desertStone 11 00 00 o,desertStone oracle,9,desertstone,data\engine2d\bin\textures\text_223.pcx,"[0, 0, 63, 63, 0, 63]","[0, 0, 63, 0, 63, 63]",Terrain/Patterns/desertStone_oracle/255_block_desertStone_11_00_00_o.png,Terrain/Patterns/desertStone_oracle/255_block_desertStone_11_00_00_o.json,pattern,SOURCE_COMPLETE,
256,block desertStone 11 01 00 o,desertStone oracle,9,desertstone,data\engine2d\bin\textures\text_223.pcx,"[64, 0, 127, 63, 64, 63]","[64, 0, 127, 0, 127, 63]",Terrain/Patterns/desertStone_oracle/256_block_desertStone_11_01_00_o.png,Terrain/Patterns/desertStone_oracle/256_block_desertStone_11_01_00_o.json,pattern,SOURCE_COMPLETE,
257,block desertStone 11 02 00 o,desertStone oracle,9,desertstone,data\engine2d\bin\textures\text_223.pcx,"[128, 0, 191, 63, 128, 63]","[128, 0, 191, 0, 191, 63]",Terrain/Patterns/desertStone_oracle/257_block_desertStone_11_02_00_o.png,Terrain/Patterns/desertStone_oracle/257_block_desertStone_11_02_00_o.json,pattern,SOURCE_COMPLETE,
258,block desertStone 11 01 01 o,desertStone oracle,9,desertstone,data\engine2d\bin\textures\text_223.pcx,"[64, 64, 127, 127, 64, 127]","[64, 64, 127, 64, 127, 127]",Terrain/Patterns/desertStone_oracle/258_block_desertStone_11_01_01_o.png,Terrain/Patterns/desertStone_oracle/258_block_desertStone_11_01_01_o.json,pattern,SOURCE_COMPLETE,
259,block desertStone 11 02 01 o,desertStone oracle,9,desertstone,data\engine2d\bin\textures\text_223.pcx,"[128, 64, 191, 127, 128, 127]","[128, 64, 191, 64, 191, 127]",Terrain/Patterns/desertStone_oracle/259_block_desertStone_11_02_01_o.png,Terrain/Patterns/desertStone_oracle/259_block_desertStone_11_02_01_o.json,pattern,SOURCE_COMPLETE,
260,block desertStone 11 03 01 o,desertStone oracle,9,desertstone,data\engine2d\bin\textures\text_223.pcx,"[192, 64, 255, 127, 192, 127]","[192, 64, 255, 64, 255, 127]",Terrain/Patterns/desertStone_oracle/260_block_desertStone_11_03_01_o.png,Terrain/Patterns/desertStone_oracle/260_block_desertStone_11_03_01_o.json,pattern,SOURCE_COMPLETE,
261,block desertStone 11 01 02 o,desertStone oracle,9,desertstone,data\engine2d\bin\textures\text_223.pcx,"[64, 128, 127, 191, 64, 191]","[64, 128, 127, 128, 127, 191]",Terrain/Patterns/desertStone_oracle/261_block_desertStone_11_01_02_o.png,Terrain/Patterns/desertStone_oracle/261_block_desertStone_11_01_02_o.json,pattern,SOURCE_COMPLETE,
262,block desertStone 11 02 02 o,desertStone oracle,9,desertstone,data\engine2d\bin\textures\text_223.pcx,"[128, 128, 191, 191, 128, 191]","[128, 128, 191, 128, 191, 191]",Terrain/Patterns/desertStone_oracle/262_block_desertStone_11_02_02_o.png,Terrain/Patterns/desertStone_oracle/262_block_desertStone_11_02_02_o.json,pattern,SOURCE_COMPLETE,
263,block desertStone 11 03 02 o,desertStone oracle,9,desertstone,data\engine2d\bin\textures\text_223.pcx,"[192, 128, 255, 191, 192, 191]","[192, 128, 255, 128, 255, 191]",Terrain/Patterns/desertStone_oracle/263_block_desertStone_11_03_02_o.png,Terrain/Patterns/desertStone_oracle/263_block_desertStone_11_03_02_o.json,pattern,SOURCE_COMPLETE,
264,block desertStone 11 02 03 o,desertStone oracle,9,desertstone,data\engine2d\bin\textures\text_223.pcx,"[128, 192, 191, 255, 128, 255]","[128, 192, 191, 192, 191, 255]",Terrain/Patterns/desertStone_oracle/264_block_desertStone_11_02_03_o.png,Terrain/Patterns/desertStone_oracle/264_block_desertStone_11_02_03_o.json,pattern,SOURCE_COMPLETE,
265,block desertStone 11 03 03 o,desertStone oracle,9,desertstone,data\engine2d\bin\textures\text_223.pcx,"[192, 192, 255, 255, 192, 255]","[192, 192, 255, 192, 255, 255]",Terrain/Patterns/desertStone_oracle/265_block_desertStone_11_03_03_o.png,Terrain/Patterns/desertStone_oracle/265_block_desertStone_11_03_03_o.json,pattern,SOURCE_COMPLETE,
266,block desertStone 11 04 03 o,desertStone oracle,9,desertstone,data\engine2d\bin\textures\text_223.pcx,"[0, 192, 63, 255, 0, 255]","[0, 192, 63, 192, 63, 255]",Terrain/Patterns/desertStone_oracle/266_block_desertStone_11_04_03_o.png,Terrain/Patterns/desertStone_oracle/266_block_desertStone_11_04_03_o.json,pattern,SOURCE_COMPLETE,
267,block desertStone 00 00 00 u,desertStone underworld,9,desertstone,data\engine2d\bin\textures\text_220.pcx,"[0, 0, 63, 63, 0, 63]","[0, 0, 63, 0, 63, 63]",Terrain/Patterns/desertStone_underworld/267_block_desertStone_00_00_00_u.png,Terrain/Patterns/desertStone_underworld/267_block_desertStone_00_00_00_u.json,pattern,SOURCE_COMPLETE,
268,block desertStone 00 01 00 u,desertStone underworld,9,desertstone,data\engine2d\bin\textures\text_220.pcx,"[64, 0, 127, 63, 64, 63]","[64, 0, 127, 0, 127, 63]",Terrain/Patterns/desertStone_underworld/268_block_desertStone_00_01_00_u.png,Terrain/Patterns/desertStone_underworld/268_block_desertStone_00_01_00_u.json,pattern,SOURCE_COMPLETE,
269,block desertStone 00 02 00 u,desertStone underworld,9,desertstone,data\engine2d\bin\textures\text_220.pcx,"[128, 0, 191, 63, 128, 63]","[128, 0, 191, 0, 191, 63]",Terrain/Patterns/desertStone_underworld/269_block_desertStone_00_02_00_u.png,Terrain/Patterns/desertStone_underworld/269_block_desertStone_00_02_00_u.json,pattern,SOURCE_COMPLETE,
270,block desertStone 00 01 01 u,desertStone underworld,9,desertstone,data\engine2d\bin\textures\text_220.pcx,"[64, 64, 127, 127, 64, 127]","[64, 64, 127, 64, 127, 127]",Terrain/Patterns/desertStone_underworld/270_block_desertStone_00_01_01_u.png,Terrain/Patterns/desertStone_underworld/270_block_desertStone_00_01_01_u.json,pattern,SOURCE_COMPLETE,
271,block desertStone 00 02 01 u,desertStone underworld,9,desertstone,data\engine2d\bin\textures\text_220.pcx,"[128, 64, 191, 127, 128, 127]","[128, 64, 191, 64, 191, 127]",Terrain/Patterns/desertStone_underworld/271_block_desertStone_00_02_01_u.png,Terrain/Patterns/desertStone_underworld/271_block_desertStone_00_02_01_u.json,pattern,SOURCE_COMPLETE,
272,block desertStone 00 03 01 u,desertStone underworld,9,desertstone,data\engine2d\bin\textures\text_220.pcx,"[192, 64, 255, 127, 192, 127]","[192, 64, 255, 64, 255, 127]",Terrain/Patterns/desertStone_underworld/272_block_desertStone_00_03_01_u.png,Terrain/Patterns/desertStone_underworld/272_block_desertStone_00_03_01_u.json,pattern,SOURCE_COMPLETE,
273,block desertStone 00 01 02 u,desertStone underworld,9,desertstone,data\engine2d\bin\textures\text_220.pcx,"[64, 128, 127, 191, 64, 191]","[64, 128, 127, 128, 127, 191]",Terrain/Patterns/desertStone_underworld/273_block_desertStone_00_01_02_u.png,Terrain/Patterns/desertStone_underworld/273_block_desertStone_00_01_02_u.json,pattern,SOURCE_COMPLETE,
274,block desertStone 00 02 02 u,desertStone underworld,9,desertstone,data\engine2d\bin\textures\text_220.pcx,"[128, 128, 191, 191, 128, 191]","[128, 128, 191, 128, 191, 191]",Terrain/Patterns/desertStone_underworld/274_block_desertStone_00_02_02_u.png,Terrain/Patterns/desertStone_underworld/274_block_desertStone_00_02_02_u.json,pattern,SOURCE_COMPLETE,
275,block desertStone 00 03 02 u,desertStone underworld,9,desertstone,data\engine2d\bin\textures\text_220.pcx,"[192, 128, 255, 191, 192, 191]","[192, 128, 255, 128, 255, 191]",Terrain/Patterns/desertStone_underworld/275_block_desertStone_00_03_02_u.png,Terrain/Patterns/desertStone_underworld/275_block_desertStone_00_03_02_u.json,pattern,SOURCE_COMPLETE,
276,block desertStone 00 02 03 u,desertStone underworld,9,desertstone,data\engine2d\bin\textures\text_220.pcx,"[128, 192, 191, 255, 128, 255]","[128, 192, 191, 192, 191, 255]",Terrain/Patterns/desertStone_underworld/276_block_desertStone_00_02_03_u.png,Terrain/Patterns/desertStone_underworld/276_block_desertStone_00_02_03_u.json,pattern,SOURCE_COMPLETE,
277,block desertStone 00 03 03 u,desertStone underworld,9,desertstone,data\engine2d\bin\textures\text_220.pcx,"[192, 192, 255, 255, 192, 255]","[192, 192, 255, 192, 255, 255]",Terrain/Patterns/desertStone_underworld/277_block_desertStone_00_03_03_u.png,Terrain/Patterns/desertStone_underworld/277_block_desertStone_00_03_03_u.json,pattern,SOURCE_COMPLETE,
278,block desertStone 00 04 03 u,desertStone underworld,9,desertstone,data\engine2d\bin\textures\text_220.pcx,"[0, 192, 63, 255, 0, 255]","[0, 192, 63, 192, 63, 255]",Terrain/Patterns/desertStone_underworld/278_block_desertStone_00_04_03_u.png,Terrain/Patterns/desertStone_underworld/278_block_desertStone_00_04_03_u.json,pattern,SOURCE_COMPLETE,
279,block desertStone 10 00 00 u,desertStone underworld,9,desertstone,data\engine2d\bin\textures\text_221.pcx,"[0, 0, 63, 63, 0, 63]","[0, 0, 63, 0, 63, 63]",Terrain/Patterns/desertStone_underworld/279_block_desertStone_10_00_00_u.png,Terrain/Patterns/desertStone_underworld/279_block_desertStone_10_00_00_u.json,pattern,SOURCE_COMPLETE,
280,block desertStone 10 01 00 u,desertStone underworld,9,desertstone,data\engine2d\bin\textures\text_221.pcx,"[64, 0, 127, 63, 64, 63]","[64, 0, 127, 0, 127, 63]",Terrain/Patterns/desertStone_underworld/280_block_desertStone_10_01_00_u.png,Terrain/Patterns/desertStone_underworld/280_block_desertStone_10_01_00_u.json,pattern,SOURCE_COMPLETE,
281,block desertStone 10 02 00 u,desertStone underworld,9,desertstone,data\engine2d\bin\textures\text_221.pcx,"[128, 0, 191, 63, 128, 63]","[128, 0, 191, 0, 191, 63]",Terrain/Patterns/desertStone_underworld/281_block_desertStone_10_02_00_u.png,Terrain/Patterns/desertStone_underworld/281_block_desertStone_10_02_00_u.json,pattern,SOURCE_COMPLETE,
282,block desertStone 10 01 01 u,desertStone underworld,9,desertstone,data\engine2d\bin\textures\text_221.pcx,"[64, 64, 127, 127, 64, 127]","[64, 64, 127, 64, 127, 127]",Terrain/Patterns/desertStone_underworld/282_block_desertStone_10_01_01_u.png,Terrain/Patterns/desertStone_underworld/282_block_desertStone_10_01_01_u.json,pattern,SOURCE_COMPLETE,
283,block desertStone 10 02 01 u,desertStone underworld,9,desertstone,data\engine2d\bin\textures\text_221.pcx,"[128, 64, 191, 127, 128, 127]","[128, 64, 191, 64, 191, 127]",Terrain/Patterns/desertStone_underworld/283_block_desertStone_10_02_01_u.png,Terrain/Patterns/desertStone_underworld/283_block_desertStone_10_02_01_u.json,pattern,SOURCE_COMPLETE,
284,block desertStone 10 03 01 u,desertStone underworld,9,desertstone,data\engine2d\bin\textures\text_221.pcx,"[192, 64, 255, 127, 192, 127]","[192, 64, 255, 64, 255, 127]",Terrain/Patterns/desertStone_underworld/284_block_desertStone_10_03_01_u.png,Terrain/Patterns/desertStone_underworld/284_block_desertStone_10_03_01_u.json,pattern,SOURCE_COMPLETE,
285,block desertStone 10 01 02 u,desertStone underworld,9,desertstone,data\engine2d\bin\textures\text_221.pcx,"[64, 128, 127, 191, 64, 191]","[64, 128, 127, 128, 127, 191]",Terrain/Patterns/desertStone_underworld/285_block_desertStone_10_01_02_u.png,Terrain/Patterns/desertStone_underworld/285_block_desertStone_10_01_02_u.json,pattern,SOURCE_COMPLETE,
286,block desertStone 10 02 02 u,desertStone underworld,9,desertstone,data\engine2d\bin\textures\text_221.pcx,"[128, 128, 191, 191, 128, 191]","[128, 128, 191, 128, 191, 191]",Terrain/Patterns/desertStone_underworld/286_block_desertStone_10_02_02_u.png,Terrain/Patterns/desertStone_underworld/286_block_desertStone_10_02_02_u.json,pattern,SOURCE_COMPLETE,
287,block desertStone 10 03 02 u,desertStone underworld,9,desertstone,data\engine2d\bin\textures\text_221.pcx,"[192, 128, 255, 191, 192, 191]","[192, 128, 255, 128, 255, 191]",Terrain/Patterns/desertStone_underworld/287_block_desertStone_10_03_02_u.png,Terrain/Patterns/desertStone_underworld/287_block_desertStone_10_03_02_u.json,pattern,SOURCE_COMPLETE,
288,block desertStone 10 02 03 u,desertStone underworld,9,desertstone,data\engine2d\bin\textures\text_221.pcx,"[128, 192, 191, 255, 128, 255]","[128, 192, 191, 192, 191, 255]",Terrain/Patterns/desertStone_underworld/288_block_desertStone_10_02_03_u.png,Terrain/Patterns/desertStone_underworld/288_block_desertStone_10_02_03_u.json,pattern,SOURCE_COMPLETE,
289,block desertStone 10 03 03 u,desertStone underworld,9,desertstone,data\engine2d\bin\textures\text_221.pcx,"[192, 192, 255, 255, 192, 255]","[192, 192, 255, 192, 255, 255]",Terrain/Patterns/desertStone_underworld/289_block_desertStone_10_03_03_u.png,Terrain/Patterns/desertStone_underworld/289_block_desertStone_10_03_03_u.json,pattern,SOURCE_COMPLETE,
290,block desertStone 10 04 03 u,desertStone underworld,9,desertstone,data\engine2d\bin\textures\text_221.pcx,"[0, 192, 63, 255, 0, 255]","[0, 192, 63, 192, 63, 255]",Terrain/Patterns/desertStone_underworld/290_block_desertStone_10_04_03_u.png,Terrain/Patterns/desertStone_underworld/290_block_desertStone_10_04_03_u.json,pattern,SOURCE_COMPLETE,
291,block desertStone 01 00 00 u,desertStone underworld,9,desertstone,data\engine2d\bin\textures\text_222.pcx,"[0, 0, 63, 63, 0, 63]","[0, 0, 63, 0, 63, 63]",Terrain/Patterns/desertStone_underworld/291_block_desertStone_01_00_00_u.png,Terrain/Patterns/desertStone_underworld/291_block_desertStone_01_00_00_u.json,pattern,SOURCE_COMPLETE,
292,block desertStone 01 01 00 u,desertStone underworld,9,desertstone,data\engine2d\bin\textures\text_222.pcx,"[64, 0, 127, 63, 64, 63]","[64, 0, 127, 0, 127, 63]",Terrain/Patterns/desertStone_underworld/292_block_desertStone_01_01_00_u.png,Terrain/Patterns/desertStone_underworld/292_block_desertStone_01_01_00_u.json,pattern,SOURCE_COMPLETE,
293,block desertStone 01 02 00 u,desertStone underworld,9,desertstone,data\engine2d\bin\textures\text_222.pcx,"[128, 0, 191, 63, 128, 63]","[128, 0, 191, 0, 191, 63]",Terrain/Patterns/desertStone_underworld/293_block_desertStone_01_02_00_u.png,Terrain/Patterns/desertStone_underworld/293_block_desertStone_01_02_00_u.json,pattern,SOURCE_COMPLETE,
294,block desertStone 01 01 01 u,desertStone underworld,9,desertstone,data\engine2d\bin\textures\text_222.pcx,"[64, 64, 127, 127, 64, 127]","[64, 64, 127, 64, 127, 127]",Terrain/Patterns/desertStone_underworld/294_block_desertStone_01_01_01_u.png,Terrain/Patterns/desertStone_underworld/294_block_desertStone_01_01_01_u.json,pattern,SOURCE_COMPLETE,
295,block desertStone 01 02 01 u,desertStone underworld,9,desertstone,data\engine2d\bin\textures\text_222.pcx,"[128, 64, 191, 127, 128, 127]","[128, 64, 191, 64, 191, 127]",Terrain/Patterns/desertStone_underworld/295_block_desertStone_01_02_01_u.png,Terrain/Patterns/desertStone_underworld/295_block_desertStone_01_02_01_u.json,pattern,SOURCE_COMPLETE,
296,block desertStone 01 03 01 u,desertStone underworld,9,desertstone,data\engine2d\bin\textures\text_222.pcx,"[192, 64, 255, 127, 192, 127]","[192, 64, 255, 64, 255, 127]",Terrain/Patterns/desertStone_underworld/296_block_desertStone_01_03_01_u.png,Terrain/Patterns/desertStone_underworld/296_block_desertStone_01_03_01_u.json,pattern,SOURCE_COMPLETE,
297,block desertStone 01 01 02 u,desertStone underworld,9,desertstone,data\engine2d\bin\textures\text_222.pcx,"[64, 128, 127, 191, 64, 191]","[64, 128, 127, 128, 127, 191]",Terrain/Patterns/desertStone_underworld/297_block_desertStone_01_01_02_u.png,Terrain/Patterns/desertStone_underworld/297_block_desertStone_01_01_02_u.json,pattern,SOURCE_COMPLETE,
298,block desertStone 01 02 02 u,desertStone underworld,9,desertstone,data\engine2d\bin\textures\text_222.pcx,"[128, 128, 191, 191, 128, 191]","[128, 128, 191, 128, 191, 191]",Terrain/Patterns/desertStone_underworld/298_block_desertStone_01_02_02_u.png,Terrain/Patterns/desertStone_underworld/298_block_desertStone_01_02_02_u.json,pattern,SOURCE_COMPLETE,
299,block desertStone 01 03 02 u,desertStone underworld,9,desertstone,data\engine2d\bin\textures\text_222.pcx,"[192, 128, 255, 191, 192, 191]","[192, 128, 255, 128, 255, 191]",Terrain/Patterns/desertStone_underworld/299_block_desertStone_01_03_02_u.png,Terrain/Patterns/desertStone_underworld/299_block_desertStone_01_03_02_u.json,pattern,SOURCE_COMPLETE,
300,block desertStone 01 02 03 u,desertStone underworld,9,desertstone,data\engine2d\bin\textures\text_222.pcx,"[128, 192, 191, 255, 128, 255]","[128, 192, 191, 192, 191, 255]",Terrain/Patterns/desertStone_underworld/300_block_desertStone_01_02_03_u.png,Terrain/Patterns/desertStone_underworld/300_block_desertStone_01_02_03_u.json,pattern,SOURCE_COMPLETE,
301,block desertStone 01 03 03 u,desertStone underworld,9,desertstone,data\engine2d\bin\textures\text_222.pcx,"[192, 192, 255, 255, 192, 255]","[192, 192, 255, 192, 255, 255]",Terrain/Patterns/desertStone_underworld/301_block_desertStone_01_03_03_u.png,Terrain/Patterns/desertStone_underworld/301_block_desertStone_01_03_03_u.json,pattern,SOURCE_COMPLETE,
302,block desertStone 01 04 03 u,desertStone underworld,9,desertstone,data\engine2d\bin\textures\text_222.pcx,"[0, 192, 63, 255, 0, 255]","[0, 192, 63, 192, 63, 255]",Terrain/Patterns/desertStone_underworld/302_block_desertStone_01_04_03_u.png,Terrain/Patterns/desertStone_underworld/302_block_desertStone_01_04_03_u.json,pattern,SOURCE_COMPLETE,
303,block desertStone 11 00 00 u,desertStone underworld,9,desertstone,data\engine2d\bin\textures\text_223.pcx,"[0, 0, 63, 63, 0, 63]","[0, 0, 63, 0, 63, 63]",Terrain/Patterns/desertStone_underworld/303_block_desertStone_11_00_00_u.png,Terrain/Patterns/desertStone_underworld/303_block_desertStone_11_00_00_u.json,pattern,SOURCE_COMPLETE,
304,block desertStone 11 01 00 u,desertStone underworld,9,desertstone,data\engine2d\bin\textures\text_223.pcx,"[64, 0, 127, 63, 64, 63]","[64, 0, 127, 0, 127, 63]",Terrain/Patterns/desertStone_underworld/304_block_desertStone_11_01_00_u.png,Terrain/Patterns/desertStone_underworld/304_block_desertStone_11_01_00_u.json,pattern,SOURCE_COMPLETE,
305,block desertStone 11 02 00 u,desertStone underworld,9,desertstone,data\engine2d\bin\textures\text_223.pcx,"[128, 0, 191, 63, 128, 63]","[128, 0, 191, 0, 191, 63]",Terrain/Patterns/desertStone_underworld/305_block_desertStone_11_02_00_u.png,Terrain/Patterns/desertStone_underworld/305_block_desertStone_11_02_00_u.json,pattern,SOURCE_COMPLETE,
306,block desertStone 11 01 01 u,desertStone underworld,9,desertstone,data\engine2d\bin\textures\text_223.pcx,"[64, 64, 127, 127, 64, 127]","[64, 64, 127, 64, 127, 127]",Terrain/Patterns/desertStone_underworld/306_block_desertStone_11_01_01_u.png,Terrain/Patterns/desertStone_underworld/306_block_desertStone_11_01_01_u.json,pattern,SOURCE_COMPLETE,
307,block desertStone 11 02 01 u,desertStone underworld,9,desertstone,data\engine2d\bin\textures\text_223.pcx,"[128, 64, 191, 127, 128, 127]","[128, 64, 191, 64, 191, 127]",Terrain/Patterns/desertStone_underworld/307_block_desertStone_11_02_01_u.png,Terrain/Patterns/desertStone_underworld/307_block_desertStone_11_02_01_u.json,pattern,SOURCE_COMPLETE,
308,block desertStone 11 03 01 u,desertStone underworld,9,desertstone,data\engine2d\bin\textures\text_223.pcx,"[192, 64, 255, 127, 192, 127]","[192, 64, 255, 64, 255, 127]",Terrain/Patterns/desertStone_underworld/308_block_desertStone_11_03_01_u.png,Terrain/Patterns/desertStone_underworld/308_block_desertStone_11_03_01_u.json,pattern,SOURCE_COMPLETE,
309,block desertStone 11 01 02 u,desertStone underworld,9,desertstone,data\engine2d\bin\textures\text_223.pcx,"[64, 128, 127, 191, 64, 191]","[64, 128, 127, 128, 127, 191]",Terrain/Patterns/desertStone_underworld/309_block_desertStone_11_01_02_u.png,Terrain/Patterns/desertStone_underworld/309_block_desertStone_11_01_02_u.json,pattern,SOURCE_COMPLETE,
310,block desertStone 11 02 02 u,desertStone underworld,9,desertstone,data\engine2d\bin\textures\text_223.pcx,"[128, 128, 191, 191, 128, 191]","[128, 128, 191, 128, 191, 191]",Terrain/Patterns/desertStone_underworld/310_block_desertStone_11_02_02_u.png,Terrain/Patterns/desertStone_underworld/310_block_desertStone_11_02_02_u.json,pattern,SOURCE_COMPLETE,
311,block desertStone 11 03 02 u,desertStone underworld,9,desertstone,data\engine2d\bin\textures\text_223.pcx,"[192, 128, 255, 191, 192, 191]","[192, 128, 255, 128, 255, 191]",Terrain/Patterns/desertStone_underworld/311_block_desertStone_11_03_02_u.png,Terrain/Patterns/desertStone_underworld/311_block_desertStone_11_03_02_u.json,pattern,SOURCE_COMPLETE,
312,block desertStone 11 02 03 u,desertStone underworld,9,desertstone,data\engine2d\bin\textures\text_223.pcx,"[128, 192, 191, 255, 128, 255]","[128, 192, 191, 192, 191, 255]",Terrain/Patterns/desertStone_underworld/312_block_desertStone_11_02_03_u.png,Terrain/Patterns/desertStone_underworld/312_block_desertStone_11_02_03_u.json,pattern,SOURCE_COMPLETE,
313,block desertStone 11 03 03 u,desertStone underworld,9,desertstone,data\engine2d\bin\textures\text_223.pcx,"[192, 192, 255, 255, 192, 255]","[192, 192, 255, 192, 255, 255]",Terrain/Patterns/desertStone_underworld/313_block_desertStone_11_03_03_u.png,Terrain/Patterns/desertStone_underworld/313_block_desertStone_11_03_03_u.json,pattern,SOURCE_COMPLETE,
314,block desertStone 11 04 03 u,desertStone underworld,9,desertstone,data\engine2d\bin\textures\text_223.pcx,"[0, 192, 63, 255, 0, 255]","[0, 192, 63, 192, 63, 255]",Terrain/Patterns/desertStone_underworld/314_block_desertStone_11_04_03_u.png,Terrain/Patterns/desertStone_underworld/314_block_desertStone_11_04_03_u.json,pattern,SOURCE_COMPLETE,
315,block meadow 00 00 00,meadow green,2,land,data\engine2d\bin\textures\text_224.pcx,"[0, 0, 63, 63, 0, 63]","[0, 0, 63, 0, 63, 63]",Terrain/Patterns/meadow_green/315_block_meadow_00_00_00.png,Terrain/Patterns/meadow_green/315_block_meadow_00_00_00.json,pattern,SOURCE_COMPLETE,
316,block meadow 00 01 00,meadow green,2,land,data\engine2d\bin\textures\text_224.pcx,"[64, 0, 127, 63, 64, 63]","[64, 0, 127, 0, 127, 63]",Terrain/Patterns/meadow_green/316_block_meadow_00_01_00.png,Terrain/Patterns/meadow_green/316_block_meadow_00_01_00.json,pattern,SOURCE_COMPLETE,
317,block meadow 00 02 00,meadow green,2,land,data\engine2d\bin\textures\text_224.pcx,"[128, 0, 191, 63, 128, 63]","[128, 0, 191, 0, 191, 63]",Terrain/Patterns/meadow_green/317_block_meadow_00_02_00.png,Terrain/Patterns/meadow_green/317_block_meadow_00_02_00.json,pattern,SOURCE_COMPLETE,
318,block meadow 00 01 01,meadow green,2,land,data\engine2d\bin\textures\text_224.pcx,"[64, 64, 127, 127, 64, 127]","[64, 64, 127, 64, 127, 127]",Terrain/Patterns/meadow_green/318_block_meadow_00_01_01.png,Terrain/Patterns/meadow_green/318_block_meadow_00_01_01.json,pattern,SOURCE_COMPLETE,
319,block meadow 00 02 01,meadow green,2,land,data\engine2d\bin\textures\text_224.pcx,"[128, 64, 191, 127, 128, 127]","[128, 64, 191, 64, 191, 127]",Terrain/Patterns/meadow_green/319_block_meadow_00_02_01.png,Terrain/Patterns/meadow_green/319_block_meadow_00_02_01.json,pattern,SOURCE_COMPLETE,
320,block meadow 00 03 01,meadow green,2,land,data\engine2d\bin\textures\text_224.pcx,"[192, 64, 255, 127, 192, 127]","[192, 64, 255, 64, 255, 127]",Terrain/Patterns/meadow_green/320_block_meadow_00_03_01.png,Terrain/Patterns/meadow_green/320_block_meadow_00_03_01.json,pattern,SOURCE_COMPLETE,
321,block meadow 00 01 02,meadow green,2,land,data\engine2d\bin\textures\text_224.pcx,"[64, 128, 127, 191, 64, 191]","[64, 128, 127, 128, 127, 191]",Terrain/Patterns/meadow_green/321_block_meadow_00_01_02.png,Terrain/Patterns/meadow_green/321_block_meadow_00_01_02.json,pattern,SOURCE_COMPLETE,
322,block meadow 00 02 02,meadow green,2,land,data\engine2d\bin\textures\text_224.pcx,"[128, 128, 191, 191, 128, 191]","[128, 128, 191, 128, 191, 191]",Terrain/Patterns/meadow_green/322_block_meadow_00_02_02.png,Terrain/Patterns/meadow_green/322_block_meadow_00_02_02.json,pattern,SOURCE_COMPLETE,
323,block meadow 00 03 02,meadow green,2,land,data\engine2d\bin\textures\text_224.pcx,"[192, 128, 255, 191, 192, 191]","[192, 128, 255, 128, 255, 191]",Terrain/Patterns/meadow_green/323_block_meadow_00_03_02.png,Terrain/Patterns/meadow_green/323_block_meadow_00_03_02.json,pattern,SOURCE_COMPLETE,
324,block meadow 00 02 03,meadow green,2,land,data\engine2d\bin\textures\text_224.pcx,"[128, 192, 191, 255, 128, 255]","[128, 192, 191, 192, 191, 255]",Terrain/Patterns/meadow_green/324_block_meadow_00_02_03.png,Terrain/Patterns/meadow_green/324_block_meadow_00_02_03.json,pattern,SOURCE_COMPLETE,
325,block meadow 00 03 03,meadow green,2,land,data\engine2d\bin\textures\text_224.pcx,"[192, 192, 255, 255, 192, 255]","[192, 192, 255, 192, 255, 255]",Terrain/Patterns/meadow_green/325_block_meadow_00_03_03.png,Terrain/Patterns/meadow_green/325_block_meadow_00_03_03.json,pattern,SOURCE_COMPLETE,
326,block meadow 00 04 03,meadow green,2,land,data\engine2d\bin\textures\text_224.pcx,"[0, 192, 63, 255, 0, 255]","[0, 192, 63, 192, 63, 255]",Terrain/Patterns/meadow_green/326_block_meadow_00_04_03.png,Terrain/Patterns/meadow_green/326_block_meadow_00_04_03.json,pattern,SOURCE_COMPLETE,
327,block meadow 10 00 00,meadow green,2,land,data\engine2d\bin\textures\text_225.pcx,"[0, 0, 63, 63, 0, 63]","[0, 0, 63, 0, 63, 63]",Terrain/Patterns/meadow_green/327_block_meadow_10_00_00.png,Terrain/Patterns/meadow_green/327_block_meadow_10_00_00.json,pattern,SOURCE_COMPLETE,
328,block meadow 10 01 00,meadow green,2,land,data\engine2d\bin\textures\text_225.pcx,"[64, 0, 127, 63, 64, 63]","[64, 0, 127, 0, 127, 63]",Terrain/Patterns/meadow_green/328_block_meadow_10_01_00.png,Terrain/Patterns/meadow_green/328_block_meadow_10_01_00.json,pattern,SOURCE_COMPLETE,
329,block meadow 10 02 00,meadow green,2,land,data\engine2d\bin\textures\text_225.pcx,"[128, 0, 191, 63, 128, 63]","[128, 0, 191, 0, 191, 63]",Terrain/Patterns/meadow_green/329_block_meadow_10_02_00.png,Terrain/Patterns/meadow_green/329_block_meadow_10_02_00.json,pattern,SOURCE_COMPLETE,
330,block meadow 10 01 01,meadow green,2,land,data\engine2d\bin\textures\text_225.pcx,"[64, 64, 127, 127, 64, 127]","[64, 64, 127, 64, 127, 127]",Terrain/Patterns/meadow_green/330_block_meadow_10_01_01.png,Terrain/Patterns/meadow_green/330_block_meadow_10_01_01.json,pattern,SOURCE_COMPLETE,
331,block meadow 10 02 01,meadow green,2,land,data\engine2d\bin\textures\text_225.pcx,"[128, 64, 191, 127, 128, 127]","[128, 64, 191, 64, 191, 127]",Terrain/Patterns/meadow_green/331_block_meadow_10_02_01.png,Terrain/Patterns/meadow_green/331_block_meadow_10_02_01.json,pattern,SOURCE_COMPLETE,
332,block meadow 10 03 01,meadow green,2,land,data\engine2d\bin\textures\text_225.pcx,"[192, 64, 255, 127, 192, 127]","[192, 64, 255, 64, 255, 127]",Terrain/Patterns/meadow_green/332_block_meadow_10_03_01.png,Terrain/Patterns/meadow_green/332_block_meadow_10_03_01.json,pattern,SOURCE_COMPLETE,
333,block meadow 10 01 02,meadow green,2,land,data\engine2d\bin\textures\text_225.pcx,"[64, 128, 127, 191, 64, 191]","[64, 128, 127, 128, 127, 191]",Terrain/Patterns/meadow_green/333_block_meadow_10_01_02.png,Terrain/Patterns/meadow_green/333_block_meadow_10_01_02.json,pattern,SOURCE_COMPLETE,
334,block meadow 10 02 02,meadow green,2,land,data\engine2d\bin\textures\text_225.pcx,"[128, 128, 191, 191, 128, 191]","[128, 128, 191, 128, 191, 191]",Terrain/Patterns/meadow_green/334_block_meadow_10_02_02.png,Terrain/Patterns/meadow_green/334_block_meadow_10_02_02.json,pattern,SOURCE_COMPLETE,
335,block meadow 10 03 02,meadow green,2,land,data\engine2d\bin\textures\text_225.pcx,"[192, 128, 255, 191, 192, 191]","[192, 128, 255, 128, 255, 191]",Terrain/Patterns/meadow_green/335_block_meadow_10_03_02.png,Terrain/Patterns/meadow_green/335_block_meadow_10_03_02.json,pattern,SOURCE_COMPLETE,
336,block meadow 10 02 03,meadow green,2,land,data\engine2d\bin\textures\text_225.pcx,"[128, 192, 191, 255, 128, 255]","[128, 192, 191, 192, 191, 255]",Terrain/Patterns/meadow_green/336_block_meadow_10_02_03.png,Terrain/Patterns/meadow_green/336_block_meadow_10_02_03.json,pattern,SOURCE_COMPLETE,
337,block meadow 10 03 03,meadow green,2,land,data\engine2d\bin\textures\text_225.pcx,"[192, 192, 255, 255, 192, 255]","[192, 192, 255, 192, 255, 255]",Terrain/Patterns/meadow_green/337_block_meadow_10_03_03.png,Terrain/Patterns/meadow_green/337_block_meadow_10_03_03.json,pattern,SOURCE_COMPLETE,
338,block meadow 10 04 03,meadow green,2,land,data\engine2d\bin\textures\text_225.pcx,"[0, 192, 63, 255, 0, 255]","[0, 192, 63, 192, 63, 255]",Terrain/Patterns/meadow_green/338_block_meadow_10_04_03.png,Terrain/Patterns/meadow_green/338_block_meadow_10_04_03.json,pattern,SOURCE_COMPLETE,
339,block meadow 01 00 00,meadow green,2,land,data\engine2d\bin\textures\text_226.pcx,"[0, 0, 63, 63, 0, 63]","[0, 0, 63, 0, 63, 63]",Terrain/Patterns/meadow_green/339_block_meadow_01_00_00.png,Terrain/Patterns/meadow_green/339_block_meadow_01_00_00.json,pattern,SOURCE_COMPLETE,
340,block meadow 01 01 00,meadow green,2,land,data\engine2d\bin\textures\text_226.pcx,"[64, 0, 127, 63, 64, 63]","[64, 0, 127, 0, 127, 63]",Terrain/Patterns/meadow_green/340_block_meadow_01_01_00.png,Terrain/Patterns/meadow_green/340_block_meadow_01_01_00.json,pattern,SOURCE_COMPLETE,
341,block meadow 01 02 00,meadow green,2,land,data\engine2d\bin\textures\text_226.pcx,"[128, 0, 191, 63, 128, 63]","[128, 0, 191, 0, 191, 63]",Terrain/Patterns/meadow_green/341_block_meadow_01_02_00.png,Terrain/Patterns/meadow_green/341_block_meadow_01_02_00.json,pattern,SOURCE_COMPLETE,
342,block meadow 01 01 01,meadow green,2,land,data\engine2d\bin\textures\text_226.pcx,"[64, 64, 127, 127, 64, 127]","[64, 64, 127, 64, 127, 127]",Terrain/Patterns/meadow_green/342_block_meadow_01_01_01.png,Terrain/Patterns/meadow_green/342_block_meadow_01_01_01.json,pattern,SOURCE_COMPLETE,
343,block meadow 01 02 01,meadow green,2,land,data\engine2d\bin\textures\text_226.pcx,"[128, 64, 191, 127, 128, 127]","[128, 64, 191, 64, 191, 127]",Terrain/Patterns/meadow_green/343_block_meadow_01_02_01.png,Terrain/Patterns/meadow_green/343_block_meadow_01_02_01.json,pattern,SOURCE_COMPLETE,
344,block meadow 01 03 01,meadow green,2,land,data\engine2d\bin\textures\text_226.pcx,"[192, 64, 255, 127, 192, 127]","[192, 64, 255, 64, 255, 127]",Terrain/Patterns/meadow_green/344_block_meadow_01_03_01.png,Terrain/Patterns/meadow_green/344_block_meadow_01_03_01.json,pattern,SOURCE_COMPLETE,
345,block meadow 01 01 02,meadow green,2,land,data\engine2d\bin\textures\text_226.pcx,"[64, 128, 127, 191, 64, 191]","[64, 128, 127, 128, 127, 191]",Terrain/Patterns/meadow_green/345_block_meadow_01_01_02.png,Terrain/Patterns/meadow_green/345_block_meadow_01_01_02.json,pattern,SOURCE_COMPLETE,
346,block meadow 01 02 02,meadow green,2,land,data\engine2d\bin\textures\text_226.pcx,"[128, 128, 191, 191, 128, 191]","[128, 128, 191, 128, 191, 191]",Terrain/Patterns/meadow_green/346_block_meadow_01_02_02.png,Terrain/Patterns/meadow_green/346_block_meadow_01_02_02.json,pattern,SOURCE_COMPLETE,
347,block meadow 01 03 02,meadow green,2,land,data\engine2d\bin\textures\text_226.pcx,"[192, 128, 255, 191, 192, 191]","[192, 128, 255, 128, 255, 191]",Terrain/Patterns/meadow_green/347_block_meadow_01_03_02.png,Terrain/Patterns/meadow_green/347_block_meadow_01_03_02.json,pattern,SOURCE_COMPLETE,
348,block meadow 01 02 03,meadow green,2,land,data\engine2d\bin\textures\text_226.pcx,"[128, 192, 191, 255, 128, 255]","[128, 192, 191, 192, 191, 255]",Terrain/Patterns/meadow_green/348_block_meadow_01_02_03.png,Terrain/Patterns/meadow_green/348_block_meadow_01_02_03.json,pattern,SOURCE_COMPLETE,
349,block meadow 01 03 03,meadow green,2,land,data\engine2d\bin\textures\text_226.pcx,"[192, 192, 255, 255, 192, 255]","[192, 192, 255, 192, 255, 255]",Terrain/Patterns/meadow_green/349_block_meadow_01_03_03.png,Terrain/Patterns/meadow_green/349_block_meadow_01_03_03.json,pattern,SOURCE_COMPLETE,
350,block meadow 01 04 03,meadow green,2,land,data\engine2d\bin\textures\text_226.pcx,"[0, 192, 63, 255, 0, 255]","[0, 192, 63, 192, 63, 255]",Terrain/Patterns/meadow_green/350_block_meadow_01_04_03.png,Terrain/Patterns/meadow_green/350_block_meadow_01_04_03.json,pattern,SOURCE_COMPLETE,
351,block meadow 11 00 00,meadow green,2,land,data\engine2d\bin\textures\text_227.pcx,"[0, 0, 63, 63, 0, 63]","[0, 0, 63, 0, 63, 63]",Terrain/Patterns/meadow_green/351_block_meadow_11_00_00.png,Terrain/Patterns/meadow_green/351_block_meadow_11_00_00.json,pattern,SOURCE_COMPLETE,
352,block meadow 11 01 00,meadow green,2,land,data\engine2d\bin\textures\text_227.pcx,"[64, 0, 127, 63, 64, 63]","[64, 0, 127, 0, 127, 63]",Terrain/Patterns/meadow_green/352_block_meadow_11_01_00.png,Terrain/Patterns/meadow_green/352_block_meadow_11_01_00.json,pattern,SOURCE_COMPLETE,
353,block meadow 11 02 00,meadow green,2,land,data\engine2d\bin\textures\text_227.pcx,"[128, 0, 191, 63, 128, 63]","[128, 0, 191, 0, 191, 63]",Terrain/Patterns/meadow_green/353_block_meadow_11_02_00.png,Terrain/Patterns/meadow_green/353_block_meadow_11_02_00.json,pattern,SOURCE_COMPLETE,
354,block meadow 11 01 01,meadow green,2,land,data\engine2d\bin\textures\text_227.pcx,"[64, 64, 127, 127, 64, 127]","[64, 64, 127, 64, 127, 127]",Terrain/Patterns/meadow_green/354_block_meadow_11_01_01.png,Terrain/Patterns/meadow_green/354_block_meadow_11_01_01.json,pattern,SOURCE_COMPLETE,
355,block meadow 11 02 01,meadow green,2,land,data\engine2d\bin\textures\text_227.pcx,"[128, 64, 191, 127, 128, 127]","[128, 64, 191, 64, 191, 127]",Terrain/Patterns/meadow_green/355_block_meadow_11_02_01.png,Terrain/Patterns/meadow_green/355_block_meadow_11_02_01.json,pattern,SOURCE_COMPLETE,
356,block meadow 11 03 01,meadow green,2,land,data\engine2d\bin\textures\text_227.pcx,"[192, 64, 255, 127, 192, 127]","[192, 64, 255, 64, 255, 127]",Terrain/Patterns/meadow_green/356_block_meadow_11_03_01.png,Terrain/Patterns/meadow_green/356_block_meadow_11_03_01.json,pattern,SOURCE_COMPLETE,
357,block meadow 11 01 02,meadow green,2,land,data\engine2d\bin\textures\text_227.pcx,"[64, 128, 127, 191, 64, 191]","[64, 128, 127, 128, 127, 191]",Terrain/Patterns/meadow_green/357_block_meadow_11_01_02.png,Terrain/Patterns/meadow_green/357_block_meadow_11_01_02.json,pattern,SOURCE_COMPLETE,
358,block meadow 11 02 02,meadow green,2,land,data\engine2d\bin\textures\text_227.pcx,"[128, 128, 191, 191, 128, 191]","[128, 128, 191, 128, 191, 191]",Terrain/Patterns/meadow_green/358_block_meadow_11_02_02.png,Terrain/Patterns/meadow_green/358_block_meadow_11_02_02.json,pattern,SOURCE_COMPLETE,
359,block meadow 11 03 02,meadow green,2,land,data\engine2d\bin\textures\text_227.pcx,"[192, 128, 255, 191, 192, 191]","[192, 128, 255, 128, 255, 191]",Terrain/Patterns/meadow_green/359_block_meadow_11_03_02.png,Terrain/Patterns/meadow_green/359_block_meadow_11_03_02.json,pattern,SOURCE_COMPLETE,
360,block meadow 11 02 03,meadow green,2,land,data\engine2d\bin\textures\text_227.pcx,"[128, 192, 191, 255, 128, 255]","[128, 192, 191, 192, 191, 255]",Terrain/Patterns/meadow_green/360_block_meadow_11_02_03.png,Terrain/Patterns/meadow_green/360_block_meadow_11_02_03.json,pattern,SOURCE_COMPLETE,
361,block meadow 11 03 03,meadow green,2,land,data\engine2d\bin\textures\text_227.pcx,"[192, 192, 255, 255, 192, 255]","[192, 192, 255, 192, 255, 255]",Terrain/Patterns/meadow_green/361_block_meadow_11_03_03.png,Terrain/Patterns/meadow_green/361_block_meadow_11_03_03.json,pattern,SOURCE_COMPLETE,
362,block meadow 11 04 03,meadow green,2,land,data\engine2d\bin\textures\text_227.pcx,"[0, 192, 63, 255, 0, 255]","[0, 192, 63, 192, 63, 255]",Terrain/Patterns/meadow_green/362_block_meadow_11_04_03.png,Terrain/Patterns/meadow_green/362_block_meadow_11_04_03.json,pattern,SOURCE_COMPLETE,
363,block meadow dark 00 00 00,meadow dark,2,land,data\engine2d\bin\textures\text_228.pcx,"[0, 0, 63, 63, 0, 63]","[0, 0, 63, 0, 63, 63]",Terrain/Patterns/meadow_dark/363_block_meadow_dark_00_00_00.png,Terrain/Patterns/meadow_dark/363_block_meadow_dark_00_00_00.json,pattern,SOURCE_COMPLETE,
364,block meadow dark 00 01 00,meadow dark,2,land,data\engine2d\bin\textures\text_228.pcx,"[64, 0, 127, 63, 64, 63]","[64, 0, 127, 0, 127, 63]",Terrain/Patterns/meadow_dark/364_block_meadow_dark_00_01_00.png,Terrain/Patterns/meadow_dark/364_block_meadow_dark_00_01_00.json,pattern,SOURCE_COMPLETE,
365,block meadow dark 00 02 00,meadow dark,2,land,data\engine2d\bin\textures\text_228.pcx,"[128, 0, 191, 63, 128, 63]","[128, 0, 191, 0, 191, 63]",Terrain/Patterns/meadow_dark/365_block_meadow_dark_00_02_00.png,Terrain/Patterns/meadow_dark/365_block_meadow_dark_00_02_00.json,pattern,SOURCE_COMPLETE,
366,block meadow dark 00 01 01,meadow dark,2,land,data\engine2d\bin\textures\text_228.pcx,"[64, 64, 127, 127, 64, 127]","[64, 64, 127, 64, 127, 127]",Terrain/Patterns/meadow_dark/366_block_meadow_dark_00_01_01.png,Terrain/Patterns/meadow_dark/366_block_meadow_dark_00_01_01.json,pattern,SOURCE_COMPLETE,
367,block meadow dark 00 02 01,meadow dark,2,land,data\engine2d\bin\textures\text_228.pcx,"[128, 64, 191, 127, 128, 127]","[128, 64, 191, 64, 191, 127]",Terrain/Patterns/meadow_dark/367_block_meadow_dark_00_02_01.png,Terrain/Patterns/meadow_dark/367_block_meadow_dark_00_02_01.json,pattern,SOURCE_COMPLETE,
368,block meadow dark 00 03 01,meadow dark,2,land,data\engine2d\bin\textures\text_228.pcx,"[192, 64, 255, 127, 192, 127]","[192, 64, 255, 64, 255, 127]",Terrain/Patterns/meadow_dark/368_block_meadow_dark_00_03_01.png,Terrain/Patterns/meadow_dark/368_block_meadow_dark_00_03_01.json,pattern,SOURCE_COMPLETE,
369,block meadow dark 00 01 02,meadow dark,2,land,data\engine2d\bin\textures\text_228.pcx,"[64, 128, 127, 191, 64, 191]","[64, 128, 127, 128, 127, 191]",Terrain/Patterns/meadow_dark/369_block_meadow_dark_00_01_02.png,Terrain/Patterns/meadow_dark/369_block_meadow_dark_00_01_02.json,pattern,SOURCE_COMPLETE,
370,block meadow dark 00 02 02,meadow dark,2,land,data\engine2d\bin\textures\text_228.pcx,"[128, 128, 191, 191, 128, 191]","[128, 128, 191, 128, 191, 191]",Terrain/Patterns/meadow_dark/370_block_meadow_dark_00_02_02.png,Terrain/Patterns/meadow_dark/370_block_meadow_dark_00_02_02.json,pattern,SOURCE_COMPLETE,
371,block meadow dark 00 03 02,meadow dark,2,land,data\engine2d\bin\textures\text_228.pcx,"[192, 128, 255, 191, 192, 191]","[192, 128, 255, 128, 255, 191]",Terrain/Patterns/meadow_dark/371_block_meadow_dark_00_03_02.png,Terrain/Patterns/meadow_dark/371_block_meadow_dark_00_03_02.json,pattern,SOURCE_COMPLETE,
372,block meadow dark 00 02 03,meadow dark,2,land,data\engine2d\bin\textures\text_228.pcx,"[128, 192, 191, 255, 128, 255]","[128, 192, 191, 192, 191, 255]",Terrain/Patterns/meadow_dark/372_block_meadow_dark_00_02_03.png,Terrain/Patterns/meadow_dark/372_block_meadow_dark_00_02_03.json,pattern,SOURCE_COMPLETE,
373,block meadow dark 00 03 03,meadow dark,2,land,data\engine2d\bin\textures\text_228.pcx,"[192, 192, 255, 255, 192, 255]","[192, 192, 255, 192, 255, 255]",Terrain/Patterns/meadow_dark/373_block_meadow_dark_00_03_03.png,Terrain/Patterns/meadow_dark/373_block_meadow_dark_00_03_03.json,pattern,SOURCE_COMPLETE,
374,block meadow dark 00 04 03,meadow dark,2,land,data\engine2d\bin\textures\text_228.pcx,"[0, 192, 63, 255, 0, 255]","[0, 192, 63, 192, 63, 255]",Terrain/Patterns/meadow_dark/374_block_meadow_dark_00_04_03.png,Terrain/Patterns/meadow_dark/374_block_meadow_dark_00_04_03.json,pattern,SOURCE_COMPLETE,
375,block meadow dark 10 00 00,meadow dark,2,land,data\engine2d\bin\textures\text_229.pcx,"[0, 0, 63, 63, 0, 63]","[0, 0, 63, 0, 63, 63]",Terrain/Patterns/meadow_dark/375_block_meadow_dark_10_00_00.png,Terrain/Patterns/meadow_dark/375_block_meadow_dark_10_00_00.json,pattern,SOURCE_COMPLETE,
376,block meadow dark 10 01 00,meadow dark,2,land,data\engine2d\bin\textures\text_229.pcx,"[64, 0, 127, 63, 64, 63]","[64, 0, 127, 0, 127, 63]",Terrain/Patterns/meadow_dark/376_block_meadow_dark_10_01_00.png,Terrain/Patterns/meadow_dark/376_block_meadow_dark_10_01_00.json,pattern,SOURCE_COMPLETE,
377,block meadow dark 10 02 00,meadow dark,2,land,data\engine2d\bin\textures\text_229.pcx,"[128, 0, 191, 63, 128, 63]","[128, 0, 191, 0, 191, 63]",Terrain/Patterns/meadow_dark/377_block_meadow_dark_10_02_00.png,Terrain/Patterns/meadow_dark/377_block_meadow_dark_10_02_00.json,pattern,SOURCE_COMPLETE,
378,block meadow dark 10 01 01,meadow dark,2,land,data\engine2d\bin\textures\text_229.pcx,"[64, 64, 127, 127, 64, 127]","[64, 64, 127, 64, 127, 127]",Terrain/Patterns/meadow_dark/378_block_meadow_dark_10_01_01.png,Terrain/Patterns/meadow_dark/378_block_meadow_dark_10_01_01.json,pattern,SOURCE_COMPLETE,
379,block meadow dark 10 02 01,meadow dark,2,land,data\engine2d\bin\textures\text_229.pcx,"[128, 64, 191, 127, 128, 127]","[128, 64, 191, 64, 191, 127]",Terrain/Patterns/meadow_dark/379_block_meadow_dark_10_02_01.png,Terrain/Patterns/meadow_dark/379_block_meadow_dark_10_02_01.json,pattern,SOURCE_COMPLETE,
380,block meadow dark 10 03 01,meadow dark,2,land,data\engine2d\bin\textures\text_229.pcx,"[192, 64, 255, 127, 192, 127]","[192, 64, 255, 64, 255, 127]",Terrain/Patterns/meadow_dark/380_block_meadow_dark_10_03_01.png,Terrain/Patterns/meadow_dark/380_block_meadow_dark_10_03_01.json,pattern,SOURCE_COMPLETE,
381,block meadow dark 10 01 02,meadow dark,2,land,data\engine2d\bin\textures\text_229.pcx,"[64, 128, 127, 191, 64, 191]","[64, 128, 127, 128, 127, 191]",Terrain/Patterns/meadow_dark/381_block_meadow_dark_10_01_02.png,Terrain/Patterns/meadow_dark/381_block_meadow_dark_10_01_02.json,pattern,SOURCE_COMPLETE,
382,block meadow dark 10 02 02,meadow dark,2,land,data\engine2d\bin\textures\text_229.pcx,"[128, 128, 191, 191, 128, 191]","[128, 128, 191, 128, 191, 191]",Terrain/Patterns/meadow_dark/382_block_meadow_dark_10_02_02.png,Terrain/Patterns/meadow_dark/382_block_meadow_dark_10_02_02.json,pattern,SOURCE_COMPLETE,
383,block meadow dark 10 03 02,meadow dark,2,land,data\engine2d\bin\textures\text_229.pcx,"[192, 128, 255, 191, 192, 191]","[192, 128, 255, 128, 255, 191]",Terrain/Patterns/meadow_dark/383_block_meadow_dark_10_03_02.png,Terrain/Patterns/meadow_dark/383_block_meadow_dark_10_03_02.json,pattern,SOURCE_COMPLETE,
384,block meadow dark 10 02 03,meadow dark,2,land,data\engine2d\bin\textures\text_229.pcx,"[128, 192, 191, 255, 128, 255]","[128, 192, 191, 192, 191, 255]",Terrain/Patterns/meadow_dark/384_block_meadow_dark_10_02_03.png,Terrain/Patterns/meadow_dark/384_block_meadow_dark_10_02_03.json,pattern,SOURCE_COMPLETE,
385,block meadow dark 10 03 03,meadow dark,2,land,data\engine2d\bin\textures\text_229.pcx,"[192, 192, 255, 255, 192, 255]","[192, 192, 255, 192, 255, 255]",Terrain/Patterns/meadow_dark/385_block_meadow_dark_10_03_03.png,Terrain/Patterns/meadow_dark/385_block_meadow_dark_10_03_03.json,pattern,SOURCE_COMPLETE,
386,block meadow dark 10 04 03,meadow dark,2,land,data\engine2d\bin\textures\text_229.pcx,"[0, 192, 63, 255, 0, 255]","[0, 192, 63, 192, 63, 255]",Terrain/Patterns/meadow_dark/386_block_meadow_dark_10_04_03.png,Terrain/Patterns/meadow_dark/386_block_meadow_dark_10_04_03.json,pattern,SOURCE_COMPLETE,
387,block meadow dark 01 00 00,meadow dark,2,land,data\engine2d\bin\textures\text_230.pcx,"[0, 0, 63, 63, 0, 63]","[0, 0, 63, 0, 63, 63]",Terrain/Patterns/meadow_dark/387_block_meadow_dark_01_00_00.png,Terrain/Patterns/meadow_dark/387_block_meadow_dark_01_00_00.json,pattern,SOURCE_COMPLETE,
388,block meadow dark 01 01 00,meadow dark,2,land,data\engine2d\bin\textures\text_230.pcx,"[64, 0, 127, 63, 64, 63]","[64, 0, 127, 0, 127, 63]",Terrain/Patterns/meadow_dark/388_block_meadow_dark_01_01_00.png,Terrain/Patterns/meadow_dark/388_block_meadow_dark_01_01_00.json,pattern,SOURCE_COMPLETE,
389,block meadow dark 01 02 00,meadow dark,2,land,data\engine2d\bin\textures\text_230.pcx,"[128, 0, 191, 63, 128, 63]","[128, 0, 191, 0, 191, 63]",Terrain/Patterns/meadow_dark/389_block_meadow_dark_01_02_00.png,Terrain/Patterns/meadow_dark/389_block_meadow_dark_01_02_00.json,pattern,SOURCE_COMPLETE,
390,block meadow dark 01 01 01,meadow dark,2,land,data\engine2d\bin\textures\text_230.pcx,"[64, 64, 127, 127, 64, 127]","[64, 64, 127, 64, 127, 127]",Terrain/Patterns/meadow_dark/390_block_meadow_dark_01_01_01.png,Terrain/Patterns/meadow_dark/390_block_meadow_dark_01_01_01.json,pattern,SOURCE_COMPLETE,
391,block meadow dark 01 02 01,meadow dark,2,land,data\engine2d\bin\textures\text_230.pcx,"[128, 64, 191, 127, 128, 127]","[128, 64, 191, 64, 191, 127]",Terrain/Patterns/meadow_dark/391_block_meadow_dark_01_02_01.png,Terrain/Patterns/meadow_dark/391_block_meadow_dark_01_02_01.json,pattern,SOURCE_COMPLETE,
392,block meadow dark 01 03 01,meadow dark,2,land,data\engine2d\bin\textures\text_230.pcx,"[192, 64, 255, 127, 192, 127]","[192, 64, 255, 64, 255, 127]",Terrain/Patterns/meadow_dark/392_block_meadow_dark_01_03_01.png,Terrain/Patterns/meadow_dark/392_block_meadow_dark_01_03_01.json,pattern,SOURCE_COMPLETE,
393,block meadow dark 01 01 02,meadow dark,2,land,data\engine2d\bin\textures\text_230.pcx,"[64, 128, 127, 191, 64, 191]","[64, 128, 127, 128, 127, 191]",Terrain/Patterns/meadow_dark/393_block_meadow_dark_01_01_02.png,Terrain/Patterns/meadow_dark/393_block_meadow_dark_01_01_02.json,pattern,SOURCE_COMPLETE,
394,block meadow dark 01 02 02,meadow dark,2,land,data\engine2d\bin\textures\text_230.pcx,"[128, 128, 191, 191, 128, 191]","[128, 128, 191, 128, 191, 191]",Terrain/Patterns/meadow_dark/394_block_meadow_dark_01_02_02.png,Terrain/Patterns/meadow_dark/394_block_meadow_dark_01_02_02.json,pattern,SOURCE_COMPLETE,
395,block meadow dark 01 03 02,meadow dark,2,land,data\engine2d\bin\textures\text_230.pcx,"[192, 128, 255, 191, 192, 191]","[192, 128, 255, 128, 255, 191]",Terrain/Patterns/meadow_dark/395_block_meadow_dark_01_03_02.png,Terrain/Patterns/meadow_dark/395_block_meadow_dark_01_03_02.json,pattern,SOURCE_COMPLETE,
396,block meadow dark 01 02 03,meadow dark,2,land,data\engine2d\bin\textures\text_230.pcx,"[128, 192, 191, 255, 128, 255]","[128, 192, 191, 192, 191, 255]",Terrain/Patterns/meadow_dark/396_block_meadow_dark_01_02_03.png,Terrain/Patterns/meadow_dark/396_block_meadow_dark_01_02_03.json,pattern,SOURCE_COMPLETE,
397,block meadow dark 01 03 03,meadow dark,2,land,data\engine2d\bin\textures\text_230.pcx,"[192, 192, 255, 255, 192, 255]","[192, 192, 255, 192, 255, 255]",Terrain/Patterns/meadow_dark/397_block_meadow_dark_01_03_03.png,Terrain/Patterns/meadow_dark/397_block_meadow_dark_01_03_03.json,pattern,SOURCE_COMPLETE,
398,block meadow dark 01 04 03,meadow dark,2,land,data\engine2d\bin\textures\text_230.pcx,"[0, 192, 63, 255, 0, 255]","[0, 192, 63, 192, 63, 255]",Terrain/Patterns/meadow_dark/398_block_meadow_dark_01_04_03.png,Terrain/Patterns/meadow_dark/398_block_meadow_dark_01_04_03.json,pattern,SOURCE_COMPLETE,
399,block meadow dark 11 00 00,meadow dark,2,land,data\engine2d\bin\textures\text_231.pcx,"[0, 0, 63, 63, 0, 63]","[0, 0, 63, 0, 63, 63]",Terrain/Patterns/meadow_dark/399_block_meadow_dark_11_00_00.png,Terrain/Patterns/meadow_dark/399_block_meadow_dark_11_00_00.json,pattern,SOURCE_COMPLETE,
400,block meadow dark 11 01 00,meadow dark,2,land,data\engine2d\bin\textures\text_231.pcx,"[64, 0, 127, 63, 64, 63]","[64, 0, 127, 0, 127, 63]",Terrain/Patterns/meadow_dark/400_block_meadow_dark_11_01_00.png,Terrain/Patterns/meadow_dark/400_block_meadow_dark_11_01_00.json,pattern,SOURCE_COMPLETE,
401,block meadow dark 11 02 00,meadow dark,2,land,data\engine2d\bin\textures\text_231.pcx,"[128, 0, 191, 63, 128, 63]","[128, 0, 191, 0, 191, 63]",Terrain/Patterns/meadow_dark/401_block_meadow_dark_11_02_00.png,Terrain/Patterns/meadow_dark/401_block_meadow_dark_11_02_00.json,pattern,SOURCE_COMPLETE,
402,block meadow dark 11 01 01,meadow dark,2,land,data\engine2d\bin\textures\text_231.pcx,"[64, 64, 127, 127, 64, 127]","[64, 64, 127, 64, 127, 127]",Terrain/Patterns/meadow_dark/402_block_meadow_dark_11_01_01.png,Terrain/Patterns/meadow_dark/402_block_meadow_dark_11_01_01.json,pattern,SOURCE_COMPLETE,
403,block meadow dark 11 02 01,meadow dark,2,land,data\engine2d\bin\textures\text_231.pcx,"[128, 64, 191, 127, 128, 127]","[128, 64, 191, 64, 191, 127]",Terrain/Patterns/meadow_dark/403_block_meadow_dark_11_02_01.png,Terrain/Patterns/meadow_dark/403_block_meadow_dark_11_02_01.json,pattern,SOURCE_COMPLETE,
404,block meadow dark 11 03 01,meadow dark,2,land,data\engine2d\bin\textures\text_231.pcx,"[192, 64, 255, 127, 192, 127]","[192, 64, 255, 64, 255, 127]",Terrain/Patterns/meadow_dark/404_block_meadow_dark_11_03_01.png,Terrain/Patterns/meadow_dark/404_block_meadow_dark_11_03_01.json,pattern,SOURCE_COMPLETE,
405,block meadow dark 11 01 02,meadow dark,2,land,data\engine2d\bin\textures\text_231.pcx,"[64, 128, 127, 191, 64, 191]","[64, 128, 127, 128, 127, 191]",Terrain/Patterns/meadow_dark/405_block_meadow_dark_11_01_02.png,Terrain/Patterns/meadow_dark/405_block_meadow_dark_11_01_02.json,pattern,SOURCE_COMPLETE,
406,block meadow dark 11 02 02,meadow dark,2,land,data\engine2d\bin\textures\text_231.pcx,"[128, 128, 191, 191, 128, 191]","[128, 128, 191, 128, 191, 191]",Terrain/Patterns/meadow_dark/406_block_meadow_dark_11_02_02.png,Terrain/Patterns/meadow_dark/406_block_meadow_dark_11_02_02.json,pattern,SOURCE_COMPLETE,
407,block meadow dark 11 03 02,meadow dark,2,land,data\engine2d\bin\textures\text_231.pcx,"[192, 128, 255, 191, 192, 191]","[192, 128, 255, 128, 255, 191]",Terrain/Patterns/meadow_dark/407_block_meadow_dark_11_03_02.png,Terrain/Patterns/meadow_dark/407_block_meadow_dark_11_03_02.json,pattern,SOURCE_COMPLETE,
408,block meadow dark 11 02 03,meadow dark,2,land,data\engine2d\bin\textures\text_231.pcx,"[128, 192, 191, 255, 128, 255]","[128, 192, 191, 192, 191, 255]",Terrain/Patterns/meadow_dark/408_block_meadow_dark_11_02_03.png,Terrain/Patterns/meadow_dark/408_block_meadow_dark_11_02_03.json,pattern,SOURCE_COMPLETE,
409,block meadow dark 11 03 03,meadow dark,2,land,data\engine2d\bin\textures\text_231.pcx,"[192, 192, 255, 255, 192, 255]","[192, 192, 255, 192, 255, 255]",Terrain/Patterns/meadow_dark/409_block_meadow_dark_11_03_03.png,Terrain/Patterns/meadow_dark/409_block_meadow_dark_11_03_03.json,pattern,SOURCE_COMPLETE,
410,block meadow dark 11 04 03,meadow dark,2,land,data\engine2d\bin\textures\text_231.pcx,"[0, 192, 63, 255, 0, 255]","[0, 192, 63, 192, 63, 255]",Terrain/Patterns/meadow_dark/410_block_meadow_dark_11_04_03.png,Terrain/Patterns/meadow_dark/410_block_meadow_dark_11_04_03.json,pattern,SOURCE_COMPLETE,
411,block swamp 00 00 00,swamp 1x1,5,moor,data\engine2d\bin\textures\text_232.pcx,"[0, 0, 63, 63, 0, 63]","[0, 0, 63, 0, 63, 63]",Terrain/Patterns/swamp_1x1/411_block_swamp_00_00_00.png,Terrain/Patterns/swamp_1x1/411_block_swamp_00_00_00.json,pattern,SOURCE_COMPLETE,
412,block swamp 00 01 00,swamp 1x1,5,moor,data\engine2d\bin\textures\text_232.pcx,"[64, 0, 127, 63, 64, 63]","[64, 0, 127, 0, 127, 63]",Terrain/Patterns/swamp_1x1/412_block_swamp_00_01_00.png,Terrain/Patterns/swamp_1x1/412_block_swamp_00_01_00.json,pattern,SOURCE_COMPLETE,
413,block swamp 00 02 00,swamp 1x1,5,moor,data\engine2d\bin\textures\text_232.pcx,"[128, 0, 191, 63, 128, 63]","[128, 0, 191, 0, 191, 63]",Terrain/Patterns/swamp_1x1/413_block_swamp_00_02_00.png,Terrain/Patterns/swamp_1x1/413_block_swamp_00_02_00.json,pattern,SOURCE_COMPLETE,
414,block swamp 00 01 01,swamp 1x1,5,moor,data\engine2d\bin\textures\text_232.pcx,"[64, 64, 127, 127, 64, 127]","[64, 64, 127, 64, 127, 127]",Terrain/Patterns/swamp_1x1/414_block_swamp_00_01_01.png,Terrain/Patterns/swamp_1x1/414_block_swamp_00_01_01.json,pattern,SOURCE_COMPLETE,
415,block swamp 00 02 01,swamp 1x1,5,moor,data\engine2d\bin\textures\text_232.pcx,"[128, 64, 191, 127, 128, 127]","[128, 64, 191, 64, 191, 127]",Terrain/Patterns/swamp_1x1/415_block_swamp_00_02_01.png,Terrain/Patterns/swamp_1x1/415_block_swamp_00_02_01.json,pattern,SOURCE_COMPLETE,
416,block swamp 00 03 01,swamp 1x1,5,moor,data\engine2d\bin\textures\text_232.pcx,"[192, 64, 255, 127, 192, 127]","[192, 64, 255, 64, 255, 127]",Terrain/Patterns/swamp_1x1/416_block_swamp_00_03_01.png,Terrain/Patterns/swamp_1x1/416_block_swamp_00_03_01.json,pattern,SOURCE_COMPLETE,
417,block swamp 00 01 02,swamp 1x1,5,moor,data\engine2d\bin\textures\text_232.pcx,"[64, 128, 127, 191, 64, 191]","[64, 128, 127, 128, 127, 191]",Terrain/Patterns/swamp_1x1/417_block_swamp_00_01_02.png,Terrain/Patterns/swamp_1x1/417_block_swamp_00_01_02.json,pattern,SOURCE_COMPLETE,
418,block swamp 00 02 02,swamp 1x1,5,moor,data\engine2d\bin\textures\text_232.pcx,"[128, 128, 191, 191, 128, 191]","[128, 128, 191, 128, 191, 191]",Terrain/Patterns/swamp_1x1/418_block_swamp_00_02_02.png,Terrain/Patterns/swamp_1x1/418_block_swamp_00_02_02.json,pattern,SOURCE_COMPLETE,
419,block swamp 00 03 02,swamp 1x1,5,moor,data\engine2d\bin\textures\text_232.pcx,"[192, 128, 255, 191, 192, 191]","[192, 128, 255, 128, 255, 191]",Terrain/Patterns/swamp_1x1/419_block_swamp_00_03_02.png,Terrain/Patterns/swamp_1x1/419_block_swamp_00_03_02.json,pattern,SOURCE_COMPLETE,
420,block swamp 00 02 03,swamp 1x1,5,moor,data\engine2d\bin\textures\text_232.pcx,"[128, 192, 191, 255, 128, 255]","[128, 192, 191, 192, 191, 255]",Terrain/Patterns/swamp_1x1/420_block_swamp_00_02_03.png,Terrain/Patterns/swamp_1x1/420_block_swamp_00_02_03.json,pattern,SOURCE_COMPLETE,
421,block swamp 00 03 03,swamp 1x1,5,moor,data\engine2d\bin\textures\text_232.pcx,"[192, 192, 255, 255, 192, 255]","[192, 192, 255, 192, 255, 255]",Terrain/Patterns/swamp_1x1/421_block_swamp_00_03_03.png,Terrain/Patterns/swamp_1x1/421_block_swamp_00_03_03.json,pattern,SOURCE_COMPLETE,
422,block swamp 00 04 03,swamp 1x1,5,moor,data\engine2d\bin\textures\text_232.pcx,"[0, 192, 63, 255, 0, 255]","[0, 192, 63, 192, 63, 255]",Terrain/Patterns/swamp_1x1/422_block_swamp_00_04_03.png,Terrain/Patterns/swamp_1x1/422_block_swamp_00_04_03.json,pattern,SOURCE_COMPLETE,
423,block water 00 00 00,water 2x2,1,water,data\engine2d\bin\textures\text_233.pcx,"[0, 0, 63, 63, 0, 63]","[0, 0, 63, 0, 63, 63]",Terrain/Patterns/water_2x2/423_block_water_00_00_00.png,Terrain/Patterns/water_2x2/423_block_water_00_00_00.json,pattern,SOURCE_COMPLETE,
424,block water 00 01 00,water 2x2,1,water,data\engine2d\bin\textures\text_233.pcx,"[64, 0, 127, 63, 64, 63]","[64, 0, 127, 0, 127, 63]",Terrain/Patterns/water_2x2/424_block_water_00_01_00.png,Terrain/Patterns/water_2x2/424_block_water_00_01_00.json,pattern,SOURCE_COMPLETE,
425,block water 00 02 00,water 2x2,1,water,data\engine2d\bin\textures\text_233.pcx,"[128, 0, 191, 63, 128, 63]","[128, 0, 191, 0, 191, 63]",Terrain/Patterns/water_2x2/425_block_water_00_02_00.png,Terrain/Patterns/water_2x2/425_block_water_00_02_00.json,pattern,SOURCE_COMPLETE,
426,block water 00 01 01,water 2x2,1,water,data\engine2d\bin\textures\text_233.pcx,"[64, 64, 127, 127, 64, 127]","[64, 64, 127, 64, 127, 127]",Terrain/Patterns/water_2x2/426_block_water_00_01_01.png,Terrain/Patterns/water_2x2/426_block_water_00_01_01.json,pattern,SOURCE_COMPLETE,
427,block water 00 02 01,water 2x2,1,water,data\engine2d\bin\textures\text_233.pcx,"[128, 64, 191, 127, 128, 127]","[128, 64, 191, 64, 191, 127]",Terrain/Patterns/water_2x2/427_block_water_00_02_01.png,Terrain/Patterns/water_2x2/427_block_water_00_02_01.json,pattern,SOURCE_COMPLETE,
428,block water 00 03 01,water 2x2,1,water,data\engine2d\bin\textures\text_233.pcx,"[192, 64, 255, 127, 192, 127]","[192, 64, 255, 64, 255, 127]",Terrain/Patterns/water_2x2/428_block_water_00_03_01.png,Terrain/Patterns/water_2x2/428_block_water_00_03_01.json,pattern,SOURCE_COMPLETE,
429,block water 00 01 02,water 2x2,1,water,data\engine2d\bin\textures\text_233.pcx,"[64, 128, 127, 191, 64, 191]","[64, 128, 127, 128, 127, 191]",Terrain/Patterns/water_2x2/429_block_water_00_01_02.png,Terrain/Patterns/water_2x2/429_block_water_00_01_02.json,pattern,SOURCE_COMPLETE,
430,block water 00 02 02,water 2x2,1,water,data\engine2d\bin\textures\text_233.pcx,"[128, 128, 191, 191, 128, 191]","[128, 128, 191, 128, 191, 191]",Terrain/Patterns/water_2x2/430_block_water_00_02_02.png,Terrain/Patterns/water_2x2/430_block_water_00_02_02.json,pattern,SOURCE_COMPLETE,
431,block water 00 03 02,water 2x2,1,water,data\engine2d\bin\textures\text_233.pcx,"[192, 128, 255, 191, 192, 191]","[192, 128, 255, 128, 255, 191]",Terrain/Patterns/water_2x2/431_block_water_00_03_02.png,Terrain/Patterns/water_2x2/431_block_water_00_03_02.json,pattern,SOURCE_COMPLETE,
432,block water 00 02 03,water 2x2,1,water,data\engine2d\bin\textures\text_233.pcx,"[128, 192, 191, 255, 128, 255]","[128, 192, 191, 192, 191, 255]",Terrain/Patterns/water_2x2/432_block_water_00_02_03.png,Terrain/Patterns/water_2x2/432_block_water_00_02_03.json,pattern,SOURCE_COMPLETE,
433,block water 00 03 03,water 2x2,1,water,data\engine2d\bin\textures\text_233.pcx,"[192, 192, 255, 255, 192, 255]","[192, 192, 255, 192, 255, 255]",Terrain/Patterns/water_2x2/433_block_water_00_03_03.png,Terrain/Patterns/water_2x2/433_block_water_00_03_03.json,pattern,SOURCE_COMPLETE,
434,block water 00 04 03,water 2x2,1,water,data\engine2d\bin\textures\text_233.pcx,"[0, 192, 63, 255, 0, 255]","[0, 192, 63, 192, 63, 255]",Terrain/Patterns/water_2x2/434_block_water_00_04_03.png,Terrain/Patterns/water_2x2/434_block_water_00_04_03.json,pattern,SOURCE_COMPLETE,
435,block water 10 00 00,water 2x2,1,water,data\engine2d\bin\textures\text_234.pcx,"[0, 0, 63, 63, 0, 63]","[0, 0, 63, 0, 63, 63]",Terrain/Patterns/water_2x2/435_block_water_10_00_00.png,Terrain/Patterns/water_2x2/435_block_water_10_00_00.json,pattern,SOURCE_COMPLETE,
436,block water 10 01 00,water 2x2,1,water,data\engine2d\bin\textures\text_234.pcx,"[64, 0, 127, 63, 64, 63]","[64, 0, 127, 0, 127, 63]",Terrain/Patterns/water_2x2/436_block_water_10_01_00.png,Terrain/Patterns/water_2x2/436_block_water_10_01_00.json,pattern,SOURCE_COMPLETE,
437,block water 10 02 00,water 2x2,1,water,data\engine2d\bin\textures\text_234.pcx,"[128, 0, 191, 63, 128, 63]","[128, 0, 191, 0, 191, 63]",Terrain/Patterns/water_2x2/437_block_water_10_02_00.png,Terrain/Patterns/water_2x2/437_block_water_10_02_00.json,pattern,SOURCE_COMPLETE,
438,block water 10 01 01,water 2x2,1,water,data\engine2d\bin\textures\text_234.pcx,"[64, 64, 127, 127, 64, 127]","[64, 64, 127, 64, 127, 127]",Terrain/Patterns/water_2x2/438_block_water_10_01_01.png,Terrain/Patterns/water_2x2/438_block_water_10_01_01.json,pattern,SOURCE_COMPLETE,
439,block water 10 02 01,water 2x2,1,water,data\engine2d\bin\textures\text_234.pcx,"[128, 64, 191, 127, 128, 127]","[128, 64, 191, 64, 191, 127]",Terrain/Patterns/water_2x2/439_block_water_10_02_01.png,Terrain/Patterns/water_2x2/439_block_water_10_02_01.json,pattern,SOURCE_COMPLETE,
440,block water 10 03 01,water 2x2,1,water,data\engine2d\bin\textures\text_234.pcx,"[192, 64, 255, 127, 192, 127]","[192, 64, 255, 64, 255, 127]",Terrain/Patterns/water_2x2/440_block_water_10_03_01.png,Terrain/Patterns/water_2x2/440_block_water_10_03_01.json,pattern,SOURCE_COMPLETE,
441,block water 10 01 02,water 2x2,1,water,data\engine2d\bin\textures\text_234.pcx,"[64, 128, 127, 191, 64, 191]","[64, 128, 127, 128, 127, 191]",Terrain/Patterns/water_2x2/441_block_water_10_01_02.png,Terrain/Patterns/water_2x2/441_block_water_10_01_02.json,pattern,SOURCE_COMPLETE,
442,block water 10 02 02,water 2x2,1,water,data\engine2d\bin\textures\text_234.pcx,"[128, 128, 191, 191, 128, 191]","[128, 128, 191, 128, 191, 191]",Terrain/Patterns/water_2x2/442_block_water_10_02_02.png,Terrain/Patterns/water_2x2/442_block_water_10_02_02.json,pattern,SOURCE_COMPLETE,
443,block water 10 03 02,water 2x2,1,water,data\engine2d\bin\textures\text_234.pcx,"[192, 128, 255, 191, 192, 191]","[192, 128, 255, 128, 255, 191]",Terrain/Patterns/water_2x2/443_block_water_10_03_02.png,Terrain/Patterns/water_2x2/443_block_water_10_03_02.json,pattern,SOURCE_COMPLETE,
444,block water 10 02 03,water 2x2,1,water,data\engine2d\bin\textures\text_234.pcx,"[128, 192, 191, 255, 128, 255]","[128, 192, 191, 192, 191, 255]",Terrain/Patterns/water_2x2/444_block_water_10_02_03.png,Terrain/Patterns/water_2x2/444_block_water_10_02_03.json,pattern,SOURCE_COMPLETE,
445,block water 10 03 03,water 2x2,1,water,data\engine2d\bin\textures\text_234.pcx,"[192, 192, 255, 255, 192, 255]","[192, 192, 255, 192, 255, 255]",Terrain/Patterns/water_2x2/445_block_water_10_03_03.png,Terrain/Patterns/water_2x2/445_block_water_10_03_03.json,pattern,SOURCE_COMPLETE,
446,block water 10 04 03,water 2x2,1,water,data\engine2d\bin\textures\text_234.pcx,"[0, 192, 63, 255, 0, 255]","[0, 192, 63, 192, 63, 255]",Terrain/Patterns/water_2x2/446_block_water_10_04_03.png,Terrain/Patterns/water_2x2/446_block_water_10_04_03.json,pattern,SOURCE_COMPLETE,
447,block water 01 00 00,water 2x2,1,water,data\engine2d\bin\textures\text_235.pcx,"[0, 0, 63, 63, 0, 63]","[0, 0, 63, 0, 63, 63]",Terrain/Patterns/water_2x2/447_block_water_01_00_00.png,Terrain/Patterns/water_2x2/447_block_water_01_00_00.json,pattern,SOURCE_COMPLETE,
448,block water 01 01 00,water 2x2,1,water,data\engine2d\bin\textures\text_235.pcx,"[64, 0, 127, 63, 64, 63]","[64, 0, 127, 0, 127, 63]",Terrain/Patterns/water_2x2/448_block_water_01_01_00.png,Terrain/Patterns/water_2x2/448_block_water_01_01_00.json,pattern,SOURCE_COMPLETE,
449,block water 01 02 00,water 2x2,1,water,data\engine2d\bin\textures\text_235.pcx,"[128, 0, 191, 63, 128, 63]","[128, 0, 191, 0, 191, 63]",Terrain/Patterns/water_2x2/449_block_water_01_02_00.png,Terrain/Patterns/water_2x2/449_block_water_01_02_00.json,pattern,SOURCE_COMPLETE,
450,block water 01 01 01,water 2x2,1,water,data\engine2d\bin\textures\text_235.pcx,"[64, 64, 127, 127, 64, 127]","[64, 64, 127, 64, 127, 127]",Terrain/Patterns/water_2x2/450_block_water_01_01_01.png,Terrain/Patterns/water_2x2/450_block_water_01_01_01.json,pattern,SOURCE_COMPLETE,
451,block water 01 02 01,water 2x2,1,water,data\engine2d\bin\textures\text_235.pcx,"[128, 64, 191, 127, 128, 127]","[128, 64, 191, 64, 191, 127]",Terrain/Patterns/water_2x2/451_block_water_01_02_01.png,Terrain/Patterns/water_2x2/451_block_water_01_02_01.json,pattern,SOURCE_COMPLETE,
452,block water 01 03 01,water 2x2,1,water,data\engine2d\bin\textures\text_235.pcx,"[192, 64, 255, 127, 192, 127]","[192, 64, 255, 64, 255, 127]",Terrain/Patterns/water_2x2/452_block_water_01_03_01.png,Terrain/Patterns/water_2x2/452_block_water_01_03_01.json,pattern,SOURCE_COMPLETE,
453,block water 01 01 02,water 2x2,1,water,data\engine2d\bin\textures\text_235.pcx,"[64, 128, 127, 191, 64, 191]","[64, 128, 127, 128, 127, 191]",Terrain/Patterns/water_2x2/453_block_water_01_01_02.png,Terrain/Patterns/water_2x2/453_block_water_01_01_02.json,pattern,SOURCE_COMPLETE,
454,block water 01 02 02,water 2x2,1,water,data\engine2d\bin\textures\text_235.pcx,"[128, 128, 191, 191, 128, 191]","[128, 128, 191, 128, 191, 191]",Terrain/Patterns/water_2x2/454_block_water_01_02_02.png,Terrain/Patterns/water_2x2/454_block_water_01_02_02.json,pattern,SOURCE_COMPLETE,
455,block water 01 03 02,water 2x2,1,water,data\engine2d\bin\textures\text_235.pcx,"[192, 128, 255, 191, 192, 191]","[192, 128, 255, 128, 255, 191]",Terrain/Patterns/water_2x2/455_block_water_01_03_02.png,Terrain/Patterns/water_2x2/455_block_water_01_03_02.json,pattern,SOURCE_COMPLETE,
456,block water 01 02 03,water 2x2,1,water,data\engine2d\bin\textures\text_235.pcx,"[128, 192, 191, 255, 128, 255]","[128, 192, 191, 192, 191, 255]",Terrain/Patterns/water_2x2/456_block_water_01_02_03.png,Terrain/Patterns/water_2x2/456_block_water_01_02_03.json,pattern,SOURCE_COMPLETE,
457,block water 01 03 03,water 2x2,1,water,data\engine2d\bin\textures\text_235.pcx,"[192, 192, 255, 255, 192, 255]","[192, 192, 255, 192, 255, 255]",Terrain/Patterns/water_2x2/457_block_water_01_03_03.png,Terrain/Patterns/water_2x2/457_block_water_01_03_03.json,pattern,SOURCE_COMPLETE,
458,block water 01 04 03,water 2x2,1,water,data\engine2d\bin\textures\text_235.pcx,"[0, 192, 63, 255, 0, 255]","[0, 192, 63, 192, 63, 255]",Terrain/Patterns/water_2x2/458_block_water_01_04_03.png,Terrain/Patterns/water_2x2/458_block_water_01_04_03.json,pattern,SOURCE_COMPLETE,
459,block water 11 00 00,water 2x2,1,water,data\engine2d\bin\textures\text_236.pcx,"[0, 0, 63, 63, 0, 63]","[0, 0, 63, 0, 63, 63]",Terrain/Patterns/water_2x2/459_block_water_11_00_00.png,Terrain/Patterns/water_2x2/459_block_water_11_00_00.json,pattern,SOURCE_COMPLETE,
460,block water 11 01 00,water 2x2,1,water,data\engine2d\bin\textures\text_236.pcx,"[64, 0, 127, 63, 64, 63]","[64, 0, 127, 0, 127, 63]",Terrain/Patterns/water_2x2/460_block_water_11_01_00.png,Terrain/Patterns/water_2x2/460_block_water_11_01_00.json,pattern,SOURCE_COMPLETE,
461,block water 11 02 00,water 2x2,1,water,data\engine2d\bin\textures\text_236.pcx,"[128, 0, 191, 63, 128, 63]","[128, 0, 191, 0, 191, 63]",Terrain/Patterns/water_2x2/461_block_water_11_02_00.png,Terrain/Patterns/water_2x2/461_block_water_11_02_00.json,pattern,SOURCE_COMPLETE,
462,block water 11 01 01,water 2x2,1,water,data\engine2d\bin\textures\text_236.pcx,"[64, 64, 127, 127, 64, 127]","[64, 64, 127, 64, 127, 127]",Terrain/Patterns/water_2x2/462_block_water_11_01_01.png,Terrain/Patterns/water_2x2/462_block_water_11_01_01.json,pattern,SOURCE_COMPLETE,
463,block water 11 02 01,water 2x2,1,water,data\engine2d\bin\textures\text_236.pcx,"[128, 64, 191, 127, 128, 127]","[128, 64, 191, 64, 191, 127]",Terrain/Patterns/water_2x2/463_block_water_11_02_01.png,Terrain/Patterns/water_2x2/463_block_water_11_02_01.json,pattern,SOURCE_COMPLETE,
464,block water 11 03 01,water 2x2,1,water,data\engine2d\bin\textures\text_236.pcx,"[192, 64, 255, 127, 192, 127]","[192, 64, 255, 64, 255, 127]",Terrain/Patterns/water_2x2/464_block_water_11_03_01.png,Terrain/Patterns/water_2x2/464_block_water_11_03_01.json,pattern,SOURCE_COMPLETE,
465,block water 11 01 02,water 2x2,1,water,data\engine2d\bin\textures\text_236.pcx,"[64, 128, 127, 191, 64, 191]","[64, 128, 127, 128, 127, 191]",Terrain/Patterns/water_2x2/465_block_water_11_01_02.png,Terrain/Patterns/water_2x2/465_block_water_11_01_02.json,pattern,SOURCE_COMPLETE,
466,block water 11 02 02,water 2x2,1,water,data\engine2d\bin\textures\text_236.pcx,"[128, 128, 191, 191, 128, 191]","[128, 128, 191, 128, 191, 191]",Terrain/Patterns/water_2x2/466_block_water_11_02_02.png,Terrain/Patterns/water_2x2/466_block_water_11_02_02.json,pattern,SOURCE_COMPLETE,
467,block water 11 03 02,water 2x2,1,water,data\engine2d\bin\textures\text_236.pcx,"[192, 128, 255, 191, 192, 191]","[192, 128, 255, 128, 255, 191]",Terrain/Patterns/water_2x2/467_block_water_11_03_02.png,Terrain/Patterns/water_2x2/467_block_water_11_03_02.json,pattern,SOURCE_COMPLETE,
468,block water 11 02 03,water 2x2,1,water,data\engine2d\bin\textures\text_236.pcx,"[128, 192, 191, 255, 128, 255]","[128, 192, 191, 192, 191, 255]",Terrain/Patterns/water_2x2/468_block_water_11_02_03.png,Terrain/Patterns/water_2x2/468_block_water_11_02_03.json,pattern,SOURCE_COMPLETE,
469,block water 11 03 03,water 2x2,1,water,data\engine2d\bin\textures\text_236.pcx,"[192, 192, 255, 255, 192, 255]","[192, 192, 255, 192, 255, 255]",Terrain/Patterns/water_2x2/469_block_water_11_03_03.png,Terrain/Patterns/water_2x2/469_block_water_11_03_03.json,pattern,SOURCE_COMPLETE,
470,block water 11 04 03,water 2x2,1,water,data\engine2d\bin\textures\text_236.pcx,"[0, 192, 63, 255, 0, 255]","[0, 192, 63, 192, 63, 255]",Terrain/Patterns/water_2x2/470_block_water_11_04_03.png,Terrain/Patterns/water_2x2/470_block_water_11_04_03.json,pattern,SOURCE_COMPLETE,
471,Meadow MegaDark 00 00 00,meadow MegaDark,2,land,data\engine2d\bin\textures\text_237.pcx,"[0, 0, 63, 63, 0, 63]","[0, 0, 63, 0, 63, 63]",Terrain/Patterns/meadow_MegaDark/471_Meadow_MegaDark_00_00_00.png,Terrain/Patterns/meadow_MegaDark/471_Meadow_MegaDark_00_00_00.json,pattern,SOURCE_COMPLETE,
472,Meadow MegaDark 00 01 00,meadow MegaDark,2,land,data\engine2d\bin\textures\text_237.pcx,"[64, 0, 127, 63, 64, 63]","[64, 0, 127, 0, 127, 63]",Terrain/Patterns/meadow_MegaDark/472_Meadow_MegaDark_00_01_00.png,Terrain/Patterns/meadow_MegaDark/472_Meadow_MegaDark_00_01_00.json,pattern,SOURCE_COMPLETE,
473,Meadow MegaDark 00 02 00,meadow MegaDark,2,land,data\engine2d\bin\textures\text_237.pcx,"[128, 0, 191, 63, 128, 63]","[128, 0, 191, 0, 191, 63]",Terrain/Patterns/meadow_MegaDark/473_Meadow_MegaDark_00_02_00.png,Terrain/Patterns/meadow_MegaDark/473_Meadow_MegaDark_00_02_00.json,pattern,SOURCE_COMPLETE,
474,Meadow MegaDark 00 01 01,meadow MegaDark,2,land,data\engine2d\bin\textures\text_237.pcx,"[64, 64, 127, 127, 64, 127]","[64, 64, 127, 64, 127, 127]",Terrain/Patterns/meadow_MegaDark/474_Meadow_MegaDark_00_01_01.png,Terrain/Patterns/meadow_MegaDark/474_Meadow_MegaDark_00_01_01.json,pattern,SOURCE_COMPLETE,
475,Meadow MegaDark 00 02 01,meadow MegaDark,2,land,data\engine2d\bin\textures\text_237.pcx,"[128, 64, 191, 127, 128, 127]","[128, 64, 191, 64, 191, 127]",Terrain/Patterns/meadow_MegaDark/475_Meadow_MegaDark_00_02_01.png,Terrain/Patterns/meadow_MegaDark/475_Meadow_MegaDark_00_02_01.json,pattern,SOURCE_COMPLETE,
476,Meadow MegaDark 00 03 01,meadow MegaDark,2,land,data\engine2d\bin\textures\text_237.pcx,"[192, 64, 255, 127, 192, 127]","[192, 64, 255, 64, 255, 127]",Terrain/Patterns/meadow_MegaDark/476_Meadow_MegaDark_00_03_01.png,Terrain/Patterns/meadow_MegaDark/476_Meadow_MegaDark_00_03_01.json,pattern,SOURCE_COMPLETE,
477,Meadow MegaDark 00 01 02,meadow MegaDark,2,land,data\engine2d\bin\textures\text_237.pcx,"[64, 128, 127, 191, 64, 191]","[64, 128, 127, 128, 127, 191]",Terrain/Patterns/meadow_MegaDark/477_Meadow_MegaDark_00_01_02.png,Terrain/Patterns/meadow_MegaDark/477_Meadow_MegaDark_00_01_02.json,pattern,SOURCE_COMPLETE,
478,Meadow MegaDark 00 02 02,meadow MegaDark,2,land,data\engine2d\bin\textures\text_237.pcx,"[128, 128, 191, 191, 128, 191]","[128, 128, 191, 128, 191, 191]",Terrain/Patterns/meadow_MegaDark/478_Meadow_MegaDark_00_02_02.png,Terrain/Patterns/meadow_MegaDark/478_Meadow_MegaDark_00_02_02.json,pattern,SOURCE_COMPLETE,
479,Meadow MegaDark 00 03 02,meadow MegaDark,2,land,data\engine2d\bin\textures\text_237.pcx,"[192, 128, 255, 191, 192, 191]","[192, 128, 255, 128, 255, 191]",Terrain/Patterns/meadow_MegaDark/479_Meadow_MegaDark_00_03_02.png,Terrain/Patterns/meadow_MegaDark/479_Meadow_MegaDark_00_03_02.json,pattern,SOURCE_COMPLETE,
480,Meadow MegaDark 00 02 03,meadow MegaDark,2,land,data\engine2d\bin\textures\text_237.pcx,"[128, 192, 191, 255, 128, 255]","[128, 192, 191, 192, 191, 255]",Terrain/Patterns/meadow_MegaDark/480_Meadow_MegaDark_00_02_03.png,Terrain/Patterns/meadow_MegaDark/480_Meadow_MegaDark_00_02_03.json,pattern,SOURCE_COMPLETE,
481,Meadow MegaDark 00 03 03,meadow MegaDark,2,land,data\engine2d\bin\textures\text_237.pcx,"[192, 192, 255, 255, 192, 255]","[192, 192, 255, 192, 255, 255]",Terrain/Patterns/meadow_MegaDark/481_Meadow_MegaDark_00_03_03.png,Terrain/Patterns/meadow_MegaDark/481_Meadow_MegaDark_00_03_03.json,pattern,SOURCE_COMPLETE,
482,Meadow MegaDark 00 04 03,meadow MegaDark,2,land,data\engine2d\bin\textures\text_237.pcx,"[0, 192, 63, 255, 0, 255]","[0, 192, 63, 192, 63, 255]",Terrain/Patterns/meadow_MegaDark/482_Meadow_MegaDark_00_04_03.png,Terrain/Patterns/meadow_MegaDark/482_Meadow_MegaDark_00_04_03.json,pattern,SOURCE_COMPLETE,
483,Meadow MegaDark 10 00 00,meadow MegaDark,2,land,data\engine2d\bin\textures\text_238.pcx,"[0, 0, 63, 63, 0, 63]","[0, 0, 63, 0, 63, 63]",Terrain/Patterns/meadow_MegaDark/483_Meadow_MegaDark_10_00_00.png,Terrain/Patterns/meadow_MegaDark/483_Meadow_MegaDark_10_00_00.json,pattern,SOURCE_COMPLETE,
484,Meadow MegaDark 10 01 00,meadow MegaDark,2,land,data\engine2d\bin\textures\text_238.pcx,"[64, 0, 127, 63, 64, 63]","[64, 0, 127, 0, 127, 63]",Terrain/Patterns/meadow_MegaDark/484_Meadow_MegaDark_10_01_00.png,Terrain/Patterns/meadow_MegaDark/484_Meadow_MegaDark_10_01_00.json,pattern,SOURCE_COMPLETE,
485,Meadow MegaDark 10 02 00,meadow MegaDark,2,land,data\engine2d\bin\textures\text_238.pcx,"[128, 0, 191, 63, 128, 63]","[128, 0, 191, 0, 191, 63]",Terrain/Patterns/meadow_MegaDark/485_Meadow_MegaDark_10_02_00.png,Terrain/Patterns/meadow_MegaDark/485_Meadow_MegaDark_10_02_00.json,pattern,SOURCE_COMPLETE,
486,Meadow MegaDark 10 01 01,meadow MegaDark,2,land,data\engine2d\bin\textures\text_238.pcx,"[64, 64, 127, 127, 64, 127]","[64, 64, 127, 64, 127, 127]",Terrain/Patterns/meadow_MegaDark/486_Meadow_MegaDark_10_01_01.png,Terrain/Patterns/meadow_MegaDark/486_Meadow_MegaDark_10_01_01.json,pattern,SOURCE_COMPLETE,
487,Meadow MegaDark 10 02 01,meadow MegaDark,2,land,data\engine2d\bin\textures\text_238.pcx,"[128, 64, 191, 127, 128, 127]","[128, 64, 191, 64, 191, 127]",Terrain/Patterns/meadow_MegaDark/487_Meadow_MegaDark_10_02_01.png,Terrain/Patterns/meadow_MegaDark/487_Meadow_MegaDark_10_02_01.json,pattern,SOURCE_COMPLETE,
488,Meadow MegaDark 10 03 01,meadow MegaDark,2,land,data\engine2d\bin\textures\text_238.pcx,"[192, 64, 255, 127, 192, 127]","[192, 64, 255, 64, 255, 127]",Terrain/Patterns/meadow_MegaDark/488_Meadow_MegaDark_10_03_01.png,Terrain/Patterns/meadow_MegaDark/488_Meadow_MegaDark_10_03_01.json,pattern,SOURCE_COMPLETE,
489,Meadow MegaDark 10 01 02,meadow MegaDark,2,land,data\engine2d\bin\textures\text_238.pcx,"[64, 128, 127, 191, 64, 191]","[64, 128, 127, 128, 127, 191]",Terrain/Patterns/meadow_MegaDark/489_Meadow_MegaDark_10_01_02.png,Terrain/Patterns/meadow_MegaDark/489_Meadow_MegaDark_10_01_02.json,pattern,SOURCE_COMPLETE,
490,Meadow MegaDark 10 02 02,meadow MegaDark,2,land,data\engine2d\bin\textures\text_238.pcx,"[128, 128, 191, 191, 128, 191]","[128, 128, 191, 128, 191, 191]",Terrain/Patterns/meadow_MegaDark/490_Meadow_MegaDark_10_02_02.png,Terrain/Patterns/meadow_MegaDark/490_Meadow_MegaDark_10_02_02.json,pattern,SOURCE_COMPLETE,
491,Meadow MegaDark 10 03 02,meadow MegaDark,2,land,data\engine2d\bin\textures\text_238.pcx,"[192, 128, 255, 191, 192, 191]","[192, 128, 255, 128, 255, 191]",Terrain/Patterns/meadow_MegaDark/491_Meadow_MegaDark_10_03_02.png,Terrain/Patterns/meadow_MegaDark/491_Meadow_MegaDark_10_03_02.json,pattern,SOURCE_COMPLETE,
492,Meadow MegaDark 10 02 03,meadow MegaDark,2,land,data\engine2d\bin\textures\text_238.pcx,"[128, 192, 191, 255, 128, 255]","[128, 192, 191, 192, 191, 255]",Terrain/Patterns/meadow_MegaDark/492_Meadow_MegaDark_10_02_03.png,Terrain/Patterns/meadow_MegaDark/492_Meadow_MegaDark_10_02_03.json,pattern,SOURCE_COMPLETE,
493,Meadow MegaDark 10 03 03,meadow MegaDark,2,land,data\engine2d\bin\textures\text_238.pcx,"[192, 192, 255, 255, 192, 255]","[192, 192, 255, 192, 255, 255]",Terrain/Patterns/meadow_MegaDark/493_Meadow_MegaDark_10_03_03.png,Terrain/Patterns/meadow_MegaDark/493_Meadow_MegaDark_10_03_03.json,pattern,SOURCE_COMPLETE,
494,Meadow MegaDark 10 04 03,meadow MegaDark,2,land,data\engine2d\bin\textures\text_238.pcx,"[0, 192, 63, 255, 0, 255]","[0, 192, 63, 192, 63, 255]",Terrain/Patterns/meadow_MegaDark/494_Meadow_MegaDark_10_04_03.png,Terrain/Patterns/meadow_MegaDark/494_Meadow_MegaDark_10_04_03.json,pattern,SOURCE_COMPLETE,
495,Meadow MegaDark 01 00 00,meadow MegaDark,2,land,data\engine2d\bin\textures\text_239.pcx,"[0, 0, 63, 63, 0, 63]","[0, 0, 63, 0, 63, 63]",Terrain/Patterns/meadow_MegaDark/495_Meadow_MegaDark_01_00_00.png,Terrain/Patterns/meadow_MegaDark/495_Meadow_MegaDark_01_00_00.json,pattern,SOURCE_COMPLETE,
496,Meadow MegaDark 01 01 00,meadow MegaDark,2,land,data\engine2d\bin\textures\text_239.pcx,"[64, 0, 127, 63, 64, 63]","[64, 0, 127, 0, 127, 63]",Terrain/Patterns/meadow_MegaDark/496_Meadow_MegaDark_01_01_00.png,Terrain/Patterns/meadow_MegaDark/496_Meadow_MegaDark_01_01_00.json,pattern,SOURCE_COMPLETE,
497,Meadow MegaDark 01 02 00,meadow MegaDark,2,land,data\engine2d\bin\textures\text_239.pcx,"[128, 0, 191, 63, 128, 63]","[128, 0, 191, 0, 191, 63]",Terrain/Patterns/meadow_MegaDark/497_Meadow_MegaDark_01_02_00.png,Terrain/Patterns/meadow_MegaDark/497_Meadow_MegaDark_01_02_00.json,pattern,SOURCE_COMPLETE,
498,Meadow MegaDark 01 01 01,meadow MegaDark,2,land,data\engine2d\bin\textures\text_239.pcx,"[64, 64, 127, 127, 64, 127]","[64, 64, 127, 64, 127, 127]",Terrain/Patterns/meadow_MegaDark/498_Meadow_MegaDark_01_01_01.png,Terrain/Patterns/meadow_MegaDark/498_Meadow_MegaDark_01_01_01.json,pattern,SOURCE_COMPLETE,
499,Meadow MegaDark 01 02 01,meadow MegaDark,2,land,data\engine2d\bin\textures\text_239.pcx,"[128, 64, 191, 127, 128, 127]","[128, 64, 191, 64, 191, 127]",Terrain/Patterns/meadow_MegaDark/499_Meadow_MegaDark_01_02_01.png,Terrain/Patterns/meadow_MegaDark/499_Meadow_MegaDark_01_02_01.json,pattern,SOURCE_COMPLETE,
500,Meadow MegaDark 01 03 01,meadow MegaDark,2,land,data\engine2d\bin\textures\text_239.pcx,"[192, 64, 255, 127, 192, 127]","[192, 64, 255, 64, 255, 127]",Terrain/Patterns/meadow_MegaDark/500_Meadow_MegaDark_01_03_01.png,Terrain/Patterns/meadow_MegaDark/500_Meadow_MegaDark_01_03_01.json,pattern,SOURCE_COMPLETE,
501,Meadow MegaDark 01 01 02,meadow MegaDark,2,land,data\engine2d\bin\textures\text_239.pcx,"[64, 128, 127, 191, 64, 191]","[64, 128, 127, 128, 127, 191]",Terrain/Patterns/meadow_MegaDark/501_Meadow_MegaDark_01_01_02.png,Terrain/Patterns/meadow_MegaDark/501_Meadow_MegaDark_01_01_02.json,pattern,SOURCE_COMPLETE,
502,Meadow MegaDark 01 02 02,meadow MegaDark,2,land,data\engine2d\bin\textures\text_239.pcx,"[128, 128, 191, 191, 128, 191]","[128, 128, 191, 128, 191, 191]",Terrain/Patterns/meadow_MegaDark/502_Meadow_MegaDark_01_02_02.png,Terrain/Patterns/meadow_MegaDark/502_Meadow_MegaDark_01_02_02.json,pattern,SOURCE_COMPLETE,
503,Meadow MegaDark 01 03 02,meadow MegaDark,2,land,data\engine2d\bin\textures\text_239.pcx,"[192, 128, 255, 191, 192, 191]","[192, 128, 255, 128, 255, 191]",Terrain/Patterns/meadow_MegaDark/503_Meadow_MegaDark_01_03_02.png,Terrain/Patterns/meadow_MegaDark/503_Meadow_MegaDark_01_03_02.json,pattern,SOURCE_COMPLETE,
504,Meadow MegaDark 01 02 03,meadow MegaDark,2,land,data\engine2d\bin\textures\text_239.pcx,"[128, 192, 191, 255, 128, 255]","[128, 192, 191, 192, 191, 255]",Terrain/Patterns/meadow_MegaDark/504_Meadow_MegaDark_01_02_03.png,Terrain/Patterns/meadow_MegaDark/504_Meadow_MegaDark_01_02_03.json,pattern,SOURCE_COMPLETE,
505,Meadow MegaDark 01 03 03,meadow MegaDark,2,land,data\engine2d\bin\textures\text_239.pcx,"[192, 192, 255, 255, 192, 255]","[192, 192, 255, 192, 255, 255]",Terrain/Patterns/meadow_MegaDark/505_Meadow_MegaDark_01_03_03.png,Terrain/Patterns/meadow_MegaDark/505_Meadow_MegaDark_01_03_03.json,pattern,SOURCE_COMPLETE,
506,Meadow MegaDark 01 04 03,meadow MegaDark,2,land,data\engine2d\bin\textures\text_239.pcx,"[0, 192, 63, 255, 0, 255]","[0, 192, 63, 192, 63, 255]",Terrain/Patterns/meadow_MegaDark/506_Meadow_MegaDark_01_04_03.png,Terrain/Patterns/meadow_MegaDark/506_Meadow_MegaDark_01_04_03.json,pattern,SOURCE_COMPLETE,
507,Meadow MegaDark 11 00 00,meadow MegaDark,2,land,data\engine2d\bin\textures\text_240.pcx,"[0, 0, 63, 63, 0, 63]","[0, 0, 63, 0, 63, 63]",Terrain/Patterns/meadow_MegaDark/507_Meadow_MegaDark_11_00_00.png,Terrain/Patterns/meadow_MegaDark/507_Meadow_MegaDark_11_00_00.json,pattern,SOURCE_COMPLETE,
508,Meadow MegaDark 11 01 00,meadow MegaDark,2,land,data\engine2d\bin\textures\text_240.pcx,"[64, 0, 127, 63, 64, 63]","[64, 0, 127, 0, 127, 63]",Terrain/Patterns/meadow_MegaDark/508_Meadow_MegaDark_11_01_00.png,Terrain/Patterns/meadow_MegaDark/508_Meadow_MegaDark_11_01_00.json,pattern,SOURCE_COMPLETE,
509,Meadow MegaDark 11 02 00,meadow MegaDark,2,land,data\engine2d\bin\textures\text_240.pcx,"[128, 0, 191, 63, 128, 63]","[128, 0, 191, 0, 191, 63]",Terrain/Patterns/meadow_MegaDark/509_Meadow_MegaDark_11_02_00.png,Terrain/Patterns/meadow_MegaDark/509_Meadow_MegaDark_11_02_00.json,pattern,SOURCE_COMPLETE,
510,Meadow MegaDark 11 01 01,meadow MegaDark,2,land,data\engine2d\bin\textures\text_240.pcx,"[64, 64, 127, 127, 64, 127]","[64, 64, 127, 64, 127, 127]",Terrain/Patterns/meadow_MegaDark/510_Meadow_MegaDark_11_01_01.png,Terrain/Patterns/meadow_MegaDark/510_Meadow_MegaDark_11_01_01.json,pattern,SOURCE_COMPLETE,
511,Meadow MegaDark 11 02 01,meadow MegaDark,2,land,data\engine2d\bin\textures\text_240.pcx,"[128, 64, 191, 127, 128, 127]","[128, 64, 191, 64, 191, 127]",Terrain/Patterns/meadow_MegaDark/511_Meadow_MegaDark_11_02_01.png,Terrain/Patterns/meadow_MegaDark/511_Meadow_MegaDark_11_02_01.json,pattern,SOURCE_COMPLETE,
512,Meadow MegaDark 11 03 01,meadow MegaDark,2,land,data\engine2d\bin\textures\text_240.pcx,"[192, 64, 255, 127, 192, 127]","[192, 64, 255, 64, 255, 127]",Terrain/Patterns/meadow_MegaDark/512_Meadow_MegaDark_11_03_01.png,Terrain/Patterns/meadow_MegaDark/512_Meadow_MegaDark_11_03_01.json,pattern,SOURCE_COMPLETE,
513,Meadow MegaDark 11 01 02,meadow MegaDark,2,land,data\engine2d\bin\textures\text_240.pcx,"[64, 128, 127, 191, 64, 191]","[64, 128, 127, 128, 127, 191]",Terrain/Patterns/meadow_MegaDark/513_Meadow_MegaDark_11_01_02.png,Terrain/Patterns/meadow_MegaDark/513_Meadow_MegaDark_11_01_02.json,pattern,SOURCE_COMPLETE,
514,Meadow MegaDark 11 02 02,meadow MegaDark,2,land,data\engine2d\bin\textures\text_240.pcx,"[128, 128, 191, 191, 128, 191]","[128, 128, 191, 128, 191, 191]",Terrain/Patterns/meadow_MegaDark/514_Meadow_MegaDark_11_02_02.png,Terrain/Patterns/meadow_MegaDark/514_Meadow_MegaDark_11_02_02.json,pattern,SOURCE_COMPLETE,
515,Meadow MegaDark 11 03 02,meadow MegaDark,2,land,data\engine2d\bin\textures\text_240.pcx,"[192, 128, 255, 191, 192, 191]","[192, 128, 255, 128, 255, 191]",Terrain/Patterns/meadow_MegaDark/515_Meadow_MegaDark_11_03_02.png,Terrain/Patterns/meadow_MegaDark/515_Meadow_MegaDark_11_03_02.json,pattern,SOURCE_COMPLETE,
516,Meadow MegaDark 11 02 03,meadow MegaDark,2,land,data\engine2d\bin\textures\text_240.pcx,"[128, 192, 191, 255, 128, 255]","[128, 192, 191, 192, 191, 255]",Terrain/Patterns/meadow_MegaDark/516_Meadow_MegaDark_11_02_03.png,Terrain/Patterns/meadow_MegaDark/516_Meadow_MegaDark_11_02_03.json,pattern,SOURCE_COMPLETE,
517,Meadow MegaDark 11 03 03,meadow MegaDark,2,land,data\engine2d\bin\textures\text_240.pcx,"[192, 192, 255, 255, 192, 255]","[192, 192, 255, 192, 255, 255]",Terrain/Patterns/meadow_MegaDark/517_Meadow_MegaDark_11_03_03.png,Terrain/Patterns/meadow_MegaDark/517_Meadow_MegaDark_11_03_03.json,pattern,SOURCE_COMPLETE,
518,Meadow MegaDark 11 04 03,meadow MegaDark,2,land,data\engine2d\bin\textures\text_240.pcx,"[0, 192, 63, 255, 0, 255]","[0, 192, 63, 192, 63, 255]",Terrain/Patterns/meadow_MegaDark/518_Meadow_MegaDark_11_04_03.png,Terrain/Patterns/meadow_MegaDark/518_Meadow_MegaDark_11_04_03.json,pattern,SOURCE_COMPLETE,
519,block desertBrown 00 00 00,desertBrown 3x3,4,sand,data\engine2d\bin\textures\text_190.pcx,"[0, 0, 63, 63, 0, 63]","[0, 0, 63, 0, 63, 63]",Terrain/Patterns/desertBrown_3x3/519_block_desertBrown_00_00_00.png,Terrain/Patterns/desertBrown_3x3/519_block_desertBrown_00_00_00.json,pattern,SOURCE_COMPLETE,
520,block desertBrown 00 01 00,desertBrown 3x3,4,sand,data\engine2d\bin\textures\text_190.pcx,"[64, 0, 127, 63, 64, 63]","[64, 0, 127, 0, 127, 63]",Terrain/Patterns/desertBrown_3x3/520_block_desertBrown_00_01_00.png,Terrain/Patterns/desertBrown_3x3/520_block_desertBrown_00_01_00.json,pattern,SOURCE_COMPLETE,
521,block desertBrown 00 02 00,desertBrown 3x3,4,sand,data\engine2d\bin\textures\text_190.pcx,"[128, 0, 191, 63, 128, 63]","[128, 0, 191, 0, 191, 63]",Terrain/Patterns/desertBrown_3x3/521_block_desertBrown_00_02_00.png,Terrain/Patterns/desertBrown_3x3/521_block_desertBrown_00_02_00.json,pattern,SOURCE_COMPLETE,
522,block desertBrown 00 01 01,desertBrown 3x3,4,sand,data\engine2d\bin\textures\text_190.pcx,"[64, 64, 127, 127, 64, 127]","[64, 64, 127, 64, 127, 127]",Terrain/Patterns/desertBrown_3x3/522_block_desertBrown_00_01_01.png,Terrain/Patterns/desertBrown_3x3/522_block_desertBrown_00_01_01.json,pattern,SOURCE_COMPLETE,
523,block desertBrown 00 02 01,desertBrown 3x3,4,sand,data\engine2d\bin\textures\text_190.pcx,"[128, 64, 191, 127, 128, 127]","[128, 64, 191, 64, 191, 127]",Terrain/Patterns/desertBrown_3x3/523_block_desertBrown_00_02_01.png,Terrain/Patterns/desertBrown_3x3/523_block_desertBrown_00_02_01.json,pattern,SOURCE_COMPLETE,
524,block desertBrown 00 03 01,desertBrown 3x3,4,sand,data\engine2d\bin\textures\text_190.pcx,"[192, 64, 255, 127, 192, 127]","[192, 64, 255, 64, 255, 127]",Terrain/Patterns/desertBrown_3x3/524_block_desertBrown_00_03_01.png,Terrain/Patterns/desertBrown_3x3/524_block_desertBrown_00_03_01.json,pattern,SOURCE_COMPLETE,
525,block desertBrown 00 01 02,desertBrown 3x3,4,sand,data\engine2d\bin\textures\text_190.pcx,"[64, 128, 127, 191, 64, 191]","[64, 128, 127, 128, 127, 191]",Terrain/Patterns/desertBrown_3x3/525_block_desertBrown_00_01_02.png,Terrain/Patterns/desertBrown_3x3/525_block_desertBrown_00_01_02.json,pattern,SOURCE_COMPLETE,
526,block desertBrown 00 02 02,desertBrown 3x3,4,sand,data\engine2d\bin\textures\text_190.pcx,"[128, 128, 191, 191, 128, 191]","[128, 128, 191, 128, 191, 191]",Terrain/Patterns/desertBrown_3x3/526_block_desertBrown_00_02_02.png,Terrain/Patterns/desertBrown_3x3/526_block_desertBrown_00_02_02.json,pattern,SOURCE_COMPLETE,
527,block desertBrown 00 03 02,desertBrown 3x3,4,sand,data\engine2d\bin\textures\text_190.pcx,"[192, 128, 255, 191, 192, 191]","[192, 128, 255, 128, 255, 191]",Terrain/Patterns/desertBrown_3x3/527_block_desertBrown_00_03_02.png,Terrain/Patterns/desertBrown_3x3/527_block_desertBrown_00_03_02.json,pattern,SOURCE_COMPLETE,
528,block desertBrown 00 02 03,desertBrown 3x3,4,sand,data\engine2d\bin\textures\text_190.pcx,"[128, 192, 191, 255, 128, 255]","[128, 192, 191, 192, 191, 255]",Terrain/Patterns/desertBrown_3x3/528_block_desertBrown_00_02_03.png,Terrain/Patterns/desertBrown_3x3/528_block_desertBrown_00_02_03.json,pattern,SOURCE_COMPLETE,
529,block desertBrown 00 03 03,desertBrown 3x3,4,sand,data\engine2d\bin\textures\text_190.pcx,"[192, 192, 255, 255, 192, 255]","[192, 192, 255, 192, 255, 255]",Terrain/Patterns/desertBrown_3x3/529_block_desertBrown_00_03_03.png,Terrain/Patterns/desertBrown_3x3/529_block_desertBrown_00_03_03.json,pattern,SOURCE_COMPLETE,
530,block desertBrown 00 04 03,desertBrown 3x3,4,sand,data\engine2d\bin\textures\text_190.pcx,"[0, 192, 63, 255, 0, 255]","[0, 192, 63, 192, 63, 255]",Terrain/Patterns/desertBrown_3x3/530_block_desertBrown_00_04_03.png,Terrain/Patterns/desertBrown_3x3/530_block_desertBrown_00_04_03.json,pattern,SOURCE_COMPLETE,
531,block desertBrown 10 00 00,desertBrown 3x3,4,sand,data\engine2d\bin\textures\text_191.pcx,"[0, 0, 63, 63, 0, 63]","[0, 0, 63, 0, 63, 63]",Terrain/Patterns/desertBrown_3x3/531_block_desertBrown_10_00_00.png,Terrain/Patterns/desertBrown_3x3/531_block_desertBrown_10_00_00.json,pattern,SOURCE_COMPLETE,
532,block desertBrown 10 01 00,desertBrown 3x3,4,sand,data\engine2d\bin\textures\text_191.pcx,"[64, 0, 127, 63, 64, 63]","[64, 0, 127, 0, 127, 63]",Terrain/Patterns/desertBrown_3x3/532_block_desertBrown_10_01_00.png,Terrain/Patterns/desertBrown_3x3/532_block_desertBrown_10_01_00.json,pattern,SOURCE_COMPLETE,
533,block desertBrown 10 02 00,desertBrown 3x3,4,sand,data\engine2d\bin\textures\text_191.pcx,"[128, 0, 191, 63, 128, 63]","[128, 0, 191, 0, 191, 63]",Terrain/Patterns/desertBrown_3x3/533_block_desertBrown_10_02_00.png,Terrain/Patterns/desertBrown_3x3/533_block_desertBrown_10_02_00.json,pattern,SOURCE_COMPLETE,
534,block desertBrown 10 01 01,desertBrown 3x3,4,sand,data\engine2d\bin\textures\text_191.pcx,"[64, 64, 127, 127, 64, 127]","[64, 64, 127, 64, 127, 127]",Terrain/Patterns/desertBrown_3x3/534_block_desertBrown_10_01_01.png,Terrain/Patterns/desertBrown_3x3/534_block_desertBrown_10_01_01.json,pattern,SOURCE_COMPLETE,
535,block desertBrown 10 02 01,desertBrown 3x3,4,sand,data\engine2d\bin\textures\text_191.pcx,"[128, 64, 191, 127, 128, 127]","[128, 64, 191, 64, 191, 127]",Terrain/Patterns/desertBrown_3x3/535_block_desertBrown_10_02_01.png,Terrain/Patterns/desertBrown_3x3/535_block_desertBrown_10_02_01.json,pattern,SOURCE_COMPLETE,
536,block desertBrown 10 03 01,desertBrown 3x3,4,sand,data\engine2d\bin\textures\text_191.pcx,"[192, 64, 255, 127, 192, 127]","[192, 64, 255, 64, 255, 127]",Terrain/Patterns/desertBrown_3x3/536_block_desertBrown_10_03_01.png,Terrain/Patterns/desertBrown_3x3/536_block_desertBrown_10_03_01.json,pattern,SOURCE_COMPLETE,
537,block desertBrown 10 01 02,desertBrown 3x3,4,sand,data\engine2d\bin\textures\text_191.pcx,"[64, 128, 127, 191, 64, 191]","[64, 128, 127, 128, 127, 191]",Terrain/Patterns/desertBrown_3x3/537_block_desertBrown_10_01_02.png,Terrain/Patterns/desertBrown_3x3/537_block_desertBrown_10_01_02.json,pattern,SOURCE_COMPLETE,
538,block desertBrown 10 02 02,desertBrown 3x3,4,sand,data\engine2d\bin\textures\text_191.pcx,"[128, 128, 191, 191, 128, 191]","[128, 128, 191, 128, 191, 191]",Terrain/Patterns/desertBrown_3x3/538_block_desertBrown_10_02_02.png,Terrain/Patterns/desertBrown_3x3/538_block_desertBrown_10_02_02.json,pattern,SOURCE_COMPLETE,
539,block desertBrown 10 03 02,desertBrown 3x3,4,sand,data\engine2d\bin\textures\text_191.pcx,"[192, 128, 255, 191, 192, 191]","[192, 128, 255, 128, 255, 191]",Terrain/Patterns/desertBrown_3x3/539_block_desertBrown_10_03_02.png,Terrain/Patterns/desertBrown_3x3/539_block_desertBrown_10_03_02.json,pattern,SOURCE_COMPLETE,
540,block desertBrown 10 02 03,desertBrown 3x3,4,sand,data\engine2d\bin\textures\text_191.pcx,"[128, 192, 191, 255, 128, 255]","[128, 192, 191, 192, 191, 255]",Terrain/Patterns/desertBrown_3x3/540_block_desertBrown_10_02_03.png,Terrain/Patterns/desertBrown_3x3/540_block_desertBrown_10_02_03.json,pattern,SOURCE_COMPLETE,
541,block desertBrown 10 03 03,desertBrown 3x3,4,sand,data\engine2d\bin\textures\text_191.pcx,"[192, 192, 255, 255, 192, 255]","[192, 192, 255, 192, 255, 255]",Terrain/Patterns/desertBrown_3x3/541_block_desertBrown_10_03_03.png,Terrain/Patterns/desertBrown_3x3/541_block_desertBrown_10_03_03.json,pattern,SOURCE_COMPLETE,
542,block desertBrown 10 04 03,desertBrown 3x3,4,sand,data\engine2d\bin\textures\text_191.pcx,"[0, 192, 63, 255, 0, 255]","[0, 192, 63, 192, 63, 255]",Terrain/Patterns/desertBrown_3x3/542_block_desertBrown_10_04_03.png,Terrain/Patterns/desertBrown_3x3/542_block_desertBrown_10_04_03.json,pattern,SOURCE_COMPLETE,
543,block desertBrown 01 00 00,desertBrown 3x3,4,sand,data\engine2d\bin\textures\text_192.pcx,"[0, 0, 63, 63, 0, 63]","[0, 0, 63, 0, 63, 63]",Terrain/Patterns/desertBrown_3x3/543_block_desertBrown_01_00_00.png,Terrain/Patterns/desertBrown_3x3/543_block_desertBrown_01_00_00.json,pattern,SOURCE_COMPLETE,
544,block desertBrown 01 01 00,desertBrown 3x3,4,sand,data\engine2d\bin\textures\text_192.pcx,"[64, 0, 127, 63, 64, 63]","[64, 0, 127, 0, 127, 63]",Terrain/Patterns/desertBrown_3x3/544_block_desertBrown_01_01_00.png,Terrain/Patterns/desertBrown_3x3/544_block_desertBrown_01_01_00.json,pattern,SOURCE_COMPLETE,
545,block desertBrown 01 02 00,desertBrown 3x3,4,sand,data\engine2d\bin\textures\text_192.pcx,"[128, 0, 191, 63, 128, 63]","[128, 0, 191, 0, 191, 63]",Terrain/Patterns/desertBrown_3x3/545_block_desertBrown_01_02_00.png,Terrain/Patterns/desertBrown_3x3/545_block_desertBrown_01_02_00.json,pattern,SOURCE_COMPLETE,
546,block desertBrown 01 01 01,desertBrown 3x3,4,sand,data\engine2d\bin\textures\text_192.pcx,"[64, 64, 127, 127, 64, 127]","[64, 64, 127, 64, 127, 127]",Terrain/Patterns/desertBrown_3x3/546_block_desertBrown_01_01_01.png,Terrain/Patterns/desertBrown_3x3/546_block_desertBrown_01_01_01.json,pattern,SOURCE_COMPLETE,
547,block desertBrown 01 02 01,desertBrown 3x3,4,sand,data\engine2d\bin\textures\text_192.pcx,"[128, 64, 191, 127, 128, 127]","[128, 64, 191, 64, 191, 127]",Terrain/Patterns/desertBrown_3x3/547_block_desertBrown_01_02_01.png,Terrain/Patterns/desertBrown_3x3/547_block_desertBrown_01_02_01.json,pattern,SOURCE_COMPLETE,
548,block desertBrown 01 03 01,desertBrown 3x3,4,sand,data\engine2d\bin\textures\text_192.pcx,"[192, 64, 255, 127, 192, 127]","[192, 64, 255, 64, 255, 127]",Terrain/Patterns/desertBrown_3x3/548_block_desertBrown_01_03_01.png,Terrain/Patterns/desertBrown_3x3/548_block_desertBrown_01_03_01.json,pattern,SOURCE_COMPLETE,
549,block desertBrown 01 01 02,desertBrown 3x3,4,sand,data\engine2d\bin\textures\text_192.pcx,"[64, 128, 127, 191, 64, 191]","[64, 128, 127, 128, 127, 191]",Terrain/Patterns/desertBrown_3x3/549_block_desertBrown_01_01_02.png,Terrain/Patterns/desertBrown_3x3/549_block_desertBrown_01_01_02.json,pattern,SOURCE_COMPLETE,
550,block desertBrown 01 02 02,desertBrown 3x3,4,sand,data\engine2d\bin\textures\text_192.pcx,"[128, 128, 191, 191, 128, 191]","[128, 128, 191, 128, 191, 191]",Terrain/Patterns/desertBrown_3x3/550_block_desertBrown_01_02_02.png,Terrain/Patterns/desertBrown_3x3/550_block_desertBrown_01_02_02.json,pattern,SOURCE_COMPLETE,
551,block desertBrown 01 03 02,desertBrown 3x3,4,sand,data\engine2d\bin\textures\text_192.pcx,"[192, 128, 255, 191, 192, 191]","[192, 128, 255, 128, 255, 191]",Terrain/Patterns/desertBrown_3x3/551_block_desertBrown_01_03_02.png,Terrain/Patterns/desertBrown_3x3/551_block_desertBrown_01_03_02.json,pattern,SOURCE_COMPLETE,
552,block desertBrown 01 02 03,desertBrown 3x3,4,sand,data\engine2d\bin\textures\text_192.pcx,"[128, 192, 191, 255, 128, 255]","[128, 192, 191, 192, 191, 255]",Terrain/Patterns/desertBrown_3x3/552_block_desertBrown_01_02_03.png,Terrain/Patterns/desertBrown_3x3/552_block_desertBrown_01_02_03.json,pattern,SOURCE_COMPLETE,
553,block desertBrown 01 03 03,desertBrown 3x3,4,sand,data\engine2d\bin\textures\text_192.pcx,"[192, 192, 255, 255, 192, 255]","[192, 192, 255, 192, 255, 255]",Terrain/Patterns/desertBrown_3x3/553_block_desertBrown_01_03_03.png,Terrain/Patterns/desertBrown_3x3/553_block_desertBrown_01_03_03.json,pattern,SOURCE_COMPLETE,
554,block desertBrown 01 04 03,desertBrown 3x3,4,sand,data\engine2d\bin\textures\text_192.pcx,"[0, 192, 63, 255, 0, 255]","[0, 192, 63, 192, 63, 255]",Terrain/Patterns/desertBrown_3x3/554_block_desertBrown_01_04_03.png,Terrain/Patterns/desertBrown_3x3/554_block_desertBrown_01_04_03.json,pattern,SOURCE_COMPLETE,
555,block desertBrown 11 00 00,desertBrown 3x3,4,sand,data\engine2d\bin\textures\text_193.pcx,"[0, 0, 63, 63, 0, 63]","[0, 0, 63, 0, 63, 63]",Terrain/Patterns/desertBrown_3x3/555_block_desertBrown_11_00_00.png,Terrain/Patterns/desertBrown_3x3/555_block_desertBrown_11_00_00.json,pattern,SOURCE_COMPLETE,
556,block desertBrown 11 01 00,desertBrown 3x3,4,sand,data\engine2d\bin\textures\text_193.pcx,"[64, 0, 127, 63, 64, 63]","[64, 0, 127, 0, 127, 63]",Terrain/Patterns/desertBrown_3x3/556_block_desertBrown_11_01_00.png,Terrain/Patterns/desertBrown_3x3/556_block_desertBrown_11_01_00.json,pattern,SOURCE_COMPLETE,
557,block desertBrown 11 02 00,desertBrown 3x3,4,sand,data\engine2d\bin\textures\text_193.pcx,"[128, 0, 191, 63, 128, 63]","[128, 0, 191, 0, 191, 63]",Terrain/Patterns/desertBrown_3x3/557_block_desertBrown_11_02_00.png,Terrain/Patterns/desertBrown_3x3/557_block_desertBrown_11_02_00.json,pattern,SOURCE_COMPLETE,
558,block desertBrown 11 01 01,desertBrown 3x3,4,sand,data\engine2d\bin\textures\text_193.pcx,"[64, 64, 127, 127, 64, 127]","[64, 64, 127, 64, 127, 127]",Terrain/Patterns/desertBrown_3x3/558_block_desertBrown_11_01_01.png,Terrain/Patterns/desertBrown_3x3/558_block_desertBrown_11_01_01.json,pattern,SOURCE_COMPLETE,
559,block desertBrown 11 02 01,desertBrown 3x3,4,sand,data\engine2d\bin\textures\text_193.pcx,"[128, 64, 191, 127, 128, 127]","[128, 64, 191, 64, 191, 127]",Terrain/Patterns/desertBrown_3x3/559_block_desertBrown_11_02_01.png,Terrain/Patterns/desertBrown_3x3/559_block_desertBrown_11_02_01.json,pattern,SOURCE_COMPLETE,
560,block desertBrown 11 03 01,desertBrown 3x3,4,sand,data\engine2d\bin\textures\text_193.pcx,"[192, 64, 255, 127, 192, 127]","[192, 64, 255, 64, 255, 127]",Terrain/Patterns/desertBrown_3x3/560_block_desertBrown_11_03_01.png,Terrain/Patterns/desertBrown_3x3/560_block_desertBrown_11_03_01.json,pattern,SOURCE_COMPLETE,
561,block desertBrown 11 01 02,desertBrown 3x3,4,sand,data\engine2d\bin\textures\text_193.pcx,"[64, 128, 127, 191, 64, 191]","[64, 128, 127, 128, 127, 191]",Terrain/Patterns/desertBrown_3x3/561_block_desertBrown_11_01_02.png,Terrain/Patterns/desertBrown_3x3/561_block_desertBrown_11_01_02.json,pattern,SOURCE_COMPLETE,
562,block desertBrown 11 02 02,desertBrown 3x3,4,sand,data\engine2d\bin\textures\text_193.pcx,"[128, 128, 191, 191, 128, 191]","[128, 128, 191, 128, 191, 191]",Terrain/Patterns/desertBrown_3x3/562_block_desertBrown_11_02_02.png,Terrain/Patterns/desertBrown_3x3/562_block_desertBrown_11_02_02.json,pattern,SOURCE_COMPLETE,
563,block desertBrown 11 03 02,desertBrown 3x3,4,sand,data\engine2d\bin\textures\text_193.pcx,"[192, 128, 255, 191, 192, 191]","[192, 128, 255, 128, 255, 191]",Terrain/Patterns/desertBrown_3x3/563_block_desertBrown_11_03_02.png,Terrain/Patterns/desertBrown_3x3/563_block_desertBrown_11_03_02.json,pattern,SOURCE_COMPLETE,
564,block desertBrown 11 02 03,desertBrown 3x3,4,sand,data\engine2d\bin\textures\text_193.pcx,"[128, 192, 191, 255, 128, 255]","[128, 192, 191, 192, 191, 255]",Terrain/Patterns/desertBrown_3x3/564_block_desertBrown_11_02_03.png,Terrain/Patterns/desertBrown_3x3/564_block_desertBrown_11_02_03.json,pattern,SOURCE_COMPLETE,
565,block desertBrown 11 03 03,desertBrown 3x3,4,sand,data\engine2d\bin\textures\text_193.pcx,"[192, 192, 255, 255, 192, 255]","[192, 192, 255, 192, 255, 255]",Terrain/Patterns/desertBrown_3x3/565_block_desertBrown_11_03_03.png,Terrain/Patterns/desertBrown_3x3/565_block_desertBrown_11_03_03.json,pattern,SOURCE_COMPLETE,
566,block desertBrown 11 04 03,desertBrown 3x3,4,sand,data\engine2d\bin\textures\text_193.pcx,"[0, 192, 63, 255, 0, 255]","[0, 192, 63, 192, 63, 255]",Terrain/Patterns/desertBrown_3x3/566_block_desertBrown_11_04_03.png,Terrain/Patterns/desertBrown_3x3/566_block_desertBrown_11_04_03.json,pattern,SOURCE_COMPLETE,
567,block beach 00 00 00,sand 2x2,8,beach,data\engine2d\bin\textures\text_214.pcx,"[0, 0, 63, 63, 0, 63]","[0, 0, 63, 0, 63, 63]",Terrain/Patterns/sand_2x2/567_block_beach_00_00_00.png,Terrain/Patterns/sand_2x2/567_block_beach_00_00_00.json,pattern,SOURCE_COMPLETE,
568,block beach 00 01 00,sand 2x2,8,beach,data\engine2d\bin\textures\text_214.pcx,"[64, 0, 127, 63, 64, 63]","[64, 0, 127, 0, 127, 63]",Terrain/Patterns/sand_2x2/568_block_beach_00_01_00.png,Terrain/Patterns/sand_2x2/568_block_beach_00_01_00.json,pattern,SOURCE_COMPLETE,
569,block beach 00 02 00,sand 2x2,8,beach,data\engine2d\bin\textures\text_214.pcx,"[128, 0, 191, 63, 128, 63]","[128, 0, 191, 0, 191, 63]",Terrain/Patterns/sand_2x2/569_block_beach_00_02_00.png,Terrain/Patterns/sand_2x2/569_block_beach_00_02_00.json,pattern,SOURCE_COMPLETE,
570,block beach 00 01 01,sand 2x2,8,beach,data\engine2d\bin\textures\text_214.pcx,"[64, 64, 127, 127, 64, 127]","[64, 64, 127, 64, 127, 127]",Terrain/Patterns/sand_2x2/570_block_beach_00_01_01.png,Terrain/Patterns/sand_2x2/570_block_beach_00_01_01.json,pattern,SOURCE_COMPLETE,
571,block beach 00 02 01,sand 2x2,8,beach,data\engine2d\bin\textures\text_214.pcx,"[128, 64, 191, 127, 128, 127]","[128, 64, 191, 64, 191, 127]",Terrain/Patterns/sand_2x2/571_block_beach_00_02_01.png,Terrain/Patterns/sand_2x2/571_block_beach_00_02_01.json,pattern,SOURCE_COMPLETE,
572,block beach 00 03 01,sand 2x2,8,beach,data\engine2d\bin\textures\text_214.pcx,"[192, 64, 255, 127, 192, 127]","[192, 64, 255, 64, 255, 127]",Terrain/Patterns/sand_2x2/572_block_beach_00_03_01.png,Terrain/Patterns/sand_2x2/572_block_beach_00_03_01.json,pattern,SOURCE_COMPLETE,
573,block beach 00 01 02,sand 2x2,8,beach,data\engine2d\bin\textures\text_214.pcx,"[64, 128, 127, 191, 64, 191]","[64, 128, 127, 128, 127, 191]",Terrain/Patterns/sand_2x2/573_block_beach_00_01_02.png,Terrain/Patterns/sand_2x2/573_block_beach_00_01_02.json,pattern,SOURCE_COMPLETE,
574,block beach 00 02 02,sand 2x2,8,beach,data\engine2d\bin\textures\text_214.pcx,"[128, 128, 191, 191, 128, 191]","[128, 128, 191, 128, 191, 191]",Terrain/Patterns/sand_2x2/574_block_beach_00_02_02.png,Terrain/Patterns/sand_2x2/574_block_beach_00_02_02.json,pattern,SOURCE_COMPLETE,
575,block beach 00 03 02,sand 2x2,8,beach,data\engine2d\bin\textures\text_214.pcx,"[192, 128, 255, 191, 192, 191]","[192, 128, 255, 128, 255, 191]",Terrain/Patterns/sand_2x2/575_block_beach_00_03_02.png,Terrain/Patterns/sand_2x2/575_block_beach_00_03_02.json,pattern,SOURCE_COMPLETE,
576,block beach 00 02 03,sand 2x2,8,beach,data\engine2d\bin\textures\text_214.pcx,"[128, 192, 191, 255, 128, 255]","[128, 192, 191, 192, 191, 255]",Terrain/Patterns/sand_2x2/576_block_beach_00_02_03.png,Terrain/Patterns/sand_2x2/576_block_beach_00_02_03.json,pattern,SOURCE_COMPLETE,
577,block beach 00 03 03,sand 2x2,8,beach,data\engine2d\bin\textures\text_214.pcx,"[192, 192, 255, 255, 192, 255]","[192, 192, 255, 192, 255, 255]",Terrain/Patterns/sand_2x2/577_block_beach_00_03_03.png,Terrain/Patterns/sand_2x2/577_block_beach_00_03_03.json,pattern,SOURCE_COMPLETE,
578,block beach 00 04 03,sand 2x2,8,beach,data\engine2d\bin\textures\text_214.pcx,"[0, 192, 63, 255, 0, 255]","[0, 192, 63, 192, 63, 255]",Terrain/Patterns/sand_2x2/578_block_beach_00_04_03.png,Terrain/Patterns/sand_2x2/578_block_beach_00_04_03.json,pattern,SOURCE_COMPLETE,
579,block beach 10 00 00,sand 2x2,8,beach,data\engine2d\bin\textures\text_215.pcx,"[0, 0, 63, 63, 0, 63]","[0, 0, 63, 0, 63, 63]",Terrain/Patterns/sand_2x2/579_block_beach_10_00_00.png,Terrain/Patterns/sand_2x2/579_block_beach_10_00_00.json,pattern,SOURCE_COMPLETE,
580,block beach 10 01 00,sand 2x2,8,beach,data\engine2d\bin\textures\text_215.pcx,"[64, 0, 127, 63, 64, 63]","[64, 0, 127, 0, 127, 63]",Terrain/Patterns/sand_2x2/580_block_beach_10_01_00.png,Terrain/Patterns/sand_2x2/580_block_beach_10_01_00.json,pattern,SOURCE_COMPLETE,
581,block beach 10 02 00,sand 2x2,8,beach,data\engine2d\bin\textures\text_215.pcx,"[128, 0, 191, 63, 128, 63]","[128, 0, 191, 0, 191, 63]",Terrain/Patterns/sand_2x2/581_block_beach_10_02_00.png,Terrain/Patterns/sand_2x2/581_block_beach_10_02_00.json,pattern,SOURCE_COMPLETE,
582,block beach 10 01 01,sand 2x2,8,beach,data\engine2d\bin\textures\text_215.pcx,"[64, 64, 127, 127, 64, 127]","[64, 64, 127, 64, 127, 127]",Terrain/Patterns/sand_2x2/582_block_beach_10_01_01.png,Terrain/Patterns/sand_2x2/582_block_beach_10_01_01.json,pattern,SOURCE_COMPLETE,
583,block beach 10 02 01,sand 2x2,8,beach,data\engine2d\bin\textures\text_215.pcx,"[128, 64, 191, 127, 128, 127]","[128, 64, 191, 64, 191, 127]",Terrain/Patterns/sand_2x2/583_block_beach_10_02_01.png,Terrain/Patterns/sand_2x2/583_block_beach_10_02_01.json,pattern,SOURCE_COMPLETE,
584,block beach 10 03 01,sand 2x2,8,beach,data\engine2d\bin\textures\text_215.pcx,"[192, 64, 255, 127, 192, 127]","[192, 64, 255, 64, 255, 127]",Terrain/Patterns/sand_2x2/584_block_beach_10_03_01.png,Terrain/Patterns/sand_2x2/584_block_beach_10_03_01.json,pattern,SOURCE_COMPLETE,
585,block beach 10 01 02,sand 2x2,8,beach,data\engine2d\bin\textures\text_215.pcx,"[64, 128, 127, 191, 64, 191]","[64, 128, 127, 128, 127, 191]",Terrain/Patterns/sand_2x2/585_block_beach_10_01_02.png,Terrain/Patterns/sand_2x2/585_block_beach_10_01_02.json,pattern,SOURCE_COMPLETE,
586,block beach 10 02 02,sand 2x2,8,beach,data\engine2d\bin\textures\text_215.pcx,"[128, 128, 191, 191, 128, 191]","[128, 128, 191, 128, 191, 191]",Terrain/Patterns/sand_2x2/586_block_beach_10_02_02.png,Terrain/Patterns/sand_2x2/586_block_beach_10_02_02.json,pattern,SOURCE_COMPLETE,
587,block beach 10 03 02,sand 2x2,8,beach,data\engine2d\bin\textures\text_215.pcx,"[192, 128, 255, 191, 192, 191]","[192, 128, 255, 128, 255, 191]",Terrain/Patterns/sand_2x2/587_block_beach_10_03_02.png,Terrain/Patterns/sand_2x2/587_block_beach_10_03_02.json,pattern,SOURCE_COMPLETE,
588,block beach 10 02 03,sand 2x2,8,beach,data\engine2d\bin\textures\text_215.pcx,"[128, 192, 191, 255, 128, 255]","[128, 192, 191, 192, 191, 255]",Terrain/Patterns/sand_2x2/588_block_beach_10_02_03.png,Terrain/Patterns/sand_2x2/588_block_beach_10_02_03.json,pattern,SOURCE_COMPLETE,
589,block beach 10 03 03,sand 2x2,8,beach,data\engine2d\bin\textures\text_215.pcx,"[192, 192, 255, 255, 192, 255]","[192, 192, 255, 192, 255, 255]",Terrain/Patterns/sand_2x2/589_block_beach_10_03_03.png,Terrain/Patterns/sand_2x2/589_block_beach_10_03_03.json,pattern,SOURCE_COMPLETE,
590,block beach 10 04 03,sand 2x2,8,beach,data\engine2d\bin\textures\text_215.pcx,"[0, 192, 63, 255, 0, 255]","[0, 192, 63, 192, 63, 255]",Terrain/Patterns/sand_2x2/590_block_beach_10_04_03.png,Terrain/Patterns/sand_2x2/590_block_beach_10_04_03.json,pattern,SOURCE_COMPLETE,
591,block beach 01 00 00,sand 2x2,8,beach,data\engine2d\bin\textures\text_216.pcx,"[0, 0, 63, 63, 0, 63]","[0, 0, 63, 0, 63, 63]",Terrain/Patterns/sand_2x2/591_block_beach_01_00_00.png,Terrain/Patterns/sand_2x2/591_block_beach_01_00_00.json,pattern,SOURCE_COMPLETE,
592,block beach 01 01 00,sand 2x2,8,beach,data\engine2d\bin\textures\text_216.pcx,"[64, 0, 127, 63, 64, 63]","[64, 0, 127, 0, 127, 63]",Terrain/Patterns/sand_2x2/592_block_beach_01_01_00.png,Terrain/Patterns/sand_2x2/592_block_beach_01_01_00.json,pattern,SOURCE_COMPLETE,
593,block beach 01 02 00,sand 2x2,8,beach,data\engine2d\bin\textures\text_216.pcx,"[128, 0, 191, 63, 128, 63]","[128, 0, 191, 0, 191, 63]",Terrain/Patterns/sand_2x2/593_block_beach_01_02_00.png,Terrain/Patterns/sand_2x2/593_block_beach_01_02_00.json,pattern,SOURCE_COMPLETE,
594,block beach 01 01 01,sand 2x2,8,beach,data\engine2d\bin\textures\text_216.pcx,"[64, 64, 127, 127, 64, 127]","[64, 64, 127, 64, 127, 127]",Terrain/Patterns/sand_2x2/594_block_beach_01_01_01.png,Terrain/Patterns/sand_2x2/594_block_beach_01_01_01.json,pattern,SOURCE_COMPLETE,
595,block beach 01 02 01,sand 2x2,8,beach,data\engine2d\bin\textures\text_216.pcx,"[128, 64, 191, 127, 128, 127]","[128, 64, 191, 64, 191, 127]",Terrain/Patterns/sand_2x2/595_block_beach_01_02_01.png,Terrain/Patterns/sand_2x2/595_block_beach_01_02_01.json,pattern,SOURCE_COMPLETE,
596,block beach 01 03 01,sand 2x2,8,beach,data\engine2d\bin\textures\text_216.pcx,"[192, 64, 255, 127, 192, 127]","[192, 64, 255, 64, 255, 127]",Terrain/Patterns/sand_2x2/596_block_beach_01_03_01.png,Terrain/Patterns/sand_2x2/596_block_beach_01_03_01.json,pattern,SOURCE_COMPLETE,
597,block beach 01 01 02,sand 2x2,8,beach,data\engine2d\bin\textures\text_216.pcx,"[64, 128, 127, 191, 64, 191]","[64, 128, 127, 128, 127, 191]",Terrain/Patterns/sand_2x2/597_block_beach_01_01_02.png,Terrain/Patterns/sand_2x2/597_block_beach_01_01_02.json,pattern,SOURCE_COMPLETE,
598,block beach 01 02 02,sand 2x2,8,beach,data\engine2d\bin\textures\text_216.pcx,"[128, 128, 191, 191, 128, 191]","[128, 128, 191, 128, 191, 191]",Terrain/Patterns/sand_2x2/598_block_beach_01_02_02.png,Terrain/Patterns/sand_2x2/598_block_beach_01_02_02.json,pattern,SOURCE_COMPLETE,
599,block beach 01 03 02,sand 2x2,8,beach,data\engine2d\bin\textures\text_216.pcx,"[192, 128, 255, 191, 192, 191]","[192, 128, 255, 128, 255, 191]",Terrain/Patterns/sand_2x2/599_block_beach_01_03_02.png,Terrain/Patterns/sand_2x2/599_block_beach_01_03_02.json,pattern,SOURCE_COMPLETE,
600,block beach 01 02 03,sand 2x2,8,beach,data\engine2d\bin\textures\text_216.pcx,"[128, 192, 191, 255, 128, 255]","[128, 192, 191, 192, 191, 255]",Terrain/Patterns/sand_2x2/600_block_beach_01_02_03.png,Terrain/Patterns/sand_2x2/600_block_beach_01_02_03.json,pattern,SOURCE_COMPLETE,
601,block beach 01 03 03,sand 2x2,8,beach,data\engine2d\bin\textures\text_216.pcx,"[192, 192, 255, 255, 192, 255]","[192, 192, 255, 192, 255, 255]",Terrain/Patterns/sand_2x2/601_block_beach_01_03_03.png,Terrain/Patterns/sand_2x2/601_block_beach_01_03_03.json,pattern,SOURCE_COMPLETE,
602,block beach 01 04 03,sand 2x2,8,beach,data\engine2d\bin\textures\text_216.pcx,"[0, 192, 63, 255, 0, 255]","[0, 192, 63, 192, 63, 255]",Terrain/Patterns/sand_2x2/602_block_beach_01_04_03.png,Terrain/Patterns/sand_2x2/602_block_beach_01_04_03.json,pattern,SOURCE_COMPLETE,
603,block beach 11 00 00,sand 2x2,8,beach,data\engine2d\bin\textures\text_217.pcx,"[0, 0, 63, 63, 0, 63]","[0, 0, 63, 0, 63, 63]",Terrain/Patterns/sand_2x2/603_block_beach_11_00_00.png,Terrain/Patterns/sand_2x2/603_block_beach_11_00_00.json,pattern,SOURCE_COMPLETE,
604,block beach 11 01 00,sand 2x2,8,beach,data\engine2d\bin\textures\text_217.pcx,"[64, 0, 127, 63, 64, 63]","[64, 0, 127, 0, 127, 63]",Terrain/Patterns/sand_2x2/604_block_beach_11_01_00.png,Terrain/Patterns/sand_2x2/604_block_beach_11_01_00.json,pattern,SOURCE_COMPLETE,
605,block beach 11 02 00,sand 2x2,8,beach,data\engine2d\bin\textures\text_217.pcx,"[128, 0, 191, 63, 128, 63]","[128, 0, 191, 0, 191, 63]",Terrain/Patterns/sand_2x2/605_block_beach_11_02_00.png,Terrain/Patterns/sand_2x2/605_block_beach_11_02_00.json,pattern,SOURCE_COMPLETE,
606,block beach 11 01 01,sand 2x2,8,beach,data\engine2d\bin\textures\text_217.pcx,"[64, 64, 127, 127, 64, 127]","[64, 64, 127, 64, 127, 127]",Terrain/Patterns/sand_2x2/606_block_beach_11_01_01.png,Terrain/Patterns/sand_2x2/606_block_beach_11_01_01.json,pattern,SOURCE_COMPLETE,
607,block beach 11 02 01,sand 2x2,8,beach,data\engine2d\bin\textures\text_217.pcx,"[128, 64, 191, 127, 128, 127]","[128, 64, 191, 64, 191, 127]",Terrain/Patterns/sand_2x2/607_block_beach_11_02_01.png,Terrain/Patterns/sand_2x2/607_block_beach_11_02_01.json,pattern,SOURCE_COMPLETE,
608,block beach 11 03 01,sand 2x2,8,beach,data\engine2d\bin\textures\text_217.pcx,"[192, 64, 255, 127, 192, 127]","[192, 64, 255, 64, 255, 127]",Terrain/Patterns/sand_2x2/608_block_beach_11_03_01.png,Terrain/Patterns/sand_2x2/608_block_beach_11_03_01.json,pattern,SOURCE_COMPLETE,
609,block beach 11 01 02,sand 2x2,8,beach,data\engine2d\bin\textures\text_217.pcx,"[64, 128, 127, 191, 64, 191]","[64, 128, 127, 128, 127, 191]",Terrain/Patterns/sand_2x2/609_block_beach_11_01_02.png,Terrain/Patterns/sand_2x2/609_block_beach_11_01_02.json,pattern,SOURCE_COMPLETE,
610,block beach 11 02 02,sand 2x2,8,beach,data\engine2d\bin\textures\text_217.pcx,"[128, 128, 191, 191, 128, 191]","[128, 128, 191, 128, 191, 191]",Terrain/Patterns/sand_2x2/610_block_beach_11_02_02.png,Terrain/Patterns/sand_2x2/610_block_beach_11_02_02.json,pattern,SOURCE_COMPLETE,
611,block beach 11 03 02,sand 2x2,8,beach,data\engine2d\bin\textures\text_217.pcx,"[192, 128, 255, 191, 192, 191]","[192, 128, 255, 128, 255, 191]",Terrain/Patterns/sand_2x2/611_block_beach_11_03_02.png,Terrain/Patterns/sand_2x2/611_block_beach_11_03_02.json,pattern,SOURCE_COMPLETE,
612,block beach 11 02 03,sand 2x2,8,beach,data\engine2d\bin\textures\text_217.pcx,"[128, 192, 191, 255, 128, 255]","[128, 192, 191, 192, 191, 255]",Terrain/Patterns/sand_2x2/612_block_beach_11_02_03.png,Terrain/Patterns/sand_2x2/612_block_beach_11_02_03.json,pattern,SOURCE_COMPLETE,
613,block beach 11 03 03,sand 2x2,8,beach,data\engine2d\bin\textures\text_217.pcx,"[192, 192, 255, 255, 192, 255]","[192, 192, 255, 192, 255, 255]",Terrain/Patterns/sand_2x2/613_block_beach_11_03_03.png,Terrain/Patterns/sand_2x2/613_block_beach_11_03_03.json,pattern,SOURCE_COMPLETE,
614,block beach 11 04 03,sand 2x2,8,beach,data\engine2d\bin\textures\text_217.pcx,"[0, 192, 63, 255, 0, 255]","[0, 192, 63, 192, 63, 255]",Terrain/Patterns/sand_2x2/614_block_beach_11_04_03.png,Terrain/Patterns/sand_2x2/614_block_beach_11_04_03.json,pattern,SOURCE_COMPLETE,
615,block beachNosound 00 00 00,sandNosound 2x2,8,beach,data\engine2d\bin\textures\text_214.pcx,"[0, 0, 63, 63, 0, 63]","[0, 0, 63, 0, 63, 63]",Terrain/Patterns/sandNosound_2x2/615_block_beachNosound_00_00_00.png,Terrain/Patterns/sandNosound_2x2/615_block_beachNosound_00_00_00.json,pattern,SOURCE_COMPLETE,
616,block beachNosound 00 01 00,sandNosound 2x2,8,beach,data\engine2d\bin\textures\text_214.pcx,"[64, 0, 127, 63, 64, 63]","[64, 0, 127, 0, 127, 63]",Terrain/Patterns/sandNosound_2x2/616_block_beachNosound_00_01_00.png,Terrain/Patterns/sandNosound_2x2/616_block_beachNosound_00_01_00.json,pattern,SOURCE_COMPLETE,
617,block beachNosound 00 02 00,sandNosound 2x2,8,beach,data\engine2d\bin\textures\text_214.pcx,"[128, 0, 191, 63, 128, 63]","[128, 0, 191, 0, 191, 63]",Terrain/Patterns/sandNosound_2x2/617_block_beachNosound_00_02_00.png,Terrain/Patterns/sandNosound_2x2/617_block_beachNosound_00_02_00.json,pattern,SOURCE_COMPLETE,
618,block beachNosound 00 01 01,sandNosound 2x2,8,beach,data\engine2d\bin\textures\text_214.pcx,"[64, 64, 127, 127, 64, 127]","[64, 64, 127, 64, 127, 127]",Terrain/Patterns/sandNosound_2x2/618_block_beachNosound_00_01_01.png,Terrain/Patterns/sandNosound_2x2/618_block_beachNosound_00_01_01.json,pattern,SOURCE_COMPLETE,
619,block beachNosound 00 02 01,sandNosound 2x2,8,beach,data\engine2d\bin\textures\text_214.pcx,"[128, 64, 191, 127, 128, 127]","[128, 64, 191, 64, 191, 127]",Terrain/Patterns/sandNosound_2x2/619_block_beachNosound_00_02_01.png,Terrain/Patterns/sandNosound_2x2/619_block_beachNosound_00_02_01.json,pattern,SOURCE_COMPLETE,
620,block beachNosound 00 03 01,sandNosound 2x2,8,beach,data\engine2d\bin\textures\text_214.pcx,"[192, 64, 255, 127, 192, 127]","[192, 64, 255, 64, 255, 127]",Terrain/Patterns/sandNosound_2x2/620_block_beachNosound_00_03_01.png,Terrain/Patterns/sandNosound_2x2/620_block_beachNosound_00_03_01.json,pattern,SOURCE_COMPLETE,
621,block beachNosound 00 01 02,sandNosound 2x2,8,beach,data\engine2d\bin\textures\text_214.pcx,"[64, 128, 127, 191, 64, 191]","[64, 128, 127, 128, 127, 191]",Terrain/Patterns/sandNosound_2x2/621_block_beachNosound_00_01_02.png,Terrain/Patterns/sandNosound_2x2/621_block_beachNosound_00_01_02.json,pattern,SOURCE_COMPLETE,
622,block beachNosound 00 02 02,sandNosound 2x2,8,beach,data\engine2d\bin\textures\text_214.pcx,"[128, 128, 191, 191, 128, 191]","[128, 128, 191, 128, 191, 191]",Terrain/Patterns/sandNosound_2x2/622_block_beachNosound_00_02_02.png,Terrain/Patterns/sandNosound_2x2/622_block_beachNosound_00_02_02.json,pattern,SOURCE_COMPLETE,
623,block beachNosound 00 03 02,sandNosound 2x2,8,beach,data\engine2d\bin\textures\text_214.pcx,"[192, 128, 255, 191, 192, 191]","[192, 128, 255, 128, 255, 191]",Terrain/Patterns/sandNosound_2x2/623_block_beachNosound_00_03_02.png,Terrain/Patterns/sandNosound_2x2/623_block_beachNosound_00_03_02.json,pattern,SOURCE_COMPLETE,
624,block beachNosound 00 02 03,sandNosound 2x2,8,beach,data\engine2d\bin\textures\text_214.pcx,"[128, 192, 191, 255, 128, 255]","[128, 192, 191, 192, 191, 255]",Terrain/Patterns/sandNosound_2x2/624_block_beachNosound_00_02_03.png,Terrain/Patterns/sandNosound_2x2/624_block_beachNosound_00_02_03.json,pattern,SOURCE_COMPLETE,
625,block beachNosound 00 03 03,sandNosound 2x2,8,beach,data\engine2d\bin\textures\text_214.pcx,"[192, 192, 255, 255, 192, 255]","[192, 192, 255, 192, 255, 255]",Terrain/Patterns/sandNosound_2x2/625_block_beachNosound_00_03_03.png,Terrain/Patterns/sandNosound_2x2/625_block_beachNosound_00_03_03.json,pattern,SOURCE_COMPLETE,
626,block beachNosound 00 04 03,sandNosound 2x2,8,beach,data\engine2d\bin\textures\text_214.pcx,"[0, 192, 63, 255, 0, 255]","[0, 192, 63, 192, 63, 255]",Terrain/Patterns/sandNosound_2x2/626_block_beachNosound_00_04_03.png,Terrain/Patterns/sandNosound_2x2/626_block_beachNosound_00_04_03.json,pattern,SOURCE_COMPLETE,
627,block beachNosound 10 00 00,sandNosound 2x2,8,beach,data\engine2d\bin\textures\text_215.pcx,"[0, 0, 63, 63, 0, 63]","[0, 0, 63, 0, 63, 63]",Terrain/Patterns/sandNosound_2x2/627_block_beachNosound_10_00_00.png,Terrain/Patterns/sandNosound_2x2/627_block_beachNosound_10_00_00.json,pattern,SOURCE_COMPLETE,
628,block beachNosound 10 01 00,sandNosound 2x2,8,beach,data\engine2d\bin\textures\text_215.pcx,"[64, 0, 127, 63, 64, 63]","[64, 0, 127, 0, 127, 63]",Terrain/Patterns/sandNosound_2x2/628_block_beachNosound_10_01_00.png,Terrain/Patterns/sandNosound_2x2/628_block_beachNosound_10_01_00.json,pattern,SOURCE_COMPLETE,
629,block beachNosound 10 02 00,sandNosound 2x2,8,beach,data\engine2d\bin\textures\text_215.pcx,"[128, 0, 191, 63, 128, 63]","[128, 0, 191, 0, 191, 63]",Terrain/Patterns/sandNosound_2x2/629_block_beachNosound_10_02_00.png,Terrain/Patterns/sandNosound_2x2/629_block_beachNosound_10_02_00.json,pattern,SOURCE_COMPLETE,
630,block beachNosound 10 01 01,sandNosound 2x2,8,beach,data\engine2d\bin\textures\text_215.pcx,"[64, 64, 127, 127, 64, 127]","[64, 64, 127, 64, 127, 127]",Terrain/Patterns/sandNosound_2x2/630_block_beachNosound_10_01_01.png,Terrain/Patterns/sandNosound_2x2/630_block_beachNosound_10_01_01.json,pattern,SOURCE_COMPLETE,
631,block beachNosound 10 02 01,sandNosound 2x2,8,beach,data\engine2d\bin\textures\text_215.pcx,"[128, 64, 191, 127, 128, 127]","[128, 64, 191, 64, 191, 127]",Terrain/Patterns/sandNosound_2x2/631_block_beachNosound_10_02_01.png,Terrain/Patterns/sandNosound_2x2/631_block_beachNosound_10_02_01.json,pattern,SOURCE_COMPLETE,
632,block beachNosound 10 03 01,sandNosound 2x2,8,beach,data\engine2d\bin\textures\text_215.pcx,"[192, 64, 255, 127, 192, 127]","[192, 64, 255, 64, 255, 127]",Terrain/Patterns/sandNosound_2x2/632_block_beachNosound_10_03_01.png,Terrain/Patterns/sandNosound_2x2/632_block_beachNosound_10_03_01.json,pattern,SOURCE_COMPLETE,
633,block beachNosound 10 01 02,sandNosound 2x2,8,beach,data\engine2d\bin\textures\text_215.pcx,"[64, 128, 127, 191, 64, 191]","[64, 128, 127, 128, 127, 191]",Terrain/Patterns/sandNosound_2x2/633_block_beachNosound_10_01_02.png,Terrain/Patterns/sandNosound_2x2/633_block_beachNosound_10_01_02.json,pattern,SOURCE_COMPLETE,
634,block beachNosound 10 02 02,sandNosound 2x2,8,beach,data\engine2d\bin\textures\text_215.pcx,"[128, 128, 191, 191, 128, 191]","[128, 128, 191, 128, 191, 191]",Terrain/Patterns/sandNosound_2x2/634_block_beachNosound_10_02_02.png,Terrain/Patterns/sandNosound_2x2/634_block_beachNosound_10_02_02.json,pattern,SOURCE_COMPLETE,
635,block beachNosound 10 03 02,sandNosound 2x2,8,beach,data\engine2d\bin\textures\text_215.pcx,"[192, 128, 255, 191, 192, 191]","[192, 128, 255, 128, 255, 191]",Terrain/Patterns/sandNosound_2x2/635_block_beachNosound_10_03_02.png,Terrain/Patterns/sandNosound_2x2/635_block_beachNosound_10_03_02.json,pattern,SOURCE_COMPLETE,
636,block beachNosound 10 02 03,sandNosound 2x2,8,beach,data\engine2d\bin\textures\text_215.pcx,"[128, 192, 191, 255, 128, 255]","[128, 192, 191, 192, 191, 255]",Terrain/Patterns/sandNosound_2x2/636_block_beachNosound_10_02_03.png,Terrain/Patterns/sandNosound_2x2/636_block_beachNosound_10_02_03.json,pattern,SOURCE_COMPLETE,
637,block beachNosound 10 03 03,sandNosound 2x2,8,beach,data\engine2d\bin\textures\text_215.pcx,"[192, 192, 255, 255, 192, 255]","[192, 192, 255, 192, 255, 255]",Terrain/Patterns/sandNosound_2x2/637_block_beachNosound_10_03_03.png,Terrain/Patterns/sandNosound_2x2/637_block_beachNosound_10_03_03.json,pattern,SOURCE_COMPLETE,
638,block beachNosound 10 04 03,sandNosound 2x2,8,beach,data\engine2d\bin\textures\text_215.pcx,"[0, 192, 63, 255, 0, 255]","[0, 192, 63, 192, 63, 255]",Terrain/Patterns/sandNosound_2x2/638_block_beachNosound_10_04_03.png,Terrain/Patterns/sandNosound_2x2/638_block_beachNosound_10_04_03.json,pattern,SOURCE_COMPLETE,
639,block beachNosound 01 00 00,sandNosound 2x2,8,beach,data\engine2d\bin\textures\text_216.pcx,"[0, 0, 63, 63, 0, 63]","[0, 0, 63, 0, 63, 63]",Terrain/Patterns/sandNosound_2x2/639_block_beachNosound_01_00_00.png,Terrain/Patterns/sandNosound_2x2/639_block_beachNosound_01_00_00.json,pattern,SOURCE_COMPLETE,
640,block beachNosound 01 01 00,sandNosound 2x2,8,beach,data\engine2d\bin\textures\text_216.pcx,"[64, 0, 127, 63, 64, 63]","[64, 0, 127, 0, 127, 63]",Terrain/Patterns/sandNosound_2x2/640_block_beachNosound_01_01_00.png,Terrain/Patterns/sandNosound_2x2/640_block_beachNosound_01_01_00.json,pattern,SOURCE_COMPLETE,
641,block beachNosound 01 02 00,sandNosound 2x2,8,beach,data\engine2d\bin\textures\text_216.pcx,"[128, 0, 191, 63, 128, 63]","[128, 0, 191, 0, 191, 63]",Terrain/Patterns/sandNosound_2x2/641_block_beachNosound_01_02_00.png,Terrain/Patterns/sandNosound_2x2/641_block_beachNosound_01_02_00.json,pattern,SOURCE_COMPLETE,
642,block beachNosound 01 01 01,sandNosound 2x2,8,beach,data\engine2d\bin\textures\text_216.pcx,"[64, 64, 127, 127, 64, 127]","[64, 64, 127, 64, 127, 127]",Terrain/Patterns/sandNosound_2x2/642_block_beachNosound_01_01_01.png,Terrain/Patterns/sandNosound_2x2/642_block_beachNosound_01_01_01.json,pattern,SOURCE_COMPLETE,
643,block beachNosound 01 02 01,sandNosound 2x2,8,beach,data\engine2d\bin\textures\text_216.pcx,"[128, 64, 191, 127, 128, 127]","[128, 64, 191, 64, 191, 127]",Terrain/Patterns/sandNosound_2x2/643_block_beachNosound_01_02_01.png,Terrain/Patterns/sandNosound_2x2/643_block_beachNosound_01_02_01.json,pattern,SOURCE_COMPLETE,
644,block beachNosound 01 03 01,sandNosound 2x2,8,beach,data\engine2d\bin\textures\text_216.pcx,"[192, 64, 255, 127, 192, 127]","[192, 64, 255, 64, 255, 127]",Terrain/Patterns/sandNosound_2x2/644_block_beachNosound_01_03_01.png,Terrain/Patterns/sandNosound_2x2/644_block_beachNosound_01_03_01.json,pattern,SOURCE_COMPLETE,
645,block beachNosound 01 01 02,sandNosound 2x2,8,beach,data\engine2d\bin\textures\text_216.pcx,"[64, 128, 127, 191, 64, 191]","[64, 128, 127, 128, 127, 191]",Terrain/Patterns/sandNosound_2x2/645_block_beachNosound_01_01_02.png,Terrain/Patterns/sandNosound_2x2/645_block_beachNosound_01_01_02.json,pattern,SOURCE_COMPLETE,
646,block beachNosound 01 02 02,sandNosound 2x2,8,beach,data\engine2d\bin\textures\text_216.pcx,"[128, 128, 191, 191, 128, 191]","[128, 128, 191, 128, 191, 191]",Terrain/Patterns/sandNosound_2x2/646_block_beachNosound_01_02_02.png,Terrain/Patterns/sandNosound_2x2/646_block_beachNosound_01_02_02.json,pattern,SOURCE_COMPLETE,
647,block beachNosound 01 03 02,sandNosound 2x2,8,beach,data\engine2d\bin\textures\text_216.pcx,"[192, 128, 255, 191, 192, 191]","[192, 128, 255, 128, 255, 191]",Terrain/Patterns/sandNosound_2x2/647_block_beachNosound_01_03_02.png,Terrain/Patterns/sandNosound_2x2/647_block_beachNosound_01_03_02.json,pattern,SOURCE_COMPLETE,
648,block beachNosound 01 02 03,sandNosound 2x2,8,beach,data\engine2d\bin\textures\text_216.pcx,"[128, 192, 191, 255, 128, 255]","[128, 192, 191, 192, 191, 255]",Terrain/Patterns/sandNosound_2x2/648_block_beachNosound_01_02_03.png,Terrain/Patterns/sandNosound_2x2/648_block_beachNosound_01_02_03.json,pattern,SOURCE_COMPLETE,
649,block beachNosound 01 03 03,sandNosound 2x2,8,beach,data\engine2d\bin\textures\text_216.pcx,"[192, 192, 255, 255, 192, 255]","[192, 192, 255, 192, 255, 255]",Terrain/Patterns/sandNosound_2x2/649_block_beachNosound_01_03_03.png,Terrain/Patterns/sandNosound_2x2/649_block_beachNosound_01_03_03.json,pattern,SOURCE_COMPLETE,
650,block beachNosound 01 04 03,sandNosound 2x2,8,beach,data\engine2d\bin\textures\text_216.pcx,"[0, 192, 63, 255, 0, 255]","[0, 192, 63, 192, 63, 255]",Terrain/Patterns/sandNosound_2x2/650_block_beachNosound_01_04_03.png,Terrain/Patterns/sandNosound_2x2/650_block_beachNosound_01_04_03.json,pattern,SOURCE_COMPLETE,
651,block beachNosound 11 00 00,sandNosound 2x2,8,beach,data\engine2d\bin\textures\text_217.pcx,"[0, 0, 63, 63, 0, 63]","[0, 0, 63, 0, 63, 63]",Terrain/Patterns/sandNosound_2x2/651_block_beachNosound_11_00_00.png,Terrain/Patterns/sandNosound_2x2/651_block_beachNosound_11_00_00.json,pattern,SOURCE_COMPLETE,
652,block beachNosound 11 01 00,sandNosound 2x2,8,beach,data\engine2d\bin\textures\text_217.pcx,"[64, 0, 127, 63, 64, 63]","[64, 0, 127, 0, 127, 63]",Terrain/Patterns/sandNosound_2x2/652_block_beachNosound_11_01_00.png,Terrain/Patterns/sandNosound_2x2/652_block_beachNosound_11_01_00.json,pattern,SOURCE_COMPLETE,
653,block beachNosound 11 02 00,sandNosound 2x2,8,beach,data\engine2d\bin\textures\text_217.pcx,"[128, 0, 191, 63, 128, 63]","[128, 0, 191, 0, 191, 63]",Terrain/Patterns/sandNosound_2x2/653_block_beachNosound_11_02_00.png,Terrain/Patterns/sandNosound_2x2/653_block_beachNosound_11_02_00.json,pattern,SOURCE_COMPLETE,
654,block beachNosound 11 01 01,sandNosound 2x2,8,beach,data\engine2d\bin\textures\text_217.pcx,"[64, 64, 127, 127, 64, 127]","[64, 64, 127, 64, 127, 127]",Terrain/Patterns/sandNosound_2x2/654_block_beachNosound_11_01_01.png,Terrain/Patterns/sandNosound_2x2/654_block_beachNosound_11_01_01.json,pattern,SOURCE_COMPLETE,
655,block beachNosound 11 02 01,sandNosound 2x2,8,beach,data\engine2d\bin\textures\text_217.pcx,"[128, 64, 191, 127, 128, 127]","[128, 64, 191, 64, 191, 127]",Terrain/Patterns/sandNosound_2x2/655_block_beachNosound_11_02_01.png,Terrain/Patterns/sandNosound_2x2/655_block_beachNosound_11_02_01.json,pattern,SOURCE_COMPLETE,
656,block beachNosound 11 03 01,sandNosound 2x2,8,beach,data\engine2d\bin\textures\text_217.pcx,"[192, 64, 255, 127, 192, 127]","[192, 64, 255, 64, 255, 127]",Terrain/Patterns/sandNosound_2x2/656_block_beachNosound_11_03_01.png,Terrain/Patterns/sandNosound_2x2/656_block_beachNosound_11_03_01.json,pattern,SOURCE_COMPLETE,
657,block beachNosound 11 01 02,sandNosound 2x2,8,beach,data\engine2d\bin\textures\text_217.pcx,"[64, 128, 127, 191, 64, 191]","[64, 128, 127, 128, 127, 191]",Terrain/Patterns/sandNosound_2x2/657_block_beachNosound_11_01_02.png,Terrain/Patterns/sandNosound_2x2/657_block_beachNosound_11_01_02.json,pattern,SOURCE_COMPLETE,
658,block beachNosound 11 02 02,sandNosound 2x2,8,beach,data\engine2d\bin\textures\text_217.pcx,"[128, 128, 191, 191, 128, 191]","[128, 128, 191, 128, 191, 191]",Terrain/Patterns/sandNosound_2x2/658_block_beachNosound_11_02_02.png,Terrain/Patterns/sandNosound_2x2/658_block_beachNosound_11_02_02.json,pattern,SOURCE_COMPLETE,
659,block beachNosound 11 03 02,sandNosound 2x2,8,beach,data\engine2d\bin\textures\text_217.pcx,"[192, 128, 255, 191, 192, 191]","[192, 128, 255, 128, 255, 191]",Terrain/Patterns/sandNosound_2x2/659_block_beachNosound_11_03_02.png,Terrain/Patterns/sandNosound_2x2/659_block_beachNosound_11_03_02.json,pattern,SOURCE_COMPLETE,
660,block beachNosound 11 02 03,sandNosound 2x2,8,beach,data\engine2d\bin\textures\text_217.pcx,"[128, 192, 191, 255, 128, 255]","[128, 192, 191, 192, 191, 255]",Terrain/Patterns/sandNosound_2x2/660_block_beachNosound_11_02_03.png,Terrain/Patterns/sandNosound_2x2/660_block_beachNosound_11_02_03.json,pattern,SOURCE_COMPLETE,
661,block beachNosound 11 03 03,sandNosound 2x2,8,beach,data\engine2d\bin\textures\text_217.pcx,"[192, 192, 255, 255, 192, 255]","[192, 192, 255, 192, 255, 255]",Terrain/Patterns/sandNosound_2x2/661_block_beachNosound_11_03_03.png,Terrain/Patterns/sandNosound_2x2/661_block_beachNosound_11_03_03.json,pattern,SOURCE_COMPLETE,
662,block beachNosound 11 04 03,sandNosound 2x2,8,beach,data\engine2d\bin\textures\text_217.pcx,"[0, 192, 63, 255, 0, 255]","[0, 192, 63, 192, 63, 255]",Terrain/Patterns/sandNosound_2x2/662_block_beachNosound_11_04_03.png,Terrain/Patterns/sandNosound_2x2/662_block_beachNosound_11_04_03.json,pattern,SOURCE_COMPLETE,
663,block snow 00 00 00,snow 2x2,7,snow,data\engine2d\bin\textures\text_241.pcx,"[0, 0, 63, 63, 0, 63]","[0, 0, 63, 0, 63, 63]",Terrain/Patterns/snow_2x2/663_block_snow_00_00_00.png,Terrain/Patterns/snow_2x2/663_block_snow_00_00_00.json,pattern,SOURCE_COMPLETE,
664,block snow 00 01 00,snow 2x2,7,snow,data\engine2d\bin\textures\text_241.pcx,"[64, 0, 127, 63, 64, 63]","[64, 0, 127, 0, 127, 63]",Terrain/Patterns/snow_2x2/664_block_snow_00_01_00.png,Terrain/Patterns/snow_2x2/664_block_snow_00_01_00.json,pattern,SOURCE_COMPLETE,
665,block snow 00 02 00,snow 2x2,7,snow,data\engine2d\bin\textures\text_241.pcx,"[128, 0, 191, 63, 128, 63]","[128, 0, 191, 0, 191, 63]",Terrain/Patterns/snow_2x2/665_block_snow_00_02_00.png,Terrain/Patterns/snow_2x2/665_block_snow_00_02_00.json,pattern,SOURCE_COMPLETE,
666,block snow 00 01 01,snow 2x2,7,snow,data\engine2d\bin\textures\text_241.pcx,"[64, 64, 127, 127, 64, 127]","[64, 64, 127, 64, 127, 127]",Terrain/Patterns/snow_2x2/666_block_snow_00_01_01.png,Terrain/Patterns/snow_2x2/666_block_snow_00_01_01.json,pattern,SOURCE_COMPLETE,
667,block snow 00 02 01,snow 2x2,7,snow,data\engine2d\bin\textures\text_241.pcx,"[128, 64, 191, 127, 128, 127]","[128, 64, 191, 64, 191, 127]",Terrain/Patterns/snow_2x2/667_block_snow_00_02_01.png,Terrain/Patterns/snow_2x2/667_block_snow_00_02_01.json,pattern,SOURCE_COMPLETE,
668,block snow 00 03 01,snow 2x2,7,snow,data\engine2d\bin\textures\text_241.pcx,"[192, 64, 255, 127, 192, 127]","[192, 64, 255, 64, 255, 127]",Terrain/Patterns/snow_2x2/668_block_snow_00_03_01.png,Terrain/Patterns/snow_2x2/668_block_snow_00_03_01.json,pattern,SOURCE_COMPLETE,
669,block snow 00 01 02,snow 2x2,7,snow,data\engine2d\bin\textures\text_241.pcx,"[64, 128, 127, 191, 64, 191]","[64, 128, 127, 128, 127, 191]",Terrain/Patterns/snow_2x2/669_block_snow_00_01_02.png,Terrain/Patterns/snow_2x2/669_block_snow_00_01_02.json,pattern,SOURCE_COMPLETE,
670,block snow 00 02 02,snow 2x2,7,snow,data\engine2d\bin\textures\text_241.pcx,"[128, 128, 191, 191, 128, 191]","[128, 128, 191, 128, 191, 191]",Terrain/Patterns/snow_2x2/670_block_snow_00_02_02.png,Terrain/Patterns/snow_2x2/670_block_snow_00_02_02.json,pattern,SOURCE_COMPLETE,
671,block snow 00 03 02,snow 2x2,7,snow,data\engine2d\bin\textures\text_241.pcx,"[192, 128, 255, 191, 192, 191]","[192, 128, 255, 128, 255, 191]",Terrain/Patterns/snow_2x2/671_block_snow_00_03_02.png,Terrain/Patterns/snow_2x2/671_block_snow_00_03_02.json,pattern,SOURCE_COMPLETE,
672,block snow 00 02 03,snow 2x2,7,snow,data\engine2d\bin\textures\text_241.pcx,"[128, 192, 191, 255, 128, 255]","[128, 192, 191, 192, 191, 255]",Terrain/Patterns/snow_2x2/672_block_snow_00_02_03.png,Terrain/Patterns/snow_2x2/672_block_snow_00_02_03.json,pattern,SOURCE_COMPLETE,
673,block snow 00 03 03,snow 2x2,7,snow,data\engine2d\bin\textures\text_241.pcx,"[192, 192, 255, 255, 192, 255]","[192, 192, 255, 192, 255, 255]",Terrain/Patterns/snow_2x2/673_block_snow_00_03_03.png,Terrain/Patterns/snow_2x2/673_block_snow_00_03_03.json,pattern,SOURCE_COMPLETE,
674,block snow 00 04 03,snow 2x2,7,snow,data\engine2d\bin\textures\text_241.pcx,"[0, 192, 63, 255, 0, 255]","[0, 192, 63, 192, 63, 255]",Terrain/Patterns/snow_2x2/674_block_snow_00_04_03.png,Terrain/Patterns/snow_2x2/674_block_snow_00_04_03.json,pattern,SOURCE_COMPLETE,
675,block snow 10 00 00,snow 2x2,7,snow,data\engine2d\bin\textures\text_242.pcx,"[0, 0, 63, 63, 0, 63]","[0, 0, 63, 0, 63, 63]",Terrain/Patterns/snow_2x2/675_block_snow_10_00_00.png,Terrain/Patterns/snow_2x2/675_block_snow_10_00_00.json,pattern,SOURCE_COMPLETE,
676,block snow 10 01 00,snow 2x2,7,snow,data\engine2d\bin\textures\text_242.pcx,"[64, 0, 127, 63, 64, 63]","[64, 0, 127, 0, 127, 63]",Terrain/Patterns/snow_2x2/676_block_snow_10_01_00.png,Terrain/Patterns/snow_2x2/676_block_snow_10_01_00.json,pattern,SOURCE_COMPLETE,
677,block snow 10 02 00,snow 2x2,7,snow,data\engine2d\bin\textures\text_242.pcx,"[128, 0, 191, 63, 128, 63]","[128, 0, 191, 0, 191, 63]",Terrain/Patterns/snow_2x2/677_block_snow_10_02_00.png,Terrain/Patterns/snow_2x2/677_block_snow_10_02_00.json,pattern,SOURCE_COMPLETE,
678,block snow 10 01 01,snow 2x2,7,snow,data\engine2d\bin\textures\text_242.pcx,"[64, 64, 127, 127, 64, 127]","[64, 64, 127, 64, 127, 127]",Terrain/Patterns/snow_2x2/678_block_snow_10_01_01.png,Terrain/Patterns/snow_2x2/678_block_snow_10_01_01.json,pattern,SOURCE_COMPLETE,
679,block snow 10 02 01,snow 2x2,7,snow,data\engine2d\bin\textures\text_242.pcx,"[128, 64, 191, 127, 128, 127]","[128, 64, 191, 64, 191, 127]",Terrain/Patterns/snow_2x2/679_block_snow_10_02_01.png,Terrain/Patterns/snow_2x2/679_block_snow_10_02_01.json,pattern,SOURCE_COMPLETE,
680,block snow 10 03 01,snow 2x2,7,snow,data\engine2d\bin\textures\text_242.pcx,"[192, 64, 255, 127, 192, 127]","[192, 64, 255, 64, 255, 127]",Terrain/Patterns/snow_2x2/680_block_snow_10_03_01.png,Terrain/Patterns/snow_2x2/680_block_snow_10_03_01.json,pattern,SOURCE_COMPLETE,
681,block snow 10 01 02,snow 2x2,7,snow,data\engine2d\bin\textures\text_242.pcx,"[64, 128, 127, 191, 64, 191]","[64, 128, 127, 128, 127, 191]",Terrain/Patterns/snow_2x2/681_block_snow_10_01_02.png,Terrain/Patterns/snow_2x2/681_block_snow_10_01_02.json,pattern,SOURCE_COMPLETE,
682,block snow 10 02 02,snow 2x2,7,snow,data\engine2d\bin\textures\text_242.pcx,"[128, 128, 191, 191, 128, 191]","[128, 128, 191, 128, 191, 191]",Terrain/Patterns/snow_2x2/682_block_snow_10_02_02.png,Terrain/Patterns/snow_2x2/682_block_snow_10_02_02.json,pattern,SOURCE_COMPLETE,
683,block snow 10 03 02,snow 2x2,7,snow,data\engine2d\bin\textures\text_242.pcx,"[192, 128, 255, 191, 192, 191]","[192, 128, 255, 128, 255, 191]",Terrain/Patterns/snow_2x2/683_block_snow_10_03_02.png,Terrain/Patterns/snow_2x2/683_block_snow_10_03_02.json,pattern,SOURCE_COMPLETE,
684,block snow 10 02 03,snow 2x2,7,snow,data\engine2d\bin\textures\text_242.pcx,"[128, 192, 191, 255, 128, 255]","[128, 192, 191, 192, 191, 255]",Terrain/Patterns/snow_2x2/684_block_snow_10_02_03.png,Terrain/Patterns/snow_2x2/684_block_snow_10_02_03.json,pattern,SOURCE_COMPLETE,
685,block snow 10 03 03,snow 2x2,7,snow,data\engine2d\bin\textures\text_242.pcx,"[192, 192, 255, 255, 192, 255]","[192, 192, 255, 192, 255, 255]",Terrain/Patterns/snow_2x2/685_block_snow_10_03_03.png,Terrain/Patterns/snow_2x2/685_block_snow_10_03_03.json,pattern,SOURCE_COMPLETE,
686,block snow 10 04 03,snow 2x2,7,snow,data\engine2d\bin\textures\text_242.pcx,"[0, 192, 63, 255, 0, 255]","[0, 192, 63, 192, 63, 255]",Terrain/Patterns/snow_2x2/686_block_snow_10_04_03.png,Terrain/Patterns/snow_2x2/686_block_snow_10_04_03.json,pattern,SOURCE_COMPLETE,
687,block snow 01 00 00,snow 2x2,7,snow,data\engine2d\bin\textures\text_243.pcx,"[0, 0, 63, 63, 0, 63]","[0, 0, 63, 0, 63, 63]",Terrain/Patterns/snow_2x2/687_block_snow_01_00_00.png,Terrain/Patterns/snow_2x2/687_block_snow_01_00_00.json,pattern,SOURCE_COMPLETE,
688,block snow 01 01 00,snow 2x2,7,snow,data\engine2d\bin\textures\text_243.pcx,"[64, 0, 127, 63, 64, 63]","[64, 0, 127, 0, 127, 63]",Terrain/Patterns/snow_2x2/688_block_snow_01_01_00.png,Terrain/Patterns/snow_2x2/688_block_snow_01_01_00.json,pattern,SOURCE_COMPLETE,
689,block snow 01 02 00,snow 2x2,7,snow,data\engine2d\bin\textures\text_243.pcx,"[128, 0, 191, 63, 128, 63]","[128, 0, 191, 0, 191, 63]",Terrain/Patterns/snow_2x2/689_block_snow_01_02_00.png,Terrain/Patterns/snow_2x2/689_block_snow_01_02_00.json,pattern,SOURCE_COMPLETE,
690,block snow 01 01 01,snow 2x2,7,snow,data\engine2d\bin\textures\text_243.pcx,"[64, 64, 127, 127, 64, 127]","[64, 64, 127, 64, 127, 127]",Terrain/Patterns/snow_2x2/690_block_snow_01_01_01.png,Terrain/Patterns/snow_2x2/690_block_snow_01_01_01.json,pattern,SOURCE_COMPLETE,
691,block snow 01 02 01,snow 2x2,7,snow,data\engine2d\bin\textures\text_243.pcx,"[128, 64, 191, 127, 128, 127]","[128, 64, 191, 64, 191, 127]",Terrain/Patterns/snow_2x2/691_block_snow_01_02_01.png,Terrain/Patterns/snow_2x2/691_block_snow_01_02_01.json,pattern,SOURCE_COMPLETE,
692,block snow 01 03 01,snow 2x2,7,snow,data\engine2d\bin\textures\text_243.pcx,"[192, 64, 255, 127, 192, 127]","[192, 64, 255, 64, 255, 127]",Terrain/Patterns/snow_2x2/692_block_snow_01_03_01.png,Terrain/Patterns/snow_2x2/692_block_snow_01_03_01.json,pattern,SOURCE_COMPLETE,
693,block snow 01 01 02,snow 2x2,7,snow,data\engine2d\bin\textures\text_243.pcx,"[64, 128, 127, 191, 64, 191]","[64, 128, 127, 128, 127, 191]",Terrain/Patterns/snow_2x2/693_block_snow_01_01_02.png,Terrain/Patterns/snow_2x2/693_block_snow_01_01_02.json,pattern,SOURCE_COMPLETE,
694,block snow 01 02 02,snow 2x2,7,snow,data\engine2d\bin\textures\text_243.pcx,"[128, 128, 191, 191, 128, 191]","[128, 128, 191, 128, 191, 191]",Terrain/Patterns/snow_2x2/694_block_snow_01_02_02.png,Terrain/Patterns/snow_2x2/694_block_snow_01_02_02.json,pattern,SOURCE_COMPLETE,
695,block snow 01 03 02,snow 2x2,7,snow,data\engine2d\bin\textures\text_243.pcx,"[192, 128, 255, 191, 192, 191]","[192, 128, 255, 128, 255, 191]",Terrain/Patterns/snow_2x2/695_block_snow_01_03_02.png,Terrain/Patterns/snow_2x2/695_block_snow_01_03_02.json,pattern,SOURCE_COMPLETE,
696,block snow 01 02 03,snow 2x2,7,snow,data\engine2d\bin\textures\text_243.pcx,"[128, 192, 191, 255, 128, 255]","[128, 192, 191, 192, 191, 255]",Terrain/Patterns/snow_2x2/696_block_snow_01_02_03.png,Terrain/Patterns/snow_2x2/696_block_snow_01_02_03.json,pattern,SOURCE_COMPLETE,
697,block snow 01 03 03,snow 2x2,7,snow,data\engine2d\bin\textures\text_243.pcx,"[192, 192, 255, 255, 192, 255]","[192, 192, 255, 192, 255, 255]",Terrain/Patterns/snow_2x2/697_block_snow_01_03_03.png,Terrain/Patterns/snow_2x2/697_block_snow_01_03_03.json,pattern,SOURCE_COMPLETE,
698,block snow 01 04 03,snow 2x2,7,snow,data\engine2d\bin\textures\text_243.pcx,"[0, 192, 63, 255, 0, 255]","[0, 192, 63, 192, 63, 255]",Terrain/Patterns/snow_2x2/698_block_snow_01_04_03.png,Terrain/Patterns/snow_2x2/698_block_snow_01_04_03.json,pattern,SOURCE_COMPLETE,
699,block snow 11 00 00,snow 2x2,7,snow,data\engine2d\bin\textures\text_244.pcx,"[0, 0, 63, 63, 0, 63]","[0, 0, 63, 0, 63, 63]",Terrain/Patterns/snow_2x2/699_block_snow_11_00_00.png,Terrain/Patterns/snow_2x2/699_block_snow_11_00_00.json,pattern,SOURCE_COMPLETE,
700,block snow 11 01 00,snow 2x2,7,snow,data\engine2d\bin\textures\text_244.pcx,"[64, 0, 127, 63, 64, 63]","[64, 0, 127, 0, 127, 63]",Terrain/Patterns/snow_2x2/700_block_snow_11_01_00.png,Terrain/Patterns/snow_2x2/700_block_snow_11_01_00.json,pattern,SOURCE_COMPLETE,
701,block snow 11 02 00,snow 2x2,7,snow,data\engine2d\bin\textures\text_244.pcx,"[128, 0, 191, 63, 128, 63]","[128, 0, 191, 0, 191, 63]",Terrain/Patterns/snow_2x2/701_block_snow_11_02_00.png,Terrain/Patterns/snow_2x2/701_block_snow_11_02_00.json,pattern,SOURCE_COMPLETE,
702,block snow 11 01 01,snow 2x2,7,snow,data\engine2d\bin\textures\text_244.pcx,"[64, 64, 127, 127, 64, 127]","[64, 64, 127, 64, 127, 127]",Terrain/Patterns/snow_2x2/702_block_snow_11_01_01.png,Terrain/Patterns/snow_2x2/702_block_snow_11_01_01.json,pattern,SOURCE_COMPLETE,
703,block snow 11 02 01,snow 2x2,7,snow,data\engine2d\bin\textures\text_244.pcx,"[128, 64, 191, 127, 128, 127]","[128, 64, 191, 64, 191, 127]",Terrain/Patterns/snow_2x2/703_block_snow_11_02_01.png,Terrain/Patterns/snow_2x2/703_block_snow_11_02_01.json,pattern,SOURCE_COMPLETE,
704,block snow 11 03 01,snow 2x2,7,snow,data\engine2d\bin\textures\text_244.pcx,"[192, 64, 255, 127, 192, 127]","[192, 64, 255, 64, 255, 127]",Terrain/Patterns/snow_2x2/704_block_snow_11_03_01.png,Terrain/Patterns/snow_2x2/704_block_snow_11_03_01.json,pattern,SOURCE_COMPLETE,
705,block snow 11 01 02,snow 2x2,7,snow,data\engine2d\bin\textures\text_244.pcx,"[64, 128, 127, 191, 64, 191]","[64, 128, 127, 128, 127, 191]",Terrain/Patterns/snow_2x2/705_block_snow_11_01_02.png,Terrain/Patterns/snow_2x2/705_block_snow_11_01_02.json,pattern,SOURCE_COMPLETE,
706,block snow 11 02 02,snow 2x2,7,snow,data\engine2d\bin\textures\text_244.pcx,"[128, 128, 191, 191, 128, 191]","[128, 128, 191, 128, 191, 191]",Terrain/Patterns/snow_2x2/706_block_snow_11_02_02.png,Terrain/Patterns/snow_2x2/706_block_snow_11_02_02.json,pattern,SOURCE_COMPLETE,
707,block snow 11 03 02,snow 2x2,7,snow,data\engine2d\bin\textures\text_244.pcx,"[192, 128, 255, 191, 192, 191]","[192, 128, 255, 128, 255, 191]",Terrain/Patterns/snow_2x2/707_block_snow_11_03_02.png,Terrain/Patterns/snow_2x2/707_block_snow_11_03_02.json,pattern,SOURCE_COMPLETE,
708,block snow 11 02 03,snow 2x2,7,snow,data\engine2d\bin\textures\text_244.pcx,"[128, 192, 191, 255, 128, 255]","[128, 192, 191, 192, 191, 255]",Terrain/Patterns/snow_2x2/708_block_snow_11_02_03.png,Terrain/Patterns/snow_2x2/708_block_snow_11_02_03.json,pattern,SOURCE_COMPLETE,
709,block snow 11 03 03,snow 2x2,7,snow,data\engine2d\bin\textures\text_244.pcx,"[192, 192, 255, 255, 192, 255]","[192, 192, 255, 192, 255, 255]",Terrain/Patterns/snow_2x2/709_block_snow_11_03_03.png,Terrain/Patterns/snow_2x2/709_block_snow_11_03_03.json,pattern,SOURCE_COMPLETE,
710,block snow 11 04 03,snow 2x2,7,snow,data\engine2d\bin\textures\text_244.pcx,"[0, 192, 63, 255, 0, 255]","[0, 192, 63, 192, 63, 255]",Terrain/Patterns/snow_2x2/710_block_snow_11_04_03.png,Terrain/Patterns/snow_2x2/710_block_snow_11_04_03.json,pattern,SOURCE_COMPLETE,
711,block ice 00 00 00,ice 2x2,4,sand,data\engine2d\bin\textures\text_241.pcx,"[0, 0, 63, 63, 0, 63]","[0, 0, 63, 0, 63, 63]",Terrain/Patterns/ice_2x2/711_block_ice_00_00_00.png,Terrain/Patterns/ice_2x2/711_block_ice_00_00_00.json,pattern,SOURCE_COMPLETE,
712,block ice 00 01 00,ice 2x2,4,sand,data\engine2d\bin\textures\text_241.pcx,"[64, 0, 127, 63, 64, 63]","[64, 0, 127, 0, 127, 63]",Terrain/Patterns/ice_2x2/712_block_ice_00_01_00.png,Terrain/Patterns/ice_2x2/712_block_ice_00_01_00.json,pattern,SOURCE_COMPLETE,
713,block ice 00 02 00,ice 2x2,4,sand,data\engine2d\bin\textures\text_241.pcx,"[128, 0, 191, 63, 128, 63]","[128, 0, 191, 0, 191, 63]",Terrain/Patterns/ice_2x2/713_block_ice_00_02_00.png,Terrain/Patterns/ice_2x2/713_block_ice_00_02_00.json,pattern,SOURCE_COMPLETE,
714,block ice 00 01 01,ice 2x2,4,sand,data\engine2d\bin\textures\text_241.pcx,"[64, 64, 127, 127, 64, 127]","[64, 64, 127, 64, 127, 127]",Terrain/Patterns/ice_2x2/714_block_ice_00_01_01.png,Terrain/Patterns/ice_2x2/714_block_ice_00_01_01.json,pattern,SOURCE_COMPLETE,
715,block ice 00 02 01,ice 2x2,4,sand,data\engine2d\bin\textures\text_241.pcx,"[128, 64, 191, 127, 128, 127]","[128, 64, 191, 64, 191, 127]",Terrain/Patterns/ice_2x2/715_block_ice_00_02_01.png,Terrain/Patterns/ice_2x2/715_block_ice_00_02_01.json,pattern,SOURCE_COMPLETE,
716,block ice 00 03 01,ice 2x2,4,sand,data\engine2d\bin\textures\text_241.pcx,"[192, 64, 255, 127, 192, 127]","[192, 64, 255, 64, 255, 127]",Terrain/Patterns/ice_2x2/716_block_ice_00_03_01.png,Terrain/Patterns/ice_2x2/716_block_ice_00_03_01.json,pattern,SOURCE_COMPLETE,
717,block ice 00 01 02,ice 2x2,4,sand,data\engine2d\bin\textures\text_241.pcx,"[64, 128, 127, 191, 64, 191]","[64, 128, 127, 128, 127, 191]",Terrain/Patterns/ice_2x2/717_block_ice_00_01_02.png,Terrain/Patterns/ice_2x2/717_block_ice_00_01_02.json,pattern,SOURCE_COMPLETE,
718,block ice 00 02 02,ice 2x2,4,sand,data\engine2d\bin\textures\text_241.pcx,"[128, 128, 191, 191, 128, 191]","[128, 128, 191, 128, 191, 191]",Terrain/Patterns/ice_2x2/718_block_ice_00_02_02.png,Terrain/Patterns/ice_2x2/718_block_ice_00_02_02.json,pattern,SOURCE_COMPLETE,
719,block ice 00 03 02,ice 2x2,4,sand,data\engine2d\bin\textures\text_241.pcx,"[192, 128, 255, 191, 192, 191]","[192, 128, 255, 128, 255, 191]",Terrain/Patterns/ice_2x2/719_block_ice_00_03_02.png,Terrain/Patterns/ice_2x2/719_block_ice_00_03_02.json,pattern,SOURCE_COMPLETE,
720,block ice 00 02 03,ice 2x2,4,sand,data\engine2d\bin\textures\text_241.pcx,"[128, 192, 191, 255, 128, 255]","[128, 192, 191, 192, 191, 255]",Terrain/Patterns/ice_2x2/720_block_ice_00_02_03.png,Terrain/Patterns/ice_2x2/720_block_ice_00_02_03.json,pattern,SOURCE_COMPLETE,
721,block ice 00 03 03,ice 2x2,4,sand,data\engine2d\bin\textures\text_241.pcx,"[192, 192, 255, 255, 192, 255]","[192, 192, 255, 192, 255, 255]",Terrain/Patterns/ice_2x2/721_block_ice_00_03_03.png,Terrain/Patterns/ice_2x2/721_block_ice_00_03_03.json,pattern,SOURCE_COMPLETE,
722,block ice 00 04 03,ice 2x2,4,sand,data\engine2d\bin\textures\text_241.pcx,"[0, 192, 63, 255, 0, 255]","[0, 192, 63, 192, 63, 255]",Terrain/Patterns/ice_2x2/722_block_ice_00_04_03.png,Terrain/Patterns/ice_2x2/722_block_ice_00_04_03.json,pattern,SOURCE_COMPLETE,
723,block ice 10 00 00,ice 2x2,4,sand,data\engine2d\bin\textures\text_242.pcx,"[0, 0, 63, 63, 0, 63]","[0, 0, 63, 0, 63, 63]",Terrain/Patterns/ice_2x2/723_block_ice_10_00_00.png,Terrain/Patterns/ice_2x2/723_block_ice_10_00_00.json,pattern,SOURCE_COMPLETE,
724,block ice 10 01 00,ice 2x2,4,sand,data\engine2d\bin\textures\text_242.pcx,"[64, 0, 127, 63, 64, 63]","[64, 0, 127, 0, 127, 63]",Terrain/Patterns/ice_2x2/724_block_ice_10_01_00.png,Terrain/Patterns/ice_2x2/724_block_ice_10_01_00.json,pattern,SOURCE_COMPLETE,
725,block ice 10 02 00,ice 2x2,4,sand,data\engine2d\bin\textures\text_242.pcx,"[128, 0, 191, 63, 128, 63]","[128, 0, 191, 0, 191, 63]",Terrain/Patterns/ice_2x2/725_block_ice_10_02_00.png,Terrain/Patterns/ice_2x2/725_block_ice_10_02_00.json,pattern,SOURCE_COMPLETE,
726,block ice 10 01 01,ice 2x2,4,sand,data\engine2d\bin\textures\text_242.pcx,"[64, 64, 127, 127, 64, 127]","[64, 64, 127, 64, 127, 127]",Terrain/Patterns/ice_2x2/726_block_ice_10_01_01.png,Terrain/Patterns/ice_2x2/726_block_ice_10_01_01.json,pattern,SOURCE_COMPLETE,
727,block ice 10 02 01,ice 2x2,4,sand,data\engine2d\bin\textures\text_242.pcx,"[128, 64, 191, 127, 128, 127]","[128, 64, 191, 64, 191, 127]",Terrain/Patterns/ice_2x2/727_block_ice_10_02_01.png,Terrain/Patterns/ice_2x2/727_block_ice_10_02_01.json,pattern,SOURCE_COMPLETE,
728,block ice 10 03 01,ice 2x2,4,sand,data\engine2d\bin\textures\text_242.pcx,"[192, 64, 255, 127, 192, 127]","[192, 64, 255, 64, 255, 127]",Terrain/Patterns/ice_2x2/728_block_ice_10_03_01.png,Terrain/Patterns/ice_2x2/728_block_ice_10_03_01.json,pattern,SOURCE_COMPLETE,
729,block ice 10 01 02,ice 2x2,4,sand,data\engine2d\bin\textures\text_242.pcx,"[64, 128, 127, 191, 64, 191]","[64, 128, 127, 128, 127, 191]",Terrain/Patterns/ice_2x2/729_block_ice_10_01_02.png,Terrain/Patterns/ice_2x2/729_block_ice_10_01_02.json,pattern,SOURCE_COMPLETE,
730,block ice 10 02 02,ice 2x2,4,sand,data\engine2d\bin\textures\text_242.pcx,"[128, 128, 191, 191, 128, 191]","[128, 128, 191, 128, 191, 191]",Terrain/Patterns/ice_2x2/730_block_ice_10_02_02.png,Terrain/Patterns/ice_2x2/730_block_ice_10_02_02.json,pattern,SOURCE_COMPLETE,
731,block ice 10 03 02,ice 2x2,4,sand,data\engine2d\bin\textures\text_242.pcx,"[192, 128, 255, 191, 192, 191]","[192, 128, 255, 128, 255, 191]",Terrain/Patterns/ice_2x2/731_block_ice_10_03_02.png,Terrain/Patterns/ice_2x2/731_block_ice_10_03_02.json,pattern,SOURCE_COMPLETE,
732,block ice 10 02 03,ice 2x2,4,sand,data\engine2d\bin\textures\text_242.pcx,"[128, 192, 191, 255, 128, 255]","[128, 192, 191, 192, 191, 255]",Terrain/Patterns/ice_2x2/732_block_ice_10_02_03.png,Terrain/Patterns/ice_2x2/732_block_ice_10_02_03.json,pattern,SOURCE_COMPLETE,
733,block ice 10 03 03,ice 2x2,4,sand,data\engine2d\bin\textures\text_242.pcx,"[192, 192, 255, 255, 192, 255]","[192, 192, 255, 192, 255, 255]",Terrain/Patterns/ice_2x2/733_block_ice_10_03_03.png,Terrain/Patterns/ice_2x2/733_block_ice_10_03_03.json,pattern,SOURCE_COMPLETE,
734,block ice 10 04 03,ice 2x2,4,sand,data\engine2d\bin\textures\text_242.pcx,"[0, 192, 63, 255, 0, 255]","[0, 192, 63, 192, 63, 255]",Terrain/Patterns/ice_2x2/734_block_ice_10_04_03.png,Terrain/Patterns/ice_2x2/734_block_ice_10_04_03.json,pattern,SOURCE_COMPLETE,
735,block ice 01 00 00,ice 2x2,4,sand,data\engine2d\bin\textures\text_243.pcx,"[0, 0, 63, 63, 0, 63]","[0, 0, 63, 0, 63, 63]",Terrain/Patterns/ice_2x2/735_block_ice_01_00_00.png,Terrain/Patterns/ice_2x2/735_block_ice_01_00_00.json,pattern,SOURCE_COMPLETE,
736,block ice 01 01 00,ice 2x2,4,sand,data\engine2d\bin\textures\text_243.pcx,"[64, 0, 127, 63, 64, 63]","[64, 0, 127, 0, 127, 63]",Terrain/Patterns/ice_2x2/736_block_ice_01_01_00.png,Terrain/Patterns/ice_2x2/736_block_ice_01_01_00.json,pattern,SOURCE_COMPLETE,
737,block ice 01 02 00,ice 2x2,4,sand,data\engine2d\bin\textures\text_243.pcx,"[128, 0, 191, 63, 128, 63]","[128, 0, 191, 0, 191, 63]",Terrain/Patterns/ice_2x2/737_block_ice_01_02_00.png,Terrain/Patterns/ice_2x2/737_block_ice_01_02_00.json,pattern,SOURCE_COMPLETE,
738,block ice 01 01 01,ice 2x2,4,sand,data\engine2d\bin\textures\text_243.pcx,"[64, 64, 127, 127, 64, 127]","[64, 64, 127, 64, 127, 127]",Terrain/Patterns/ice_2x2/738_block_ice_01_01_01.png,Terrain/Patterns/ice_2x2/738_block_ice_01_01_01.json,pattern,SOURCE_COMPLETE,
739,block ice 01 02 01,ice 2x2,4,sand,data\engine2d\bin\textures\text_243.pcx,"[128, 64, 191, 127, 128, 127]","[128, 64, 191, 64, 191, 127]",Terrain/Patterns/ice_2x2/739_block_ice_01_02_01.png,Terrain/Patterns/ice_2x2/739_block_ice_01_02_01.json,pattern,SOURCE_COMPLETE,
740,block ice 01 03 01,ice 2x2,4,sand,data\engine2d\bin\textures\text_243.pcx,"[192, 64, 255, 127, 192, 127]","[192, 64, 255, 64, 255, 127]",Terrain/Patterns/ice_2x2/740_block_ice_01_03_01.png,Terrain/Patterns/ice_2x2/740_block_ice_01_03_01.json,pattern,SOURCE_COMPLETE,
741,block ice 01 01 02,ice 2x2,4,sand,data\engine2d\bin\textures\text_243.pcx,"[64, 128, 127, 191, 64, 191]","[64, 128, 127, 128, 127, 191]",Terrain/Patterns/ice_2x2/741_block_ice_01_01_02.png,Terrain/Patterns/ice_2x2/741_block_ice_01_01_02.json,pattern,SOURCE_COMPLETE,
742,block ice 01 02 02,ice 2x2,4,sand,data\engine2d\bin\textures\text_243.pcx,"[128, 128, 191, 191, 128, 191]","[128, 128, 191, 128, 191, 191]",Terrain/Patterns/ice_2x2/742_block_ice_01_02_02.png,Terrain/Patterns/ice_2x2/742_block_ice_01_02_02.json,pattern,SOURCE_COMPLETE,
743,block ice 01 03 02,ice 2x2,4,sand,data\engine2d\bin\textures\text_243.pcx,"[192, 128, 255, 191, 192, 191]","[192, 128, 255, 128, 255, 191]",Terrain/Patterns/ice_2x2/743_block_ice_01_03_02.png,Terrain/Patterns/ice_2x2/743_block_ice_01_03_02.json,pattern,SOURCE_COMPLETE,
744,block ice 01 02 03,ice 2x2,4,sand,data\engine2d\bin\textures\text_243.pcx,"[128, 192, 191, 255, 128, 255]","[128, 192, 191, 192, 191, 255]",Terrain/Patterns/ice_2x2/744_block_ice_01_02_03.png,Terrain/Patterns/ice_2x2/744_block_ice_01_02_03.json,pattern,SOURCE_COMPLETE,
745,block ice 01 03 03,ice 2x2,4,sand,data\engine2d\bin\textures\text_243.pcx,"[192, 192, 255, 255, 192, 255]","[192, 192, 255, 192, 255, 255]",Terrain/Patterns/ice_2x2/745_block_ice_01_03_03.png,Terrain/Patterns/ice_2x2/745_block_ice_01_03_03.json,pattern,SOURCE_COMPLETE,
746,block ice 01 04 03,ice 2x2,4,sand,data\engine2d\bin\textures\text_243.pcx,"[0, 192, 63, 255, 0, 255]","[0, 192, 63, 192, 63, 255]",Terrain/Patterns/ice_2x2/746_block_ice_01_04_03.png,Terrain/Patterns/ice_2x2/746_block_ice_01_04_03.json,pattern,SOURCE_COMPLETE,
747,block ice 11 00 00,ice 2x2,4,sand,data\engine2d\bin\textures\text_244.pcx,"[0, 0, 63, 63, 0, 63]","[0, 0, 63, 0, 63, 63]",Terrain/Patterns/ice_2x2/747_block_ice_11_00_00.png,Terrain/Patterns/ice_2x2/747_block_ice_11_00_00.json,pattern,SOURCE_COMPLETE,
748,block ice 11 01 00,ice 2x2,4,sand,data\engine2d\bin\textures\text_244.pcx,"[64, 0, 127, 63, 64, 63]","[64, 0, 127, 0, 127, 63]",Terrain/Patterns/ice_2x2/748_block_ice_11_01_00.png,Terrain/Patterns/ice_2x2/748_block_ice_11_01_00.json,pattern,SOURCE_COMPLETE,
749,block ice 11 02 00,ice 2x2,4,sand,data\engine2d\bin\textures\text_244.pcx,"[128, 0, 191, 63, 128, 63]","[128, 0, 191, 0, 191, 63]",Terrain/Patterns/ice_2x2/749_block_ice_11_02_00.png,Terrain/Patterns/ice_2x2/749_block_ice_11_02_00.json,pattern,SOURCE_COMPLETE,
750,block ice 11 01 01,ice 2x2,4,sand,data\engine2d\bin\textures\text_244.pcx,"[64, 64, 127, 127, 64, 127]","[64, 64, 127, 64, 127, 127]",Terrain/Patterns/ice_2x2/750_block_ice_11_01_01.png,Terrain/Patterns/ice_2x2/750_block_ice_11_01_01.json,pattern,SOURCE_COMPLETE,
751,block ice 11 02 01,ice 2x2,4,sand,data\engine2d\bin\textures\text_244.pcx,"[128, 64, 191, 127, 128, 127]","[128, 64, 191, 64, 191, 127]",Terrain/Patterns/ice_2x2/751_block_ice_11_02_01.png,Terrain/Patterns/ice_2x2/751_block_ice_11_02_01.json,pattern,SOURCE_COMPLETE,
752,block ice 11 03 01,ice 2x2,4,sand,data\engine2d\bin\textures\text_244.pcx,"[192, 64, 255, 127, 192, 127]","[192, 64, 255, 64, 255, 127]",Terrain/Patterns/ice_2x2/752_block_ice_11_03_01.png,Terrain/Patterns/ice_2x2/752_block_ice_11_03_01.json,pattern,SOURCE_COMPLETE,
753,block ice 11 01 02,ice 2x2,4,sand,data\engine2d\bin\textures\text_244.pcx,"[64, 128, 127, 191, 64, 191]","[64, 128, 127, 128, 127, 191]",Terrain/Patterns/ice_2x2/753_block_ice_11_01_02.png,Terrain/Patterns/ice_2x2/753_block_ice_11_01_02.json,pattern,SOURCE_COMPLETE,
754,block ice 11 02 02,ice 2x2,4,sand,data\engine2d\bin\textures\text_244.pcx,"[128, 128, 191, 191, 128, 191]","[128, 128, 191, 128, 191, 191]",Terrain/Patterns/ice_2x2/754_block_ice_11_02_02.png,Terrain/Patterns/ice_2x2/754_block_ice_11_02_02.json,pattern,SOURCE_COMPLETE,
755,block ice 11 03 02,ice 2x2,4,sand,data\engine2d\bin\textures\text_244.pcx,"[192, 128, 255, 191, 192, 191]","[192, 128, 255, 128, 255, 191]",Terrain/Patterns/ice_2x2/755_block_ice_11_03_02.png,Terrain/Patterns/ice_2x2/755_block_ice_11_03_02.json,pattern,SOURCE_COMPLETE,
756,block ice 11 02 03,ice 2x2,4,sand,data\engine2d\bin\textures\text_244.pcx,"[128, 192, 191, 255, 128, 255]","[128, 192, 191, 192, 191, 255]",Terrain/Patterns/ice_2x2/756_block_ice_11_02_03.png,Terrain/Patterns/ice_2x2/756_block_ice_11_02_03.json,pattern,SOURCE_COMPLETE,
757,block ice 11 03 03,ice 2x2,4,sand,data\engine2d\bin\textures\text_244.pcx,"[192, 192, 255, 255, 192, 255]","[192, 192, 255, 192, 255, 255]",Terrain/Patterns/ice_2x2/757_block_ice_11_03_03.png,Terrain/Patterns/ice_2x2/757_block_ice_11_03_03.json,pattern,SOURCE_COMPLETE,
758,block ice 11 04 03,ice 2x2,4,sand,data\engine2d\bin\textures\text_244.pcx,"[0, 192, 63, 255, 0, 255]","[0, 192, 63, 192, 63, 255]",Terrain/Patterns/ice_2x2/758_block_ice_11_04_03.png,Terrain/Patterns/ice_2x2/758_block_ice_11_04_03.json,pattern,SOURCE_COMPLETE,
759,block water shallow 00 00 00,water bright,1,water,data\engine2d\bin\textures\text_245.pcx,"[0, 0, 63, 63, 0, 63]","[0, 0, 63, 0, 63, 63]",Terrain/Patterns/water_bright/759_block_water_shallow_00_00_00.png,Terrain/Patterns/water_bright/759_block_water_shallow_00_00_00.json,pattern,SOURCE_COMPLETE,
760,block water shallow 00 01 00,water bright,1,water,data\engine2d\bin\textures\text_245.pcx,"[64, 0, 127, 63, 64, 63]","[64, 0, 127, 0, 127, 63]",Terrain/Patterns/water_bright/760_block_water_shallow_00_01_00.png,Terrain/Patterns/water_bright/760_block_water_shallow_00_01_00.json,pattern,SOURCE_COMPLETE,
761,block water shallow 00 02 00,water bright,1,water,data\engine2d\bin\textures\text_245.pcx,"[128, 0, 191, 63, 128, 63]","[128, 0, 191, 0, 191, 63]",Terrain/Patterns/water_bright/761_block_water_shallow_00_02_00.png,Terrain/Patterns/water_bright/761_block_water_shallow_00_02_00.json,pattern,SOURCE_COMPLETE,
762,block water shallow 00 01 01,water bright,1,water,data\engine2d\bin\textures\text_245.pcx,"[64, 64, 127, 127, 64, 127]","[64, 64, 127, 64, 127, 127]",Terrain/Patterns/water_bright/762_block_water_shallow_00_01_01.png,Terrain/Patterns/water_bright/762_block_water_shallow_00_01_01.json,pattern,SOURCE_COMPLETE,
763,block water shallow 00 02 01,water bright,1,water,data\engine2d\bin\textures\text_245.pcx,"[128, 64, 191, 127, 128, 127]","[128, 64, 191, 64, 191, 127]",Terrain/Patterns/water_bright/763_block_water_shallow_00_02_01.png,Terrain/Patterns/water_bright/763_block_water_shallow_00_02_01.json,pattern,SOURCE_COMPLETE,
764,block water shallow 00 03 01,water bright,1,water,data\engine2d\bin\textures\text_245.pcx,"[192, 64, 255, 127, 192, 127]","[192, 64, 255, 64, 255, 127]",Terrain/Patterns/water_bright/764_block_water_shallow_00_03_01.png,Terrain/Patterns/water_bright/764_block_water_shallow_00_03_01.json,pattern,SOURCE_COMPLETE,
765,block water shallow 00 01 02,water bright,1,water,data\engine2d\bin\textures\text_245.pcx,"[64, 128, 127, 191, 64, 191]","[64, 128, 127, 128, 127, 191]",Terrain/Patterns/water_bright/765_block_water_shallow_00_01_02.png,Terrain/Patterns/water_bright/765_block_water_shallow_00_01_02.json,pattern,SOURCE_COMPLETE,
766,block water shallow 00 02 02,water bright,1,water,data\engine2d\bin\textures\text_245.pcx,"[128, 128, 191, 191, 128, 191]","[128, 128, 191, 128, 191, 191]",Terrain/Patterns/water_bright/766_block_water_shallow_00_02_02.png,Terrain/Patterns/water_bright/766_block_water_shallow_00_02_02.json,pattern,SOURCE_COMPLETE,
767,block water shallow 00 03 02,water bright,1,water,data\engine2d\bin\textures\text_245.pcx,"[192, 128, 255, 191, 192, 191]","[192, 128, 255, 128, 255, 191]",Terrain/Patterns/water_bright/767_block_water_shallow_00_03_02.png,Terrain/Patterns/water_bright/767_block_water_shallow_00_03_02.json,pattern,SOURCE_COMPLETE,
768,block water shallow 00 02 03,water bright,1,water,data\engine2d\bin\textures\text_245.pcx,"[128, 192, 191, 255, 128, 255]","[128, 192, 191, 192, 191, 255]",Terrain/Patterns/water_bright/768_block_water_shallow_00_02_03.png,Terrain/Patterns/water_bright/768_block_water_shallow_00_02_03.json,pattern,SOURCE_COMPLETE,
769,block water shallow 00 03 03,water bright,1,water,data\engine2d\bin\textures\text_245.pcx,"[192, 192, 255, 255, 192, 255]","[192, 192, 255, 192, 255, 255]",Terrain/Patterns/water_bright/769_block_water_shallow_00_03_03.png,Terrain/Patterns/water_bright/769_block_water_shallow_00_03_03.json,pattern,SOURCE_COMPLETE,
770,block water shallow 00 04 03,water bright,1,water,data\engine2d\bin\textures\text_245.pcx,"[0, 192, 63, 255, 0, 255]","[0, 192, 63, 192, 63, 255]",Terrain/Patterns/water_bright/770_block_water_shallow_00_04_03.png,Terrain/Patterns/water_bright/770_block_water_shallow_00_04_03.json,pattern,SOURCE_COMPLETE,
771,block water shallow 10 00 00,water bright,1,water,data\engine2d\bin\textures\text_246.pcx,"[0, 0, 63, 63, 0, 63]","[0, 0, 63, 0, 63, 63]",Terrain/Patterns/water_bright/771_block_water_shallow_10_00_00.png,Terrain/Patterns/water_bright/771_block_water_shallow_10_00_00.json,pattern,SOURCE_COMPLETE,
772,block water shallow 10 01 00,water bright,1,water,data\engine2d\bin\textures\text_246.pcx,"[64, 0, 127, 63, 64, 63]","[64, 0, 127, 0, 127, 63]",Terrain/Patterns/water_bright/772_block_water_shallow_10_01_00.png,Terrain/Patterns/water_bright/772_block_water_shallow_10_01_00.json,pattern,SOURCE_COMPLETE,
773,block water shallow 10 02 00,water bright,1,water,data\engine2d\bin\textures\text_246.pcx,"[128, 0, 191, 63, 128, 63]","[128, 0, 191, 0, 191, 63]",Terrain/Patterns/water_bright/773_block_water_shallow_10_02_00.png,Terrain/Patterns/water_bright/773_block_water_shallow_10_02_00.json,pattern,SOURCE_COMPLETE,
774,block water shallow 10 01 01,water bright,1,water,data\engine2d\bin\textures\text_246.pcx,"[64, 64, 127, 127, 64, 127]","[64, 64, 127, 64, 127, 127]",Terrain/Patterns/water_bright/774_block_water_shallow_10_01_01.png,Terrain/Patterns/water_bright/774_block_water_shallow_10_01_01.json,pattern,SOURCE_COMPLETE,
775,block water shallow 10 02 01,water bright,1,water,data\engine2d\bin\textures\text_246.pcx,"[128, 64, 191, 127, 128, 127]","[128, 64, 191, 64, 191, 127]",Terrain/Patterns/water_bright/775_block_water_shallow_10_02_01.png,Terrain/Patterns/water_bright/775_block_water_shallow_10_02_01.json,pattern,SOURCE_COMPLETE,
776,block water shallow 10 03 01,water bright,1,water,data\engine2d\bin\textures\text_246.pcx,"[192, 64, 255, 127, 192, 127]","[192, 64, 255, 64, 255, 127]",Terrain/Patterns/water_bright/776_block_water_shallow_10_03_01.png,Terrain/Patterns/water_bright/776_block_water_shallow_10_03_01.json,pattern,SOURCE_COMPLETE,
777,block water shallow 10 01 02,water bright,1,water,data\engine2d\bin\textures\text_246.pcx,"[64, 128, 127, 191, 64, 191]","[64, 128, 127, 128, 127, 191]",Terrain/Patterns/water_bright/777_block_water_shallow_10_01_02.png,Terrain/Patterns/water_bright/777_block_water_shallow_10_01_02.json,pattern,SOURCE_COMPLETE,
778,block water shallow 10 02 02,water bright,1,water,data\engine2d\bin\textures\text_246.pcx,"[128, 128, 191, 191, 128, 191]","[128, 128, 191, 128, 191, 191]",Terrain/Patterns/water_bright/778_block_water_shallow_10_02_02.png,Terrain/Patterns/water_bright/778_block_water_shallow_10_02_02.json,pattern,SOURCE_COMPLETE,
779,block water shallow 10 03 02,water bright,1,water,data\engine2d\bin\textures\text_246.pcx,"[192, 128, 255, 191, 192, 191]","[192, 128, 255, 128, 255, 191]",Terrain/Patterns/water_bright/779_block_water_shallow_10_03_02.png,Terrain/Patterns/water_bright/779_block_water_shallow_10_03_02.json,pattern,SOURCE_COMPLETE,
780,block water shallow 10 02 03,water bright,1,water,data\engine2d\bin\textures\text_246.pcx,"[128, 192, 191, 255, 128, 255]","[128, 192, 191, 192, 191, 255]",Terrain/Patterns/water_bright/780_block_water_shallow_10_02_03.png,Terrain/Patterns/water_bright/780_block_water_shallow_10_02_03.json,pattern,SOURCE_COMPLETE,
781,block water shallow 10 03 03,water bright,1,water,data\engine2d\bin\textures\text_246.pcx,"[192, 192, 255, 255, 192, 255]","[192, 192, 255, 192, 255, 255]",Terrain/Patterns/water_bright/781_block_water_shallow_10_03_03.png,Terrain/Patterns/water_bright/781_block_water_shallow_10_03_03.json,pattern,SOURCE_COMPLETE,
782,block water shallow 10 04 03,water bright,1,water,data\engine2d\bin\textures\text_246.pcx,"[0, 192, 63, 255, 0, 255]","[0, 192, 63, 192, 63, 255]",Terrain/Patterns/water_bright/782_block_water_shallow_10_04_03.png,Terrain/Patterns/water_bright/782_block_water_shallow_10_04_03.json,pattern,SOURCE_COMPLETE,
783,block water shallow 01 00 00,water bright,1,water,data\engine2d\bin\textures\text_247.pcx,"[0, 0, 63, 63, 0, 63]","[0, 0, 63, 0, 63, 63]",Terrain/Patterns/water_bright/783_block_water_shallow_01_00_00.png,Terrain/Patterns/water_bright/783_block_water_shallow_01_00_00.json,pattern,SOURCE_COMPLETE,
784,block water shallow 01 01 00,water bright,1,water,data\engine2d\bin\textures\text_247.pcx,"[64, 0, 127, 63, 64, 63]","[64, 0, 127, 0, 127, 63]",Terrain/Patterns/water_bright/784_block_water_shallow_01_01_00.png,Terrain/Patterns/water_bright/784_block_water_shallow_01_01_00.json,pattern,SOURCE_COMPLETE,
785,block water shallow 01 02 00,water bright,1,water,data\engine2d\bin\textures\text_247.pcx,"[128, 0, 191, 63, 128, 63]","[128, 0, 191, 0, 191, 63]",Terrain/Patterns/water_bright/785_block_water_shallow_01_02_00.png,Terrain/Patterns/water_bright/785_block_water_shallow_01_02_00.json,pattern,SOURCE_COMPLETE,
786,block water shallow 01 01 01,water bright,1,water,data\engine2d\bin\textures\text_247.pcx,"[64, 64, 127, 127, 64, 127]","[64, 64, 127, 64, 127, 127]",Terrain/Patterns/water_bright/786_block_water_shallow_01_01_01.png,Terrain/Patterns/water_bright/786_block_water_shallow_01_01_01.json,pattern,SOURCE_COMPLETE,
787,block water shallow 01 02 01,water bright,1,water,data\engine2d\bin\textures\text_247.pcx,"[128, 64, 191, 127, 128, 127]","[128, 64, 191, 64, 191, 127]",Terrain/Patterns/water_bright/787_block_water_shallow_01_02_01.png,Terrain/Patterns/water_bright/787_block_water_shallow_01_02_01.json,pattern,SOURCE_COMPLETE,
788,block water shallow 01 03 01,water bright,1,water,data\engine2d\bin\textures\text_247.pcx,"[192, 64, 255, 127, 192, 127]","[192, 64, 255, 64, 255, 127]",Terrain/Patterns/water_bright/788_block_water_shallow_01_03_01.png,Terrain/Patterns/water_bright/788_block_water_shallow_01_03_01.json,pattern,SOURCE_COMPLETE,
789,block water shallow 01 01 02,water bright,1,water,data\engine2d\bin\textures\text_247.pcx,"[64, 128, 127, 191, 64, 191]","[64, 128, 127, 128, 127, 191]",Terrain/Patterns/water_bright/789_block_water_shallow_01_01_02.png,Terrain/Patterns/water_bright/789_block_water_shallow_01_01_02.json,pattern,SOURCE_COMPLETE,
790,block water shallow 01 02 02,water bright,1,water,data\engine2d\bin\textures\text_247.pcx,"[128, 128, 191, 191, 128, 191]","[128, 128, 191, 128, 191, 191]",Terrain/Patterns/water_bright/790_block_water_shallow_01_02_02.png,Terrain/Patterns/water_bright/790_block_water_shallow_01_02_02.json,pattern,SOURCE_COMPLETE,
791,block water shallow 01 03 02,water bright,1,water,data\engine2d\bin\textures\text_247.pcx,"[192, 128, 255, 191, 192, 191]","[192, 128, 255, 128, 255, 191]",Terrain/Patterns/water_bright/791_block_water_shallow_01_03_02.png,Terrain/Patterns/water_bright/791_block_water_shallow_01_03_02.json,pattern,SOURCE_COMPLETE,
792,block water shallow 01 02 03,water bright,1,water,data\engine2d\bin\textures\text_247.pcx,"[128, 192, 191, 255, 128, 255]","[128, 192, 191, 192, 191, 255]",Terrain/Patterns/water_bright/792_block_water_shallow_01_02_03.png,Terrain/Patterns/water_bright/792_block_water_shallow_01_02_03.json,pattern,SOURCE_COMPLETE,
793,block water shallow 01 03 03,water bright,1,water,data\engine2d\bin\textures\text_247.pcx,"[192, 192, 255, 255, 192, 255]","[192, 192, 255, 192, 255, 255]",Terrain/Patterns/water_bright/793_block_water_shallow_01_03_03.png,Terrain/Patterns/water_bright/793_block_water_shallow_01_03_03.json,pattern,SOURCE_COMPLETE,
794,block water shallow 01 04 03,water bright,1,water,data\engine2d\bin\textures\text_247.pcx,"[0, 192, 63, 255, 0, 255]","[0, 192, 63, 192, 63, 255]",Terrain/Patterns/water_bright/794_block_water_shallow_01_04_03.png,Terrain/Patterns/water_bright/794_block_water_shallow_01_04_03.json,pattern,SOURCE_COMPLETE,
795,block water shallow 11 00 00,water bright,1,water,data\engine2d\bin\textures\text_248.pcx,"[0, 0, 63, 63, 0, 63]","[0, 0, 63, 0, 63, 63]",Terrain/Patterns/water_bright/795_block_water_shallow_11_00_00.png,Terrain/Patterns/water_bright/795_block_water_shallow_11_00_00.json,pattern,SOURCE_COMPLETE,
796,block water shallow 11 01 00,water bright,1,water,data\engine2d\bin\textures\text_248.pcx,"[64, 0, 127, 63, 64, 63]","[64, 0, 127, 0, 127, 63]",Terrain/Patterns/water_bright/796_block_water_shallow_11_01_00.png,Terrain/Patterns/water_bright/796_block_water_shallow_11_01_00.json,pattern,SOURCE_COMPLETE,
797,block water shallow 11 02 00,water bright,1,water,data\engine2d\bin\textures\text_248.pcx,"[128, 0, 191, 63, 128, 63]","[128, 0, 191, 0, 191, 63]",Terrain/Patterns/water_bright/797_block_water_shallow_11_02_00.png,Terrain/Patterns/water_bright/797_block_water_shallow_11_02_00.json,pattern,SOURCE_COMPLETE,
798,block water shallow 11 01 01,water bright,1,water,data\engine2d\bin\textures\text_248.pcx,"[64, 64, 127, 127, 64, 127]","[64, 64, 127, 64, 127, 127]",Terrain/Patterns/water_bright/798_block_water_shallow_11_01_01.png,Terrain/Patterns/water_bright/798_block_water_shallow_11_01_01.json,pattern,SOURCE_COMPLETE,
799,block water shallow 11 02 01,water bright,1,water,data\engine2d\bin\textures\text_248.pcx,"[128, 64, 191, 127, 128, 127]","[128, 64, 191, 64, 191, 127]",Terrain/Patterns/water_bright/799_block_water_shallow_11_02_01.png,Terrain/Patterns/water_bright/799_block_water_shallow_11_02_01.json,pattern,SOURCE_COMPLETE,
800,block water shallow 11 03 01,water bright,1,water,data\engine2d\bin\textures\text_248.pcx,"[192, 64, 255, 127, 192, 127]","[192, 64, 255, 64, 255, 127]",Terrain/Patterns/water_bright/800_block_water_shallow_11_03_01.png,Terrain/Patterns/water_bright/800_block_water_shallow_11_03_01.json,pattern,SOURCE_COMPLETE,
801,block water shallow 11 01 02,water bright,1,water,data\engine2d\bin\textures\text_248.pcx,"[64, 128, 127, 191, 64, 191]","[64, 128, 127, 128, 127, 191]",Terrain/Patterns/water_bright/801_block_water_shallow_11_01_02.png,Terrain/Patterns/water_bright/801_block_water_shallow_11_01_02.json,pattern,SOURCE_COMPLETE,
802,block water shallow 11 02 02,water bright,1,water,data\engine2d\bin\textures\text_248.pcx,"[128, 128, 191, 191, 128, 191]","[128, 128, 191, 128, 191, 191]",Terrain/Patterns/water_bright/802_block_water_shallow_11_02_02.png,Terrain/Patterns/water_bright/802_block_water_shallow_11_02_02.json,pattern,SOURCE_COMPLETE,
803,block water shallow 11 03 02,water bright,1,water,data\engine2d\bin\textures\text_248.pcx,"[192, 128, 255, 191, 192, 191]","[192, 128, 255, 128, 255, 191]",Terrain/Patterns/water_bright/803_block_water_shallow_11_03_02.png,Terrain/Patterns/water_bright/803_block_water_shallow_11_03_02.json,pattern,SOURCE_COMPLETE,
804,block water shallow 11 02 03,water bright,1,water,data\engine2d\bin\textures\text_248.pcx,"[128, 192, 191, 255, 128, 255]","[128, 192, 191, 192, 191, 255]",Terrain/Patterns/water_bright/804_block_water_shallow_11_02_03.png,Terrain/Patterns/water_bright/804_block_water_shallow_11_02_03.json,pattern,SOURCE_COMPLETE,
805,block water shallow 11 03 03,water bright,1,water,data\engine2d\bin\textures\text_248.pcx,"[192, 192, 255, 255, 192, 255]","[192, 192, 255, 192, 255, 255]",Terrain/Patterns/water_bright/805_block_water_shallow_11_03_03.png,Terrain/Patterns/water_bright/805_block_water_shallow_11_03_03.json,pattern,SOURCE_COMPLETE,
806,block water shallow 11 04 03,water bright,1,water,data\engine2d\bin\textures\text_248.pcx,"[0, 192, 63, 255, 0, 255]","[0, 192, 63, 192, 63, 255]",Terrain/Patterns/water_bright/806_block_water_shallow_11_04_03.png,Terrain/Patterns/water_bright/806_block_water_shallow_11_04_03.json,pattern,SOURCE_COMPLETE,
807,block plaster 00 00 00,plaster 1x1,10,plaster,data\engine2d\bin\textures\text_180.pcx,"[0, 0, 63, 63, 0, 63]","[0, 0, 63, 0, 63, 63]",Terrain/Patterns/plaster_1x1/807_block_plaster_00_00_00.png,Terrain/Patterns/plaster_1x1/807_block_plaster_00_00_00.json,pattern,SOURCE_COMPLETE,
808,block plaster 00 01 00,plaster 1x1,10,plaster,data\engine2d\bin\textures\text_180.pcx,"[64, 0, 127, 63, 64, 63]","[64, 0, 127, 0, 127, 63]",Terrain/Patterns/plaster_1x1/808_block_plaster_00_01_00.png,Terrain/Patterns/plaster_1x1/808_block_plaster_00_01_00.json,pattern,SOURCE_COMPLETE,
809,block plaster 00 02 00,plaster 1x1,10,plaster,data\engine2d\bin\textures\text_180.pcx,"[128, 0, 191, 63, 128, 63]","[128, 0, 191, 0, 191, 63]",Terrain/Patterns/plaster_1x1/809_block_plaster_00_02_00.png,Terrain/Patterns/plaster_1x1/809_block_plaster_00_02_00.json,pattern,SOURCE_COMPLETE,
810,block plaster 00 01 01,plaster 1x1,10,plaster,data\engine2d\bin\textures\text_180.pcx,"[64, 64, 127, 127, 64, 127]","[64, 64, 127, 64, 127, 127]",Terrain/Patterns/plaster_1x1/810_block_plaster_00_01_01.png,Terrain/Patterns/plaster_1x1/810_block_plaster_00_01_01.json,pattern,SOURCE_COMPLETE,
811,block plaster 00 02 01,plaster 1x1,10,plaster,data\engine2d\bin\textures\text_180.pcx,"[128, 64, 191, 127, 128, 127]","[128, 64, 191, 64, 191, 127]",Terrain/Patterns/plaster_1x1/811_block_plaster_00_02_01.png,Terrain/Patterns/plaster_1x1/811_block_plaster_00_02_01.json,pattern,SOURCE_COMPLETE,
812,block plaster 00 03 01,plaster 1x1,10,plaster,data\engine2d\bin\textures\text_180.pcx,"[192, 64, 255, 127, 192, 127]","[192, 64, 255, 64, 255, 127]",Terrain/Patterns/plaster_1x1/812_block_plaster_00_03_01.png,Terrain/Patterns/plaster_1x1/812_block_plaster_00_03_01.json,pattern,SOURCE_COMPLETE,
813,block plaster 00 01 02,plaster 1x1,10,plaster,data\engine2d\bin\textures\text_180.pcx,"[64, 128, 127, 191, 64, 191]","[64, 128, 127, 128, 127, 191]",Terrain/Patterns/plaster_1x1/813_block_plaster_00_01_02.png,Terrain/Patterns/plaster_1x1/813_block_plaster_00_01_02.json,pattern,SOURCE_COMPLETE,
814,block plaster 00 02 02,plaster 1x1,10,plaster,data\engine2d\bin\textures\text_180.pcx,"[128, 128, 191, 191, 128, 191]","[128, 128, 191, 128, 191, 191]",Terrain/Patterns/plaster_1x1/814_block_plaster_00_02_02.png,Terrain/Patterns/plaster_1x1/814_block_plaster_00_02_02.json,pattern,SOURCE_COMPLETE,
815,block plaster 00 03 02,plaster 1x1,10,plaster,data\engine2d\bin\textures\text_180.pcx,"[192, 128, 255, 191, 192, 191]","[192, 128, 255, 128, 255, 191]",Terrain/Patterns/plaster_1x1/815_block_plaster_00_03_02.png,Terrain/Patterns/plaster_1x1/815_block_plaster_00_03_02.json,pattern,SOURCE_COMPLETE,
816,block plaster 00 02 03,plaster 1x1,10,plaster,data\engine2d\bin\textures\text_180.pcx,"[128, 192, 191, 255, 128, 255]","[128, 192, 191, 192, 191, 255]",Terrain/Patterns/plaster_1x1/816_block_plaster_00_02_03.png,Terrain/Patterns/plaster_1x1/816_block_plaster_00_02_03.json,pattern,SOURCE_COMPLETE,
817,block plaster 00 03 03,plaster 1x1,10,plaster,data\engine2d\bin\textures\text_180.pcx,"[192, 192, 255, 255, 192, 255]","[192, 192, 255, 192, 255, 255]",Terrain/Patterns/plaster_1x1/817_block_plaster_00_03_03.png,Terrain/Patterns/plaster_1x1/817_block_plaster_00_03_03.json,pattern,SOURCE_COMPLETE,
818,block plaster 00 04 03,plaster 1x1,10,plaster,data\engine2d\bin\textures\text_180.pcx,"[0, 192, 63, 255, 0, 255]","[0, 192, 63, 192, 63, 255]",Terrain/Patterns/plaster_1x1/818_block_plaster_00_04_03.png,Terrain/Patterns/plaster_1x1/818_block_plaster_00_04_03.json,pattern,SOURCE_COMPLETE,
819,block desert a 00 00 00,desertBrown a,4,sand,data\engine2d\bin\textures\text_190.pcx,"[0, 0, 63, 63, 0, 63]","[0, 0, 63, 0, 63, 63]",Terrain/Patterns/desertBrown_a/819_block_desert_a_00_00_00.png,Terrain/Patterns/desertBrown_a/819_block_desert_a_00_00_00.json,pattern,SOURCE_COMPLETE,
820,block desert a 00 01 00,desertBrown a,4,sand,data\engine2d\bin\textures\text_190.pcx,"[64, 0, 127, 63, 64, 63]","[64, 0, 127, 0, 127, 63]",Terrain/Patterns/desertBrown_a/820_block_desert_a_00_01_00.png,Terrain/Patterns/desertBrown_a/820_block_desert_a_00_01_00.json,pattern,SOURCE_COMPLETE,
821,block desert a 00 02 00,desertBrown a,4,sand,data\engine2d\bin\textures\text_190.pcx,"[128, 0, 191, 63, 128, 63]","[128, 0, 191, 0, 191, 63]",Terrain/Patterns/desertBrown_a/821_block_desert_a_00_02_00.png,Terrain/Patterns/desertBrown_a/821_block_desert_a_00_02_00.json,pattern,SOURCE_COMPLETE,
822,block desert a 00 01 01,desertBrown a,4,sand,data\engine2d\bin\textures\text_190.pcx,"[64, 64, 127, 127, 64, 127]","[64, 64, 127, 64, 127, 127]",Terrain/Patterns/desertBrown_a/822_block_desert_a_00_01_01.png,Terrain/Patterns/desertBrown_a/822_block_desert_a_00_01_01.json,pattern,SOURCE_COMPLETE,
823,block desert a 00 02 01,desertBrown a,4,sand,data\engine2d\bin\textures\text_190.pcx,"[128, 64, 191, 127, 128, 127]","[128, 64, 191, 64, 191, 127]",Terrain/Patterns/desertBrown_a/823_block_desert_a_00_02_01.png,Terrain/Patterns/desertBrown_a/823_block_desert_a_00_02_01.json,pattern,SOURCE_COMPLETE,
824,block desert a 00 03 01,desertBrown a,4,sand,data\engine2d\bin\textures\text_190.pcx,"[192, 64, 255, 127, 192, 127]","[192, 64, 255, 64, 255, 127]",Terrain/Patterns/desertBrown_a/824_block_desert_a_00_03_01.png,Terrain/Patterns/desertBrown_a/824_block_desert_a_00_03_01.json,pattern,SOURCE_COMPLETE,
825,block desert a 00 01 02,desertBrown a,4,sand,data\engine2d\bin\textures\text_190.pcx,"[64, 128, 127, 191, 64, 191]","[64, 128, 127, 128, 127, 191]",Terrain/Patterns/desertBrown_a/825_block_desert_a_00_01_02.png,Terrain/Patterns/desertBrown_a/825_block_desert_a_00_01_02.json,pattern,SOURCE_COMPLETE,
826,block desert a 00 02 02,desertBrown a,4,sand,data\engine2d\bin\textures\text_190.pcx,"[128, 128, 191, 191, 128, 191]","[128, 128, 191, 128, 191, 191]",Terrain/Patterns/desertBrown_a/826_block_desert_a_00_02_02.png,Terrain/Patterns/desertBrown_a/826_block_desert_a_00_02_02.json,pattern,SOURCE_COMPLETE,
827,block desert a 00 03 02,desertBrown a,4,sand,data\engine2d\bin\textures\text_190.pcx,"[192, 128, 255, 191, 192, 191]","[192, 128, 255, 128, 255, 191]",Terrain/Patterns/desertBrown_a/827_block_desert_a_00_03_02.png,Terrain/Patterns/desertBrown_a/827_block_desert_a_00_03_02.json,pattern,SOURCE_COMPLETE,
828,block desert a 00 02 03,desertBrown a,4,sand,data\engine2d\bin\textures\text_190.pcx,"[128, 192, 191, 255, 128, 255]","[128, 192, 191, 192, 191, 255]",Terrain/Patterns/desertBrown_a/828_block_desert_a_00_02_03.png,Terrain/Patterns/desertBrown_a/828_block_desert_a_00_02_03.json,pattern,SOURCE_COMPLETE,
829,block desert a 00 03 03,desertBrown a,4,sand,data\engine2d\bin\textures\text_190.pcx,"[192, 192, 255, 255, 192, 255]","[192, 192, 255, 192, 255, 255]",Terrain/Patterns/desertBrown_a/829_block_desert_a_00_03_03.png,Terrain/Patterns/desertBrown_a/829_block_desert_a_00_03_03.json,pattern,SOURCE_COMPLETE,
830,block desert a 00 04 03,desertBrown a,4,sand,data\engine2d\bin\textures\text_190.pcx,"[0, 192, 63, 255, 0, 255]","[0, 192, 63, 192, 63, 255]",Terrain/Patterns/desertBrown_a/830_block_desert_a_00_04_03.png,Terrain/Patterns/desertBrown_a/830_block_desert_a_00_04_03.json,pattern,SOURCE_COMPLETE,
831,block desert b 00 00 00,desertBrown b,4,sand,data\engine2d\bin\textures\text_191.pcx,"[0, 0, 63, 63, 0, 63]","[0, 0, 63, 0, 63, 63]",Terrain/Patterns/desertBrown_b/831_block_desert_b_00_00_00.png,Terrain/Patterns/desertBrown_b/831_block_desert_b_00_00_00.json,pattern,SOURCE_COMPLETE,
832,block desert b 00 01 00,desertBrown b,4,sand,data\engine2d\bin\textures\text_191.pcx,"[64, 0, 127, 63, 64, 63]","[64, 0, 127, 0, 127, 63]",Terrain/Patterns/desertBrown_b/832_block_desert_b_00_01_00.png,Terrain/Patterns/desertBrown_b/832_block_desert_b_00_01_00.json,pattern,SOURCE_COMPLETE,
833,block desert b 00 02 00,desertBrown b,4,sand,data\engine2d\bin\textures\text_191.pcx,"[128, 0, 191, 63, 128, 63]","[128, 0, 191, 0, 191, 63]",Terrain/Patterns/desertBrown_b/833_block_desert_b_00_02_00.png,Terrain/Patterns/desertBrown_b/833_block_desert_b_00_02_00.json,pattern,SOURCE_COMPLETE,
834,block desert b 00 01 01,desertBrown b,4,sand,data\engine2d\bin\textures\text_191.pcx,"[64, 64, 127, 127, 64, 127]","[64, 64, 127, 64, 127, 127]",Terrain/Patterns/desertBrown_b/834_block_desert_b_00_01_01.png,Terrain/Patterns/desertBrown_b/834_block_desert_b_00_01_01.json,pattern,SOURCE_COMPLETE,
835,block desert b 00 02 01,desertBrown b,4,sand,data\engine2d\bin\textures\text_191.pcx,"[128, 64, 191, 127, 128, 127]","[128, 64, 191, 64, 191, 127]",Terrain/Patterns/desertBrown_b/835_block_desert_b_00_02_01.png,Terrain/Patterns/desertBrown_b/835_block_desert_b_00_02_01.json,pattern,SOURCE_COMPLETE,
836,block desert b 00 03 01,desertBrown b,4,sand,data\engine2d\bin\textures\text_191.pcx,"[192, 64, 255, 127, 192, 127]","[192, 64, 255, 64, 255, 127]",Terrain/Patterns/desertBrown_b/836_block_desert_b_00_03_01.png,Terrain/Patterns/desertBrown_b/836_block_desert_b_00_03_01.json,pattern,SOURCE_COMPLETE,
837,block desert b 00 01 02,desertBrown b,4,sand,data\engine2d\bin\textures\text_191.pcx,"[64, 128, 127, 191, 64, 191]","[64, 128, 127, 128, 127, 191]",Terrain/Patterns/desertBrown_b/837_block_desert_b_00_01_02.png,Terrain/Patterns/desertBrown_b/837_block_desert_b_00_01_02.json,pattern,SOURCE_COMPLETE,
838,block desert b 00 02 02,desertBrown b,4,sand,data\engine2d\bin\textures\text_191.pcx,"[128, 128, 191, 191, 128, 191]","[128, 128, 191, 128, 191, 191]",Terrain/Patterns/desertBrown_b/838_block_desert_b_00_02_02.png,Terrain/Patterns/desertBrown_b/838_block_desert_b_00_02_02.json,pattern,SOURCE_COMPLETE,
839,block desert b 00 03 02,desertBrown b,4,sand,data\engine2d\bin\textures\text_191.pcx,"[192, 128, 255, 191, 192, 191]","[192, 128, 255, 128, 255, 191]",Terrain/Patterns/desertBrown_b/839_block_desert_b_00_03_02.png,Terrain/Patterns/desertBrown_b/839_block_desert_b_00_03_02.json,pattern,SOURCE_COMPLETE,
840,block desert b 00 02 03,desertBrown b,4,sand,data\engine2d\bin\textures\text_191.pcx,"[128, 192, 191, 255, 128, 255]","[128, 192, 191, 192, 191, 255]",Terrain/Patterns/desertBrown_b/840_block_desert_b_00_02_03.png,Terrain/Patterns/desertBrown_b/840_block_desert_b_00_02_03.json,pattern,SOURCE_COMPLETE,
841,block desert b 00 03 03,desertBrown b,4,sand,data\engine2d\bin\textures\text_191.pcx,"[192, 192, 255, 255, 192, 255]","[192, 192, 255, 192, 255, 255]",Terrain/Patterns/desertBrown_b/841_block_desert_b_00_03_03.png,Terrain/Patterns/desertBrown_b/841_block_desert_b_00_03_03.json,pattern,SOURCE_COMPLETE,
842,block desert b 00 04 03,desertBrown b,4,sand,data\engine2d\bin\textures\text_191.pcx,"[0, 192, 63, 255, 0, 255]","[0, 192, 63, 192, 63, 255]",Terrain/Patterns/desertBrown_b/842_block_desert_b_00_04_03.png,Terrain/Patterns/desertBrown_b/842_block_desert_b_00_04_03.json,pattern,SOURCE_COMPLETE,
843,block desert c 00 00 00,desertBrown c,4,sand,data\engine2d\bin\textures\text_192.pcx,"[0, 0, 63, 63, 0, 63]","[0, 0, 63, 0, 63, 63]",Terrain/Patterns/desertBrown_c/843_block_desert_c_00_00_00.png,Terrain/Patterns/desertBrown_c/843_block_desert_c_00_00_00.json,pattern,SOURCE_COMPLETE,
844,block desert c 00 01 00,desertBrown c,4,sand,data\engine2d\bin\textures\text_192.pcx,"[64, 0, 127, 63, 64, 63]","[64, 0, 127, 0, 127, 63]",Terrain/Patterns/desertBrown_c/844_block_desert_c_00_01_00.png,Terrain/Patterns/desertBrown_c/844_block_desert_c_00_01_00.json,pattern,SOURCE_COMPLETE,
845,block desert c 00 02 00,desertBrown c,4,sand,data\engine2d\bin\textures\text_192.pcx,"[128, 0, 191, 63, 128, 63]","[128, 0, 191, 0, 191, 63]",Terrain/Patterns/desertBrown_c/845_block_desert_c_00_02_00.png,Terrain/Patterns/desertBrown_c/845_block_desert_c_00_02_00.json,pattern,SOURCE_COMPLETE,
846,block desert c 00 01 01,desertBrown c,4,sand,data\engine2d\bin\textures\text_192.pcx,"[64, 64, 127, 127, 64, 127]","[64, 64, 127, 64, 127, 127]",Terrain/Patterns/desertBrown_c/846_block_desert_c_00_01_01.png,Terrain/Patterns/desertBrown_c/846_block_desert_c_00_01_01.json,pattern,SOURCE_COMPLETE,
847,block desert c 00 02 01,desertBrown c,4,sand,data\engine2d\bin\textures\text_192.pcx,"[128, 64, 191, 127, 128, 127]","[128, 64, 191, 64, 191, 127]",Terrain/Patterns/desertBrown_c/847_block_desert_c_00_02_01.png,Terrain/Patterns/desertBrown_c/847_block_desert_c_00_02_01.json,pattern,SOURCE_COMPLETE,
848,block desert c 00 03 01,desertBrown c,4,sand,data\engine2d\bin\textures\text_192.pcx,"[192, 64, 255, 127, 192, 127]","[192, 64, 255, 64, 255, 127]",Terrain/Patterns/desertBrown_c/848_block_desert_c_00_03_01.png,Terrain/Patterns/desertBrown_c/848_block_desert_c_00_03_01.json,pattern,SOURCE_COMPLETE,
849,block desert c 00 01 02,desertBrown c,4,sand,data\engine2d\bin\textures\text_192.pcx,"[64, 128, 127, 191, 64, 191]","[64, 128, 127, 128, 127, 191]",Terrain/Patterns/desertBrown_c/849_block_desert_c_00_01_02.png,Terrain/Patterns/desertBrown_c/849_block_desert_c_00_01_02.json,pattern,SOURCE_COMPLETE,
850,block desert c 00 02 02,desertBrown c,4,sand,data\engine2d\bin\textures\text_192.pcx,"[128, 128, 191, 191, 128, 191]","[128, 128, 191, 128, 191, 191]",Terrain/Patterns/desertBrown_c/850_block_desert_c_00_02_02.png,Terrain/Patterns/desertBrown_c/850_block_desert_c_00_02_02.json,pattern,SOURCE_COMPLETE,
851,block desert c 00 03 02,desertBrown c,4,sand,data\engine2d\bin\textures\text_192.pcx,"[192, 128, 255, 191, 192, 191]","[192, 128, 255, 128, 255, 191]",Terrain/Patterns/desertBrown_c/851_block_desert_c_00_03_02.png,Terrain/Patterns/desertBrown_c/851_block_desert_c_00_03_02.json,pattern,SOURCE_COMPLETE,
852,block desert c 00 02 03,desertBrown c,4,sand,data\engine2d\bin\textures\text_192.pcx,"[128, 192, 191, 255, 128, 255]","[128, 192, 191, 192, 191, 255]",Terrain/Patterns/desertBrown_c/852_block_desert_c_00_02_03.png,Terrain/Patterns/desertBrown_c/852_block_desert_c_00_02_03.json,pattern,SOURCE_COMPLETE,
853,block desert c 00 03 03,desertBrown c,4,sand,data\engine2d\bin\textures\text_192.pcx,"[192, 192, 255, 255, 192, 255]","[192, 192, 255, 192, 255, 255]",Terrain/Patterns/desertBrown_c/853_block_desert_c_00_03_03.png,Terrain/Patterns/desertBrown_c/853_block_desert_c_00_03_03.json,pattern,SOURCE_COMPLETE,
854,block desert c 00 04 03,desertBrown c,4,sand,data\engine2d\bin\textures\text_192.pcx,"[0, 192, 63, 255, 0, 255]","[0, 192, 63, 192, 63, 255]",Terrain/Patterns/desertBrown_c/854_block_desert_c_00_04_03.png,Terrain/Patterns/desertBrown_c/854_block_desert_c_00_04_03.json,pattern,SOURCE_COMPLETE,
855,block desert d 00 00 00,desertBrown d,4,sand,data\engine2d\bin\textures\text_193.pcx,"[0, 0, 63, 63, 0, 63]","[0, 0, 63, 0, 63, 63]",Terrain/Patterns/desertBrown_d/855_block_desert_d_00_00_00.png,Terrain/Patterns/desertBrown_d/855_block_desert_d_00_00_00.json,pattern,SOURCE_COMPLETE,
856,block desert d 00 01 00,desertBrown d,4,sand,data\engine2d\bin\textures\text_193.pcx,"[64, 0, 127, 63, 64, 63]","[64, 0, 127, 0, 127, 63]",Terrain/Patterns/desertBrown_d/856_block_desert_d_00_01_00.png,Terrain/Patterns/desertBrown_d/856_block_desert_d_00_01_00.json,pattern,SOURCE_COMPLETE,
857,block desert d 00 02 00,desertBrown d,4,sand,data\engine2d\bin\textures\text_193.pcx,"[128, 0, 191, 63, 128, 63]","[128, 0, 191, 0, 191, 63]",Terrain/Patterns/desertBrown_d/857_block_desert_d_00_02_00.png,Terrain/Patterns/desertBrown_d/857_block_desert_d_00_02_00.json,pattern,SOURCE_COMPLETE,
858,block desert d 00 01 01,desertBrown d,4,sand,data\engine2d\bin\textures\text_193.pcx,"[64, 64, 127, 127, 64, 127]","[64, 64, 127, 64, 127, 127]",Terrain/Patterns/desertBrown_d/858_block_desert_d_00_01_01.png,Terrain/Patterns/desertBrown_d/858_block_desert_d_00_01_01.json,pattern,SOURCE_COMPLETE,
859,block desert d 00 02 01,desertBrown d,4,sand,data\engine2d\bin\textures\text_193.pcx,"[128, 64, 191, 127, 128, 127]","[128, 64, 191, 64, 191, 127]",Terrain/Patterns/desertBrown_d/859_block_desert_d_00_02_01.png,Terrain/Patterns/desertBrown_d/859_block_desert_d_00_02_01.json,pattern,SOURCE_COMPLETE,
860,block desert d 00 03 01,desertBrown d,4,sand,data\engine2d\bin\textures\text_193.pcx,"[192, 64, 255, 127, 192, 127]","[192, 64, 255, 64, 255, 127]",Terrain/Patterns/desertBrown_d/860_block_desert_d_00_03_01.png,Terrain/Patterns/desertBrown_d/860_block_desert_d_00_03_01.json,pattern,SOURCE_COMPLETE,
861,block desert d 00 01 02,desertBrown d,4,sand,data\engine2d\bin\textures\text_193.pcx,"[64, 128, 127, 191, 64, 191]","[64, 128, 127, 128, 127, 191]",Terrain/Patterns/desertBrown_d/861_block_desert_d_00_01_02.png,Terrain/Patterns/desertBrown_d/861_block_desert_d_00_01_02.json,pattern,SOURCE_COMPLETE,
862,block desert d 00 02 02,desertBrown d,4,sand,data\engine2d\bin\textures\text_193.pcx,"[128, 128, 191, 191, 128, 191]","[128, 128, 191, 128, 191, 191]",Terrain/Patterns/desertBrown_d/862_block_desert_d_00_02_02.png,Terrain/Patterns/desertBrown_d/862_block_desert_d_00_02_02.json,pattern,SOURCE_COMPLETE,
863,block desert d 00 03 02,desertBrown d,4,sand,data\engine2d\bin\textures\text_193.pcx,"[192, 128, 255, 191, 192, 191]","[192, 128, 255, 128, 255, 191]",Terrain/Patterns/desertBrown_d/863_block_desert_d_00_03_02.png,Terrain/Patterns/desertBrown_d/863_block_desert_d_00_03_02.json,pattern,SOURCE_COMPLETE,
864,block desert d 00 02 03,desertBrown d,4,sand,data\engine2d\bin\textures\text_193.pcx,"[128, 192, 191, 255, 128, 255]","[128, 192, 191, 192, 191, 255]",Terrain/Patterns/desertBrown_d/864_block_desert_d_00_02_03.png,Terrain/Patterns/desertBrown_d/864_block_desert_d_00_02_03.json,pattern,SOURCE_COMPLETE,
865,block desert d 00 03 03,desertBrown d,4,sand,data\engine2d\bin\textures\text_193.pcx,"[192, 192, 255, 255, 192, 255]","[192, 192, 255, 192, 255, 255]",Terrain/Patterns/desertBrown_d/865_block_desert_d_00_03_03.png,Terrain/Patterns/desertBrown_d/865_block_desert_d_00_03_03.json,pattern,SOURCE_COMPLETE,
866,block desert d 00 04 03,desertBrown d,4,sand,data\engine2d\bin\textures\text_193.pcx,"[0, 192, 63, 255, 0, 255]","[0, 192, 63, 192, 63, 255]",Terrain/Patterns/desertBrown_d/866_block_desert_d_00_04_03.png,Terrain/Patterns/desertBrown_d/866_block_desert_d_00_04_03.json,pattern,SOURCE_COMPLETE,
867,block lava 00 00 00,lava 1x1,5,moor,data\engine2d\bin\textures\text_185.pcx,"[0, 0, 63, 63, 0, 63]","[0, 0, 63, 0, 63, 63]",Terrain/Patterns/lava_1x1/867_block_lava_00_00_00.png,Terrain/Patterns/lava_1x1/867_block_lava_00_00_00.json,pattern,SOURCE_COMPLETE,
868,block lava 00 01 00,lava 1x1,5,moor,data\engine2d\bin\textures\text_185.pcx,"[64, 0, 127, 63, 64, 63]","[64, 0, 127, 0, 127, 63]",Terrain/Patterns/lava_1x1/868_block_lava_00_01_00.png,Terrain/Patterns/lava_1x1/868_block_lava_00_01_00.json,pattern,SOURCE_COMPLETE,
869,block lava 00 02 00,lava 1x1,5,moor,data\engine2d\bin\textures\text_185.pcx,"[128, 0, 191, 63, 128, 63]","[128, 0, 191, 0, 191, 63]",Terrain/Patterns/lava_1x1/869_block_lava_00_02_00.png,Terrain/Patterns/lava_1x1/869_block_lava_00_02_00.json,pattern,SOURCE_COMPLETE,
870,block lava 00 01 01,lava 1x1,5,moor,data\engine2d\bin\textures\text_185.pcx,"[64, 64, 127, 127, 64, 127]","[64, 64, 127, 64, 127, 127]",Terrain/Patterns/lava_1x1/870_block_lava_00_01_01.png,Terrain/Patterns/lava_1x1/870_block_lava_00_01_01.json,pattern,SOURCE_COMPLETE,
871,block lava 00 02 01,lava 1x1,5,moor,data\engine2d\bin\textures\text_185.pcx,"[128, 64, 191, 127, 128, 127]","[128, 64, 191, 64, 191, 127]",Terrain/Patterns/lava_1x1/871_block_lava_00_02_01.png,Terrain/Patterns/lava_1x1/871_block_lava_00_02_01.json,pattern,SOURCE_COMPLETE,
872,block lava 00 03 01,lava 1x1,5,moor,data\engine2d\bin\textures\text_185.pcx,"[192, 64, 255, 127, 192, 127]","[192, 64, 255, 64, 255, 127]",Terrain/Patterns/lava_1x1/872_block_lava_00_03_01.png,Terrain/Patterns/lava_1x1/872_block_lava_00_03_01.json,pattern,SOURCE_COMPLETE,
873,block lava 00 01 02,lava 1x1,5,moor,data\engine2d\bin\textures\text_185.pcx,"[64, 128, 127, 191, 64, 191]","[64, 128, 127, 128, 127, 191]",Terrain/Patterns/lava_1x1/873_block_lava_00_01_02.png,Terrain/Patterns/lava_1x1/873_block_lava_00_01_02.json,pattern,SOURCE_COMPLETE,
874,block lava 00 02 02,lava 1x1,5,moor,data\engine2d\bin\textures\text_185.pcx,"[128, 128, 191, 191, 128, 191]","[128, 128, 191, 128, 191, 191]",Terrain/Patterns/lava_1x1/874_block_lava_00_02_02.png,Terrain/Patterns/lava_1x1/874_block_lava_00_02_02.json,pattern,SOURCE_COMPLETE,
875,block lava 00 03 02,lava 1x1,5,moor,data\engine2d\bin\textures\text_185.pcx,"[192, 128, 255, 191, 192, 191]","[192, 128, 255, 128, 255, 191]",Terrain/Patterns/lava_1x1/875_block_lava_00_03_02.png,Terrain/Patterns/lava_1x1/875_block_lava_00_03_02.json,pattern,SOURCE_COMPLETE,
876,block lava 00 02 03,lava 1x1,5,moor,data\engine2d\bin\textures\text_185.pcx,"[128, 192, 191, 255, 128, 255]","[128, 192, 191, 192, 191, 255]",Terrain/Patterns/lava_1x1/876_block_lava_00_02_03.png,Terrain/Patterns/lava_1x1/876_block_lava_00_02_03.json,pattern,SOURCE_COMPLETE,
877,block lava 00 03 03,lava 1x1,5,moor,data\engine2d\bin\textures\text_185.pcx,"[192, 192, 255, 255, 192, 255]","[192, 192, 255, 192, 255, 255]",Terrain/Patterns/lava_1x1/877_block_lava_00_03_03.png,Terrain/Patterns/lava_1x1/877_block_lava_00_03_03.json,pattern,SOURCE_COMPLETE,
878,block lava 00 04 03,lava 1x1,5,moor,data\engine2d\bin\textures\text_185.pcx,"[0, 192, 63, 255, 0, 255]","[0, 192, 63, 192, 63, 255]",Terrain/Patterns/lava_1x1/878_block_lava_00_04_03.png,Terrain/Patterns/lava_1x1/878_block_lava_00_04_03.json,pattern,SOURCE_COMPLETE,
879,block Xsnow buildable 00 00 00,snow buildable 2x2,4,sand,data\engine2d\bin\textures\text_241.pcx,"[0, 0, 63, 63, 0, 63]","[0, 0, 63, 0, 63, 63]",Terrain/Patterns/snow_buildable_2x2/879_block_Xsnow_buildable_00_00_00.png,Terrain/Patterns/snow_buildable_2x2/879_block_Xsnow_buildable_00_00_00.json,pattern,SOURCE_COMPLETE,
880,block Xsnow buildable 00 01 00,snow buildable 2x2,4,sand,data\engine2d\bin\textures\text_241.pcx,"[64, 0, 127, 63, 64, 63]","[64, 0, 127, 0, 127, 63]",Terrain/Patterns/snow_buildable_2x2/880_block_Xsnow_buildable_00_01_00.png,Terrain/Patterns/snow_buildable_2x2/880_block_Xsnow_buildable_00_01_00.json,pattern,SOURCE_COMPLETE,
881,block Xsnow buildable 00 02 00,snow buildable 2x2,4,sand,data\engine2d\bin\textures\text_241.pcx,"[128, 0, 191, 63, 128, 63]","[128, 0, 191, 0, 191, 63]",Terrain/Patterns/snow_buildable_2x2/881_block_Xsnow_buildable_00_02_00.png,Terrain/Patterns/snow_buildable_2x2/881_block_Xsnow_buildable_00_02_00.json,pattern,SOURCE_COMPLETE,
882,block Xsnow buildable 00 01 01,snow buildable 2x2,4,sand,data\engine2d\bin\textures\text_241.pcx,"[64, 64, 127, 127, 64, 127]","[64, 64, 127, 64, 127, 127]",Terrain/Patterns/snow_buildable_2x2/882_block_Xsnow_buildable_00_01_01.png,Terrain/Patterns/snow_buildable_2x2/882_block_Xsnow_buildable_00_01_01.json,pattern,SOURCE_COMPLETE,
883,block Xsnow buildable 00 02 01,snow buildable 2x2,4,sand,data\engine2d\bin\textures\text_241.pcx,"[128, 64, 191, 127, 128, 127]","[128, 64, 191, 64, 191, 127]",Terrain/Patterns/snow_buildable_2x2/883_block_Xsnow_buildable_00_02_01.png,Terrain/Patterns/snow_buildable_2x2/883_block_Xsnow_buildable_00_02_01.json,pattern,SOURCE_COMPLETE,
884,block Xsnow buildable 00 03 01,snow buildable 2x2,4,sand,data\engine2d\bin\textures\text_241.pcx,"[192, 64, 255, 127, 192, 127]","[192, 64, 255, 64, 255, 127]",Terrain/Patterns/snow_buildable_2x2/884_block_Xsnow_buildable_00_03_01.png,Terrain/Patterns/snow_buildable_2x2/884_block_Xsnow_buildable_00_03_01.json,pattern,SOURCE_COMPLETE,
885,block Xsnow buildable 00 01 02,snow buildable 2x2,4,sand,data\engine2d\bin\textures\text_241.pcx,"[64, 128, 127, 191, 64, 191]","[64, 128, 127, 128, 127, 191]",Terrain/Patterns/snow_buildable_2x2/885_block_Xsnow_buildable_00_01_02.png,Terrain/Patterns/snow_buildable_2x2/885_block_Xsnow_buildable_00_01_02.json,pattern,SOURCE_COMPLETE,
886,block Xsnow buildable 00 02 02,snow buildable 2x2,4,sand,data\engine2d\bin\textures\text_241.pcx,"[128, 128, 191, 191, 128, 191]","[128, 128, 191, 128, 191, 191]",Terrain/Patterns/snow_buildable_2x2/886_block_Xsnow_buildable_00_02_02.png,Terrain/Patterns/snow_buildable_2x2/886_block_Xsnow_buildable_00_02_02.json,pattern,SOURCE_COMPLETE,
887,block Xsnow buildable 00 03 02,snow buildable 2x2,4,sand,data\engine2d\bin\textures\text_241.pcx,"[192, 128, 255, 191, 192, 191]","[192, 128, 255, 128, 255, 191]",Terrain/Patterns/snow_buildable_2x2/887_block_Xsnow_buildable_00_03_02.png,Terrain/Patterns/snow_buildable_2x2/887_block_Xsnow_buildable_00_03_02.json,pattern,SOURCE_COMPLETE,
888,block Xsnow buildable 00 02 03,snow buildable 2x2,4,sand,data\engine2d\bin\textures\text_241.pcx,"[128, 192, 191, 255, 128, 255]","[128, 192, 191, 192, 191, 255]",Terrain/Patterns/snow_buildable_2x2/888_block_Xsnow_buildable_00_02_03.png,Terrain/Patterns/snow_buildable_2x2/888_block_Xsnow_buildable_00_02_03.json,pattern,SOURCE_COMPLETE,
889,block Xsnow buildable 00 03 03,snow buildable 2x2,4,sand,data\engine2d\bin\textures\text_241.pcx,"[192, 192, 255, 255, 192, 255]","[192, 192, 255, 192, 255, 255]",Terrain/Patterns/snow_buildable_2x2/889_block_Xsnow_buildable_00_03_03.png,Terrain/Patterns/snow_buildable_2x2/889_block_Xsnow_buildable_00_03_03.json,pattern,SOURCE_COMPLETE,
890,block Xsnow buildable 00 04 03,snow buildable 2x2,4,sand,data\engine2d\bin\textures\text_241.pcx,"[0, 192, 63, 255, 0, 255]","[0, 192, 63, 192, 63, 255]",Terrain/Patterns/snow_buildable_2x2/890_block_Xsnow_buildable_00_04_03.png,Terrain/Patterns/snow_buildable_2x2/890_block_Xsnow_buildable_00_04_03.json,pattern,SOURCE_COMPLETE,
891,block Xsnow buildable 10 00 00,snow buildable 2x2,4,sand,data\engine2d\bin\textures\text_242.pcx,"[0, 0, 63, 63, 0, 63]","[0, 0, 63, 0, 63, 63]",Terrain/Patterns/snow_buildable_2x2/891_block_Xsnow_buildable_10_00_00.png,Terrain/Patterns/snow_buildable_2x2/891_block_Xsnow_buildable_10_00_00.json,pattern,SOURCE_COMPLETE,
892,block Xsnow buildable 10 01 00,snow buildable 2x2,4,sand,data\engine2d\bin\textures\text_242.pcx,"[64, 0, 127, 63, 64, 63]","[64, 0, 127, 0, 127, 63]",Terrain/Patterns/snow_buildable_2x2/892_block_Xsnow_buildable_10_01_00.png,Terrain/Patterns/snow_buildable_2x2/892_block_Xsnow_buildable_10_01_00.json,pattern,SOURCE_COMPLETE,
893,block Xsnow buildable 10 02 00,snow buildable 2x2,4,sand,data\engine2d\bin\textures\text_242.pcx,"[128, 0, 191, 63, 128, 63]","[128, 0, 191, 0, 191, 63]",Terrain/Patterns/snow_buildable_2x2/893_block_Xsnow_buildable_10_02_00.png,Terrain/Patterns/snow_buildable_2x2/893_block_Xsnow_buildable_10_02_00.json,pattern,SOURCE_COMPLETE,
894,block Xsnow buildable 10 01 01,snow buildable 2x2,4,sand,data\engine2d\bin\textures\text_242.pcx,"[64, 64, 127, 127, 64, 127]","[64, 64, 127, 64, 127, 127]",Terrain/Patterns/snow_buildable_2x2/894_block_Xsnow_buildable_10_01_01.png,Terrain/Patterns/snow_buildable_2x2/894_block_Xsnow_buildable_10_01_01.json,pattern,SOURCE_COMPLETE,
895,block Xsnow buildable 10 02 01,snow buildable 2x2,4,sand,data\engine2d\bin\textures\text_242.pcx,"[128, 64, 191, 127, 128, 127]","[128, 64, 191, 64, 191, 127]",Terrain/Patterns/snow_buildable_2x2/895_block_Xsnow_buildable_10_02_01.png,Terrain/Patterns/snow_buildable_2x2/895_block_Xsnow_buildable_10_02_01.json,pattern,SOURCE_COMPLETE,
896,block Xsnow buildable 10 03 01,snow buildable 2x2,4,sand,data\engine2d\bin\textures\text_242.pcx,"[192, 64, 255, 127, 192, 127]","[192, 64, 255, 64, 255, 127]",Terrain/Patterns/snow_buildable_2x2/896_block_Xsnow_buildable_10_03_01.png,Terrain/Patterns/snow_buildable_2x2/896_block_Xsnow_buildable_10_03_01.json,pattern,SOURCE_COMPLETE,
897,block Xsnow buildable 10 01 02,snow buildable 2x2,4,sand,data\engine2d\bin\textures\text_242.pcx,"[64, 128, 127, 191, 64, 191]","[64, 128, 127, 128, 127, 191]",Terrain/Patterns/snow_buildable_2x2/897_block_Xsnow_buildable_10_01_02.png,Terrain/Patterns/snow_buildable_2x2/897_block_Xsnow_buildable_10_01_02.json,pattern,SOURCE_COMPLETE,
898,block Xsnow buildable 10 02 02,snow buildable 2x2,4,sand,data\engine2d\bin\textures\text_242.pcx,"[128, 128, 191, 191, 128, 191]","[128, 128, 191, 128, 191, 191]",Terrain/Patterns/snow_buildable_2x2/898_block_Xsnow_buildable_10_02_02.png,Terrain/Patterns/snow_buildable_2x2/898_block_Xsnow_buildable_10_02_02.json,pattern,SOURCE_COMPLETE,
899,block Xsnow buildable 10 03 02,snow buildable 2x2,4,sand,data\engine2d\bin\textures\text_242.pcx,"[192, 128, 255, 191, 192, 191]","[192, 128, 255, 128, 255, 191]",Terrain/Patterns/snow_buildable_2x2/899_block_Xsnow_buildable_10_03_02.png,Terrain/Patterns/snow_buildable_2x2/899_block_Xsnow_buildable_10_03_02.json,pattern,SOURCE_COMPLETE,
900,block Xsnow buildable 10 02 03,snow buildable 2x2,4,sand,data\engine2d\bin\textures\text_242.pcx,"[128, 192, 191, 255, 128, 255]","[128, 192, 191, 192, 191, 255]",Terrain/Patterns/snow_buildable_2x2/900_block_Xsnow_buildable_10_02_03.png,Terrain/Patterns/snow_buildable_2x2/900_block_Xsnow_buildable_10_02_03.json,pattern,SOURCE_COMPLETE,
901,block Xsnow buildable 10 03 03,snow buildable 2x2,4,sand,data\engine2d\bin\textures\text_242.pcx,"[192, 192, 255, 255, 192, 255]","[192, 192, 255, 192, 255, 255]",Terrain/Patterns/snow_buildable_2x2/901_block_Xsnow_buildable_10_03_03.png,Terrain/Patterns/snow_buildable_2x2/901_block_Xsnow_buildable_10_03_03.json,pattern,SOURCE_COMPLETE,
902,block Xsnow buildable 10 04 03,snow buildable 2x2,4,sand,data\engine2d\bin\textures\text_242.pcx,"[0, 192, 63, 255, 0, 255]","[0, 192, 63, 192, 63, 255]",Terrain/Patterns/snow_buildable_2x2/902_block_Xsnow_buildable_10_04_03.png,Terrain/Patterns/snow_buildable_2x2/902_block_Xsnow_buildable_10_04_03.json,pattern,SOURCE_COMPLETE,
903,block Xsnow buildable 01 00 00,snow buildable 2x2,4,sand,data\engine2d\bin\textures\text_243.pcx,"[0, 0, 63, 63, 0, 63]","[0, 0, 63, 0, 63, 63]",Terrain/Patterns/snow_buildable_2x2/903_block_Xsnow_buildable_01_00_00.png,Terrain/Patterns/snow_buildable_2x2/903_block_Xsnow_buildable_01_00_00.json,pattern,SOURCE_COMPLETE,
904,block Xsnow buildable 01 01 00,snow buildable 2x2,4,sand,data\engine2d\bin\textures\text_243.pcx,"[64, 0, 127, 63, 64, 63]","[64, 0, 127, 0, 127, 63]",Terrain/Patterns/snow_buildable_2x2/904_block_Xsnow_buildable_01_01_00.png,Terrain/Patterns/snow_buildable_2x2/904_block_Xsnow_buildable_01_01_00.json,pattern,SOURCE_COMPLETE,
905,block Xsnow buildable 01 02 00,snow buildable 2x2,4,sand,data\engine2d\bin\textures\text_243.pcx,"[128, 0, 191, 63, 128, 63]","[128, 0, 191, 0, 191, 63]",Terrain/Patterns/snow_buildable_2x2/905_block_Xsnow_buildable_01_02_00.png,Terrain/Patterns/snow_buildable_2x2/905_block_Xsnow_buildable_01_02_00.json,pattern,SOURCE_COMPLETE,
906,block Xsnow buildable 01 01 01,snow buildable 2x2,4,sand,data\engine2d\bin\textures\text_243.pcx,"[64, 64, 127, 127, 64, 127]","[64, 64, 127, 64, 127, 127]",Terrain/Patterns/snow_buildable_2x2/906_block_Xsnow_buildable_01_01_01.png,Terrain/Patterns/snow_buildable_2x2/906_block_Xsnow_buildable_01_01_01.json,pattern,SOURCE_COMPLETE,
907,block Xsnow buildable 01 02 01,snow buildable 2x2,4,sand,data\engine2d\bin\textures\text_243.pcx,"[128, 64, 191, 127, 128, 127]","[128, 64, 191, 64, 191, 127]",Terrain/Patterns/snow_buildable_2x2/907_block_Xsnow_buildable_01_02_01.png,Terrain/Patterns/snow_buildable_2x2/907_block_Xsnow_buildable_01_02_01.json,pattern,SOURCE_COMPLETE,
908,block Xsnow buildable 01 03 01,snow buildable 2x2,4,sand,data\engine2d\bin\textures\text_243.pcx,"[192, 64, 255, 127, 192, 127]","[192, 64, 255, 64, 255, 127]",Terrain/Patterns/snow_buildable_2x2/908_block_Xsnow_buildable_01_03_01.png,Terrain/Patterns/snow_buildable_2x2/908_block_Xsnow_buildable_01_03_01.json,pattern,SOURCE_COMPLETE,
909,block Xsnow buildable 01 01 02,snow buildable 2x2,4,sand,data\engine2d\bin\textures\text_243.pcx,"[64, 128, 127, 191, 64, 191]","[64, 128, 127, 128, 127, 191]",Terrain/Patterns/snow_buildable_2x2/909_block_Xsnow_buildable_01_01_02.png,Terrain/Patterns/snow_buildable_2x2/909_block_Xsnow_buildable_01_01_02.json,pattern,SOURCE_COMPLETE,
910,block Xsnow buildable 01 02 02,snow buildable 2x2,4,sand,data\engine2d\bin\textures\text_243.pcx,"[128, 128, 191, 191, 128, 191]","[128, 128, 191, 128, 191, 191]",Terrain/Patterns/snow_buildable_2x2/910_block_Xsnow_buildable_01_02_02.png,Terrain/Patterns/snow_buildable_2x2/910_block_Xsnow_buildable_01_02_02.json,pattern,SOURCE_COMPLETE,
911,block Xsnow buildable 01 03 02,snow buildable 2x2,4,sand,data\engine2d\bin\textures\text_243.pcx,"[192, 128, 255, 191, 192, 191]","[192, 128, 255, 128, 255, 191]",Terrain/Patterns/snow_buildable_2x2/911_block_Xsnow_buildable_01_03_02.png,Terrain/Patterns/snow_buildable_2x2/911_block_Xsnow_buildable_01_03_02.json,pattern,SOURCE_COMPLETE,
912,block Xsnow buildable 01 02 03,snow buildable 2x2,4,sand,data\engine2d\bin\textures\text_243.pcx,"[128, 192, 191, 255, 128, 255]","[128, 192, 191, 192, 191, 255]",Terrain/Patterns/snow_buildable_2x2/912_block_Xsnow_buildable_01_02_03.png,Terrain/Patterns/snow_buildable_2x2/912_block_Xsnow_buildable_01_02_03.json,pattern,SOURCE_COMPLETE,
913,block Xsnow buildable 01 03 03,snow buildable 2x2,4,sand,data\engine2d\bin\textures\text_243.pcx,"[192, 192, 255, 255, 192, 255]","[192, 192, 255, 192, 255, 255]",Terrain/Patterns/snow_buildable_2x2/913_block_Xsnow_buildable_01_03_03.png,Terrain/Patterns/snow_buildable_2x2/913_block_Xsnow_buildable_01_03_03.json,pattern,SOURCE_COMPLETE,
914,block Xsnow buildable 01 04 03,snow buildable 2x2,4,sand,data\engine2d\bin\textures\text_243.pcx,"[0, 192, 63, 255, 0, 255]","[0, 192, 63, 192, 63, 255]",Terrain/Patterns/snow_buildable_2x2/914_block_Xsnow_buildable_01_04_03.png,Terrain/Patterns/snow_buildable_2x2/914_block_Xsnow_buildable_01_04_03.json,pattern,SOURCE_COMPLETE,
915,block Xsnow buildable 11 00 00,snow buildable 2x2,4,sand,data\engine2d\bin\textures\text_244.pcx,"[0, 0, 63, 63, 0, 63]","[0, 0, 63, 0, 63, 63]",Terrain/Patterns/snow_buildable_2x2/915_block_Xsnow_buildable_11_00_00.png,Terrain/Patterns/snow_buildable_2x2/915_block_Xsnow_buildable_11_00_00.json,pattern,SOURCE_COMPLETE,
916,block Xsnow buildable 11 01 00,snow buildable 2x2,4,sand,data\engine2d\bin\textures\text_244.pcx,"[64, 0, 127, 63, 64, 63]","[64, 0, 127, 0, 127, 63]",Terrain/Patterns/snow_buildable_2x2/916_block_Xsnow_buildable_11_01_00.png,Terrain/Patterns/snow_buildable_2x2/916_block_Xsnow_buildable_11_01_00.json,pattern,SOURCE_COMPLETE,
917,block Xsnow buildable 11 02 00,snow buildable 2x2,4,sand,data\engine2d\bin\textures\text_244.pcx,"[128, 0, 191, 63, 128, 63]","[128, 0, 191, 0, 191, 63]",Terrain/Patterns/snow_buildable_2x2/917_block_Xsnow_buildable_11_02_00.png,Terrain/Patterns/snow_buildable_2x2/917_block_Xsnow_buildable_11_02_00.json,pattern,SOURCE_COMPLETE,
918,block Xsnow buildable 11 01 01,snow buildable 2x2,4,sand,data\engine2d\bin\textures\text_244.pcx,"[64, 64, 127, 127, 64, 127]","[64, 64, 127, 64, 127, 127]",Terrain/Patterns/snow_buildable_2x2/918_block_Xsnow_buildable_11_01_01.png,Terrain/Patterns/snow_buildable_2x2/918_block_Xsnow_buildable_11_01_01.json,pattern,SOURCE_COMPLETE,
919,block Xsnow buildable 11 02 01,snow buildable 2x2,4,sand,data\engine2d\bin\textures\text_244.pcx,"[128, 64, 191, 127, 128, 127]","[128, 64, 191, 64, 191, 127]",Terrain/Patterns/snow_buildable_2x2/919_block_Xsnow_buildable_11_02_01.png,Terrain/Patterns/snow_buildable_2x2/919_block_Xsnow_buildable_11_02_01.json,pattern,SOURCE_COMPLETE,
920,block Xsnow buildable 11 03 01,snow buildable 2x2,4,sand,data\engine2d\bin\textures\text_244.pcx,"[192, 64, 255, 127, 192, 127]","[192, 64, 255, 64, 255, 127]",Terrain/Patterns/snow_buildable_2x2/920_block_Xsnow_buildable_11_03_01.png,Terrain/Patterns/snow_buildable_2x2/920_block_Xsnow_buildable_11_03_01.json,pattern,SOURCE_COMPLETE,
921,block Xsnow buildable 11 01 02,snow buildable 2x2,4,sand,data\engine2d\bin\textures\text_244.pcx,"[64, 128, 127, 191, 64, 191]","[64, 128, 127, 128, 127, 191]",Terrain/Patterns/snow_buildable_2x2/921_block_Xsnow_buildable_11_01_02.png,Terrain/Patterns/snow_buildable_2x2/921_block_Xsnow_buildable_11_01_02.json,pattern,SOURCE_COMPLETE,
922,block Xsnow buildable 11 02 02,snow buildable 2x2,4,sand,data\engine2d\bin\textures\text_244.pcx,"[128, 128, 191, 191, 128, 191]","[128, 128, 191, 128, 191, 191]",Terrain/Patterns/snow_buildable_2x2/922_block_Xsnow_buildable_11_02_02.png,Terrain/Patterns/snow_buildable_2x2/922_block_Xsnow_buildable_11_02_02.json,pattern,SOURCE_COMPLETE,
923,block Xsnow buildable 11 03 02,snow buildable 2x2,4,sand,data\engine2d\bin\textures\text_244.pcx,"[192, 128, 255, 191, 192, 191]","[192, 128, 255, 128, 255, 191]",Terrain/Patterns/snow_buildable_2x2/923_block_Xsnow_buildable_11_03_02.png,Terrain/Patterns/snow_buildable_2x2/923_block_Xsnow_buildable_11_03_02.json,pattern,SOURCE_COMPLETE,
924,block Xsnow buildable 11 02 03,snow buildable 2x2,4,sand,data\engine2d\bin\textures\text_244.pcx,"[128, 192, 191, 255, 128, 255]","[128, 192, 191, 192, 191, 255]",Terrain/Patterns/snow_buildable_2x2/924_block_Xsnow_buildable_11_02_03.png,Terrain/Patterns/snow_buildable_2x2/924_block_Xsnow_buildable_11_02_03.json,pattern,SOURCE_COMPLETE,
925,block Xsnow buildable 11 03 03,snow buildable 2x2,4,sand,data\engine2d\bin\textures\text_244.pcx,"[192, 192, 255, 255, 192, 255]","[192, 192, 255, 192, 255, 255]",Terrain/Patterns/snow_buildable_2x2/925_block_Xsnow_buildable_11_03_03.png,Terrain/Patterns/snow_buildable_2x2/925_block_Xsnow_buildable_11_03_03.json,pattern,SOURCE_COMPLETE,
926,block Xsnow buildable 11 04 03,snow buildable 2x2,4,sand,data\engine2d\bin\textures\text_244.pcx,"[0, 192, 63, 255, 0, 255]","[0, 192, 63, 192, 63, 255]",Terrain/Patterns/snow_buildable_2x2/926_block_Xsnow_buildable_11_04_03.png,Terrain/Patterns/snow_buildable_2x2/926_block_Xsnow_buildable_11_04_03.json,pattern,SOURCE_COMPLETE,
T0,meadow 1,transition:meadow,,,data\engine2d\bin\textures\tran_meadow.pcx,6,6,Terrain/Textures/tran_meadow.png,Terrain/Transitions/00_meadow_1.json,transition,SOURCE_COMPLETE,data\engine2d\bin\textures\tran_meadow_a.pcx
T1,meadow 2,transition:meadow,,,data\engine2d\bin\textures\tran_meadow.pcx,6,6,Terrain/Textures/tran_meadow.png,Terrain/Transitions/01_meadow_2.json,transition,SOURCE_COMPLETE,data\engine2d\bin\textures\tran_meadow_a.pcx
T2,meadow dark 1,transition:meadow dark,,,data\engine2d\bin\textures\tran_meadow_dark.pcx,6,6,Terrain/Textures/tran_meadow_dark.png,Terrain/Transitions/02_meadow_dark_1.json,transition,SOURCE_COMPLETE,data\engine2d\bin\textures\tran_meadow_dark_a.pcx
T3,meadow dark 2,transition:meadow dark,,,data\engine2d\bin\textures\tran_meadow_dark.pcx,6,6,Terrain/Textures/tran_meadow_dark.png,Terrain/Transitions/03_meadow_dark_2.json,transition,SOURCE_COMPLETE,data\engine2d\bin\textures\tran_meadow_dark_a.pcx
T4,meadow MegaDark 1,transition:meadow MegaDark,,,data\engine2d\bin\textures\tran_meadow_MegaDark.pcx,6,6,Terrain/Textures/tran_meadow_megadark.png,Terrain/Transitions/04_meadow_MegaDark_1.json,transition,SOURCE_COMPLETE,data\engine2d\bin\textures\tran_meadow_MegaDark_a.pcx
T5,meadow MegaDark 2,transition:meadow MegaDark,,,data\engine2d\bin\textures\tran_meadow_MegaDark.pcx,6,6,Terrain/Textures/tran_meadow_megadark.png,Terrain/Transitions/05_meadow_MegaDark_2.json,transition,SOURCE_COMPLETE,data\engine2d\bin\textures\tran_meadow_MegaDark_a.pcx
T6,mountain 1,transition:mountain,,,data\engine2d\bin\textures\tran_mountain.pcx,6,6,Terrain/Textures/tran_mountain.png,Terrain/Transitions/06_mountain_1.json,transition,SOURCE_COMPLETE,data\engine2d\bin\textures\tran_mountain_a.pcx
T7,mountain 2,transition:mountain,,,data\engine2d\bin\textures\tran_mountain.pcx,6,6,Terrain/Textures/tran_mountain.png,Terrain/Transitions/07_mountain_2.json,transition,SOURCE_COMPLETE,data\engine2d\bin\textures\tran_mountain_a.pcx
T8,sand 1,transition:sand,,,data\engine2d\bin\textures\tran_sand.pcx,6,6,Terrain/Textures/tran_sand.png,Terrain/Transitions/08_sand_1.json,transition,SOURCE_COMPLETE,data\engine2d\bin\textures\tran_sand_a.pcx
T9,sand 2,transition:sand,,,data\engine2d\bin\textures\tran_sand.pcx,6,6,Terrain/Textures/tran_sand.png,Terrain/Transitions/09_sand_2.json,transition,SOURCE_COMPLETE,data\engine2d\bin\textures\tran_sand_a.pcx
T10,water bright 1,transition:water bright,,,data\engine2d\bin\textures\tran_water_bright.pcx,6,6,Terrain/Textures/tran_water_bright.png,Terrain/Transitions/10_water_bright_1.json,transition,SOURCE_COMPLETE,data\engine2d\bin\textures\tran_water_bright_a.pcx
T11,water bright 2,transition:water bright,,,data\engine2d\bin\textures\tran_water_bright.pcx,6,6,Terrain/Textures/tran_water_bright.png,Terrain/Transitions/11_water_bright_2.json,transition,SOURCE_COMPLETE,data\engine2d\bin\textures\tran_water_bright_a.pcx
T12,coast 1,transition:meadow,,,data\engine2d\bin\textures\tran_water_coast.pcx,6,6,Terrain/Textures/tran_water_coast.png,Terrain/Transitions/12_coast_1.json,transition,SOURCE_COMPLETE,data\engine2d\bin\textures\tran_water_coast_a.pcx
T13,coast 2,transition:meadow,,,data\engine2d\bin\textures\tran_water_coast.pcx,6,6,Terrain/Textures/tran_water_coast.png,Terrain/Transitions/13_coast_2.json,transition,SOURCE_COMPLETE,data\engine2d\bin\textures\tran_water_coast_a.pcx
T14,mud 1,transition:mud,,,data\engine2d\bin\textures\tran_mud.pcx,6,6,Terrain/Textures/tran_mud.png,Terrain/Transitions/14_mud_1.json,transition,SOURCE_COMPLETE,data\engine2d\bin\textures\tran_mud_a.pcx
T15,mud 2,transition:mud,,,data\engine2d\bin\textures\tran_mud.pcx,6,6,Terrain/Textures/tran_mud.png,Terrain/Transitions/15_mud_2.json,transition,SOURCE_COMPLETE,data\engine2d\bin\textures\tran_mud_a.pcx
T16,concrete 1,transition:concrete,,,data\engine2d\bin\textures\tran_concrete.pcx,6,6,Terrain/Textures/tran_concrete.png,Terrain/Transitions/16_concrete_1.json,transition,SOURCE_COMPLETE,data\engine2d\bin\textures\tran_concrete_a.pcx
T17,concrete 2,transition:concrete,,,data\engine2d\bin\textures\tran_concrete.pcx,6,6,Terrain/Textures/tran_concrete.png,Terrain/Transitions/17_concrete_2.json,transition,SOURCE_COMPLETE,data\engine2d\bin\textures\tran_concrete_a.pcx
T18,swamp 1,transition:swamp,,,data\engine2d\bin\textures\tran_swamp.pcx,6,6,Terrain/Textures/tran_swamp.png,Terrain/Transitions/18_swamp_1.json,transition,SOURCE_COMPLETE,data\engine2d\bin\textures\tran_swamp_a.pcx
T19,swamp 2,transition:swamp,,,data\engine2d\bin\textures\tran_swamp.pcx,6,6,Terrain/Textures/tran_swamp.png,Terrain/Transitions/19_swamp_2.json,transition,SOURCE_COMPLETE,data\engine2d\bin\textures\tran_swamp_a.pcx
T20,DesertBrown 1,transition:DesertBrown,,,data\engine2d\bin\textures\tran_DesertBrown.pcx,6,6,Terrain/Textures/tran_desertbrown.png,Terrain/Transitions/20_DesertBrown_1.json,transition,SOURCE_COMPLETE,data\engine2d\bin\textures\tran_DesertBrown_a.pcx
T21,DesertBrown 2,transition:DesertBrown,,,data\engine2d\bin\textures\tran_DesertBrown.pcx,6,6,Terrain/Textures/tran_desertbrown.png,Terrain/Transitions/21_DesertBrown_2.json,transition,SOURCE_COMPLETE,data\engine2d\bin\textures\tran_DesertBrown_a.pcx
T22,DesertBrown 1a,transition:DesertBrown a,,,data\engine2d\bin\textures\text_190.pcx,6,6,Terrain/Textures/text_190.png,Terrain/Transitions/22_DesertBrown_1a.json,transition,SOURCE_COMPLETE,data\engine2d\bin\textures\tran_Desert_ad_a.pcx
T23,DesertBrown 2a,transition:DesertBrown a,,,data\engine2d\bin\textures\text_190.pcx,6,6,Terrain/Textures/text_190.png,Terrain/Transitions/23_DesertBrown_2a.json,transition,SOURCE_COMPLETE,data\engine2d\bin\textures\tran_Desert_ad_a.pcx
T24,DesertBrown 1b,transition:DesertBrown b,,,data\engine2d\bin\textures\text_191.pcx,6,6,Terrain/Textures/text_191.png,Terrain/Transitions/24_DesertBrown_1b.json,transition,SOURCE_COMPLETE,data\engine2d\bin\textures\tran_Desert_ad_a.pcx
T25,DesertBrown 2b,transition:DesertBrown b,,,data\engine2d\bin\textures\text_191.pcx,6,6,Terrain/Textures/text_191.png,Terrain/Transitions/25_DesertBrown_2b.json,transition,SOURCE_COMPLETE,data\engine2d\bin\textures\tran_Desert_ad_a.pcx
T26,DesertBrown 1c,transition:DesertBrown c,,,data\engine2d\bin\textures\text_192.pcx,6,6,Terrain/Textures/text_192.png,Terrain/Transitions/26_DesertBrown_1c.json,transition,SOURCE_COMPLETE,data\engine2d\bin\textures\tran_Desert_ad_a.pcx
T27,DesertBrown 2c,transition:DesertBrown c,,,data\engine2d\bin\textures\text_192.pcx,6,6,Terrain/Textures/text_192.png,Terrain/Transitions/27_DesertBrown_2c.json,transition,SOURCE_COMPLETE,data\engine2d\bin\textures\tran_Desert_ad_a.pcx
T28,DesertBrown 1d,transition:DesertBrown d,,,data\engine2d\bin\textures\text_193.pcx,6,6,Terrain/Textures/text_193.png,Terrain/Transitions/28_DesertBrown_1d.json,transition,SOURCE_COMPLETE,data\engine2d\bin\textures\tran_Desert_ad_a.pcx
T29,DesertBrown 2d,transition:DesertBrown d,,,data\engine2d\bin\textures\text_193.pcx,6,6,Terrain/Textures/text_193.png,Terrain/Transitions/29_DesertBrown_2d.json,transition,SOURCE_COMPLETE,data\engine2d\bin\textures\tran_Desert_ad_a.pcx
T30,overlay road 1,transition:road,,,data\engine2d\bin\textures\overlay_road.pcx,6,6,Terrain/Textures/overlay_road.png,Terrain/Transitions/30_overlay_road_1.json,transition,SOURCE_COMPLETE,data\engine2d\bin\textures\overlay_road_a.pcx
T31,overlay road 2,transition:road,,,data\engine2d\bin\textures\overlay_road.pcx,6,6,Terrain/Textures/overlay_road.png,Terrain/Transitions/31_overlay_road_2.json,transition,SOURCE_COMPLETE,data\engine2d\bin\textures\overlay_road_a.pcx
T32,overlay house 1,transition:house,,,data\engine2d\bin\textures\overlay_house.pcx,6,6,Terrain/Textures/overlay_house.png,Terrain/Transitions/32_overlay_house_1.json,transition,SOURCE_COMPLETE,data\engine2d\bin\textures\overlay_house_a.pcx
T33,overlay house 2,transition:house,,,data\engine2d\bin\textures\overlay_house.pcx,6,6,Terrain/Textures/overlay_house.png,Terrain/Transitions/33_overlay_house_2.json,transition,SOURCE_COMPLETE,data\engine2d\bin\textures\overlay_house_a.pcx
T34,snow 1,transition:snow,,,data\engine2d\bin\textures\tran_snow.pcx,6,6,Terrain/Textures/tran_snow.png,Terrain/Transitions/34_snow_1.json,transition,SOURCE_COMPLETE,data\engine2d\bin\textures\tran_snow_a.pcx
T35,snow 2,transition:snow,,,data\engine2d\bin\textures\tran_snow.pcx,6,6,Terrain/Textures/tran_snow.png,Terrain/Transitions/35_snow_2.json,transition,SOURCE_COMPLETE,data\engine2d\bin\textures\tran_snow_a.pcx
T36,ice 1,transition:ice,,,data\engine2d\bin\textures\tran_ice.pcx,6,6,Terrain/Textures/tran_ice.png,Terrain/Transitions/36_ice_1.json,transition,SOURCE_COMPLETE,data\engine2d\bin\textures\tran_ice_a.pcx
T37,ice 2,transition:ice,,,data\engine2d\bin\textures\tran_ice.pcx,6,6,Terrain/Textures/tran_ice.png,Terrain/Transitions/37_ice_2.json,transition,SOURCE_COMPLETE,data\engine2d\bin\textures\tran_ice_a.pcx
