LIBRARY,BOB_ID,KIND,WIDTH,HEIGHT,PIVOT,EVIDENCE,PALETTES,OUTPUTS,INDEX_DATA,STATUS,CONFIDENCE,UI_GROUP,TOOLTIPS,USAGE,PRIMARY_STATUS,ENTRY_ID,ENTRY_NAME,SHA256,MAGIC,VERSION,FIELD_08,LINE_HEIGHT,GLYPHS,OUTPUT,DUPLICATE_OF,FORMAT,CATEGORY,VALIDATION,PALETTE_SOURCE,SWATCH,MODE,PREVIEW
data\gui\lang\eng\bobs\ls_gui_window.bmd,0,4,7,7,"[2, 3]","[""skin_tiled_frame.hpp:52""]","[""data\\gui\\palettes\\frame.pcx""]","[""UI/Sprites/ls_gui_window/frame/bob_0000.png""]",UI/Sprites/ls_gui_window/_index_data/bob_0000.png,PALETTE_EVIDENCED,PIXEL_CONFIRMED,frames/borders,[],"[""UiSkin_DrawTiledFrame 0x004E2445 corners""]",PIXEL_CONFIRMED,,,,,,,,,,,,,,,,,
data\gui\lang\eng\bobs\ls_gui_window.bmd,1,4,7,7,"[4, 3]","[""skin_tiled_frame.hpp:52""]","[""data\\gui\\palettes\\frame.pcx""]","[""UI/Sprites/ls_gui_window/frame/bob_0001.png""]",UI/Sprites/ls_gui_window/_index_data/bob_0001.png,PALETTE_EVIDENCED,PIXEL_CONFIRMED,frames/borders,[],"[""UiSkin_DrawTiledFrame 0x004E2445 corners""]",PIXEL_CONFIRMED,,,,,,,,,,,,,,,,,
data\gui\lang\eng\bobs\ls_gui_window.bmd,2,4,10,10,"[7, 8]","[""skin_tiled_frame.hpp:52""]","[""data\\gui\\palettes\\frame.pcx""]","[""UI/Sprites/ls_gui_window/frame/bob_0002.png""]",UI/Sprites/ls_gui_window/_index_data/bob_0002.png,PALETTE_EVIDENCED,PIXEL_CONFIRMED,frames/borders,[],"[""UiSkin_DrawTiledFrame 0x004E2445 corners""]",PIXEL_CONFIRMED,,,,,,,,,,,,,,,,,
data\gui\lang\eng\bobs\ls_gui_window.bmd,3,4,10,10,"[2, 8]","[""skin_tiled_frame.hpp:52""]","[""data\\gui\\palettes\\frame.pcx""]","[""UI/Sprites/ls_gui_window/frame/bob_0003.png""]",UI/Sprites/ls_gui_window/_index_data/bob_0003.png,PALETTE_EVIDENCED,PIXEL_CONFIRMED,frames/borders,[],"[""UiSkin_DrawTiledFrame 0x004E2445 corners""]",PIXEL_CONFIRMED,,,,,,,,,,,,,,,,,
data\gui\lang\eng\bobs\ls_gui_window.bmd,4,1,128,3,"[100, 12]",[],[],[],UI/Sprites/ls_gui_window/_index_data/bob_0004.png,PALETTE_UNKNOWN (index data only),UNKNOWN,UNKNOWN usage,[],[],UNKNOWN,,,,,,,,,,,,,,,,,
data\gui\lang\eng\bobs\ls_gui_window.bmd,5,1,128,3,"[0, 1]","[""skin_tiled_frame.hpp:52""]","[""data\\gui\\palettes\\bg_normal.pcx""]","[""UI/Sprites/ls_gui_window/bg_normal/bob_0005.png""]",UI/Sprites/ls_gui_window/_index_data/bob_0005.png,PALETTE_EVIDENCED,PIXEL_CONFIRMED,frames/borders,[],"[""UiSkin_DrawTiledFrame 0x004E2445 edges""]",PIXEL_CONFIRMED,,,,,,,,,,,,,,,,,
data\gui\lang\eng\bobs\ls_gui_window.bmd,6,1,3,128,"[1, 0]","[""skin_tiled_frame.hpp:52""]","[""data\\gui\\palettes\\bg_normal.pcx""]","[""UI/Sprites/ls_gui_window/bg_normal/bob_0006.png""]",UI/Sprites/ls_gui_window/_index_data/bob_0006.png,PALETTE_EVIDENCED,PIXEL_CONFIRMED,frames/borders,[],"[""UiSkin_DrawTiledFrame 0x004E2445 edges""]",PIXEL_CONFIRMED,,,,,,,,,,,,,,,,,
data\gui\lang\eng\bobs\ls_gui_window.bmd,7,1,128,3,"[0, 0]","[""skin_tiled_frame.hpp:52""]","[""data\\gui\\palettes\\bg_normal.pcx""]","[""UI/Sprites/ls_gui_window/bg_normal/bob_0007.png""]",UI/Sprites/ls_gui_window/_index_data/bob_0007.png,PALETTE_EVIDENCED,PIXEL_CONFIRMED,frames/borders,[],"[""UiSkin_DrawTiledFrame 0x004E2445 edges""]",PIXEL_CONFIRMED,,,,,,,,,,,,,,,,,
data\gui\lang\eng\bobs\ls_gui_window.bmd,8,1,3,128,"[0, 0]","[""skin_tiled_frame.hpp:52""]","[""data\\gui\\palettes\\bg_normal.pcx""]","[""UI/Sprites/ls_gui_window/bg_normal/bob_0008.png""]",UI/Sprites/ls_gui_window/_index_data/bob_0008.png,PALETTE_EVIDENCED,PIXEL_CONFIRMED,frames/borders,[],"[""UiSkin_DrawTiledFrame 0x004E2445 edges""]",PIXEL_CONFIRMED,,,,,,,,,,,,,,,,,
data\gui\lang\eng\bobs\ls_gui_window.bmd,9,4,5,5,"[-1, -1]","[""skin_tiled_frame.hpp:52""]","[""data\\gui\\palettes\\frame.pcx""]","[""UI/Sprites/ls_gui_window/frame/bob_0009.png""]",UI/Sprites/ls_gui_window/_index_data/bob_0009.png,PALETTE_EVIDENCED,PIXEL_CONFIRMED,frames/borders,[],"[""UiSkin_DrawTiledFrame 0x004E2445 corners""]",PIXEL_CONFIRMED,,,,,,,,,,,,,,,,,
data\gui\lang\eng\bobs\ls_gui_window.bmd,10,4,5,5,"[5, -1]","[""skin_tiled_frame.hpp:52""]","[""data\\gui\\palettes\\frame.pcx""]","[""UI/Sprites/ls_gui_window/frame/bob_0010.png""]",UI/Sprites/ls_gui_window/_index_data/bob_0010.png,PALETTE_EVIDENCED,PIXEL_CONFIRMED,frames/borders,[],"[""UiSkin_DrawTiledFrame 0x004E2445 corners""]",PIXEL_CONFIRMED,,,,,,,,,,,,,,,,,
data\gui\lang\eng\bobs\ls_gui_window.bmd,11,4,5,5,"[5, 5]","[""skin_tiled_frame.hpp:52""]","[""data\\gui\\palettes\\frame.pcx""]","[""UI/Sprites/ls_gui_window/frame/bob_0011.png""]",UI/Sprites/ls_gui_window/_index_data/bob_0011.png,PALETTE_EVIDENCED,PIXEL_CONFIRMED,frames/borders,[],"[""UiSkin_DrawTiledFrame 0x004E2445 corners""]",PIXEL_CONFIRMED,,,,,,,,,,,,,,,,,
data\gui\lang\eng\bobs\ls_gui_window.bmd,12,4,5,5,"[-1, 5]","[""skin_tiled_frame.hpp:52""]","[""data\\gui\\palettes\\frame.pcx""]","[""UI/Sprites/ls_gui_window/frame/bob_0012.png""]",UI/Sprites/ls_gui_window/_index_data/bob_0012.png,PALETTE_EVIDENCED,PIXEL_CONFIRMED,frames/borders,[],"[""UiSkin_DrawTiledFrame 0x004E2445 corners""]",PIXEL_CONFIRMED,,,,,,,,,,,,,,,,,
data\gui\lang\eng\bobs\ls_gui_window.bmd,13,1,128,3,"[0, 0]","[""skin_tiled_frame.hpp:52"", ""skin_tiled_frame.hpp:52""]","[""data\\gui\\palettes\\bg_normal.pcx""]","[""UI/Sprites/ls_gui_window/bg_normal/bob_0013.png""]",UI/Sprites/ls_gui_window/_index_data/bob_0013.png,PALETTE_EVIDENCED,PIXEL_CONFIRMED,frames/borders,[],"[""UiSkin_DrawTiledFrame 0x004E2445 edges""]",PIXEL_CONFIRMED,,,,,,,,,,,,,,,,,
data\gui\lang\eng\bobs\ls_gui_window.bmd,14,1,3,128,"[0, 0]","[""skin_tiled_frame.hpp:52"", ""skin_tiled_frame.hpp:52""]","[""data\\gui\\palettes\\bg_normal.pcx""]","[""UI/Sprites/ls_gui_window/bg_normal/bob_0014.png""]",UI/Sprites/ls_gui_window/_index_data/bob_0014.png,PALETTE_EVIDENCED,PIXEL_CONFIRMED,frames/borders,[],"[""UiSkin_DrawTiledFrame 0x004E2445 edges""]",PIXEL_CONFIRMED,,,,,,,,,,,,,,,,,
data\gui\lang\eng\bobs\ls_gui_window.bmd,15,1,128,3,"[0, 1]","[""skin_tiled_frame.hpp:52"", ""skin_tiled_frame.hpp:52""]","[""data\\gui\\palettes\\bg_normal.pcx""]","[""UI/Sprites/ls_gui_window/bg_normal/bob_0015.png""]",UI/Sprites/ls_gui_window/_index_data/bob_0015.png,PALETTE_EVIDENCED,PIXEL_CONFIRMED,frames/borders,[],"[""UiSkin_DrawTiledFrame 0x004E2445 edges""]",PIXEL_CONFIRMED,,,,,,,,,,,,,,,,,
data\gui\lang\eng\bobs\ls_gui_window.bmd,16,1,3,128,"[1, 0]","[""skin_tiled_frame.hpp:52"", ""skin_tiled_frame.hpp:52""]","[""data\\gui\\palettes\\bg_normal.pcx""]","[""UI/Sprites/ls_gui_window/bg_normal/bob_0016.png""]",UI/Sprites/ls_gui_window/_index_data/bob_0016.png,PALETTE_EVIDENCED,PIXEL_CONFIRMED,frames/borders,[],"[""UiSkin_DrawTiledFrame 0x004E2445 edges""]",PIXEL_CONFIRMED,,,,,,,,,,,,,,,,,
data\gui\lang\eng\bobs\ls_gui_window.bmd,17,1,18,16,"[8, 8]","[""production_gameplay_ui.hpp:3271"", ""production_gameplay_ui.hpp:5497""]","[""data\\gui\\palettes\\bg_normal.pcx""]","[""UI/Sprites/ls_gui_window/bg_normal/bob_0017.png""]",UI/Sprites/ls_gui_window/_index_data/bob_0017.png,PALETTE_EVIDENCED,PIXEL_CONFIRMED,evidenced (generic),[],"[""drawButton(surface, closeRect, 0x11, defaultSpritePalette_);"", ""drawButton(surface,absolute(layout.close),0x11,defaultSpritePalette_);""]",PIXEL_CONFIRMED,,,,,,,,,,,,,,,,,
data\gui\lang\eng\bobs\ls_gui_window.bmd,18,1,18,13,"[8, 8]",[],[],[],UI/Sprites/ls_gui_window/_index_data/bob_0018.png,PALETTE_UNKNOWN (index data only),UNKNOWN,UNKNOWN usage,[],[],UNKNOWN,,,,,,,,,,,,,,,,,
data\gui\lang\eng\bobs\ls_gui_window.bmd,19,1,18,16,"[8, 8]",[],[],[],UI/Sprites/ls_gui_window/_index_data/bob_0019.png,PALETTE_UNKNOWN (index data only),UNKNOWN,UNKNOWN usage,[],[],UNKNOWN,,,,,,,,,,,,,,,,,
data\gui\lang\eng\bobs\ls_gui_window.bmd,20,1,18,16,"[8, 8]",[],[],[],UI/Sprites/ls_gui_window/_index_data/bob_0020.png,PALETTE_UNKNOWN (index data only),UNKNOWN,UNKNOWN usage,[],[],UNKNOWN,,,,,,,,,,,,,,,,,
data\gui\lang\eng\bobs\ls_gui_window.bmd,21,4,12,9,"[3, 4]","[""skin_tiled_frame.hpp:52""]","[""data\\gui\\palettes\\frame.pcx""]","[""UI/Sprites/ls_gui_window/frame/bob_0021.png""]",UI/Sprites/ls_gui_window/_index_data/bob_0021.png,PALETTE_EVIDENCED,PIXEL_CONFIRMED,frames/borders,[],"[""UiSkin_DrawTiledFrame 0x004E2445 corners""]",PIXEL_CONFIRMED,,,,,,,,,,,,,,,,,
data\gui\lang\eng\bobs\ls_gui_window.bmd,22,4,12,9,"[8, 4]","[""skin_tiled_frame.hpp:52""]","[""data\\gui\\palettes\\frame.pcx""]","[""UI/Sprites/ls_gui_window/frame/bob_0022.png""]",UI/Sprites/ls_gui_window/_index_data/bob_0022.png,PALETTE_EVIDENCED,PIXEL_CONFIRMED,frames/borders,[],"[""UiSkin_DrawTiledFrame 0x004E2445 corners""]",PIXEL_CONFIRMED,,,,,,,,,,,,,,,,,
data\gui\lang\eng\bobs\ls_gui_window.bmd,23,4,6,6,"[4, 5]","[""skin_tiled_frame.hpp:52""]","[""data\\gui\\palettes\\frame.pcx""]","[""UI/Sprites/ls_gui_window/frame/bob_0023.png""]",UI/Sprites/ls_gui_window/_index_data/bob_0023.png,PALETTE_EVIDENCED,PIXEL_CONFIRMED,frames/borders,[],"[""UiSkin_DrawTiledFrame 0x004E2445 corners""]",PIXEL_CONFIRMED,,,,,,,,,,,,,,,,,
data\gui\lang\eng\bobs\ls_gui_window.bmd,24,4,6,6,"[1, 5]","[""skin_tiled_frame.hpp:52""]","[""data\\gui\\palettes\\frame.pcx""]","[""UI/Sprites/ls_gui_window/frame/bob_0024.png""]",UI/Sprites/ls_gui_window/_index_data/bob_0024.png,PALETTE_EVIDENCED,PIXEL_CONFIRMED,frames/borders,[],"[""UiSkin_DrawTiledFrame 0x004E2445 corners""]",PIXEL_CONFIRMED,,,,,,,,,,,,,,,,,
data\gui\lang\eng\bobs\ls_gui_window.bmd,25,1,610,549,"[48, 69]","[""production_gameplay_ui.hpp:3260""]","[""data\\gui\\palettes\\papyrus.pcx""]","[""UI/Sprites/ls_gui_window/papyrus/bob_0025.png""]",UI/Sprites/ls_gui_window/_index_data/bob_0025.png,PALETTE_EVIDENCED,PIXEL_CONFIRMED,evidenced (generic),[],"[""multi-line call""]",PIXEL_CONFIRMED,,,,,,,,,,,,,,,,,
data\gui\lang\eng\bobs\ls_gui_window.bmd,26,1,14,14,"[6, 8]",[],[],[],UI/Sprites/ls_gui_window/_index_data/bob_0026.png,PALETTE_UNKNOWN (index data only),UNKNOWN,UNKNOWN usage,[],[],UNKNOWN,,,,,,,,,,,,,,,,,
data\gui\lang\eng\bobs\ls_gui_window.bmd,27,1,14,8,"[6, 5]",[],[],[],UI/Sprites/ls_gui_window/_index_data/bob_0027.png,PALETTE_UNKNOWN (index data only),UNKNOWN,UNKNOWN usage,[],[],UNKNOWN,,,,,,,,,,,,,,,,,
data\gui\lang\eng\bobs\ls_gui_window.bmd,28,1,16,13,"[8, 8]",[],[],[],UI/Sprites/ls_gui_window/_index_data/bob_0028.png,PALETTE_UNKNOWN (index data only),UNKNOWN,UNKNOWN usage,[],[],UNKNOWN,,,,,,,,,,,,,,,,,
data\gui\lang\eng\bobs\ls_gui_window.bmd,29,1,15,14,"[7, 8]",[],[],[],UI/Sprites/ls_gui_window/_index_data/bob_0029.png,PALETTE_UNKNOWN (index data only),UNKNOWN,UNKNOWN usage,[],[],UNKNOWN,,,,,,,,,,,,,,,,,
data\gui\lang\eng\bobs\ls_gui_window.bmd,30,1,15,14,"[7, 8]",[],[],[],UI/Sprites/ls_gui_window/_index_data/bob_0030.png,PALETTE_UNKNOWN (index data only),UNKNOWN,UNKNOWN usage,[],[],UNKNOWN,,,,,,,,,,,,,,,,,
data\gui\lang\eng\bobs\ls_gui_window.bmd,31,1,15,14,"[7, 7]",[],[],[],UI/Sprites/ls_gui_window/_index_data/bob_0031.png,PALETTE_UNKNOWN (index data only),UNKNOWN,UNKNOWN usage,[],[],UNKNOWN,,,,,,,,,,,,,,,,,
data\gui\lang\eng\bobs\ls_gui_window.bmd,32,1,15,13,"[7, 7]","[""production_gameplay_ui.hpp:3892""]","[""data\\gui\\palettes\\IconsLeft.pcx""]","[""UI/Sprites/ls_gui_window/IconsLeft/bob_0032.png""]",UI/Sprites/ls_gui_window/_index_data/bob_0032.png,PALETTE_EVIDENCED,PIXEL_CONFIRMED,evidenced (generic),[],"[""multi-line call""]",PIXEL_CONFIRMED,,,,,,,,,,,,,,,,,
data\gui\lang\eng\bobs\ls_gui_window.bmd,33,1,15,11,"[7, 6]","[""production_gameplay_ui.hpp:3897""]","[""data\\gui\\palettes\\IconsLeft.pcx""]","[""UI/Sprites/ls_gui_window/IconsLeft/bob_0033.png""]",UI/Sprites/ls_gui_window/_index_data/bob_0033.png,PALETTE_EVIDENCED,PIXEL_CONFIRMED,evidenced (generic),[],"[""multi-line call""]",PIXEL_CONFIRMED,,,,,,,,,,,,,,,,,
data\gui\lang\eng\bobs\ls_gui_window.bmd,34,1,9,8,"[4, 3]","[""production_gameplay_ui.hpp:3885""]","[""data\\gui\\palettes\\IconsLeft.pcx""]","[""UI/Sprites/ls_gui_window/IconsLeft/bob_0034.png""]",UI/Sprites/ls_gui_window/_index_data/bob_0034.png,PALETTE_EVIDENCED,PIXEL_CONFIRMED,evidenced (generic),[],"[""nativeBar(0,0x22,human.health,healthMaximum,hitpointBarPalette_);""]",PIXEL_CONFIRMED,,,,,,,,,,,,,,,,,
data\gui\lang\eng\bobs\ls_gui_window.bmd,35,1,12,8,"[5, 3]","[""production_gameplay_ui.hpp:3887""]","[""data\\gui\\palettes\\IconsLeft.pcx""]","[""UI/Sprites/ls_gui_window/IconsLeft/bob_0035.png""]",UI/Sprites/ls_gui_window/_index_data/bob_0035.png,PALETTE_EVIDENCED,PIXEL_CONFIRMED,evidenced (generic),[],"[""nativeBar(2,0x23,human.stamina,10000,needBarPalette_);""]",PIXEL_CONFIRMED,,,,,,,,,,,,,,,,,
data\gui\lang\eng\bobs\ls_gui_window.bmd,36,1,12,8,"[5, 3]","[""production_gameplay_ui.hpp:3888""]","[""data\\gui\\palettes\\IconsLeft.pcx""]","[""UI/Sprites/ls_gui_window/IconsLeft/bob_0036.png""]",UI/Sprites/ls_gui_window/_index_data/bob_0036.png,PALETTE_EVIDENCED,PIXEL_CONFIRMED,evidenced (generic),[],"[""nativeBar(3,0x24,human.socialMotivation,10000,needBarPalette_);""]",PIXEL_CONFIRMED,,,,,,,,,,,,,,,,,
data\gui\lang\eng\bobs\ls_gui_window.bmd,37,1,8,8,"[3, 3]","[""production_gameplay_ui.hpp:3889""]","[""data\\gui\\palettes\\IconsLeft.pcx""]","[""UI/Sprites/ls_gui_window/IconsLeft/bob_0037.png""]",UI/Sprites/ls_gui_window/_index_data/bob_0037.png,PALETTE_EVIDENCED,PIXEL_CONFIRMED,evidenced (generic),[],"[""nativeBar(4,0x25,human.religion,10000,needBarPalette_);""]",PIXEL_CONFIRMED,,,,,,,,,,,,,,,,,
data\gui\lang\eng\bobs\ls_gui_window.bmd,38,1,8,8,"[2, 3]","[""production_gameplay_ui.hpp:3886""]","[""data\\gui\\palettes\\IconsLeft.pcx""]","[""UI/Sprites/ls_gui_window/IconsLeft/bob_0038.png""]",UI/Sprites/ls_gui_window/_index_data/bob_0038.png,PALETTE_EVIDENCED,PIXEL_CONFIRMED,evidenced (generic),[],"[""nativeBar(1,0x26,human.energy,10000,needBarPalette_);""]",PIXEL_CONFIRMED,,,,,,,,,,,,,,,,,
data\gui\lang\eng\bobs\ls_gui_window.bmd,39,1,12,12,"[4, 6]",[],[],[],UI/Sprites/ls_gui_window/_index_data/bob_0039.png,PALETTE_UNKNOWN (index data only),UNKNOWN,UNKNOWN usage,[],[],UNKNOWN,,,,,,,,,,,,,,,,,
data\gui\lang\eng\bobs\ls_gui_window.bmd,40,1,11,11,"[5, 6]",[],[],[],UI/Sprites/ls_gui_window/_index_data/bob_0040.png,PALETTE_UNKNOWN (index data only),UNKNOWN,UNKNOWN usage,[],[],UNKNOWN,,,,,,,,,,,,,,,,,
data\gui\lang\eng\bobs\ls_gui_window.bmd,41,4,23,19,"[12, 9]",[],[],[],UI/Sprites/ls_gui_window/_index_data/bob_0041.png,PALETTE_UNKNOWN (index data only),UNKNOWN,UNKNOWN usage,[],[],UNKNOWN,,,,,,,,,,,,,,,,,
data\gui\lang\eng\bobs\ls_gui_window.bmd,42,4,40,32,"[0, 0]","[""production_gameplay_ui.hpp:184""]","[""data\\gui\\palettes\\IconsLeft.pcx""]","[""UI/Sprites/ls_gui_window/IconsLeft/bob_0042.png""]",UI/Sprites/ls_gui_window/_index_data/bob_0042.png,PALETTE_EVIDENCED,PIXEL_CONFIRMED,HUD toolbar/minimap/speed/message buttons,[],"[""kOriginalLeftToolbar: sprite 0x2a command 0xf3e tooltip 2""]",PIXEL_CONFIRMED,,,,,,,,,,,,,,,,,
data\gui\lang\eng\bobs\ls_gui_window.bmd,43,4,40,34,"[0, 0]","[""production_gameplay_ui.hpp:184""]","[""data\\gui\\palettes\\IconsLeft.pcx""]","[""UI/Sprites/ls_gui_window/IconsLeft/bob_0043.png""]",UI/Sprites/ls_gui_window/_index_data/bob_0043.png,PALETTE_EVIDENCED,PIXEL_CONFIRMED,HUD toolbar/minimap/speed/message buttons,[],"[""kOriginalLeftToolbar: sprite 0x2b command 0xf40 tooltip 6""]",PIXEL_CONFIRMED,,,,,,,,,,,,,,,,,
data\gui\lang\eng\bobs\ls_gui_window.bmd,44,4,40,25,"[0, 0]","[""production_gameplay_ui.hpp:184""]","[""data\\gui\\palettes\\IconsLeft.pcx""]","[""UI/Sprites/ls_gui_window/IconsLeft/bob_0044.png""]",UI/Sprites/ls_gui_window/_index_data/bob_0044.png,PALETTE_EVIDENCED,PIXEL_CONFIRMED,HUD toolbar/minimap/speed/message buttons,[],"[""kOriginalLeftToolbar: sprite 0x2c command 0xf3f tooltip 4""]",PIXEL_CONFIRMED,,,,,,,,,,,,,,,,,
data\gui\lang\eng\bobs\ls_gui_window.bmd,45,4,40,30,"[0, 0]","[""production_gameplay_ui.hpp:184""]","[""data\\gui\\palettes\\IconsLeft.pcx""]","[""UI/Sprites/ls_gui_window/IconsLeft/bob_0045.png""]",UI/Sprites/ls_gui_window/_index_data/bob_0045.png,PALETTE_EVIDENCED,PIXEL_CONFIRMED,HUD toolbar/minimap/speed/message buttons,[],"[""kOriginalLeftToolbar: sprite 0x2d command 0xf3d tooltip 5""]",PIXEL_CONFIRMED,,,,,,,,,,,,,,,,,
data\gui\lang\eng\bobs\ls_gui_window.bmd,46,4,40,34,"[0, 0]","[""production_gameplay_ui.hpp:184""]","[""data\\gui\\palettes\\IconsLeft.pcx""]","[""UI/Sprites/ls_gui_window/IconsLeft/bob_0046.png""]",UI/Sprites/ls_gui_window/_index_data/bob_0046.png,PALETTE_EVIDENCED,PIXEL_CONFIRMED,HUD toolbar/minimap/speed/message buttons,[],"[""kOriginalLeftToolbar: sprite 0x2e command 0xf42 tooltip 3""]",PIXEL_CONFIRMED,,,,,,,,,,,,,,,,,
data\gui\lang\eng\bobs\ls_gui_window.bmd,47,4,40,34,"[0, 0]","[""production_gameplay_ui.hpp:184""]","[""data\\gui\\palettes\\IconsLeft.pcx""]","[""UI/Sprites/ls_gui_window/IconsLeft/bob_0047.png""]",UI/Sprites/ls_gui_window/_index_data/bob_0047.png,PALETTE_EVIDENCED,PIXEL_CONFIRMED,HUD toolbar/minimap/speed/message buttons,[],"[""kOriginalLeftToolbar: sprite 0x2f command 0xf3c tooltip 1""]",PIXEL_CONFIRMED,,,,,,,,,,,,,,,,,
data\gui\lang\eng\bobs\ls_gui_window.bmd,48,4,40,34,"[0, 0]","[""production_gameplay_ui.hpp:184""]","[""data\\gui\\palettes\\IconsLeft.pcx""]","[""UI/Sprites/ls_gui_window/IconsLeft/bob_0048.png""]",UI/Sprites/ls_gui_window/_index_data/bob_0048.png,PALETTE_EVIDENCED,PIXEL_CONFIRMED,HUD toolbar/minimap/speed/message buttons,"[""Opens the help window""]","[""kOriginalLeftToolbar: sprite 0x30 command 0xf44 tooltip 0""]",PIXEL_CONFIRMED,,,,,,,,,,,,,,,,,
data\gui\lang\eng\bobs\ls_gui_window.bmd,49,4,40,27,"[0, 0]","[""production_gameplay_ui.hpp:184"", ""production_gameplay_ui.hpp:1161""]","[""data\\gui\\palettes\\IconsLeft.pcx""]","[""UI/Sprites/ls_gui_window/IconsLeft/bob_0049.png""]",UI/Sprites/ls_gui_window/_index_data/bob_0049.png,PALETTE_EVIDENCED,PIXEL_CONFIRMED,HUD toolbar/minimap/speed/message buttons,[],"[""game speed band icon (0x004A299B)"", ""kOriginalLeftToolbar: sprite 0x31 command 0xf46 tooltip 13""]",PIXEL_CONFIRMED,,,,,,,,,,,,,,,,,
data\gui\lang\eng\bobs\ls_gui_window.bmd,50,4,40,28,"[0, 0]","[""production_gameplay_ui.hpp:184""]","[""data\\gui\\palettes\\IconsLeft.pcx""]","[""UI/Sprites/ls_gui_window/IconsLeft/bob_0050.png""]",UI/Sprites/ls_gui_window/_index_data/bob_0050.png,PALETTE_EVIDENCED,PIXEL_CONFIRMED,HUD toolbar/minimap/speed/message buttons,[],"[""kOriginalLeftToolbar: sprite 0x32 command 0xf41 tooltip 7""]",PIXEL_CONFIRMED,,,,,,,,,,,,,,,,,
data\gui\lang\eng\bobs\ls_gui_window.bmd,51,4,50,433,"[0, 0]","[""production_gameplay_ui.hpp:2507""]","[""data\\gui\\palettes\\IconsLeft.pcx""]","[""UI/Sprites/ls_gui_window/IconsLeft/bob_0051.png""]",UI/Sprites/ls_gui_window/_index_data/bob_0051.png,PALETTE_EVIDENCED,PIXEL_CONFIRMED,evidenced (generic),[],"[""multi-line call""]",PIXEL_CONFIRMED,,,,,,,,,,,,,,,,,
data\gui\lang\eng\bobs\ls_gui_window.bmd,52,4,40,27,"[0, 0]","[""production_gameplay_ui.hpp:1161""]","[""data\\gui\\palettes\\IconsLeft.pcx""]","[""UI/Sprites/ls_gui_window/IconsLeft/bob_0052.png""]",UI/Sprites/ls_gui_window/_index_data/bob_0052.png,PALETTE_EVIDENCED,PIXEL_CONFIRMED,evidenced (generic),[],"[""game speed band icon (0x004A299B)""]",PIXEL_CONFIRMED,,,,,,,,,,,,,,,,,
data\gui\lang\eng\bobs\ls_gui_window.bmd,53,4,40,27,"[0, 0]","[""production_gameplay_ui.hpp:1161""]","[""data\\gui\\palettes\\IconsLeft.pcx""]","[""UI/Sprites/ls_gui_window/IconsLeft/bob_0053.png""]",UI/Sprites/ls_gui_window/_index_data/bob_0053.png,PALETTE_EVIDENCED,PIXEL_CONFIRMED,evidenced (generic),[],"[""game speed band icon (0x004A299B)""]",PIXEL_CONFIRMED,,,,,,,,,,,,,,,,,
data\gui\lang\eng\bobs\ls_gui_window.bmd,54,4,40,27,"[0, 0]",[],[],[],UI/Sprites/ls_gui_window/_index_data/bob_0054.png,PALETTE_UNKNOWN (index data only),UNKNOWN,UNKNOWN usage,[],[],UNKNOWN,,,,,,,,,,,,,,,,,
data\gui\lang\eng\bobs\ls_gui_window.bmd,55,4,149,133,"[0, 0]",[],[],[],UI/Sprites/ls_gui_window/_index_data/bob_0055.png,PALETTE_UNKNOWN (index data only),UNKNOWN,UNKNOWN usage,[],[],UNKNOWN,,,,,,,,,,,,,,,,,
data\gui\lang\eng\bobs\ls_gui_window.bmd,56,4,40,36,"[0, 0]","[""production_gameplay_ui.hpp:184""]","[""data\\gui\\palettes\\IconsLeft.pcx""]","[""UI/Sprites/ls_gui_window/IconsLeft/bob_0056.png""]",UI/Sprites/ls_gui_window/_index_data/bob_0056.png,PALETTE_EVIDENCED,PIXEL_CONFIRMED,HUD toolbar/minimap/speed/message buttons,[],"[""kOriginalLeftToolbar: sprite 0x38 command 0xf43 tooltip 8""]",PIXEL_CONFIRMED,,,,,,,,,,,,,,,,,
data\gui\lang\eng\bobs\ls_gui_window.bmd,57,4,30,17,"[0, 0]","[""production_gameplay_ui.hpp:206""]","[""data\\gui\\palettes\\IconsLeft.pcx""]","[""UI/Sprites/ls_gui_window/IconsLeft/bob_0057.png""]",UI/Sprites/ls_gui_window/_index_data/bob_0057.png,PALETTE_EVIDENCED,PIXEL_CONFIRMED,HUD toolbar/minimap/speed/message buttons,[],"[""kOriginalMinimapControls: sprite 0x39 command 0x2710 tooltip 33""]",PIXEL_CONFIRMED,,,,,,,,,,,,,,,,,
data\gui\lang\eng\bobs\ls_gui_window.bmd,58,4,30,21,"[0, 0]","[""production_gameplay_ui.hpp:206""]","[""data\\gui\\palettes\\IconsLeft.pcx""]","[""UI/Sprites/ls_gui_window/IconsLeft/bob_0058.png""]",UI/Sprites/ls_gui_window/_index_data/bob_0058.png,PALETTE_EVIDENCED,PIXEL_CONFIRMED,HUD toolbar/minimap/speed/message buttons,[],"[""kOriginalMinimapControls: sprite 0x3a command 0x271a tooltip 262""]",PIXEL_CONFIRMED,,,,,,,,,,,,,,,,,
data\gui\lang\eng\bobs\ls_gui_window.bmd,59,4,30,23,"[0, 0]","[""production_gameplay_ui.hpp:206""]","[""data\\gui\\palettes\\IconsLeft.pcx""]","[""UI/Sprites/ls_gui_window/IconsLeft/bob_0059.png""]",UI/Sprites/ls_gui_window/_index_data/bob_0059.png,PALETTE_EVIDENCED,PIXEL_CONFIRMED,HUD toolbar/minimap/speed/message buttons,[],"[""kOriginalMinimapControls: sprite 0x3b command 0x271b tooltip 261""]",PIXEL_CONFIRMED,,,,,,,,,,,,,,,,,
data\gui\lang\eng\bobs\ls_gui_window.bmd,60,4,30,29,"[0, 0]","[""production_gameplay_ui.hpp:206""]","[""data\\gui\\palettes\\IconsLeft.pcx""]","[""UI/Sprites/ls_gui_window/IconsLeft/bob_0060.png""]",UI/Sprites/ls_gui_window/_index_data/bob_0060.png,PALETTE_EVIDENCED,PIXEL_CONFIRMED,HUD toolbar/minimap/speed/message buttons,[],"[""kOriginalMinimapControls: sprite 0x3c command 0x2711 tooltip 34""]",PIXEL_CONFIRMED,,,,,,,,,,,,,,,,,
data\gui\lang\eng\bobs\ls_gui_window.bmd,61,4,30,29,"[0, 0]",[],[],[],UI/Sprites/ls_gui_window/_index_data/bob_0061.png,PALETTE_UNKNOWN (index data only),UNKNOWN,UNKNOWN usage,[],[],UNKNOWN,,,,,,,,,,,,,,,,,
data\gui\lang\eng\bobs\ls_gui_window.bmd,62,4,30,29,"[0, 0]",[],[],[],UI/Sprites/ls_gui_window/_index_data/bob_0062.png,PALETTE_UNKNOWN (index data only),UNKNOWN,UNKNOWN usage,[],[],UNKNOWN,,,,,,,,,,,,,,,,,
data\gui\lang\eng\bobs\ls_gui_window.bmd,63,4,126,41,"[0, 0]","[""production_gameplay_ui.hpp:2509""]","[""data\\gui\\palettes\\IconsLeft.pcx""]","[""UI/Sprites/ls_gui_window/IconsLeft/bob_0063.png""]",UI/Sprites/ls_gui_window/_index_data/bob_0063.png,PALETTE_EVIDENCED,PIXEL_CONFIRMED,evidenced (generic),[],"[""multi-line call""]",PIXEL_CONFIRMED,,,,,,,,,,,,,,,,,
data\gui\lang\eng\bobs\ls_gui_window.bmd,64,4,37,31,"[0, 0]","[""production_gameplay_ui.hpp:202"", ""production_gameplay_ui.hpp:1430""]","[""data\\gui\\palettes\\IconsLeft.pcx""]","[""UI/Sprites/ls_gui_window/IconsLeft/bob_0064.png""]",UI/Sprites/ls_gui_window/_index_data/bob_0064.png,PALETTE_EVIDENCED,PIXEL_CONFIRMED,HUD toolbar/minimap/speed/message buttons,[],"[""kOriginalTopButton: sprite 0x40 command 0xf47 tooltip 14"", ""message filter level icon (0x004A2A55)""]",PIXEL_CONFIRMED,,,,,,,,,,,,,,,,,
data\gui\lang\eng\bobs\ls_gui_window.bmd,65,4,37,31,"[0, 0]","[""production_gameplay_ui.hpp:1430""]","[""data\\gui\\palettes\\IconsLeft.pcx""]","[""UI/Sprites/ls_gui_window/IconsLeft/bob_0065.png""]",UI/Sprites/ls_gui_window/_index_data/bob_0065.png,PALETTE_EVIDENCED,PIXEL_CONFIRMED,evidenced (generic),[],"[""message filter level icon (0x004A2A55)""]",PIXEL_CONFIRMED,,,,,,,,,,,,,,,,,
data\gui\lang\eng\bobs\ls_gui_window.bmd,66,4,37,31,"[0, 0]","[""production_gameplay_ui.hpp:1430""]","[""data\\gui\\palettes\\IconsLeft.pcx""]","[""UI/Sprites/ls_gui_window/IconsLeft/bob_0066.png""]",UI/Sprites/ls_gui_window/_index_data/bob_0066.png,PALETTE_EVIDENCED,PIXEL_CONFIRMED,evidenced (generic),[],"[""message filter level icon (0x004A2A55)""]",PIXEL_CONFIRMED,,,,,,,,,,,,,,,,,
data\gui\lang\eng\bobs\ls_gui_window.bmd,67,4,54,69,"[0, 0]",[],[],[],UI/Sprites/ls_gui_window/_index_data/bob_0067.png,PALETTE_UNKNOWN (index data only),UNKNOWN,UNKNOWN usage,[],[],UNKNOWN,,,,,,,,,,,,,,,,,
data\gui\lang\eng\bobs\ls_gui_window.bmd,68,4,54,69,"[0, 0]",[],[],[],UI/Sprites/ls_gui_window/_index_data/bob_0068.png,PALETTE_UNKNOWN (index data only),UNKNOWN,UNKNOWN usage,[],[],UNKNOWN,,,,,,,,,,,,,,,,,
data\gui\lang\eng\bobs\ls_gui_window.bmd,69,4,54,69,"[0, 0]",[],[],[],UI/Sprites/ls_gui_window/_index_data/bob_0069.png,PALETTE_UNKNOWN (index data only),UNKNOWN,UNKNOWN usage,[],[],UNKNOWN,,,,,,,,,,,,,,,,,
data\gui\lang\eng\bobs\ls_gui_window.bmd,70,1,516,339,"[40, 52]",[],[],[],UI/Sprites/ls_gui_window/_index_data/bob_0070.png,PALETTE_UNKNOWN (index data only),UNKNOWN,UNKNOWN usage,[],[],UNKNOWN,,,,,,,,,,,,,,,,,
data\gui\lang\eng\bobs\ls_gui_window.bmd,71,4,42,24,"[21, 11]",[],[],[],UI/Sprites/ls_gui_window/_index_data/bob_0071.png,PALETTE_UNKNOWN (index data only),UNKNOWN,UNKNOWN usage,[],[],UNKNOWN,,,,,,,,,,,,,,,,,
data\gui\lang\eng\bobs\ls_gui_window.bmd,72,4,42,24,"[21, 11]",[],[],[],UI/Sprites/ls_gui_window/_index_data/bob_0072.png,PALETTE_UNKNOWN (index data only),UNKNOWN,UNKNOWN usage,[],[],UNKNOWN,,,,,,,,,,,,,,,,,
data\gui\lang\eng\bobs\ls_gui_window.bmd,73,4,42,24,"[21, 11]",[],[],[],UI/Sprites/ls_gui_window/_index_data/bob_0073.png,PALETTE_UNKNOWN (index data only),UNKNOWN,UNKNOWN usage,[],[],UNKNOWN,,,,,,,,,,,,,,,,,
data\gui\lang\eng\bobs\ls_gui_window.bmd,74,4,42,24,"[21, 11]",[],[],[],UI/Sprites/ls_gui_window/_index_data/bob_0074.png,PALETTE_UNKNOWN (index data only),UNKNOWN,UNKNOWN usage,[],[],UNKNOWN,,,,,,,,,,,,,,,,,
data\gui\lang\eng\bobs\ls_gui_window.bmd,75,4,42,24,"[21, 11]",[],[],[],UI/Sprites/ls_gui_window/_index_data/bob_0075.png,PALETTE_UNKNOWN (index data only),UNKNOWN,UNKNOWN usage,[],[],UNKNOWN,,,,,,,,,,,,,,,,,
data\gui\lang\eng\bobs\ls_gui_window.bmd,76,4,42,24,"[21, 11]",[],[],[],UI/Sprites/ls_gui_window/_index_data/bob_0076.png,PALETTE_UNKNOWN (index data only),UNKNOWN,UNKNOWN usage,[],[],UNKNOWN,,,,,,,,,,,,,,,,,
data\gui\lang\eng\bobs\ls_gui_window.bmd,77,4,42,32,"[21, 16]",[],[],[],UI/Sprites/ls_gui_window/_index_data/bob_0077.png,PALETTE_UNKNOWN (index data only),UNKNOWN,UNKNOWN usage,[],[],UNKNOWN,,,,,,,,,,,,,,,,,
data\gui\lang\eng\bobs\ls_gui_window.bmd,78,4,42,32,"[21, 16]",[],[],[],UI/Sprites/ls_gui_window/_index_data/bob_0078.png,PALETTE_UNKNOWN (index data only),UNKNOWN,UNKNOWN usage,[],[],UNKNOWN,,,,,,,,,,,,,,,,,
data\gui\lang\eng\bobs\ls_gui_window.bmd,79,4,42,32,"[21, 16]",[],[],[],UI/Sprites/ls_gui_window/_index_data/bob_0079.png,PALETTE_UNKNOWN (index data only),UNKNOWN,UNKNOWN usage,[],[],UNKNOWN,,,,,,,,,,,,,,,,,
data\gui\lang\eng\bobs\ls_gui_window.bmd,80,4,42,32,"[21, 16]",[],[],[],UI/Sprites/ls_gui_window/_index_data/bob_0080.png,PALETTE_UNKNOWN (index data only),UNKNOWN,UNKNOWN usage,[],[],UNKNOWN,,,,,,,,,,,,,,,,,
data\gui\lang\eng\bobs\ls_gui_window.bmd,81,4,42,32,"[21, 16]",[],[],[],UI/Sprites/ls_gui_window/_index_data/bob_0081.png,PALETTE_UNKNOWN (index data only),UNKNOWN,UNKNOWN usage,[],[],UNKNOWN,,,,,,,,,,,,,,,,,
data\gui\lang\eng\bobs\ls_gui_window.bmd,82,4,42,32,"[21, 16]",[],[],[],UI/Sprites/ls_gui_window/_index_data/bob_0082.png,PALETTE_UNKNOWN (index data only),UNKNOWN,UNKNOWN usage,[],[],UNKNOWN,,,,,,,,,,,,,,,,,
data\gui\lang\eng\bobs\ls_gui_window.bmd,83,4,42,32,"[21, 16]",[],[],[],UI/Sprites/ls_gui_window/_index_data/bob_0083.png,PALETTE_UNKNOWN (index data only),UNKNOWN,UNKNOWN usage,[],[],UNKNOWN,,,,,,,,,,,,,,,,,
data\gui\lang\eng\bobs\ls_gui_window.bmd,84,4,42,32,"[21, 16]",[],[],[],UI/Sprites/ls_gui_window/_index_data/bob_0084.png,PALETTE_UNKNOWN (index data only),UNKNOWN,UNKNOWN usage,[],[],UNKNOWN,,,,,,,,,,,,,,,,,
data\gui\lang\eng\bobs\ls_gui_window.bmd,85,4,42,32,"[21, 16]",[],[],[],UI/Sprites/ls_gui_window/_index_data/bob_0085.png,PALETTE_UNKNOWN (index data only),UNKNOWN,UNKNOWN usage,[],[],UNKNOWN,,,,,,,,,,,,,,,,,
data\gui\lang\eng\bobs\ls_gui_window.bmd,86,4,42,32,"[21, 16]",[],[],[],UI/Sprites/ls_gui_window/_index_data/bob_0086.png,PALETTE_UNKNOWN (index data only),UNKNOWN,UNKNOWN usage,[],[],UNKNOWN,,,,,,,,,,,,,,,,,
data\gui\lang\eng\bobs\ls_gui_window.bmd,87,1,48,51,"[-3, -8]",[],[],[],UI/Sprites/ls_gui_window/_index_data/bob_0087.png,PALETTE_UNKNOWN (index data only),UNKNOWN,UNKNOWN usage,[],[],UNKNOWN,,,,,,,,,,,,,,,,,
data\gui\lang\eng\bobs\ls_gui_window.bmd,88,1,48,47,"[-3, -8]",[],[],[],UI/Sprites/ls_gui_window/_index_data/bob_0088.png,PALETTE_UNKNOWN (index data only),UNKNOWN,UNKNOWN usage,[],[],UNKNOWN,,,,,,,,,,,,,,,,,
data\gui\lang\eng\bobs\ls_gui_window.bmd,89,1,48,50,"[-3, -8]",[],[],[],UI/Sprites/ls_gui_window/_index_data/bob_0089.png,PALETTE_UNKNOWN (index data only),UNKNOWN,UNKNOWN usage,[],[],UNKNOWN,,,,,,,,,,,,,,,,,
data\gui\lang\eng\bobs\ls_gui_window.bmd,90,1,48,48,"[-3, -10]",[],[],[],UI/Sprites/ls_gui_window/_index_data/bob_0090.png,PALETTE_UNKNOWN (index data only),UNKNOWN,UNKNOWN usage,[],[],UNKNOWN,,,,,,,,,,,,,,,,,
data\gui\lang\eng\bobs\ls_gui_window.bmd,91,1,45,45,"[-5, -12]",[],[],[],UI/Sprites/ls_gui_window/_index_data/bob_0091.png,PALETTE_UNKNOWN (index data only),UNKNOWN,UNKNOWN usage,[],[],UNKNOWN,,,,,,,,,,,,,,,,,
data\gui\lang\eng\bobs\ls_gui_window.bmd,92,1,47,44,"[-3, -9]",[],[],[],UI/Sprites/ls_gui_window/_index_data/bob_0092.png,PALETTE_UNKNOWN (index data only),UNKNOWN,UNKNOWN usage,[],[],UNKNOWN,,,,,,,,,,,,,,,,,
data\gui\lang\eng\bobs\ls_gui_window.bmd,93,1,48,44,"[-3, -12]",[],[],[],UI/Sprites/ls_gui_window/_index_data/bob_0093.png,PALETTE_UNKNOWN (index data only),UNKNOWN,UNKNOWN usage,[],[],UNKNOWN,,,,,,,,,,,,,,,,,
data\gui\lang\eng\bobs\ls_gui_window.bmd,94,1,48,44,"[-3, -8]",[],[],[],UI/Sprites/ls_gui_window/_index_data/bob_0094.png,PALETTE_UNKNOWN (index data only),UNKNOWN,UNKNOWN usage,[],[],UNKNOWN,,,,,,,,,,,,,,,,,
data\gui\lang\eng\bobs\ls_gui_window.bmd,95,1,47,48,"[-3, -9]",[],[],[],UI/Sprites/ls_gui_window/_index_data/bob_0095.png,PALETTE_UNKNOWN (index data only),UNKNOWN,UNKNOWN usage,[],[],UNKNOWN,,,,,,,,,,,,,,,,,
data\gui\lang\eng\bobs\ls_gui_window.bmd,96,4,33,33,"[16, 16]","[""selection_action_panel.hpp:100""]","[""data\\gui\\palettes\\Context.pcx""]","[""UI/Sprites/ls_gui_window/Context/bob_0096.png""]",UI/Sprites/ls_gui_window/_index_data/bob_0096.png,PALETTE_EVIDENCED,PIXEL_CONFIRMED,command icons (human actions),[],"[""humanActionSprite(action 16) -> 0x60; drawn at production_gameplay_ui.hpp widget.spriteId, contextPalette_""]",PIXEL_CONFIRMED,,,,,,,,,,,,,,,,,
data\gui\lang\eng\bobs\ls_gui_window.bmd,97,4,33,33,"[16, 16]","[""selection_action_panel.hpp:100""]","[""data\\gui\\palettes\\Context.pcx""]","[""UI/Sprites/ls_gui_window/Context/bob_0097.png""]",UI/Sprites/ls_gui_window/_index_data/bob_0097.png,PALETTE_EVIDENCED,PIXEL_CONFIRMED,command icons (human actions),[],"[""humanActionSprite(action 17) -> 0x61; drawn at production_gameplay_ui.hpp widget.spriteId, contextPalette_""]",PIXEL_CONFIRMED,,,,,,,,,,,,,,,,,
data\gui\lang\eng\bobs\ls_gui_window.bmd,98,4,33,33,"[16, 16]",[],[],[],UI/Sprites/ls_gui_window/_index_data/bob_0098.png,PALETTE_UNKNOWN (index data only),UNKNOWN,UNKNOWN usage,[],[],UNKNOWN,,,,,,,,,,,,,,,,,
data\gui\lang\eng\bobs\ls_gui_window.bmd,99,4,33,33,"[16, 16]","[""selection_action_panel.hpp:104""]","[""data\\gui\\palettes\\Context.pcx""]","[""UI/Sprites/ls_gui_window/Context/bob_0099.png""]",UI/Sprites/ls_gui_window/_index_data/bob_0099.png,PALETTE_EVIDENCED,PIXEL_CONFIRMED,command icons (human actions),[],"[""humanActionSprite(action 29) -> 99; drawn at production_gameplay_ui.hpp widget.spriteId, contextPalette_""]",PIXEL_CONFIRMED,,,,,,,,,,,,,,,,,
data\gui\lang\eng\bobs\ls_gui_window.bmd,100,4,33,33,"[16, 16]","[""selection_action_panel.hpp:103""]","[""data\\gui\\palettes\\Context.pcx""]","[""UI/Sprites/ls_gui_window/Context/bob_0100.png""]",UI/Sprites/ls_gui_window/_index_data/bob_0100.png,PALETTE_EVIDENCED,PIXEL_CONFIRMED,command icons (human actions),[],"[""humanActionSprite(action 28) -> 100; drawn at production_gameplay_ui.hpp widget.spriteId, contextPalette_""]",PIXEL_CONFIRMED,,,,,,,,,,,,,,,,,
data\gui\lang\eng\bobs\ls_gui_window.bmd,101,4,33,33,"[16, 16]","[""selection_action_panel.hpp:98""]","[""data\\gui\\palettes\\Context.pcx""]","[""UI/Sprites/ls_gui_window/Context/bob_0101.png""]",UI/Sprites/ls_gui_window/_index_data/bob_0101.png,PALETTE_EVIDENCED,PIXEL_CONFIRMED,command icons (human actions),[],"[""humanActionSprite(action 10) -> 0x65; drawn at production_gameplay_ui.hpp widget.spriteId, contextPalette_""]",PIXEL_CONFIRMED,,,,,,,,,,,,,,,,,
data\gui\lang\eng\bobs\ls_gui_window.bmd,102,4,33,33,"[16, 16]","[""selection_action_panel.hpp:99""]","[""data\\gui\\palettes\\Context.pcx""]","[""UI/Sprites/ls_gui_window/Context/bob_0102.png""]",UI/Sprites/ls_gui_window/_index_data/bob_0102.png,PALETTE_EVIDENCED,PIXEL_CONFIRMED,command icons (human actions),[],"[""humanActionSprite(action 11) -> 0x66; drawn at production_gameplay_ui.hpp widget.spriteId, contextPalette_""]",PIXEL_CONFIRMED,,,,,,,,,,,,,,,,,
data\gui\lang\eng\bobs\ls_gui_window.bmd,103,4,33,33,"[16, 16]","[""selection_action_panel.hpp:101""]","[""data\\gui\\palettes\\Context.pcx""]","[""UI/Sprites/ls_gui_window/Context/bob_0103.png""]",UI/Sprites/ls_gui_window/_index_data/bob_0103.png,PALETTE_EVIDENCED,PIXEL_CONFIRMED,command icons (human actions),[],"[""humanActionSprite(action 20) -> 0x67; drawn at production_gameplay_ui.hpp widget.spriteId, contextPalette_""]",PIXEL_CONFIRMED,,,,,,,,,,,,,,,,,
data\gui\lang\eng\bobs\ls_gui_window.bmd,104,4,33,33,"[16, 16]","[""selection_action_panel.hpp:97""]","[""data\\gui\\palettes\\Context.pcx""]","[""UI/Sprites/ls_gui_window/Context/bob_0104.png""]",UI/Sprites/ls_gui_window/_index_data/bob_0104.png,PALETTE_EVIDENCED,PIXEL_CONFIRMED,command icons (human actions),[],"[""humanActionSprite(action 7) -> 0x68; drawn at production_gameplay_ui.hpp widget.spriteId, contextPalette_""]",PIXEL_CONFIRMED,,,,,,,,,,,,,,,,,
data\gui\lang\eng\bobs\ls_gui_window.bmd,105,4,33,33,"[16, 16]","[""selection_action_panel.hpp:98""]","[""data\\gui\\palettes\\Context.pcx""]","[""UI/Sprites/ls_gui_window/Context/bob_0105.png""]",UI/Sprites/ls_gui_window/_index_data/bob_0105.png,PALETTE_EVIDENCED,PIXEL_CONFIRMED,command icons (human actions),[],"[""humanActionSprite(action 8) -> 0x69; drawn at production_gameplay_ui.hpp widget.spriteId, contextPalette_""]",PIXEL_CONFIRMED,,,,,,,,,,,,,,,,,
data\gui\lang\eng\bobs\ls_gui_window.bmd,106,4,33,33,"[16, 16]","[""selection_action_panel.hpp:98""]","[""data\\gui\\palettes\\Context.pcx""]","[""UI/Sprites/ls_gui_window/Context/bob_0106.png""]",UI/Sprites/ls_gui_window/_index_data/bob_0106.png,PALETTE_EVIDENCED,PIXEL_CONFIRMED,command icons (human actions),[],"[""humanActionSprite(action 9) -> 0x6A; drawn at production_gameplay_ui.hpp widget.spriteId, contextPalette_""]",PIXEL_CONFIRMED,,,,,,,,,,,,,,,,,
data\gui\lang\eng\bobs\ls_gui_window.bmd,107,4,33,33,"[16, 16]","[""selection_action_panel.hpp:96""]","[""data\\gui\\palettes\\Context.pcx""]","[""UI/Sprites/ls_gui_window/Context/bob_0107.png""]",UI/Sprites/ls_gui_window/_index_data/bob_0107.png,PALETTE_EVIDENCED,PIXEL_CONFIRMED,command icons (human actions),[],"[""humanActionSprite(action 2) -> 0x6B; drawn at production_gameplay_ui.hpp widget.spriteId, contextPalette_""]",PIXEL_CONFIRMED,,,,,,,,,,,,,,,,,
data\gui\lang\eng\bobs\ls_gui_window.bmd,108,4,33,33,"[16, 16]","[""selection_action_panel.hpp:96""]","[""data\\gui\\palettes\\Context.pcx""]","[""UI/Sprites/ls_gui_window/Context/bob_0108.png""]",UI/Sprites/ls_gui_window/_index_data/bob_0108.png,PALETTE_EVIDENCED,PIXEL_CONFIRMED,command icons (human actions),[],"[""humanActionSprite(action 4) -> 0x6C; drawn at production_gameplay_ui.hpp widget.spriteId, contextPalette_""]",PIXEL_CONFIRMED,,,,,,,,,,,,,,,,,
data\gui\lang\eng\bobs\ls_gui_window.bmd,109,4,33,33,"[16, 16]","[""selection_action_panel.hpp:96""]","[""data\\gui\\palettes\\Context.pcx""]","[""UI/Sprites/ls_gui_window/Context/bob_0109.png""]",UI/Sprites/ls_gui_window/_index_data/bob_0109.png,PALETTE_EVIDENCED,PIXEL_CONFIRMED,command icons (human actions),[],"[""humanActionSprite(action 3) -> 0x6D; drawn at production_gameplay_ui.hpp widget.spriteId, contextPalette_""]",PIXEL_CONFIRMED,,,,,,,,,,,,,,,,,
data\gui\lang\eng\bobs\ls_gui_window.bmd,110,4,33,33,"[-133, 153]",[],[],[],UI/Sprites/ls_gui_window/_index_data/bob_0110.png,PALETTE_UNKNOWN (index data only),UNKNOWN,UNKNOWN usage,[],[],UNKNOWN,,,,,,,,,,,,,,,,,
data\gui\lang\eng\bobs\ls_gui_window.bmd,111,4,33,33,"[16, 16]","[""selection_action_panel.hpp:104""]","[""data\\gui\\palettes\\Context.pcx""]","[""UI/Sprites/ls_gui_window/Context/bob_0111.png""]",UI/Sprites/ls_gui_window/_index_data/bob_0111.png,PALETTE_EVIDENCED,PIXEL_CONFIRMED,command icons (human actions),[],"[""humanActionSprite(action 31) -> 0x6F; drawn at production_gameplay_ui.hpp widget.spriteId, contextPalette_""]",PIXEL_CONFIRMED,,,,,,,,,,,,,,,,,
data\gui\lang\eng\bobs\ls_gui_window.bmd,112,4,33,33,"[16, 16]","[""selection_action_panel.hpp:102""]","[""data\\gui\\palettes\\Context.pcx""]","[""UI/Sprites/ls_gui_window/Context/bob_0112.png""]",UI/Sprites/ls_gui_window/_index_data/bob_0112.png,PALETTE_EVIDENCED,PIXEL_CONFIRMED,command icons (human actions),[],"[""humanActionSprite(action 24) -> 0x70; drawn at production_gameplay_ui.hpp widget.spriteId, contextPalette_""]",PIXEL_CONFIRMED,,,,,,,,,,,,,,,,,
data\gui\lang\eng\bobs\ls_gui_window.bmd,113,4,33,33,"[16, 16]",[],[],[],UI/Sprites/ls_gui_window/_index_data/bob_0113.png,PALETTE_UNKNOWN (index data only),UNKNOWN,UNKNOWN usage,[],[],UNKNOWN,,,,,,,,,,,,,,,,,
data\gui\lang\eng\bobs\ls_gui_window.bmd,114,4,33,33,"[16, 16]","[""selection_action_panel.hpp:105""]","[""data\\gui\\palettes\\Context.pcx""]","[""UI/Sprites/ls_gui_window/Context/bob_0114.png""]",UI/Sprites/ls_gui_window/_index_data/bob_0114.png,PALETTE_EVIDENCED,PIXEL_CONFIRMED,command icons (human actions),[],"[""humanActionSprite(action 35) -> 0x72; drawn at production_gameplay_ui.hpp widget.spriteId, contextPalette_""]",PIXEL_CONFIRMED,,,,,,,,,,,,,,,,,
data\gui\lang\eng\bobs\ls_gui_window.bmd,115,4,33,33,"[16, 16]","[""selection_action_panel.hpp:105""]","[""data\\gui\\palettes\\Context.pcx""]","[""UI/Sprites/ls_gui_window/Context/bob_0115.png""]",UI/Sprites/ls_gui_window/_index_data/bob_0115.png,PALETTE_EVIDENCED,PIXEL_CONFIRMED,command icons (human actions),[],"[""humanActionSprite(action 36) -> 0x73; drawn at production_gameplay_ui.hpp widget.spriteId, contextPalette_""]",PIXEL_CONFIRMED,,,,,,,,,,,,,,,,,
data\gui\lang\eng\bobs\ls_gui_window.bmd,116,4,33,33,"[16, 16]","[""selection_action_panel.hpp:105""]","[""data\\gui\\palettes\\Context.pcx""]","[""UI/Sprites/ls_gui_window/Context/bob_0116.png""]",UI/Sprites/ls_gui_window/_index_data/bob_0116.png,PALETTE_EVIDENCED,PIXEL_CONFIRMED,command icons (human actions),[],"[""humanActionSprite(action 37) -> 0x74; drawn at production_gameplay_ui.hpp widget.spriteId, contextPalette_""]",PIXEL_CONFIRMED,,,,,,,,,,,,,,,,,
data\gui\lang\eng\bobs\ls_gui_window.bmd,117,4,33,33,"[16, 16]","[""selection_action_panel.hpp:106""]","[""data\\gui\\palettes\\Context.pcx""]","[""UI/Sprites/ls_gui_window/Context/bob_0117.png""]",UI/Sprites/ls_gui_window/_index_data/bob_0117.png,PALETTE_EVIDENCED,PIXEL_CONFIRMED,command icons (human actions),[],"[""humanActionSprite(action 38) -> 0x75; drawn at production_gameplay_ui.hpp widget.spriteId, contextPalette_""]",PIXEL_CONFIRMED,,,,,,,,,,,,,,,,,
data\gui\lang\eng\bobs\ls_gui_window.bmd,118,4,33,33,"[16, 16]","[""selection_action_panel.hpp:107""]","[""data\\gui\\palettes\\Context.pcx""]","[""UI/Sprites/ls_gui_window/Context/bob_0118.png""]",UI/Sprites/ls_gui_window/_index_data/bob_0118.png,PALETTE_EVIDENCED,PIXEL_CONFIRMED,command icons (human actions),[],"[""humanActionSprite(action 41) -> 0x76; drawn at production_gameplay_ui.hpp widget.spriteId, contextPalette_""]",PIXEL_CONFIRMED,,,,,,,,,,,,,,,,,
data\gui\lang\eng\bobs\ls_gui_window.bmd,119,4,33,33,"[16, 16]","[""selection_action_panel.hpp:107""]","[""data\\gui\\palettes\\Context.pcx""]","[""UI/Sprites/ls_gui_window/Context/bob_0119.png""]",UI/Sprites/ls_gui_window/_index_data/bob_0119.png,PALETTE_EVIDENCED,PIXEL_CONFIRMED,command icons (human actions),[],"[""humanActionSprite(action 42) -> 0x77; drawn at production_gameplay_ui.hpp widget.spriteId, contextPalette_""]",PIXEL_CONFIRMED,,,,,,,,,,,,,,,,,
data\gui\lang\eng\bobs\ls_gui_window.bmd,120,4,33,33,"[16, 16]","[""selection_action_panel.hpp:107""]","[""data\\gui\\palettes\\Context.pcx""]","[""UI/Sprites/ls_gui_window/Context/bob_0120.png""]",UI/Sprites/ls_gui_window/_index_data/bob_0120.png,PALETTE_EVIDENCED,PIXEL_CONFIRMED,command icons (human actions),[],"[""humanActionSprite(action 43) -> 0x78; drawn at production_gameplay_ui.hpp widget.spriteId, contextPalette_""]",PIXEL_CONFIRMED,,,,,,,,,,,,,,,,,
data\gui\lang\eng\bobs\ls_gui_window.bmd,121,4,33,33,"[16, 16]","[""selection_action_panel.hpp:108""]","[""data\\gui\\palettes\\Context.pcx""]","[""UI/Sprites/ls_gui_window/Context/bob_0121.png""]",UI/Sprites/ls_gui_window/_index_data/bob_0121.png,PALETTE_EVIDENCED,PIXEL_CONFIRMED,command icons (human actions),[],"[""humanActionSprite(action 44) -> 0x79; drawn at production_gameplay_ui.hpp widget.spriteId, contextPalette_""]",PIXEL_CONFIRMED,,,,,,,,,,,,,,,,,
data\gui\lang\eng\bobs\ls_gui_window.bmd,122,4,33,33,"[16, 16]","[""selection_action_panel.hpp:108""]","[""data\\gui\\palettes\\Context.pcx""]","[""UI/Sprites/ls_gui_window/Context/bob_0122.png""]",UI/Sprites/ls_gui_window/_index_data/bob_0122.png,PALETTE_EVIDENCED,PIXEL_CONFIRMED,command icons (human actions),[],"[""humanActionSprite(action 45) -> 0x7A; drawn at production_gameplay_ui.hpp widget.spriteId, contextPalette_""]",PIXEL_CONFIRMED,,,,,,,,,,,,,,,,,
data\gui\lang\eng\bobs\ls_gui_window.bmd,123,4,33,33,"[16, 16]","[""selection_action_panel.hpp:106""]","[""data\\gui\\palettes\\Context.pcx""]","[""UI/Sprites/ls_gui_window/Context/bob_0123.png""]",UI/Sprites/ls_gui_window/_index_data/bob_0123.png,PALETTE_EVIDENCED,PIXEL_CONFIRMED,command icons (human actions),[],"[""humanActionSprite(action 39) -> 0x7B; drawn at production_gameplay_ui.hpp widget.spriteId, contextPalette_""]",PIXEL_CONFIRMED,,,,,,,,,,,,,,,,,
data\gui\lang\eng\bobs\ls_gui_window.bmd,124,4,33,33,"[16, 16]","[""selection_action_panel.hpp:106""]","[""data\\gui\\palettes\\Context.pcx""]","[""UI/Sprites/ls_gui_window/Context/bob_0124.png""]",UI/Sprites/ls_gui_window/_index_data/bob_0124.png,PALETTE_EVIDENCED,PIXEL_CONFIRMED,command icons (human actions),[],"[""humanActionSprite(action 40) -> 0x7C; drawn at production_gameplay_ui.hpp widget.spriteId, contextPalette_""]",PIXEL_CONFIRMED,,,,,,,,,,,,,,,,,
data\gui\lang\eng\bobs\ls_gui_window.bmd,125,4,33,33,"[16, 16]","[""selection_action_panel.hpp:97""]","[""data\\gui\\palettes\\Context.pcx""]","[""UI/Sprites/ls_gui_window/Context/bob_0125.png""]",UI/Sprites/ls_gui_window/_index_data/bob_0125.png,PALETTE_EVIDENCED,PIXEL_CONFIRMED,command icons (human actions),[],"[""humanActionSprite(action 5) -> 0x7D; drawn at production_gameplay_ui.hpp widget.spriteId, contextPalette_""]",PIXEL_CONFIRMED,,,,,,,,,,,,,,,,,
data\gui\lang\eng\bobs\ls_gui_window.bmd,126,4,33,33,"[16, 16]","[""selection_action_panel.hpp:97""]","[""data\\gui\\palettes\\Context.pcx""]","[""UI/Sprites/ls_gui_window/Context/bob_0126.png""]",UI/Sprites/ls_gui_window/_index_data/bob_0126.png,PALETTE_EVIDENCED,PIXEL_CONFIRMED,command icons (human actions),[],"[""humanActionSprite(action 6) -> 0x7E; drawn at production_gameplay_ui.hpp widget.spriteId, contextPalette_""]",PIXEL_CONFIRMED,,,,,,,,,,,,,,,,,
data\gui\lang\eng\bobs\ls_gui_window.bmd,127,4,33,33,"[16, 16]","[""selection_action_panel.hpp:99""]","[""data\\gui\\palettes\\Context.pcx""]","[""UI/Sprites/ls_gui_window/Context/bob_0127.png""]",UI/Sprites/ls_gui_window/_index_data/bob_0127.png,PALETTE_EVIDENCED,PIXEL_CONFIRMED,command icons (human actions),[],"[""humanActionSprite(action 12) -> 0x7F; drawn at production_gameplay_ui.hpp widget.spriteId, contextPalette_""]",PIXEL_CONFIRMED,,,,,,,,,,,,,,,,,
data\gui\lang\eng\bobs\ls_gui_window.bmd,128,4,33,33,"[16, 16]","[""selection_action_panel.hpp:99""]","[""data\\gui\\palettes\\Context.pcx""]","[""UI/Sprites/ls_gui_window/Context/bob_0128.png""]",UI/Sprites/ls_gui_window/_index_data/bob_0128.png,PALETTE_EVIDENCED,PIXEL_CONFIRMED,command icons (human actions),[],"[""humanActionSprite(action 13) -> 0x80; drawn at production_gameplay_ui.hpp widget.spriteId, contextPalette_""]",PIXEL_CONFIRMED,,,,,,,,,,,,,,,,,
data\gui\lang\eng\bobs\ls_gui_window.bmd,129,4,33,33,"[16, 16]","[""selection_action_panel.hpp:100""]","[""data\\gui\\palettes\\Context.pcx""]","[""UI/Sprites/ls_gui_window/Context/bob_0129.png""]",UI/Sprites/ls_gui_window/_index_data/bob_0129.png,PALETTE_EVIDENCED,PIXEL_CONFIRMED,command icons (human actions),[],"[""humanActionSprite(action 18) -> 0x81; drawn at production_gameplay_ui.hpp widget.spriteId, contextPalette_""]",PIXEL_CONFIRMED,,,,,,,,,,,,,,,,,
data\gui\lang\eng\bobs\ls_gui_window.bmd,130,4,33,33,"[16, 16]","[""selection_action_panel.hpp:101""]","[""data\\gui\\palettes\\Context.pcx""]","[""UI/Sprites/ls_gui_window/Context/bob_0130.png""]",UI/Sprites/ls_gui_window/_index_data/bob_0130.png,PALETTE_EVIDENCED,PIXEL_CONFIRMED,command icons (human actions),[],"[""humanActionSprite(action 19) -> 0x82; drawn at production_gameplay_ui.hpp widget.spriteId, contextPalette_""]",PIXEL_CONFIRMED,,,,,,,,,,,,,,,,,
data\gui\lang\eng\bobs\ls_gui_window.bmd,131,4,33,33,"[16, 16]","[""selection_action_panel.hpp:102""]","[""data\\gui\\palettes\\Context.pcx""]","[""UI/Sprites/ls_gui_window/Context/bob_0131.png""]",UI/Sprites/ls_gui_window/_index_data/bob_0131.png,PALETTE_EVIDENCED,PIXEL_CONFIRMED,command icons (human actions),[],"[""humanActionSprite(action 22) -> 0x83; drawn at production_gameplay_ui.hpp widget.spriteId, contextPalette_""]",PIXEL_CONFIRMED,,,,,,,,,,,,,,,,,
data\gui\lang\eng\bobs\ls_gui_window.bmd,132,4,33,33,"[16, 16]","[""selection_action_panel.hpp:102""]","[""data\\gui\\palettes\\Context.pcx""]","[""UI/Sprites/ls_gui_window/Context/bob_0132.png""]",UI/Sprites/ls_gui_window/_index_data/bob_0132.png,PALETTE_EVIDENCED,PIXEL_CONFIRMED,command icons (human actions),[],"[""humanActionSprite(action 23) -> 0x84; drawn at production_gameplay_ui.hpp widget.spriteId, contextPalette_""]",PIXEL_CONFIRMED,,,,,,,,,,,,,,,,,
data\gui\lang\eng\bobs\ls_gui_window.bmd,133,4,33,33,"[16, 16]","[""selection_action_panel.hpp:101""]","[""data\\gui\\palettes\\Context.pcx""]","[""UI/Sprites/ls_gui_window/Context/bob_0133.png""]",UI/Sprites/ls_gui_window/_index_data/bob_0133.png,PALETTE_EVIDENCED,PIXEL_CONFIRMED,command icons (human actions),[],"[""humanActionSprite(action 21) -> 0x85; drawn at production_gameplay_ui.hpp widget.spriteId, contextPalette_""]",PIXEL_CONFIRMED,,,,,,,,,,,,,,,,,
data\gui\lang\eng\bobs\ls_gui_window.bmd,134,4,33,33,"[16, 16]","[""selection_action_panel.hpp:103""]","[""data\\gui\\palettes\\Context.pcx""]","[""UI/Sprites/ls_gui_window/Context/bob_0134.png""]",UI/Sprites/ls_gui_window/_index_data/bob_0134.png,PALETTE_EVIDENCED,PIXEL_CONFIRMED,command icons (human actions),[],"[""humanActionSprite(action 26) -> 0x86; drawn at production_gameplay_ui.hpp widget.spriteId, contextPalette_""]",PIXEL_CONFIRMED,,,,,,,,,,,,,,,,,
data\gui\lang\eng\bobs\ls_gui_window.bmd,135,4,33,33,"[16, 16]","[""selection_action_panel.hpp:103""]","[""data\\gui\\palettes\\Context.pcx""]","[""UI/Sprites/ls_gui_window/Context/bob_0135.png""]",UI/Sprites/ls_gui_window/_index_data/bob_0135.png,PALETTE_EVIDENCED,PIXEL_CONFIRMED,command icons (human actions),[],"[""humanActionSprite(action 25) -> 0x87; drawn at production_gameplay_ui.hpp widget.spriteId, contextPalette_""]",PIXEL_CONFIRMED,,,,,,,,,,,,,,,,,
data\gui\lang\eng\bobs\ls_gui_window.bmd,136,4,33,33,"[16, 16]","[""selection_action_panel.hpp:104""]","[""data\\gui\\palettes\\Context.pcx""]","[""UI/Sprites/ls_gui_window/Context/bob_0136.png""]",UI/Sprites/ls_gui_window/_index_data/bob_0136.png,PALETTE_EVIDENCED,PIXEL_CONFIRMED,command icons (human actions),[],"[""humanActionSprite(action 32) -> 0x88; drawn at production_gameplay_ui.hpp widget.spriteId, contextPalette_""]",PIXEL_CONFIRMED,,,,,,,,,,,,,,,,,
data\gui\lang\eng\bobs\ls_gui_window.bmd,137,4,29,27,"[0, 0]","[""production_gameplay_ui.hpp:206""]","[""data\\gui\\palettes\\IconsLeft.pcx""]","[""UI/Sprites/ls_gui_window/IconsLeft/bob_0137.png""]",UI/Sprites/ls_gui_window/_index_data/bob_0137.png,PALETTE_EVIDENCED,PIXEL_CONFIRMED,HUD toolbar/minimap/speed/message buttons,[],"[""kOriginalMinimapControls: sprite 0x89 command 0x2715 tooltip 35""]",PIXEL_CONFIRMED,,,,,,,,,,,,,,,,,
data\gui\lang\eng\bobs\ls_gui_window.bmd,138,4,39,57,"[20, 35]",[],[],[],UI/Sprites/ls_gui_window/_index_data/bob_0138.png,PALETTE_UNKNOWN (index data only),UNKNOWN,UNKNOWN usage,[],[],UNKNOWN,,,,,,,,,,,,,,,,,
data\gui\lang\eng\bobs\ls_gui_window.bmd,139,4,41,57,"[20, 25]",[],[],[],UI/Sprites/ls_gui_window/_index_data/bob_0139.png,PALETTE_UNKNOWN (index data only),UNKNOWN,UNKNOWN usage,[],[],UNKNOWN,,,,,,,,,,,,,,,,,
data\gui\lang\eng\bobs\ls_gui_window.bmd,140,4,42,57,"[24, 30]",[],[],[],UI/Sprites/ls_gui_window/_index_data/bob_0140.png,PALETTE_UNKNOWN (index data only),UNKNOWN,UNKNOWN usage,[],[],UNKNOWN,,,,,,,,,,,,,,,,,
data\gui\lang\eng\bobs\ls_gui_window.bmd,141,4,42,57,"[17, 30]",[],[],[],UI/Sprites/ls_gui_window/_index_data/bob_0141.png,PALETTE_UNKNOWN (index data only),UNKNOWN,UNKNOWN usage,[],[],UNKNOWN,,,,,,,,,,,,,,,,,
data\gui\lang\eng\bobs\ls_gui_window.bmd,142,1,16,14,"[8, 6]",[],[],[],UI/Sprites/ls_gui_window/_index_data/bob_0142.png,PALETTE_UNKNOWN (index data only),UNKNOWN,UNKNOWN usage,[],[],UNKNOWN,,,,,,,,,,,,,,,,,
data\gui\lang\eng\bobs\ls_gui_window.bmd,143,1,9,14,"[4, 8]",[],[],[],UI/Sprites/ls_gui_window/_index_data/bob_0143.png,PALETTE_UNKNOWN (index data only),UNKNOWN,UNKNOWN usage,[],[],UNKNOWN,,,,,,,,,,,,,,,,,
data\gui\lang\eng\bobs\ls_gui_window.bmd,144,1,9,9,"[5, 4]",[],[],[],UI/Sprites/ls_gui_window/_index_data/bob_0144.png,PALETTE_UNKNOWN (index data only),UNKNOWN,UNKNOWN usage,[],[],UNKNOWN,,,,,,,,,,,,,,,,,
data\gui\lang\eng\bobs\ls_gui_window.bmd,145,4,38,38,"[19, 18]",[],[],[],UI/Sprites/ls_gui_window/_index_data/bob_0145.png,PALETTE_UNKNOWN (index data only),UNKNOWN,UNKNOWN usage,[],[],UNKNOWN,,,,,,,,,,,,,,,,,
data\gui\lang\eng\bobs\ls_gui_window.bmd,146,4,20,18,"[9, 8]",[],[],[],UI/Sprites/ls_gui_window/_index_data/bob_0146.png,PALETTE_UNKNOWN (index data only),UNKNOWN,UNKNOWN usage,[],[],UNKNOWN,,,,,,,,,,,,,,,,,
data\gui\lang\eng\bobs\ls_gui_window.bmd,147,4,20,18,"[9, 8]",[],[],[],UI/Sprites/ls_gui_window/_index_data/bob_0147.png,PALETTE_UNKNOWN (index data only),UNKNOWN,UNKNOWN usage,[],[],UNKNOWN,,,,,,,,,,,,,,,,,
data\gui\lang\eng\bobs\ls_gui_window.bmd,148,4,20,18,"[9, 8]",[],[],[],UI/Sprites/ls_gui_window/_index_data/bob_0148.png,PALETTE_UNKNOWN (index data only),UNKNOWN,UNKNOWN usage,[],[],UNKNOWN,,,,,,,,,,,,,,,,,
data\gui\lang\eng\bobs\ls_gui_window.bmd,149,4,20,18,"[9, 8]",[],[],[],UI/Sprites/ls_gui_window/_index_data/bob_0149.png,PALETTE_UNKNOWN (index data only),UNKNOWN,UNKNOWN usage,[],[],UNKNOWN,,,,,,,,,,,,,,,,,
data\gui\lang\eng\bobs\ls_gui_window.bmd,150,4,20,18,"[9, 8]",[],[],[],UI/Sprites/ls_gui_window/_index_data/bob_0150.png,PALETTE_UNKNOWN (index data only),UNKNOWN,UNKNOWN usage,[],[],UNKNOWN,,,,,,,,,,,,,,,,,
data\gui\lang\eng\bobs\ls_gui_window.bmd,151,4,20,18,"[9, 8]",[],[],[],UI/Sprites/ls_gui_window/_index_data/bob_0151.png,PALETTE_UNKNOWN (index data only),UNKNOWN,UNKNOWN usage,[],[],UNKNOWN,,,,,,,,,,,,,,,,,
data\gui\lang\eng\bobs\ls_gui_window.bmd,152,4,20,18,"[9, 8]",[],[],[],UI/Sprites/ls_gui_window/_index_data/bob_0152.png,PALETTE_UNKNOWN (index data only),UNKNOWN,UNKNOWN usage,[],[],UNKNOWN,,,,,,,,,,,,,,,,,
data\gui\lang\eng\bobs\ls_gui_window.bmd,153,4,20,18,"[9, 8]",[],[],[],UI/Sprites/ls_gui_window/_index_data/bob_0153.png,PALETTE_UNKNOWN (index data only),UNKNOWN,UNKNOWN usage,[],[],UNKNOWN,,,,,,,,,,,,,,,,,
data\gui\lang\eng\bobs\ls_gui_window.bmd,154,4,20,18,"[9, 8]",[],[],[],UI/Sprites/ls_gui_window/_index_data/bob_0154.png,PALETTE_UNKNOWN (index data only),UNKNOWN,UNKNOWN usage,[],[],UNKNOWN,,,,,,,,,,,,,,,,,
data\gui\lang\eng\bobs\ls_gui_window.bmd,155,4,20,18,"[9, 8]",[],[],[],UI/Sprites/ls_gui_window/_index_data/bob_0155.png,PALETTE_UNKNOWN (index data only),UNKNOWN,UNKNOWN usage,[],[],UNKNOWN,,,,,,,,,,,,,,,,,
data\gui\lang\eng\bobs\ls_gui_window.bmd,156,4,20,18,"[9, 8]",[],[],[],UI/Sprites/ls_gui_window/_index_data/bob_0156.png,PALETTE_UNKNOWN (index data only),UNKNOWN,UNKNOWN usage,[],[],UNKNOWN,,,,,,,,,,,,,,,,,
data\gui\lang\eng\bobs\ls_gui_window.bmd,157,4,42,24,"[21, 16]",[],[],[],UI/Sprites/ls_gui_window/_index_data/bob_0157.png,PALETTE_UNKNOWN (index data only),UNKNOWN,UNKNOWN usage,[],[],UNKNOWN,,,,,,,,,,,,,,,,,
data\gui\lang\eng\bobs\ls_gui_window.bmd,158,4,70,22,"[32, 12]",[],[],[],UI/Sprites/ls_gui_window/_index_data/bob_0158.png,PALETTE_UNKNOWN (index data only),UNKNOWN,UNKNOWN usage,[],[],UNKNOWN,,,,,,,,,,,,,,,,,
data\gui\lang\eng\bobs\ls_gui_window.bmd,159,4,70,22,"[32, 12]",[],[],[],UI/Sprites/ls_gui_window/_index_data/bob_0159.png,PALETTE_UNKNOWN (index data only),UNKNOWN,UNKNOWN usage,[],[],UNKNOWN,,,,,,,,,,,,,,,,,
data\gui\lang\eng\bobs\ls_gui_window.bmd,160,4,70,22,"[32, 12]",[],[],[],UI/Sprites/ls_gui_window/_index_data/bob_0160.png,PALETTE_UNKNOWN (index data only),UNKNOWN,UNKNOWN usage,[],[],UNKNOWN,,,,,,,,,,,,,,,,,
data\gui\lang\eng\bobs\ls_gui_window.bmd,161,4,70,22,"[32, 12]",[],[],[],UI/Sprites/ls_gui_window/_index_data/bob_0161.png,PALETTE_UNKNOWN (index data only),UNKNOWN,UNKNOWN usage,[],[],UNKNOWN,,,,,,,,,,,,,,,,,
data\gui\lang\eng\bobs\ls_gui_window.bmd,162,4,70,22,"[32, 12]",[],[],[],UI/Sprites/ls_gui_window/_index_data/bob_0162.png,PALETTE_UNKNOWN (index data only),UNKNOWN,UNKNOWN usage,[],[],UNKNOWN,,,,,,,,,,,,,,,,,
data\gui\lang\eng\bobs\ls_gui_window.bmd,163,4,70,22,"[32, 12]",[],[],[],UI/Sprites/ls_gui_window/_index_data/bob_0163.png,PALETTE_UNKNOWN (index data only),UNKNOWN,UNKNOWN usage,[],[],UNKNOWN,,,,,,,,,,,,,,,,,
data\gui\lang\eng\bobs\ls_gui_window.bmd,164,4,70,22,"[32, 12]",[],[],[],UI/Sprites/ls_gui_window/_index_data/bob_0164.png,PALETTE_UNKNOWN (index data only),UNKNOWN,UNKNOWN usage,[],[],UNKNOWN,,,,,,,,,,,,,,,,,
data\gui\lang\eng\bobs\ls_gui_window.bmd,165,4,96,18,"[48, 10]",[],[],[],UI/Sprites/ls_gui_window/_index_data/bob_0165.png,PALETTE_UNKNOWN (index data only),UNKNOWN,UNKNOWN usage,[],[],UNKNOWN,,,,,,,,,,,,,,,,,
data\gui\lang\eng\bobs\ls_gui_window.bmd,166,4,96,18,"[48, 10]",[],[],[],UI/Sprites/ls_gui_window/_index_data/bob_0166.png,PALETTE_UNKNOWN (index data only),UNKNOWN,UNKNOWN usage,[],[],UNKNOWN,,,,,,,,,,,,,,,,,
data\gui\lang\eng\bobs\ls_gui_window.bmd,167,4,96,18,"[48, 10]",[],[],[],UI/Sprites/ls_gui_window/_index_data/bob_0167.png,PALETTE_UNKNOWN (index data only),UNKNOWN,UNKNOWN usage,[],[],UNKNOWN,,,,,,,,,,,,,,,,,
data\gui\lang\eng\bobs\ls_gui_window.bmd,168,4,96,18,"[48, 10]",[],[],[],UI/Sprites/ls_gui_window/_index_data/bob_0168.png,PALETTE_UNKNOWN (index data only),UNKNOWN,UNKNOWN usage,[],[],UNKNOWN,,,,,,,,,,,,,,,,,
data\gui\lang\eng\bobs\ls_gui_window.bmd,169,4,96,18,"[48, 10]",[],[],[],UI/Sprites/ls_gui_window/_index_data/bob_0169.png,PALETTE_UNKNOWN (index data only),UNKNOWN,UNKNOWN usage,[],[],UNKNOWN,,,,,,,,,,,,,,,,,
data\gui\lang\eng\bobs\ls_gui_window.bmd,170,4,32,18,"[16, 10]",[],[],[],UI/Sprites/ls_gui_window/_index_data/bob_0170.png,PALETTE_UNKNOWN (index data only),UNKNOWN,UNKNOWN usage,[],[],UNKNOWN,,,,,,,,,,,,,,,,,
data\gui\lang\eng\bobs\ls_gui_window.bmd,171,4,32,18,"[16, 10]",[],[],[],UI/Sprites/ls_gui_window/_index_data/bob_0171.png,PALETTE_UNKNOWN (index data only),UNKNOWN,UNKNOWN usage,[],[],UNKNOWN,,,,,,,,,,,,,,,,,
data\gui\lang\eng\bobs\ls_gui_window.bmd,172,4,32,18,"[16, 10]",[],[],[],UI/Sprites/ls_gui_window/_index_data/bob_0172.png,PALETTE_UNKNOWN (index data only),UNKNOWN,UNKNOWN usage,[],[],UNKNOWN,,,,,,,,,,,,,,,,,
data\gui\lang\eng\bobs\ls_gui_window.bmd,173,4,32,18,"[16, 10]",[],[],[],UI/Sprites/ls_gui_window/_index_data/bob_0173.png,PALETTE_UNKNOWN (index data only),UNKNOWN,UNKNOWN usage,[],[],UNKNOWN,,,,,,,,,,,,,,,,,
data\gui\lang\eng\bobs\ls_gui_window.bmd,174,4,32,18,"[16, 10]",[],[],[],UI/Sprites/ls_gui_window/_index_data/bob_0174.png,PALETTE_UNKNOWN (index data only),UNKNOWN,UNKNOWN usage,[],[],UNKNOWN,,,,,,,,,,,,,,,,,
data\gui\lang\eng\bobs\ls_gui_window.bmd,175,4,32,18,"[16, 10]",[],[],[],UI/Sprites/ls_gui_window/_index_data/bob_0175.png,PALETTE_UNKNOWN (index data only),UNKNOWN,UNKNOWN usage,[],[],UNKNOWN,,,,,,,,,,,,,,,,,
data\gui\lang\eng\bobs\ls_gui_window.bmd,176,4,32,18,"[16, 10]",[],[],[],UI/Sprites/ls_gui_window/_index_data/bob_0176.png,PALETTE_UNKNOWN (index data only),UNKNOWN,UNKNOWN usage,[],[],UNKNOWN,,,,,,,,,,,,,,,,,
data\gui\lang\eng\bobs\ls_gui_window.bmd,177,4,32,18,"[16, 10]",[],[],[],UI/Sprites/ls_gui_window/_index_data/bob_0177.png,PALETTE_UNKNOWN (index data only),UNKNOWN,UNKNOWN usage,[],[],UNKNOWN,,,,,,,,,,,,,,,,,
data\gui\lang\eng\bobs\ls_gui_window.bmd,178,4,24,39,"[12, 18]","[""production_gameplay_ui.hpp:5014"", ""production_frontend.cpp:351"", ""production_gameplay_ui.hpp:4655"", ""production_gameplay_ui.hpp:5107""]","[""data\\gui\\palettes\\IconsLeft.pcx""]","[""UI/Sprites/ls_gui_window/IconsLeft/bob_0178.png""]",UI/Sprites/ls_gui_window/_index_data/bob_0178.png,PALETTE_EVIDENCED,PIXEL_CONFIRMED,evidenced (generic),[],"[""drawSpriteClipped(surface,0xB2,track.x+track.width/2,track.y+knob,iconPalette_,track);"", ""multi-line call"", ""sprite(gui_,0xB2,scrollbar_.x+scrollbar_.width/2,center,iconPalette_.paletteBgra,scrollbar_);""]",PIXEL_CONFIRMED,,,,,,,,,,,,,,,,,
data\gui\lang\eng\bobs\ls_gui_window.bmd,179,4,39,30,"[20, 14]","[""production_gameplay_ui.hpp:184""]","[""data\\gui\\palettes\\IconsLeft.pcx""]","[""UI/Sprites/ls_gui_window/IconsLeft/bob_0179.png""]",UI/Sprites/ls_gui_window/_index_data/bob_0179.png,PALETTE_EVIDENCED,PIXEL_CONFIRMED,HUD toolbar/minimap/speed/message buttons,[],"[""kOriginalLeftToolbar: sprite 0xb3 command 0xf48 tooltip 10""]",PIXEL_CONFIRMED,,,,,,,,,,,,,,,,,
data\gui\lang\eng\bobs\ls_gui_window.bmd,180,4,15,8,"[0, -6]","[""production_gameplay_ui.hpp:4045""]","[""data\\gui\\palettes\\IconsLeft.pcx""]","[""UI/Sprites/ls_gui_window/IconsLeft/bob_0180.png""]",UI/Sprites/ls_gui_window/_index_data/bob_0180.png,PALETTE_EVIDENCED,PIXEL_CONFIRMED,evidenced (generic),[],"[""if(state==11)drawSpriteClipped(surface,0xB4,section.x+11+textWidth(label),y-2,iconPalette_,""]",PIXEL_CONFIRMED,,,,,,,,,,,,,,,,,
data\gui\lang\eng\bobs\ls_gui_window.bmd,181,1,17,16,"[1, 1]",[],[],[],UI/Sprites/ls_gui_window/_index_data/bob_0181.png,PALETTE_UNKNOWN (index data only),UNKNOWN,UNKNOWN usage,[],[],UNKNOWN,,,,,,,,,,,,,,,,,
data\gui\lang\eng\bobs\ls_gui_window.bmd,182,1,18,17,"[2, 2]",[],[],[],UI/Sprites/ls_gui_window/_index_data/bob_0182.png,PALETTE_UNKNOWN (index data only),UNKNOWN,UNKNOWN usage,[],[],UNKNOWN,,,,,,,,,,,,,,,,,
data\gui\lang\eng\bobs\ls_gui_window.bmd,183,1,25,24,"[9, 9]",[],[],[],UI/Sprites/ls_gui_window/_index_data/bob_0183.png,PALETTE_UNKNOWN (index data only),UNKNOWN,UNKNOWN usage,[],[],UNKNOWN,,,,,,,,,,,,,,,,,
data\gui\lang\eng\bobs\ls_gui_window.bmd,184,4,25,23,"[14, 11]",[],[],[],UI/Sprites/ls_gui_window/_index_data/bob_0184.png,PALETTE_UNKNOWN (index data only),UNKNOWN,UNKNOWN usage,[],[],UNKNOWN,,,,,,,,,,,,,,,,,
data\gui\lang\eng\bobs\ls_gui_window.bmd,185,4,25,23,"[12, 11]",[],[],[],UI/Sprites/ls_gui_window/_index_data/bob_0185.png,PALETTE_UNKNOWN (index data only),UNKNOWN,UNKNOWN usage,[],[],UNKNOWN,,,,,,,,,,,,,,,,,
data\gui\lang\eng\bobs\ls_gui_window.bmd,186,1,59,50,"[29, 25]",[],[],[],UI/Sprites/ls_gui_window/_index_data/bob_0186.png,PALETTE_UNKNOWN (index data only),UNKNOWN,UNKNOWN usage,[],[],UNKNOWN,,,,,,,,,,,,,,,,,
data\gui\lang\eng\bobs\ls_gui_window.bmd,187,1,75,62,"[37, 31]",[],[],[],UI/Sprites/ls_gui_window/_index_data/bob_0187.png,PALETTE_UNKNOWN (index data only),UNKNOWN,UNKNOWN usage,[],[],UNKNOWN,,,,,,,,,,,,,,,,,
data\gui\lang\eng\bobs\ls_gui_window.bmd,188,1,83,68,"[41, 34]",[],[],[],UI/Sprites/ls_gui_window/_index_data/bob_0188.png,PALETTE_UNKNOWN (index data only),UNKNOWN,UNKNOWN usage,[],[],UNKNOWN,,,,,,,,,,,,,,,,,
data\gui\lang\eng\bobs\ls_gui_window.bmd,189,1,83,68,"[41, 34]",[],[],[],UI/Sprites/ls_gui_window/_index_data/bob_0189.png,PALETTE_UNKNOWN (index data only),UNKNOWN,UNKNOWN usage,[],[],UNKNOWN,,,,,,,,,,,,,,,,,
data\gui\lang\eng\bobs\ls_gui_window.bmd,190,1,75,62,"[37, 31]",[],[],[],UI/Sprites/ls_gui_window/_index_data/bob_0190.png,PALETTE_UNKNOWN (index data only),UNKNOWN,UNKNOWN usage,[],[],UNKNOWN,,,,,,,,,,,,,,,,,
data\gui\lang\eng\bobs\ls_gui_window.bmd,191,1,59,50,"[29, 25]",[],[],[],UI/Sprites/ls_gui_window/_index_data/bob_0191.png,PALETTE_UNKNOWN (index data only),UNKNOWN,UNKNOWN usage,[],[],UNKNOWN,,,,,,,,,,,,,,,,,
data\gui\lang\eng\bobs\ls_gui_window.bmd,192,4,96,18,"[48, 10]",[],[],[],UI/Sprites/ls_gui_window/_index_data/bob_0192.png,PALETTE_UNKNOWN (index data only),UNKNOWN,UNKNOWN usage,[],[],UNKNOWN,,,,,,,,,,,,,,,,,
data\gui\lang\eng\bobs\ls_menu_logos.bmd,0,4,737,218,"[0, 0]","[""production_frontend.cpp:322""]","[""data\\engine2d\\bin\\palettes\\gui\\menu_funatics.pcx""]","[""UI/Sprites/ls_menu_logos/menu_funatics/bob_0000.png""]",UI/Sprites/ls_menu_logos/_index_data/bob_0000.png,PALETTE_EVIDENCED,PIXEL_CONFIRMED,main menu logos,[],"[""else if(!logos_.frames.empty())sprite(logos_,0,(width_-logos_.frames[0].right)/2,10,logoPalette_.paletteBgra,all);""]",PIXEL_CONFIRMED,,,,,,,,,,,,,,,,,
data\gui\lang\eng\bobs\ls_menu_logos.bmd,1,4,164,149,"[0, 0]","[""production_frontend.cpp:324""]","[""data\\engine2d\\bin\\palettes\\gui\\menu_funatics.pcx""]","[""UI/Sprites/ls_menu_logos/menu_funatics/bob_0001.png""]",UI/Sprites/ls_menu_logos/_index_data/bob_0001.png,PALETTE_EVIDENCED,PIXEL_CONFIRMED,main menu logos,[],"[""sprite(logos_,1,width_-f.right,height_-f.bottom-12,logoPalette_.paletteBgra,all);""]",PIXEL_CONFIRMED,,,,,,,,,,,,,,,,,
data\gui\lang\eng\bobs\ls_menu_logos.bmd,2,4,524,558,"[-177, -8]","[""production_frontend.cpp:321""]","[""data\\gui\\palettes\\campaignmap.pcx""]","[""UI/Sprites/ls_menu_logos/campaignmap/bob_0002.png""]",UI/Sprites/ls_menu_logos/_index_data/bob_0002.png,PALETTE_EVIDENCED,PIXEL_CONFIRMED,main menu logos,[],"[""// 004DAB77 uses five high bits per channel, shifted by three.""]",PIXEL_CONFIRMED,,,,,,,,,,,,,,,,,
data\gui\lang\eng\bobs\ls_menu_logos.bmd,3,4,85,86,"[-290, -192]",[],[],[],UI/Sprites/ls_menu_logos/_index_data/bob_0003.png,PALETTE_UNKNOWN (index data only),UNKNOWN,main menu logos,[],[],UNKNOWN,,,,,,,,,,,,,,,,,
data\gui\lang\eng\bobs\ls_menu_logos.bmd,4,4,151,77,"[-330, -269]",[],[],[],UI/Sprites/ls_menu_logos/_index_data/bob_0004.png,PALETTE_UNKNOWN (index data only),UNKNOWN,main menu logos,[],[],UNKNOWN,,,,,,,,,,,,,,,,,
data\gui\lang\eng\bobs\ls_menu_logos.bmd,5,4,142,117,"[-279, -269]",[],[],[],UI/Sprites/ls_menu_logos/_index_data/bob_0005.png,PALETTE_UNKNOWN (index data only),UNKNOWN,main menu logos,[],[],UNKNOWN,,,,,,,,,,,,,,,,,
data\gui\lang\eng\bobs\ls_menu_logos.bmd,6,4,70,34,"[-415, -345]",[],[],[],UI/Sprites/ls_menu_logos/_index_data/bob_0006.png,PALETTE_UNKNOWN (index data only),UNKNOWN,main menu logos,[],[],UNKNOWN,,,,,,,,,,,,,,,,,
data\gui\lang\eng\bobs\ls_menu_logos.bmd,7,4,14,40,"[-478, -345]",[],[],[],UI/Sprites/ls_menu_logos/_index_data/bob_0007.png,PALETTE_UNKNOWN (index data only),UNKNOWN,main menu logos,[],[],UNKNOWN,,,,,,,,,,,,,,,,,
data\gui\lang\eng\bobs\ls_menu_logos.bmd,8,4,9,31,"[-495, -354]",[],[],[],UI/Sprites/ls_menu_logos/_index_data/bob_0008.png,PALETTE_UNKNOWN (index data only),UNKNOWN,main menu logos,[],[],UNKNOWN,,,,,,,,,,,,,,,,,
data\gui\lang\eng\bobs\ls_menu_logos.bmd,9,4,96,71,"[-437, -350]",[],[],[],UI/Sprites/ls_menu_logos/_index_data/bob_0009.png,PALETTE_UNKNOWN (index data only),UNKNOWN,main menu logos,[],[],UNKNOWN,,,,,,,,,,,,,,,,,
data\gui\lang\eng\bobs\ls_menu_logos.bmd,10,4,44,40,"[-527, -383]",[],[],[],UI/Sprites/ls_menu_logos/_index_data/bob_0010.png,PALETTE_UNKNOWN (index data only),UNKNOWN,main menu logos,[],[],UNKNOWN,,,,,,,,,,,,,,,,,
data\gui\lang\eng\bobs\ls_menu_logos.bmd,11,4,237,148,"[-334, -270]",[],[],[],UI/Sprites/ls_menu_logos/_index_data/bob_0011.png,PALETTE_UNKNOWN (index data only),UNKNOWN,main menu logos,[],[],UNKNOWN,,,,,,,,,,,,,,,,,
data\gui\lang\eng\bobs\ls_menu_logos.bmd,12,4,711,572,"[-33, -11]",[],[],[],UI/Sprites/ls_menu_logos/_index_data/bob_0012.png,PALETTE_UNKNOWN (index data only),UNKNOWN,main menu logos,[],[],UNKNOWN,,,,,,,,,,,,,,,,,
data\gui\lang\eng\bobs\ls_menu_logos.bmd,13,4,116,51,"[-484, -291]",[],[],[],UI/Sprites/ls_menu_logos/_index_data/bob_0013.png,PALETTE_UNKNOWN (index data only),UNKNOWN,main menu logos,[],[],UNKNOWN,,,,,,,,,,,,,,,,,
data\gui\lang\eng\bobs\ls_menu_logos.bmd,14,4,122,115,"[-478, -252]",[],[],[],UI/Sprites/ls_menu_logos/_index_data/bob_0014.png,PALETTE_UNKNOWN (index data only),UNKNOWN,main menu logos,[],[],UNKNOWN,,,,,,,,,,,,,,,,,
data\gui\lang\eng\bobs\ls_menu_logos.bmd,15,4,122,115,"[-478, -252]",[],[],[],UI/Sprites/ls_menu_logos/_index_data/bob_0015.png,PALETTE_UNKNOWN (index data only),UNKNOWN,main menu logos,[],[],UNKNOWN,,,,,,,,,,,,,,,,,
data\gui\lang\eng\bobs\ls_menu_logos.bmd,16,4,133,137,"[-467, -230]",[],[],[],UI/Sprites/ls_menu_logos/_index_data/bob_0016.png,PALETTE_UNKNOWN (index data only),UNKNOWN,main menu logos,[],[],UNKNOWN,,,,,,,,,,,,,,,,,
data\gui\lang\eng\bobs\ls_menu_logos.bmd,17,4,197,146,"[-403, -221]",[],[],[],UI/Sprites/ls_menu_logos/_index_data/bob_0017.png,PALETTE_UNKNOWN (index data only),UNKNOWN,main menu logos,[],[],UNKNOWN,,,,,,,,,,,,,,,,,
data\gui\lang\eng\bobs\ls_menu_logos.bmd,18,4,221,147,"[-379, -221]",[],[],[],UI/Sprites/ls_menu_logos/_index_data/bob_0018.png,PALETTE_UNKNOWN (index data only),UNKNOWN,main menu logos,[],[],UNKNOWN,,,,,,,,,,,,,,,,,
data\gui\lang\eng\bobs\ls_menu_logos.bmd,19,4,221,160,"[-379, -221]",[],[],[],UI/Sprites/ls_menu_logos/_index_data/bob_0019.png,PALETTE_UNKNOWN (index data only),UNKNOWN,main menu logos,[],[],UNKNOWN,,,,,,,,,,,,,,,,,
,,,,,,,,,,DECODED,,fonts,,,,14,data\maps\campaign_03_01\text\eng\briefings\fonts\font10.fnt,990374232cb409efbd6c749cabe40ebbeb0a494ab52c553aae22050e6f953cd9,0x3f5,0,116,10,221,UI/Fonts/maps_campaign_03_01_text_eng_briefings_fonts/font10__index_data.png,,,,,,,,
,,,,,,,,,,DECODED,,fonts,,,,21,data\maps\multiplayer_203_special_militär\text\eng\briefings\fonts\font12.fnt,f31a73f4d36f92db2d66c1f66ef317c43c71634c60d2f472365fbac76c542963,0x3f5,0,116,12,221,UI/Fonts/maps_multiplayer_203_special_militär_text_eng_briefings_fonts/font12__index_data.png,,,,,,,,
,,,,,,,,,,DUPLICATE_OF,,fonts,,,,30,data\maps\campaign_03_02\text\eng\briefings\fonts\font10.fnt,990374232cb409efbd6c749cabe40ebbeb0a494ab52c553aae22050e6f953cd9,,,,,,,data\maps\campaign_03_01\text\eng\briefings\fonts\font10.fnt,,,,,,,
,,,,,,,,,,DECODED,,fonts,,,,42,data\maps\tutorial_001\text\eng\briefings\fonts\font_10.fnt,7af933506f9a154456aa7bc0fb93f9c195975d0714c06539eac0d25e3cc10086,0x3f5,0,116,10,221,UI/Fonts/maps_tutorial_001_text_eng_briefings_fonts/font_10__index_data.png,,,,,,,,
,,,,,,,,,,DUPLICATE_OF,,fonts,,,,46,data\maps\campaign_03_01\text\eng\briefings\fonts\font12.fnt,f31a73f4d36f92db2d66c1f66ef317c43c71634c60d2f472365fbac76c542963,,,,,,,data\maps\multiplayer_203_special_militär\text\eng\briefings\fonts\font12.fnt,,,,,,,
,,,,,,,,,,DUPLICATE_OF,,fonts,,,,47,data\maps\campaign_03_03\text\eng\briefings\fonts\font10.fnt,990374232cb409efbd6c749cabe40ebbeb0a494ab52c553aae22050e6f953cd9,,,,,,,data\maps\campaign_03_01\text\eng\briefings\fonts\font10.fnt,,,,,,,
,,,,,,,,,,DECODED,,fonts,,,,62,data\maps\multiplayer_201_special_coop\text\eng\briefings\fonts\fonthead16bld.fnt,1de0bfa6b2e2ded55cc175d9e9c1b486d0f0ba9a50b77009f807422565df66bd,0x3f5,0,116,16,221,UI/Fonts/maps_multiplayer_201_special_coop_text_eng_briefings_fonts/fonthead16bld__index_data.png,,,,,,,,
,,,,,,,,,,DUPLICATE_OF,,fonts,,,,64,data\maps\tutorial_002\text\eng\briefings\fonts\font_10.fnt,7af933506f9a154456aa7bc0fb93f9c195975d0714c06539eac0d25e3cc10086,,,,,,,data\maps\tutorial_001\text\eng\briefings\fonts\font_10.fnt,,,,,,,
,,,,,,,,,,DUPLICATE_OF,,fonts,,,,71,data\maps\campaign_03_02\text\eng\briefings\fonts\font12.fnt,f31a73f4d36f92db2d66c1f66ef317c43c71634c60d2f472365fbac76c542963,,,,,,,data\maps\multiplayer_203_special_militär\text\eng\briefings\fonts\font12.fnt,,,,,,,
,,,,,,,,,,DUPLICATE_OF,,fonts,,,,76,data\maps\campaign_03_04\text\eng\briefings\fonts\font10.fnt,990374232cb409efbd6c749cabe40ebbeb0a494ab52c553aae22050e6f953cd9,,,,,,,data\maps\campaign_03_01\text\eng\briefings\fonts\font10.fnt,,,,,,,
,,,,,,,,,,DUPLICATE_OF,,fonts,,,,87,data\maps\tutorial_003\text\eng\briefings\fonts\font_10.fnt,7af933506f9a154456aa7bc0fb93f9c195975d0714c06539eac0d25e3cc10086,,,,,,,data\maps\tutorial_001\text\eng\briefings\fonts\font_10.fnt,,,,,,,
,,,,,,,,,,DUPLICATE_OF,,fonts,,,,96,data\maps\campaign_03_03\text\eng\briefings\fonts\font12.fnt,f31a73f4d36f92db2d66c1f66ef317c43c71634c60d2f472365fbac76c542963,,,,,,,data\maps\multiplayer_203_special_militär\text\eng\briefings\fonts\font12.fnt,,,,,,,
,,,,,,,,,,DUPLICATE_OF,,fonts,,,,99,data\maps\campaign_03_05\text\eng\briefings\fonts\font10.fnt,990374232cb409efbd6c749cabe40ebbeb0a494ab52c553aae22050e6f953cd9,,,,,,,data\maps\campaign_03_01\text\eng\briefings\fonts\font10.fnt,,,,,,,
,,,,,,,,,,DUPLICATE_OF,,fonts,,,,108,data\maps\tutorial_004\text\eng\briefings\fonts\font_10.fnt,7af933506f9a154456aa7bc0fb93f9c195975d0714c06539eac0d25e3cc10086,,,,,,,data\maps\tutorial_001\text\eng\briefings\fonts\font_10.fnt,,,,,,,
,,,,,,,,,,DUPLICATE_OF,,fonts,,,,119,data\maps\campaign_03_04\text\eng\briefings\fonts\font12.fnt,f31a73f4d36f92db2d66c1f66ef317c43c71634c60d2f472365fbac76c542963,,,,,,,data\maps\multiplayer_203_special_militär\text\eng\briefings\fonts\font12.fnt,,,,,,,
,,,,,,,,,,DUPLICATE_OF,,fonts,,,,126,data\maps\campaign_03_06\text\eng\briefings\fonts\font10.fnt,990374232cb409efbd6c749cabe40ebbeb0a494ab52c553aae22050e6f953cd9,,,,,,,data\maps\campaign_03_01\text\eng\briefings\fonts\font10.fnt,,,,,,,
,,,,,,,,,,DUPLICATE_OF,,fonts,,,,130,data\maps\tutorial_005\text\eng\briefings\fonts\font_10.fnt,7af933506f9a154456aa7bc0fb93f9c195975d0714c06539eac0d25e3cc10086,,,,,,,data\maps\tutorial_001\text\eng\briefings\fonts\font_10.fnt,,,,,,,
,,,,,,,,,,DUPLICATE_OF,,fonts,,,,139,data\maps\campaign_03_05\text\eng\briefings\fonts\font12.fnt,f31a73f4d36f92db2d66c1f66ef317c43c71634c60d2f472365fbac76c542963,,,,,,,data\maps\multiplayer_203_special_militär\text\eng\briefings\fonts\font12.fnt,,,,,,,
,,,,,,,,,,DUPLICATE_OF,,fonts,,,,149,data\maps\campaign_03_07\text\eng\briefings\fonts\font10.fnt,990374232cb409efbd6c749cabe40ebbeb0a494ab52c553aae22050e6f953cd9,,,,,,,data\maps\campaign_03_01\text\eng\briefings\fonts\font10.fnt,,,,,,,
,,,,,,,,,,DUPLICATE_OF,,fonts,,,,151,data\maps\tutorial_006\text\eng\briefings\fonts\font_10.fnt,7af933506f9a154456aa7bc0fb93f9c195975d0714c06539eac0d25e3cc10086,,,,,,,data\maps\tutorial_001\text\eng\briefings\fonts\font_10.fnt,,,,,,,
,,,,,,,,,,DUPLICATE_OF,,fonts,,,,167,data\maps\campaign_03_06\text\eng\briefings\fonts\font12.fnt,f31a73f4d36f92db2d66c1f66ef317c43c71634c60d2f472365fbac76c542963,,,,,,,data\maps\multiplayer_203_special_militär\text\eng\briefings\fonts\font12.fnt,,,,,,,
,,,,,,,,,,DUPLICATE_OF,,fonts,,,,170,data\maps\campaign_03_08\text\eng\briefings\fonts\font10.fnt,990374232cb409efbd6c749cabe40ebbeb0a494ab52c553aae22050e6f953cd9,,,,,,,data\maps\campaign_03_01\text\eng\briefings\fonts\font10.fnt,,,,,,,
,,,,,,,,,,DUPLICATE_OF,,fonts,,,,171,data\maps\tutorial_007\text\eng\briefings\fonts\font_10.fnt,7af933506f9a154456aa7bc0fb93f9c195975d0714c06539eac0d25e3cc10086,,,,,,,data\maps\tutorial_001\text\eng\briefings\fonts\font_10.fnt,,,,,,,
,,,,,,,,,,DUPLICATE_OF,,fonts,,,,187,data\maps\campaign_03_07\text\eng\briefings\fonts\font12.fnt,f31a73f4d36f92db2d66c1f66ef317c43c71634c60d2f472365fbac76c542963,,,,,,,data\maps\multiplayer_203_special_militär\text\eng\briefings\fonts\font12.fnt,,,,,,,
,,,,,,,,,,DUPLICATE_OF,,fonts,,,,201,data\maps\campaign_03_08\text\eng\briefings\fonts\font12.fnt,f31a73f4d36f92db2d66c1f66ef317c43c71634c60d2f472365fbac76c542963,,,,,,,data\maps\multiplayer_203_special_militär\text\eng\briefings\fonts\font12.fnt,,,,,,,
,,,,,,,,,,DUPLICATE_OF,,fonts,,,,401,data\maps\multiplayer_02_06_ressourcen\text\eng\briefings\fonts\font10.fnt,990374232cb409efbd6c749cabe40ebbeb0a494ab52c553aae22050e6f953cd9,,,,,,,data\maps\campaign_03_01\text\eng\briefings\fonts\font10.fnt,,,,,,,
,,,,,,,,,,DUPLICATE_OF,,fonts,,,,445,data\maps\demo_mainmenu_10\text\eng\briefings\fonts\fonthead16bld.fnt,1de0bfa6b2e2ded55cc175d9e9c1b486d0f0ba9a50b77009f807422565df66bd,,,,,,,data\maps\multiplayer_201_special_coop\text\eng\briefings\fonts\fonthead16bld.fnt,,,,,,,
,,,,,,,,,,DUPLICATE_OF,,fonts,,,,446,data\maps\multiplayer_02_06_ressourcen\text\eng\briefings\fonts\font12.fnt,f31a73f4d36f92db2d66c1f66ef317c43c71634c60d2f472365fbac76c542963,,,,,,,data\maps\multiplayer_203_special_militär\text\eng\briefings\fonts\font12.fnt,,,,,,,
,,,,,,,,,,DUPLICATE_OF,,fonts,,,,836,data\maps\multiplayer_202_special_millitär\text\eng\briefings\fonts\fonthead16bld.fnt,1de0bfa6b2e2ded55cc175d9e9c1b486d0f0ba9a50b77009f807422565df66bd,,,,,,,data\maps\multiplayer_201_special_coop\text\eng\briefings\fonts\fonthead16bld.fnt,,,,,,,
,,,,,,,,,,DUPLICATE_OF,,fonts,,,,874,data\maps\multiplayer_201_special_coop\text\eng\briefings\fonts\font10.fnt,990374232cb409efbd6c749cabe40ebbeb0a494ab52c553aae22050e6f953cd9,,,,,,,data\maps\campaign_03_01\text\eng\briefings\fonts\font10.fnt,,,,,,,
,,,,,,,,,,DUPLICATE_OF,,fonts,,,,884,data\maps\multiplayer_201_special_coop\text\eng\briefings\fonts\font12.fnt,f31a73f4d36f92db2d66c1f66ef317c43c71634c60d2f472365fbac76c542963,,,,,,,data\maps\multiplayer_203_special_militär\text\eng\briefings\fonts\font12.fnt,,,,,,,
,,,,,,,,,,DUPLICATE_OF,,fonts,,,,926,data\maps\singleplayer_03_01-sub1\text\eng\briefings\fonts\fonthead16bld.fnt,1de0bfa6b2e2ded55cc175d9e9c1b486d0f0ba9a50b77009f807422565df66bd,,,,,,,data\maps\multiplayer_201_special_coop\text\eng\briefings\fonts\fonthead16bld.fnt,,,,,,,
,,,,,,,,,,DUPLICATE_OF,,fonts,,,,927,data\text\eng\hypertext\history\fonts\fonthead16bld.fnt,1de0bfa6b2e2ded55cc175d9e9c1b486d0f0ba9a50b77009f807422565df66bd,,,,,,,data\maps\multiplayer_201_special_coop\text\eng\briefings\fonts\fonthead16bld.fnt,,,,,,,
,,,,,,,,,,DUPLICATE_OF,,fonts,,,,972,data\text\eng\hypertext\ingamehelp\fonts\fonthead16bld.fnt,1de0bfa6b2e2ded55cc175d9e9c1b486d0f0ba9a50b77009f807422565df66bd,,,,,,,data\maps\multiplayer_201_special_coop\text\eng\briefings\fonts\fonthead16bld.fnt,,,,,,,
,,,,,,,,,,DECODED,,fonts,,,,995,data\gui\fonts\fontdebug.fnt,471503b2bc94a1f521aaada7f081518cb9e658b3a93389738ad1de4a628cb941,0x3f5,0,116,8,221,UI/Fonts/gui_fonts/fontdebug__index_data.png,,,,,,,,
,,,,,,,,,,DECODED,,fonts,,,,1012,data\text\eng\hypertext\credits\fonts\font10.fnt,e981184e865ebf5d1650ff0eaaf495f074b00170edd2a110085d1f0d70845df7,0x3f5,0,116,13,221,UI/Fonts/text_eng_hypertext_credits_fonts/font10__index_data.png,,,,,,,,
,,,,,,,,,,DUPLICATE_OF,,fonts,,,,1074,data\maps\demo_mainmenu_10\text\eng\briefings\fonts\font10.fnt,990374232cb409efbd6c749cabe40ebbeb0a494ab52c553aae22050e6f953cd9,,,,,,,data\maps\campaign_03_01\text\eng\briefings\fonts\font10.fnt,,,,,,,
,,,,,,,,,,DUPLICATE_OF,,fonts,,,,1100,data\maps\demo_mainmenu_10\text\eng\briefings\fonts\font12.fnt,f31a73f4d36f92db2d66c1f66ef317c43c71634c60d2f472365fbac76c542963,,,,,,,data\maps\multiplayer_203_special_militär\text\eng\briefings\fonts\font12.fnt,,,,,,,
,,,,,,,,,,DUPLICATE_OF,,fonts,,,,1282,data\maps\multiplayer_202_special_millitär\text\eng\briefings\fonts\font10.fnt,990374232cb409efbd6c749cabe40ebbeb0a494ab52c553aae22050e6f953cd9,,,,,,,data\maps\campaign_03_01\text\eng\briefings\fonts\font10.fnt,,,,,,,
,,,,,,,,,,DUPLICATE_OF,,fonts,,,,1306,data\maps\multiplayer_202_special_millitär\text\eng\briefings\fonts\font12.fnt,f31a73f4d36f92db2d66c1f66ef317c43c71634c60d2f472365fbac76c542963,,,,,,,data\maps\multiplayer_203_special_militär\text\eng\briefings\fonts\font12.fnt,,,,,,,
,,,,,,,,,,DUPLICATE_OF,,fonts,,,,1315,data\maps\tutorial_001\text\eng\briefings\fonts\fonthead16bld.fnt,1de0bfa6b2e2ded55cc175d9e9c1b486d0f0ba9a50b77009f807422565df66bd,,,,,,,data\maps\multiplayer_201_special_coop\text\eng\briefings\fonts\fonthead16bld.fnt,,,,,,,
,,,,,,,,,,DUPLICATE_OF,,fonts,,,,1324,data\maps\multiplayer_205_special_cap-the-cow\text\eng\briefings\fonts\fonthead16bld.fnt,1de0bfa6b2e2ded55cc175d9e9c1b486d0f0ba9a50b77009f807422565df66bd,,,,,,,data\maps\multiplayer_201_special_coop\text\eng\briefings\fonts\fonthead16bld.fnt,,,,,,,
,,,,,,,,,,DUPLICATE_OF,,fonts,,,,1325,data\maps\tutorial_002\text\eng\briefings\fonts\fonthead16bld.fnt,1de0bfa6b2e2ded55cc175d9e9c1b486d0f0ba9a50b77009f807422565df66bd,,,,,,,data\maps\multiplayer_201_special_coop\text\eng\briefings\fonts\fonthead16bld.fnt,,,,,,,
,,,,,,,,,,DUPLICATE_OF,,fonts,,,,1334,data\maps\tutorial_003\text\eng\briefings\fonts\fonthead16bld.fnt,1de0bfa6b2e2ded55cc175d9e9c1b486d0f0ba9a50b77009f807422565df66bd,,,,,,,data\maps\multiplayer_201_special_coop\text\eng\briefings\fonts\fonthead16bld.fnt,,,,,,,
,,,,,,,,,,DUPLICATE_OF,,fonts,,,,1338,data\maps\tutorial_004\text\eng\briefings\fonts\fonthead16bld.fnt,1de0bfa6b2e2ded55cc175d9e9c1b486d0f0ba9a50b77009f807422565df66bd,,,,,,,data\maps\multiplayer_201_special_coop\text\eng\briefings\fonts\fonthead16bld.fnt,,,,,,,
,,,,,,,,,,DUPLICATE_OF,,fonts,,,,1341,data\maps\tutorial_005\text\eng\briefings\fonts\fonthead16bld.fnt,1de0bfa6b2e2ded55cc175d9e9c1b486d0f0ba9a50b77009f807422565df66bd,,,,,,,data\maps\multiplayer_201_special_coop\text\eng\briefings\fonts\fonthead16bld.fnt,,,,,,,
,,,,,,,,,,DUPLICATE_OF,,fonts,,,,1344,data\maps\tutorial_006\text\eng\briefings\fonts\fonthead16bld.fnt,1de0bfa6b2e2ded55cc175d9e9c1b486d0f0ba9a50b77009f807422565df66bd,,,,,,,data\maps\multiplayer_201_special_coop\text\eng\briefings\fonts\fonthead16bld.fnt,,,,,,,
,,,,,,,,,,DUPLICATE_OF,,fonts,,,,1349,data\maps\tutorial_007\text\eng\briefings\fonts\fonthead16bld.fnt,1de0bfa6b2e2ded55cc175d9e9c1b486d0f0ba9a50b77009f807422565df66bd,,,,,,,data\maps\multiplayer_201_special_coop\text\eng\briefings\fonts\fonthead16bld.fnt,,,,,,,
,,,,,,,,,,DUPLICATE_OF,,fonts,,,,1355,data\maps\campaign_03_01_sub\text\eng\briefings\fonts\fonthead16bld.fnt,1de0bfa6b2e2ded55cc175d9e9c1b486d0f0ba9a50b77009f807422565df66bd,,,,,,,data\maps\multiplayer_201_special_coop\text\eng\briefings\fonts\fonthead16bld.fnt,,,,,,,
,,,,,,,,,,DUPLICATE_OF,,fonts,,,,1364,data\maps\campaign_03_02_sub\text\eng\briefings\fonts\fonthead16bld.fnt,1de0bfa6b2e2ded55cc175d9e9c1b486d0f0ba9a50b77009f807422565df66bd,,,,,,,data\maps\multiplayer_201_special_coop\text\eng\briefings\fonts\fonthead16bld.fnt,,,,,,,
,,,,,,,,,,DUPLICATE_OF,,fonts,,,,1398,data\maps\singleplayer_03_01-sub1\text\eng\briefings\fonts\font10.fnt,990374232cb409efbd6c749cabe40ebbeb0a494ab52c553aae22050e6f953cd9,,,,,,,data\maps\campaign_03_01\text\eng\briefings\fonts\font10.fnt,,,,,,,
,,,,,,,,,,DUPLICATE_OF,,fonts,,,,1400,data\text\eng\hypertext\history\fonts\font10.fnt,990374232cb409efbd6c749cabe40ebbeb0a494ab52c553aae22050e6f953cd9,,,,,,,data\maps\campaign_03_01\text\eng\briefings\fonts\font10.fnt,,,,,,,
,,,,,,,,,,DUPLICATE_OF,,fonts,,,,1419,data\maps\singleplayer_03_01-sub1\text\eng\briefings\fonts\font12.fnt,f31a73f4d36f92db2d66c1f66ef317c43c71634c60d2f472365fbac76c542963,,,,,,,data\maps\multiplayer_203_special_militär\text\eng\briefings\fonts\font12.fnt,,,,,,,
,,,,,,,,,,DUPLICATE_OF,,fonts,,,,1421,data\text\eng\hypertext\history\fonts\font12.fnt,f31a73f4d36f92db2d66c1f66ef317c43c71634c60d2f472365fbac76c542963,,,,,,,data\maps\multiplayer_203_special_militär\text\eng\briefings\fonts\font12.fnt,,,,,,,
,,,,,,,,,,DUPLICATE_OF,,fonts,,,,1470,data\text\eng\hypertext\ingamehelp\fonts\font10.fnt,990374232cb409efbd6c749cabe40ebbeb0a494ab52c553aae22050e6f953cd9,,,,,,,data\maps\campaign_03_01\text\eng\briefings\fonts\font10.fnt,,,,,,,
,,,,,,,,,,DUPLICATE_OF,,fonts,,,,1490,data\text\eng\hypertext\ingamehelp\fonts\font12.fnt,f31a73f4d36f92db2d66c1f66ef317c43c71634c60d2f472365fbac76c542963,,,,,,,data\maps\multiplayer_203_special_militär\text\eng\briefings\fonts\font12.fnt,,,,,,,
,,,,,,,,,,DUPLICATE_OF,,fonts,,,,1694,data\maps\singleplayer_03_01\text\eng\briefings\fonts\fonthead16bld.fnt,1de0bfa6b2e2ded55cc175d9e9c1b486d0f0ba9a50b77009f807422565df66bd,,,,,,,data\maps\multiplayer_201_special_coop\text\eng\briefings\fonts\fonthead16bld.fnt,,,,,,,
,,,,,,,,,,DUPLICATE_OF,,fonts,,,,1703,data\maps\singleplayer_03_02\text\eng\briefings\fonts\fonthead16bld.fnt,1de0bfa6b2e2ded55cc175d9e9c1b486d0f0ba9a50b77009f807422565df66bd,,,,,,,data\maps\multiplayer_201_special_coop\text\eng\briefings\fonts\fonthead16bld.fnt,,,,,,,
,,,,,,,,,,DUPLICATE_OF,,fonts,,,,1711,data\maps\singleplayer_03_03\text\eng\briefings\fonts\fonthead16bld.fnt,1de0bfa6b2e2ded55cc175d9e9c1b486d0f0ba9a50b77009f807422565df66bd,,,,,,,data\maps\multiplayer_201_special_coop\text\eng\briefings\fonts\fonthead16bld.fnt,,,,,,,
,,,,,,,,,,DUPLICATE_OF,,fonts,,,,1719,data\maps\singleplayer_03_04\text\eng\briefings\fonts\fonthead16bld.fnt,1de0bfa6b2e2ded55cc175d9e9c1b486d0f0ba9a50b77009f807422565df66bd,,,,,,,data\maps\multiplayer_201_special_coop\text\eng\briefings\fonts\fonthead16bld.fnt,,,,,,,
,,,,,,,,,,DUPLICATE_OF,,fonts,,,,1729,data\maps\singleplayer_03_05\text\eng\briefings\fonts\fonthead16bld.fnt,1de0bfa6b2e2ded55cc175d9e9c1b486d0f0ba9a50b77009f807422565df66bd,,,,,,,data\maps\multiplayer_201_special_coop\text\eng\briefings\fonts\fonthead16bld.fnt,,,,,,,
,,,,,,,,,,DUPLICATE_OF,,fonts,,,,1753,data\maps\tutorial_001\text\eng\briefings\fonts\font10.fnt,990374232cb409efbd6c749cabe40ebbeb0a494ab52c553aae22050e6f953cd9,,,,,,,data\maps\campaign_03_01\text\eng\briefings\fonts\font10.fnt,,,,,,,
,,,,,,,,,,DUPLICATE_OF,,fonts,,,,1760,data\maps\multiplayer_205_special_cap-the-cow\text\eng\briefings\fonts\font10.fnt,990374232cb409efbd6c749cabe40ebbeb0a494ab52c553aae22050e6f953cd9,,,,,,,data\maps\campaign_03_01\text\eng\briefings\fonts\font10.fnt,,,,,,,
,,,,,,,,,,DUPLICATE_OF,,fonts,,,,1762,data\maps\tutorial_002\text\eng\briefings\fonts\font10.fnt,990374232cb409efbd6c749cabe40ebbeb0a494ab52c553aae22050e6f953cd9,,,,,,,data\maps\campaign_03_01\text\eng\briefings\fonts\font10.fnt,,,,,,,
,,,,,,,,,,DUPLICATE_OF,,fonts,,,,1771,data\maps\tutorial_001\text\eng\briefings\fonts\font12.fnt,f31a73f4d36f92db2d66c1f66ef317c43c71634c60d2f472365fbac76c542963,,,,,,,data\maps\multiplayer_203_special_militär\text\eng\briefings\fonts\font12.fnt,,,,,,,
,,,,,,,,,,DUPLICATE_OF,,fonts,,,,1772,data\maps\tutorial_003\text\eng\briefings\fonts\font10.fnt,990374232cb409efbd6c749cabe40ebbeb0a494ab52c553aae22050e6f953cd9,,,,,,,data\maps\campaign_03_01\text\eng\briefings\fonts\font10.fnt,,,,,,,
,,,,,,,,,,DUPLICATE_OF,,fonts,,,,1783,data\maps\multiplayer_205_special_cap-the-cow\text\eng\briefings\fonts\font12.fnt,f31a73f4d36f92db2d66c1f66ef317c43c71634c60d2f472365fbac76c542963,,,,,,,data\maps\multiplayer_203_special_militär\text\eng\briefings\fonts\font12.fnt,,,,,,,
,,,,,,,,,,DUPLICATE_OF,,fonts,,,,1785,data\maps\tutorial_002\text\eng\briefings\fonts\font12.fnt,f31a73f4d36f92db2d66c1f66ef317c43c71634c60d2f472365fbac76c542963,,,,,,,data\maps\multiplayer_203_special_militär\text\eng\briefings\fonts\font12.fnt,,,,,,,
,,,,,,,,,,DUPLICATE_OF,,fonts,,,,1786,data\maps\tutorial_004\text\eng\briefings\fonts\font10.fnt,990374232cb409efbd6c749cabe40ebbeb0a494ab52c553aae22050e6f953cd9,,,,,,,data\maps\campaign_03_01\text\eng\briefings\fonts\font10.fnt,,,,,,,
,,,,,,,,,,DUPLICATE_OF,,fonts,,,,1794,data\maps\campaign_03_03_sub1\text\eng\briefings\fonts\fonthead16bld.fnt,1de0bfa6b2e2ded55cc175d9e9c1b486d0f0ba9a50b77009f807422565df66bd,,,,,,,data\maps\multiplayer_201_special_coop\text\eng\briefings\fonts\fonthead16bld.fnt,,,,,,,
,,,,,,,,,,DUPLICATE_OF,,fonts,,,,1796,data\maps\tutorial_003\text\eng\briefings\fonts\font12.fnt,f31a73f4d36f92db2d66c1f66ef317c43c71634c60d2f472365fbac76c542963,,,,,,,data\maps\multiplayer_203_special_militär\text\eng\briefings\fonts\font12.fnt,,,,,,,
,,,,,,,,,,DUPLICATE_OF,,fonts,,,,1797,data\maps\tutorial_005\text\eng\briefings\fonts\font10.fnt,990374232cb409efbd6c749cabe40ebbeb0a494ab52c553aae22050e6f953cd9,,,,,,,data\maps\campaign_03_01\text\eng\briefings\fonts\font10.fnt,,,,,,,
,,,,,,,,,,DUPLICATE_OF,,fonts,,,,1804,data\maps\campaign_03_03_sub2\text\eng\briefings\fonts\fonthead16bld.fnt,1de0bfa6b2e2ded55cc175d9e9c1b486d0f0ba9a50b77009f807422565df66bd,,,,,,,data\maps\multiplayer_201_special_coop\text\eng\briefings\fonts\fonthead16bld.fnt,,,,,,,
,,,,,,,,,,DUPLICATE_OF,,fonts,,,,1806,data\maps\tutorial_004\text\eng\briefings\fonts\font12.fnt,f31a73f4d36f92db2d66c1f66ef317c43c71634c60d2f472365fbac76c542963,,,,,,,data\maps\multiplayer_203_special_militär\text\eng\briefings\fonts\font12.fnt,,,,,,,
,,,,,,,,,,DUPLICATE_OF,,fonts,,,,1807,data\maps\tutorial_006\text\eng\briefings\fonts\font10.fnt,990374232cb409efbd6c749cabe40ebbeb0a494ab52c553aae22050e6f953cd9,,,,,,,data\maps\campaign_03_01\text\eng\briefings\fonts\font10.fnt,,,,,,,
,,,,,,,,,,DUPLICATE_OF,,fonts,,,,1817,data\maps\campaign_03_03_sub3\text\eng\briefings\fonts\fonthead16bld.fnt,1de0bfa6b2e2ded55cc175d9e9c1b486d0f0ba9a50b77009f807422565df66bd,,,,,,,data\maps\multiplayer_201_special_coop\text\eng\briefings\fonts\fonthead16bld.fnt,,,,,,,
,,,,,,,,,,DUPLICATE_OF,,fonts,,,,1818,data\maps\campaign_03_05_sub1\text\eng\briefings\fonts\fonthead16bld.fnt,1de0bfa6b2e2ded55cc175d9e9c1b486d0f0ba9a50b77009f807422565df66bd,,,,,,,data\maps\multiplayer_201_special_coop\text\eng\briefings\fonts\fonthead16bld.fnt,,,,,,,
,,,,,,,,,,DUPLICATE_OF,,fonts,,,,1819,data\maps\tutorial_005\text\eng\briefings\fonts\font12.fnt,f31a73f4d36f92db2d66c1f66ef317c43c71634c60d2f472365fbac76c542963,,,,,,,data\maps\multiplayer_203_special_militär\text\eng\briefings\fonts\font12.fnt,,,,,,,
,,,,,,,,,,DUPLICATE_OF,,fonts,,,,1820,data\maps\tutorial_007\text\eng\briefings\fonts\font10.fnt,990374232cb409efbd6c749cabe40ebbeb0a494ab52c553aae22050e6f953cd9,,,,,,,data\maps\campaign_03_01\text\eng\briefings\fonts\font10.fnt,,,,,,,
,,,,,,,,,,DUPLICATE_OF,,fonts,,,,1827,data\maps\campaign_03_01_sub\text\eng\briefings\fonts\font10.fnt,990374232cb409efbd6c749cabe40ebbeb0a494ab52c553aae22050e6f953cd9,,,,,,,data\maps\campaign_03_01\text\eng\briefings\fonts\font10.fnt,,,,,,,
,,,,,,,,,,DUPLICATE_OF,,fonts,,,,1828,data\maps\campaign_03_05_sub2\text\eng\briefings\fonts\fonthead16bld.fnt,1de0bfa6b2e2ded55cc175d9e9c1b486d0f0ba9a50b77009f807422565df66bd,,,,,,,data\maps\multiplayer_201_special_coop\text\eng\briefings\fonts\fonthead16bld.fnt,,,,,,,
,,,,,,,,,,DUPLICATE_OF,,fonts,,,,1829,data\maps\campaign_03_06_sub1\text\eng\briefings\fonts\fonthead16bld.fnt,1de0bfa6b2e2ded55cc175d9e9c1b486d0f0ba9a50b77009f807422565df66bd,,,,,,,data\maps\multiplayer_201_special_coop\text\eng\briefings\fonts\fonthead16bld.fnt,,,,,,,
,,,,,,,,,,DUPLICATE_OF,,fonts,,,,1830,data\maps\tutorial_006\text\eng\briefings\fonts\font12.fnt,f31a73f4d36f92db2d66c1f66ef317c43c71634c60d2f472365fbac76c542963,,,,,,,data\maps\multiplayer_203_special_militär\text\eng\briefings\fonts\font12.fnt,,,,,,,
,,,,,,,,,,DECODED,,fonts,,,,1840,data\gui\fonts\font10.fnt,21467c518c56a8a547872392a350ab49b612866c77d0856b42dd835e04ed3002,0x3f5,0,223,13,224,UI/Fonts/gui_fonts/font10__index_data.png,,,,,,,,
,,,,,,,,,,DUPLICATE_OF,,fonts,,,,1841,data\maps\campaign_03_02_sub\text\eng\briefings\fonts\font10.fnt,990374232cb409efbd6c749cabe40ebbeb0a494ab52c553aae22050e6f953cd9,,,,,,,data\maps\campaign_03_01\text\eng\briefings\fonts\font10.fnt,,,,,,,
,,,,,,,,,,DUPLICATE_OF,,fonts,,,,1842,data\maps\campaign_03_06_sub2\text\eng\briefings\fonts\fonthead16bld.fnt,1de0bfa6b2e2ded55cc175d9e9c1b486d0f0ba9a50b77009f807422565df66bd,,,,,,,data\maps\multiplayer_201_special_coop\text\eng\briefings\fonts\fonthead16bld.fnt,,,,,,,
,,,,,,,,,,DUPLICATE_OF,,fonts,,,,1846,data\maps\tutorial_007\text\eng\briefings\fonts\font12.fnt,f31a73f4d36f92db2d66c1f66ef317c43c71634c60d2f472365fbac76c542963,,,,,,,data\maps\multiplayer_203_special_militär\text\eng\briefings\fonts\font12.fnt,,,,,,,
,,,,,,,,,,DUPLICATE_OF,,fonts,,,,1849,data\maps\campaign_03_01_sub\text\eng\briefings\fonts\font12.fnt,f31a73f4d36f92db2d66c1f66ef317c43c71634c60d2f472365fbac76c542963,,,,,,,data\maps\multiplayer_203_special_militär\text\eng\briefings\fonts\font12.fnt,,,,,,,
,,,,,,,,,,DECODED,,fonts,,,,1853,data\gui\fonts\font12.fnt,a8eaaf08aa98bf3f9e78f65d56d2302ce8dfaee8d85e639d53730c8bb0f6baf1,0x3f5,0,223,12,224,UI/Fonts/gui_fonts/font12__index_data.png,,,,,,,,
,,,,,,,,,,DUPLICATE_OF,,fonts,,,,1854,data\maps\campaign_03_02_sub\text\eng\briefings\fonts\font12.fnt,f31a73f4d36f92db2d66c1f66ef317c43c71634c60d2f472365fbac76c542963,,,,,,,data\maps\multiplayer_203_special_militär\text\eng\briefings\fonts\font12.fnt,,,,,,,
,,,,,,,,,,DECODED,,fonts,,,,1877,data\gui\fonts\font08.fnt,ceb9f497234c95a6b5e010a4c05f4273df329759b414eee5bcdd354ef0a9d41d,0x3f5,0,223,8,224,UI/Fonts/gui_fonts/font08__index_data.png,,,,,,,,
,,,,,,,,,,DUPLICATE_OF,,fonts,,,,1944,data\maps\multiplayer_204_special_cap-the-flag\text\eng\briefings\fonts\fonthead16bld.fnt,1de0bfa6b2e2ded55cc175d9e9c1b486d0f0ba9a50b77009f807422565df66bd,,,,,,,data\maps\multiplayer_201_special_coop\text\eng\briefings\fonts\fonthead16bld.fnt,,,,,,,
,,,,,,,,,,DUPLICATE_OF,,fonts,,,,2014,data\maps\multiplayer_203_special_militär\text\eng\briefings\fonts\fonthead16bld.fnt,1de0bfa6b2e2ded55cc175d9e9c1b486d0f0ba9a50b77009f807422565df66bd,,,,,,,data\maps\multiplayer_201_special_coop\text\eng\briefings\fonts\fonthead16bld.fnt,,,,,,,
,,,,,,,,,,DUPLICATE_OF,,fonts,,,,2063,data\maps\campaign_03_01\text\eng\briefings\fonts\fonthead16bld.fnt,1de0bfa6b2e2ded55cc175d9e9c1b486d0f0ba9a50b77009f807422565df66bd,,,,,,,data\maps\multiplayer_201_special_coop\text\eng\briefings\fonts\fonthead16bld.fnt,,,,,,,
,,,,,,,,,,DUPLICATE_OF,,fonts,,,,2091,data\maps\campaign_03_02\text\eng\briefings\fonts\fonthead16bld.fnt,1de0bfa6b2e2ded55cc175d9e9c1b486d0f0ba9a50b77009f807422565df66bd,,,,,,,data\maps\multiplayer_201_special_coop\text\eng\briefings\fonts\fonthead16bld.fnt,,,,,,,
,,,,,,,,,,DUPLICATE_OF,,fonts,,,,2122,data\maps\campaign_03_03\text\eng\briefings\fonts\fonthead16bld.fnt,1de0bfa6b2e2ded55cc175d9e9c1b486d0f0ba9a50b77009f807422565df66bd,,,,,,,data\maps\multiplayer_201_special_coop\text\eng\briefings\fonts\fonthead16bld.fnt,,,,,,,
,,,,,,,,,,DUPLICATE_OF,,fonts,,,,2156,data\maps\campaign_03_04\text\eng\briefings\fonts\fonthead16bld.fnt,1de0bfa6b2e2ded55cc175d9e9c1b486d0f0ba9a50b77009f807422565df66bd,,,,,,,data\maps\multiplayer_201_special_coop\text\eng\briefings\fonts\fonthead16bld.fnt,,,,,,,
,,,,,,,,,,DUPLICATE_OF,,fonts,,,,2186,data\maps\campaign_03_05\text\eng\briefings\fonts\fonthead16bld.fnt,1de0bfa6b2e2ded55cc175d9e9c1b486d0f0ba9a50b77009f807422565df66bd,,,,,,,data\maps\multiplayer_201_special_coop\text\eng\briefings\fonts\fonthead16bld.fnt,,,,,,,
,,,,,,,,,,DUPLICATE_OF,,fonts,,,,2213,data\maps\campaign_03_06\text\eng\briefings\fonts\fonthead16bld.fnt,1de0bfa6b2e2ded55cc175d9e9c1b486d0f0ba9a50b77009f807422565df66bd,,,,,,,data\maps\multiplayer_201_special_coop\text\eng\briefings\fonts\fonthead16bld.fnt,,,,,,,
,,,,,,,,,,DUPLICATE_OF,,fonts,,,,2214,data\maps\singleplayer_03_01\text\eng\briefings\fonts\font10.fnt,990374232cb409efbd6c749cabe40ebbeb0a494ab52c553aae22050e6f953cd9,,,,,,,data\maps\campaign_03_01\text\eng\briefings\fonts\font10.fnt,,,,,,,
,,,,,,,,,,DUPLICATE_OF,,fonts,,,,2243,data\maps\campaign_03_07\text\eng\briefings\fonts\fonthead16bld.fnt,1de0bfa6b2e2ded55cc175d9e9c1b486d0f0ba9a50b77009f807422565df66bd,,,,,,,data\maps\multiplayer_201_special_coop\text\eng\briefings\fonts\fonthead16bld.fnt,,,,,,,
,,,,,,,,,,DUPLICATE_OF,,fonts,,,,2244,data\maps\singleplayer_03_02\text\eng\briefings\fonts\font10.fnt,990374232cb409efbd6c749cabe40ebbeb0a494ab52c553aae22050e6f953cd9,,,,,,,data\maps\campaign_03_01\text\eng\briefings\fonts\font10.fnt,,,,,,,
,,,,,,,,,,DUPLICATE_OF,,fonts,,,,2266,data\maps\campaign_03_08\text\eng\briefings\fonts\fonthead16bld.fnt,1de0bfa6b2e2ded55cc175d9e9c1b486d0f0ba9a50b77009f807422565df66bd,,,,,,,data\maps\multiplayer_201_special_coop\text\eng\briefings\fonts\fonthead16bld.fnt,,,,,,,
,,,,,,,,,,DUPLICATE_OF,,fonts,,,,2267,data\maps\singleplayer_03_01\text\eng\briefings\fonts\font12.fnt,f31a73f4d36f92db2d66c1f66ef317c43c71634c60d2f472365fbac76c542963,,,,,,,data\maps\multiplayer_203_special_militär\text\eng\briefings\fonts\font12.fnt,,,,,,,
,,,,,,,,,,DUPLICATE_OF,,fonts,,,,2268,data\maps\singleplayer_03_03\text\eng\briefings\fonts\font10.fnt,990374232cb409efbd6c749cabe40ebbeb0a494ab52c553aae22050e6f953cd9,,,,,,,data\maps\campaign_03_01\text\eng\briefings\fonts\font10.fnt,,,,,,,
,,,,,,,,,,DUPLICATE_OF,,fonts,,,,2287,data\maps\singleplayer_03_02\text\eng\briefings\fonts\font12.fnt,f31a73f4d36f92db2d66c1f66ef317c43c71634c60d2f472365fbac76c542963,,,,,,,data\maps\multiplayer_203_special_militär\text\eng\briefings\fonts\font12.fnt,,,,,,,
,,,,,,,,,,DUPLICATE_OF,,fonts,,,,2288,data\maps\singleplayer_03_04\text\eng\briefings\fonts\font10.fnt,990374232cb409efbd6c749cabe40ebbeb0a494ab52c553aae22050e6f953cd9,,,,,,,data\maps\campaign_03_01\text\eng\briefings\fonts\font10.fnt,,,,,,,
,,,,,,,,,,DUPLICATE_OF,,fonts,,,,2301,data\maps\singleplayer_03_03\text\eng\briefings\fonts\font12.fnt,f31a73f4d36f92db2d66c1f66ef317c43c71634c60d2f472365fbac76c542963,,,,,,,data\maps\multiplayer_203_special_militär\text\eng\briefings\fonts\font12.fnt,,,,,,,
,,,,,,,,,,DUPLICATE_OF,,fonts,,,,2302,data\maps\singleplayer_03_05\text\eng\briefings\fonts\font10.fnt,990374232cb409efbd6c749cabe40ebbeb0a494ab52c553aae22050e6f953cd9,,,,,,,data\maps\campaign_03_01\text\eng\briefings\fonts\font10.fnt,,,,,,,
,,,,,,,,,,DUPLICATE_OF,,fonts,,,,2316,data\maps\singleplayer_03_04\text\eng\briefings\fonts\font12.fnt,f31a73f4d36f92db2d66c1f66ef317c43c71634c60d2f472365fbac76c542963,,,,,,,data\maps\multiplayer_203_special_militär\text\eng\briefings\fonts\font12.fnt,,,,,,,
,,,,,,,,,,DUPLICATE_OF,,fonts,,,,2329,data\maps\singleplayer_03_05\text\eng\briefings\fonts\font12.fnt,f31a73f4d36f92db2d66c1f66ef317c43c71634c60d2f472365fbac76c542963,,,,,,,data\maps\multiplayer_203_special_militär\text\eng\briefings\fonts\font12.fnt,,,,,,,
,,,,,,,,,,DUPLICATE_OF,,fonts,,,,2378,data\maps\campaign_03_03_sub1\text\eng\briefings\fonts\font10.fnt,990374232cb409efbd6c749cabe40ebbeb0a494ab52c553aae22050e6f953cd9,,,,,,,data\maps\campaign_03_01\text\eng\briefings\fonts\font10.fnt,,,,,,,
,,,,,,,,,,DUPLICATE_OF,,fonts,,,,2387,data\maps\campaign_03_03_sub2\text\eng\briefings\fonts\font10.fnt,990374232cb409efbd6c749cabe40ebbeb0a494ab52c553aae22050e6f953cd9,,,,,,,data\maps\campaign_03_01\text\eng\briefings\fonts\font10.fnt,,,,,,,
,,,,,,,,,,DUPLICATE_OF,,fonts,,,,2396,data\maps\campaign_03_03_sub1\text\eng\briefings\fonts\font12.fnt,f31a73f4d36f92db2d66c1f66ef317c43c71634c60d2f472365fbac76c542963,,,,,,,data\maps\multiplayer_203_special_militär\text\eng\briefings\fonts\font12.fnt,,,,,,,
,,,,,,,,,,DUPLICATE_OF,,fonts,,,,2397,data\maps\campaign_03_03_sub3\text\eng\briefings\fonts\font10.fnt,990374232cb409efbd6c749cabe40ebbeb0a494ab52c553aae22050e6f953cd9,,,,,,,data\maps\campaign_03_01\text\eng\briefings\fonts\font10.fnt,,,,,,,
,,,,,,,,,,DUPLICATE_OF,,fonts,,,,2399,data\maps\campaign_03_05_sub1\text\eng\briefings\fonts\font10.fnt,990374232cb409efbd6c749cabe40ebbeb0a494ab52c553aae22050e6f953cd9,,,,,,,data\maps\campaign_03_01\text\eng\briefings\fonts\font10.fnt,,,,,,,
,,,,,,,,,,DUPLICATE_OF,,fonts,,,,2406,data\maps\campaign_03_03_sub2\text\eng\briefings\fonts\font12.fnt,f31a73f4d36f92db2d66c1f66ef317c43c71634c60d2f472365fbac76c542963,,,,,,,data\maps\multiplayer_203_special_militär\text\eng\briefings\fonts\font12.fnt,,,,,,,
,,,,,,,,,,DUPLICATE_OF,,fonts,,,,2408,data\maps\campaign_03_05_sub2\text\eng\briefings\fonts\font10.fnt,990374232cb409efbd6c749cabe40ebbeb0a494ab52c553aae22050e6f953cd9,,,,,,,data\maps\campaign_03_01\text\eng\briefings\fonts\font10.fnt,,,,,,,
,,,,,,,,,,DUPLICATE_OF,,fonts,,,,2409,data\maps\campaign_03_06_sub1\text\eng\briefings\fonts\font10.fnt,990374232cb409efbd6c749cabe40ebbeb0a494ab52c553aae22050e6f953cd9,,,,,,,data\maps\campaign_03_01\text\eng\briefings\fonts\font10.fnt,,,,,,,
,,,,,,,,,,DUPLICATE_OF,,fonts,,,,2419,data\maps\campaign_03_03_sub3\text\eng\briefings\fonts\font12.fnt,f31a73f4d36f92db2d66c1f66ef317c43c71634c60d2f472365fbac76c542963,,,,,,,data\maps\multiplayer_203_special_militär\text\eng\briefings\fonts\font12.fnt,,,,,,,
,,,,,,,,,,DUPLICATE_OF,,fonts,,,,2420,data\maps\campaign_03_05_sub1\text\eng\briefings\fonts\font12.fnt,f31a73f4d36f92db2d66c1f66ef317c43c71634c60d2f472365fbac76c542963,,,,,,,data\maps\multiplayer_203_special_militär\text\eng\briefings\fonts\font12.fnt,,,,,,,
,,,,,,,,,,DUPLICATE_OF,,fonts,,,,2422,data\maps\campaign_03_06_sub2\text\eng\briefings\fonts\font10.fnt,990374232cb409efbd6c749cabe40ebbeb0a494ab52c553aae22050e6f953cd9,,,,,,,data\maps\campaign_03_01\text\eng\briefings\fonts\font10.fnt,,,,,,,
,,,,,,,,,,DUPLICATE_OF,,fonts,,,,2431,data\maps\campaign_03_05_sub2\text\eng\briefings\fonts\font12.fnt,f31a73f4d36f92db2d66c1f66ef317c43c71634c60d2f472365fbac76c542963,,,,,,,data\maps\multiplayer_203_special_militär\text\eng\briefings\fonts\font12.fnt,,,,,,,
,,,,,,,,,,DUPLICATE_OF,,fonts,,,,2432,data\maps\campaign_03_06_sub1\text\eng\briefings\fonts\font12.fnt,f31a73f4d36f92db2d66c1f66ef317c43c71634c60d2f472365fbac76c542963,,,,,,,data\maps\multiplayer_203_special_militär\text\eng\briefings\fonts\font12.fnt,,,,,,,
,,,,,,,,,,DUPLICATE_OF,,fonts,,,,2438,data\maps\campaign_03_06_sub2\text\eng\briefings\fonts\font12.fnt,f31a73f4d36f92db2d66c1f66ef317c43c71634c60d2f472365fbac76c542963,,,,,,,data\maps\multiplayer_203_special_militär\text\eng\briefings\fonts\font12.fnt,,,,,,,
,,,,,,,,,,DUPLICATE_OF,,fonts,,,,2517,data\maps\multiplayer_02_06_ressourcen\text\eng\briefings\fonts\fonthead16bld.fnt,1de0bfa6b2e2ded55cc175d9e9c1b486d0f0ba9a50b77009f807422565df66bd,,,,,,,data\maps\multiplayer_201_special_coop\text\eng\briefings\fonts\fonthead16bld.fnt,,,,,,,
,,,,,,,,,,DUPLICATE_OF,,fonts,,,,2546,data\maps\multiplayer_204_special_cap-the-flag\text\eng\briefings\fonts\font10.fnt,990374232cb409efbd6c749cabe40ebbeb0a494ab52c553aae22050e6f953cd9,,,,,,,data\maps\campaign_03_01\text\eng\briefings\fonts\font10.fnt,,,,,,,
,,,,,,,,,,DUPLICATE_OF,,fonts,,,,2567,data\maps\multiplayer_204_special_cap-the-flag\text\eng\briefings\fonts\font12.fnt,f31a73f4d36f92db2d66c1f66ef317c43c71634c60d2f472365fbac76c542963,,,,,,,data\maps\multiplayer_203_special_militär\text\eng\briefings\fonts\font12.fnt,,,,,,,
,,,,,,,,,,DUPLICATE_OF,,fonts,,,,2686,data\maps\multiplayer_203_special_militär\text\eng\briefings\fonts\font10.fnt,990374232cb409efbd6c749cabe40ebbeb0a494ab52c553aae22050e6f953cd9,,,,,,,data\maps\campaign_03_01\text\eng\briefings\fonts\font10.fnt,,,,,,,
,,,300,300,,,,,,DECODED,,images/cursors,,,,7,data\maps\multiplayer_02_06_ressourcen\text\eng\briefings\palettes\font_dark.pcx,22393273826e6995f21a7df3f5618365005b80990692b92b0df75c1a69d45d31,,,,,,UI/Maps/multiplayer_02_06_ressourcen/text_eng_briefings_palettes/font_dark.png,,PCX,UI,PIXEL_CONFIRMED (production decodeIndexedPcx == independent PIL decode),embedded PCX 256-colour palette,,,
,,,350,160,,,,,,DECODED,,images/cursors,,,,85,data\maps\multiplayer_201_special_coop\minimap\minimap.pcx,4d4272ff35d429501af746f8ed90c1748c47077595d4b7774bb0e6aab1cdb2c4,,,,,,UI/Maps/multiplayer_201_special_coop/minimap/minimap.png,,PCX,UI,PIXEL_CONFIRMED (production decodeIndexedPcx == independent PIL decode),embedded PCX 256-colour palette,,,
,,,800,600,,,,,,DECODED,,images/cursors,,,,94,data\gui\lang\eng\pictures\titlescreen.bmp,0d3318759daaa1cc6b556372222e6e594de57f224a5c5e63e42a9013d810f7cf,,,,,,UI/Pictures/titlescreen.png,,BMP,UI,SOURCE_COMPLETE (PIL standard BMP; no production decoder to compare),,,RGB,
,,,2,2,,,,,,DECODED,,images/cursors,,,,95,data\gui\palettes\font_white.pcx,e5729d093d71683f2f7324a6ab34f040cddf68b43d34e04550ff15669051ed25,,,,,,UI/Palettes/font_white.png,,PCX,UI,PIXEL_CONFIRMED (production decodeIndexedPcx == independent PIL decode),embedded PCX 256-colour palette,UI/Palettes/font_white__swatch.png,,
,,,322,260,,,,,,DECODED,,images/cursors,,,,202,data\maps\singleplayer_03_01\text\eng\briefings\graphics\08_01.pcx,56e64e98933ad858fd0163df65e0e7f46a695cefe257683e28023c7d5b643d5f,,,,,,UI/Maps/singleplayer_03_01/text_eng_briefings_graphics/08_01.png,,PCX,UI,PIXEL_CONFIRMED (production decodeIndexedPcx == independent PIL decode),embedded PCX 256-colour palette,,,
,,,276,320,,,,,,DECODED,,images/cursors,,,,213,data\maps\singleplayer_03_01\text\eng\briefings\graphics\08_02.pcx,862ca252ba46ade2871b4df702e959641facc457a8c29536d36091e8e84298a8,,,,,,UI/Maps/singleplayer_03_01/text_eng_briefings_graphics/08_02.png,,PCX,UI,PIXEL_CONFIRMED (production decodeIndexedPcx == independent PIL decode),embedded PCX 256-colour palette,,,
,,,322,260,,,,,,DECODED,,images/cursors,,,,214,data\maps\singleplayer_03_02\text\eng\briefings\graphics\08_01.pcx,56e64e98933ad858fd0163df65e0e7f46a695cefe257683e28023c7d5b643d5f,,,,,,UI/Maps/singleplayer_03_02/text_eng_briefings_graphics/08_01.png,,PCX,UI,PIXEL_CONFIRMED (production decodeIndexedPcx == independent PIL decode),embedded PCX 256-colour palette,,,
,,,276,320,,,,,,DECODED,,images/cursors,,,,220,data\maps\singleplayer_03_02\text\eng\briefings\graphics\08_02.pcx,862ca252ba46ade2871b4df702e959641facc457a8c29536d36091e8e84298a8,,,,,,UI/Maps/singleplayer_03_02/text_eng_briefings_graphics/08_02.png,,PCX,UI,PIXEL_CONFIRMED (production decodeIndexedPcx == independent PIL decode),embedded PCX 256-colour palette,,,
,,,322,260,,,,,,DECODED,,images/cursors,,,,221,data\maps\singleplayer_03_03\text\eng\briefings\graphics\08_01.pcx,56e64e98933ad858fd0163df65e0e7f46a695cefe257683e28023c7d5b643d5f,,,,,,UI/Maps/singleplayer_03_03/text_eng_briefings_graphics/08_01.png,,PCX,UI,PIXEL_CONFIRMED (production decodeIndexedPcx == independent PIL decode),embedded PCX 256-colour palette,,,
,,,320,200,,,,,,DECODED,,images/cursors,,,,226,data\maps\multiplayer_201_special_coop\text\eng\briefings\palettes\pal_white.bmp,1ecae2eef5651d133528ca33bd8d2d0aaccacc3af0c47211e1a92596388cb421,,,,,,UI/Maps/multiplayer_201_special_coop/text_eng_briefings_palettes/pal_white.png,,BMP,UI,SOURCE_COMPLETE (PIL standard BMP; no production decoder to compare),,,L,
,,,276,320,,,,,,DECODED,,images/cursors,,,,227,data\maps\singleplayer_03_03\text\eng\briefings\graphics\08_02.pcx,862ca252ba46ade2871b4df702e959641facc457a8c29536d36091e8e84298a8,,,,,,UI/Maps/singleplayer_03_03/text_eng_briefings_graphics/08_02.png,,PCX,UI,PIXEL_CONFIRMED (production decodeIndexedPcx == independent PIL decode),embedded PCX 256-colour palette,,,
,,,322,260,,,,,,DECODED,,images/cursors,,,,228,data\maps\singleplayer_03_04\text\eng\briefings\graphics\08_01.pcx,56e64e98933ad858fd0163df65e0e7f46a695cefe257683e28023c7d5b643d5f,,,,,,UI/Maps/singleplayer_03_04/text_eng_briefings_graphics/08_01.png,,PCX,UI,PIXEL_CONFIRMED (production decodeIndexedPcx == independent PIL decode),embedded PCX 256-colour palette,,,
,,,276,320,,,,,,DECODED,,images/cursors,,,,232,data\maps\singleplayer_03_04\text\eng\briefings\graphics\08_02.pcx,862ca252ba46ade2871b4df702e959641facc457a8c29536d36091e8e84298a8,,,,,,UI/Maps/singleplayer_03_04/text_eng_briefings_graphics/08_02.png,,PCX,UI,PIXEL_CONFIRMED (production decodeIndexedPcx == independent PIL decode),embedded PCX 256-colour palette,,,
,,,322,260,,,,,,DECODED,,images/cursors,,,,233,data\maps\singleplayer_03_05\text\eng\briefings\graphics\08_01.pcx,56e64e98933ad858fd0163df65e0e7f46a695cefe257683e28023c7d5b643d5f,,,,,,UI/Maps/singleplayer_03_05/text_eng_briefings_graphics/08_01.png,,PCX,UI,PIXEL_CONFIRMED (production decodeIndexedPcx == independent PIL decode),embedded PCX 256-colour palette,,,
,,,276,320,,,,,,DECODED,,images/cursors,,,,236,data\maps\singleplayer_03_05\text\eng\briefings\graphics\08_02.pcx,862ca252ba46ade2871b4df702e959641facc457a8c29536d36091e8e84298a8,,,,,,UI/Maps/singleplayer_03_05/text_eng_briefings_graphics/08_02.png,,PCX,UI,PIXEL_CONFIRMED (production decodeIndexedPcx == independent PIL decode),embedded PCX 256-colour palette,,,
,,,300,300,,,,,,DECODED,,images/cursors,,,,259,data\maps\multiplayer_201_special_coop\text\eng\briefings\palettes\font_dark.pcx,22393273826e6995f21a7df3f5618365005b80990692b92b0df75c1a69d45d31,,,,,,UI/Maps/multiplayer_201_special_coop/text_eng_briefings_palettes/font_dark.png,,PCX,UI,PIXEL_CONFIRMED (production decodeIndexedPcx == independent PIL decode),embedded PCX 256-colour palette,,,
,,,333,250,,,,,,DECODED,,images/cursors,,,,263,data\maps\tutorial_001\text\eng\briefings\graphics\hero_dead_f.pcx,85ae117d1a601bc96041dda3281df3eb5501ad9f101582985877368fa763d67a,,,,,,UI/Maps/tutorial_001/text_eng_briefings_graphics/hero_dead_f.png,,PCX,UI,PIXEL_CONFIRMED (production decodeIndexedPcx == independent PIL decode),embedded PCX 256-colour palette,,,
,,,333,250,,,,,,DECODED,,images/cursors,,,,269,data\maps\tutorial_002\text\eng\briefings\graphics\hero_dead_f.pcx,85ae117d1a601bc96041dda3281df3eb5501ad9f101582985877368fa763d67a,,,,,,UI/Maps/tutorial_002/text_eng_briefings_graphics/hero_dead_f.png,,PCX,UI,PIXEL_CONFIRMED (production decodeIndexedPcx == independent PIL decode),embedded PCX 256-colour palette,,,
,,,333,250,,,,,,DECODED,,images/cursors,,,,275,data\maps\tutorial_003\text\eng\briefings\graphics\hero_dead_f.pcx,85ae117d1a601bc96041dda3281df3eb5501ad9f101582985877368fa763d67a,,,,,,UI/Maps/tutorial_003/text_eng_briefings_graphics/hero_dead_f.png,,PCX,UI,PIXEL_CONFIRMED (production decodeIndexedPcx == independent PIL decode),embedded PCX 256-colour palette,,,
,,,333,250,,,,,,DECODED,,images/cursors,,,,283,data\maps\tutorial_004\text\eng\briefings\graphics\hero_dead_f.pcx,85ae117d1a601bc96041dda3281df3eb5501ad9f101582985877368fa763d67a,,,,,,UI/Maps/tutorial_004/text_eng_briefings_graphics/hero_dead_f.png,,PCX,UI,PIXEL_CONFIRMED (production decodeIndexedPcx == independent PIL decode),embedded PCX 256-colour palette,,,
,,,350,250,,,,,,DECODED,,images/cursors,,,,292,data\maps\singleplayer_03_01\text\eng\briefings\graphics\people_dead_f.pcx,56981238a99ffb1d4378172c0874ebc9eabf2b553f9694e22819dde2b815a0f5,,,,,,UI/Maps/singleplayer_03_01/text_eng_briefings_graphics/people_dead_f.png,,PCX,UI,PIXEL_CONFIRMED (production decodeIndexedPcx == independent PIL decode),embedded PCX 256-colour palette,,,
,,,333,250,,,,,,DECODED,,images/cursors,,,,293,data\maps\tutorial_005\text\eng\briefings\graphics\hero_dead_f.pcx,85ae117d1a601bc96041dda3281df3eb5501ad9f101582985877368fa763d67a,,,,,,UI/Maps/tutorial_005/text_eng_briefings_graphics/hero_dead_f.png,,PCX,UI,PIXEL_CONFIRMED (production decodeIndexedPcx == independent PIL decode),embedded PCX 256-colour palette,,,
,,,350,250,,,,,,DECODED,,images/cursors,,,,303,data\maps\singleplayer_03_02\text\eng\briefings\graphics\people_dead_f.pcx,56981238a99ffb1d4378172c0874ebc9eabf2b553f9694e22819dde2b815a0f5,,,,,,UI/Maps/singleplayer_03_02/text_eng_briefings_graphics/people_dead_f.png,,PCX,UI,PIXEL_CONFIRMED (production decodeIndexedPcx == independent PIL decode),embedded PCX 256-colour palette,,,
,,,333,250,,,,,,DECODED,,images/cursors,,,,304,data\maps\tutorial_006\text\eng\briefings\graphics\hero_dead_f.pcx,85ae117d1a601bc96041dda3281df3eb5501ad9f101582985877368fa763d67a,,,,,,UI/Maps/tutorial_006/text_eng_briefings_graphics/hero_dead_f.png,,PCX,UI,PIXEL_CONFIRMED (production decodeIndexedPcx == independent PIL decode),embedded PCX 256-colour palette,,,
,,,350,250,,,,,,DECODED,,images/cursors,,,,315,data\maps\singleplayer_03_03\text\eng\briefings\graphics\people_dead_f.pcx,56981238a99ffb1d4378172c0874ebc9eabf2b553f9694e22819dde2b815a0f5,,,,,,UI/Maps/singleplayer_03_03/text_eng_briefings_graphics/people_dead_f.png,,PCX,UI,PIXEL_CONFIRMED (production decodeIndexedPcx == independent PIL decode),embedded PCX 256-colour palette,,,
,,,333,250,,,,,,DECODED,,images/cursors,,,,316,data\maps\tutorial_007\text\eng\briefings\graphics\hero_dead_f.pcx,85ae117d1a601bc96041dda3281df3eb5501ad9f101582985877368fa763d67a,,,,,,UI/Maps/tutorial_007/text_eng_briefings_graphics/hero_dead_f.png,,PCX,UI,PIXEL_CONFIRMED (production decodeIndexedPcx == independent PIL decode),embedded PCX 256-colour palette,,,
,,,333,250,,,,,,DECODED,,images/cursors,,,,319,data\maps\campaign_03_01_sub\text\eng\briefings\graphics\hero_dead_f.pcx,85ae117d1a601bc96041dda3281df3eb5501ad9f101582985877368fa763d67a,,,,,,UI/Maps/campaign_03_01_sub/text_eng_briefings_graphics/hero_dead_f.png,,PCX,UI,PIXEL_CONFIRMED (production decodeIndexedPcx == independent PIL decode),embedded PCX 256-colour palette,,,
,,,350,250,,,,,,DECODED,,images/cursors,,,,324,data\maps\singleplayer_03_04\text\eng\briefings\graphics\people_dead_f.pcx,56981238a99ffb1d4378172c0874ebc9eabf2b553f9694e22819dde2b815a0f5,,,,,,UI/Maps/singleplayer_03_04/text_eng_briefings_graphics/people_dead_f.png,,PCX,UI,PIXEL_CONFIRMED (production decodeIndexedPcx == independent PIL decode),embedded PCX 256-colour palette,,,
,,,2,2,,,,,,DECODED,,images/cursors,,,,328,data\gui\palettes\campaignbuttons.pcx,347302422c51f842eeb472fc3dc716441bc2db38a2cedf2b89c09a5b2e8c821e,,,,,,UI/Palettes/campaignbuttons.png,,PCX,UI,PIXEL_CONFIRMED (production decodeIndexedPcx == independent PIL decode),embedded PCX 256-colour palette,UI/Palettes/campaignbuttons__swatch.png,,
,,,333,250,,,,,,DECODED,,images/cursors,,,,329,data\maps\campaign_03_02_sub\text\eng\briefings\graphics\hero_dead_f.pcx,85ae117d1a601bc96041dda3281df3eb5501ad9f101582985877368fa763d67a,,,,,,UI/Maps/campaign_03_02_sub/text_eng_briefings_graphics/hero_dead_f.png,,PCX,UI,PIXEL_CONFIRMED (production decodeIndexedPcx == independent PIL decode),embedded PCX 256-colour palette,,,
,,,350,250,,,,,,DECODED,,images/cursors,,,,334,data\maps\singleplayer_03_05\text\eng\briefings\graphics\people_dead_f.pcx,56981238a99ffb1d4378172c0874ebc9eabf2b553f9694e22819dde2b815a0f5,,,,,,UI/Maps/singleplayer_03_05/text_eng_briefings_graphics/people_dead_f.png,,PCX,UI,PIXEL_CONFIRMED (production decodeIndexedPcx == independent PIL decode),embedded PCX 256-colour palette,,,
,,,2,2,,,,,,DECODED,,images/cursors,,,,352,data\gui\palettes\font_red.pcx,8e9bf4154435045eed93814c22f5113a2eacb841ff88665350b429ca0c3546d9,,,,,,UI/Palettes/font_red.png,,PCX,UI,PIXEL_CONFIRMED (production decodeIndexedPcx == independent PIL decode),embedded PCX 256-colour palette,UI/Palettes/font_red__swatch.png,,
,,,300,300,,,,,,DECODED,,images/cursors,,,,361,data\gui\bitmaps\bg_button.pcx,89af8999eef14eb1d8ac5d2fcdd4ea3d928e0ecc23d096ebe27d58ffedad7783,,,,,,UI/Bitmaps/bg_button.png,,PCX,UI,PIXEL_CONFIRMED (production decodeIndexedPcx == independent PIL decode),embedded PCX 256-colour palette,,,
,,,300,300,,,,,,DECODED,,images/cursors,,,,392,data\gui\bitmaps\bg.pcx,5e94a40e8356637b09e6c2bcd3e8760e3c77475b7ac1d927fd771e02651660a8,,,,,,UI/Bitmaps/bg.png,,PCX,UI,PIXEL_CONFIRMED (production decodeIndexedPcx == independent PIL decode),embedded PCX 256-colour palette,,,
,,,350,250,,,,,,DECODED,,images/cursors,,,,419,data\maps\campaign_03_03_sub1\text\eng\briefings\graphics\people_dead_f.pcx,56981238a99ffb1d4378172c0874ebc9eabf2b553f9694e22819dde2b815a0f5,,,,,,UI/Maps/campaign_03_03_sub1/text_eng_briefings_graphics/people_dead_f.png,,PCX,UI,PIXEL_CONFIRMED (production decodeIndexedPcx == independent PIL decode),embedded PCX 256-colour palette,,,
,,,350,250,,,,,,DECODED,,images/cursors,,,,440,data\maps\campaign_03_03_sub2\text\eng\briefings\graphics\people_dead_f.pcx,56981238a99ffb1d4378172c0874ebc9eabf2b553f9694e22819dde2b815a0f5,,,,,,UI/Maps/campaign_03_03_sub2/text_eng_briefings_graphics/people_dead_f.png,,PCX,UI,PIXEL_CONFIRMED (production decodeIndexedPcx == independent PIL decode),embedded PCX 256-colour palette,,,
,,,350,250,,,,,,DECODED,,images/cursors,,,,463,data\maps\campaign_03_03_sub3\text\eng\briefings\graphics\people_dead_f.pcx,56981238a99ffb1d4378172c0874ebc9eabf2b553f9694e22819dde2b815a0f5,,,,,,UI/Maps/campaign_03_03_sub3/text_eng_briefings_graphics/people_dead_f.png,,PCX,UI,PIXEL_CONFIRMED (production decodeIndexedPcx == independent PIL decode),embedded PCX 256-colour palette,,,
,,,350,250,,,,,,DECODED,,images/cursors,,,,506,data\maps\campaign_03_06_sub1\text\eng\briefings\graphics\people_dead_f.pcx,56981238a99ffb1d4378172c0874ebc9eabf2b553f9694e22819dde2b815a0f5,,,,,,UI/Maps/campaign_03_06_sub1/text_eng_briefings_graphics/people_dead_f.png,,PCX,UI,PIXEL_CONFIRMED (production decodeIndexedPcx == independent PIL decode),embedded PCX 256-colour palette,,,
,,,350,250,,,,,,DECODED,,images/cursors,,,,541,data\maps\campaign_03_06_sub2\text\eng\briefings\graphics\people_dead_f.pcx,56981238a99ffb1d4378172c0874ebc9eabf2b553f9694e22819dde2b815a0f5,,,,,,UI/Maps/campaign_03_06_sub2/text_eng_briefings_graphics/people_dead_f.png,,PCX,UI,PIXEL_CONFIRMED (production decodeIndexedPcx == independent PIL decode),embedded PCX 256-colour palette,,,
,,,320,200,,,,,,DECODED,,images/cursors,,,,789,data\maps\demo_mainmenu_10\text\eng\briefings\palettes\pal_white.bmp,1ecae2eef5651d133528ca33bd8d2d0aaccacc3af0c47211e1a92596388cb421,,,,,,UI/Maps/demo_mainmenu_10/text_eng_briefings_palettes/pal_white.png,,BMP,UI,SOURCE_COMPLETE (PIL standard BMP; no production decoder to compare),,,L,
,,,306,401,,,,,,DECODED,,images/cursors,,,,814,data\maps\campaign_03_01\text\eng\briefings\graphics\01_00.pcx,e34175837ca56a6efb221dee4ebad8b530b4aaf9cb26f9eee98565e727b2c2b7,,,,,,UI/Maps/campaign_03_01/text_eng_briefings_graphics/01_00.png,,PCX,UI,PIXEL_CONFIRMED (production decodeIndexedPcx == independent PIL decode),embedded PCX 256-colour palette,,,
,,,238,261,,,,,,DECODED,,images/cursors,,,,827,data\maps\campaign_03_01\text\eng\briefings\graphics\01_01.pcx,5903bb8c57d27165916891d078c0e0056720584afdc709def8a793e2b19a545d,,,,,,UI/Maps/campaign_03_01/text_eng_briefings_graphics/01_01.png,,PCX,UI,PIXEL_CONFIRMED (production decodeIndexedPcx == independent PIL decode),embedded PCX 256-colour palette,,,
,,,366,264,,,,,,DECODED,,images/cursors,,,,842,data\maps\campaign_03_02\text\eng\briefings\graphics\02_00.pcx,9c661be38a47fdca9f35c3117e5ec61089a7b6c0c5e4d18a6c9e0ffdd0aff296,,,,,,UI/Maps/campaign_03_02/text_eng_briefings_graphics/02_00.png,,PCX,UI,PIXEL_CONFIRMED (production decodeIndexedPcx == independent PIL decode),embedded PCX 256-colour palette,,,
,,,350,160,,,,,,DECODED,,images/cursors,,,,847,data\maps\multiplayer_202_special_millitär\minimap\minimap.pcx,23d63f5db83bbbec29516f9b80c70d255b0805d9dfeff90266a86763e9c9d6cf,,,,,,UI/Maps/multiplayer_202_special_millitär/minimap/minimap.png,,PCX,UI,PIXEL_CONFIRMED (production decodeIndexedPcx == independent PIL decode),embedded PCX 256-colour palette,,,
,,,455,288,,,,,,DECODED,,images/cursors,,,,852,data\maps\campaign_03_02\text\eng\briefings\graphics\02_01.pcx,c117fadf9854449aba2a2d1b439ad5249173f72e6240dded8b5045569e0727c8,,,,,,UI/Maps/campaign_03_02/text_eng_briefings_graphics/02_01.png,,PCX,UI,PIXEL_CONFIRMED (production decodeIndexedPcx == independent PIL decode),embedded PCX 256-colour palette,,,
,,,530,268,,,,,,DECODED,,images/cursors,,,,858,data\maps\campaign_03_03\text\eng\briefings\graphics\03_00.pcx,f46ebd08e4d03d46eea37c06d1ca67ff83e2eceac4e084ea1a31b5220c471245,,,,,,UI/Maps/campaign_03_03/text_eng_briefings_graphics/03_00.png,,PCX,UI,PIXEL_CONFIRMED (production decodeIndexedPcx == independent PIL decode),embedded PCX 256-colour palette,,,
,,,358,372,,,,,,DECODED,,images/cursors,,,,865,data\maps\campaign_03_03\text\eng\briefings\graphics\03_01.pcx,314087677d0d010898c83cf9ee4d2b367afec72b26ae467509c72b09905580e6,,,,,,UI/Maps/campaign_03_03/text_eng_briefings_graphics/03_01.png,,PCX,UI,PIXEL_CONFIRMED (production decodeIndexedPcx == independent PIL decode),embedded PCX 256-colour palette,,,
,,,300,300,,,,,,DECODED,,images/cursors,,,,867,data\maps\demo_mainmenu_10\text\eng\briefings\palettes\font_dark.pcx,22393273826e6995f21a7df3f5618365005b80990692b92b0df75c1a69d45d31,,,,,,UI/Maps/demo_mainmenu_10/text_eng_briefings_palettes/font_dark.png,,PCX,UI,PIXEL_CONFIRMED (production decodeIndexedPcx == independent PIL decode),embedded PCX 256-colour palette,,,
,,,463,228,,,,,,DECODED,,images/cursors,,,,872,data\maps\campaign_03_04\text\eng\briefings\graphics\04_00.pcx,30efb4ea9284b5bb6e6525ee3bd03d2f55de18e8b7e69c40418be1d98e50ebd4,,,,,,UI/Maps/campaign_03_04/text_eng_briefings_graphics/04_00.png,,PCX,UI,PIXEL_CONFIRMED (production decodeIndexedPcx == independent PIL decode),embedded PCX 256-colour palette,,,
,,,387,258,,,,,,DECODED,,images/cursors,,,,878,data\maps\campaign_03_04\text\eng\briefings\graphics\04_01.pcx,2e66431ced9d64ae838446ceae527a26ee05c8efc494683b74a78711e39eb2e2,,,,,,UI/Maps/campaign_03_04/text_eng_briefings_graphics/04_01.png,,PCX,UI,PIXEL_CONFIRMED (production decodeIndexedPcx == independent PIL decode),embedded PCX 256-colour palette,,,
,,,407,213,,,,,,DECODED,,images/cursors,,,,882,data\maps\campaign_03_05\text\eng\briefings\graphics\05_00.pcx,6751175382fb2ab1c155620da195cd6888c965e11f6fd8f3bb4673a69685e7dd,,,,,,UI/Maps/campaign_03_05/text_eng_briefings_graphics/05_00.png,,PCX,UI,PIXEL_CONFIRMED (production decodeIndexedPcx == independent PIL decode),embedded PCX 256-colour palette,,,
,,,341,256,,,,,,DECODED,,images/cursors,,,,890,data\maps\campaign_03_05\text\eng\briefings\graphics\05_01.pcx,77513f13b71cb6a171df08c3b409043f15061812d802964d5ad0992c18af4bb0,,,,,,UI/Maps/campaign_03_05/text_eng_briefings_graphics/05_01.png,,PCX,UI,PIXEL_CONFIRMED (production decodeIndexedPcx == independent PIL decode),embedded PCX 256-colour palette,,,
,,,372,256,,,,,,DECODED,,images/cursors,,,,896,data\maps\campaign_03_06\text\eng\briefings\graphics\06_00.pcx,c145d7ff89971b2f5e0da972c29cec5ac7ba656f3294c7b61bb432b010b1ab7e,,,,,,UI/Maps/campaign_03_06/text_eng_briefings_graphics/06_00.png,,PCX,UI,PIXEL_CONFIRMED (production decodeIndexedPcx == independent PIL decode),embedded PCX 256-colour palette,,,
,,,372,315,,,,,,DECODED,,images/cursors,,,,906,data\maps\campaign_03_06\text\eng\briefings\graphics\06_01.pcx,8e2a3241bf3333b5a0b87381eb9cb76ee48095e5d4b85edf3280cac6b5dbcf48,,,,,,UI/Maps/campaign_03_06/text_eng_briefings_graphics/06_01.png,,PCX,UI,PIXEL_CONFIRMED (production decodeIndexedPcx == independent PIL decode),embedded PCX 256-colour palette,,,
,,,320,200,,,,,,DECODED,,images/cursors,,,,907,data\maps\multiplayer_202_special_millitär\text\eng\briefings\palettes\pal_white.bmp,1ecae2eef5651d133528ca33bd8d2d0aaccacc3af0c47211e1a92596388cb421,,,,,,UI/Maps/multiplayer_202_special_millitär/text_eng_briefings_palettes/pal_white.png,,BMP,UI,SOURCE_COMPLETE (PIL standard BMP; no production decoder to compare),,,L,
,,,513,270,,,,,,DECODED,,images/cursors,,,,915,data\maps\campaign_03_07\text\eng\briefings\graphics\07_00.pcx,02ae1f0c02e6a9fe04619b4532de7c8519b6ce5aa2b3374f56af50fd395fb1e4,,,,,,UI/Maps/campaign_03_07/text_eng_briefings_graphics/07_00.png,,PCX,UI,PIXEL_CONFIRMED (production decodeIndexedPcx == independent PIL decode),embedded PCX 256-colour palette,,,
,,,485,262,,,,,,DECODED,,images/cursors,,,,918,data\maps\campaign_03_07\text\eng\briefings\graphics\07_01.pcx,9f7a67b0b3281c1f61884947e04236bc55a9b33c9e0a3d1c375b1782daa8a157,,,,,,UI/Maps/campaign_03_07/text_eng_briefings_graphics/07_01.png,,PCX,UI,PIXEL_CONFIRMED (production decodeIndexedPcx == independent PIL decode),embedded PCX 256-colour palette,,,
,,,333,250,,,,,,DECODED,,images/cursors,,,,925,data\maps\singleplayer_03_01\text\eng\briefings\graphics\hero_dead_f.pcx,85ae117d1a601bc96041dda3281df3eb5501ad9f101582985877368fa763d67a,,,,,,UI/Maps/singleplayer_03_01/text_eng_briefings_graphics/hero_dead_f.png,,PCX,UI,PIXEL_CONFIRMED (production decodeIndexedPcx == independent PIL decode),embedded PCX 256-colour palette,,,
,,,333,250,,,,,,DECODED,,images/cursors,,,,930,data\maps\singleplayer_03_02\text\eng\briefings\graphics\hero_dead_f.pcx,85ae117d1a601bc96041dda3281df3eb5501ad9f101582985877368fa763d67a,,,,,,UI/Maps/singleplayer_03_02/text_eng_briefings_graphics/hero_dead_f.png,,PCX,UI,PIXEL_CONFIRMED (production decodeIndexedPcx == independent PIL decode),embedded PCX 256-colour palette,,,
,,,300,1,,,,,,DECODED,,images/cursors,,,,931,data\text\eng\hypertext\credits\graphics\abstand.pcx,94d77461fd5b95e7c2f5396d86aafb0d7a65c787e4db8ef42317c0c278b0a17f,,,,,,UI/Hypertext/credits_graphics/abstand.png,,PCX,UI,PIXEL_CONFIRMED (production decodeIndexedPcx == independent PIL decode),embedded PCX 256-colour palette,,,
,,,2,2,,,,,,DECODED,,images/cursors,,,,936,data\gui\palettes\bar_hitpoints.pcx,5e7d76d045c4bea212a6dc9dc242108727ea8e22cfc60e226838e827f3191187,,,,,,UI/Palettes/bar_hitpoints.png,,PCX,UI,PIXEL_CONFIRMED (production decodeIndexedPcx == independent PIL decode),embedded PCX 256-colour palette,UI/Palettes/bar_hitpoints__swatch.png,,
,,,333,250,,,,,,DECODED,,images/cursors,,,,938,data\maps\singleplayer_03_03\text\eng\briefings\graphics\hero_dead_f.pcx,85ae117d1a601bc96041dda3281df3eb5501ad9f101582985877368fa763d67a,,,,,,UI/Maps/singleplayer_03_03/text_eng_briefings_graphics/hero_dead_f.png,,PCX,UI,PIXEL_CONFIRMED (production decodeIndexedPcx == independent PIL decode),embedded PCX 256-colour palette,,,
,,,300,300,,,,,,DECODED,,images/cursors,,,,943,data\maps\multiplayer_202_special_millitär\text\eng\briefings\palettes\font_dark.pcx,22393273826e6995f21a7df3f5618365005b80990692b92b0df75c1a69d45d31,,,,,,UI/Maps/multiplayer_202_special_millitär/text_eng_briefings_palettes/font_dark.png,,PCX,UI,PIXEL_CONFIRMED (production decodeIndexedPcx == independent PIL decode),embedded PCX 256-colour palette,,,
,,,333,250,,,,,,DECODED,,images/cursors,,,,944,data\maps\singleplayer_03_04\text\eng\briefings\graphics\hero_dead_f.pcx,85ae117d1a601bc96041dda3281df3eb5501ad9f101582985877368fa763d67a,,,,,,UI/Maps/singleplayer_03_04/text_eng_briefings_graphics/hero_dead_f.png,,PCX,UI,PIXEL_CONFIRMED (production decodeIndexedPcx == independent PIL decode),embedded PCX 256-colour palette,,,
,,,333,250,,,,,,DECODED,,images/cursors,,,,950,data\maps\singleplayer_03_05\text\eng\briefings\graphics\hero_dead_f.pcx,85ae117d1a601bc96041dda3281df3eb5501ad9f101582985877368fa763d67a,,,,,,UI/Maps/singleplayer_03_05/text_eng_briefings_graphics/hero_dead_f.png,,PCX,UI,PIXEL_CONFIRMED (production decodeIndexedPcx == independent PIL decode),embedded PCX 256-colour palette,,,
,,,350,250,,,,,,DECODED,,images/cursors,,,,971,data\maps\campaign_03_01\text\eng\briefings\graphics\people_dead_f.pcx,56981238a99ffb1d4378172c0874ebc9eabf2b553f9694e22819dde2b815a0f5,,,,,,UI/Maps/campaign_03_01/text_eng_briefings_graphics/people_dead_f.png,,PCX,UI,PIXEL_CONFIRMED (production decodeIndexedPcx == independent PIL decode),embedded PCX 256-colour palette,,,
,,,2,2,,,,,,DECODED,,images/cursors,,,,976,data\gui\palettes\campaignmap.pcx,2f9cf51e07e76628f17ed2cb36f46229e9542233357004a38e1dd06b2b34a6da,,,,,,UI/Palettes/campaignmap.png,,PCX,UI,PIXEL_CONFIRMED (production decodeIndexedPcx == independent PIL decode),embedded PCX 256-colour palette,UI/Palettes/campaignmap__swatch.png,,
,,,350,250,,,,,,DECODED,,images/cursors,,,,977,data\maps\campaign_03_03\text\eng\briefings\graphics\people_dead_f.pcx,56981238a99ffb1d4378172c0874ebc9eabf2b553f9694e22819dde2b815a0f5,,,,,,UI/Maps/campaign_03_03/text_eng_briefings_graphics/people_dead_f.png,,PCX,UI,PIXEL_CONFIRMED (production decodeIndexedPcx == independent PIL decode),embedded PCX 256-colour palette,,,
,,,320,200,,,,,,DECODED,,images/cursors,,,,978,data\maps\singleplayer_03_01-sub1\text\eng\briefings\palettes\pal_white.bmp,1ecae2eef5651d133528ca33bd8d2d0aaccacc3af0c47211e1a92596388cb421,,,,,,UI/Maps/singleplayer_03_01-sub1/text_eng_briefings_palettes/pal_white.png,,BMP,UI,SOURCE_COMPLETE (PIL standard BMP; no production decoder to compare),,,L,
,,,350,250,,,,,,DECODED,,images/cursors,,,,982,data\maps\campaign_03_04\text\eng\briefings\graphics\people_dead_f.pcx,56981238a99ffb1d4378172c0874ebc9eabf2b553f9694e22819dde2b815a0f5,,,,,,UI/Maps/campaign_03_04/text_eng_briefings_graphics/people_dead_f.png,,PCX,UI,PIXEL_CONFIRMED (production decodeIndexedPcx == independent PIL decode),embedded PCX 256-colour palette,,,
,,,333,250,,,,,,DECODED,,images/cursors,,,,986,data\maps\campaign_03_03_sub1\text\eng\briefings\graphics\hero_dead_f.pcx,85ae117d1a601bc96041dda3281df3eb5501ad9f101582985877368fa763d67a,,,,,,UI/Maps/campaign_03_03_sub1/text_eng_briefings_graphics/hero_dead_f.png,,PCX,UI,PIXEL_CONFIRMED (production decodeIndexedPcx == independent PIL decode),embedded PCX 256-colour palette,,,
,,,350,250,,,,,,DECODED,,images/cursors,,,,987,data\maps\campaign_03_06\text\eng\briefings\graphics\people_dead_f.pcx,56981238a99ffb1d4378172c0874ebc9eabf2b553f9694e22819dde2b815a0f5,,,,,,UI/Maps/campaign_03_06/text_eng_briefings_graphics/people_dead_f.png,,PCX,UI,PIXEL_CONFIRMED (production decodeIndexedPcx == independent PIL decode),embedded PCX 256-colour palette,,,
,,,333,250,,,,,,DECODED,,images/cursors,,,,989,data\maps\campaign_03_03_sub2\text\eng\briefings\graphics\hero_dead_f.pcx,85ae117d1a601bc96041dda3281df3eb5501ad9f101582985877368fa763d67a,,,,,,UI/Maps/campaign_03_03_sub2/text_eng_briefings_graphics/hero_dead_f.png,,PCX,UI,PIXEL_CONFIRMED (production decodeIndexedPcx == independent PIL decode),embedded PCX 256-colour palette,,,
,,,350,250,,,,,,DECODED,,images/cursors,,,,990,data\maps\campaign_03_07\text\eng\briefings\graphics\people_dead_f.pcx,56981238a99ffb1d4378172c0874ebc9eabf2b553f9694e22819dde2b815a0f5,,,,,,UI/Maps/campaign_03_07/text_eng_briefings_graphics/people_dead_f.png,,PCX,UI,PIXEL_CONFIRMED (production decodeIndexedPcx == independent PIL decode),embedded PCX 256-colour palette,,,
,,,333,250,,,,,,DECODED,,images/cursors,,,,996,data\maps\campaign_03_03_sub3\text\eng\briefings\graphics\hero_dead_f.pcx,85ae117d1a601bc96041dda3281df3eb5501ad9f101582985877368fa763d67a,,,,,,UI/Maps/campaign_03_03_sub3/text_eng_briefings_graphics/hero_dead_f.png,,PCX,UI,PIXEL_CONFIRMED (production decodeIndexedPcx == independent PIL decode),embedded PCX 256-colour palette,,,
,,,333,250,,,,,,DECODED,,images/cursors,,,,997,data\maps\campaign_03_05_sub1\text\eng\briefings\graphics\hero_dead_f.pcx,85ae117d1a601bc96041dda3281df3eb5501ad9f101582985877368fa763d67a,,,,,,UI/Maps/campaign_03_05_sub1/text_eng_briefings_graphics/hero_dead_f.png,,PCX,UI,PIXEL_CONFIRMED (production decodeIndexedPcx == independent PIL decode),embedded PCX 256-colour palette,,,
,,,350,250,,,,,,DECODED,,images/cursors,,,,998,data\maps\campaign_03_08\text\eng\briefings\graphics\people_dead_f.pcx,56981238a99ffb1d4378172c0874ebc9eabf2b553f9694e22819dde2b815a0f5,,,,,,UI/Maps/campaign_03_08/text_eng_briefings_graphics/people_dead_f.png,,PCX,UI,PIXEL_CONFIRMED (production decodeIndexedPcx == independent PIL decode),embedded PCX 256-colour palette,,,
,,,333,250,,,,,,DECODED,,images/cursors,,,,1002,data\maps\campaign_03_05_sub2\text\eng\briefings\graphics\hero_dead_f.pcx,85ae117d1a601bc96041dda3281df3eb5501ad9f101582985877368fa763d67a,,,,,,UI/Maps/campaign_03_05_sub2/text_eng_briefings_graphics/hero_dead_f.png,,PCX,UI,PIXEL_CONFIRMED (production decodeIndexedPcx == independent PIL decode),embedded PCX 256-colour palette,,,
,,,333,250,,,,,,DECODED,,images/cursors,,,,1003,data\maps\campaign_03_06_sub1\text\eng\briefings\graphics\hero_dead_f.pcx,85ae117d1a601bc96041dda3281df3eb5501ad9f101582985877368fa763d67a,,,,,,UI/Maps/campaign_03_06_sub1/text_eng_briefings_graphics/hero_dead_f.png,,PCX,UI,PIXEL_CONFIRMED (production decodeIndexedPcx == independent PIL decode),embedded PCX 256-colour palette,,,
,,,333,250,,,,,,DECODED,,images/cursors,,,,1007,data\maps\campaign_03_06_sub2\text\eng\briefings\graphics\hero_dead_f.pcx,85ae117d1a601bc96041dda3281df3eb5501ad9f101582985877368fa763d67a,,,,,,UI/Maps/campaign_03_06_sub2/text_eng_briefings_graphics/hero_dead_f.png,,PCX,UI,PIXEL_CONFIRMED (production decodeIndexedPcx == independent PIL decode),embedded PCX 256-colour palette,,,
,,,300,300,,,,,,DECODED,,images/cursors,,,,1008,data\maps\singleplayer_03_01-sub1\text\eng\briefings\palettes\font_dark.pcx,22393273826e6995f21a7df3f5618365005b80990692b92b0df75c1a69d45d31,,,,,,UI/Maps/singleplayer_03_01-sub1/text_eng_briefings_palettes/font_dark.png,,PCX,UI,PIXEL_CONFIRMED (production decodeIndexedPcx == independent PIL decode),embedded PCX 256-colour palette,,,
,,,300,300,,,,,,DECODED,,images/cursors,,,,1009,data\text\eng\hypertext\history\palettes\font_dark.pcx,22393273826e6995f21a7df3f5618365005b80990692b92b0df75c1a69d45d31,,,,,,UI/Hypertext/history_palettes/font_dark.png,,PCX,UI,PIXEL_CONFIRMED (production decodeIndexedPcx == independent PIL decode),embedded PCX 256-colour palette,,,
,,,2,2,,,,,,DECODED,,images/cursors,,,,1011,data\gui\palettes\font_dimmed.pcx,7d88d104355b0805058b0372a5e04a06b2885214fcfcc96547d37d16b7ae5fce,,,,,,UI/Palettes/font_dimmed.png,,PCX,UI,PIXEL_CONFIRMED (production decodeIndexedPcx == independent PIL decode),embedded PCX 256-colour palette,UI/Palettes/font_dimmed__swatch.png,,
,,,300,300,,,,,,DECODED,,images/cursors,,,,1047,data\text\eng\hypertext\ingamehelp\palettes\font_dark.pcx,22393273826e6995f21a7df3f5618365005b80990692b92b0df75c1a69d45d31,,,,,,UI/Hypertext/ingamehelp_palettes/font_dark.png,,PCX,UI,PIXEL_CONFIRMED (production decodeIndexedPcx == independent PIL decode),embedded PCX 256-colour palette,,,
,,,350,160,,,,,,DECODED,,images/cursors,,,,1333,data\maps\multiplayer_205_special_cap-the-cow\minimap\minimap.pcx,e793dc831964a5948273d3100bd6f7644dff14f8a341bc158b2eea7aa854be8d,,,,,,UI/Maps/multiplayer_205_special_cap-the-cow/minimap/minimap.png,,PCX,UI,PIXEL_CONFIRMED (production decodeIndexedPcx == independent PIL decode),embedded PCX 256-colour palette,,,
,,,2,2,,,,,,DECODED,,images/cursors,,,,1347,data\gui\palettes\ingame_remap_01.pcx,43bc1219c4491e930b780d109a0b10d4926ed71809dff392d54da199ef5bdb8f,,,,,,UI/Palettes/ingame_remap_01.png,,PCX,UI,PIXEL_CONFIRMED (production decodeIndexedPcx == independent PIL decode),embedded PCX 256-colour palette,UI/Palettes/ingame_remap_01__swatch.png,,
,,,333,250,,,,,,DECODED,,images/cursors,,,,1348,data\maps\campaign_03_01\text\eng\briefings\graphics\hero_dead_f.pcx,85ae117d1a601bc96041dda3281df3eb5501ad9f101582985877368fa763d67a,,,,,,UI/Maps/campaign_03_01/text_eng_briefings_graphics/hero_dead_f.png,,PCX,UI,PIXEL_CONFIRMED (production decodeIndexedPcx == independent PIL decode),embedded PCX 256-colour palette,,,
,,,2,2,,,,,,DECODED,,images/cursors,,,,1354,data\gui\palettes\ingame_remap_02.pcx,3c25ba5a513ca50d5ccd34a118b335201f4f36e6dddb6f2e5b9f3b0ecd1d6d55,,,,,,UI/Palettes/ingame_remap_02.png,,PCX,UI,PIXEL_CONFIRMED (production decodeIndexedPcx == independent PIL decode),embedded PCX 256-colour palette,UI/Palettes/ingame_remap_02__swatch.png,,
,,,333,250,,,,,,DECODED,,images/cursors,,,,1356,data\maps\campaign_03_02\text\eng\briefings\graphics\hero_dead_f.pcx,85ae117d1a601bc96041dda3281df3eb5501ad9f101582985877368fa763d67a,,,,,,UI/Maps/campaign_03_02/text_eng_briefings_graphics/hero_dead_f.png,,PCX,UI,PIXEL_CONFIRMED (production decodeIndexedPcx == independent PIL decode),embedded PCX 256-colour palette,,,
,,,2,2,,,,,,DECODED,,images/cursors,,,,1362,data\gui\palettes\bg_hilite.pcx,b878a4c303e6632407d65bceb3156f4e8c9e9f58d3292e7bb2fd1e0a7edcd577,,,,,,UI/Palettes/bg_hilite.png,,PCX,UI,PIXEL_CONFIRMED (production decodeIndexedPcx == independent PIL decode),embedded PCX 256-colour palette,UI/Palettes/bg_hilite__swatch.png,,
,,,2,2,,,,,,DECODED,,images/cursors,,,,1363,data\gui\palettes\ingame_remap_03.pcx,fbff50137fa5d8385fd9899eac735441aebd686fa9049288e02a0b30cf41e1e6,,,,,,UI/Palettes/ingame_remap_03.png,,PCX,UI,PIXEL_CONFIRMED (production decodeIndexedPcx == independent PIL decode),embedded PCX 256-colour palette,UI/Palettes/ingame_remap_03__swatch.png,,
,,,333,250,,,,,,DECODED,,images/cursors,,,,1365,data\maps\campaign_03_03\text\eng\briefings\graphics\hero_dead_f.pcx,85ae117d1a601bc96041dda3281df3eb5501ad9f101582985877368fa763d67a,,,,,,UI/Maps/campaign_03_03/text_eng_briefings_graphics/hero_dead_f.png,,PCX,UI,PIXEL_CONFIRMED (production decodeIndexedPcx == independent PIL decode),embedded PCX 256-colour palette,,,
,,,333,250,,,,,,DECODED,,images/cursors,,,,1374,data\maps\campaign_03_04\text\eng\briefings\graphics\hero_dead_f.pcx,85ae117d1a601bc96041dda3281df3eb5501ad9f101582985877368fa763d67a,,,,,,UI/Maps/campaign_03_04/text_eng_briefings_graphics/hero_dead_f.png,,PCX,UI,PIXEL_CONFIRMED (production decodeIndexedPcx == independent PIL decode),embedded PCX 256-colour palette,,,
,,,333,250,,,,,,DECODED,,images/cursors,,,,1384,data\maps\campaign_03_05\text\eng\briefings\graphics\hero_dead_f.pcx,85ae117d1a601bc96041dda3281df3eb5501ad9f101582985877368fa763d67a,,,,,,UI/Maps/campaign_03_05/text_eng_briefings_graphics/hero_dead_f.png,,PCX,UI,PIXEL_CONFIRMED (production decodeIndexedPcx == independent PIL decode),embedded PCX 256-colour palette,,,
,,,320,200,,,,,,DECODED,,images/cursors,,,,1385,data\maps\tutorial_001\text\eng\briefings\palettes\pal_white.bmp,1ecae2eef5651d133528ca33bd8d2d0aaccacc3af0c47211e1a92596388cb421,,,,,,UI/Maps/tutorial_001/text_eng_briefings_palettes/pal_white.png,,BMP,UI,SOURCE_COMPLETE (PIL standard BMP; no production decoder to compare),,,L,
,,,333,250,,,,,,DECODED,,images/cursors,,,,1396,data\maps\campaign_03_06\text\eng\briefings\graphics\hero_dead_f.pcx,85ae117d1a601bc96041dda3281df3eb5501ad9f101582985877368fa763d67a,,,,,,UI/Maps/campaign_03_06/text_eng_briefings_graphics/hero_dead_f.png,,PCX,UI,PIXEL_CONFIRMED (production decodeIndexedPcx == independent PIL decode),embedded PCX 256-colour palette,,,
,,,320,200,,,,,,DECODED,,images/cursors,,,,1397,data\maps\multiplayer_205_special_cap-the-cow\text\eng\briefings\palettes\pal_white.bmp,1ecae2eef5651d133528ca33bd8d2d0aaccacc3af0c47211e1a92596388cb421,,,,,,UI/Maps/multiplayer_205_special_cap-the-cow/text_eng_briefings_palettes/pal_white.png,,BMP,UI,SOURCE_COMPLETE (PIL standard BMP; no production decoder to compare),,,L,
,,,320,200,,,,,,DECODED,,images/cursors,,,,1399,data\maps\tutorial_002\text\eng\briefings\palettes\pal_white.bmp,1ecae2eef5651d133528ca33bd8d2d0aaccacc3af0c47211e1a92596388cb421,,,,,,UI/Maps/tutorial_002/text_eng_briefings_palettes/pal_white.png,,BMP,UI,SOURCE_COMPLETE (PIL standard BMP; no production decoder to compare),,,L,
,,,333,250,,,,,,DECODED,,images/cursors,,,,1408,data\maps\campaign_03_07\text\eng\briefings\graphics\hero_dead_f.pcx,85ae117d1a601bc96041dda3281df3eb5501ad9f101582985877368fa763d67a,,,,,,UI/Maps/campaign_03_07/text_eng_briefings_graphics/hero_dead_f.png,,PCX,UI,PIXEL_CONFIRMED (production decodeIndexedPcx == independent PIL decode),embedded PCX 256-colour palette,,,
,,,320,200,,,,,,DECODED,,images/cursors,,,,1409,data\maps\tutorial_003\text\eng\briefings\palettes\pal_white.bmp,1ecae2eef5651d133528ca33bd8d2d0aaccacc3af0c47211e1a92596388cb421,,,,,,UI/Maps/tutorial_003/text_eng_briefings_palettes/pal_white.png,,BMP,UI,SOURCE_COMPLETE (PIL standard BMP; no production decoder to compare),,,L,
,,,333,250,,,,,,DECODED,,images/cursors,,,,1417,data\maps\campaign_03_08\text\eng\briefings\graphics\hero_dead_f.pcx,85ae117d1a601bc96041dda3281df3eb5501ad9f101582985877368fa763d67a,,,,,,UI/Maps/campaign_03_08/text_eng_briefings_graphics/hero_dead_f.png,,PCX,UI,PIXEL_CONFIRMED (production decodeIndexedPcx == independent PIL decode),embedded PCX 256-colour palette,,,
,,,320,200,,,,,,DECODED,,images/cursors,,,,1420,data\maps\tutorial_004\text\eng\briefings\palettes\pal_white.bmp,1ecae2eef5651d133528ca33bd8d2d0aaccacc3af0c47211e1a92596388cb421,,,,,,UI/Maps/tutorial_004/text_eng_briefings_palettes/pal_white.png,,BMP,UI,SOURCE_COMPLETE (PIL standard BMP; no production decoder to compare),,,L,
,,,320,200,,,,,,DECODED,,images/cursors,,,,1428,data\maps\tutorial_005\text\eng\briefings\palettes\pal_white.bmp,1ecae2eef5651d133528ca33bd8d2d0aaccacc3af0c47211e1a92596388cb421,,,,,,UI/Maps/tutorial_005/text_eng_briefings_palettes/pal_white.png,,BMP,UI,SOURCE_COMPLETE (PIL standard BMP; no production decoder to compare),,,L,
,,,320,200,,,,,,DECODED,,images/cursors,,,,1438,data\maps\tutorial_006\text\eng\briefings\palettes\pal_white.bmp,1ecae2eef5651d133528ca33bd8d2d0aaccacc3af0c47211e1a92596388cb421,,,,,,UI/Maps/tutorial_006/text_eng_briefings_palettes/pal_white.png,,BMP,UI,SOURCE_COMPLETE (PIL standard BMP; no production decoder to compare),,,L,
,,,320,200,,,,,,DECODED,,images/cursors,,,,1444,data\maps\tutorial_007\text\eng\briefings\palettes\pal_white.bmp,1ecae2eef5651d133528ca33bd8d2d0aaccacc3af0c47211e1a92596388cb421,,,,,,UI/Maps/tutorial_007/text_eng_briefings_palettes/pal_white.png,,BMP,UI,SOURCE_COMPLETE (PIL standard BMP; no production decoder to compare),,,L,
,,,320,200,,,,,,DECODED,,images/cursors,,,,1451,data\maps\campaign_03_01_sub\text\eng\briefings\palettes\pal_white.bmp,1ecae2eef5651d133528ca33bd8d2d0aaccacc3af0c47211e1a92596388cb421,,,,,,UI/Maps/campaign_03_01_sub/text_eng_briefings_palettes/pal_white.png,,BMP,UI,SOURCE_COMPLETE (PIL standard BMP; no production decoder to compare),,,L,
,,,300,300,,,,,,DECODED,,images/cursors,,,,1452,data\maps\tutorial_001\text\eng\briefings\palettes\font_dark.pcx,22393273826e6995f21a7df3f5618365005b80990692b92b0df75c1a69d45d31,,,,,,UI/Maps/tutorial_001/text_eng_briefings_palettes/font_dark.png,,PCX,UI,PIXEL_CONFIRMED (production decodeIndexedPcx == independent PIL decode),embedded PCX 256-colour palette,,,
,,,2,2,,,,,,DECODED,,images/cursors,,,,1456,data\gui\palettes\bg_normal.pcx,e1c9f2c06d60bef215a48bbe1535b878cbc6cd1ac9cebb4b54154ae7a220c154,,,,,,UI/Palettes/bg_normal.png,,PCX,UI,PIXEL_CONFIRMED (production decodeIndexedPcx == independent PIL decode),embedded PCX 256-colour palette,UI/Palettes/bg_normal__swatch.png,,
,,,320,200,,,,,,DECODED,,images/cursors,,,,1458,data\maps\campaign_03_02_sub\text\eng\briefings\palettes\pal_white.bmp,1ecae2eef5651d133528ca33bd8d2d0aaccacc3af0c47211e1a92596388cb421,,,,,,UI/Maps/campaign_03_02_sub/text_eng_briefings_palettes/pal_white.png,,BMP,UI,SOURCE_COMPLETE (PIL standard BMP; no production decoder to compare),,,L,
,,,300,300,,,,,,DECODED,,images/cursors,,,,1460,data\maps\multiplayer_205_special_cap-the-cow\text\eng\briefings\palettes\font_dark.pcx,22393273826e6995f21a7df3f5618365005b80990692b92b0df75c1a69d45d31,,,,,,UI/Maps/multiplayer_205_special_cap-the-cow/text_eng_briefings_palettes/font_dark.png,,PCX,UI,PIXEL_CONFIRMED (production decodeIndexedPcx == independent PIL decode),embedded PCX 256-colour palette,,,
,,,300,300,,,,,,DECODED,,images/cursors,,,,1461,data\maps\tutorial_002\text\eng\briefings\palettes\font_dark.pcx,22393273826e6995f21a7df3f5618365005b80990692b92b0df75c1a69d45d31,,,,,,UI/Maps/tutorial_002/text_eng_briefings_palettes/font_dark.png,,PCX,UI,PIXEL_CONFIRMED (production decodeIndexedPcx == independent PIL decode),embedded PCX 256-colour palette,,,
,,,300,300,,,,,,DECODED,,images/cursors,,,,1469,data\maps\tutorial_003\text\eng\briefings\palettes\font_dark.pcx,22393273826e6995f21a7df3f5618365005b80990692b92b0df75c1a69d45d31,,,,,,UI/Maps/tutorial_003/text_eng_briefings_palettes/font_dark.png,,PCX,UI,PIXEL_CONFIRMED (production decodeIndexedPcx == independent PIL decode),embedded PCX 256-colour palette,,,
,,,300,300,,,,,,DECODED,,images/cursors,,,,1480,data\maps\tutorial_004\text\eng\briefings\palettes\font_dark.pcx,22393273826e6995f21a7df3f5618365005b80990692b92b0df75c1a69d45d31,,,,,,UI/Maps/tutorial_004/text_eng_briefings_palettes/font_dark.png,,PCX,UI,PIXEL_CONFIRMED (production decodeIndexedPcx == independent PIL decode),embedded PCX 256-colour palette,,,
,,,300,300,,,,,,DECODED,,images/cursors,,,,1489,data\maps\tutorial_005\text\eng\briefings\palettes\font_dark.pcx,22393273826e6995f21a7df3f5618365005b80990692b92b0df75c1a69d45d31,,,,,,UI/Maps/tutorial_005/text_eng_briefings_palettes/font_dark.png,,PCX,UI,PIXEL_CONFIRMED (production decodeIndexedPcx == independent PIL decode),embedded PCX 256-colour palette,,,
,,,800,600,,,,,,DECODED,,images/cursors,,,,1495,data\gui\lang\eng\pictures\loadscreen.bmp,2968a3d8d934d4c2d95b2f71c244ce3e03c898583033355d6f3af9fd303bc893,,,,,,UI/Pictures/loadscreen.png,,BMP,UI,SOURCE_COMPLETE (PIL standard BMP; no production decoder to compare),,,RGB,
,,,300,300,,,,,,DECODED,,images/cursors,,,,1500,data\maps\tutorial_006\text\eng\briefings\palettes\font_dark.pcx,22393273826e6995f21a7df3f5618365005b80990692b92b0df75c1a69d45d31,,,,,,UI/Maps/tutorial_006/text_eng_briefings_palettes/font_dark.png,,PCX,UI,PIXEL_CONFIRMED (production decodeIndexedPcx == independent PIL decode),embedded PCX 256-colour palette,,,
,,,300,300,,,,,,DECODED,,images/cursors,,,,1511,data\maps\tutorial_007\text\eng\briefings\palettes\font_dark.pcx,22393273826e6995f21a7df3f5618365005b80990692b92b0df75c1a69d45d31,,,,,,UI/Maps/tutorial_007/text_eng_briefings_palettes/font_dark.png,,PCX,UI,PIXEL_CONFIRMED (production decodeIndexedPcx == independent PIL decode),embedded PCX 256-colour palette,,,
,,,300,300,,,,,,DECODED,,images/cursors,,,,1519,data\maps\campaign_03_01_sub\text\eng\briefings\palettes\font_dark.pcx,22393273826e6995f21a7df3f5618365005b80990692b92b0df75c1a69d45d31,,,,,,UI/Maps/campaign_03_01_sub/text_eng_briefings_palettes/font_dark.png,,PCX,UI,PIXEL_CONFIRMED (production decodeIndexedPcx == independent PIL decode),embedded PCX 256-colour palette,,,
,,,2,2,,,,,,DECODED,,images/cursors,,,,1526,data\gui\palettes\font_dark.pcx,437c6eb7fdfaa87623214a5f0393a8d416fe5163568f7d1bb4e034f6d743bed8,,,,,,UI/Palettes/font_dark.png,,PCX,UI,PIXEL_CONFIRMED (production decodeIndexedPcx == independent PIL decode),embedded PCX 256-colour palette,UI/Palettes/font_dark__swatch.png,,
,,,300,300,,,,,,DECODED,,images/cursors,,,,1527,data\maps\campaign_03_02_sub\text\eng\briefings\palettes\font_dark.pcx,22393273826e6995f21a7df3f5618365005b80990692b92b0df75c1a69d45d31,,,,,,UI/Maps/campaign_03_02_sub/text_eng_briefings_palettes/font_dark.png,,PCX,UI,PIXEL_CONFIRMED (production decodeIndexedPcx == independent PIL decode),embedded PCX 256-colour palette,,,
,,,2,2,,,,,,DECODED,,images/cursors,,,,1592,data\gui\palettes\bg_invert.pcx,cdb6f40aa8fc946e6eed8feb66f6cdd4032dabe3444b3d747a93d127757dbc35,,,,,,UI/Palettes/bg_invert.png,,PCX,UI,PIXEL_CONFIRMED (production decodeIndexedPcx == independent PIL decode),embedded PCX 256-colour palette,UI/Palettes/bg_invert__swatch.png,,
,,,2,2,,,,,,DECODED,,images/cursors,,,,1649,data\gui\palettes\iconsleft.pcx,5d739c5a8c338e4834c4e055d22650ab1c1da458d06d7d0893d237122bafa327,,,,,,UI/Palettes/iconsleft.png,,PCX,UI,PIXEL_CONFIRMED (production decodeIndexedPcx == independent PIL decode),embedded PCX 256-colour palette,UI/Palettes/iconsleft__swatch.png,,
,,,322,260,,,,,,DECODED,,images/cursors,,,,1669,data\maps\demo_mainmenu_10\text\eng\briefings\graphics\08_01.pcx,56e64e98933ad858fd0163df65e0e7f46a695cefe257683e28023c7d5b643d5f,,,,,,UI/Maps/demo_mainmenu_10/text_eng_briefings_graphics/08_01.png,,PCX,UI,PIXEL_CONFIRMED (production decodeIndexedPcx == independent PIL decode),embedded PCX 256-colour palette,,,
,,,2,2,,,,,,DECODED,,images/cursors,,,,1693,data\gui\palettes\bar_disabled.pcx,49b397e010efd04c7cb931466f5afbe84c9a45581b991a40178e352002e623a7,,,,,,UI/Palettes/bar_disabled.png,,PCX,UI,PIXEL_CONFIRMED (production decodeIndexedPcx == independent PIL decode),embedded PCX 256-colour palette,UI/Palettes/bar_disabled__swatch.png,,
,,,350,160,,,,,,DECODED,,images/cursors,,,,1701,data\maps\singleplayer_03_01\minimap\minimap.pcx,76a708a5b44d43efcf7b92c174b8639b9c38eb5369966f20c5c57a8d58ba3073,,,,,,UI/Maps/singleplayer_03_01/minimap/minimap.png,,PCX,UI,PIXEL_CONFIRMED (production decodeIndexedPcx == independent PIL decode),embedded PCX 256-colour palette,,,
,,,350,160,,,,,,DECODED,,images/cursors,,,,1710,data\maps\singleplayer_03_02\minimap\minimap.pcx,77bf52752c81bf96175927f08613050143d513a414ae2632e8ce948578072b0f,,,,,,UI/Maps/singleplayer_03_02/minimap/minimap.png,,PCX,UI,PIXEL_CONFIRMED (production decodeIndexedPcx == independent PIL decode),embedded PCX 256-colour palette,,,
,,,350,160,,,,,,DECODED,,images/cursors,,,,1718,data\maps\singleplayer_03_03\minimap\minimap.pcx,0ece3fda25136a74db6a0b7a1259b070a9aa3713909f5435837ed7c27f3e8c4e,,,,,,UI/Maps/singleplayer_03_03/minimap/minimap.png,,PCX,UI,PIXEL_CONFIRMED (production decodeIndexedPcx == independent PIL decode),embedded PCX 256-colour palette,,,
,,,350,160,,,,,,DECODED,,images/cursors,,,,1728,data\maps\singleplayer_03_04\minimap\minimap.pcx,034c6040c29a70ac307ecb12b4039693e466f492fb512187701edfe69ec930f2,,,,,,UI/Maps/singleplayer_03_04/minimap/minimap.png,,PCX,UI,PIXEL_CONFIRMED (production decodeIndexedPcx == independent PIL decode),embedded PCX 256-colour palette,,,
,,,350,160,,,,,,DECODED,,images/cursors,,,,1734,data\maps\singleplayer_03_05\minimap\minimap.pcx,32cb74720b4e848ab8fb611e327a499663a229a617401a2a0b03f568ab54959c,,,,,,UI/Maps/singleplayer_03_05/minimap/minimap.png,,PCX,UI,PIXEL_CONFIRMED (production decodeIndexedPcx == independent PIL decode),embedded PCX 256-colour palette,,,
,,,320,200,,,,,,DECODED,,images/cursors,,,,1761,data\maps\singleplayer_03_01\text\eng\briefings\palettes\pal_white.bmp,1ecae2eef5651d133528ca33bd8d2d0aaccacc3af0c47211e1a92596388cb421,,,,,,UI/Maps/singleplayer_03_01/text_eng_briefings_palettes/pal_white.png,,BMP,UI,SOURCE_COMPLETE (PIL standard BMP; no production decoder to compare),,,L,
,,,320,200,,,,,,DECODED,,images/cursors,,,,1770,data\maps\singleplayer_03_02\text\eng\briefings\palettes\pal_white.bmp,1ecae2eef5651d133528ca33bd8d2d0aaccacc3af0c47211e1a92596388cb421,,,,,,UI/Maps/singleplayer_03_02/text_eng_briefings_palettes/pal_white.png,,BMP,UI,SOURCE_COMPLETE (PIL standard BMP; no production decoder to compare),,,L,
,,,320,200,,,,,,DECODED,,images/cursors,,,,1784,data\maps\singleplayer_03_03\text\eng\briefings\palettes\pal_white.bmp,1ecae2eef5651d133528ca33bd8d2d0aaccacc3af0c47211e1a92596388cb421,,,,,,UI/Maps/singleplayer_03_03/text_eng_briefings_palettes/pal_white.png,,BMP,UI,SOURCE_COMPLETE (PIL standard BMP; no production decoder to compare),,,L,
,,,320,200,,,,,,DECODED,,images/cursors,,,,1795,data\maps\singleplayer_03_04\text\eng\briefings\palettes\pal_white.bmp,1ecae2eef5651d133528ca33bd8d2d0aaccacc3af0c47211e1a92596388cb421,,,,,,UI/Maps/singleplayer_03_04/text_eng_briefings_palettes/pal_white.png,,BMP,UI,SOURCE_COMPLETE (PIL standard BMP; no production decoder to compare),,,L,
,,,320,200,,,,,,DECODED,,images/cursors,,,,1805,data\maps\singleplayer_03_05\text\eng\briefings\palettes\pal_white.bmp,1ecae2eef5651d133528ca33bd8d2d0aaccacc3af0c47211e1a92596388cb421,,,,,,UI/Maps/singleplayer_03_05/text_eng_briefings_palettes/pal_white.png,,BMP,UI,SOURCE_COMPLETE (PIL standard BMP; no production decoder to compare),,,L,
,,,306,401,,,,,,DECODED,,images/cursors,,,,1831,data\text\eng\hypertext\history\graphics\01_00.pcx,e34175837ca56a6efb221dee4ebad8b530b4aaf9cb26f9eee98565e727b2c2b7,,,,,,UI/Hypertext/history_graphics/01_00.png,,PCX,UI,PIXEL_CONFIRMED (production decodeIndexedPcx == independent PIL decode),embedded PCX 256-colour palette,,,
,,,476,446,,,,,,DECODED,,images/cursors,,,,1832,data\text\eng\hypertext\history\graphics\5-1-00.pcx,6d20b91103a018fda07c2109c0441d59d1023b8a2fc5c2df30c6860eaae5acc5,,,,,,UI/Hypertext/history_graphics/5-1-00.png,,PCX,UI,PIXEL_CONFIRMED (production decodeIndexedPcx == independent PIL decode),embedded PCX 256-colour palette,,,
,,,300,300,,,,,,DECODED,,images/cursors,,,,1844,data\maps\singleplayer_03_01\text\eng\briefings\palettes\font_dark.pcx,22393273826e6995f21a7df3f5618365005b80990692b92b0df75c1a69d45d31,,,,,,UI/Maps/singleplayer_03_01/text_eng_briefings_palettes/font_dark.png,,PCX,UI,PIXEL_CONFIRMED (production decodeIndexedPcx == independent PIL decode),embedded PCX 256-colour palette,,,
,,,238,261,,,,,,DECODED,,images/cursors,,,,1847,data\text\eng\hypertext\history\graphics\01_01.pcx,5903bb8c57d27165916891d078c0e0056720584afdc709def8a793e2b19a545d,,,,,,UI/Hypertext/history_graphics/01_01.png,,PCX,UI,PIXEL_CONFIRMED (production decodeIndexedPcx == independent PIL decode),embedded PCX 256-colour palette,,,
,,,300,300,,,,,,DECODED,,images/cursors,,,,1850,data\maps\singleplayer_03_02\text\eng\briefings\palettes\font_dark.pcx,22393273826e6995f21a7df3f5618365005b80990692b92b0df75c1a69d45d31,,,,,,UI/Maps/singleplayer_03_02/text_eng_briefings_palettes/font_dark.png,,PCX,UI,PIXEL_CONFIRMED (production decodeIndexedPcx == independent PIL decode),embedded PCX 256-colour palette,,,
,,,455,288,,,,,,DECODED,,images/cursors,,,,1851,data\text\eng\hypertext\history\graphics\02_01.pcx,c117fadf9854449aba2a2d1b439ad5249173f72e6240dded8b5045569e0727c8,,,,,,UI/Hypertext/history_graphics/02_01.png,,PCX,UI,PIXEL_CONFIRMED (production decodeIndexedPcx == independent PIL decode),embedded PCX 256-colour palette,,,
,,,394,429,,,,,,DECODED,,images/cursors,,,,1852,data\text\eng\hypertext\history\graphics\6-1-01.pcx,48286f3c08ba984ec063308a9dd58acc2e574b4b6e5b44e126208eb876814b5d,,,,,,UI/Hypertext/history_graphics/6-1-01.png,,PCX,UI,PIXEL_CONFIRMED (production decodeIndexedPcx == independent PIL decode),embedded PCX 256-colour palette,,,
,,,300,300,,,,,,DECODED,,images/cursors,,,,1855,data\maps\singleplayer_03_03\text\eng\briefings\palettes\font_dark.pcx,22393273826e6995f21a7df3f5618365005b80990692b92b0df75c1a69d45d31,,,,,,UI/Maps/singleplayer_03_03/text_eng_briefings_palettes/font_dark.png,,PCX,UI,PIXEL_CONFIRMED (production decodeIndexedPcx == independent PIL decode),embedded PCX 256-colour palette,,,
,,,358,372,,,,,,DECODED,,images/cursors,,,,1856,data\text\eng\hypertext\history\graphics\03_01.pcx,314087677d0d010898c83cf9ee4d2b367afec72b26ae467509c72b09905580e6,,,,,,UI/Hypertext/history_graphics/03_01.png,,PCX,UI,PIXEL_CONFIRMED (production decodeIndexedPcx == independent PIL decode),embedded PCX 256-colour palette,,,
,,,300,300,,,,,,DECODED,,images/cursors,,,,1859,data\maps\singleplayer_03_04\text\eng\briefings\palettes\font_dark.pcx,22393273826e6995f21a7df3f5618365005b80990692b92b0df75c1a69d45d31,,,,,,UI/Maps/singleplayer_03_04/text_eng_briefings_palettes/font_dark.png,,PCX,UI,PIXEL_CONFIRMED (production decodeIndexedPcx == independent PIL decode),embedded PCX 256-colour palette,,,
,,,300,300,,,,,,DECODED,,images/cursors,,,,1860,data\text\eng\hypertext\credits\palettes\font_white.pcx,573637151c106a0992d0096188d4d03e782dc91c70b052200eafbcde961fee50,,,,,,UI/Hypertext/credits_palettes/font_white.png,,PCX,UI,PIXEL_CONFIRMED (production decodeIndexedPcx == independent PIL decode),embedded PCX 256-colour palette,,,
,,,387,258,,,,,,DECODED,,images/cursors,,,,1861,data\text\eng\hypertext\history\graphics\04_01.pcx,2e66431ced9d64ae838446ceae527a26ee05c8efc494683b74a78711e39eb2e2,,,,,,UI/Hypertext/history_graphics/04_01.png,,PCX,UI,PIXEL_CONFIRMED (production decodeIndexedPcx == independent PIL decode),embedded PCX 256-colour palette,,,
,,,300,300,,,,,,DECODED,,images/cursors,,,,1864,data\maps\singleplayer_03_05\text\eng\briefings\palettes\font_dark.pcx,22393273826e6995f21a7df3f5618365005b80990692b92b0df75c1a69d45d31,,,,,,UI/Maps/singleplayer_03_05/text_eng_briefings_palettes/font_dark.png,,PCX,UI,PIXEL_CONFIRMED (production decodeIndexedPcx == independent PIL decode),embedded PCX 256-colour palette,,,
,,,341,256,,,,,,DECODED,,images/cursors,,,,1865,data\text\eng\hypertext\history\graphics\05_01.pcx,77513f13b71cb6a171df08c3b409043f15061812d802964d5ad0992c18af4bb0,,,,,,UI/Hypertext/history_graphics/05_01.png,,PCX,UI,PIXEL_CONFIRMED (production decodeIndexedPcx == independent PIL decode),embedded PCX 256-colour palette,,,
,,,372,315,,,,,,DECODED,,images/cursors,,,,1870,data\text\eng\hypertext\history\graphics\06_01.pcx,8e2a3241bf3333b5a0b87381eb9cb76ee48095e5d4b85edf3280cac6b5dbcf48,,,,,,UI/Hypertext/history_graphics/06_01.png,,PCX,UI,PIXEL_CONFIRMED (production decodeIndexedPcx == independent PIL decode),embedded PCX 256-colour palette,,,
,,,320,200,,,,,,DECODED,,images/cursors,,,,1874,data\maps\campaign_03_03_sub1\text\eng\briefings\palettes\pal_white.bmp,1ecae2eef5651d133528ca33bd8d2d0aaccacc3af0c47211e1a92596388cb421,,,,,,UI/Maps/campaign_03_03_sub1/text_eng_briefings_palettes/pal_white.png,,BMP,UI,SOURCE_COMPLETE (PIL standard BMP; no production decoder to compare),,,L,
,,,485,262,,,,,,DECODED,,images/cursors,,,,1875,data\text\eng\hypertext\history\graphics\07_01.pcx,9f7a67b0b3281c1f61884947e04236bc55a9b33c9e0a3d1c375b1782daa8a157,,,,,,UI/Hypertext/history_graphics/07_01.png,,PCX,UI,PIXEL_CONFIRMED (production decodeIndexedPcx == independent PIL decode),embedded PCX 256-colour palette,,,
,,,320,200,,,,,,DECODED,,images/cursors,,,,1879,data\maps\campaign_03_03_sub2\text\eng\briefings\palettes\pal_white.bmp,1ecae2eef5651d133528ca33bd8d2d0aaccacc3af0c47211e1a92596388cb421,,,,,,UI/Maps/campaign_03_03_sub2/text_eng_briefings_palettes/pal_white.png,,BMP,UI,SOURCE_COMPLETE (PIL standard BMP; no production decoder to compare),,,L,
,,,322,260,,,,,,DECODED,,images/cursors,,,,1881,data\maps\singleplayer_03_01-sub1\text\eng\briefings\graphics\08_01.pcx,56e64e98933ad858fd0163df65e0e7f46a695cefe257683e28023c7d5b643d5f,,,,,,UI/Maps/singleplayer_03_01-sub1/text_eng_briefings_graphics/08_01.png,,PCX,UI,PIXEL_CONFIRMED (production decodeIndexedPcx == independent PIL decode),embedded PCX 256-colour palette,,,
,,,322,260,,,,,,DECODED,,images/cursors,,,,1882,data\text\eng\hypertext\history\graphics\08_01.pcx,56e64e98933ad858fd0163df65e0e7f46a695cefe257683e28023c7d5b643d5f,,,,,,UI/Hypertext/history_graphics/08_01.png,,PCX,UI,PIXEL_CONFIRMED (production decodeIndexedPcx == independent PIL decode),embedded PCX 256-colour palette,,,
,,,320,200,,,,,,DECODED,,images/cursors,,,,1886,data\maps\campaign_03_03_sub3\text\eng\briefings\palettes\pal_white.bmp,1ecae2eef5651d133528ca33bd8d2d0aaccacc3af0c47211e1a92596388cb421,,,,,,UI/Maps/campaign_03_03_sub3/text_eng_briefings_palettes/pal_white.png,,BMP,UI,SOURCE_COMPLETE (PIL standard BMP; no production decoder to compare),,,L,
,,,320,200,,,,,,DECODED,,images/cursors,,,,1887,data\maps\campaign_03_05_sub1\text\eng\briefings\palettes\pal_white.bmp,1ecae2eef5651d133528ca33bd8d2d0aaccacc3af0c47211e1a92596388cb421,,,,,,UI/Maps/campaign_03_05_sub1/text_eng_briefings_palettes/pal_white.png,,BMP,UI,SOURCE_COMPLETE (PIL standard BMP; no production decoder to compare),,,L,
,,,276,320,,,,,,DECODED,,images/cursors,,,,1888,data\maps\singleplayer_03_01-sub1\text\eng\briefings\graphics\08_02.pcx,862ca252ba46ade2871b4df702e959641facc457a8c29536d36091e8e84298a8,,,,,,UI/Maps/singleplayer_03_01-sub1/text_eng_briefings_graphics/08_02.png,,PCX,UI,PIXEL_CONFIRMED (production decodeIndexedPcx == independent PIL decode),embedded PCX 256-colour palette,,,
,,,320,200,,,,,,DECODED,,images/cursors,,,,1892,data\maps\campaign_03_05_sub2\text\eng\briefings\palettes\pal_white.bmp,1ecae2eef5651d133528ca33bd8d2d0aaccacc3af0c47211e1a92596388cb421,,,,,,UI/Maps/campaign_03_05_sub2/text_eng_briefings_palettes/pal_white.png,,BMP,UI,SOURCE_COMPLETE (PIL standard BMP; no production decoder to compare),,,L,
,,,320,200,,,,,,DECODED,,images/cursors,,,,1893,data\maps\campaign_03_06_sub1\text\eng\briefings\palettes\pal_white.bmp,1ecae2eef5651d133528ca33bd8d2d0aaccacc3af0c47211e1a92596388cb421,,,,,,UI/Maps/campaign_03_06_sub1/text_eng_briefings_palettes/pal_white.png,,BMP,UI,SOURCE_COMPLETE (PIL standard BMP; no production decoder to compare),,,L,
,,,320,200,,,,,,DECODED,,images/cursors,,,,1901,data\maps\campaign_03_06_sub2\text\eng\briefings\palettes\pal_white.bmp,1ecae2eef5651d133528ca33bd8d2d0aaccacc3af0c47211e1a92596388cb421,,,,,,UI/Maps/campaign_03_06_sub2/text_eng_briefings_palettes/pal_white.png,,BMP,UI,SOURCE_COMPLETE (PIL standard BMP; no production decoder to compare),,,L,
,,,110,125,,,,,,DECODED,,images/cursors,,,,1903,data\edit\misc\pal.pcx,768dac6ea4a811f099661b41a3d18c50e39bfbbfbe77a2e330b3464be9a9e862,,,,,,UI/Editor/pal.png,,PCX,UI,PIXEL_CONFIRMED (production decodeIndexedPcx == independent PIL decode),embedded PCX 256-colour palette,,,
,,,300,300,,,,,,DECODED,,images/cursors,,,,1923,data\maps\campaign_03_03_sub1\text\eng\briefings\palettes\font_dark.pcx,22393273826e6995f21a7df3f5618365005b80990692b92b0df75c1a69d45d31,,,,,,UI/Maps/campaign_03_03_sub1/text_eng_briefings_palettes/font_dark.png,,PCX,UI,PIXEL_CONFIRMED (production decodeIndexedPcx == independent PIL decode),embedded PCX 256-colour palette,,,
,,,300,300,,,,,,DECODED,,images/cursors,,,,1928,data\maps\campaign_03_03_sub2\text\eng\briefings\palettes\font_dark.pcx,22393273826e6995f21a7df3f5618365005b80990692b92b0df75c1a69d45d31,,,,,,UI/Maps/campaign_03_03_sub2/text_eng_briefings_palettes/font_dark.png,,PCX,UI,PIXEL_CONFIRMED (production decodeIndexedPcx == independent PIL decode),embedded PCX 256-colour palette,,,
,,,300,300,,,,,,DECODED,,images/cursors,,,,1932,data\maps\campaign_03_03_sub3\text\eng\briefings\palettes\font_dark.pcx,22393273826e6995f21a7df3f5618365005b80990692b92b0df75c1a69d45d31,,,,,,UI/Maps/campaign_03_03_sub3/text_eng_briefings_palettes/font_dark.png,,PCX,UI,PIXEL_CONFIRMED (production decodeIndexedPcx == independent PIL decode),embedded PCX 256-colour palette,,,
,,,300,300,,,,,,DECODED,,images/cursors,,,,1933,data\maps\campaign_03_05_sub1\text\eng\briefings\palettes\font_dark.pcx,22393273826e6995f21a7df3f5618365005b80990692b92b0df75c1a69d45d31,,,,,,UI/Maps/campaign_03_05_sub1/text_eng_briefings_palettes/font_dark.png,,PCX,UI,PIXEL_CONFIRMED (production decodeIndexedPcx == independent PIL decode),embedded PCX 256-colour palette,,,
,,,300,300,,,,,,DECODED,,images/cursors,,,,1934,data\maps\campaign_03_05_sub2\text\eng\briefings\palettes\font_dark.pcx,22393273826e6995f21a7df3f5618365005b80990692b92b0df75c1a69d45d31,,,,,,UI/Maps/campaign_03_05_sub2/text_eng_briefings_palettes/font_dark.png,,PCX,UI,PIXEL_CONFIRMED (production decodeIndexedPcx == independent PIL decode),embedded PCX 256-colour palette,,,
,,,300,300,,,,,,DECODED,,images/cursors,,,,1935,data\maps\campaign_03_06_sub1\text\eng\briefings\palettes\font_dark.pcx,22393273826e6995f21a7df3f5618365005b80990692b92b0df75c1a69d45d31,,,,,,UI/Maps/campaign_03_06_sub1/text_eng_briefings_palettes/font_dark.png,,PCX,UI,PIXEL_CONFIRMED (production decodeIndexedPcx == independent PIL decode),embedded PCX 256-colour palette,,,
,,,300,300,,,,,,DECODED,,images/cursors,,,,1938,data\maps\campaign_03_06_sub2\text\eng\briefings\palettes\font_dark.pcx,22393273826e6995f21a7df3f5618365005b80990692b92b0df75c1a69d45d31,,,,,,UI/Maps/campaign_03_06_sub2/text_eng_briefings_palettes/font_dark.png,,PCX,UI,PIXEL_CONFIRMED (production decodeIndexedPcx == independent PIL decode),embedded PCX 256-colour palette,,,
,,,300,300,,,,,,DECODED,,images/cursors,,,,1943,data\gui\bitmaps\bg_headline.pcx,887a1c8259ef6860a094d8602ea872ab4554acde47bf9d5c6afd0939b88a9497,,,,,,UI/Bitmaps/bg_headline.png,,PCX,UI,PIXEL_CONFIRMED (production decodeIndexedPcx == independent PIL decode),embedded PCX 256-colour palette,,,
,,,350,160,,,,,,DECODED,,images/cursors,,,,1947,data\maps\multiplayer_204_special_cap-the-flag\minimap\minimap.pcx,cdb61126e8b3a33fd4c05da69fa845ce4ad5daa65741229edbf2c84d92733229,,,,,,UI/Maps/multiplayer_204_special_cap-the-flag/minimap/minimap.png,,PCX,UI,PIXEL_CONFIRMED (production decodeIndexedPcx == independent PIL decode),embedded PCX 256-colour palette,,,
,,,350,250,,,,,,DECODED,,images/cursors,,,,1954,data\maps\singleplayer_03_01-sub1\text\eng\briefings\graphics\people_dead_f.pcx,56981238a99ffb1d4378172c0874ebc9eabf2b553f9694e22819dde2b815a0f5,,,,,,UI/Maps/singleplayer_03_01-sub1/text_eng_briefings_graphics/people_dead_f.png,,PCX,UI,PIXEL_CONFIRMED (production decodeIndexedPcx == independent PIL decode),embedded PCX 256-colour palette,,,
,,,2,2,,,,,,DECODED,,images/cursors,,,,1962,data\gui\palettes\bar_standart.pcx,fda17dcdf3327ed0e2e2e85a4faa0a0cc0d449cd35fb7fe1612af8dcc3ba585a,,,,,,UI/Palettes/bar_standart.png,,PCX,UI,PIXEL_CONFIRMED (production decodeIndexedPcx == independent PIL decode),embedded PCX 256-colour palette,UI/Palettes/bar_standart__swatch.png,,
,,,180,157,,,,,,DECODED,,images/cursors,,,,1964,data\text\eng\hypertext\credits\graphics\funatics.pcx,ea20a6a0a6b8012338adcbb21bc74dffeb46d16207ac5077a2fbafcba58f9522,,,,,,UI/Hypertext/credits_graphics/funatics.png,,PCX,UI,PIXEL_CONFIRMED (production decodeIndexedPcx == independent PIL decode),embedded PCX 256-colour palette,,,
,,,320,200,,,,,,DECODED,,images/cursors,,,,1997,data\maps\multiplayer_204_special_cap-the-flag\text\eng\briefings\palettes\pal_white.bmp,1ecae2eef5651d133528ca33bd8d2d0aaccacc3af0c47211e1a92596388cb421,,,,,,UI/Maps/multiplayer_204_special_cap-the-flag/text_eng_briefings_palettes/pal_white.png,,BMP,UI,SOURCE_COMPLETE (PIL standard BMP; no production decoder to compare),,,L,
,,,350,160,,,,,,DECODED,,images/cursors,,,,2036,data\maps\multiplayer_203_special_militär\minimap\minimap.pcx,362cb36dbdaa23061e1cc1df315fabea1c23d43251a45e85283d84139f1c1c71,,,,,,UI/Maps/multiplayer_203_special_militär/minimap/minimap.png,,PCX,UI,PIXEL_CONFIRMED (production decodeIndexedPcx == independent PIL decode),embedded PCX 256-colour palette,,,
,,,300,300,,,,,,DECODED,,images/cursors,,,,2118,data\gui\bitmaps\bg_selected.pcx,7ef770c467ecef5707ae268d4c326fe482b78a8f45de2cfe4b24c0f898c8ed57,,,,,,UI/Bitmaps/bg_selected.png,,PCX,UI,PIXEL_CONFIRMED (production decodeIndexedPcx == independent PIL decode),embedded PCX 256-colour palette,,,
,,,333,250,,,,,,DECODED,,images/cursors,,,,2187,data\maps\demo_mainmenu_10\text\eng\briefings\graphics\hero_dead_f.pcx,85ae117d1a601bc96041dda3281df3eb5501ad9f101582985877368fa763d67a,,,,,,UI/Maps/demo_mainmenu_10/text_eng_briefings_graphics/hero_dead_f.png,,PCX,UI,PIXEL_CONFIRMED (production decodeIndexedPcx == independent PIL decode),embedded PCX 256-colour palette,,,
,,,300,300,,,,,,DECODED,,images/cursors,,,,2188,data\maps\multiplayer_204_special_cap-the-flag\text\eng\briefings\palettes\font_dark.pcx,22393273826e6995f21a7df3f5618365005b80990692b92b0df75c1a69d45d31,,,,,,UI/Maps/multiplayer_204_special_cap-the-flag/text_eng_briefings_palettes/font_dark.png,,PCX,UI,PIXEL_CONFIRMED (production decodeIndexedPcx == independent PIL decode),embedded PCX 256-colour palette,,,
,,,2,2,,,,,,DECODED,,images/cursors,,,,2284,data\gui\palettes\context.pcx,959a8bc8c50c216dcc0ab7826a60c8be3ef0bcc66a3fd6854535db00257019c5,,,,,,UI/Palettes/context.png,,PCX,UI,PIXEL_CONFIRMED (production decodeIndexedPcx == independent PIL decode),embedded PCX 256-colour palette,UI/Palettes/context__swatch.png,,
,,,320,200,,,,,,DECODED,,images/cursors,,,,2286,data\maps\multiplayer_203_special_militär\text\eng\briefings\palettes\pal_white.bmp,1ecae2eef5651d133528ca33bd8d2d0aaccacc3af0c47211e1a92596388cb421,,,,,,UI/Maps/multiplayer_203_special_militär/text_eng_briefings_palettes/pal_white.png,,BMP,UI,SOURCE_COMPLETE (PIL standard BMP; no production decoder to compare),,,L,
,,,320,200,,,,,,DECODED,,images/cursors,,,,2314,data\maps\campaign_03_01\text\eng\briefings\palettes\pal_white.bmp,1ecae2eef5651d133528ca33bd8d2d0aaccacc3af0c47211e1a92596388cb421,,,,,,UI/Maps/campaign_03_01/text_eng_briefings_palettes/pal_white.png,,BMP,UI,SOURCE_COMPLETE (PIL standard BMP; no production decoder to compare),,,L,
,,,320,200,,,,,,DECODED,,images/cursors,,,,2327,data\maps\campaign_03_02\text\eng\briefings\palettes\pal_white.bmp,1ecae2eef5651d133528ca33bd8d2d0aaccacc3af0c47211e1a92596388cb421,,,,,,UI/Maps/campaign_03_02/text_eng_briefings_palettes/pal_white.png,,BMP,UI,SOURCE_COMPLETE (PIL standard BMP; no production decoder to compare),,,L,
,,,320,200,,,,,,DECODED,,images/cursors,,,,2339,data\maps\campaign_03_03\text\eng\briefings\palettes\pal_white.bmp,1ecae2eef5651d133528ca33bd8d2d0aaccacc3af0c47211e1a92596388cb421,,,,,,UI/Maps/campaign_03_03/text_eng_briefings_palettes/pal_white.png,,BMP,UI,SOURCE_COMPLETE (PIL standard BMP; no production decoder to compare),,,L,
,,,320,200,,,,,,DECODED,,images/cursors,,,,2347,data\maps\campaign_03_04\text\eng\briefings\palettes\pal_white.bmp,1ecae2eef5651d133528ca33bd8d2d0aaccacc3af0c47211e1a92596388cb421,,,,,,UI/Maps/campaign_03_04/text_eng_briefings_palettes/pal_white.png,,BMP,UI,SOURCE_COMPLETE (PIL standard BMP; no production decoder to compare),,,L,
,,,2,2,,,,,,DECODED,,images/cursors,,,,2353,data\gui\palettes\frame.pcx,03daa90fc98c312513bc1040de5b5f4a76edb114eca1729b4b3846be9880ff2b,,,,,,UI/Palettes/frame.png,,PCX,UI,PIXEL_CONFIRMED (production decodeIndexedPcx == independent PIL decode),embedded PCX 256-colour palette,UI/Palettes/frame__swatch.png,,
,,,320,200,,,,,,DECODED,,images/cursors,,,,2354,data\maps\campaign_03_05\text\eng\briefings\palettes\pal_white.bmp,1ecae2eef5651d133528ca33bd8d2d0aaccacc3af0c47211e1a92596388cb421,,,,,,UI/Maps/campaign_03_05/text_eng_briefings_palettes/pal_white.png,,BMP,UI,SOURCE_COMPLETE (PIL standard BMP; no production decoder to compare),,,L,
,,,320,200,,,,,,DECODED,,images/cursors,,,,2360,data\maps\campaign_03_06\text\eng\briefings\palettes\pal_white.bmp,1ecae2eef5651d133528ca33bd8d2d0aaccacc3af0c47211e1a92596388cb421,,,,,,UI/Maps/campaign_03_06/text_eng_briefings_palettes/pal_white.png,,BMP,UI,SOURCE_COMPLETE (PIL standard BMP; no production decoder to compare),,,L,
,,,300,300,,,,,,DECODED,,images/cursors,,,,2361,data\maps\multiplayer_203_special_militär\text\eng\briefings\palettes\font_dark.pcx,22393273826e6995f21a7df3f5618365005b80990692b92b0df75c1a69d45d31,,,,,,UI/Maps/multiplayer_203_special_militär/text_eng_briefings_palettes/font_dark.png,,PCX,UI,PIXEL_CONFIRMED (production decodeIndexedPcx == independent PIL decode),embedded PCX 256-colour palette,,,
,,,320,200,,,,,,DECODED,,images/cursors,,,,2364,data\maps\campaign_03_07\text\eng\briefings\palettes\pal_white.bmp,1ecae2eef5651d133528ca33bd8d2d0aaccacc3af0c47211e1a92596388cb421,,,,,,UI/Maps/campaign_03_07/text_eng_briefings_palettes/pal_white.png,,BMP,UI,SOURCE_COMPLETE (PIL standard BMP; no production decoder to compare),,,L,
,,,300,300,,,,,,DECODED,,images/cursors,,,,2367,data\maps\campaign_03_01\text\eng\briefings\palettes\font_dark.pcx,22393273826e6995f21a7df3f5618365005b80990692b92b0df75c1a69d45d31,,,,,,UI/Maps/campaign_03_01/text_eng_briefings_palettes/font_dark.png,,PCX,UI,PIXEL_CONFIRMED (production decodeIndexedPcx == independent PIL decode),embedded PCX 256-colour palette,,,
,,,320,200,,,,,,DECODED,,images/cursors,,,,2368,data\maps\campaign_03_08\text\eng\briefings\palettes\pal_white.bmp,1ecae2eef5651d133528ca33bd8d2d0aaccacc3af0c47211e1a92596388cb421,,,,,,UI/Maps/campaign_03_08/text_eng_briefings_palettes/pal_white.png,,BMP,UI,SOURCE_COMPLETE (PIL standard BMP; no production decoder to compare),,,L,
,,,300,300,,,,,,DECODED,,images/cursors,,,,2377,data\maps\campaign_03_02\text\eng\briefings\palettes\font_dark.pcx,22393273826e6995f21a7df3f5618365005b80990692b92b0df75c1a69d45d31,,,,,,UI/Maps/campaign_03_02/text_eng_briefings_palettes/font_dark.png,,PCX,UI,PIXEL_CONFIRMED (production decodeIndexedPcx == independent PIL decode),embedded PCX 256-colour palette,,,
,,,300,300,,,,,,DECODED,,images/cursors,,,,2386,data\maps\campaign_03_03\text\eng\briefings\palettes\font_dark.pcx,22393273826e6995f21a7df3f5618365005b80990692b92b0df75c1a69d45d31,,,,,,UI/Maps/campaign_03_03/text_eng_briefings_palettes/font_dark.png,,PCX,UI,PIXEL_CONFIRMED (production decodeIndexedPcx == independent PIL decode),embedded PCX 256-colour palette,,,
,,,300,300,,,,,,DECODED,,images/cursors,,,,2398,data\maps\campaign_03_04\text\eng\briefings\palettes\font_dark.pcx,22393273826e6995f21a7df3f5618365005b80990692b92b0df75c1a69d45d31,,,,,,UI/Maps/campaign_03_04/text_eng_briefings_palettes/font_dark.png,,PCX,UI,PIXEL_CONFIRMED (production decodeIndexedPcx == independent PIL decode),embedded PCX 256-colour palette,,,
,,,300,300,,,,,,DECODED,,images/cursors,,,,2407,data\maps\campaign_03_05\text\eng\briefings\palettes\font_dark.pcx,22393273826e6995f21a7df3f5618365005b80990692b92b0df75c1a69d45d31,,,,,,UI/Maps/campaign_03_05/text_eng_briefings_palettes/font_dark.png,,PCX,UI,PIXEL_CONFIRMED (production decodeIndexedPcx == independent PIL decode),embedded PCX 256-colour palette,,,
,,,800,600,,,,,,DECODED,,images/cursors,,,,2418,data\gui\lang\eng\pictures\menubg.bmp,b652f4609e698e08859774d803b7cded7992497fbbd7ae0c2ef77c902d827b48,,,,,,UI/Pictures/menubg.png,,BMP,UI,SOURCE_COMPLETE (PIL standard BMP; no production decoder to compare),,,RGB,
,,,300,300,,,,,,DECODED,,images/cursors,,,,2421,data\maps\campaign_03_06\text\eng\briefings\palettes\font_dark.pcx,22393273826e6995f21a7df3f5618365005b80990692b92b0df75c1a69d45d31,,,,,,UI/Maps/campaign_03_06/text_eng_briefings_palettes/font_dark.png,,PCX,UI,PIXEL_CONFIRMED (production decodeIndexedPcx == independent PIL decode),embedded PCX 256-colour palette,,,
,,,2,2,,,,,,DECODED,,images/cursors,,,,2430,data\gui\palettes\papyrus.pcx,b6c9f0c1be4952b6d70c0fc9ee2ca7e27173a1d544893aadbeb0808dde70d459,,,,,,UI/Palettes/papyrus.png,,PCX,UI,PIXEL_CONFIRMED (production decodeIndexedPcx == independent PIL decode),embedded PCX 256-colour palette,UI/Palettes/papyrus__swatch.png,,
,,,300,300,,,,,,DECODED,,images/cursors,,,,2433,data\maps\campaign_03_07\text\eng\briefings\palettes\font_dark.pcx,22393273826e6995f21a7df3f5618365005b80990692b92b0df75c1a69d45d31,,,,,,UI/Maps/campaign_03_07/text_eng_briefings_palettes/font_dark.png,,PCX,UI,PIXEL_CONFIRMED (production decodeIndexedPcx == independent PIL decode),embedded PCX 256-colour palette,,,
,,,300,300,,,,,,DECODED,,images/cursors,,,,2439,data\maps\campaign_03_08\text\eng\briefings\palettes\font_dark.pcx,22393273826e6995f21a7df3f5618365005b80990692b92b0df75c1a69d45d31,,,,,,UI/Maps/campaign_03_08/text_eng_briefings_palettes/font_dark.png,,PCX,UI,PIXEL_CONFIRMED (production decodeIndexedPcx == independent PIL decode),embedded PCX 256-colour palette,,,
,,,333,250,,,,,,DECODED,,images/cursors,,,,2487,data\maps\singleplayer_03_01-sub1\text\eng\briefings\graphics\hero_dead_f.pcx,85ae117d1a601bc96041dda3281df3eb5501ad9f101582985877368fa763d67a,,,,,,UI/Maps/singleplayer_03_01-sub1/text_eng_briefings_graphics/hero_dead_f.png,,PCX,UI,PIXEL_CONFIRMED (production decodeIndexedPcx == independent PIL decode),embedded PCX 256-colour palette,,,
,,,128,128,,,,,,DECODED,,images/cursors,,,,2489,data\text\eng\hypertext\ingamehelp\graphics\gfx_test.bmp,318c023cad78c61c53aa4489ef2817a570f05a2b60577e8baf5550eee9764827,,,,,,UI/Hypertext/ingamehelp_graphics/gfx_test.png,,BMP,UI,SOURCE_COMPLETE (PIL standard BMP; no production decoder to compare),,,P,
,,,350,250,,,,,,DECODED,,images/cursors,,,,2503,data\maps\tutorial_001\text\eng\briefings\graphics\people_dead_f.pcx,56981238a99ffb1d4378172c0874ebc9eabf2b553f9694e22819dde2b815a0f5,,,,,,UI/Maps/tutorial_001/text_eng_briefings_graphics/people_dead_f.png,,PCX,UI,PIXEL_CONFIRMED (production decodeIndexedPcx == independent PIL decode),embedded PCX 256-colour palette,,,
,,,300,300,,,,,,DECODED,,images/cursors,,,,2504,data\text\eng\hypertext\history\palettes\font_red.pcx,f1e650497da97e5007c415c90dda313f7d41d149f5ec47c740c8a21163e6b58d,,,,,,UI/Hypertext/history_palettes/font_red.png,,PCX,UI,PIXEL_CONFIRMED (production decodeIndexedPcx == independent PIL decode),embedded PCX 256-colour palette,,,
,,,350,250,,,,,,DECODED,,images/cursors,,,,2509,data\maps\tutorial_002\text\eng\briefings\graphics\people_dead_f.pcx,56981238a99ffb1d4378172c0874ebc9eabf2b553f9694e22819dde2b815a0f5,,,,,,UI/Maps/tutorial_002/text_eng_briefings_graphics/people_dead_f.png,,PCX,UI,PIXEL_CONFIRMED (production decodeIndexedPcx == independent PIL decode),embedded PCX 256-colour palette,,,
,,,350,250,,,,,,DECODED,,images/cursors,,,,2513,data\maps\tutorial_003\text\eng\briefings\graphics\people_dead_f.pcx,56981238a99ffb1d4378172c0874ebc9eabf2b553f9694e22819dde2b815a0f5,,,,,,UI/Maps/tutorial_003/text_eng_briefings_graphics/people_dead_f.png,,PCX,UI,PIXEL_CONFIRMED (production decodeIndexedPcx == independent PIL decode),embedded PCX 256-colour palette,,,
,,,350,250,,,,,,DECODED,,images/cursors,,,,2518,data\maps\tutorial_004\text\eng\briefings\graphics\people_dead_f.pcx,56981238a99ffb1d4378172c0874ebc9eabf2b553f9694e22819dde2b815a0f5,,,,,,UI/Maps/tutorial_004/text_eng_briefings_graphics/people_dead_f.png,,PCX,UI,PIXEL_CONFIRMED (production decodeIndexedPcx == independent PIL decode),embedded PCX 256-colour palette,,,
,,,350,160,,,,,,DECODED,,images/cursors,,,,2522,data\maps\multiplayer_02_06_ressourcen\minimap\minimap.pcx,24ef1193048364e60dd0918dc9a29dd31c4960b5dea4fbaa37d90e8c68348c93,,,,,,UI/Maps/multiplayer_02_06_ressourcen/minimap/minimap.png,,PCX,UI,PIXEL_CONFIRMED (production decodeIndexedPcx == independent PIL decode),embedded PCX 256-colour palette,,,
,,,350,250,,,,,,DECODED,,images/cursors,,,,2523,data\maps\tutorial_005\text\eng\briefings\graphics\people_dead_f.pcx,56981238a99ffb1d4378172c0874ebc9eabf2b553f9694e22819dde2b815a0f5,,,,,,UI/Maps/tutorial_005/text_eng_briefings_graphics/people_dead_f.png,,PCX,UI,PIXEL_CONFIRMED (production decodeIndexedPcx == independent PIL decode),embedded PCX 256-colour palette,,,
,,,350,250,,,,,,DECODED,,images/cursors,,,,2527,data\maps\tutorial_006\text\eng\briefings\graphics\people_dead_f.pcx,56981238a99ffb1d4378172c0874ebc9eabf2b553f9694e22819dde2b815a0f5,,,,,,UI/Maps/tutorial_006/text_eng_briefings_graphics/people_dead_f.png,,PCX,UI,PIXEL_CONFIRMED (production decodeIndexedPcx == independent PIL decode),embedded PCX 256-colour palette,,,
,,,350,250,,,,,,DECODED,,images/cursors,,,,2533,data\maps\tutorial_007\text\eng\briefings\graphics\people_dead_f.pcx,56981238a99ffb1d4378172c0874ebc9eabf2b553f9694e22819dde2b815a0f5,,,,,,UI/Maps/tutorial_007/text_eng_briefings_graphics/people_dead_f.png,,PCX,UI,PIXEL_CONFIRMED (production decodeIndexedPcx == independent PIL decode),embedded PCX 256-colour palette,,,
,,,350,250,,,,,,DECODED,,images/cursors,,,,2538,data\maps\campaign_03_01_sub\text\eng\briefings\graphics\people_dead_f.pcx,56981238a99ffb1d4378172c0874ebc9eabf2b553f9694e22819dde2b815a0f5,,,,,,UI/Maps/campaign_03_01_sub/text_eng_briefings_graphics/people_dead_f.png,,PCX,UI,PIXEL_CONFIRMED (production decodeIndexedPcx == independent PIL decode),embedded PCX 256-colour palette,,,
,,,350,250,,,,,,DECODED,,images/cursors,,,,2545,data\maps\campaign_03_02_sub\text\eng\briefings\graphics\people_dead_f.pcx,56981238a99ffb1d4378172c0874ebc9eabf2b553f9694e22819dde2b815a0f5,,,,,,UI/Maps/campaign_03_02_sub/text_eng_briefings_graphics/people_dead_f.png,,PCX,UI,PIXEL_CONFIRMED (production decodeIndexedPcx == independent PIL decode),embedded PCX 256-colour palette,,,
,,,300,300,,,,,,DECODED,,images/cursors,,,,2553,data\text\eng\hypertext\ingamehelp\palettes\font_red.pcx,9fc90409f8c53e3b076e945c0380713b491d4c963bfc083ac28b8f12d8bdb1bc,,,,,,UI/Hypertext/ingamehelp_palettes/font_red.png,,PCX,UI,PIXEL_CONFIRMED (production decodeIndexedPcx == independent PIL decode),embedded PCX 256-colour palette,,,
,,,400,10,,,,,,DECODED,,images/cursors,,,,2577,data\text\eng\hypertext\credits\graphics\separator_00.pcx,d205d47a11f7687fe951c06880eaf76706a89879897eba38ab3b5528906e989f,,,,,,UI/Hypertext/credits_graphics/separator_00.png,,PCX,UI,PIXEL_CONFIRMED (production decodeIndexedPcx == independent PIL decode),embedded PCX 256-colour palette,,,
,,,2,2,,,,,,DECODED,,images/cursors,,,,2582,data\gui\palettes\menu_remap.pcx,4d112358ac7c0e33243af52e53725d2759364cc272b00e5445571e7aece5660b,,,,,,UI/Palettes/menu_remap.png,,PCX,UI,PIXEL_CONFIRMED (production decodeIndexedPcx == independent PIL decode),embedded PCX 256-colour palette,UI/Palettes/menu_remap__swatch.png,,
,,,320,200,,,,,,DECODED,,images/cursors,,,,2616,data\maps\multiplayer_02_06_ressourcen\text\eng\briefings\palettes\pal_white.bmp,1ecae2eef5651d133528ca33bd8d2d0aaccacc3af0c47211e1a92596388cb421,,,,,,UI/Maps/multiplayer_02_06_ressourcen/text_eng_briefings_palettes/pal_white.png,,BMP,UI,SOURCE_COMPLETE (PIL standard BMP; no production decoder to compare),,,L,
,,,300,300,,,,,,DECODED,,images/cursors,,,,2676,data\gui\bitmaps\bg_button_hilite.pcx,643b562c0610c559caf94c3644a51efa97aae7c6a6e734dd6c8726c641bf3525,,,,,,UI/Bitmaps/bg_button_hilite.png,,PCX,UI,PIXEL_CONFIRMED (production decodeIndexedPcx == independent PIL decode),embedded PCX 256-colour palette,,,
,,,800,600,,,,,,DECODED,,images/cursors,,,,,E:\cultures\vanilla-data\DataX\Pictures\post00.bmp,09287ca11fe30c338651a8f311c34bd0e8ac3c262fdae5a9c1cae70263d89f4d,,,,,,UI/Pictures/DataX/post00.png,,BMP,UI,SOURCE_COMPLETE (PIL BMP),,,RGB,
,,,800,600,,,,,,DECODED,,images/cursors,,,,,E:\cultures\vanilla-data\DataX\Pictures\pre00.bmp,284ebfbf10d9a8f68df3b958fff085aade706a9e8e22b9b869f2ac3c900b89d0,,,,,,UI/Pictures/DataX/pre00.png,,BMP,UI,SOURCE_COMPLETE (PIL BMP),,,RGB,
,,,32,32,,,,,,ORIGINAL_PRESERVED,,images/cursors,,,,,E:\cultures\vanilla-data\DataX\Mouse\MouseNormal.cur,669e9dac4f7f04a9b79c9982a8edf8d14760b664e6cbd9bdd62d62a713e87362,,,,,,UI/Cursors/MouseNormal.cur,,CUR,UI,SOURCE_COMPLETE (PIL CUR decode preview),,,,UI/Cursors/MouseNormal.png
,,,32,32,,,,,,ORIGINAL_PRESERVED,,images/cursors,,,,,E:\cultures\vanilla-data\DataX\Mouse\MousePressed.cur,dfbfe623df5f8fc624445bbcd78b74a60cd438ba500220706e3d8460d7825e3d,,,,,,UI/Cursors/MousePressed.cur,,CUR,UI,SOURCE_COMPLETE (PIL CUR decode preview),,,,UI/Cursors/MousePressed.png
,,,32,32,,,,,,ORIGINAL_PRESERVED,,images/cursors,,,,,E:\cultures\vanilla-data\DataX\Mouse\MouseRight.cur,3ce4dda813e159c9c4b875e436716e4a9f5f4860e8fcb113b8562ce593a899e9,,,,,,UI/Cursors/MouseRight.cur,,CUR,UI,SOURCE_COMPLETE (PIL CUR decode preview),,,,UI/Cursors/MouseRight.png
