CATEGORY,TRIBE_ID,TRIBE,TYPE_ID,ANIMATION_JOB_ID,NATIVE_NAME,ENGLISH,PHASE,BODY_SELECTOR,KIND,ATOMIC_SELECTOR,ATOMIC_NAME,CARRIED_GOOD,CARRIED_GOOD_NAME,SUB_ID,WALK_SPEED_THRESHOLD,MODE,ANIMATION_SECTION,DEFINED_FOR_JOB,BODY_SEQUENCE,BODY_LIBRARY,SHADOW_LIBRARY,HEAD_LIBRARY,BODY_PALETTE,HEAD_PALETTE,DIRECTIONS,FRAMES,BOB_RANGE,LENGTH,TIMING,STATUS,SHEET,SHADOW_MASK,METADATA
Animals,8,bears,48,48,baby_animal,Young Animal,initial,0,atomic,2,animal_bear_baby_idle,,,0,,0,233,48,animal_bear_wait,Data\Engine2D\Bin\Bobs\CR_Ani_Body_00.bmd,Data\Engine2D\Bin\Bobs\CR_Ani_Body_00_s.bmd,,bear01,,8,8,88-88,20,"frame = min(count-1, floor(count*progress/duration)); duration from atomic length",RENDERED,Animals/tribe_08_bears/Sheets/cr_ani_body_00__bear01/j48_A002_animal_bear_wait_s233.png,Animals/tribe_08_bears/Sheets/cr_ani_body_00__bear01/j48_A002_animal_bear_wait_s233__shadow_mask.png,Animals/tribe_08_bears/young_job48/metadata.json
Animals,8,bears,48,48,baby_animal,Young Animal,initial,0,atomic,3,animal_bear_baby_idle,,,0,,0,234,48,animal_bear_wait,Data\Engine2D\Bin\Bobs\CR_Ani_Body_00.bmd,Data\Engine2D\Bin\Bobs\CR_Ani_Body_00_s.bmd,,bear01,,8,8,88-88,20,"frame = min(count-1, floor(count*progress/duration)); duration from atomic length",RENDERED,Animals/tribe_08_bears/Sheets/cr_ani_body_00__bear01/j48_A003_animal_bear_wait_s234.png,Animals/tribe_08_bears/Sheets/cr_ani_body_00__bear01/j48_A003_animal_bear_wait_s234__shadow_mask.png,Animals/tribe_08_bears/young_job48/metadata.json
Animals,8,bears,48,48,baby_animal,Young Animal,initial,0,atomic,4,animal_bear_baby_idle,,,0,,0,235,48,animal_bear_wait,Data\Engine2D\Bin\Bobs\CR_Ani_Body_00.bmd,Data\Engine2D\Bin\Bobs\CR_Ani_Body_00_s.bmd,,bear01,,8,8,88-88,20,"frame = min(count-1, floor(count*progress/duration)); duration from atomic length",RENDERED,Animals/tribe_08_bears/Sheets/cr_ani_body_00__bear01/j48_A004_animal_bear_wait_s235.png,Animals/tribe_08_bears/Sheets/cr_ani_body_00__bear01/j48_A004_animal_bear_wait_s235__shadow_mask.png,Animals/tribe_08_bears/young_job48/metadata.json
Animals,8,bears,48,48,baby_animal,Young Animal,initial,0,atomic,5,animal_bear_baby_idle,,,0,,0,232,48,animal_bear_wait,Data\Engine2D\Bin\Bobs\CR_Ani_Body_00.bmd,Data\Engine2D\Bin\Bobs\CR_Ani_Body_00_s.bmd,,bear01,,8,8,88-88,20,"frame = min(count-1, floor(count*progress/duration)); duration from atomic length",RENDERED,Animals/tribe_08_bears/Sheets/cr_ani_body_00__bear01/j48_A005_animal_bear_wait_s232.png,Animals/tribe_08_bears/Sheets/cr_ani_body_00__bear01/j48_A005_animal_bear_wait_s232__shadow_mask.png,Animals/tribe_08_bears/young_job48/metadata.json
Animals,8,bears,48,48,baby_animal,Young Animal,initial,0,atomic,6,animal_bear_baby_idle,,,0,,0,231,48,animal_bear_wait,Data\Engine2D\Bin\Bobs\CR_Ani_Body_00.bmd,Data\Engine2D\Bin\Bobs\CR_Ani_Body_00_s.bmd,,bear01,,8,8,88-88,20,"frame = min(count-1, floor(count*progress/duration)); duration from atomic length",RENDERED,Animals/tribe_08_bears/Sheets/cr_ani_body_00__bear01/j48_A006_animal_bear_wait_s231.png,Animals/tribe_08_bears/Sheets/cr_ani_body_00__bear01/j48_A006_animal_bear_wait_s231__shadow_mask.png,Animals/tribe_08_bears/young_job48/metadata.json
Animals,8,bears,48,48,baby_animal,Young Animal,initial,0,atomic,7,animal_bear_baby_idle,,,0,,0,236,48,animal_bear_wait,Data\Engine2D\Bin\Bobs\CR_Ani_Body_00.bmd,Data\Engine2D\Bin\Bobs\CR_Ani_Body_00_s.bmd,,bear01,,8,8,88-88,20,"frame = min(count-1, floor(count*progress/duration)); duration from atomic length",RENDERED,Animals/tribe_08_bears/Sheets/cr_ani_body_00__bear01/j48_A007_animal_bear_wait_s236.png,Animals/tribe_08_bears/Sheets/cr_ani_body_00__bear01/j48_A007_animal_bear_wait_s236__shadow_mask.png,Animals/tribe_08_bears/young_job48/metadata.json
Animals,8,bears,48,48,baby_animal,Young Animal,initial,0,atomic,9,animal_bear_eat,,,0,,0,237,48,animal_bear_wait,Data\Engine2D\Bin\Bobs\CR_Ani_Body_00.bmd,Data\Engine2D\Bin\Bobs\CR_Ani_Body_00_s.bmd,,bear01,,8,8,88-88,20,"frame = min(count-1, floor(count*progress/duration)); duration from atomic length",RENDERED,Animals/tribe_08_bears/Sheets/cr_ani_body_00__bear01/j48_A009_animal_bear_wait_s237.png,Animals/tribe_08_bears/Sheets/cr_ani_body_00__bear01/j48_A009_animal_bear_wait_s237__shadow_mask.png,Animals/tribe_08_bears/young_job48/metadata.json
Animals,8,bears,48,48,baby_animal,Young Animal,initial,0,walk,,,0,,,100000,0,1105,48,animal_bear_walk,Data\Engine2D\Bin\Bobs\CR_Ani_Body_00.bmd,Data\Engine2D\Bin\Bobs\CR_Ani_Body_00_s.bmd,,bear01,,8,128,115-242,,frame = frameTick % count (walk; caller frame tick),RENDERED,Animals/tribe_08_bears/Sheets/cr_ani_body_00__bear01/j48_W000_animal_bear_walk_s1105.png,Animals/tribe_08_bears/Sheets/cr_ani_body_00__bear01/j48_W000_animal_bear_walk_s1105__shadow_mask.png,Animals/tribe_08_bears/young_job48/metadata.json
Animals,8,bears,49,49,adult_animal,Animal,initial,0,atomic,2,animal_bear_adult_idle,,,0,,0,228,49,animal_bear_wait,Data\Engine2D\Bin\Bobs\CR_Ani_Body_00.bmd,Data\Engine2D\Bin\Bobs\CR_Ani_Body_00_s.bmd,,bear01,,8,8,88-88,20,"frame = min(count-1, floor(count*progress/duration)); duration from atomic length",RENDERED,Animals/tribe_08_bears/Sheets/cr_ani_body_00__bear01/j49_A002_animal_bear_wait_s228.png,Animals/tribe_08_bears/Sheets/cr_ani_body_00__bear01/j49_A002_animal_bear_wait_s228__shadow_mask.png,Animals/tribe_08_bears/adult_job49/metadata.json
Animals,8,bears,49,49,adult_animal,Animal,initial,0,atomic,3,animal_bear_adult_idle,,,0,,0,227,49,animal_bear_wait,Data\Engine2D\Bin\Bobs\CR_Ani_Body_00.bmd,Data\Engine2D\Bin\Bobs\CR_Ani_Body_00_s.bmd,,bear01,,8,8,88-88,20,"frame = min(count-1, floor(count*progress/duration)); duration from atomic length",RENDERED,Animals/tribe_08_bears/Sheets/cr_ani_body_00__bear01/j49_A003_animal_bear_wait_s227.png,Animals/tribe_08_bears/Sheets/cr_ani_body_00__bear01/j49_A003_animal_bear_wait_s227__shadow_mask.png,Animals/tribe_08_bears/adult_job49/metadata.json
Animals,8,bears,49,49,adult_animal,Animal,initial,0,atomic,4,animal_bear_adult_idle,,,0,,0,226,49,animal_bear_wait,Data\Engine2D\Bin\Bobs\CR_Ani_Body_00.bmd,Data\Engine2D\Bin\Bobs\CR_Ani_Body_00_s.bmd,,bear01,,8,8,88-88,20,"frame = min(count-1, floor(count*progress/duration)); duration from atomic length",RENDERED,Animals/tribe_08_bears/Sheets/cr_ani_body_00__bear01/j49_A004_animal_bear_wait_s226.png,Animals/tribe_08_bears/Sheets/cr_ani_body_00__bear01/j49_A004_animal_bear_wait_s226__shadow_mask.png,Animals/tribe_08_bears/adult_job49/metadata.json
Animals,8,bears,49,49,adult_animal,Animal,initial,0,atomic,5,animal_bear_adult_idle,,,0,,0,225,49,animal_bear_wait,Data\Engine2D\Bin\Bobs\CR_Ani_Body_00.bmd,Data\Engine2D\Bin\Bobs\CR_Ani_Body_00_s.bmd,,bear01,,8,8,88-88,20,"frame = min(count-1, floor(count*progress/duration)); duration from atomic length",RENDERED,Animals/tribe_08_bears/Sheets/cr_ani_body_00__bear01/j49_A005_animal_bear_wait_s225.png,Animals/tribe_08_bears/Sheets/cr_ani_body_00__bear01/j49_A005_animal_bear_wait_s225__shadow_mask.png,Animals/tribe_08_bears/adult_job49/metadata.json
Animals,8,bears,49,49,adult_animal,Animal,initial,0,atomic,6,animal_bear_adult_idle,,,0,,0,224,49,animal_bear_wait,Data\Engine2D\Bin\Bobs\CR_Ani_Body_00.bmd,Data\Engine2D\Bin\Bobs\CR_Ani_Body_00_s.bmd,,bear01,,8,8,88-88,20,"frame = min(count-1, floor(count*progress/duration)); duration from atomic length",RENDERED,Animals/tribe_08_bears/Sheets/cr_ani_body_00__bear01/j49_A006_animal_bear_wait_s224.png,Animals/tribe_08_bears/Sheets/cr_ani_body_00__bear01/j49_A006_animal_bear_wait_s224__shadow_mask.png,Animals/tribe_08_bears/adult_job49/metadata.json
Animals,8,bears,49,49,adult_animal,Animal,initial,0,atomic,7,animal_bear_adult_idle,,,0,,0,229,49,animal_bear_wait,Data\Engine2D\Bin\Bobs\CR_Ani_Body_00.bmd,Data\Engine2D\Bin\Bobs\CR_Ani_Body_00_s.bmd,,bear01,,8,8,88-88,20,"frame = min(count-1, floor(count*progress/duration)); duration from atomic length",RENDERED,Animals/tribe_08_bears/Sheets/cr_ani_body_00__bear01/j49_A007_animal_bear_wait_s229.png,Animals/tribe_08_bears/Sheets/cr_ani_body_00__bear01/j49_A007_animal_bear_wait_s229__shadow_mask.png,Animals/tribe_08_bears/adult_job49/metadata.json
Animals,8,bears,49,49,adult_animal,Animal,initial,0,atomic,9,animal_bear_eat,,,0,,0,230,49,animal_bear_wait,Data\Engine2D\Bin\Bobs\CR_Ani_Body_00.bmd,Data\Engine2D\Bin\Bobs\CR_Ani_Body_00_s.bmd,,bear01,,8,8,88-88,20,"frame = min(count-1, floor(count*progress/duration)); duration from atomic length",RENDERED,Animals/tribe_08_bears/Sheets/cr_ani_body_00__bear01/j49_A009_animal_bear_wait_s230.png,Animals/tribe_08_bears/Sheets/cr_ani_body_00__bear01/j49_A009_animal_bear_wait_s230__shadow_mask.png,Animals/tribe_08_bears/adult_job49/metadata.json
Animals,8,bears,49,49,adult_animal,Animal,initial,0,walk,,,0,,,100000,0,1104,49,animal_bear_walk,Data\Engine2D\Bin\Bobs\CR_Ani_Body_00.bmd,Data\Engine2D\Bin\Bobs\CR_Ani_Body_00_s.bmd,,bear01,,8,128,115-242,,frame = frameTick % count (walk; caller frame tick),RENDERED,Animals/tribe_08_bears/Sheets/cr_ani_body_00__bear01/j49_W000_animal_bear_walk_s1104.png,Animals/tribe_08_bears/Sheets/cr_ani_body_00__bear01/j49_W000_animal_bear_walk_s1104__shadow_mask.png,Animals/tribe_08_bears/adult_job49/metadata.json
Animals,9,boars,48,48,baby_animal,Young Animal,initial,0,atomic,2,animal_boar_baby_idle,,,0,,0,253,48,animal_wild_boar_wait,Data\Engine2D\Bin\Bobs\CR_Ani_Body_00.bmd,Data\Engine2D\Bin\Bobs\CR_Ani_Body_00_s.bmd,,deer01,,8,408,2612-2646,100,"frame = min(count-1, floor(count*progress/duration)); duration from atomic length",RENDERED,Animals/tribe_09_boars/Sheets/cr_ani_body_00__deer01/j48_A002_animal_wild_boar_wait_s253.png,Animals/tribe_09_boars/Sheets/cr_ani_body_00__deer01/j48_A002_animal_wild_boar_wait_s253__shadow_mask.png,Animals/tribe_09_boars/young_job48/metadata.json
Animals,9,boars,48,48,baby_animal,Young Animal,initial,0,atomic,3,animal_boar_baby_idle,,,0,,0,254,48,animal_wild_boar_wait,Data\Engine2D\Bin\Bobs\CR_Ani_Body_00.bmd,Data\Engine2D\Bin\Bobs\CR_Ani_Body_00_s.bmd,,deer01,,8,408,2612-2646,100,"frame = min(count-1, floor(count*progress/duration)); duration from atomic length",RENDERED,Animals/tribe_09_boars/Sheets/cr_ani_body_00__deer01/j48_A003_animal_wild_boar_wait_s254.png,Animals/tribe_09_boars/Sheets/cr_ani_body_00__deer01/j48_A003_animal_wild_boar_wait_s254__shadow_mask.png,Animals/tribe_09_boars/young_job48/metadata.json
Animals,9,boars,48,48,baby_animal,Young Animal,initial,0,atomic,4,animal_boar_baby_idle,,,0,,0,255,48,animal_wild_boar_wait,Data\Engine2D\Bin\Bobs\CR_Ani_Body_00.bmd,Data\Engine2D\Bin\Bobs\CR_Ani_Body_00_s.bmd,,deer01,,8,408,2612-2646,100,"frame = min(count-1, floor(count*progress/duration)); duration from atomic length",RENDERED,Animals/tribe_09_boars/Sheets/cr_ani_body_00__deer01/j48_A004_animal_wild_boar_wait_s255.png,Animals/tribe_09_boars/Sheets/cr_ani_body_00__deer01/j48_A004_animal_wild_boar_wait_s255__shadow_mask.png,Animals/tribe_09_boars/young_job48/metadata.json
Animals,9,boars,48,48,baby_animal,Young Animal,initial,0,atomic,5,animal_boar_baby_idle,,,0,,0,256,48,animal_wild_boar_wait,Data\Engine2D\Bin\Bobs\CR_Ani_Body_00.bmd,Data\Engine2D\Bin\Bobs\CR_Ani_Body_00_s.bmd,,deer01,,8,408,2612-2646,100,"frame = min(count-1, floor(count*progress/duration)); duration from atomic length",RENDERED,Animals/tribe_09_boars/Sheets/cr_ani_body_00__deer01/j48_A005_animal_wild_boar_wait_s256.png,Animals/tribe_09_boars/Sheets/cr_ani_body_00__deer01/j48_A005_animal_wild_boar_wait_s256__shadow_mask.png,Animals/tribe_09_boars/young_job48/metadata.json
Animals,9,boars,48,48,baby_animal,Young Animal,initial,0,atomic,6,animal_boar_baby_idle,,,0,,0,257,48,animal_wild_boar_wait,Data\Engine2D\Bin\Bobs\CR_Ani_Body_00.bmd,Data\Engine2D\Bin\Bobs\CR_Ani_Body_00_s.bmd,,deer01,,8,408,2612-2646,100,"frame = min(count-1, floor(count*progress/duration)); duration from atomic length",RENDERED,Animals/tribe_09_boars/Sheets/cr_ani_body_00__deer01/j48_A006_animal_wild_boar_wait_s257.png,Animals/tribe_09_boars/Sheets/cr_ani_body_00__deer01/j48_A006_animal_wild_boar_wait_s257__shadow_mask.png,Animals/tribe_09_boars/young_job48/metadata.json
Animals,9,boars,48,48,baby_animal,Young Animal,initial,0,atomic,7,animal_boar_baby_idle,,,0,,0,258,48,animal_wild_boar_wait,Data\Engine2D\Bin\Bobs\CR_Ani_Body_00.bmd,Data\Engine2D\Bin\Bobs\CR_Ani_Body_00_s.bmd,,deer01,,8,408,2612-2646,100,"frame = min(count-1, floor(count*progress/duration)); duration from atomic length",RENDERED,Animals/tribe_09_boars/Sheets/cr_ani_body_00__deer01/j48_A007_animal_wild_boar_wait_s258.png,Animals/tribe_09_boars/Sheets/cr_ani_body_00__deer01/j48_A007_animal_wild_boar_wait_s258__shadow_mask.png,Animals/tribe_09_boars/young_job48/metadata.json
Animals,9,boars,48,48,baby_animal,Young Animal,initial,0,atomic,9,animal_bear_eat,,,0,,0,259,48,animal_wild_boar_wait,Data\Engine2D\Bin\Bobs\CR_Ani_Body_00.bmd,Data\Engine2D\Bin\Bobs\CR_Ani_Body_00_s.bmd,,deer01,,8,408,2612-2646,20,"frame = min(count-1, floor(count*progress/duration)); duration from atomic length",RENDERED,Animals/tribe_09_boars/Sheets/cr_ani_body_00__deer01/j48_A009_animal_wild_boar_wait_s259.png,Animals/tribe_09_boars/Sheets/cr_ani_body_00__deer01/j48_A009_animal_wild_boar_wait_s259__shadow_mask.png,Animals/tribe_09_boars/young_job48/metadata.json
Animals,9,boars,48,48,baby_animal,Young Animal,initial,0,walk,,,0,,,100000,0,1115,48,animal_wild_boar_walk,Data\Engine2D\Bin\Bobs\CR_Ani_Body_00.bmd,Data\Engine2D\Bin\Bobs\CR_Ani_Body_00_s.bmd,,deer01,,8,96,2651-2746,,frame = frameTick % count (walk; caller frame tick),RENDERED,Animals/tribe_09_boars/Sheets/cr_ani_body_00__deer01/j48_W000_animal_wild_boar_walk_s1115.png,Animals/tribe_09_boars/Sheets/cr_ani_body_00__deer01/j48_W000_animal_wild_boar_walk_s1115__shadow_mask.png,Animals/tribe_09_boars/young_job48/metadata.json
Animals,9,boars,49,49,adult_animal,Animal,initial,0,atomic,2,animal_boar_adult_idle,,,0,,0,247,49,animal_wild_boar_wait,Data\Engine2D\Bin\Bobs\CR_Ani_Body_00.bmd,Data\Engine2D\Bin\Bobs\CR_Ani_Body_00_s.bmd,,deer01,,8,408,2612-2646,100,"frame = min(count-1, floor(count*progress/duration)); duration from atomic length",RENDERED,Animals/tribe_09_boars/Sheets/cr_ani_body_00__deer01/j49_A002_animal_wild_boar_wait_s247.png,Animals/tribe_09_boars/Sheets/cr_ani_body_00__deer01/j49_A002_animal_wild_boar_wait_s247__shadow_mask.png,Animals/tribe_09_boars/adult_job49/metadata.json
Animals,9,boars,49,49,adult_animal,Animal,initial,0,atomic,3,animal_boar_adult_idle,,,0,,0,246,49,animal_wild_boar_wait,Data\Engine2D\Bin\Bobs\CR_Ani_Body_00.bmd,Data\Engine2D\Bin\Bobs\CR_Ani_Body_00_s.bmd,,deer01,,8,408,2612-2646,100,"frame = min(count-1, floor(count*progress/duration)); duration from atomic length",RENDERED,Animals/tribe_09_boars/Sheets/cr_ani_body_00__deer01/j49_A003_animal_wild_boar_wait_s246.png,Animals/tribe_09_boars/Sheets/cr_ani_body_00__deer01/j49_A003_animal_wild_boar_wait_s246__shadow_mask.png,Animals/tribe_09_boars/adult_job49/metadata.json
Animals,9,boars,49,49,adult_animal,Animal,initial,0,atomic,4,animal_boar_adult_idle,,,0,,0,248,49,animal_wild_boar_wait,Data\Engine2D\Bin\Bobs\CR_Ani_Body_00.bmd,Data\Engine2D\Bin\Bobs\CR_Ani_Body_00_s.bmd,,deer01,,8,408,2612-2646,100,"frame = min(count-1, floor(count*progress/duration)); duration from atomic length",RENDERED,Animals/tribe_09_boars/Sheets/cr_ani_body_00__deer01/j49_A004_animal_wild_boar_wait_s248.png,Animals/tribe_09_boars/Sheets/cr_ani_body_00__deer01/j49_A004_animal_wild_boar_wait_s248__shadow_mask.png,Animals/tribe_09_boars/adult_job49/metadata.json
Animals,9,boars,49,49,adult_animal,Animal,initial,0,atomic,5,animal_boar_adult_idle,,,0,,0,249,49,animal_wild_boar_wait,Data\Engine2D\Bin\Bobs\CR_Ani_Body_00.bmd,Data\Engine2D\Bin\Bobs\CR_Ani_Body_00_s.bmd,,deer01,,8,408,2612-2646,100,"frame = min(count-1, floor(count*progress/duration)); duration from atomic length",RENDERED,Animals/tribe_09_boars/Sheets/cr_ani_body_00__deer01/j49_A005_animal_wild_boar_wait_s249.png,Animals/tribe_09_boars/Sheets/cr_ani_body_00__deer01/j49_A005_animal_wild_boar_wait_s249__shadow_mask.png,Animals/tribe_09_boars/adult_job49/metadata.json
Animals,9,boars,49,49,adult_animal,Animal,initial,0,atomic,6,animal_boar_adult_idle,,,0,,0,250,49,animal_wild_boar_wait,Data\Engine2D\Bin\Bobs\CR_Ani_Body_00.bmd,Data\Engine2D\Bin\Bobs\CR_Ani_Body_00_s.bmd,,deer01,,8,408,2612-2646,100,"frame = min(count-1, floor(count*progress/duration)); duration from atomic length",RENDERED,Animals/tribe_09_boars/Sheets/cr_ani_body_00__deer01/j49_A006_animal_wild_boar_wait_s250.png,Animals/tribe_09_boars/Sheets/cr_ani_body_00__deer01/j49_A006_animal_wild_boar_wait_s250__shadow_mask.png,Animals/tribe_09_boars/adult_job49/metadata.json
Animals,9,boars,49,49,adult_animal,Animal,initial,0,atomic,7,animal_boar_adult_idle,,,0,,0,251,49,animal_wild_boar_wait,Data\Engine2D\Bin\Bobs\CR_Ani_Body_00.bmd,Data\Engine2D\Bin\Bobs\CR_Ani_Body_00_s.bmd,,deer01,,8,408,2612-2646,100,"frame = min(count-1, floor(count*progress/duration)); duration from atomic length",RENDERED,Animals/tribe_09_boars/Sheets/cr_ani_body_00__deer01/j49_A007_animal_wild_boar_wait_s251.png,Animals/tribe_09_boars/Sheets/cr_ani_body_00__deer01/j49_A007_animal_wild_boar_wait_s251__shadow_mask.png,Animals/tribe_09_boars/adult_job49/metadata.json
Animals,9,boars,49,49,adult_animal,Animal,initial,0,atomic,9,animal_bear_eat,,,0,,0,252,49,animal_wild_boar_wait,Data\Engine2D\Bin\Bobs\CR_Ani_Body_00.bmd,Data\Engine2D\Bin\Bobs\CR_Ani_Body_00_s.bmd,,deer01,,8,408,2612-2646,20,"frame = min(count-1, floor(count*progress/duration)); duration from atomic length",RENDERED,Animals/tribe_09_boars/Sheets/cr_ani_body_00__deer01/j49_A009_animal_wild_boar_wait_s252.png,Animals/tribe_09_boars/Sheets/cr_ani_body_00__deer01/j49_A009_animal_wild_boar_wait_s252__shadow_mask.png,Animals/tribe_09_boars/adult_job49/metadata.json
Animals,9,boars,49,49,adult_animal,Animal,initial,0,walk,,,0,,,100000,0,1114,49,animal_wild_boar_walk,Data\Engine2D\Bin\Bobs\CR_Ani_Body_00.bmd,Data\Engine2D\Bin\Bobs\CR_Ani_Body_00_s.bmd,,deer01,,8,96,2651-2746,,frame = frameTick % count (walk; caller frame tick),RENDERED,Animals/tribe_09_boars/Sheets/cr_ani_body_00__deer01/j49_W000_animal_wild_boar_walk_s1114.png,Animals/tribe_09_boars/Sheets/cr_ani_body_00__deer01/j49_W000_animal_wild_boar_walk_s1114__shadow_mask.png,Animals/tribe_09_boars/adult_job49/metadata.json
Animals,10,cattle,48,48,baby_animal,Young Animal,initial,0,atomic,2,animal_cattle_baby_idle,,,0,,0,273,48,animal_bull_wait,Data\Engine2D\Bin\Bobs\CR_Ani_Body_00.bmd,Data\Engine2D\Bin\Bobs\CR_Ani_Body_00_s.bmd,,cattle01,,8,800,243-263,100,"frame = min(count-1, floor(count*progress/duration)); duration from atomic length",RENDERED,Animals/tribe_10_cattle/Sheets/cr_ani_body_00__cattle01/j48_A002_animal_bull_wait_s273.png,Animals/tribe_10_cattle/Sheets/cr_ani_body_00__cattle01/j48_A002_animal_bull_wait_s273__shadow_mask.png,Animals/tribe_10_cattle/young_job48/metadata.json
Animals,10,cattle,48,48,baby_animal,Young Animal,initial,0,atomic,3,animal_cattle_baby_idle,,,0,,0,272,48,animal_bull_wait,Data\Engine2D\Bin\Bobs\CR_Ani_Body_00.bmd,Data\Engine2D\Bin\Bobs\CR_Ani_Body_00_s.bmd,,cattle01,,8,800,243-263,100,"frame = min(count-1, floor(count*progress/duration)); duration from atomic length",RENDERED,Animals/tribe_10_cattle/Sheets/cr_ani_body_00__cattle01/j48_A003_animal_bull_wait_s272.png,Animals/tribe_10_cattle/Sheets/cr_ani_body_00__cattle01/j48_A003_animal_bull_wait_s272__shadow_mask.png,Animals/tribe_10_cattle/young_job48/metadata.json
Animals,10,cattle,48,48,baby_animal,Young Animal,initial,0,atomic,4,animal_cattle_baby_idle,,,0,,0,271,48,animal_bull_wait,Data\Engine2D\Bin\Bobs\CR_Ani_Body_00.bmd,Data\Engine2D\Bin\Bobs\CR_Ani_Body_00_s.bmd,,cattle01,,8,800,243-263,100,"frame = min(count-1, floor(count*progress/duration)); duration from atomic length",RENDERED,Animals/tribe_10_cattle/Sheets/cr_ani_body_00__cattle01/j48_A004_animal_bull_wait_s271.png,Animals/tribe_10_cattle/Sheets/cr_ani_body_00__cattle01/j48_A004_animal_bull_wait_s271__shadow_mask.png,Animals/tribe_10_cattle/young_job48/metadata.json
Animals,10,cattle,48,48,baby_animal,Young Animal,initial,0,atomic,5,animal_cattle_baby_idle,,,0,,0,270,48,animal_bull_wait,Data\Engine2D\Bin\Bobs\CR_Ani_Body_00.bmd,Data\Engine2D\Bin\Bobs\CR_Ani_Body_00_s.bmd,,cattle01,,8,800,243-263,100,"frame = min(count-1, floor(count*progress/duration)); duration from atomic length",RENDERED,Animals/tribe_10_cattle/Sheets/cr_ani_body_00__cattle01/j48_A005_animal_bull_wait_s270.png,Animals/tribe_10_cattle/Sheets/cr_ani_body_00__cattle01/j48_A005_animal_bull_wait_s270__shadow_mask.png,Animals/tribe_10_cattle/young_job48/metadata.json
Animals,10,cattle,48,48,baby_animal,Young Animal,initial,0,atomic,6,animal_cattle_baby_idle,,,0,,0,268,48,animal_bull_wait,Data\Engine2D\Bin\Bobs\CR_Ani_Body_00.bmd,Data\Engine2D\Bin\Bobs\CR_Ani_Body_00_s.bmd,,cattle01,,8,800,243-263,100,"frame = min(count-1, floor(count*progress/duration)); duration from atomic length",RENDERED,Animals/tribe_10_cattle/Sheets/cr_ani_body_00__cattle01/j48_A006_animal_bull_wait_s268.png,Animals/tribe_10_cattle/Sheets/cr_ani_body_00__cattle01/j48_A006_animal_bull_wait_s268__shadow_mask.png,Animals/tribe_10_cattle/young_job48/metadata.json
Animals,10,cattle,48,48,baby_animal,Young Animal,initial,0,atomic,7,animal_cattle_baby_idle,,,0,,0,269,48,animal_bull_wait,Data\Engine2D\Bin\Bobs\CR_Ani_Body_00.bmd,Data\Engine2D\Bin\Bobs\CR_Ani_Body_00_s.bmd,,cattle01,,8,800,243-263,100,"frame = min(count-1, floor(count*progress/duration)); duration from atomic length",RENDERED,Animals/tribe_10_cattle/Sheets/cr_ani_body_00__cattle01/j48_A007_animal_bull_wait_s269.png,Animals/tribe_10_cattle/Sheets/cr_ani_body_00__cattle01/j48_A007_animal_bull_wait_s269__shadow_mask.png,Animals/tribe_10_cattle/young_job48/metadata.json
Animals,10,cattle,48,48,baby_animal,Young Animal,initial,0,atomic,9,animal_bear_eat,,,0,,0,274,48,animal_bull_wait,Data\Engine2D\Bin\Bobs\CR_Ani_Body_00.bmd,Data\Engine2D\Bin\Bobs\CR_Ani_Body_00_s.bmd,,cattle01,,8,800,243-263,20,"frame = min(count-1, floor(count*progress/duration)); duration from atomic length",RENDERED,Animals/tribe_10_cattle/Sheets/cr_ani_body_00__cattle01/j48_A009_animal_bull_wait_s274.png,Animals/tribe_10_cattle/Sheets/cr_ani_body_00__cattle01/j48_A009_animal_bull_wait_s274__shadow_mask.png,Animals/tribe_10_cattle/young_job48/metadata.json
Animals,10,cattle,48,48,baby_animal,Young Animal,initial,0,walk,,,0,,,100000,0,1119,48,animal_bull_walk,Data\Engine2D\Bin\Bobs\CR_Ani_Body_00.bmd,Data\Engine2D\Bin\Bobs\CR_Ani_Body_00_s.bmd,,cattle01,,8,96,285-380,,frame = frameTick % count (walk; caller frame tick),RENDERED,Animals/tribe_10_cattle/Sheets/cr_ani_body_00__cattle01/j48_W000_animal_bull_walk_s1119.png,Animals/tribe_10_cattle/Sheets/cr_ani_body_00__cattle01/j48_W000_animal_bull_walk_s1119__shadow_mask.png,Animals/tribe_10_cattle/young_job48/metadata.json
Animals,10,cattle,49,49,adult_animal,Animal,initial,0,atomic,2,animal_cattle_adult_idle,,,0,,0,275,49,animal_bull_wait,Data\Engine2D\Bin\Bobs\CR_Ani_Body_00.bmd,Data\Engine2D\Bin\Bobs\CR_Ani_Body_00_s.bmd,,cattle01,,8,800,243-263,100,"frame = min(count-1, floor(count*progress/duration)); duration from atomic length",RENDERED,Animals/tribe_10_cattle/Sheets/cr_ani_body_00__cattle01/j49_A002_animal_bull_wait_s275.png,Animals/tribe_10_cattle/Sheets/cr_ani_body_00__cattle01/j49_A002_animal_bull_wait_s275__shadow_mask.png,Animals/tribe_10_cattle/adult_job49/metadata.json
Animals,10,cattle,49,49,adult_animal,Animal,initial,0,atomic,3,animal_cattle_adult_idle,,,0,,0,276,49,animal_bull_wait,Data\Engine2D\Bin\Bobs\CR_Ani_Body_00.bmd,Data\Engine2D\Bin\Bobs\CR_Ani_Body_00_s.bmd,,cattle01,,8,800,243-263,100,"frame = min(count-1, floor(count*progress/duration)); duration from atomic length",RENDERED,Animals/tribe_10_cattle/Sheets/cr_ani_body_00__cattle01/j49_A003_animal_bull_wait_s276.png,Animals/tribe_10_cattle/Sheets/cr_ani_body_00__cattle01/j49_A003_animal_bull_wait_s276__shadow_mask.png,Animals/tribe_10_cattle/adult_job49/metadata.json
Animals,10,cattle,49,49,adult_animal,Animal,initial,0,atomic,4,animal_cattle_adult_idle,,,0,,0,277,49,animal_bull_wait,Data\Engine2D\Bin\Bobs\CR_Ani_Body_00.bmd,Data\Engine2D\Bin\Bobs\CR_Ani_Body_00_s.bmd,,cattle01,,8,800,243-263,100,"frame = min(count-1, floor(count*progress/duration)); duration from atomic length",RENDERED,Animals/tribe_10_cattle/Sheets/cr_ani_body_00__cattle01/j49_A004_animal_bull_wait_s277.png,Animals/tribe_10_cattle/Sheets/cr_ani_body_00__cattle01/j49_A004_animal_bull_wait_s277__shadow_mask.png,Animals/tribe_10_cattle/adult_job49/metadata.json
Animals,10,cattle,49,49,adult_animal,Animal,initial,0,atomic,5,animal_cattle_adult_idle,,,0,,0,278,49,animal_bull_wait,Data\Engine2D\Bin\Bobs\CR_Ani_Body_00.bmd,Data\Engine2D\Bin\Bobs\CR_Ani_Body_00_s.bmd,,cattle01,,8,800,243-263,100,"frame = min(count-1, floor(count*progress/duration)); duration from atomic length",RENDERED,Animals/tribe_10_cattle/Sheets/cr_ani_body_00__cattle01/j49_A005_animal_bull_wait_s278.png,Animals/tribe_10_cattle/Sheets/cr_ani_body_00__cattle01/j49_A005_animal_bull_wait_s278__shadow_mask.png,Animals/tribe_10_cattle/adult_job49/metadata.json
Animals,10,cattle,49,49,adult_animal,Animal,initial,0,atomic,6,animal_cattle_adult_idle,,,0,,0,279,49,animal_bull_wait,Data\Engine2D\Bin\Bobs\CR_Ani_Body_00.bmd,Data\Engine2D\Bin\Bobs\CR_Ani_Body_00_s.bmd,,cattle01,,8,800,243-263,100,"frame = min(count-1, floor(count*progress/duration)); duration from atomic length",RENDERED,Animals/tribe_10_cattle/Sheets/cr_ani_body_00__cattle01/j49_A006_animal_bull_wait_s279.png,Animals/tribe_10_cattle/Sheets/cr_ani_body_00__cattle01/j49_A006_animal_bull_wait_s279__shadow_mask.png,Animals/tribe_10_cattle/adult_job49/metadata.json
Animals,10,cattle,49,49,adult_animal,Animal,initial,0,atomic,7,animal_cattle_adult_idle,,,0,,0,280,49,animal_bull_wait,Data\Engine2D\Bin\Bobs\CR_Ani_Body_00.bmd,Data\Engine2D\Bin\Bobs\CR_Ani_Body_00_s.bmd,,cattle01,,8,800,243-263,100,"frame = min(count-1, floor(count*progress/duration)); duration from atomic length",RENDERED,Animals/tribe_10_cattle/Sheets/cr_ani_body_00__cattle01/j49_A007_animal_bull_wait_s280.png,Animals/tribe_10_cattle/Sheets/cr_ani_body_00__cattle01/j49_A007_animal_bull_wait_s280__shadow_mask.png,Animals/tribe_10_cattle/adult_job49/metadata.json
Animals,10,cattle,49,49,adult_animal,Animal,initial,0,atomic,9,animal_bear_eat,,,0,,0,281,49,animal_bull_wait,Data\Engine2D\Bin\Bobs\CR_Ani_Body_00.bmd,Data\Engine2D\Bin\Bobs\CR_Ani_Body_00_s.bmd,,cattle01,,8,800,243-263,20,"frame = min(count-1, floor(count*progress/duration)); duration from atomic length",RENDERED,Animals/tribe_10_cattle/Sheets/cr_ani_body_00__cattle01/j49_A009_animal_bull_wait_s281.png,Animals/tribe_10_cattle/Sheets/cr_ani_body_00__cattle01/j49_A009_animal_bull_wait_s281__shadow_mask.png,Animals/tribe_10_cattle/adult_job49/metadata.json
Animals,10,cattle,49,49,adult_animal,Animal,initial,0,walk,,,0,,,100000,0,1118,49,animal_bull_walk,Data\Engine2D\Bin\Bobs\CR_Ani_Body_00.bmd,Data\Engine2D\Bin\Bobs\CR_Ani_Body_00_s.bmd,,cattle01,,8,96,285-380,,frame = frameTick % count (walk; caller frame tick),RENDERED,Animals/tribe_10_cattle/Sheets/cr_ani_body_00__cattle01/j49_W000_animal_bull_walk_s1118.png,Animals/tribe_10_cattle/Sheets/cr_ani_body_00__cattle01/j49_W000_animal_bull_walk_s1118__shadow_mask.png,Animals/tribe_10_cattle/adult_job49/metadata.json
Animals,11,stags,48,48,baby_animal,Young Animal,initial,0,atomic,2,animal_deer_male_baby_idle,,,0,,0,313,48,animal_deer_male_wait,Data\Engine2D\Bin\Bobs\CR_Ani_Body_00.bmd,Data\Engine2D\Bin\Bobs\CR_Ani_Body_00_s.bmd,,deer01,,8,376,963-998,100,"frame = min(count-1, floor(count*progress/duration)); duration from atomic length",RENDERED,Animals/tribe_11_stags/Sheets/cr_ani_body_00__deer01/j48_A002_animal_deer_male_wait_s313.png,Animals/tribe_11_stags/Sheets/cr_ani_body_00__deer01/j48_A002_animal_deer_male_wait_s313__shadow_mask.png,Animals/tribe_11_stags/young_job48/metadata.json
Animals,11,stags,48,48,baby_animal,Young Animal,initial,0,atomic,3,animal_deer_male_baby_idle,,,0,,0,308,48,animal_deer_male_wait,Data\Engine2D\Bin\Bobs\CR_Ani_Body_00.bmd,Data\Engine2D\Bin\Bobs\CR_Ani_Body_00_s.bmd,,deer01,,8,376,963-998,100,"frame = min(count-1, floor(count*progress/duration)); duration from atomic length",RENDERED,Animals/tribe_11_stags/Sheets/cr_ani_body_00__deer01/j48_A003_animal_deer_male_wait_s308.png,Animals/tribe_11_stags/Sheets/cr_ani_body_00__deer01/j48_A003_animal_deer_male_wait_s308__shadow_mask.png,Animals/tribe_11_stags/young_job48/metadata.json
Animals,11,stags,48,48,baby_animal,Young Animal,initial,0,atomic,4,animal_deer_male_baby_idle,,,0,,0,309,48,animal_deer_male_wait,Data\Engine2D\Bin\Bobs\CR_Ani_Body_00.bmd,Data\Engine2D\Bin\Bobs\CR_Ani_Body_00_s.bmd,,deer01,,8,376,963-998,100,"frame = min(count-1, floor(count*progress/duration)); duration from atomic length",RENDERED,Animals/tribe_11_stags/Sheets/cr_ani_body_00__deer01/j48_A004_animal_deer_male_wait_s309.png,Animals/tribe_11_stags/Sheets/cr_ani_body_00__deer01/j48_A004_animal_deer_male_wait_s309__shadow_mask.png,Animals/tribe_11_stags/young_job48/metadata.json
Animals,11,stags,48,48,baby_animal,Young Animal,initial,0,atomic,5,animal_deer_male_baby_idle,,,0,,0,310,48,animal_deer_male_wait,Data\Engine2D\Bin\Bobs\CR_Ani_Body_00.bmd,Data\Engine2D\Bin\Bobs\CR_Ani_Body_00_s.bmd,,deer01,,8,376,963-998,100,"frame = min(count-1, floor(count*progress/duration)); duration from atomic length",RENDERED,Animals/tribe_11_stags/Sheets/cr_ani_body_00__deer01/j48_A005_animal_deer_male_wait_s310.png,Animals/tribe_11_stags/Sheets/cr_ani_body_00__deer01/j48_A005_animal_deer_male_wait_s310__shadow_mask.png,Animals/tribe_11_stags/young_job48/metadata.json
Animals,11,stags,48,48,baby_animal,Young Animal,initial,0,atomic,6,animal_deer_male_baby_idle,,,0,,0,311,48,animal_deer_male_wait,Data\Engine2D\Bin\Bobs\CR_Ani_Body_00.bmd,Data\Engine2D\Bin\Bobs\CR_Ani_Body_00_s.bmd,,deer01,,8,376,963-998,100,"frame = min(count-1, floor(count*progress/duration)); duration from atomic length",RENDERED,Animals/tribe_11_stags/Sheets/cr_ani_body_00__deer01/j48_A006_animal_deer_male_wait_s311.png,Animals/tribe_11_stags/Sheets/cr_ani_body_00__deer01/j48_A006_animal_deer_male_wait_s311__shadow_mask.png,Animals/tribe_11_stags/young_job48/metadata.json
Animals,11,stags,48,48,baby_animal,Young Animal,initial,0,atomic,7,animal_deer_male_baby_idle,,,0,,0,312,48,animal_deer_male_wait,Data\Engine2D\Bin\Bobs\CR_Ani_Body_00.bmd,Data\Engine2D\Bin\Bobs\CR_Ani_Body_00_s.bmd,,deer01,,8,376,963-998,100,"frame = min(count-1, floor(count*progress/duration)); duration from atomic length",RENDERED,Animals/tribe_11_stags/Sheets/cr_ani_body_00__deer01/j48_A007_animal_deer_male_wait_s312.png,Animals/tribe_11_stags/Sheets/cr_ani_body_00__deer01/j48_A007_animal_deer_male_wait_s312__shadow_mask.png,Animals/tribe_11_stags/young_job48/metadata.json
Animals,11,stags,48,48,baby_animal,Young Animal,initial,0,atomic,9,animal_bear_eat,,,0,,0,314,48,animal_deer_male_wait,Data\Engine2D\Bin\Bobs\CR_Ani_Body_00.bmd,Data\Engine2D\Bin\Bobs\CR_Ani_Body_00_s.bmd,,deer01,,8,376,963-998,20,"frame = min(count-1, floor(count*progress/duration)); duration from atomic length",RENDERED,Animals/tribe_11_stags/Sheets/cr_ani_body_00__deer01/j48_A009_animal_deer_male_wait_s314.png,Animals/tribe_11_stags/Sheets/cr_ani_body_00__deer01/j48_A009_animal_deer_male_wait_s314__shadow_mask.png,Animals/tribe_11_stags/young_job48/metadata.json
Animals,11,stags,48,48,baby_animal,Young Animal,initial,0,walk,,,0,,,100000,0,1126,48,animal_deer_male_walk,Data\Engine2D\Bin\Bobs\CR_Ani_Body_00.bmd,Data\Engine2D\Bin\Bobs\CR_Ani_Body_00_s.bmd,,deer01,,8,96,1035-1130,,frame = frameTick % count (walk; caller frame tick),RENDERED,Animals/tribe_11_stags/Sheets/cr_ani_body_00__deer01/j48_W000_animal_deer_male_walk_s1126.png,Animals/tribe_11_stags/Sheets/cr_ani_body_00__deer01/j48_W000_animal_deer_male_walk_s1126__shadow_mask.png,Animals/tribe_11_stags/young_job48/metadata.json
Animals,11,stags,49,49,adult_animal,Animal,initial,0,atomic,2,animal_deer_male_adult_idle,,,0,,0,320,49,animal_deer_male_wait,Data\Engine2D\Bin\Bobs\CR_Ani_Body_00.bmd,Data\Engine2D\Bin\Bobs\CR_Ani_Body_00_s.bmd,,deer01,,8,376,963-998,100,"frame = min(count-1, floor(count*progress/duration)); duration from atomic length",RENDERED,Animals/tribe_11_stags/Sheets/cr_ani_body_00__deer01/j49_A002_animal_deer_male_wait_s320.png,Animals/tribe_11_stags/Sheets/cr_ani_body_00__deer01/j49_A002_animal_deer_male_wait_s320__shadow_mask.png,Animals/tribe_11_stags/adult_job49/metadata.json
Animals,11,stags,49,49,adult_animal,Animal,initial,0,atomic,3,animal_deer_male_adult_idle,,,0,,0,315,49,animal_deer_male_wait,Data\Engine2D\Bin\Bobs\CR_Ani_Body_00.bmd,Data\Engine2D\Bin\Bobs\CR_Ani_Body_00_s.bmd,,deer01,,8,376,963-998,100,"frame = min(count-1, floor(count*progress/duration)); duration from atomic length",RENDERED,Animals/tribe_11_stags/Sheets/cr_ani_body_00__deer01/j49_A003_animal_deer_male_wait_s315.png,Animals/tribe_11_stags/Sheets/cr_ani_body_00__deer01/j49_A003_animal_deer_male_wait_s315__shadow_mask.png,Animals/tribe_11_stags/adult_job49/metadata.json
Animals,11,stags,49,49,adult_animal,Animal,initial,0,atomic,4,animal_deer_male_adult_idle,,,0,,0,316,49,animal_deer_male_wait,Data\Engine2D\Bin\Bobs\CR_Ani_Body_00.bmd,Data\Engine2D\Bin\Bobs\CR_Ani_Body_00_s.bmd,,deer01,,8,376,963-998,100,"frame = min(count-1, floor(count*progress/duration)); duration from atomic length",RENDERED,Animals/tribe_11_stags/Sheets/cr_ani_body_00__deer01/j49_A004_animal_deer_male_wait_s316.png,Animals/tribe_11_stags/Sheets/cr_ani_body_00__deer01/j49_A004_animal_deer_male_wait_s316__shadow_mask.png,Animals/tribe_11_stags/adult_job49/metadata.json
Animals,11,stags,49,49,adult_animal,Animal,initial,0,atomic,5,animal_deer_male_adult_idle,,,0,,0,317,49,animal_deer_male_wait,Data\Engine2D\Bin\Bobs\CR_Ani_Body_00.bmd,Data\Engine2D\Bin\Bobs\CR_Ani_Body_00_s.bmd,,deer01,,8,376,963-998,100,"frame = min(count-1, floor(count*progress/duration)); duration from atomic length",RENDERED,Animals/tribe_11_stags/Sheets/cr_ani_body_00__deer01/j49_A005_animal_deer_male_wait_s317.png,Animals/tribe_11_stags/Sheets/cr_ani_body_00__deer01/j49_A005_animal_deer_male_wait_s317__shadow_mask.png,Animals/tribe_11_stags/adult_job49/metadata.json
Animals,11,stags,49,49,adult_animal,Animal,initial,0,atomic,6,animal_deer_male_adult_idle,,,0,,0,318,49,animal_deer_male_wait,Data\Engine2D\Bin\Bobs\CR_Ani_Body_00.bmd,Data\Engine2D\Bin\Bobs\CR_Ani_Body_00_s.bmd,,deer01,,8,376,963-998,100,"frame = min(count-1, floor(count*progress/duration)); duration from atomic length",RENDERED,Animals/tribe_11_stags/Sheets/cr_ani_body_00__deer01/j49_A006_animal_deer_male_wait_s318.png,Animals/tribe_11_stags/Sheets/cr_ani_body_00__deer01/j49_A006_animal_deer_male_wait_s318__shadow_mask.png,Animals/tribe_11_stags/adult_job49/metadata.json
Animals,11,stags,49,49,adult_animal,Animal,initial,0,atomic,7,animal_deer_male_adult_idle,,,0,,0,319,49,animal_deer_male_wait,Data\Engine2D\Bin\Bobs\CR_Ani_Body_00.bmd,Data\Engine2D\Bin\Bobs\CR_Ani_Body_00_s.bmd,,deer01,,8,376,963-998,100,"frame = min(count-1, floor(count*progress/duration)); duration from atomic length",RENDERED,Animals/tribe_11_stags/Sheets/cr_ani_body_00__deer01/j49_A007_animal_deer_male_wait_s319.png,Animals/tribe_11_stags/Sheets/cr_ani_body_00__deer01/j49_A007_animal_deer_male_wait_s319__shadow_mask.png,Animals/tribe_11_stags/adult_job49/metadata.json
Animals,11,stags,49,49,adult_animal,Animal,initial,0,atomic,9,animal_bear_eat,,,0,,0,321,49,animal_deer_male_wait,Data\Engine2D\Bin\Bobs\CR_Ani_Body_00.bmd,Data\Engine2D\Bin\Bobs\CR_Ani_Body_00_s.bmd,,deer01,,8,376,963-998,20,"frame = min(count-1, floor(count*progress/duration)); duration from atomic length",RENDERED,Animals/tribe_11_stags/Sheets/cr_ani_body_00__deer01/j49_A009_animal_deer_male_wait_s321.png,Animals/tribe_11_stags/Sheets/cr_ani_body_00__deer01/j49_A009_animal_deer_male_wait_s321__shadow_mask.png,Animals/tribe_11_stags/adult_job49/metadata.json
Animals,11,stags,49,49,adult_animal,Animal,initial,0,walk,,,0,,,100000,0,1127,49,animal_deer_male_walk,Data\Engine2D\Bin\Bobs\CR_Ani_Body_00.bmd,Data\Engine2D\Bin\Bobs\CR_Ani_Body_00_s.bmd,,deer01,,8,96,1035-1130,,frame = frameTick % count (walk; caller frame tick),RENDERED,Animals/tribe_11_stags/Sheets/cr_ani_body_00__deer01/j49_W000_animal_deer_male_walk_s1127.png,Animals/tribe_11_stags/Sheets/cr_ani_body_00__deer01/j49_W000_animal_deer_male_walk_s1127__shadow_mask.png,Animals/tribe_11_stags/adult_job49/metadata.json
Animals,12,deers,48,48,baby_animal,Young Animal,initial,0,atomic,2,animal_deer_female_baby_idle,,,0,,0,327,48,animal_deer_female_wait,Data\Engine2D\Bin\Bobs\CR_Ani_Body_00.bmd,Data\Engine2D\Bin\Bobs\CR_Ani_Body_00_s.bmd,,deer01,,8,376,831-866,100,"frame = min(count-1, floor(count*progress/duration)); duration from atomic length",RENDERED,Animals/tribe_12_deers/Sheets/cr_ani_body_00__deer01/j48_A002_animal_deer_female_wait_s327.png,Animals/tribe_12_deers/Sheets/cr_ani_body_00__deer01/j48_A002_animal_deer_female_wait_s327__shadow_mask.png,Animals/tribe_12_deers/young_job48/metadata.json
Animals,12,deers,48,48,baby_animal,Young Animal,initial,0,atomic,3,animal_deer_female_baby_idle,,,0,,0,323,48,animal_deer_female_wait,Data\Engine2D\Bin\Bobs\CR_Ani_Body_00.bmd,Data\Engine2D\Bin\Bobs\CR_Ani_Body_00_s.bmd,,deer01,,8,376,831-866,100,"frame = min(count-1, floor(count*progress/duration)); duration from atomic length",RENDERED,Animals/tribe_12_deers/Sheets/cr_ani_body_00__deer01/j48_A003_animal_deer_female_wait_s323.png,Animals/tribe_12_deers/Sheets/cr_ani_body_00__deer01/j48_A003_animal_deer_female_wait_s323__shadow_mask.png,Animals/tribe_12_deers/young_job48/metadata.json
Animals,12,deers,48,48,baby_animal,Young Animal,initial,0,atomic,4,animal_deer_female_baby_idle,,,0,,0,322,48,animal_deer_female_wait,Data\Engine2D\Bin\Bobs\CR_Ani_Body_00.bmd,Data\Engine2D\Bin\Bobs\CR_Ani_Body_00_s.bmd,,deer01,,8,376,831-866,100,"frame = min(count-1, floor(count*progress/duration)); duration from atomic length",RENDERED,Animals/tribe_12_deers/Sheets/cr_ani_body_00__deer01/j48_A004_animal_deer_female_wait_s322.png,Animals/tribe_12_deers/Sheets/cr_ani_body_00__deer01/j48_A004_animal_deer_female_wait_s322__shadow_mask.png,Animals/tribe_12_deers/young_job48/metadata.json
Animals,12,deers,48,48,baby_animal,Young Animal,initial,0,atomic,5,animal_deer_female_baby_idle,,,0,,0,324,48,animal_deer_female_wait,Data\Engine2D\Bin\Bobs\CR_Ani_Body_00.bmd,Data\Engine2D\Bin\Bobs\CR_Ani_Body_00_s.bmd,,deer01,,8,376,831-866,100,"frame = min(count-1, floor(count*progress/duration)); duration from atomic length",RENDERED,Animals/tribe_12_deers/Sheets/cr_ani_body_00__deer01/j48_A005_animal_deer_female_wait_s324.png,Animals/tribe_12_deers/Sheets/cr_ani_body_00__deer01/j48_A005_animal_deer_female_wait_s324__shadow_mask.png,Animals/tribe_12_deers/young_job48/metadata.json
Animals,12,deers,48,48,baby_animal,Young Animal,initial,0,atomic,6,animal_deer_female_baby_idle,,,0,,0,325,48,animal_deer_female_wait,Data\Engine2D\Bin\Bobs\CR_Ani_Body_00.bmd,Data\Engine2D\Bin\Bobs\CR_Ani_Body_00_s.bmd,,deer01,,8,376,831-866,100,"frame = min(count-1, floor(count*progress/duration)); duration from atomic length",RENDERED,Animals/tribe_12_deers/Sheets/cr_ani_body_00__deer01/j48_A006_animal_deer_female_wait_s325.png,Animals/tribe_12_deers/Sheets/cr_ani_body_00__deer01/j48_A006_animal_deer_female_wait_s325__shadow_mask.png,Animals/tribe_12_deers/young_job48/metadata.json
Animals,12,deers,48,48,baby_animal,Young Animal,initial,0,atomic,7,animal_deer_female_baby_idle,,,0,,0,326,48,animal_deer_female_wait,Data\Engine2D\Bin\Bobs\CR_Ani_Body_00.bmd,Data\Engine2D\Bin\Bobs\CR_Ani_Body_00_s.bmd,,deer01,,8,376,831-866,100,"frame = min(count-1, floor(count*progress/duration)); duration from atomic length",RENDERED,Animals/tribe_12_deers/Sheets/cr_ani_body_00__deer01/j48_A007_animal_deer_female_wait_s326.png,Animals/tribe_12_deers/Sheets/cr_ani_body_00__deer01/j48_A007_animal_deer_female_wait_s326__shadow_mask.png,Animals/tribe_12_deers/young_job48/metadata.json
Animals,12,deers,48,48,baby_animal,Young Animal,initial,0,atomic,9,animal_bear_eat,,,0,,0,328,48,animal_deer_female_wait,Data\Engine2D\Bin\Bobs\CR_Ani_Body_00.bmd,Data\Engine2D\Bin\Bobs\CR_Ani_Body_00_s.bmd,,deer01,,8,376,831-866,20,"frame = min(count-1, floor(count*progress/duration)); duration from atomic length",RENDERED,Animals/tribe_12_deers/Sheets/cr_ani_body_00__deer01/j48_A009_animal_deer_female_wait_s328.png,Animals/tribe_12_deers/Sheets/cr_ani_body_00__deer01/j48_A009_animal_deer_female_wait_s328__shadow_mask.png,Animals/tribe_12_deers/young_job48/metadata.json
Animals,12,deers,48,48,baby_animal,Young Animal,initial,0,walk,,,0,,,100000,0,1128,48,animal_deer_female_walk,Data\Engine2D\Bin\Bobs\CR_Ani_Body_00.bmd,Data\Engine2D\Bin\Bobs\CR_Ani_Body_00_s.bmd,,deer01,,8,96,867-962,,frame = frameTick % count (walk; caller frame tick),RENDERED,Animals/tribe_12_deers/Sheets/cr_ani_body_00__deer01/j48_W000_animal_deer_female_walk_s1128.png,Animals/tribe_12_deers/Sheets/cr_ani_body_00__deer01/j48_W000_animal_deer_female_walk_s1128__shadow_mask.png,Animals/tribe_12_deers/young_job48/metadata.json
Animals,12,deers,49,49,adult_animal,Animal,initial,0,atomic,2,animal_deer_female_adult_idle,,,0,,0,329,49,animal_deer_female_wait,Data\Engine2D\Bin\Bobs\CR_Ani_Body_00.bmd,Data\Engine2D\Bin\Bobs\CR_Ani_Body_00_s.bmd,,deer01,,8,376,831-866,100,"frame = min(count-1, floor(count*progress/duration)); duration from atomic length",RENDERED,Animals/tribe_12_deers/Sheets/cr_ani_body_00__deer01/j49_A002_animal_deer_female_wait_s329.png,Animals/tribe_12_deers/Sheets/cr_ani_body_00__deer01/j49_A002_animal_deer_female_wait_s329__shadow_mask.png,Animals/tribe_12_deers/adult_job49/metadata.json
Animals,12,deers,49,49,adult_animal,Animal,initial,0,atomic,3,animal_deer_female_adult_idle,,,0,,0,330,49,animal_deer_female_wait,Data\Engine2D\Bin\Bobs\CR_Ani_Body_00.bmd,Data\Engine2D\Bin\Bobs\CR_Ani_Body_00_s.bmd,,deer01,,8,376,831-866,100,"frame = min(count-1, floor(count*progress/duration)); duration from atomic length",RENDERED,Animals/tribe_12_deers/Sheets/cr_ani_body_00__deer01/j49_A003_animal_deer_female_wait_s330.png,Animals/tribe_12_deers/Sheets/cr_ani_body_00__deer01/j49_A003_animal_deer_female_wait_s330__shadow_mask.png,Animals/tribe_12_deers/adult_job49/metadata.json
Animals,12,deers,49,49,adult_animal,Animal,initial,0,atomic,4,animal_deer_female_adult_idle,,,0,,0,331,49,animal_deer_female_wait,Data\Engine2D\Bin\Bobs\CR_Ani_Body_00.bmd,Data\Engine2D\Bin\Bobs\CR_Ani_Body_00_s.bmd,,deer01,,8,376,831-866,100,"frame = min(count-1, floor(count*progress/duration)); duration from atomic length",RENDERED,Animals/tribe_12_deers/Sheets/cr_ani_body_00__deer01/j49_A004_animal_deer_female_wait_s331.png,Animals/tribe_12_deers/Sheets/cr_ani_body_00__deer01/j49_A004_animal_deer_female_wait_s331__shadow_mask.png,Animals/tribe_12_deers/adult_job49/metadata.json
Animals,12,deers,49,49,adult_animal,Animal,initial,0,atomic,5,animal_deer_female_adult_idle,,,0,,0,332,49,animal_deer_female_wait,Data\Engine2D\Bin\Bobs\CR_Ani_Body_00.bmd,Data\Engine2D\Bin\Bobs\CR_Ani_Body_00_s.bmd,,deer01,,8,376,831-866,100,"frame = min(count-1, floor(count*progress/duration)); duration from atomic length",RENDERED,Animals/tribe_12_deers/Sheets/cr_ani_body_00__deer01/j49_A005_animal_deer_female_wait_s332.png,Animals/tribe_12_deers/Sheets/cr_ani_body_00__deer01/j49_A005_animal_deer_female_wait_s332__shadow_mask.png,Animals/tribe_12_deers/adult_job49/metadata.json
Animals,12,deers,49,49,adult_animal,Animal,initial,0,atomic,6,animal_deer_female_adult_idle,,,0,,0,333,49,animal_deer_female_wait,Data\Engine2D\Bin\Bobs\CR_Ani_Body_00.bmd,Data\Engine2D\Bin\Bobs\CR_Ani_Body_00_s.bmd,,deer01,,8,376,831-866,100,"frame = min(count-1, floor(count*progress/duration)); duration from atomic length",RENDERED,Animals/tribe_12_deers/Sheets/cr_ani_body_00__deer01/j49_A006_animal_deer_female_wait_s333.png,Animals/tribe_12_deers/Sheets/cr_ani_body_00__deer01/j49_A006_animal_deer_female_wait_s333__shadow_mask.png,Animals/tribe_12_deers/adult_job49/metadata.json
Animals,12,deers,49,49,adult_animal,Animal,initial,0,atomic,7,animal_deer_female_adult_idle,,,0,,0,334,49,animal_deer_female_wait,Data\Engine2D\Bin\Bobs\CR_Ani_Body_00.bmd,Data\Engine2D\Bin\Bobs\CR_Ani_Body_00_s.bmd,,deer01,,8,376,831-866,100,"frame = min(count-1, floor(count*progress/duration)); duration from atomic length",RENDERED,Animals/tribe_12_deers/Sheets/cr_ani_body_00__deer01/j49_A007_animal_deer_female_wait_s334.png,Animals/tribe_12_deers/Sheets/cr_ani_body_00__deer01/j49_A007_animal_deer_female_wait_s334__shadow_mask.png,Animals/tribe_12_deers/adult_job49/metadata.json
Animals,12,deers,49,49,adult_animal,Animal,initial,0,atomic,9,animal_bear_eat,,,0,,0,335,49,animal_deer_female_wait,Data\Engine2D\Bin\Bobs\CR_Ani_Body_00.bmd,Data\Engine2D\Bin\Bobs\CR_Ani_Body_00_s.bmd,,deer01,,8,376,831-866,20,"frame = min(count-1, floor(count*progress/duration)); duration from atomic length",RENDERED,Animals/tribe_12_deers/Sheets/cr_ani_body_00__deer01/j49_A009_animal_deer_female_wait_s335.png,Animals/tribe_12_deers/Sheets/cr_ani_body_00__deer01/j49_A009_animal_deer_female_wait_s335__shadow_mask.png,Animals/tribe_12_deers/adult_job49/metadata.json
Animals,12,deers,49,49,adult_animal,Animal,initial,0,walk,,,0,,,100000,0,1129,49,animal_deer_female_walk,Data\Engine2D\Bin\Bobs\CR_Ani_Body_00.bmd,Data\Engine2D\Bin\Bobs\CR_Ani_Body_00_s.bmd,,deer01,,8,96,867-962,,frame = frameTick % count (walk; caller frame tick),RENDERED,Animals/tribe_12_deers/Sheets/cr_ani_body_00__deer01/j49_W000_animal_deer_female_walk_s1129.png,Animals/tribe_12_deers/Sheets/cr_ani_body_00__deer01/j49_W000_animal_deer_female_walk_s1129__shadow_mask.png,Animals/tribe_12_deers/adult_job49/metadata.json
Animals,13,dogs,48,48,baby_animal,Young Animal,initial,0,atomic,2,animal_dog_baby_idle,,,0,,0,306,48,animal_dog_wait,Data\Engine2D\Bin\Bobs\CR_Ani_Body_00.bmd,Data\Engine2D\Bin\Bobs\CR_Ani_Body_00_s.bmd,,house01,,8,528,1153-1161,100,"frame = min(count-1, floor(count*progress/duration)); duration from atomic length",RENDERED,Animals/tribe_13_dogs/Sheets/cr_ani_body_00__house01/j48_A002_animal_dog_wait_s306.png,Animals/tribe_13_dogs/Sheets/cr_ani_body_00__house01/j48_A002_animal_dog_wait_s306__shadow_mask.png,Animals/tribe_13_dogs/young_job48/metadata.json
Animals,13,dogs,48,48,baby_animal,Young Animal,initial,0,atomic,3,animal_dog_baby_idle,,,0,,0,301,48,animal_dog_wait,Data\Engine2D\Bin\Bobs\CR_Ani_Body_00.bmd,Data\Engine2D\Bin\Bobs\CR_Ani_Body_00_s.bmd,,house01,,8,528,1153-1161,100,"frame = min(count-1, floor(count*progress/duration)); duration from atomic length",RENDERED,Animals/tribe_13_dogs/Sheets/cr_ani_body_00__house01/j48_A003_animal_dog_wait_s301.png,Animals/tribe_13_dogs/Sheets/cr_ani_body_00__house01/j48_A003_animal_dog_wait_s301__shadow_mask.png,Animals/tribe_13_dogs/young_job48/metadata.json
Animals,13,dogs,48,48,baby_animal,Young Animal,initial,0,atomic,4,animal_dog_baby_idle,,,0,,0,302,48,animal_dog_wait,Data\Engine2D\Bin\Bobs\CR_Ani_Body_00.bmd,Data\Engine2D\Bin\Bobs\CR_Ani_Body_00_s.bmd,,house01,,8,528,1153-1161,100,"frame = min(count-1, floor(count*progress/duration)); duration from atomic length",RENDERED,Animals/tribe_13_dogs/Sheets/cr_ani_body_00__house01/j48_A004_animal_dog_wait_s302.png,Animals/tribe_13_dogs/Sheets/cr_ani_body_00__house01/j48_A004_animal_dog_wait_s302__shadow_mask.png,Animals/tribe_13_dogs/young_job48/metadata.json
Animals,13,dogs,48,48,baby_animal,Young Animal,initial,0,atomic,5,animal_dog_baby_idle,,,0,,0,303,48,animal_dog_wait,Data\Engine2D\Bin\Bobs\CR_Ani_Body_00.bmd,Data\Engine2D\Bin\Bobs\CR_Ani_Body_00_s.bmd,,house01,,8,528,1153-1161,100,"frame = min(count-1, floor(count*progress/duration)); duration from atomic length",RENDERED,Animals/tribe_13_dogs/Sheets/cr_ani_body_00__house01/j48_A005_animal_dog_wait_s303.png,Animals/tribe_13_dogs/Sheets/cr_ani_body_00__house01/j48_A005_animal_dog_wait_s303__shadow_mask.png,Animals/tribe_13_dogs/young_job48/metadata.json
Animals,13,dogs,48,48,baby_animal,Young Animal,initial,0,atomic,6,animal_dog_baby_idle,,,0,,0,304,48,animal_dog_wait,Data\Engine2D\Bin\Bobs\CR_Ani_Body_00.bmd,Data\Engine2D\Bin\Bobs\CR_Ani_Body_00_s.bmd,,house01,,8,528,1153-1161,100,"frame = min(count-1, floor(count*progress/duration)); duration from atomic length",RENDERED,Animals/tribe_13_dogs/Sheets/cr_ani_body_00__house01/j48_A006_animal_dog_wait_s304.png,Animals/tribe_13_dogs/Sheets/cr_ani_body_00__house01/j48_A006_animal_dog_wait_s304__shadow_mask.png,Animals/tribe_13_dogs/young_job48/metadata.json
Animals,13,dogs,48,48,baby_animal,Young Animal,initial,0,atomic,7,animal_dog_baby_idle,,,0,,0,305,48,animal_dog_wait,Data\Engine2D\Bin\Bobs\CR_Ani_Body_00.bmd,Data\Engine2D\Bin\Bobs\CR_Ani_Body_00_s.bmd,,house01,,8,528,1153-1161,100,"frame = min(count-1, floor(count*progress/duration)); duration from atomic length",RENDERED,Animals/tribe_13_dogs/Sheets/cr_ani_body_00__house01/j48_A007_animal_dog_wait_s305.png,Animals/tribe_13_dogs/Sheets/cr_ani_body_00__house01/j48_A007_animal_dog_wait_s305__shadow_mask.png,Animals/tribe_13_dogs/young_job48/metadata.json
Animals,13,dogs,48,48,baby_animal,Young Animal,initial,0,atomic,9,animal_bear_eat,,,0,,0,307,48,animal_dog_wait,Data\Engine2D\Bin\Bobs\CR_Ani_Body_00.bmd,Data\Engine2D\Bin\Bobs\CR_Ani_Body_00_s.bmd,,house01,,8,528,1153-1161,20,"frame = min(count-1, floor(count*progress/duration)); duration from atomic length",RENDERED,Animals/tribe_13_dogs/Sheets/cr_ani_body_00__house01/j48_A009_animal_dog_wait_s307.png,Animals/tribe_13_dogs/Sheets/cr_ani_body_00__house01/j48_A009_animal_dog_wait_s307__shadow_mask.png,Animals/tribe_13_dogs/young_job48/metadata.json
Animals,13,dogs,48,48,baby_animal,Young Animal,initial,0,walk,,,0,,,100000,0,1125,48,animal_dog_walk,Data\Engine2D\Bin\Bobs\CR_Ani_Body_00.bmd,Data\Engine2D\Bin\Bobs\CR_Ani_Body_00_s.bmd,,house01,,8,96,1164-1259,,frame = frameTick % count (walk; caller frame tick),RENDERED,Animals/tribe_13_dogs/Sheets/cr_ani_body_00__house01/j48_W000_animal_dog_walk_s1125.png,Animals/tribe_13_dogs/Sheets/cr_ani_body_00__house01/j48_W000_animal_dog_walk_s1125__shadow_mask.png,Animals/tribe_13_dogs/young_job48/metadata.json
Animals,13,dogs,49,49,adult_animal,Animal,initial,0,atomic,2,animal_dog_adult_idle,,,0,,0,299,49,animal_dog_wait,Data\Engine2D\Bin\Bobs\CR_Ani_Body_00.bmd,Data\Engine2D\Bin\Bobs\CR_Ani_Body_00_s.bmd,,house01,,8,528,1153-1161,100,"frame = min(count-1, floor(count*progress/duration)); duration from atomic length",RENDERED,Animals/tribe_13_dogs/Sheets/cr_ani_body_00__house01/j49_A002_animal_dog_wait_s299.png,Animals/tribe_13_dogs/Sheets/cr_ani_body_00__house01/j49_A002_animal_dog_wait_s299__shadow_mask.png,Animals/tribe_13_dogs/adult_job49/metadata.json
Animals,13,dogs,49,49,adult_animal,Animal,initial,0,atomic,3,animal_dog_adult_idle,,,0,,0,294,49,animal_dog_wait,Data\Engine2D\Bin\Bobs\CR_Ani_Body_00.bmd,Data\Engine2D\Bin\Bobs\CR_Ani_Body_00_s.bmd,,house01,,8,528,1153-1161,100,"frame = min(count-1, floor(count*progress/duration)); duration from atomic length",RENDERED,Animals/tribe_13_dogs/Sheets/cr_ani_body_00__house01/j49_A003_animal_dog_wait_s294.png,Animals/tribe_13_dogs/Sheets/cr_ani_body_00__house01/j49_A003_animal_dog_wait_s294__shadow_mask.png,Animals/tribe_13_dogs/adult_job49/metadata.json
Animals,13,dogs,49,49,adult_animal,Animal,initial,0,atomic,4,animal_dog_adult_idle,,,0,,0,295,49,animal_dog_wait,Data\Engine2D\Bin\Bobs\CR_Ani_Body_00.bmd,Data\Engine2D\Bin\Bobs\CR_Ani_Body_00_s.bmd,,house01,,8,528,1153-1161,100,"frame = min(count-1, floor(count*progress/duration)); duration from atomic length",RENDERED,Animals/tribe_13_dogs/Sheets/cr_ani_body_00__house01/j49_A004_animal_dog_wait_s295.png,Animals/tribe_13_dogs/Sheets/cr_ani_body_00__house01/j49_A004_animal_dog_wait_s295__shadow_mask.png,Animals/tribe_13_dogs/adult_job49/metadata.json
Animals,13,dogs,49,49,adult_animal,Animal,initial,0,atomic,5,animal_dog_adult_idle,,,0,,0,296,49,animal_dog_wait,Data\Engine2D\Bin\Bobs\CR_Ani_Body_00.bmd,Data\Engine2D\Bin\Bobs\CR_Ani_Body_00_s.bmd,,house01,,8,528,1153-1161,100,"frame = min(count-1, floor(count*progress/duration)); duration from atomic length",RENDERED,Animals/tribe_13_dogs/Sheets/cr_ani_body_00__house01/j49_A005_animal_dog_wait_s296.png,Animals/tribe_13_dogs/Sheets/cr_ani_body_00__house01/j49_A005_animal_dog_wait_s296__shadow_mask.png,Animals/tribe_13_dogs/adult_job49/metadata.json
Animals,13,dogs,49,49,adult_animal,Animal,initial,0,atomic,6,animal_dog_adult_idle,,,0,,0,297,49,animal_dog_wait,Data\Engine2D\Bin\Bobs\CR_Ani_Body_00.bmd,Data\Engine2D\Bin\Bobs\CR_Ani_Body_00_s.bmd,,house01,,8,528,1153-1161,100,"frame = min(count-1, floor(count*progress/duration)); duration from atomic length",RENDERED,Animals/tribe_13_dogs/Sheets/cr_ani_body_00__house01/j49_A006_animal_dog_wait_s297.png,Animals/tribe_13_dogs/Sheets/cr_ani_body_00__house01/j49_A006_animal_dog_wait_s297__shadow_mask.png,Animals/tribe_13_dogs/adult_job49/metadata.json
Animals,13,dogs,49,49,adult_animal,Animal,initial,0,atomic,7,animal_dog_adult_idle,,,0,,0,298,49,animal_dog_wait,Data\Engine2D\Bin\Bobs\CR_Ani_Body_00.bmd,Data\Engine2D\Bin\Bobs\CR_Ani_Body_00_s.bmd,,house01,,8,528,1153-1161,100,"frame = min(count-1, floor(count*progress/duration)); duration from atomic length",RENDERED,Animals/tribe_13_dogs/Sheets/cr_ani_body_00__house01/j49_A007_animal_dog_wait_s298.png,Animals/tribe_13_dogs/Sheets/cr_ani_body_00__house01/j49_A007_animal_dog_wait_s298__shadow_mask.png,Animals/tribe_13_dogs/adult_job49/metadata.json
Animals,13,dogs,49,49,adult_animal,Animal,initial,0,atomic,9,animal_bear_eat,,,0,,0,300,49,animal_dog_wait,Data\Engine2D\Bin\Bobs\CR_Ani_Body_00.bmd,Data\Engine2D\Bin\Bobs\CR_Ani_Body_00_s.bmd,,house01,,8,528,1153-1161,20,"frame = min(count-1, floor(count*progress/duration)); duration from atomic length",RENDERED,Animals/tribe_13_dogs/Sheets/cr_ani_body_00__house01/j49_A009_animal_dog_wait_s300.png,Animals/tribe_13_dogs/Sheets/cr_ani_body_00__house01/j49_A009_animal_dog_wait_s300__shadow_mask.png,Animals/tribe_13_dogs/adult_job49/metadata.json
Animals,13,dogs,49,49,adult_animal,Animal,initial,0,walk,,,0,,,100000,0,1124,49,animal_dog_walk,Data\Engine2D\Bin\Bobs\CR_Ani_Body_00.bmd,Data\Engine2D\Bin\Bobs\CR_Ani_Body_00_s.bmd,,house01,,8,96,1164-1259,,frame = frameTick % count (walk; caller frame tick),RENDERED,Animals/tribe_13_dogs/Sheets/cr_ani_body_00__house01/j49_W000_animal_dog_walk_s1124.png,Animals/tribe_13_dogs/Sheets/cr_ani_body_00__house01/j49_W000_animal_dog_walk_s1124__shadow_mask.png,Animals/tribe_13_dogs/adult_job49/metadata.json
Animals,14,goats,48,48,baby_animal,Young Animal,initial,0,atomic,2,animal_goat_tame_baby_idle,,,0,,0,984,48,animal_goat_wait,Data\Engine2D\Bin\Bobs\CR_Ani_Body_00.bmd,Data\Engine2D\Bin\Bobs\CR_Ani_Body_00_s.bmd,,deer01,,8,800,1332-1370,100,"frame = min(count-1, floor(count*progress/duration)); duration from atomic length",RENDERED,Animals/tribe_14_goats/Sheets/cr_ani_body_00__deer01/j48_A002_animal_goat_wait_s984.png,Animals/tribe_14_goats/Sheets/cr_ani_body_00__deer01/j48_A002_animal_goat_wait_s984__shadow_mask.png,Animals/tribe_14_goats/young_job48/metadata.json
Animals,14,goats,48,48,baby_animal,Young Animal,initial,0,atomic,3,animal_goat_tame_baby_idle,,,0,,0,979,48,animal_goat_wait,Data\Engine2D\Bin\Bobs\CR_Ani_Body_00.bmd,Data\Engine2D\Bin\Bobs\CR_Ani_Body_00_s.bmd,,deer01,,8,800,1332-1370,100,"frame = min(count-1, floor(count*progress/duration)); duration from atomic length",RENDERED,Animals/tribe_14_goats/Sheets/cr_ani_body_00__deer01/j48_A003_animal_goat_wait_s979.png,Animals/tribe_14_goats/Sheets/cr_ani_body_00__deer01/j48_A003_animal_goat_wait_s979__shadow_mask.png,Animals/tribe_14_goats/young_job48/metadata.json
Animals,14,goats,48,48,baby_animal,Young Animal,initial,0,atomic,4,animal_goat_tame_baby_idle,,,0,,0,980,48,animal_goat_wait,Data\Engine2D\Bin\Bobs\CR_Ani_Body_00.bmd,Data\Engine2D\Bin\Bobs\CR_Ani_Body_00_s.bmd,,deer01,,8,800,1332-1370,100,"frame = min(count-1, floor(count*progress/duration)); duration from atomic length",RENDERED,Animals/tribe_14_goats/Sheets/cr_ani_body_00__deer01/j48_A004_animal_goat_wait_s980.png,Animals/tribe_14_goats/Sheets/cr_ani_body_00__deer01/j48_A004_animal_goat_wait_s980__shadow_mask.png,Animals/tribe_14_goats/young_job48/metadata.json
Animals,14,goats,48,48,baby_animal,Young Animal,initial,0,atomic,5,animal_goat_tame_baby_idle,,,0,,0,981,48,animal_goat_wait,Data\Engine2D\Bin\Bobs\CR_Ani_Body_00.bmd,Data\Engine2D\Bin\Bobs\CR_Ani_Body_00_s.bmd,,deer01,,8,800,1332-1370,100,"frame = min(count-1, floor(count*progress/duration)); duration from atomic length",RENDERED,Animals/tribe_14_goats/Sheets/cr_ani_body_00__deer01/j48_A005_animal_goat_wait_s981.png,Animals/tribe_14_goats/Sheets/cr_ani_body_00__deer01/j48_A005_animal_goat_wait_s981__shadow_mask.png,Animals/tribe_14_goats/young_job48/metadata.json
Animals,14,goats,48,48,baby_animal,Young Animal,initial,0,atomic,6,animal_goat_tame_baby_idle,,,0,,0,982,48,animal_goat_wait,Data\Engine2D\Bin\Bobs\CR_Ani_Body_00.bmd,Data\Engine2D\Bin\Bobs\CR_Ani_Body_00_s.bmd,,deer01,,8,800,1332-1370,100,"frame = min(count-1, floor(count*progress/duration)); duration from atomic length",RENDERED,Animals/tribe_14_goats/Sheets/cr_ani_body_00__deer01/j48_A006_animal_goat_wait_s982.png,Animals/tribe_14_goats/Sheets/cr_ani_body_00__deer01/j48_A006_animal_goat_wait_s982__shadow_mask.png,Animals/tribe_14_goats/young_job48/metadata.json
Animals,14,goats,48,48,baby_animal,Young Animal,initial,0,atomic,7,animal_goat_tame_baby_idle,,,0,,0,983,48,animal_goat_wait,Data\Engine2D\Bin\Bobs\CR_Ani_Body_00.bmd,Data\Engine2D\Bin\Bobs\CR_Ani_Body_00_s.bmd,,deer01,,8,800,1332-1370,100,"frame = min(count-1, floor(count*progress/duration)); duration from atomic length",RENDERED,Animals/tribe_14_goats/Sheets/cr_ani_body_00__deer01/j48_A007_animal_goat_wait_s983.png,Animals/tribe_14_goats/Sheets/cr_ani_body_00__deer01/j48_A007_animal_goat_wait_s983__shadow_mask.png,Animals/tribe_14_goats/young_job48/metadata.json
Animals,14,goats,48,48,baby_animal,Young Animal,initial,0,atomic,9,animal_bear_eat,,,0,,0,985,48,animal_goat_wait,Data\Engine2D\Bin\Bobs\CR_Ani_Body_00.bmd,Data\Engine2D\Bin\Bobs\CR_Ani_Body_00_s.bmd,,deer01,,8,800,1332-1370,20,"frame = min(count-1, floor(count*progress/duration)); duration from atomic length",RENDERED,Animals/tribe_14_goats/Sheets/cr_ani_body_00__deer01/j48_A009_animal_goat_wait_s985.png,Animals/tribe_14_goats/Sheets/cr_ani_body_00__deer01/j48_A009_animal_goat_wait_s985__shadow_mask.png,Animals/tribe_14_goats/young_job48/metadata.json
Animals,14,goats,49,49,adult_animal,Animal,initial,0,atomic,2,animal_goat_tame_adult_idle,,,0,,0,767,49,animal_goat_wait,Data\Engine2D\Bin\Bobs\CR_Ani_Body_00.bmd,Data\Engine2D\Bin\Bobs\CR_Ani_Body_00_s.bmd,,deer01,,8,800,1332-1370,100,"frame = min(count-1, floor(count*progress/duration)); duration from atomic length",RENDERED,Animals/tribe_14_goats/Sheets/cr_ani_body_00__deer01/j49_A002_animal_goat_wait_s767.png,Animals/tribe_14_goats/Sheets/cr_ani_body_00__deer01/j49_A002_animal_goat_wait_s767__shadow_mask.png,Animals/tribe_14_goats/adult_job49/metadata.json
Animals,14,goats,49,49,adult_animal,Animal,initial,0,atomic,3,animal_goat_tame_adult_idle,,,0,,0,762,49,animal_goat_wait,Data\Engine2D\Bin\Bobs\CR_Ani_Body_00.bmd,Data\Engine2D\Bin\Bobs\CR_Ani_Body_00_s.bmd,,deer01,,8,800,1332-1370,100,"frame = min(count-1, floor(count*progress/duration)); duration from atomic length",RENDERED,Animals/tribe_14_goats/Sheets/cr_ani_body_00__deer01/j49_A003_animal_goat_wait_s762.png,Animals/tribe_14_goats/Sheets/cr_ani_body_00__deer01/j49_A003_animal_goat_wait_s762__shadow_mask.png,Animals/tribe_14_goats/adult_job49/metadata.json
Animals,14,goats,49,49,adult_animal,Animal,initial,0,atomic,4,animal_goat_tame_adult_idle,,,0,,0,763,49,animal_goat_wait,Data\Engine2D\Bin\Bobs\CR_Ani_Body_00.bmd,Data\Engine2D\Bin\Bobs\CR_Ani_Body_00_s.bmd,,deer01,,8,800,1332-1370,100,"frame = min(count-1, floor(count*progress/duration)); duration from atomic length",RENDERED,Animals/tribe_14_goats/Sheets/cr_ani_body_00__deer01/j49_A004_animal_goat_wait_s763.png,Animals/tribe_14_goats/Sheets/cr_ani_body_00__deer01/j49_A004_animal_goat_wait_s763__shadow_mask.png,Animals/tribe_14_goats/adult_job49/metadata.json
Animals,14,goats,49,49,adult_animal,Animal,initial,0,atomic,5,animal_goat_tame_adult_idle,,,0,,0,764,49,animal_goat_wait,Data\Engine2D\Bin\Bobs\CR_Ani_Body_00.bmd,Data\Engine2D\Bin\Bobs\CR_Ani_Body_00_s.bmd,,deer01,,8,800,1332-1370,100,"frame = min(count-1, floor(count*progress/duration)); duration from atomic length",RENDERED,Animals/tribe_14_goats/Sheets/cr_ani_body_00__deer01/j49_A005_animal_goat_wait_s764.png,Animals/tribe_14_goats/Sheets/cr_ani_body_00__deer01/j49_A005_animal_goat_wait_s764__shadow_mask.png,Animals/tribe_14_goats/adult_job49/metadata.json
Animals,14,goats,49,49,adult_animal,Animal,initial,0,atomic,6,animal_goat_tame_adult_idle,,,0,,0,765,49,animal_goat_wait,Data\Engine2D\Bin\Bobs\CR_Ani_Body_00.bmd,Data\Engine2D\Bin\Bobs\CR_Ani_Body_00_s.bmd,,deer01,,8,800,1332-1370,100,"frame = min(count-1, floor(count*progress/duration)); duration from atomic length",RENDERED,Animals/tribe_14_goats/Sheets/cr_ani_body_00__deer01/j49_A006_animal_goat_wait_s765.png,Animals/tribe_14_goats/Sheets/cr_ani_body_00__deer01/j49_A006_animal_goat_wait_s765__shadow_mask.png,Animals/tribe_14_goats/adult_job49/metadata.json
Animals,14,goats,49,49,adult_animal,Animal,initial,0,atomic,7,animal_goat_tame_adult_idle,,,0,,0,766,49,animal_goat_wait,Data\Engine2D\Bin\Bobs\CR_Ani_Body_00.bmd,Data\Engine2D\Bin\Bobs\CR_Ani_Body_00_s.bmd,,deer01,,8,800,1332-1370,100,"frame = min(count-1, floor(count*progress/duration)); duration from atomic length",RENDERED,Animals/tribe_14_goats/Sheets/cr_ani_body_00__deer01/j49_A007_animal_goat_wait_s766.png,Animals/tribe_14_goats/Sheets/cr_ani_body_00__deer01/j49_A007_animal_goat_wait_s766__shadow_mask.png,Animals/tribe_14_goats/adult_job49/metadata.json
Animals,14,goats,49,49,adult_animal,Animal,initial,0,atomic,9,animal_bear_eat,,,0,,0,768,49,animal_goat_wait,Data\Engine2D\Bin\Bobs\CR_Ani_Body_00.bmd,Data\Engine2D\Bin\Bobs\CR_Ani_Body_00_s.bmd,,deer01,,8,800,1332-1370,20,"frame = min(count-1, floor(count*progress/duration)); duration from atomic length",RENDERED,Animals/tribe_14_goats/Sheets/cr_ani_body_00__deer01/j49_A009_animal_goat_wait_s768.png,Animals/tribe_14_goats/Sheets/cr_ani_body_00__deer01/j49_A009_animal_goat_wait_s768__shadow_mask.png,Animals/tribe_14_goats/adult_job49/metadata.json
Animals,14,goats,49,49,adult_animal,Animal,initial,0,walk,,,0,,,100000,0,1526,49,animal_goat_walk,Data\Engine2D\Bin\Bobs\CR_Ani_Body_00.bmd,Data\Engine2D\Bin\Bobs\CR_Ani_Body_00_s.bmd,,deer01,,8,96,1371-1466,,frame = frameTick % count (walk; caller frame tick),RENDERED,Animals/tribe_14_goats/Sheets/cr_ani_body_00__deer01/j49_W000_animal_goat_walk_s1526.png,Animals/tribe_14_goats/Sheets/cr_ani_body_00__deer01/j49_W000_animal_goat_walk_s1526__shadow_mask.png,Animals/tribe_14_goats/adult_job49/metadata.json
Animals,16,hares,48,48,baby_animal,Young Animal,initial,0,atomic,2,animal_rabbit_baby_idle,,,0,,0,352,48,animal_rabbit_walk,Data\Engine2D\Bin\Bobs\CR_Ani_Body_00.bmd,Data\Engine2D\Bin\Bobs\CR_Ani_Body_00_s.bmd,,house01,,8,8,2431-2487,30,"frame = min(count-1, floor(count*progress/duration)); duration from atomic length",RENDERED,Animals/tribe_16_hares/Sheets/cr_ani_body_00__house01/j48_A002_animal_rabbit_walk_s352.png,Animals/tribe_16_hares/Sheets/cr_ani_body_00__house01/j48_A002_animal_rabbit_walk_s352__shadow_mask.png,Animals/tribe_16_hares/young_job48/metadata.json
Animals,16,hares,48,48,baby_animal,Young Animal,initial,0,atomic,3,animal_rabbit_baby_idle,,,0,,0,351,48,animal_rabbit_walk,Data\Engine2D\Bin\Bobs\CR_Ani_Body_00.bmd,Data\Engine2D\Bin\Bobs\CR_Ani_Body_00_s.bmd,,house01,,8,8,2431-2487,30,"frame = min(count-1, floor(count*progress/duration)); duration from atomic length",RENDERED,Animals/tribe_16_hares/Sheets/cr_ani_body_00__house01/j48_A003_animal_rabbit_walk_s351.png,Animals/tribe_16_hares/Sheets/cr_ani_body_00__house01/j48_A003_animal_rabbit_walk_s351__shadow_mask.png,Animals/tribe_16_hares/young_job48/metadata.json
Animals,16,hares,48,48,baby_animal,Young Animal,initial,0,atomic,4,animal_rabbit_baby_idle,,,0,,0,350,48,animal_rabbit_walk,Data\Engine2D\Bin\Bobs\CR_Ani_Body_00.bmd,Data\Engine2D\Bin\Bobs\CR_Ani_Body_00_s.bmd,,house01,,8,8,2431-2487,30,"frame = min(count-1, floor(count*progress/duration)); duration from atomic length",RENDERED,Animals/tribe_16_hares/Sheets/cr_ani_body_00__house01/j48_A004_animal_rabbit_walk_s350.png,Animals/tribe_16_hares/Sheets/cr_ani_body_00__house01/j48_A004_animal_rabbit_walk_s350__shadow_mask.png,Animals/tribe_16_hares/young_job48/metadata.json
Animals,16,hares,48,48,baby_animal,Young Animal,initial,0,atomic,5,animal_rabbit_baby_idle,,,0,,0,347,48,animal_rabbit_walk,Data\Engine2D\Bin\Bobs\CR_Ani_Body_00.bmd,Data\Engine2D\Bin\Bobs\CR_Ani_Body_00_s.bmd,,house01,,8,8,2431-2487,30,"frame = min(count-1, floor(count*progress/duration)); duration from atomic length",RENDERED,Animals/tribe_16_hares/Sheets/cr_ani_body_00__house01/j48_A005_animal_rabbit_walk_s347.png,Animals/tribe_16_hares/Sheets/cr_ani_body_00__house01/j48_A005_animal_rabbit_walk_s347__shadow_mask.png,Animals/tribe_16_hares/young_job48/metadata.json
Animals,16,hares,48,48,baby_animal,Young Animal,initial,0,atomic,6,animal_rabbit_baby_idle,,,0,,0,348,48,animal_rabbit_walk,Data\Engine2D\Bin\Bobs\CR_Ani_Body_00.bmd,Data\Engine2D\Bin\Bobs\CR_Ani_Body_00_s.bmd,,house01,,8,8,2431-2487,30,"frame = min(count-1, floor(count*progress/duration)); duration from atomic length",RENDERED,Animals/tribe_16_hares/Sheets/cr_ani_body_00__house01/j48_A006_animal_rabbit_walk_s348.png,Animals/tribe_16_hares/Sheets/cr_ani_body_00__house01/j48_A006_animal_rabbit_walk_s348__shadow_mask.png,Animals/tribe_16_hares/young_job48/metadata.json
Animals,16,hares,48,48,baby_animal,Young Animal,initial,0,atomic,7,animal_rabbit_baby_idle,,,0,,0,349,48,animal_rabbit_walk,Data\Engine2D\Bin\Bobs\CR_Ani_Body_00.bmd,Data\Engine2D\Bin\Bobs\CR_Ani_Body_00_s.bmd,,house01,,8,8,2431-2487,30,"frame = min(count-1, floor(count*progress/duration)); duration from atomic length",RENDERED,Animals/tribe_16_hares/Sheets/cr_ani_body_00__house01/j48_A007_animal_rabbit_walk_s349.png,Animals/tribe_16_hares/Sheets/cr_ani_body_00__house01/j48_A007_animal_rabbit_walk_s349__shadow_mask.png,Animals/tribe_16_hares/young_job48/metadata.json
Animals,16,hares,48,48,baby_animal,Young Animal,initial,0,atomic,9,animal_bear_eat,,,0,,0,353,48,animal_rabbit_walk,Data\Engine2D\Bin\Bobs\CR_Ani_Body_00.bmd,Data\Engine2D\Bin\Bobs\CR_Ani_Body_00_s.bmd,,house01,,8,8,2431-2487,20,"frame = min(count-1, floor(count*progress/duration)); duration from atomic length",RENDERED,Animals/tribe_16_hares/Sheets/cr_ani_body_00__house01/j48_A009_animal_rabbit_walk_s353.png,Animals/tribe_16_hares/Sheets/cr_ani_body_00__house01/j48_A009_animal_rabbit_walk_s353__shadow_mask.png,Animals/tribe_16_hares/young_job48/metadata.json
Animals,16,hares,48,48,baby_animal,Young Animal,initial,0,walk,,,0,,,100000,0,1135,48,animal_rabbit_walk,Data\Engine2D\Bin\Bobs\CR_Ani_Body_00.bmd,Data\Engine2D\Bin\Bobs\CR_Ani_Body_00_s.bmd,,house01,,8,64,2431-2494,,frame = frameTick % count (walk; caller frame tick),RENDERED,Animals/tribe_16_hares/Sheets/cr_ani_body_00__house01/j48_W000_animal_rabbit_walk_s1135.png,Animals/tribe_16_hares/Sheets/cr_ani_body_00__house01/j48_W000_animal_rabbit_walk_s1135__shadow_mask.png,Animals/tribe_16_hares/young_job48/metadata.json
Animals,16,hares,49,49,adult_animal,Animal,initial,0,atomic,2,animal_rabbit_adult_idle,,,0,,0,343,49,animal_rabbit_walk,Data\Engine2D\Bin\Bobs\CR_Ani_Body_00.bmd,Data\Engine2D\Bin\Bobs\CR_Ani_Body_00_s.bmd,,house01,,8,8,2431-2487,30,"frame = min(count-1, floor(count*progress/duration)); duration from atomic length",RENDERED,Animals/tribe_16_hares/Sheets/cr_ani_body_00__house01/j49_A002_animal_rabbit_walk_s343.png,Animals/tribe_16_hares/Sheets/cr_ani_body_00__house01/j49_A002_animal_rabbit_walk_s343__shadow_mask.png,Animals/tribe_16_hares/adult_job49/metadata.json
Animals,16,hares,49,49,adult_animal,Animal,initial,0,atomic,3,animal_rabbit_adult_idle,,,0,,0,344,49,animal_rabbit_walk,Data\Engine2D\Bin\Bobs\CR_Ani_Body_00.bmd,Data\Engine2D\Bin\Bobs\CR_Ani_Body_00_s.bmd,,house01,,8,8,2431-2487,30,"frame = min(count-1, floor(count*progress/duration)); duration from atomic length",RENDERED,Animals/tribe_16_hares/Sheets/cr_ani_body_00__house01/j49_A003_animal_rabbit_walk_s344.png,Animals/tribe_16_hares/Sheets/cr_ani_body_00__house01/j49_A003_animal_rabbit_walk_s344__shadow_mask.png,Animals/tribe_16_hares/adult_job49/metadata.json
Animals,16,hares,49,49,adult_animal,Animal,initial,0,atomic,4,animal_rabbit_adult_idle,,,0,,0,345,49,animal_rabbit_walk,Data\Engine2D\Bin\Bobs\CR_Ani_Body_00.bmd,Data\Engine2D\Bin\Bobs\CR_Ani_Body_00_s.bmd,,house01,,8,8,2431-2487,30,"frame = min(count-1, floor(count*progress/duration)); duration from atomic length",RENDERED,Animals/tribe_16_hares/Sheets/cr_ani_body_00__house01/j49_A004_animal_rabbit_walk_s345.png,Animals/tribe_16_hares/Sheets/cr_ani_body_00__house01/j49_A004_animal_rabbit_walk_s345__shadow_mask.png,Animals/tribe_16_hares/adult_job49/metadata.json
Animals,16,hares,49,49,adult_animal,Animal,initial,0,atomic,5,animal_rabbit_adult_idle,,,0,,0,340,49,animal_rabbit_walk,Data\Engine2D\Bin\Bobs\CR_Ani_Body_00.bmd,Data\Engine2D\Bin\Bobs\CR_Ani_Body_00_s.bmd,,house01,,8,8,2431-2487,30,"frame = min(count-1, floor(count*progress/duration)); duration from atomic length",RENDERED,Animals/tribe_16_hares/Sheets/cr_ani_body_00__house01/j49_A005_animal_rabbit_walk_s340.png,Animals/tribe_16_hares/Sheets/cr_ani_body_00__house01/j49_A005_animal_rabbit_walk_s340__shadow_mask.png,Animals/tribe_16_hares/adult_job49/metadata.json
Animals,16,hares,49,49,adult_animal,Animal,initial,0,atomic,6,animal_rabbit_adult_idle,,,0,,0,341,49,animal_rabbit_walk,Data\Engine2D\Bin\Bobs\CR_Ani_Body_00.bmd,Data\Engine2D\Bin\Bobs\CR_Ani_Body_00_s.bmd,,house01,,8,8,2431-2487,30,"frame = min(count-1, floor(count*progress/duration)); duration from atomic length",RENDERED,Animals/tribe_16_hares/Sheets/cr_ani_body_00__house01/j49_A006_animal_rabbit_walk_s341.png,Animals/tribe_16_hares/Sheets/cr_ani_body_00__house01/j49_A006_animal_rabbit_walk_s341__shadow_mask.png,Animals/tribe_16_hares/adult_job49/metadata.json
Animals,16,hares,49,49,adult_animal,Animal,initial,0,atomic,7,animal_rabbit_adult_idle,,,0,,0,342,49,animal_rabbit_walk,Data\Engine2D\Bin\Bobs\CR_Ani_Body_00.bmd,Data\Engine2D\Bin\Bobs\CR_Ani_Body_00_s.bmd,,house01,,8,8,2431-2487,30,"frame = min(count-1, floor(count*progress/duration)); duration from atomic length",RENDERED,Animals/tribe_16_hares/Sheets/cr_ani_body_00__house01/j49_A007_animal_rabbit_walk_s342.png,Animals/tribe_16_hares/Sheets/cr_ani_body_00__house01/j49_A007_animal_rabbit_walk_s342__shadow_mask.png,Animals/tribe_16_hares/adult_job49/metadata.json
Animals,16,hares,49,49,adult_animal,Animal,initial,0,atomic,9,animal_bear_eat,,,0,,0,346,49,animal_rabbit_walk,Data\Engine2D\Bin\Bobs\CR_Ani_Body_00.bmd,Data\Engine2D\Bin\Bobs\CR_Ani_Body_00_s.bmd,,house01,,8,8,2431-2487,20,"frame = min(count-1, floor(count*progress/duration)); duration from atomic length",RENDERED,Animals/tribe_16_hares/Sheets/cr_ani_body_00__house01/j49_A009_animal_rabbit_walk_s346.png,Animals/tribe_16_hares/Sheets/cr_ani_body_00__house01/j49_A009_animal_rabbit_walk_s346__shadow_mask.png,Animals/tribe_16_hares/adult_job49/metadata.json
Animals,16,hares,49,49,adult_animal,Animal,initial,0,walk,,,0,,,100000,0,1134,49,animal_rabbit_walk,Data\Engine2D\Bin\Bobs\CR_Ani_Body_00.bmd,Data\Engine2D\Bin\Bobs\CR_Ani_Body_00_s.bmd,,house01,,8,64,2431-2494,,frame = frameTick % count (walk; caller frame tick),RENDERED,Animals/tribe_16_hares/Sheets/cr_ani_body_00__house01/j49_W000_animal_rabbit_walk_s1134.png,Animals/tribe_16_hares/Sheets/cr_ani_body_00__house01/j49_W000_animal_rabbit_walk_s1134__shadow_mask.png,Animals/tribe_16_hares/adult_job49/metadata.json
Animals,17,rabbits,48,48,baby_animal,Young Animal,initial,0,atomic,2,animal_rabbit_baby_idle,,,0,,0,366,48,animal_rabbit_walk,Data\Engine2D\Bin\Bobs\CR_Ani_Body_00.bmd,Data\Engine2D\Bin\Bobs\CR_Ani_Body_00_s.bmd,,house01,,8,8,2431-2487,30,"frame = min(count-1, floor(count*progress/duration)); duration from atomic length",RENDERED,Animals/tribe_17_rabbits/Sheets/cr_ani_body_00__house01/j48_A002_animal_rabbit_walk_s366.png,Animals/tribe_17_rabbits/Sheets/cr_ani_body_00__house01/j48_A002_animal_rabbit_walk_s366__shadow_mask.png,Animals/tribe_17_rabbits/young_job48/metadata.json
Animals,17,rabbits,48,48,baby_animal,Young Animal,initial,0,atomic,3,animal_rabbit_baby_idle,,,0,,0,365,48,animal_rabbit_walk,Data\Engine2D\Bin\Bobs\CR_Ani_Body_00.bmd,Data\Engine2D\Bin\Bobs\CR_Ani_Body_00_s.bmd,,house01,,8,8,2431-2487,30,"frame = min(count-1, floor(count*progress/duration)); duration from atomic length",RENDERED,Animals/tribe_17_rabbits/Sheets/cr_ani_body_00__house01/j48_A003_animal_rabbit_walk_s365.png,Animals/tribe_17_rabbits/Sheets/cr_ani_body_00__house01/j48_A003_animal_rabbit_walk_s365__shadow_mask.png,Animals/tribe_17_rabbits/young_job48/metadata.json
Animals,17,rabbits,48,48,baby_animal,Young Animal,initial,0,atomic,4,animal_rabbit_baby_idle,,,0,,0,364,48,animal_rabbit_walk,Data\Engine2D\Bin\Bobs\CR_Ani_Body_00.bmd,Data\Engine2D\Bin\Bobs\CR_Ani_Body_00_s.bmd,,house01,,8,8,2431-2487,30,"frame = min(count-1, floor(count*progress/duration)); duration from atomic length",RENDERED,Animals/tribe_17_rabbits/Sheets/cr_ani_body_00__house01/j48_A004_animal_rabbit_walk_s364.png,Animals/tribe_17_rabbits/Sheets/cr_ani_body_00__house01/j48_A004_animal_rabbit_walk_s364__shadow_mask.png,Animals/tribe_17_rabbits/young_job48/metadata.json
Animals,17,rabbits,48,48,baby_animal,Young Animal,initial,0,atomic,5,animal_rabbit_baby_idle,,,0,,0,361,48,animal_rabbit_walk,Data\Engine2D\Bin\Bobs\CR_Ani_Body_00.bmd,Data\Engine2D\Bin\Bobs\CR_Ani_Body_00_s.bmd,,house01,,8,8,2431-2487,30,"frame = min(count-1, floor(count*progress/duration)); duration from atomic length",RENDERED,Animals/tribe_17_rabbits/Sheets/cr_ani_body_00__house01/j48_A005_animal_rabbit_walk_s361.png,Animals/tribe_17_rabbits/Sheets/cr_ani_body_00__house01/j48_A005_animal_rabbit_walk_s361__shadow_mask.png,Animals/tribe_17_rabbits/young_job48/metadata.json
Animals,17,rabbits,48,48,baby_animal,Young Animal,initial,0,atomic,6,animal_rabbit_baby_idle,,,0,,0,362,48,animal_rabbit_walk,Data\Engine2D\Bin\Bobs\CR_Ani_Body_00.bmd,Data\Engine2D\Bin\Bobs\CR_Ani_Body_00_s.bmd,,house01,,8,8,2431-2487,30,"frame = min(count-1, floor(count*progress/duration)); duration from atomic length",RENDERED,Animals/tribe_17_rabbits/Sheets/cr_ani_body_00__house01/j48_A006_animal_rabbit_walk_s362.png,Animals/tribe_17_rabbits/Sheets/cr_ani_body_00__house01/j48_A006_animal_rabbit_walk_s362__shadow_mask.png,Animals/tribe_17_rabbits/young_job48/metadata.json
Animals,17,rabbits,48,48,baby_animal,Young Animal,initial,0,atomic,7,animal_rabbit_baby_idle,,,0,,0,363,48,animal_rabbit_walk,Data\Engine2D\Bin\Bobs\CR_Ani_Body_00.bmd,Data\Engine2D\Bin\Bobs\CR_Ani_Body_00_s.bmd,,house01,,8,8,2431-2487,30,"frame = min(count-1, floor(count*progress/duration)); duration from atomic length",RENDERED,Animals/tribe_17_rabbits/Sheets/cr_ani_body_00__house01/j48_A007_animal_rabbit_walk_s363.png,Animals/tribe_17_rabbits/Sheets/cr_ani_body_00__house01/j48_A007_animal_rabbit_walk_s363__shadow_mask.png,Animals/tribe_17_rabbits/young_job48/metadata.json
Animals,17,rabbits,48,48,baby_animal,Young Animal,initial,0,atomic,9,animal_bear_eat,,,0,,0,367,48,animal_rabbit_walk,Data\Engine2D\Bin\Bobs\CR_Ani_Body_00.bmd,Data\Engine2D\Bin\Bobs\CR_Ani_Body_00_s.bmd,,house01,,8,8,2431-2487,20,"frame = min(count-1, floor(count*progress/duration)); duration from atomic length",RENDERED,Animals/tribe_17_rabbits/Sheets/cr_ani_body_00__house01/j48_A009_animal_rabbit_walk_s367.png,Animals/tribe_17_rabbits/Sheets/cr_ani_body_00__house01/j48_A009_animal_rabbit_walk_s367__shadow_mask.png,Animals/tribe_17_rabbits/young_job48/metadata.json
Animals,17,rabbits,48,48,baby_animal,Young Animal,initial,0,walk,,,0,,,100000,0,1137,48,animal_rabbit_walk,Data\Engine2D\Bin\Bobs\CR_Ani_Body_00.bmd,Data\Engine2D\Bin\Bobs\CR_Ani_Body_00_s.bmd,,house01,,8,64,2431-2494,,frame = frameTick % count (walk; caller frame tick),RENDERED,Animals/tribe_17_rabbits/Sheets/cr_ani_body_00__house01/j48_W000_animal_rabbit_walk_s1137.png,Animals/tribe_17_rabbits/Sheets/cr_ani_body_00__house01/j48_W000_animal_rabbit_walk_s1137__shadow_mask.png,Animals/tribe_17_rabbits/young_job48/metadata.json
Animals,17,rabbits,49,49,adult_animal,Animal,initial,0,atomic,2,animal_rabbit_adult_idle,,,0,,0,357,49,animal_rabbit_walk,Data\Engine2D\Bin\Bobs\CR_Ani_Body_00.bmd,Data\Engine2D\Bin\Bobs\CR_Ani_Body_00_s.bmd,,house01,,8,8,2431-2487,30,"frame = min(count-1, floor(count*progress/duration)); duration from atomic length",RENDERED,Animals/tribe_17_rabbits/Sheets/cr_ani_body_00__house01/j49_A002_animal_rabbit_walk_s357.png,Animals/tribe_17_rabbits/Sheets/cr_ani_body_00__house01/j49_A002_animal_rabbit_walk_s357__shadow_mask.png,Animals/tribe_17_rabbits/adult_job49/metadata.json
Animals,17,rabbits,49,49,adult_animal,Animal,initial,0,atomic,3,animal_rabbit_adult_idle,,,0,,0,358,49,animal_rabbit_walk,Data\Engine2D\Bin\Bobs\CR_Ani_Body_00.bmd,Data\Engine2D\Bin\Bobs\CR_Ani_Body_00_s.bmd,,house01,,8,8,2431-2487,30,"frame = min(count-1, floor(count*progress/duration)); duration from atomic length",RENDERED,Animals/tribe_17_rabbits/Sheets/cr_ani_body_00__house01/j49_A003_animal_rabbit_walk_s358.png,Animals/tribe_17_rabbits/Sheets/cr_ani_body_00__house01/j49_A003_animal_rabbit_walk_s358__shadow_mask.png,Animals/tribe_17_rabbits/adult_job49/metadata.json
Animals,17,rabbits,49,49,adult_animal,Animal,initial,0,atomic,4,animal_rabbit_adult_idle,,,0,,0,359,49,animal_rabbit_walk,Data\Engine2D\Bin\Bobs\CR_Ani_Body_00.bmd,Data\Engine2D\Bin\Bobs\CR_Ani_Body_00_s.bmd,,house01,,8,8,2431-2487,30,"frame = min(count-1, floor(count*progress/duration)); duration from atomic length",RENDERED,Animals/tribe_17_rabbits/Sheets/cr_ani_body_00__house01/j49_A004_animal_rabbit_walk_s359.png,Animals/tribe_17_rabbits/Sheets/cr_ani_body_00__house01/j49_A004_animal_rabbit_walk_s359__shadow_mask.png,Animals/tribe_17_rabbits/adult_job49/metadata.json
Animals,17,rabbits,49,49,adult_animal,Animal,initial,0,atomic,5,animal_rabbit_adult_idle,,,0,,0,354,49,animal_rabbit_walk,Data\Engine2D\Bin\Bobs\CR_Ani_Body_00.bmd,Data\Engine2D\Bin\Bobs\CR_Ani_Body_00_s.bmd,,house01,,8,8,2431-2487,30,"frame = min(count-1, floor(count*progress/duration)); duration from atomic length",RENDERED,Animals/tribe_17_rabbits/Sheets/cr_ani_body_00__house01/j49_A005_animal_rabbit_walk_s354.png,Animals/tribe_17_rabbits/Sheets/cr_ani_body_00__house01/j49_A005_animal_rabbit_walk_s354__shadow_mask.png,Animals/tribe_17_rabbits/adult_job49/metadata.json
Animals,17,rabbits,49,49,adult_animal,Animal,initial,0,atomic,6,animal_rabbit_adult_idle,,,0,,0,355,49,animal_rabbit_walk,Data\Engine2D\Bin\Bobs\CR_Ani_Body_00.bmd,Data\Engine2D\Bin\Bobs\CR_Ani_Body_00_s.bmd,,house01,,8,8,2431-2487,30,"frame = min(count-1, floor(count*progress/duration)); duration from atomic length",RENDERED,Animals/tribe_17_rabbits/Sheets/cr_ani_body_00__house01/j49_A006_animal_rabbit_walk_s355.png,Animals/tribe_17_rabbits/Sheets/cr_ani_body_00__house01/j49_A006_animal_rabbit_walk_s355__shadow_mask.png,Animals/tribe_17_rabbits/adult_job49/metadata.json
Animals,17,rabbits,49,49,adult_animal,Animal,initial,0,atomic,7,animal_rabbit_adult_idle,,,0,,0,356,49,animal_rabbit_walk,Data\Engine2D\Bin\Bobs\CR_Ani_Body_00.bmd,Data\Engine2D\Bin\Bobs\CR_Ani_Body_00_s.bmd,,house01,,8,8,2431-2487,30,"frame = min(count-1, floor(count*progress/duration)); duration from atomic length",RENDERED,Animals/tribe_17_rabbits/Sheets/cr_ani_body_00__house01/j49_A007_animal_rabbit_walk_s356.png,Animals/tribe_17_rabbits/Sheets/cr_ani_body_00__house01/j49_A007_animal_rabbit_walk_s356__shadow_mask.png,Animals/tribe_17_rabbits/adult_job49/metadata.json
Animals,17,rabbits,49,49,adult_animal,Animal,initial,0,atomic,9,animal_bear_eat,,,0,,0,360,49,animal_rabbit_walk,Data\Engine2D\Bin\Bobs\CR_Ani_Body_00.bmd,Data\Engine2D\Bin\Bobs\CR_Ani_Body_00_s.bmd,,house01,,8,8,2431-2487,20,"frame = min(count-1, floor(count*progress/duration)); duration from atomic length",RENDERED,Animals/tribe_17_rabbits/Sheets/cr_ani_body_00__house01/j49_A009_animal_rabbit_walk_s360.png,Animals/tribe_17_rabbits/Sheets/cr_ani_body_00__house01/j49_A009_animal_rabbit_walk_s360__shadow_mask.png,Animals/tribe_17_rabbits/adult_job49/metadata.json
Animals,17,rabbits,49,49,adult_animal,Animal,initial,0,walk,,,0,,,100000,0,1136,49,animal_rabbit_walk,Data\Engine2D\Bin\Bobs\CR_Ani_Body_00.bmd,Data\Engine2D\Bin\Bobs\CR_Ani_Body_00_s.bmd,,house01,,8,64,2431-2494,,frame = frameTick % count (walk; caller frame tick),RENDERED,Animals/tribe_17_rabbits/Sheets/cr_ani_body_00__house01/j49_W000_animal_rabbit_walk_s1136.png,Animals/tribe_17_rabbits/Sheets/cr_ani_body_00__house01/j49_W000_animal_rabbit_walk_s1136__shadow_mask.png,Animals/tribe_17_rabbits/adult_job49/metadata.json
Animals,18,evil hares,48,48,baby_animal,Young Animal,initial,0,atomic,2,animal_rabbit_baby_idle,,,0,,0,380,48,animal_rabbit_walk,Data\Engine2D\Bin\Bobs\CR_Ani_Body_00.bmd,Data\Engine2D\Bin\Bobs\CR_Ani_Body_00_s.bmd,,harbour01,,8,8,2431-2487,30,"frame = min(count-1, floor(count*progress/duration)); duration from atomic length",RENDERED,Animals/tribe_18_evil_hares/Sheets/cr_ani_body_00__harbour01/j48_A002_animal_rabbit_walk_s380.png,Animals/tribe_18_evil_hares/Sheets/cr_ani_body_00__harbour01/j48_A002_animal_rabbit_walk_s380__shadow_mask.png,Animals/tribe_18_evil_hares/young_job48/metadata.json
Animals,18,evil hares,48,48,baby_animal,Young Animal,initial,0,atomic,3,animal_rabbit_baby_idle,,,0,,0,379,48,animal_rabbit_walk,Data\Engine2D\Bin\Bobs\CR_Ani_Body_00.bmd,Data\Engine2D\Bin\Bobs\CR_Ani_Body_00_s.bmd,,harbour01,,8,8,2431-2487,30,"frame = min(count-1, floor(count*progress/duration)); duration from atomic length",RENDERED,Animals/tribe_18_evil_hares/Sheets/cr_ani_body_00__harbour01/j48_A003_animal_rabbit_walk_s379.png,Animals/tribe_18_evil_hares/Sheets/cr_ani_body_00__harbour01/j48_A003_animal_rabbit_walk_s379__shadow_mask.png,Animals/tribe_18_evil_hares/young_job48/metadata.json
Animals,18,evil hares,48,48,baby_animal,Young Animal,initial,0,atomic,4,animal_rabbit_baby_idle,,,0,,0,378,48,animal_rabbit_walk,Data\Engine2D\Bin\Bobs\CR_Ani_Body_00.bmd,Data\Engine2D\Bin\Bobs\CR_Ani_Body_00_s.bmd,,harbour01,,8,8,2431-2487,30,"frame = min(count-1, floor(count*progress/duration)); duration from atomic length",RENDERED,Animals/tribe_18_evil_hares/Sheets/cr_ani_body_00__harbour01/j48_A004_animal_rabbit_walk_s378.png,Animals/tribe_18_evil_hares/Sheets/cr_ani_body_00__harbour01/j48_A004_animal_rabbit_walk_s378__shadow_mask.png,Animals/tribe_18_evil_hares/young_job48/metadata.json
Animals,18,evil hares,48,48,baby_animal,Young Animal,initial,0,atomic,5,animal_rabbit_baby_idle,,,0,,0,375,48,animal_rabbit_walk,Data\Engine2D\Bin\Bobs\CR_Ani_Body_00.bmd,Data\Engine2D\Bin\Bobs\CR_Ani_Body_00_s.bmd,,harbour01,,8,8,2431-2487,30,"frame = min(count-1, floor(count*progress/duration)); duration from atomic length",RENDERED,Animals/tribe_18_evil_hares/Sheets/cr_ani_body_00__harbour01/j48_A005_animal_rabbit_walk_s375.png,Animals/tribe_18_evil_hares/Sheets/cr_ani_body_00__harbour01/j48_A005_animal_rabbit_walk_s375__shadow_mask.png,Animals/tribe_18_evil_hares/young_job48/metadata.json
Animals,18,evil hares,48,48,baby_animal,Young Animal,initial,0,atomic,6,animal_rabbit_baby_idle,,,0,,0,376,48,animal_rabbit_walk,Data\Engine2D\Bin\Bobs\CR_Ani_Body_00.bmd,Data\Engine2D\Bin\Bobs\CR_Ani_Body_00_s.bmd,,harbour01,,8,8,2431-2487,30,"frame = min(count-1, floor(count*progress/duration)); duration from atomic length",RENDERED,Animals/tribe_18_evil_hares/Sheets/cr_ani_body_00__harbour01/j48_A006_animal_rabbit_walk_s376.png,Animals/tribe_18_evil_hares/Sheets/cr_ani_body_00__harbour01/j48_A006_animal_rabbit_walk_s376__shadow_mask.png,Animals/tribe_18_evil_hares/young_job48/metadata.json
Animals,18,evil hares,48,48,baby_animal,Young Animal,initial,0,atomic,7,animal_rabbit_baby_idle,,,0,,0,377,48,animal_rabbit_walk,Data\Engine2D\Bin\Bobs\CR_Ani_Body_00.bmd,Data\Engine2D\Bin\Bobs\CR_Ani_Body_00_s.bmd,,harbour01,,8,8,2431-2487,30,"frame = min(count-1, floor(count*progress/duration)); duration from atomic length",RENDERED,Animals/tribe_18_evil_hares/Sheets/cr_ani_body_00__harbour01/j48_A007_animal_rabbit_walk_s377.png,Animals/tribe_18_evil_hares/Sheets/cr_ani_body_00__harbour01/j48_A007_animal_rabbit_walk_s377__shadow_mask.png,Animals/tribe_18_evil_hares/young_job48/metadata.json
Animals,18,evil hares,48,48,baby_animal,Young Animal,initial,0,atomic,9,animal_bear_eat,,,0,,0,381,48,animal_rabbit_walk,Data\Engine2D\Bin\Bobs\CR_Ani_Body_00.bmd,Data\Engine2D\Bin\Bobs\CR_Ani_Body_00_s.bmd,,harbour01,,8,8,2431-2487,20,"frame = min(count-1, floor(count*progress/duration)); duration from atomic length",RENDERED,Animals/tribe_18_evil_hares/Sheets/cr_ani_body_00__harbour01/j48_A009_animal_rabbit_walk_s381.png,Animals/tribe_18_evil_hares/Sheets/cr_ani_body_00__harbour01/j48_A009_animal_rabbit_walk_s381__shadow_mask.png,Animals/tribe_18_evil_hares/young_job48/metadata.json
Animals,18,evil hares,48,48,baby_animal,Young Animal,initial,0,walk,,,0,,,100000,0,1139,48,animal_rabbit_walk,Data\Engine2D\Bin\Bobs\CR_Ani_Body_00.bmd,Data\Engine2D\Bin\Bobs\CR_Ani_Body_00_s.bmd,,harbour01,,8,64,2431-2494,,frame = frameTick % count (walk; caller frame tick),RENDERED,Animals/tribe_18_evil_hares/Sheets/cr_ani_body_00__harbour01/j48_W000_animal_rabbit_walk_s1139.png,Animals/tribe_18_evil_hares/Sheets/cr_ani_body_00__harbour01/j48_W000_animal_rabbit_walk_s1139__shadow_mask.png,Animals/tribe_18_evil_hares/young_job48/metadata.json
Animals,18,evil hares,49,49,adult_animal,Animal,initial,0,atomic,2,animal_rabbit_adult_idle,,,0,,0,371,49,animal_rabbit_walk,Data\Engine2D\Bin\Bobs\CR_Ani_Body_00.bmd,Data\Engine2D\Bin\Bobs\CR_Ani_Body_00_s.bmd,,house01,,8,8,2431-2487,30,"frame = min(count-1, floor(count*progress/duration)); duration from atomic length",RENDERED,Animals/tribe_18_evil_hares/Sheets/cr_ani_body_00__house01/j49_A002_animal_rabbit_walk_s371.png,Animals/tribe_18_evil_hares/Sheets/cr_ani_body_00__house01/j49_A002_animal_rabbit_walk_s371__shadow_mask.png,Animals/tribe_18_evil_hares/adult_job49/metadata.json
Animals,18,evil hares,49,49,adult_animal,Animal,initial,0,atomic,3,animal_rabbit_adult_idle,,,0,,0,372,49,animal_rabbit_walk,Data\Engine2D\Bin\Bobs\CR_Ani_Body_00.bmd,Data\Engine2D\Bin\Bobs\CR_Ani_Body_00_s.bmd,,house01,,8,8,2431-2487,30,"frame = min(count-1, floor(count*progress/duration)); duration from atomic length",RENDERED,Animals/tribe_18_evil_hares/Sheets/cr_ani_body_00__house01/j49_A003_animal_rabbit_walk_s372.png,Animals/tribe_18_evil_hares/Sheets/cr_ani_body_00__house01/j49_A003_animal_rabbit_walk_s372__shadow_mask.png,Animals/tribe_18_evil_hares/adult_job49/metadata.json
Animals,18,evil hares,49,49,adult_animal,Animal,initial,0,atomic,4,animal_rabbit_adult_idle,,,0,,0,373,49,animal_rabbit_walk,Data\Engine2D\Bin\Bobs\CR_Ani_Body_00.bmd,Data\Engine2D\Bin\Bobs\CR_Ani_Body_00_s.bmd,,house01,,8,8,2431-2487,30,"frame = min(count-1, floor(count*progress/duration)); duration from atomic length",RENDERED,Animals/tribe_18_evil_hares/Sheets/cr_ani_body_00__house01/j49_A004_animal_rabbit_walk_s373.png,Animals/tribe_18_evil_hares/Sheets/cr_ani_body_00__house01/j49_A004_animal_rabbit_walk_s373__shadow_mask.png,Animals/tribe_18_evil_hares/adult_job49/metadata.json
Animals,18,evil hares,49,49,adult_animal,Animal,initial,0,atomic,5,animal_rabbit_adult_idle,,,0,,0,368,49,animal_rabbit_walk,Data\Engine2D\Bin\Bobs\CR_Ani_Body_00.bmd,Data\Engine2D\Bin\Bobs\CR_Ani_Body_00_s.bmd,,house01,,8,8,2431-2487,30,"frame = min(count-1, floor(count*progress/duration)); duration from atomic length",RENDERED,Animals/tribe_18_evil_hares/Sheets/cr_ani_body_00__house01/j49_A005_animal_rabbit_walk_s368.png,Animals/tribe_18_evil_hares/Sheets/cr_ani_body_00__house01/j49_A005_animal_rabbit_walk_s368__shadow_mask.png,Animals/tribe_18_evil_hares/adult_job49/metadata.json
Animals,18,evil hares,49,49,adult_animal,Animal,initial,0,atomic,6,animal_rabbit_adult_idle,,,0,,0,369,49,animal_rabbit_walk,Data\Engine2D\Bin\Bobs\CR_Ani_Body_00.bmd,Data\Engine2D\Bin\Bobs\CR_Ani_Body_00_s.bmd,,house01,,8,8,2431-2487,30,"frame = min(count-1, floor(count*progress/duration)); duration from atomic length",RENDERED,Animals/tribe_18_evil_hares/Sheets/cr_ani_body_00__house01/j49_A006_animal_rabbit_walk_s369.png,Animals/tribe_18_evil_hares/Sheets/cr_ani_body_00__house01/j49_A006_animal_rabbit_walk_s369__shadow_mask.png,Animals/tribe_18_evil_hares/adult_job49/metadata.json
Animals,18,evil hares,49,49,adult_animal,Animal,initial,0,atomic,7,animal_rabbit_adult_idle,,,0,,0,370,49,animal_rabbit_walk,Data\Engine2D\Bin\Bobs\CR_Ani_Body_00.bmd,Data\Engine2D\Bin\Bobs\CR_Ani_Body_00_s.bmd,,house01,,8,8,2431-2487,30,"frame = min(count-1, floor(count*progress/duration)); duration from atomic length",RENDERED,Animals/tribe_18_evil_hares/Sheets/cr_ani_body_00__house01/j49_A007_animal_rabbit_walk_s370.png,Animals/tribe_18_evil_hares/Sheets/cr_ani_body_00__house01/j49_A007_animal_rabbit_walk_s370__shadow_mask.png,Animals/tribe_18_evil_hares/adult_job49/metadata.json
Animals,18,evil hares,49,49,adult_animal,Animal,initial,0,atomic,9,animal_bear_eat,,,0,,0,374,49,animal_rabbit_walk,Data\Engine2D\Bin\Bobs\CR_Ani_Body_00.bmd,Data\Engine2D\Bin\Bobs\CR_Ani_Body_00_s.bmd,,house01,,8,8,2431-2487,20,"frame = min(count-1, floor(count*progress/duration)); duration from atomic length",RENDERED,Animals/tribe_18_evil_hares/Sheets/cr_ani_body_00__house01/j49_A009_animal_rabbit_walk_s374.png,Animals/tribe_18_evil_hares/Sheets/cr_ani_body_00__house01/j49_A009_animal_rabbit_walk_s374__shadow_mask.png,Animals/tribe_18_evil_hares/adult_job49/metadata.json
Animals,18,evil hares,49,49,adult_animal,Animal,initial,0,walk,,,0,,,100000,0,1138,49,animal_rabbit_walk,Data\Engine2D\Bin\Bobs\CR_Ani_Body_00.bmd,Data\Engine2D\Bin\Bobs\CR_Ani_Body_00_s.bmd,,house01,,8,64,2431-2494,,frame = frameTick % count (walk; caller frame tick),RENDERED,Animals/tribe_18_evil_hares/Sheets/cr_ani_body_00__house01/j49_W000_animal_rabbit_walk_s1138.png,Animals/tribe_18_evil_hares/Sheets/cr_ani_body_00__house01/j49_W000_animal_rabbit_walk_s1138__shadow_mask.png,Animals/tribe_18_evil_hares/adult_job49/metadata.json
Animals,19,sheep,48,48,baby_animal,Young Animal,initial,0,atomic,2,animal_sheep_baby_idle,,,0,,0,389,48,animal_sheep_walk,Data\Engine2D\Bin\Bobs\CR_Ani_Body_00.bmd,Data\Engine2D\Bin\Bobs\CR_Ani_Body_00_s.bmd,,house01,,8,8,2519-2610,100,"frame = min(count-1, floor(count*progress/duration)); duration from atomic length",RENDERED,Animals/tribe_19_sheep/Sheets/cr_ani_body_00__house01/j48_A002_animal_sheep_walk_s389.png,Animals/tribe_19_sheep/Sheets/cr_ani_body_00__house01/j48_A002_animal_sheep_walk_s389__shadow_mask.png,Animals/tribe_19_sheep/young_job48/metadata.json
Animals,19,sheep,48,48,baby_animal,Young Animal,initial,0,atomic,3,animal_sheep_baby_idle,,,0,,0,390,48,animal_sheep_walk,Data\Engine2D\Bin\Bobs\CR_Ani_Body_00.bmd,Data\Engine2D\Bin\Bobs\CR_Ani_Body_00_s.bmd,,house01,,8,8,2519-2610,100,"frame = min(count-1, floor(count*progress/duration)); duration from atomic length",RENDERED,Animals/tribe_19_sheep/Sheets/cr_ani_body_00__house01/j48_A003_animal_sheep_walk_s390.png,Animals/tribe_19_sheep/Sheets/cr_ani_body_00__house01/j48_A003_animal_sheep_walk_s390__shadow_mask.png,Animals/tribe_19_sheep/young_job48/metadata.json
Animals,19,sheep,48,48,baby_animal,Young Animal,initial,0,atomic,4,animal_sheep_baby_idle,,,0,,0,391,48,animal_sheep_walk,Data\Engine2D\Bin\Bobs\CR_Ani_Body_00.bmd,Data\Engine2D\Bin\Bobs\CR_Ani_Body_00_s.bmd,,house01,,8,8,2519-2610,100,"frame = min(count-1, floor(count*progress/duration)); duration from atomic length",RENDERED,Animals/tribe_19_sheep/Sheets/cr_ani_body_00__house01/j48_A004_animal_sheep_walk_s391.png,Animals/tribe_19_sheep/Sheets/cr_ani_body_00__house01/j48_A004_animal_sheep_walk_s391__shadow_mask.png,Animals/tribe_19_sheep/young_job48/metadata.json
Animals,19,sheep,48,48,baby_animal,Young Animal,initial,0,atomic,5,animal_sheep_baby_idle,,,0,,0,392,48,animal_sheep_walk,Data\Engine2D\Bin\Bobs\CR_Ani_Body_00.bmd,Data\Engine2D\Bin\Bobs\CR_Ani_Body_00_s.bmd,,house01,,8,8,2519-2610,100,"frame = min(count-1, floor(count*progress/duration)); duration from atomic length",RENDERED,Animals/tribe_19_sheep/Sheets/cr_ani_body_00__house01/j48_A005_animal_sheep_walk_s392.png,Animals/tribe_19_sheep/Sheets/cr_ani_body_00__house01/j48_A005_animal_sheep_walk_s392__shadow_mask.png,Animals/tribe_19_sheep/young_job48/metadata.json
Animals,19,sheep,48,48,baby_animal,Young Animal,initial,0,atomic,6,animal_sheep_baby_idle,,,0,,0,393,48,animal_sheep_walk,Data\Engine2D\Bin\Bobs\CR_Ani_Body_00.bmd,Data\Engine2D\Bin\Bobs\CR_Ani_Body_00_s.bmd,,house01,,8,8,2519-2610,100,"frame = min(count-1, floor(count*progress/duration)); duration from atomic length",RENDERED,Animals/tribe_19_sheep/Sheets/cr_ani_body_00__house01/j48_A006_animal_sheep_walk_s393.png,Animals/tribe_19_sheep/Sheets/cr_ani_body_00__house01/j48_A006_animal_sheep_walk_s393__shadow_mask.png,Animals/tribe_19_sheep/young_job48/metadata.json
Animals,19,sheep,48,48,baby_animal,Young Animal,initial,0,atomic,7,animal_sheep_baby_idle,,,0,,0,394,48,animal_sheep_walk,Data\Engine2D\Bin\Bobs\CR_Ani_Body_00.bmd,Data\Engine2D\Bin\Bobs\CR_Ani_Body_00_s.bmd,,house01,,8,8,2519-2610,100,"frame = min(count-1, floor(count*progress/duration)); duration from atomic length",RENDERED,Animals/tribe_19_sheep/Sheets/cr_ani_body_00__house01/j48_A007_animal_sheep_walk_s394.png,Animals/tribe_19_sheep/Sheets/cr_ani_body_00__house01/j48_A007_animal_sheep_walk_s394__shadow_mask.png,Animals/tribe_19_sheep/young_job48/metadata.json
Animals,19,sheep,48,48,baby_animal,Young Animal,initial,0,atomic,9,animal_bear_eat,,,0,,0,395,48,animal_sheep_walk,Data\Engine2D\Bin\Bobs\CR_Ani_Body_00.bmd,Data\Engine2D\Bin\Bobs\CR_Ani_Body_00_s.bmd,,house01,,8,8,2519-2610,20,"frame = min(count-1, floor(count*progress/duration)); duration from atomic length",RENDERED,Animals/tribe_19_sheep/Sheets/cr_ani_body_00__house01/j48_A009_animal_sheep_walk_s395.png,Animals/tribe_19_sheep/Sheets/cr_ani_body_00__house01/j48_A009_animal_sheep_walk_s395__shadow_mask.png,Animals/tribe_19_sheep/young_job48/metadata.json
Animals,19,sheep,48,48,baby_animal,Young Animal,initial,0,walk,,,0,,,100000,0,1141,48,animal_sheep_walk,Data\Engine2D\Bin\Bobs\CR_Ani_Body_00.bmd,Data\Engine2D\Bin\Bobs\CR_Ani_Body_00_s.bmd,,house01,,8,96,2516-2611,,frame = frameTick % count (walk; caller frame tick),RENDERED,Animals/tribe_19_sheep/Sheets/cr_ani_body_00__house01/j48_W000_animal_sheep_walk_s1141.png,Animals/tribe_19_sheep/Sheets/cr_ani_body_00__house01/j48_W000_animal_sheep_walk_s1141__shadow_mask.png,Animals/tribe_19_sheep/young_job48/metadata.json
Animals,19,sheep,49,49,adult_animal,Animal,initial,0,atomic,2,animal_sheep_adult_idle,,,0,,0,387,49,animal_sheep_walk,Data\Engine2D\Bin\Bobs\CR_Ani_Body_00.bmd,Data\Engine2D\Bin\Bobs\CR_Ani_Body_00_s.bmd,,house01,,8,8,2519-2610,100,"frame = min(count-1, floor(count*progress/duration)); duration from atomic length",RENDERED,Animals/tribe_19_sheep/Sheets/cr_ani_body_00__house01/j49_A002_animal_sheep_walk_s387.png,Animals/tribe_19_sheep/Sheets/cr_ani_body_00__house01/j49_A002_animal_sheep_walk_s387__shadow_mask.png,Animals/tribe_19_sheep/adult_job49/metadata.json
Animals,19,sheep,49,49,adult_animal,Animal,initial,0,atomic,3,animal_sheep_adult_idle,,,0,,0,382,49,animal_sheep_walk,Data\Engine2D\Bin\Bobs\CR_Ani_Body_00.bmd,Data\Engine2D\Bin\Bobs\CR_Ani_Body_00_s.bmd,,house01,,8,8,2519-2610,100,"frame = min(count-1, floor(count*progress/duration)); duration from atomic length",RENDERED,Animals/tribe_19_sheep/Sheets/cr_ani_body_00__house01/j49_A003_animal_sheep_walk_s382.png,Animals/tribe_19_sheep/Sheets/cr_ani_body_00__house01/j49_A003_animal_sheep_walk_s382__shadow_mask.png,Animals/tribe_19_sheep/adult_job49/metadata.json
Animals,19,sheep,49,49,adult_animal,Animal,initial,0,atomic,4,animal_sheep_adult_idle,,,0,,0,383,49,animal_sheep_walk,Data\Engine2D\Bin\Bobs\CR_Ani_Body_00.bmd,Data\Engine2D\Bin\Bobs\CR_Ani_Body_00_s.bmd,,house01,,8,8,2519-2610,100,"frame = min(count-1, floor(count*progress/duration)); duration from atomic length",RENDERED,Animals/tribe_19_sheep/Sheets/cr_ani_body_00__house01/j49_A004_animal_sheep_walk_s383.png,Animals/tribe_19_sheep/Sheets/cr_ani_body_00__house01/j49_A004_animal_sheep_walk_s383__shadow_mask.png,Animals/tribe_19_sheep/adult_job49/metadata.json
Animals,19,sheep,49,49,adult_animal,Animal,initial,0,atomic,5,animal_sheep_adult_idle,,,0,,0,384,49,animal_sheep_walk,Data\Engine2D\Bin\Bobs\CR_Ani_Body_00.bmd,Data\Engine2D\Bin\Bobs\CR_Ani_Body_00_s.bmd,,house01,,8,8,2519-2610,100,"frame = min(count-1, floor(count*progress/duration)); duration from atomic length",RENDERED,Animals/tribe_19_sheep/Sheets/cr_ani_body_00__house01/j49_A005_animal_sheep_walk_s384.png,Animals/tribe_19_sheep/Sheets/cr_ani_body_00__house01/j49_A005_animal_sheep_walk_s384__shadow_mask.png,Animals/tribe_19_sheep/adult_job49/metadata.json
Animals,19,sheep,49,49,adult_animal,Animal,initial,0,atomic,6,animal_sheep_adult_idle,,,0,,0,385,49,animal_sheep_walk,Data\Engine2D\Bin\Bobs\CR_Ani_Body_00.bmd,Data\Engine2D\Bin\Bobs\CR_Ani_Body_00_s.bmd,,house01,,8,8,2519-2610,100,"frame = min(count-1, floor(count*progress/duration)); duration from atomic length",RENDERED,Animals/tribe_19_sheep/Sheets/cr_ani_body_00__house01/j49_A006_animal_sheep_walk_s385.png,Animals/tribe_19_sheep/Sheets/cr_ani_body_00__house01/j49_A006_animal_sheep_walk_s385__shadow_mask.png,Animals/tribe_19_sheep/adult_job49/metadata.json
Animals,19,sheep,49,49,adult_animal,Animal,initial,0,atomic,7,animal_sheep_adult_idle,,,0,,0,386,49,animal_sheep_walk,Data\Engine2D\Bin\Bobs\CR_Ani_Body_00.bmd,Data\Engine2D\Bin\Bobs\CR_Ani_Body_00_s.bmd,,house01,,8,8,2519-2610,100,"frame = min(count-1, floor(count*progress/duration)); duration from atomic length",RENDERED,Animals/tribe_19_sheep/Sheets/cr_ani_body_00__house01/j49_A007_animal_sheep_walk_s386.png,Animals/tribe_19_sheep/Sheets/cr_ani_body_00__house01/j49_A007_animal_sheep_walk_s386__shadow_mask.png,Animals/tribe_19_sheep/adult_job49/metadata.json
Animals,19,sheep,49,49,adult_animal,Animal,initial,0,atomic,9,animal_bear_eat,,,0,,0,388,49,animal_sheep_walk,Data\Engine2D\Bin\Bobs\CR_Ani_Body_00.bmd,Data\Engine2D\Bin\Bobs\CR_Ani_Body_00_s.bmd,,house01,,8,8,2519-2610,20,"frame = min(count-1, floor(count*progress/duration)); duration from atomic length",RENDERED,Animals/tribe_19_sheep/Sheets/cr_ani_body_00__house01/j49_A009_animal_sheep_walk_s388.png,Animals/tribe_19_sheep/Sheets/cr_ani_body_00__house01/j49_A009_animal_sheep_walk_s388__shadow_mask.png,Animals/tribe_19_sheep/adult_job49/metadata.json
Animals,19,sheep,49,49,adult_animal,Animal,initial,0,walk,,,0,,,100000,0,1140,49,animal_sheep_walk,Data\Engine2D\Bin\Bobs\CR_Ani_Body_00.bmd,Data\Engine2D\Bin\Bobs\CR_Ani_Body_00_s.bmd,,house01,,8,96,2516-2611,,frame = frameTick % count (walk; caller frame tick),RENDERED,Animals/tribe_19_sheep/Sheets/cr_ani_body_00__house01/j49_W000_animal_sheep_walk_s1140.png,Animals/tribe_19_sheep/Sheets/cr_ani_body_00__house01/j49_W000_animal_sheep_walk_s1140__shadow_mask.png,Animals/tribe_19_sheep/adult_job49/metadata.json
Animals,20,wolves,48,48,baby_animal,Young Animal,initial,0,atomic,2,animal_wolve_baby_idle,,,0,,0,404,48,animal_wolf_wait_cry,Data\Engine2D\Bin\Bobs\CR_Ani_Body_00.bmd,Data\Engine2D\Bin\Bobs\CR_Ani_Body_00_s.bmd,,wolves01,,8,160,3017-3022,20,"frame = min(count-1, floor(count*progress/duration)); duration from atomic length",RENDERED,Animals/tribe_20_wolves/Sheets/cr_ani_body_00__wolves01/j48_A002_animal_wolf_wait_cry_s404.png,Animals/tribe_20_wolves/Sheets/cr_ani_body_00__wolves01/j48_A002_animal_wolf_wait_cry_s404__shadow_mask.png,Animals/tribe_20_wolves/young_job48/metadata.json
Animals,20,wolves,48,48,baby_animal,Young Animal,initial,0,atomic,3,animal_wolve_baby_idle,,,0,,0,408,48,animal_wolf_wait_cry,Data\Engine2D\Bin\Bobs\CR_Ani_Body_00.bmd,Data\Engine2D\Bin\Bobs\CR_Ani_Body_00_s.bmd,,wolves01,,8,160,3017-3022,20,"frame = min(count-1, floor(count*progress/duration)); duration from atomic length",RENDERED,Animals/tribe_20_wolves/Sheets/cr_ani_body_00__wolves01/j48_A003_animal_wolf_wait_cry_s408.png,Animals/tribe_20_wolves/Sheets/cr_ani_body_00__wolves01/j48_A003_animal_wolf_wait_cry_s408__shadow_mask.png,Animals/tribe_20_wolves/young_job48/metadata.json
Animals,20,wolves,48,48,baby_animal,Young Animal,initial,0,atomic,4,animal_wolve_baby_idle,,,0,,0,405,48,animal_wolf_wait_cry,Data\Engine2D\Bin\Bobs\CR_Ani_Body_00.bmd,Data\Engine2D\Bin\Bobs\CR_Ani_Body_00_s.bmd,,wolves01,,8,160,3017-3022,20,"frame = min(count-1, floor(count*progress/duration)); duration from atomic length",RENDERED,Animals/tribe_20_wolves/Sheets/cr_ani_body_00__wolves01/j48_A004_animal_wolf_wait_cry_s405.png,Animals/tribe_20_wolves/Sheets/cr_ani_body_00__wolves01/j48_A004_animal_wolf_wait_cry_s405__shadow_mask.png,Animals/tribe_20_wolves/young_job48/metadata.json
Animals,20,wolves,48,48,baby_animal,Young Animal,initial,0,atomic,5,animal_wolve_baby_idle,,,0,,0,406,48,animal_wolf_wait_cry,Data\Engine2D\Bin\Bobs\CR_Ani_Body_00.bmd,Data\Engine2D\Bin\Bobs\CR_Ani_Body_00_s.bmd,,wolves01,,8,160,3017-3022,20,"frame = min(count-1, floor(count*progress/duration)); duration from atomic length",RENDERED,Animals/tribe_20_wolves/Sheets/cr_ani_body_00__wolves01/j48_A005_animal_wolf_wait_cry_s406.png,Animals/tribe_20_wolves/Sheets/cr_ani_body_00__wolves01/j48_A005_animal_wolf_wait_cry_s406__shadow_mask.png,Animals/tribe_20_wolves/young_job48/metadata.json
Animals,20,wolves,48,48,baby_animal,Young Animal,initial,0,atomic,6,animal_wolve_baby_idle,,,0,,0,407,48,animal_wolf_wait_cry,Data\Engine2D\Bin\Bobs\CR_Ani_Body_00.bmd,Data\Engine2D\Bin\Bobs\CR_Ani_Body_00_s.bmd,,wolves01,,8,160,3017-3022,20,"frame = min(count-1, floor(count*progress/duration)); duration from atomic length",RENDERED,Animals/tribe_20_wolves/Sheets/cr_ani_body_00__wolves01/j48_A006_animal_wolf_wait_cry_s407.png,Animals/tribe_20_wolves/Sheets/cr_ani_body_00__wolves01/j48_A006_animal_wolf_wait_cry_s407__shadow_mask.png,Animals/tribe_20_wolves/young_job48/metadata.json
Animals,20,wolves,48,48,baby_animal,Young Animal,initial,0,atomic,7,animal_wolve_baby_idle,,,0,,0,409,48,animal_wolf_wait_cry,Data\Engine2D\Bin\Bobs\CR_Ani_Body_00.bmd,Data\Engine2D\Bin\Bobs\CR_Ani_Body_00_s.bmd,,wolves01,,8,160,3017-3022,20,"frame = min(count-1, floor(count*progress/duration)); duration from atomic length",RENDERED,Animals/tribe_20_wolves/Sheets/cr_ani_body_00__wolves01/j48_A007_animal_wolf_wait_cry_s409.png,Animals/tribe_20_wolves/Sheets/cr_ani_body_00__wolves01/j48_A007_animal_wolf_wait_cry_s409__shadow_mask.png,Animals/tribe_20_wolves/young_job48/metadata.json
Animals,20,wolves,48,48,baby_animal,Young Animal,initial,0,atomic,81,animal_bear_attack,,,0,,0,410,48,animal_wolf_attack,Data\Engine2D\Bin\Bobs\CR_Ani_Body_00.bmd,Data\Engine2D\Bin\Bobs\CR_Ani_Body_00_s.bmd,,wolves01,,8,200,2747-2882,20,"frame = min(count-1, floor(count*progress/duration)); duration from atomic length",RENDERED,Animals/tribe_20_wolves/Sheets/cr_ani_body_00__wolves01/j48_A081_animal_wolf_attack_s410.png,Animals/tribe_20_wolves/Sheets/cr_ani_body_00__wolves01/j48_A081_animal_wolf_attack_s410__shadow_mask.png,Animals/tribe_20_wolves/young_job48/metadata.json
Animals,20,wolves,48,48,baby_animal,Young Animal,initial,0,walk,,,0,,,5,0,1145,48,animal_wolf_run,Data\Engine2D\Bin\Bobs\CR_Ani_Body_00.bmd,Data\Engine2D\Bin\Bobs\CR_Ani_Body_00_s.bmd,,wolves01,,8,104,2883-2986,,frame = frameTick % count (walk; caller frame tick),RENDERED,Animals/tribe_20_wolves/Sheets/cr_ani_body_00__wolves01/j48_W000_speed5_animal_wolf_run_s1145.png,Animals/tribe_20_wolves/Sheets/cr_ani_body_00__wolves01/j48_W000_speed5_animal_wolf_run_s1145__shadow_mask.png,Animals/tribe_20_wolves/young_job48/metadata.json
Animals,20,wolves,48,48,baby_animal,Young Animal,initial,0,walk,,,0,,,8,0,1144,48,animal_wolf_walk,Data\Engine2D\Bin\Bobs\CR_Ani_Body_00.bmd,Data\Engine2D\Bin\Bobs\CR_Ani_Body_00_s.bmd,,wolves01,,8,96,3024-3119,,frame = frameTick % count (walk; caller frame tick),RENDERED,Animals/tribe_20_wolves/Sheets/cr_ani_body_00__wolves01/j48_W000_speed8_animal_wolf_walk_s1144.png,Animals/tribe_20_wolves/Sheets/cr_ani_body_00__wolves01/j48_W000_speed8_animal_wolf_walk_s1144__shadow_mask.png,Animals/tribe_20_wolves/young_job48/metadata.json
Animals,20,wolves,49,49,adult_animal,Animal,initial,0,atomic,2,animal_wolve_adult_idle,,,0,,0,397,49,animal_wolf_wait_clean,Data\Engine2D\Bin\Bobs\CR_Ani_Body_00.bmd,Data\Engine2D\Bin\Bobs\CR_Ani_Body_00_s.bmd,,wolves01,,8,160,2999-3002,20,"frame = min(count-1, floor(count*progress/duration)); duration from atomic length",RENDERED,Animals/tribe_20_wolves/Sheets/cr_ani_body_00__wolves01/j49_A002_animal_wolf_wait_clean_s397.png,Animals/tribe_20_wolves/Sheets/cr_ani_body_00__wolves01/j49_A002_animal_wolf_wait_clean_s397__shadow_mask.png,Animals/tribe_20_wolves/adult_job49/metadata.json
Animals,20,wolves,49,49,adult_animal,Animal,initial,0,atomic,3,animal_wolve_adult_idle,,,0,,0,398,49,animal_wolf_wait_cry,Data\Engine2D\Bin\Bobs\CR_Ani_Body_00.bmd,Data\Engine2D\Bin\Bobs\CR_Ani_Body_00_s.bmd,,wolves01,,8,160,3017-3022,20,"frame = min(count-1, floor(count*progress/duration)); duration from atomic length",RENDERED,Animals/tribe_20_wolves/Sheets/cr_ani_body_00__wolves01/j49_A003_animal_wolf_wait_cry_s398.png,Animals/tribe_20_wolves/Sheets/cr_ani_body_00__wolves01/j49_A003_animal_wolf_wait_cry_s398__shadow_mask.png,Animals/tribe_20_wolves/adult_job49/metadata.json
Animals,20,wolves,49,49,adult_animal,Animal,initial,0,atomic,4,animal_wolve_adult_idle,,,0,,0,399,49,animal_wolf_wait_clean,Data\Engine2D\Bin\Bobs\CR_Ani_Body_00.bmd,Data\Engine2D\Bin\Bobs\CR_Ani_Body_00_s.bmd,,wolves01,,8,8,3002-3002,20,"frame = min(count-1, floor(count*progress/duration)); duration from atomic length",RENDERED,Animals/tribe_20_wolves/Sheets/cr_ani_body_00__wolves01/j49_A004_animal_wolf_wait_clean_s399.png,Animals/tribe_20_wolves/Sheets/cr_ani_body_00__wolves01/j49_A004_animal_wolf_wait_clean_s399__shadow_mask.png,Animals/tribe_20_wolves/adult_job49/metadata.json
Animals,20,wolves,49,49,adult_animal,Animal,initial,0,atomic,5,animal_wolve_adult_idle,,,0,,0,400,49,animal_wolf_wait_cry,Data\Engine2D\Bin\Bobs\CR_Ani_Body_00.bmd,Data\Engine2D\Bin\Bobs\CR_Ani_Body_00_s.bmd,,wolves01,,8,168,3016-3020,20,"frame = min(count-1, floor(count*progress/duration)); duration from atomic length",RENDERED,Animals/tribe_20_wolves/Sheets/cr_ani_body_00__wolves01/j49_A005_animal_wolf_wait_cry_s400.png,Animals/tribe_20_wolves/Sheets/cr_ani_body_00__wolves01/j49_A005_animal_wolf_wait_cry_s400__shadow_mask.png,Animals/tribe_20_wolves/adult_job49/metadata.json
Animals,20,wolves,49,49,adult_animal,Animal,initial,0,atomic,6,animal_wolve_adult_idle,,,0,,0,401,49,animal_wolf_wait_clean,Data\Engine2D\Bin\Bobs\CR_Ani_Body_00.bmd,Data\Engine2D\Bin\Bobs\CR_Ani_Body_00_s.bmd,,wolves01,,8,256,3002-3011,20,"frame = min(count-1, floor(count*progress/duration)); duration from atomic length",RENDERED,Animals/tribe_20_wolves/Sheets/cr_ani_body_00__wolves01/j49_A006_animal_wolf_wait_clean_s401.png,Animals/tribe_20_wolves/Sheets/cr_ani_body_00__wolves01/j49_A006_animal_wolf_wait_clean_s401__shadow_mask.png,Animals/tribe_20_wolves/adult_job49/metadata.json
Animals,20,wolves,49,49,adult_animal,Animal,initial,0,atomic,7,animal_wolve_adult_idle,,,0,,0,402,49,animal_wolf_wait_clean,Data\Engine2D\Bin\Bobs\CR_Ani_Body_00.bmd,Data\Engine2D\Bin\Bobs\CR_Ani_Body_00_s.bmd,,wolves01,,8,8,3002-3002,20,"frame = min(count-1, floor(count*progress/duration)); duration from atomic length",RENDERED,Animals/tribe_20_wolves/Sheets/cr_ani_body_00__wolves01/j49_A007_animal_wolf_wait_clean_s402.png,Animals/tribe_20_wolves/Sheets/cr_ani_body_00__wolves01/j49_A007_animal_wolf_wait_clean_s402__shadow_mask.png,Animals/tribe_20_wolves/adult_job49/metadata.json
Animals,20,wolves,49,49,adult_animal,Animal,initial,0,atomic,9,animal_bear_eat,,,0,,0,403,49,animal_wolf_wait_cry,Data\Engine2D\Bin\Bobs\CR_Ani_Body_00.bmd,Data\Engine2D\Bin\Bobs\CR_Ani_Body_00_s.bmd,,wolves01,,8,168,3016-3020,20,"frame = min(count-1, floor(count*progress/duration)); duration from atomic length",RENDERED,Animals/tribe_20_wolves/Sheets/cr_ani_body_00__wolves01/j49_A009_animal_wolf_wait_cry_s403.png,Animals/tribe_20_wolves/Sheets/cr_ani_body_00__wolves01/j49_A009_animal_wolf_wait_cry_s403__shadow_mask.png,Animals/tribe_20_wolves/adult_job49/metadata.json
Animals,20,wolves,49,49,adult_animal,Animal,initial,0,atomic,81,animal_wolve_attack,,,0,,0,396,49,animal_wolf_attack,Data\Engine2D\Bin\Bobs\CR_Ani_Body_00.bmd,Data\Engine2D\Bin\Bobs\CR_Ani_Body_00_s.bmd,,wolves01,,8,200,2747-2882,25,"frame = min(count-1, floor(count*progress/duration)); duration from atomic length",RENDERED,Animals/tribe_20_wolves/Sheets/cr_ani_body_00__wolves01/j49_A081_animal_wolf_attack_s396.png,Animals/tribe_20_wolves/Sheets/cr_ani_body_00__wolves01/j49_A081_animal_wolf_attack_s396__shadow_mask.png,Animals/tribe_20_wolves/adult_job49/metadata.json
Animals,20,wolves,49,49,adult_animal,Animal,initial,0,walk,,,0,,,5,0,1143,49,animal_wolf_run,Data\Engine2D\Bin\Bobs\CR_Ani_Body_00.bmd,Data\Engine2D\Bin\Bobs\CR_Ani_Body_00_s.bmd,,wolves01,,8,104,2883-2986,,frame = frameTick % count (walk; caller frame tick),RENDERED,Animals/tribe_20_wolves/Sheets/cr_ani_body_00__wolves01/j49_W000_speed5_animal_wolf_run_s1143.png,Animals/tribe_20_wolves/Sheets/cr_ani_body_00__wolves01/j49_W000_speed5_animal_wolf_run_s1143__shadow_mask.png,Animals/tribe_20_wolves/adult_job49/metadata.json
Animals,20,wolves,49,49,adult_animal,Animal,initial,0,walk,,,0,,,8,0,1142,49,animal_wolf_walk,Data\Engine2D\Bin\Bobs\CR_Ani_Body_00.bmd,Data\Engine2D\Bin\Bobs\CR_Ani_Body_00_s.bmd,,wolves01,,8,96,3024-3119,,frame = frameTick % count (walk; caller frame tick),RENDERED,Animals/tribe_20_wolves/Sheets/cr_ani_body_00__wolves01/j49_W000_speed8_animal_wolf_walk_s1142.png,Animals/tribe_20_wolves/Sheets/cr_ani_body_00__wolves01/j49_W000_speed8_animal_wolf_walk_s1142__shadow_mask.png,Animals/tribe_20_wolves/adult_job49/metadata.json
Animals,21,camels,48,48,baby_animal,Young Animal,initial,0,atomic,2,animal_camel_baby_idle,,,0,,0,972,48,animal_camel_wait,Data\Engine2D\Bin\Bobs\CR_Ani_Body_00.bmd,Data\Engine2D\Bin\Bobs\CR_Ani_Body_00_s.bmd,,bear01,,8,8,381-395,100,"frame = min(count-1, floor(count*progress/duration)); duration from atomic length",RENDERED,Animals/tribe_21_camels/Sheets/cr_ani_body_00__bear01/j48_A002_animal_camel_wait_s972.png,Animals/tribe_21_camels/Sheets/cr_ani_body_00__bear01/j48_A002_animal_camel_wait_s972__shadow_mask.png,Animals/tribe_21_camels/young_job48/metadata.json
Animals,21,camels,48,48,baby_animal,Young Animal,initial,0,atomic,3,animal_camel_baby_idle,,,0,,0,973,48,animal_camel_wait,Data\Engine2D\Bin\Bobs\CR_Ani_Body_00.bmd,Data\Engine2D\Bin\Bobs\CR_Ani_Body_00_s.bmd,,bear01,,8,8,381-395,100,"frame = min(count-1, floor(count*progress/duration)); duration from atomic length",RENDERED,Animals/tribe_21_camels/Sheets/cr_ani_body_00__bear01/j48_A003_animal_camel_wait_s973.png,Animals/tribe_21_camels/Sheets/cr_ani_body_00__bear01/j48_A003_animal_camel_wait_s973__shadow_mask.png,Animals/tribe_21_camels/young_job48/metadata.json
Animals,21,camels,48,48,baby_animal,Young Animal,initial,0,atomic,4,animal_camel_baby_idle,,,0,,0,974,48,animal_camel_wait,Data\Engine2D\Bin\Bobs\CR_Ani_Body_00.bmd,Data\Engine2D\Bin\Bobs\CR_Ani_Body_00_s.bmd,,bear01,,8,8,381-395,100,"frame = min(count-1, floor(count*progress/duration)); duration from atomic length",RENDERED,Animals/tribe_21_camels/Sheets/cr_ani_body_00__bear01/j48_A004_animal_camel_wait_s974.png,Animals/tribe_21_camels/Sheets/cr_ani_body_00__bear01/j48_A004_animal_camel_wait_s974__shadow_mask.png,Animals/tribe_21_camels/young_job48/metadata.json
Animals,21,camels,48,48,baby_animal,Young Animal,initial,0,atomic,5,animal_camel_baby_idle,,,0,,0,975,48,animal_camel_wait,Data\Engine2D\Bin\Bobs\CR_Ani_Body_00.bmd,Data\Engine2D\Bin\Bobs\CR_Ani_Body_00_s.bmd,,bear01,,8,8,381-395,100,"frame = min(count-1, floor(count*progress/duration)); duration from atomic length",RENDERED,Animals/tribe_21_camels/Sheets/cr_ani_body_00__bear01/j48_A005_animal_camel_wait_s975.png,Animals/tribe_21_camels/Sheets/cr_ani_body_00__bear01/j48_A005_animal_camel_wait_s975__shadow_mask.png,Animals/tribe_21_camels/young_job48/metadata.json
Animals,21,camels,48,48,baby_animal,Young Animal,initial,0,atomic,6,animal_camel_baby_idle,,,0,,0,976,48,animal_camel_wait,Data\Engine2D\Bin\Bobs\CR_Ani_Body_00.bmd,Data\Engine2D\Bin\Bobs\CR_Ani_Body_00_s.bmd,,bear01,,8,8,381-395,100,"frame = min(count-1, floor(count*progress/duration)); duration from atomic length",RENDERED,Animals/tribe_21_camels/Sheets/cr_ani_body_00__bear01/j48_A006_animal_camel_wait_s976.png,Animals/tribe_21_camels/Sheets/cr_ani_body_00__bear01/j48_A006_animal_camel_wait_s976__shadow_mask.png,Animals/tribe_21_camels/young_job48/metadata.json
Animals,21,camels,48,48,baby_animal,Young Animal,initial,0,atomic,7,animal_camel_baby_idle,,,0,,0,977,48,animal_camel_wait,Data\Engine2D\Bin\Bobs\CR_Ani_Body_00.bmd,Data\Engine2D\Bin\Bobs\CR_Ani_Body_00_s.bmd,,bear01,,8,8,381-395,100,"frame = min(count-1, floor(count*progress/duration)); duration from atomic length",RENDERED,Animals/tribe_21_camels/Sheets/cr_ani_body_00__bear01/j48_A007_animal_camel_wait_s977.png,Animals/tribe_21_camels/Sheets/cr_ani_body_00__bear01/j48_A007_animal_camel_wait_s977__shadow_mask.png,Animals/tribe_21_camels/young_job48/metadata.json
Animals,21,camels,48,48,baby_animal,Young Animal,initial,0,atomic,9,animal_bear_eat,,,0,,0,978,48,animal_camel_wait,Data\Engine2D\Bin\Bobs\CR_Ani_Body_00.bmd,Data\Engine2D\Bin\Bobs\CR_Ani_Body_00_s.bmd,,bear01,,8,8,381-395,20,"frame = min(count-1, floor(count*progress/duration)); duration from atomic length",RENDERED,Animals/tribe_21_camels/Sheets/cr_ani_body_00__bear01/j48_A009_animal_camel_wait_s978.png,Animals/tribe_21_camels/Sheets/cr_ani_body_00__bear01/j48_A009_animal_camel_wait_s978__shadow_mask.png,Animals/tribe_21_camels/young_job48/metadata.json
Animals,21,camels,48,48,baby_animal,Young Animal,initial,0,walk,,,0,,,100000,0,1561,48,animal_camel_walk,Data\Engine2D\Bin\Bobs\CR_Ani_Body_00.bmd,Data\Engine2D\Bin\Bobs\CR_Ani_Body_00_s.bmd,,bear01,,8,96,423-518,,frame = frameTick % count (walk; caller frame tick),RENDERED,Animals/tribe_21_camels/Sheets/cr_ani_body_00__bear01/j48_W000_animal_camel_walk_s1561.png,Animals/tribe_21_camels/Sheets/cr_ani_body_00__bear01/j48_W000_animal_camel_walk_s1561__shadow_mask.png,Animals/tribe_21_camels/young_job48/metadata.json
Animals,21,camels,49,49,adult_animal,Animal,initial,0,atomic,2,animal_camel_adult_idle,,,0,,0,755,49,animal_camel_wait,Data\Engine2D\Bin\Bobs\CR_Ani_Body_00.bmd,Data\Engine2D\Bin\Bobs\CR_Ani_Body_00_s.bmd,,bear01,,8,8,381-395,100,"frame = min(count-1, floor(count*progress/duration)); duration from atomic length",RENDERED,Animals/tribe_21_camels/Sheets/cr_ani_body_00__bear01/j49_A002_animal_camel_wait_s755.png,Animals/tribe_21_camels/Sheets/cr_ani_body_00__bear01/j49_A002_animal_camel_wait_s755__shadow_mask.png,Animals/tribe_21_camels/adult_job49/metadata.json
Animals,21,camels,49,49,adult_animal,Animal,initial,0,atomic,3,animal_camel_adult_idle,,,0,,0,756,49,animal_camel_wait,Data\Engine2D\Bin\Bobs\CR_Ani_Body_00.bmd,Data\Engine2D\Bin\Bobs\CR_Ani_Body_00_s.bmd,,bear01,,8,8,381-395,100,"frame = min(count-1, floor(count*progress/duration)); duration from atomic length",RENDERED,Animals/tribe_21_camels/Sheets/cr_ani_body_00__bear01/j49_A003_animal_camel_wait_s756.png,Animals/tribe_21_camels/Sheets/cr_ani_body_00__bear01/j49_A003_animal_camel_wait_s756__shadow_mask.png,Animals/tribe_21_camels/adult_job49/metadata.json
Animals,21,camels,49,49,adult_animal,Animal,initial,0,atomic,4,animal_camel_adult_idle,,,0,,0,757,49,animal_camel_wait,Data\Engine2D\Bin\Bobs\CR_Ani_Body_00.bmd,Data\Engine2D\Bin\Bobs\CR_Ani_Body_00_s.bmd,,bear01,,8,8,381-395,100,"frame = min(count-1, floor(count*progress/duration)); duration from atomic length",RENDERED,Animals/tribe_21_camels/Sheets/cr_ani_body_00__bear01/j49_A004_animal_camel_wait_s757.png,Animals/tribe_21_camels/Sheets/cr_ani_body_00__bear01/j49_A004_animal_camel_wait_s757__shadow_mask.png,Animals/tribe_21_camels/adult_job49/metadata.json
Animals,21,camels,49,49,adult_animal,Animal,initial,0,atomic,5,animal_camel_adult_idle,,,0,,0,758,49,animal_camel_wait,Data\Engine2D\Bin\Bobs\CR_Ani_Body_00.bmd,Data\Engine2D\Bin\Bobs\CR_Ani_Body_00_s.bmd,,bear01,,8,8,381-395,100,"frame = min(count-1, floor(count*progress/duration)); duration from atomic length",RENDERED,Animals/tribe_21_camels/Sheets/cr_ani_body_00__bear01/j49_A005_animal_camel_wait_s758.png,Animals/tribe_21_camels/Sheets/cr_ani_body_00__bear01/j49_A005_animal_camel_wait_s758__shadow_mask.png,Animals/tribe_21_camels/adult_job49/metadata.json
Animals,21,camels,49,49,adult_animal,Animal,initial,0,atomic,6,animal_camel_adult_idle,,,0,,0,759,49,animal_camel_wait,Data\Engine2D\Bin\Bobs\CR_Ani_Body_00.bmd,Data\Engine2D\Bin\Bobs\CR_Ani_Body_00_s.bmd,,bear01,,8,8,381-395,100,"frame = min(count-1, floor(count*progress/duration)); duration from atomic length",RENDERED,Animals/tribe_21_camels/Sheets/cr_ani_body_00__bear01/j49_A006_animal_camel_wait_s759.png,Animals/tribe_21_camels/Sheets/cr_ani_body_00__bear01/j49_A006_animal_camel_wait_s759__shadow_mask.png,Animals/tribe_21_camels/adult_job49/metadata.json
Animals,21,camels,49,49,adult_animal,Animal,initial,0,atomic,7,animal_camel_adult_idle,,,0,,0,760,49,animal_camel_wait,Data\Engine2D\Bin\Bobs\CR_Ani_Body_00.bmd,Data\Engine2D\Bin\Bobs\CR_Ani_Body_00_s.bmd,,bear01,,8,8,381-395,100,"frame = min(count-1, floor(count*progress/duration)); duration from atomic length",RENDERED,Animals/tribe_21_camels/Sheets/cr_ani_body_00__bear01/j49_A007_animal_camel_wait_s760.png,Animals/tribe_21_camels/Sheets/cr_ani_body_00__bear01/j49_A007_animal_camel_wait_s760__shadow_mask.png,Animals/tribe_21_camels/adult_job49/metadata.json
Animals,21,camels,49,49,adult_animal,Animal,initial,0,atomic,9,animal_bear_eat,,,0,,0,761,49,animal_camel_wait,Data\Engine2D\Bin\Bobs\CR_Ani_Body_00.bmd,Data\Engine2D\Bin\Bobs\CR_Ani_Body_00_s.bmd,,bear01,,8,8,381-395,20,"frame = min(count-1, floor(count*progress/duration)); duration from atomic length",RENDERED,Animals/tribe_21_camels/Sheets/cr_ani_body_00__bear01/j49_A009_animal_camel_wait_s761.png,Animals/tribe_21_camels/Sheets/cr_ani_body_00__bear01/j49_A009_animal_camel_wait_s761__shadow_mask.png,Animals/tribe_21_camels/adult_job49/metadata.json
Animals,21,camels,49,49,adult_animal,Animal,initial,0,walk,,,0,,,100000,0,1525,49,animal_camel_walk,Data\Engine2D\Bin\Bobs\CR_Ani_Body_00.bmd,Data\Engine2D\Bin\Bobs\CR_Ani_Body_00_s.bmd,,bear01,,8,96,423-518,,frame = frameTick % count (walk; caller frame tick),RENDERED,Animals/tribe_21_camels/Sheets/cr_ani_body_00__bear01/j49_W000_animal_camel_walk_s1525.png,Animals/tribe_21_camels/Sheets/cr_ani_body_00__bear01/j49_W000_animal_camel_walk_s1525__shadow_mask.png,Animals/tribe_21_camels/adult_job49/metadata.json
Animals,25,lions,48,48,baby_animal,Young Animal,initial,0,atomic,2,animal_lion_male_baby_idle,,,0,,0,1002,48,animal_lion_male_walk,Data\Engine2D\Bin\Bobs\CR_Ani_Body_00.bmd,Data\Engine2D\Bin\Bobs\CR_Ani_Body_00_s.bmd,,LION01,,8,8,2247-2326,100,"frame = min(count-1, floor(count*progress/duration)); duration from atomic length",RENDERED,Animals/tribe_25_lions/Sheets/cr_ani_body_00__LION01/j48_A002_animal_lion_male_walk_s1002.png,Animals/tribe_25_lions/Sheets/cr_ani_body_00__LION01/j48_A002_animal_lion_male_walk_s1002__shadow_mask.png,Animals/tribe_25_lions/young_job48/metadata.json
Animals,25,lions,48,48,baby_animal,Young Animal,initial,0,atomic,3,animal_lion_male_baby_idle,,,0,,0,997,48,animal_lion_male_walk,Data\Engine2D\Bin\Bobs\CR_Ani_Body_00.bmd,Data\Engine2D\Bin\Bobs\CR_Ani_Body_00_s.bmd,,LION01,,8,8,2247-2326,100,"frame = min(count-1, floor(count*progress/duration)); duration from atomic length",RENDERED,Animals/tribe_25_lions/Sheets/cr_ani_body_00__LION01/j48_A003_animal_lion_male_walk_s997.png,Animals/tribe_25_lions/Sheets/cr_ani_body_00__LION01/j48_A003_animal_lion_male_walk_s997__shadow_mask.png,Animals/tribe_25_lions/young_job48/metadata.json
Animals,25,lions,48,48,baby_animal,Young Animal,initial,0,atomic,4,animal_lion_male_baby_idle,,,0,,0,998,48,animal_lion_male_walk,Data\Engine2D\Bin\Bobs\CR_Ani_Body_00.bmd,Data\Engine2D\Bin\Bobs\CR_Ani_Body_00_s.bmd,,LION01,,8,8,2247-2326,100,"frame = min(count-1, floor(count*progress/duration)); duration from atomic length",RENDERED,Animals/tribe_25_lions/Sheets/cr_ani_body_00__LION01/j48_A004_animal_lion_male_walk_s998.png,Animals/tribe_25_lions/Sheets/cr_ani_body_00__LION01/j48_A004_animal_lion_male_walk_s998__shadow_mask.png,Animals/tribe_25_lions/young_job48/metadata.json
Animals,25,lions,48,48,baby_animal,Young Animal,initial,0,atomic,5,animal_lion_male_baby_idle,,,0,,0,999,48,animal_lion_male_walk,Data\Engine2D\Bin\Bobs\CR_Ani_Body_00.bmd,Data\Engine2D\Bin\Bobs\CR_Ani_Body_00_s.bmd,,LION01,,8,8,2247-2326,100,"frame = min(count-1, floor(count*progress/duration)); duration from atomic length",RENDERED,Animals/tribe_25_lions/Sheets/cr_ani_body_00__LION01/j48_A005_animal_lion_male_walk_s999.png,Animals/tribe_25_lions/Sheets/cr_ani_body_00__LION01/j48_A005_animal_lion_male_walk_s999__shadow_mask.png,Animals/tribe_25_lions/young_job48/metadata.json
Animals,25,lions,48,48,baby_animal,Young Animal,initial,0,atomic,6,animal_lion_male_baby_idle,,,0,,0,1000,48,animal_lion_male_walk,Data\Engine2D\Bin\Bobs\CR_Ani_Body_00.bmd,Data\Engine2D\Bin\Bobs\CR_Ani_Body_00_s.bmd,,LION01,,8,8,2247-2326,100,"frame = min(count-1, floor(count*progress/duration)); duration from atomic length",RENDERED,Animals/tribe_25_lions/Sheets/cr_ani_body_00__LION01/j48_A006_animal_lion_male_walk_s1000.png,Animals/tribe_25_lions/Sheets/cr_ani_body_00__LION01/j48_A006_animal_lion_male_walk_s1000__shadow_mask.png,Animals/tribe_25_lions/young_job48/metadata.json
Animals,25,lions,48,48,baby_animal,Young Animal,initial,0,atomic,7,animal_lion_male_baby_idle,,,0,,0,1001,48,animal_lion_male_walk,Data\Engine2D\Bin\Bobs\CR_Ani_Body_00.bmd,Data\Engine2D\Bin\Bobs\CR_Ani_Body_00_s.bmd,,LION01,,8,8,2247-2326,100,"frame = min(count-1, floor(count*progress/duration)); duration from atomic length",RENDERED,Animals/tribe_25_lions/Sheets/cr_ani_body_00__LION01/j48_A007_animal_lion_male_walk_s1001.png,Animals/tribe_25_lions/Sheets/cr_ani_body_00__LION01/j48_A007_animal_lion_male_walk_s1001__shadow_mask.png,Animals/tribe_25_lions/young_job48/metadata.json
Animals,25,lions,48,48,baby_animal,Young Animal,initial,0,atomic,9,animal_bear_eat,,,0,,0,996,48,animal_lion_male_wait_clean,Data\Engine2D\Bin\Bobs\CR_Ani_Body_00.bmd,Data\Engine2D\Bin\Bobs\CR_Ani_Body_00_s.bmd,,LION01,,8,160,2149-2153,20,"frame = min(count-1, floor(count*progress/duration)); duration from atomic length",RENDERED,Animals/tribe_25_lions/Sheets/cr_ani_body_00__LION01/j48_A009_animal_lion_male_wait_clean_s996.png,Animals/tribe_25_lions/Sheets/cr_ani_body_00__LION01/j48_A009_animal_lion_male_wait_clean_s996__shadow_mask.png,Animals/tribe_25_lions/young_job48/metadata.json
Animals,25,lions,48,48,baby_animal,Young Animal,initial,0,atomic,81,animal_lion_male_attack,,,0,,0,995,48,animal_lion_male_attack,Data\Engine2D\Bin\Bobs\CR_Ani_Body_00.bmd,Data\Engine2D\Bin\Bobs\CR_Ani_Body_00_s.bmd,,LION01,,8,200,1901-2036,25,"frame = min(count-1, floor(count*progress/duration)); duration from atomic length",RENDERED,Animals/tribe_25_lions/Sheets/cr_ani_body_00__LION01/j48_A081_animal_lion_male_attack_s995.png,Animals/tribe_25_lions/Sheets/cr_ani_body_00__LION01/j48_A081_animal_lion_male_attack_s995__shadow_mask.png,Animals/tribe_25_lions/young_job48/metadata.json
Animals,25,lions,48,48,baby_animal,Young Animal,initial,0,walk,,,0,,,100000,0,1562,48,animal_lion_male_running,Data\Engine2D\Bin\Bobs\CR_Ani_Body_00.bmd,Data\Engine2D\Bin\Bobs\CR_Ani_Body_00_s.bmd,,LION01,,8,112,2037-2148,,frame = frameTick % count (walk; caller frame tick),RENDERED,Animals/tribe_25_lions/Sheets/cr_ani_body_00__LION01/j48_W000_animal_lion_male_running_s1562.png,Animals/tribe_25_lions/Sheets/cr_ani_body_00__LION01/j48_W000_animal_lion_male_running_s1562__shadow_mask.png,Animals/tribe_25_lions/young_job48/metadata.json
Animals,25,lions,49,49,adult_animal,Animal,initial,0,atomic,2,animal_lion_male_adult_idle,,,0,,0,753,49,animal_lion_male_walk,Data\Engine2D\Bin\Bobs\CR_Ani_Body_00.bmd,Data\Engine2D\Bin\Bobs\CR_Ani_Body_00_s.bmd,,LION01,,8,8,2247-2326,100,"frame = min(count-1, floor(count*progress/duration)); duration from atomic length",RENDERED,Animals/tribe_25_lions/Sheets/cr_ani_body_00__LION01/j49_A002_animal_lion_male_walk_s753.png,Animals/tribe_25_lions/Sheets/cr_ani_body_00__LION01/j49_A002_animal_lion_male_walk_s753__shadow_mask.png,Animals/tribe_25_lions/adult_job49/metadata.json
Animals,25,lions,49,49,adult_animal,Animal,initial,0,atomic,3,animal_lion_male_adult_idle,,,0,,0,746,49,animal_lion_male_walk,Data\Engine2D\Bin\Bobs\CR_Ani_Body_00.bmd,Data\Engine2D\Bin\Bobs\CR_Ani_Body_00_s.bmd,,LION01,,8,8,2247-2326,100,"frame = min(count-1, floor(count*progress/duration)); duration from atomic length",RENDERED,Animals/tribe_25_lions/Sheets/cr_ani_body_00__LION01/j49_A003_animal_lion_male_walk_s746.png,Animals/tribe_25_lions/Sheets/cr_ani_body_00__LION01/j49_A003_animal_lion_male_walk_s746__shadow_mask.png,Animals/tribe_25_lions/adult_job49/metadata.json
Animals,25,lions,49,49,adult_animal,Animal,initial,0,atomic,4,animal_lion_male_adult_idle,,,0,,0,747,49,animal_lion_male_walk,Data\Engine2D\Bin\Bobs\CR_Ani_Body_00.bmd,Data\Engine2D\Bin\Bobs\CR_Ani_Body_00_s.bmd,,LION01,,8,8,2247-2326,100,"frame = min(count-1, floor(count*progress/duration)); duration from atomic length",RENDERED,Animals/tribe_25_lions/Sheets/cr_ani_body_00__LION01/j49_A004_animal_lion_male_walk_s747.png,Animals/tribe_25_lions/Sheets/cr_ani_body_00__LION01/j49_A004_animal_lion_male_walk_s747__shadow_mask.png,Animals/tribe_25_lions/adult_job49/metadata.json
Animals,25,lions,49,49,adult_animal,Animal,initial,0,atomic,5,animal_lion_male_adult_idle,,,0,,0,748,49,animal_lion_male_walk,Data\Engine2D\Bin\Bobs\CR_Ani_Body_00.bmd,Data\Engine2D\Bin\Bobs\CR_Ani_Body_00_s.bmd,,LION01,,8,8,2247-2326,100,"frame = min(count-1, floor(count*progress/duration)); duration from atomic length",RENDERED,Animals/tribe_25_lions/Sheets/cr_ani_body_00__LION01/j49_A005_animal_lion_male_walk_s748.png,Animals/tribe_25_lions/Sheets/cr_ani_body_00__LION01/j49_A005_animal_lion_male_walk_s748__shadow_mask.png,Animals/tribe_25_lions/adult_job49/metadata.json
Animals,25,lions,49,49,adult_animal,Animal,initial,0,atomic,6,animal_lion_male_adult_idle,,,0,,0,749,49,animal_lion_male_walk,Data\Engine2D\Bin\Bobs\CR_Ani_Body_00.bmd,Data\Engine2D\Bin\Bobs\CR_Ani_Body_00_s.bmd,,LION01,,8,8,2247-2326,100,"frame = min(count-1, floor(count*progress/duration)); duration from atomic length",RENDERED,Animals/tribe_25_lions/Sheets/cr_ani_body_00__LION01/j49_A006_animal_lion_male_walk_s749.png,Animals/tribe_25_lions/Sheets/cr_ani_body_00__LION01/j49_A006_animal_lion_male_walk_s749__shadow_mask.png,Animals/tribe_25_lions/adult_job49/metadata.json
Animals,25,lions,49,49,adult_animal,Animal,initial,0,atomic,7,animal_lion_male_adult_idle,,,0,,0,750,49,animal_lion_male_walk,Data\Engine2D\Bin\Bobs\CR_Ani_Body_00.bmd,Data\Engine2D\Bin\Bobs\CR_Ani_Body_00_s.bmd,,LION01,,8,8,2247-2326,100,"frame = min(count-1, floor(count*progress/duration)); duration from atomic length",RENDERED,Animals/tribe_25_lions/Sheets/cr_ani_body_00__LION01/j49_A007_animal_lion_male_walk_s750.png,Animals/tribe_25_lions/Sheets/cr_ani_body_00__LION01/j49_A007_animal_lion_male_walk_s750__shadow_mask.png,Animals/tribe_25_lions/adult_job49/metadata.json
Animals,25,lions,49,49,adult_animal,Animal,initial,0,atomic,9,animal_bear_eat,,,0,,0,752,49,animal_lion_male_wait_clean,Data\Engine2D\Bin\Bobs\CR_Ani_Body_00.bmd,Data\Engine2D\Bin\Bobs\CR_Ani_Body_00_s.bmd,,LION01,,8,160,2149-2153,20,"frame = min(count-1, floor(count*progress/duration)); duration from atomic length",RENDERED,Animals/tribe_25_lions/Sheets/cr_ani_body_00__LION01/j49_A009_animal_lion_male_wait_clean_s752.png,Animals/tribe_25_lions/Sheets/cr_ani_body_00__LION01/j49_A009_animal_lion_male_wait_clean_s752__shadow_mask.png,Animals/tribe_25_lions/adult_job49/metadata.json
Animals,25,lions,49,49,adult_animal,Animal,initial,0,atomic,81,animal_lion_male_attack,,,0,,0,751,49,animal_lion_male_attack,Data\Engine2D\Bin\Bobs\CR_Ani_Body_00.bmd,Data\Engine2D\Bin\Bobs\CR_Ani_Body_00_s.bmd,,LION01,,8,200,1901-2036,25,"frame = min(count-1, floor(count*progress/duration)); duration from atomic length",RENDERED,Animals/tribe_25_lions/Sheets/cr_ani_body_00__LION01/j49_A081_animal_lion_male_attack_s751.png,Animals/tribe_25_lions/Sheets/cr_ani_body_00__LION01/j49_A081_animal_lion_male_attack_s751__shadow_mask.png,Animals/tribe_25_lions/adult_job49/metadata.json
Animals,25,lions,49,49,adult_animal,Animal,initial,0,walk,,,0,,,100000,0,1523,49,animal_lion_male_walk,Data\Engine2D\Bin\Bobs\CR_Ani_Body_00.bmd,Data\Engine2D\Bin\Bobs\CR_Ani_Body_00_s.bmd,,LION01,,8,96,2239-2334,,frame = frameTick % count (walk; caller frame tick),RENDERED,Animals/tribe_25_lions/Sheets/cr_ani_body_00__LION01/j49_W000_animal_lion_male_walk_s1523.png,Animals/tribe_25_lions/Sheets/cr_ani_body_00__LION01/j49_W000_animal_lion_male_walk_s1523__shadow_mask.png,Animals/tribe_25_lions/adult_job49/metadata.json
Animals,26,lionesses,48,48,baby_animal,Young Animal,initial,0,atomic,2,animal_lion_female_baby_idle,,,0,,0,993,48,animal_lion_female_walk,Data\Engine2D\Bin\Bobs\CR_Ani_Body_00.bmd,Data\Engine2D\Bin\Bobs\CR_Ani_Body_00_s.bmd,,LION01,,8,8,1813-1892,100,"frame = min(count-1, floor(count*progress/duration)); duration from atomic length",RENDERED,Animals/tribe_26_lionesses/Sheets/cr_ani_body_00__LION01/j48_A002_animal_lion_female_walk_s993.png,Animals/tribe_26_lionesses/Sheets/cr_ani_body_00__LION01/j48_A002_animal_lion_female_walk_s993__shadow_mask.png,Animals/tribe_26_lionesses/young_job48/metadata.json
Animals,26,lionesses,48,48,baby_animal,Young Animal,initial,0,atomic,3,animal_lion_female_baby_idle,,,0,,0,986,48,animal_lion_female_walk,Data\Engine2D\Bin\Bobs\CR_Ani_Body_00.bmd,Data\Engine2D\Bin\Bobs\CR_Ani_Body_00_s.bmd,,LION01,,8,8,1813-1892,100,"frame = min(count-1, floor(count*progress/duration)); duration from atomic length",RENDERED,Animals/tribe_26_lionesses/Sheets/cr_ani_body_00__LION01/j48_A003_animal_lion_female_walk_s986.png,Animals/tribe_26_lionesses/Sheets/cr_ani_body_00__LION01/j48_A003_animal_lion_female_walk_s986__shadow_mask.png,Animals/tribe_26_lionesses/young_job48/metadata.json
Animals,26,lionesses,48,48,baby_animal,Young Animal,initial,0,atomic,4,animal_lion_female_baby_idle,,,0,,0,987,48,animal_lion_female_walk,Data\Engine2D\Bin\Bobs\CR_Ani_Body_00.bmd,Data\Engine2D\Bin\Bobs\CR_Ani_Body_00_s.bmd,,LION01,,8,8,1813-1892,100,"frame = min(count-1, floor(count*progress/duration)); duration from atomic length",RENDERED,Animals/tribe_26_lionesses/Sheets/cr_ani_body_00__LION01/j48_A004_animal_lion_female_walk_s987.png,Animals/tribe_26_lionesses/Sheets/cr_ani_body_00__LION01/j48_A004_animal_lion_female_walk_s987__shadow_mask.png,Animals/tribe_26_lionesses/young_job48/metadata.json
Animals,26,lionesses,48,48,baby_animal,Young Animal,initial,0,atomic,5,animal_lion_female_baby_idle,,,0,,0,988,48,animal_lion_female_walk,Data\Engine2D\Bin\Bobs\CR_Ani_Body_00.bmd,Data\Engine2D\Bin\Bobs\CR_Ani_Body_00_s.bmd,,LION01,,8,8,1813-1892,100,"frame = min(count-1, floor(count*progress/duration)); duration from atomic length",RENDERED,Animals/tribe_26_lionesses/Sheets/cr_ani_body_00__LION01/j48_A005_animal_lion_female_walk_s988.png,Animals/tribe_26_lionesses/Sheets/cr_ani_body_00__LION01/j48_A005_animal_lion_female_walk_s988__shadow_mask.png,Animals/tribe_26_lionesses/young_job48/metadata.json
Animals,26,lionesses,48,48,baby_animal,Young Animal,initial,0,atomic,6,animal_lion_female_baby_idle,,,0,,0,989,48,animal_lion_female_walk,Data\Engine2D\Bin\Bobs\CR_Ani_Body_00.bmd,Data\Engine2D\Bin\Bobs\CR_Ani_Body_00_s.bmd,,LION01,,8,8,1813-1892,100,"frame = min(count-1, floor(count*progress/duration)); duration from atomic length",RENDERED,Animals/tribe_26_lionesses/Sheets/cr_ani_body_00__LION01/j48_A006_animal_lion_female_walk_s989.png,Animals/tribe_26_lionesses/Sheets/cr_ani_body_00__LION01/j48_A006_animal_lion_female_walk_s989__shadow_mask.png,Animals/tribe_26_lionesses/young_job48/metadata.json
Animals,26,lionesses,48,48,baby_animal,Young Animal,initial,0,atomic,7,animal_lion_female_baby_idle,,,0,,0,990,48,animal_lion_female_walk,Data\Engine2D\Bin\Bobs\CR_Ani_Body_00.bmd,Data\Engine2D\Bin\Bobs\CR_Ani_Body_00_s.bmd,,LION01,,8,8,1813-1892,100,"frame = min(count-1, floor(count*progress/duration)); duration from atomic length",RENDERED,Animals/tribe_26_lionesses/Sheets/cr_ani_body_00__LION01/j48_A007_animal_lion_female_walk_s990.png,Animals/tribe_26_lionesses/Sheets/cr_ani_body_00__LION01/j48_A007_animal_lion_female_walk_s990__shadow_mask.png,Animals/tribe_26_lionesses/young_job48/metadata.json
Animals,26,lionesses,48,48,baby_animal,Young Animal,initial,0,atomic,9,animal_bear_eat,,,0,,0,992,48,animal_lion_female_wait_clean,Data\Engine2D\Bin\Bobs\CR_Ani_Body_00.bmd,Data\Engine2D\Bin\Bobs\CR_Ani_Body_00_s.bmd,,LION01,,8,160,1715-1719,20,"frame = min(count-1, floor(count*progress/duration)); duration from atomic length",RENDERED,Animals/tribe_26_lionesses/Sheets/cr_ani_body_00__LION01/j48_A009_animal_lion_female_wait_clean_s992.png,Animals/tribe_26_lionesses/Sheets/cr_ani_body_00__LION01/j48_A009_animal_lion_female_wait_clean_s992__shadow_mask.png,Animals/tribe_26_lionesses/young_job48/metadata.json
Animals,26,lionesses,48,48,baby_animal,Young Animal,initial,0,atomic,81,animal_lion_female_attack,,,0,,0,991,48,animal_lion_female_attack,Data\Engine2D\Bin\Bobs\CR_Ani_Body_00.bmd,Data\Engine2D\Bin\Bobs\CR_Ani_Body_00_s.bmd,,LION01,,8,200,1467-1602,25,"frame = min(count-1, floor(count*progress/duration)); duration from atomic length",RENDERED,Animals/tribe_26_lionesses/Sheets/cr_ani_body_00__LION01/j48_A081_animal_lion_female_attack_s991.png,Animals/tribe_26_lionesses/Sheets/cr_ani_body_00__LION01/j48_A081_animal_lion_female_attack_s991__shadow_mask.png,Animals/tribe_26_lionesses/young_job48/metadata.json
Animals,26,lionesses,49,49,adult_animal,Animal,initial,0,atomic,2,animal_lion_female_adult_idle,,,0,,0,744,49,animal_lion_female_walk,Data\Engine2D\Bin\Bobs\CR_Ani_Body_00.bmd,Data\Engine2D\Bin\Bobs\CR_Ani_Body_00_s.bmd,,LION01,,8,8,1813-1892,100,"frame = min(count-1, floor(count*progress/duration)); duration from atomic length",RENDERED,Animals/tribe_26_lionesses/Sheets/cr_ani_body_00__LION01/j49_A002_animal_lion_female_walk_s744.png,Animals/tribe_26_lionesses/Sheets/cr_ani_body_00__LION01/j49_A002_animal_lion_female_walk_s744__shadow_mask.png,Animals/tribe_26_lionesses/adult_job49/metadata.json
Animals,26,lionesses,49,49,adult_animal,Animal,initial,0,atomic,3,animal_lion_female_adult_idle,,,0,,0,739,49,animal_lion_female_walk,Data\Engine2D\Bin\Bobs\CR_Ani_Body_00.bmd,Data\Engine2D\Bin\Bobs\CR_Ani_Body_00_s.bmd,,LION01,,8,8,1813-1892,100,"frame = min(count-1, floor(count*progress/duration)); duration from atomic length",RENDERED,Animals/tribe_26_lionesses/Sheets/cr_ani_body_00__LION01/j49_A003_animal_lion_female_walk_s739.png,Animals/tribe_26_lionesses/Sheets/cr_ani_body_00__LION01/j49_A003_animal_lion_female_walk_s739__shadow_mask.png,Animals/tribe_26_lionesses/adult_job49/metadata.json
Animals,26,lionesses,49,49,adult_animal,Animal,initial,0,atomic,4,animal_lion_female_adult_idle,,,0,,0,740,49,animal_lion_female_walk,Data\Engine2D\Bin\Bobs\CR_Ani_Body_00.bmd,Data\Engine2D\Bin\Bobs\CR_Ani_Body_00_s.bmd,,LION01,,8,8,1813-1892,100,"frame = min(count-1, floor(count*progress/duration)); duration from atomic length",RENDERED,Animals/tribe_26_lionesses/Sheets/cr_ani_body_00__LION01/j49_A004_animal_lion_female_walk_s740.png,Animals/tribe_26_lionesses/Sheets/cr_ani_body_00__LION01/j49_A004_animal_lion_female_walk_s740__shadow_mask.png,Animals/tribe_26_lionesses/adult_job49/metadata.json
Animals,26,lionesses,49,49,adult_animal,Animal,initial,0,atomic,5,animal_lion_female_adult_idle,,,0,,0,741,49,animal_lion_female_walk,Data\Engine2D\Bin\Bobs\CR_Ani_Body_00.bmd,Data\Engine2D\Bin\Bobs\CR_Ani_Body_00_s.bmd,,LION01,,8,8,1813-1892,100,"frame = min(count-1, floor(count*progress/duration)); duration from atomic length",RENDERED,Animals/tribe_26_lionesses/Sheets/cr_ani_body_00__LION01/j49_A005_animal_lion_female_walk_s741.png,Animals/tribe_26_lionesses/Sheets/cr_ani_body_00__LION01/j49_A005_animal_lion_female_walk_s741__shadow_mask.png,Animals/tribe_26_lionesses/adult_job49/metadata.json
Animals,26,lionesses,49,49,adult_animal,Animal,initial,0,atomic,6,animal_lion_female_adult_idle,,,0,,0,742,49,animal_lion_female_walk,Data\Engine2D\Bin\Bobs\CR_Ani_Body_00.bmd,Data\Engine2D\Bin\Bobs\CR_Ani_Body_00_s.bmd,,LION01,,8,8,1813-1892,100,"frame = min(count-1, floor(count*progress/duration)); duration from atomic length",RENDERED,Animals/tribe_26_lionesses/Sheets/cr_ani_body_00__LION01/j49_A006_animal_lion_female_walk_s742.png,Animals/tribe_26_lionesses/Sheets/cr_ani_body_00__LION01/j49_A006_animal_lion_female_walk_s742__shadow_mask.png,Animals/tribe_26_lionesses/adult_job49/metadata.json
Animals,26,lionesses,49,49,adult_animal,Animal,initial,0,atomic,7,animal_lion_female_adult_idle,,,0,,0,743,49,animal_lion_female_walk,Data\Engine2D\Bin\Bobs\CR_Ani_Body_00.bmd,Data\Engine2D\Bin\Bobs\CR_Ani_Body_00_s.bmd,,LION01,,8,8,1813-1892,100,"frame = min(count-1, floor(count*progress/duration)); duration from atomic length",RENDERED,Animals/tribe_26_lionesses/Sheets/cr_ani_body_00__LION01/j49_A007_animal_lion_female_walk_s743.png,Animals/tribe_26_lionesses/Sheets/cr_ani_body_00__LION01/j49_A007_animal_lion_female_walk_s743__shadow_mask.png,Animals/tribe_26_lionesses/adult_job49/metadata.json
Animals,26,lionesses,49,49,adult_animal,Animal,initial,0,atomic,9,animal_bear_eat,,,0,,0,738,49,animal_lion_female_wait_clean,Data\Engine2D\Bin\Bobs\CR_Ani_Body_00.bmd,Data\Engine2D\Bin\Bobs\CR_Ani_Body_00_s.bmd,,LION01,,8,160,1715-1719,20,"frame = min(count-1, floor(count*progress/duration)); duration from atomic length",RENDERED,Animals/tribe_26_lionesses/Sheets/cr_ani_body_00__LION01/j49_A009_animal_lion_female_wait_clean_s738.png,Animals/tribe_26_lionesses/Sheets/cr_ani_body_00__LION01/j49_A009_animal_lion_female_wait_clean_s738__shadow_mask.png,Animals/tribe_26_lionesses/adult_job49/metadata.json
Animals,26,lionesses,49,49,adult_animal,Animal,initial,0,atomic,81,animal_lion_female_attack,,,0,,0,737,49,animal_lion_female_attack,Data\Engine2D\Bin\Bobs\CR_Ani_Body_00.bmd,Data\Engine2D\Bin\Bobs\CR_Ani_Body_00_s.bmd,,LION01,,8,200,1467-1602,25,"frame = min(count-1, floor(count*progress/duration)); duration from atomic length",RENDERED,Animals/tribe_26_lionesses/Sheets/cr_ani_body_00__LION01/j49_A081_animal_lion_female_attack_s737.png,Animals/tribe_26_lionesses/Sheets/cr_ani_body_00__LION01/j49_A081_animal_lion_female_attack_s737__shadow_mask.png,Animals/tribe_26_lionesses/adult_job49/metadata.json
Animals,26,lionesses,49,49,adult_animal,Animal,initial,0,walk,,,0,,,100000,0,1521,49,animal_lion_female_walk,Data\Engine2D\Bin\Bobs\CR_Ani_Body_00.bmd,Data\Engine2D\Bin\Bobs\CR_Ani_Body_00_s.bmd,,LION01,,8,96,1805-1900,,frame = frameTick % count (walk; caller frame tick),RENDERED,Animals/tribe_26_lionesses/Sheets/cr_ani_body_00__LION01/j49_W000_animal_lion_female_walk_s1521.png,Animals/tribe_26_lionesses/Sheets/cr_ani_body_00__LION01/j49_W000_animal_lion_female_walk_s1521__shadow_mask.png,Animals/tribe_26_lionesses/adult_job49/metadata.json
Animals,27,sparrows,48,48,baby_animal,Young Animal,initial,0,atomic,5,animal_sparrow_baby_idle,,,0,,0,241,48,animal_bull_wait,Data\Engine2D\Bin\Bobs\CR_Ani_Body_00.bmd,Data\Engine2D\Bin\Bobs\CR_Ani_Body_00_s.bmd,,house01,,8,224,243-466,100,"frame = min(count-1, floor(count*progress/duration)); duration from atomic length",RENDERED,Animals/tribe_27_sparrows/Sheets/cr_ani_body_00__house01/j48_A005_animal_bull_wait_s241.png,Animals/tribe_27_sparrows/Sheets/cr_ani_body_00__house01/j48_A005_animal_bull_wait_s241__shadow_mask.png,Animals/tribe_27_sparrows/young_job48/metadata.json
Animals,27,sparrows,48,48,baby_animal,Young Animal,initial,0,walk,,,0,,,100000,0,1109,48,animal_bull_walk,Data\Engine2D\Bin\Bobs\CR_Ani_Body_00.bmd,Data\Engine2D\Bin\Bobs\CR_Ani_Body_00_s.bmd,,house01,,8,160,285-444,,frame = frameTick % count (walk; caller frame tick),RENDERED,Animals/tribe_27_sparrows/Sheets/cr_ani_body_00__house01/j48_W000_animal_bull_walk_s1109.png,Animals/tribe_27_sparrows/Sheets/cr_ani_body_00__house01/j48_W000_animal_bull_walk_s1109__shadow_mask.png,Animals/tribe_27_sparrows/young_job48/metadata.json
Animals,27,sparrows,49,49,adult_animal,Animal,initial,0,atomic,5,animal_sparrow_adult_idle,,,0,,0,240,49,animal_bull_wait,Data\Engine2D\Bin\Bobs\CR_Ani_Body_00.bmd,Data\Engine2D\Bin\Bobs\CR_Ani_Body_00_s.bmd,,house01,,8,224,243-466,100,"frame = min(count-1, floor(count*progress/duration)); duration from atomic length",RENDERED,Animals/tribe_27_sparrows/Sheets/cr_ani_body_00__house01/j49_A005_animal_bull_wait_s240.png,Animals/tribe_27_sparrows/Sheets/cr_ani_body_00__house01/j49_A005_animal_bull_wait_s240__shadow_mask.png,Animals/tribe_27_sparrows/adult_job49/metadata.json
Animals,27,sparrows,49,49,adult_animal,Animal,initial,0,walk,,,0,,,100000,0,1108,49,animal_bull_walk,Data\Engine2D\Bin\Bobs\CR_Ani_Body_00.bmd,Data\Engine2D\Bin\Bobs\CR_Ani_Body_00_s.bmd,,house01,,8,160,285-444,,frame = frameTick % count (walk; caller frame tick),RENDERED,Animals/tribe_27_sparrows/Sheets/cr_ani_body_00__house01/j49_W000_animal_bull_walk_s1108.png,Animals/tribe_27_sparrows/Sheets/cr_ani_body_00__house01/j49_W000_animal_bull_walk_s1108__shadow_mask.png,Animals/tribe_27_sparrows/adult_job49/metadata.json
Animals,28,ravens,48,48,baby_animal,Young Animal,initial,0,atomic,5,animal_raven_baby_idle,,,0,,0,243,48,animal_bull_wait,Data\Engine2D\Bin\Bobs\CR_Ani_Body_00.bmd,Data\Engine2D\Bin\Bobs\CR_Ani_Body_00_s.bmd,,house01,,8,224,243-466,100,"frame = min(count-1, floor(count*progress/duration)); duration from atomic length",RENDERED,Animals/tribe_28_ravens/Sheets/cr_ani_body_00__house01/j48_A005_animal_bull_wait_s243.png,Animals/tribe_28_ravens/Sheets/cr_ani_body_00__house01/j48_A005_animal_bull_wait_s243__shadow_mask.png,Animals/tribe_28_ravens/young_job48/metadata.json
Animals,28,ravens,48,48,baby_animal,Young Animal,initial,0,walk,,,0,,,100000,0,1111,48,animal_bull_walk,Data\Engine2D\Bin\Bobs\CR_Ani_Body_00.bmd,Data\Engine2D\Bin\Bobs\CR_Ani_Body_00_s.bmd,,house01,,8,160,285-444,,frame = frameTick % count (walk; caller frame tick),RENDERED,Animals/tribe_28_ravens/Sheets/cr_ani_body_00__house01/j48_W000_animal_bull_walk_s1111.png,Animals/tribe_28_ravens/Sheets/cr_ani_body_00__house01/j48_W000_animal_bull_walk_s1111__shadow_mask.png,Animals/tribe_28_ravens/young_job48/metadata.json
Animals,28,ravens,49,49,adult_animal,Animal,initial,0,atomic,5,animal_raven_adult_idle,,,0,,0,242,49,animal_bull_wait,Data\Engine2D\Bin\Bobs\CR_Ani_Body_00.bmd,Data\Engine2D\Bin\Bobs\CR_Ani_Body_00_s.bmd,,house01,,8,224,243-466,100,"frame = min(count-1, floor(count*progress/duration)); duration from atomic length",RENDERED,Animals/tribe_28_ravens/Sheets/cr_ani_body_00__house01/j49_A005_animal_bull_wait_s242.png,Animals/tribe_28_ravens/Sheets/cr_ani_body_00__house01/j49_A005_animal_bull_wait_s242__shadow_mask.png,Animals/tribe_28_ravens/adult_job49/metadata.json
Animals,28,ravens,49,49,adult_animal,Animal,initial,0,walk,,,0,,,100000,0,1110,49,animal_bull_walk,Data\Engine2D\Bin\Bobs\CR_Ani_Body_00.bmd,Data\Engine2D\Bin\Bobs\CR_Ani_Body_00_s.bmd,,house01,,8,160,285-444,,frame = frameTick % count (walk; caller frame tick),RENDERED,Animals/tribe_28_ravens/Sheets/cr_ani_body_00__house01/j49_W000_animal_bull_walk_s1110.png,Animals/tribe_28_ravens/Sheets/cr_ani_body_00__house01/j49_W000_animal_bull_walk_s1110__shadow_mask.png,Animals/tribe_28_ravens/adult_job49/metadata.json
Animals,29,parrots,48,48,baby_animal,Young Animal,initial,0,atomic,5,animal_parrot_baby_idle,,,0,,0,245,48,animal_bull_wait,Data\Engine2D\Bin\Bobs\CR_Ani_Body_00.bmd,Data\Engine2D\Bin\Bobs\CR_Ani_Body_00_s.bmd,,house01,,8,224,243-466,100,"frame = min(count-1, floor(count*progress/duration)); duration from atomic length",RENDERED,Animals/tribe_29_parrots/Sheets/cr_ani_body_00__house01/j48_A005_animal_bull_wait_s245.png,Animals/tribe_29_parrots/Sheets/cr_ani_body_00__house01/j48_A005_animal_bull_wait_s245__shadow_mask.png,Animals/tribe_29_parrots/young_job48/metadata.json
Animals,29,parrots,48,48,baby_animal,Young Animal,initial,0,walk,,,0,,,100000,0,1113,48,animal_bull_walk,Data\Engine2D\Bin\Bobs\CR_Ani_Body_00.bmd,Data\Engine2D\Bin\Bobs\CR_Ani_Body_00_s.bmd,,house01,,8,160,285-444,,frame = frameTick % count (walk; caller frame tick),RENDERED,Animals/tribe_29_parrots/Sheets/cr_ani_body_00__house01/j48_W000_animal_bull_walk_s1113.png,Animals/tribe_29_parrots/Sheets/cr_ani_body_00__house01/j48_W000_animal_bull_walk_s1113__shadow_mask.png,Animals/tribe_29_parrots/young_job48/metadata.json
Animals,29,parrots,49,49,adult_animal,Animal,initial,0,atomic,5,animal_parrot_adult_idle,,,0,,0,244,49,animal_bull_wait,Data\Engine2D\Bin\Bobs\CR_Ani_Body_00.bmd,Data\Engine2D\Bin\Bobs\CR_Ani_Body_00_s.bmd,,house01,,8,224,243-466,100,"frame = min(count-1, floor(count*progress/duration)); duration from atomic length",RENDERED,Animals/tribe_29_parrots/Sheets/cr_ani_body_00__house01/j49_A005_animal_bull_wait_s244.png,Animals/tribe_29_parrots/Sheets/cr_ani_body_00__house01/j49_A005_animal_bull_wait_s244__shadow_mask.png,Animals/tribe_29_parrots/adult_job49/metadata.json
Animals,29,parrots,49,49,adult_animal,Animal,initial,0,walk,,,0,,,100000,0,1112,49,animal_bull_walk,Data\Engine2D\Bin\Bobs\CR_Ani_Body_00.bmd,Data\Engine2D\Bin\Bobs\CR_Ani_Body_00_s.bmd,,house01,,8,160,285-444,,frame = frameTick % count (walk; caller frame tick),RENDERED,Animals/tribe_29_parrots/Sheets/cr_ani_body_00__house01/j49_W000_animal_bull_walk_s1112.png,Animals/tribe_29_parrots/Sheets/cr_ani_body_00__house01/j49_W000_animal_bull_walk_s1112__shadow_mask.png,Animals/tribe_29_parrots/adult_job49/metadata.json
Animals,30,chicken,48,48,baby_animal,Young Animal,initial,0,atomic,2,animal_chicken_baby_idle,,,0,,0,292,48,animal_chicken_pick,Data\Engine2D\Bin\Bobs\CR_Ani_Body_00.bmd,Data\Engine2D\Bin\Bobs\CR_Ani_Body_00_s.bmd,,chicken01,,8,288,519-582,36,"frame = min(count-1, floor(count*progress/duration)); duration from atomic length",RENDERED,Animals/tribe_30_chicken/Sheets/cr_ani_body_00__chicken01/j48_A002_animal_chicken_pick_s292.png,,Animals/tribe_30_chicken/young_job48/metadata.json
Animals,30,chicken,48,48,baby_animal,Young Animal,initial,0,atomic,3,animal_chicken_baby_idle,,,0,,0,288,48,animal_chicken_wait_look_left,Data\Engine2D\Bin\Bobs\CR_Ani_Body_00.bmd,Data\Engine2D\Bin\Bobs\CR_Ani_Body_00_s.bmd,,chicken01,,8,288,583-680,36,"frame = min(count-1, floor(count*progress/duration)); duration from atomic length",RENDERED,Animals/tribe_30_chicken/Sheets/cr_ani_body_00__chicken01/j48_A003_animal_chicken_wait_look_left_s288.png,,Animals/tribe_30_chicken/young_job48/metadata.json
Animals,30,chicken,48,48,baby_animal,Young Animal,initial,0,atomic,4,animal_chicken_baby_idle,,,0,,0,289,48,animal_chicken_wait_look_right,Data\Engine2D\Bin\Bobs\CR_Ani_Body_00.bmd,Data\Engine2D\Bin\Bobs\CR_Ani_Body_00_s.bmd,,chicken01,,8,288,687-726,36,"frame = min(count-1, floor(count*progress/duration)); duration from atomic length",RENDERED,Animals/tribe_30_chicken/Sheets/cr_ani_body_00__chicken01/j48_A004_animal_chicken_wait_look_right_s289.png,,Animals/tribe_30_chicken/young_job48/metadata.json
Animals,30,chicken,48,48,baby_animal,Young Animal,initial,0,atomic,5,animal_chicken_baby_idle,,,0,,0,290,48,animal_chicken_wait_look_right,Data\Engine2D\Bin\Bobs\CR_Ani_Body_00.bmd,Data\Engine2D\Bin\Bobs\CR_Ani_Body_00_s.bmd,,chicken01,,8,288,687-726,36,"frame = min(count-1, floor(count*progress/duration)); duration from atomic length",RENDERED,Animals/tribe_30_chicken/Sheets/cr_ani_body_00__chicken01/j48_A005_animal_chicken_wait_look_right_s290.png,,Animals/tribe_30_chicken/young_job48/metadata.json
Animals,30,chicken,48,48,baby_animal,Young Animal,initial,0,atomic,6,animal_chicken_baby_idle,,,0,,0,291,48,animal_chicken_wait_look_right,Data\Engine2D\Bin\Bobs\CR_Ani_Body_00.bmd,Data\Engine2D\Bin\Bobs\CR_Ani_Body_00_s.bmd,,chicken01,,8,288,687-726,36,"frame = min(count-1, floor(count*progress/duration)); duration from atomic length",RENDERED,Animals/tribe_30_chicken/Sheets/cr_ani_body_00__chicken01/j48_A006_animal_chicken_wait_look_right_s291.png,,Animals/tribe_30_chicken/young_job48/metadata.json
Animals,30,chicken,48,48,baby_animal,Young Animal,initial,0,atomic,9,animal_bear_eat,,,0,,0,293,48,animal_chicken_pick,Data\Engine2D\Bin\Bobs\CR_Ani_Body_00.bmd,Data\Engine2D\Bin\Bobs\CR_Ani_Body_00_s.bmd,,chicken01,,8,288,519-582,20,"frame = min(count-1, floor(count*progress/duration)); duration from atomic length",RENDERED,Animals/tribe_30_chicken/Sheets/cr_ani_body_00__chicken01/j48_A009_animal_chicken_pick_s293.png,,Animals/tribe_30_chicken/young_job48/metadata.json
Animals,30,chicken,48,48,baby_animal,Young Animal,initial,0,walk,,,0,,,5,0,1123,48,animal_chicken_walk,Data\Engine2D\Bin\Bobs\CR_Ani_Body_00.bmd,Data\Engine2D\Bin\Bobs\CR_Ani_Body_00_s.bmd,,chicken01,,8,112,727-826,,frame = frameTick % count (walk; caller frame tick),RENDERED,Animals/tribe_30_chicken/Sheets/cr_ani_body_00__chicken01/j48_W000_speed5_animal_chicken_walk_s1123.png,Animals/tribe_30_chicken/Sheets/cr_ani_body_00__chicken01/j48_W000_speed5_animal_chicken_walk_s1123__shadow_mask.png,Animals/tribe_30_chicken/young_job48/metadata.json
Animals,30,chicken,48,48,baby_animal,Young Animal,initial,0,walk,,,0,,,20,0,1122,48,animal_chicken_walk,Data\Engine2D\Bin\Bobs\CR_Ani_Body_00.bmd,Data\Engine2D\Bin\Bobs\CR_Ani_Body_00_s.bmd,,chicken01,,8,112,727-826,,frame = frameTick % count (walk; caller frame tick),RENDERED,Animals/tribe_30_chicken/Sheets/cr_ani_body_00__chicken01/j48_W000_speed20_animal_chicken_walk_s1122.png,Animals/tribe_30_chicken/Sheets/cr_ani_body_00__chicken01/j48_W000_speed20_animal_chicken_walk_s1122__shadow_mask.png,Animals/tribe_30_chicken/young_job48/metadata.json
Animals,30,chicken,49,49,adult_animal,Animal,initial,0,atomic,2,animal_chicken_adult_idle,,,0,,0,286,49,animal_chicken_pick,Data\Engine2D\Bin\Bobs\CR_Ani_Body_00.bmd,Data\Engine2D\Bin\Bobs\CR_Ani_Body_00_s.bmd,,chicken01,,8,288,519-582,36,"frame = min(count-1, floor(count*progress/duration)); duration from atomic length",RENDERED,Animals/tribe_30_chicken/Sheets/cr_ani_body_00__chicken01/j49_A002_animal_chicken_pick_s286.png,,Animals/tribe_30_chicken/adult_job49/metadata.json
Animals,30,chicken,49,49,adult_animal,Animal,initial,0,atomic,3,animal_chicken_adult_idle,,,0,,0,282,49,animal_chicken_wait_look_left,Data\Engine2D\Bin\Bobs\CR_Ani_Body_00.bmd,Data\Engine2D\Bin\Bobs\CR_Ani_Body_00_s.bmd,,chicken01,,8,288,583-680,36,"frame = min(count-1, floor(count*progress/duration)); duration from atomic length",RENDERED,Animals/tribe_30_chicken/Sheets/cr_ani_body_00__chicken01/j49_A003_animal_chicken_wait_look_left_s282.png,,Animals/tribe_30_chicken/adult_job49/metadata.json
Animals,30,chicken,49,49,adult_animal,Animal,initial,0,atomic,4,animal_chicken_adult_idle,,,0,,0,283,49,animal_chicken_wait_look_right,Data\Engine2D\Bin\Bobs\CR_Ani_Body_00.bmd,Data\Engine2D\Bin\Bobs\CR_Ani_Body_00_s.bmd,,chicken01,,8,288,687-726,36,"frame = min(count-1, floor(count*progress/duration)); duration from atomic length",RENDERED,Animals/tribe_30_chicken/Sheets/cr_ani_body_00__chicken01/j49_A004_animal_chicken_wait_look_right_s283.png,,Animals/tribe_30_chicken/adult_job49/metadata.json
Animals,30,chicken,49,49,adult_animal,Animal,initial,0,atomic,5,animal_chicken_adult_idle,,,0,,0,284,49,animal_chicken_wait_look_right,Data\Engine2D\Bin\Bobs\CR_Ani_Body_00.bmd,Data\Engine2D\Bin\Bobs\CR_Ani_Body_00_s.bmd,,chicken01,,8,288,687-726,36,"frame = min(count-1, floor(count*progress/duration)); duration from atomic length",RENDERED,Animals/tribe_30_chicken/Sheets/cr_ani_body_00__chicken01/j49_A005_animal_chicken_wait_look_right_s284.png,,Animals/tribe_30_chicken/adult_job49/metadata.json
Animals,30,chicken,49,49,adult_animal,Animal,initial,0,atomic,6,animal_chicken_adult_idle,,,0,,0,285,49,animal_chicken_wait_look_right,Data\Engine2D\Bin\Bobs\CR_Ani_Body_00.bmd,Data\Engine2D\Bin\Bobs\CR_Ani_Body_00_s.bmd,,chicken01,,8,288,687-726,36,"frame = min(count-1, floor(count*progress/duration)); duration from atomic length",RENDERED,Animals/tribe_30_chicken/Sheets/cr_ani_body_00__chicken01/j49_A006_animal_chicken_wait_look_right_s285.png,,Animals/tribe_30_chicken/adult_job49/metadata.json
Animals,30,chicken,49,49,adult_animal,Animal,initial,0,atomic,9,animal_bear_eat,,,0,,0,287,49,animal_chicken_pick,Data\Engine2D\Bin\Bobs\CR_Ani_Body_00.bmd,Data\Engine2D\Bin\Bobs\CR_Ani_Body_00_s.bmd,,chicken01,,8,288,519-582,20,"frame = min(count-1, floor(count*progress/duration)); duration from atomic length",RENDERED,Animals/tribe_30_chicken/Sheets/cr_ani_body_00__chicken01/j49_A009_animal_chicken_pick_s287.png,,Animals/tribe_30_chicken/adult_job49/metadata.json
Animals,30,chicken,49,49,adult_animal,Animal,initial,0,walk,,,0,,,5,0,1121,49,animal_chicken_walk,Data\Engine2D\Bin\Bobs\CR_Ani_Body_00.bmd,Data\Engine2D\Bin\Bobs\CR_Ani_Body_00_s.bmd,,chicken01,,8,111,727-826,,frame = frameTick % count (walk; caller frame tick),RENDERED,Animals/tribe_30_chicken/Sheets/cr_ani_body_00__chicken01/j49_W000_speed5_animal_chicken_walk_s1121.png,Animals/tribe_30_chicken/Sheets/cr_ani_body_00__chicken01/j49_W000_speed5_animal_chicken_walk_s1121__shadow_mask.png,Animals/tribe_30_chicken/adult_job49/metadata.json
Animals,30,chicken,49,49,adult_animal,Animal,initial,0,walk,,,0,,,20,0,1120,49,animal_chicken_walk,Data\Engine2D\Bin\Bobs\CR_Ani_Body_00.bmd,Data\Engine2D\Bin\Bobs\CR_Ani_Body_00_s.bmd,,chicken01,,8,111,727-826,,frame = frameTick % count (walk; caller frame tick),RENDERED,Animals/tribe_30_chicken/Sheets/cr_ani_body_00__chicken01/j49_W000_speed20_animal_chicken_walk_s1120.png,Animals/tribe_30_chicken/Sheets/cr_ani_body_00__chicken01/j49_W000_speed20_animal_chicken_walk_s1120__shadow_mask.png,Animals/tribe_30_chicken/adult_job49/metadata.json
Animals,31,ducks,48,48,baby_animal,Young Animal,initial,0,atomic,5,animal_duck_baby_idle,,,0,,0,337,48,animal_bull_wait,Data\Engine2D\Bin\Bobs\CR_Ani_Body_00.bmd,Data\Engine2D\Bin\Bobs\CR_Ani_Body_00_s.bmd,,house01,,8,224,243-466,100,"frame = min(count-1, floor(count*progress/duration)); duration from atomic length",RENDERED,Animals/tribe_31_ducks/Sheets/cr_ani_body_00__house01/j48_A005_animal_bull_wait_s337.png,Animals/tribe_31_ducks/Sheets/cr_ani_body_00__house01/j48_A005_animal_bull_wait_s337__shadow_mask.png,Animals/tribe_31_ducks/young_job48/metadata.json
Animals,31,ducks,48,48,baby_animal,Young Animal,initial,0,walk,,,0,,,100000,0,1131,48,animal_bull_walk,Data\Engine2D\Bin\Bobs\CR_Ani_Body_00.bmd,Data\Engine2D\Bin\Bobs\CR_Ani_Body_00_s.bmd,,house01,,8,160,285-444,,frame = frameTick % count (walk; caller frame tick),RENDERED,Animals/tribe_31_ducks/Sheets/cr_ani_body_00__house01/j48_W000_animal_bull_walk_s1131.png,Animals/tribe_31_ducks/Sheets/cr_ani_body_00__house01/j48_W000_animal_bull_walk_s1131__shadow_mask.png,Animals/tribe_31_ducks/young_job48/metadata.json
Animals,31,ducks,49,49,adult_animal,Animal,initial,0,atomic,5,animal_duck_adult_idle,,,0,,0,336,49,animal_bull_wait,Data\Engine2D\Bin\Bobs\CR_Ani_Body_00.bmd,Data\Engine2D\Bin\Bobs\CR_Ani_Body_00_s.bmd,,house01,,8,224,243-466,100,"frame = min(count-1, floor(count*progress/duration)); duration from atomic length",RENDERED,Animals/tribe_31_ducks/Sheets/cr_ani_body_00__house01/j49_A005_animal_bull_wait_s336.png,Animals/tribe_31_ducks/Sheets/cr_ani_body_00__house01/j49_A005_animal_bull_wait_s336__shadow_mask.png,Animals/tribe_31_ducks/adult_job49/metadata.json
Animals,31,ducks,49,49,adult_animal,Animal,initial,0,walk,,,0,,,100000,0,1130,49,animal_bull_walk,Data\Engine2D\Bin\Bobs\CR_Ani_Body_00.bmd,Data\Engine2D\Bin\Bobs\CR_Ani_Body_00_s.bmd,,house01,,8,160,285-444,,frame = frameTick % count (walk; caller frame tick),RENDERED,Animals/tribe_31_ducks/Sheets/cr_ani_body_00__house01/j49_W000_animal_bull_walk_s1130.png,Animals/tribe_31_ducks/Sheets/cr_ani_body_00__house01/j49_W000_animal_bull_walk_s1130__shadow_mask.png,Animals/tribe_31_ducks/adult_job49/metadata.json
Animals,34,bees,48,48,baby_animal,Young Animal,initial,0,atomic,5,animal_bee_baby_idle,,,0,,0,239,48,animal_bull_wait,Data\Engine2D\Bin\Bobs\CR_Ani_Body_00.bmd,Data\Engine2D\Bin\Bobs\CR_Ani_Body_00_s.bmd,,house01,,8,224,243-466,100,"frame = min(count-1, floor(count*progress/duration)); duration from atomic length",RENDERED,Animals/tribe_34_bees/Sheets/cr_ani_body_00__house01/j48_A005_animal_bull_wait_s239.png,Animals/tribe_34_bees/Sheets/cr_ani_body_00__house01/j48_A005_animal_bull_wait_s239__shadow_mask.png,Animals/tribe_34_bees/young_job48/metadata.json
Animals,34,bees,48,48,baby_animal,Young Animal,initial,0,walk,,,0,,,100000,0,1107,48,animal_bull_walk,Data\Engine2D\Bin\Bobs\CR_Ani_Body_00.bmd,Data\Engine2D\Bin\Bobs\CR_Ani_Body_00_s.bmd,,house01,,8,160,285-444,,frame = frameTick % count (walk; caller frame tick),RENDERED,Animals/tribe_34_bees/Sheets/cr_ani_body_00__house01/j48_W000_animal_bull_walk_s1107.png,Animals/tribe_34_bees/Sheets/cr_ani_body_00__house01/j48_W000_animal_bull_walk_s1107__shadow_mask.png,Animals/tribe_34_bees/young_job48/metadata.json
Animals,34,bees,49,49,adult_animal,Animal,initial,0,atomic,5,animal_bee_adult_idle,,,0,,0,238,49,animal_bull_wait,Data\Engine2D\Bin\Bobs\CR_Ani_Body_00.bmd,Data\Engine2D\Bin\Bobs\CR_Ani_Body_00_s.bmd,,house01,,8,224,243-466,100,"frame = min(count-1, floor(count*progress/duration)); duration from atomic length",RENDERED,Animals/tribe_34_bees/Sheets/cr_ani_body_00__house01/j49_A005_animal_bull_wait_s238.png,Animals/tribe_34_bees/Sheets/cr_ani_body_00__house01/j49_A005_animal_bull_wait_s238__shadow_mask.png,Animals/tribe_34_bees/adult_job49/metadata.json
Animals,34,bees,49,49,adult_animal,Animal,initial,0,walk,,,0,,,100000,0,1106,49,animal_bull_walk,Data\Engine2D\Bin\Bobs\CR_Ani_Body_00.bmd,Data\Engine2D\Bin\Bobs\CR_Ani_Body_00_s.bmd,,house01,,8,160,285-444,,frame = frameTick % count (walk; caller frame tick),RENDERED,Animals/tribe_34_bees/Sheets/cr_ani_body_00__house01/j49_W000_animal_bull_walk_s1106.png,Animals/tribe_34_bees/Sheets/cr_ani_body_00__house01/j49_W000_animal_bull_walk_s1106__shadow_mask.png,Animals/tribe_34_bees/adult_job49/metadata.json
Animals,35,butterflies,48,48,baby_animal,Young Animal,initial,0,atomic,2,animal_butterfly_baby_idle,,,0,,0,266,48,,Data\Engine2D\Bin\Bobs\CR_Ani_Body_01.bmd,Data\Engine2D\Bin\Bobs\CR_Ani_Body_01_s.bmd,,butterfly01,,8,224,33-60,26,"frame = min(count-1, floor(count*progress/duration)); duration from atomic length",RENDERED,Animals/tribe_35_butterflies/Sheets/cr_ani_body_01__butterfly01/j48_A002_absolute_s266.png,,Animals/tribe_35_butterflies/young_job48/metadata.json
Animals,35,butterflies,48,48,baby_animal,Young Animal,initial,0,atomic,3,animal_butterfly_baby_idle_short_a,,,0,,1,264,48,,Data\Engine2D\Bin\Bobs\CR_Ani_Body_01.bmd,Data\Engine2D\Bin\Bobs\CR_Ani_Body_01_s.bmd,,butterfly01,,8,264,33-65,28,frame = progress % count (mode 1),RENDERED,Animals/tribe_35_butterflies/Sheets/cr_ani_body_01__butterfly01/j48_A003_absolute_s264.png,,Animals/tribe_35_butterflies/young_job48/metadata.json
Animals,35,butterflies,48,48,baby_animal,Young Animal,initial,0,atomic,4,animal_butterfly_baby_idle_short_b,,,0,,0,265,48,,Data\Engine2D\Bin\Bobs\CR_Ani_Body_01.bmd,Data\Engine2D\Bin\Bobs\CR_Ani_Body_01_s.bmd,,butterfly01,,8,224,33-60,30,"frame = min(count-1, floor(count*progress/duration)); duration from atomic length",RENDERED,Animals/tribe_35_butterflies/Sheets/cr_ani_body_01__butterfly01/j48_A004_absolute_s265.png,,Animals/tribe_35_butterflies/young_job48/metadata.json
Animals,35,butterflies,48,48,baby_animal,Young Animal,initial,0,atomic,9,animal_bear_eat,,,0,,0,267,48,,Data\Engine2D\Bin\Bobs\CR_Ani_Body_01.bmd,Data\Engine2D\Bin\Bobs\CR_Ani_Body_01_s.bmd,,butterfly01,,8,224,33-60,20,"frame = min(count-1, floor(count*progress/duration)); duration from atomic length",RENDERED,Animals/tribe_35_butterflies/Sheets/cr_ani_body_01__butterfly01/j48_A009_absolute_s267.png,,Animals/tribe_35_butterflies/young_job48/metadata.json
Animals,35,butterflies,48,48,baby_animal,Young Animal,initial,0,walk,,,0,,,100000,0,1117,48,,Data\Engine2D\Bin\Bobs\CR_Ani_Body_01.bmd,Data\Engine2D\Bin\Bobs\CR_Ani_Body_01_s.bmd,,butterfly01,,8,264,33-65,,frame = frameTick % count (walk; caller frame tick),RENDERED,Animals/tribe_35_butterflies/Sheets/cr_ani_body_01__butterfly01/j48_W000_absolute_s1117.png,,Animals/tribe_35_butterflies/young_job48/metadata.json
Animals,35,butterflies,49,49,adult_animal,Animal,initial,0,atomic,2,animal_butterfly_adult_idle,,,0,,0,260,49,,Data\Engine2D\Bin\Bobs\CR_Ani_Body_01.bmd,Data\Engine2D\Bin\Bobs\CR_Ani_Body_01_s.bmd,,butterfly01,,8,264,0-32,26,"frame = min(count-1, floor(count*progress/duration)); duration from atomic length",RENDERED,Animals/tribe_35_butterflies/Sheets/cr_ani_body_01__butterfly01/j49_A002_absolute_s260.png,,Animals/tribe_35_butterflies/adult_job49/metadata.json
Animals,35,butterflies,49,49,adult_animal,Animal,initial,0,atomic,3,animal_butterfly_adult_idle_short_a,,,0,,1,261,49,,Data\Engine2D\Bin\Bobs\CR_Ani_Body_01.bmd,Data\Engine2D\Bin\Bobs\CR_Ani_Body_01_s.bmd,,butterfly01,,8,264,0-32,28,frame = progress % count (mode 1),RENDERED,Animals/tribe_35_butterflies/Sheets/cr_ani_body_01__butterfly01/j49_A003_absolute_s261.png,,Animals/tribe_35_butterflies/adult_job49/metadata.json
Animals,35,butterflies,49,49,adult_animal,Animal,initial,0,atomic,4,animal_butterfly_adult_idle_short_b,,,0,,0,262,49,,Data\Engine2D\Bin\Bobs\CR_Ani_Body_01.bmd,Data\Engine2D\Bin\Bobs\CR_Ani_Body_01_s.bmd,,butterfly01,,8,264,0-32,30,"frame = min(count-1, floor(count*progress/duration)); duration from atomic length",RENDERED,Animals/tribe_35_butterflies/Sheets/cr_ani_body_01__butterfly01/j49_A004_absolute_s262.png,,Animals/tribe_35_butterflies/adult_job49/metadata.json
Animals,35,butterflies,49,49,adult_animal,Animal,initial,0,atomic,9,animal_bear_eat,,,0,,0,263,49,,Data\Engine2D\Bin\Bobs\CR_Ani_Body_01.bmd,Data\Engine2D\Bin\Bobs\CR_Ani_Body_01_s.bmd,,butterfly01,,8,264,0-32,20,"frame = min(count-1, floor(count*progress/duration)); duration from atomic length",RENDERED,Animals/tribe_35_butterflies/Sheets/cr_ani_body_01__butterfly01/j49_A009_absolute_s263.png,,Animals/tribe_35_butterflies/adult_job49/metadata.json
Animals,35,butterflies,49,49,adult_animal,Animal,initial,0,walk,,,0,,,100000,0,1116,49,,Data\Engine2D\Bin\Bobs\CR_Ani_Body_01.bmd,Data\Engine2D\Bin\Bobs\CR_Ani_Body_01_s.bmd,,butterfly01,,8,264,0-32,,frame = frameTick % count (walk; caller frame tick),RENDERED,Animals/tribe_35_butterflies/Sheets/cr_ani_body_01__butterfly01/j49_W000_absolute_s1116.png,,Animals/tribe_35_butterflies/adult_job49/metadata.json
Animals,36,mosquitos,48,48,baby_animal,Young Animal,initial,0,atomic,5,animal_mosquito_baby_idle,,,0,,0,339,48,animal_bull_wait,Data\Engine2D\Bin\Bobs\CR_Ani_Body_00.bmd,Data\Engine2D\Bin\Bobs\CR_Ani_Body_00_s.bmd,,house01,,8,224,243-466,100,"frame = min(count-1, floor(count*progress/duration)); duration from atomic length",RENDERED,Animals/tribe_36_mosquitos/Sheets/cr_ani_body_00__house01/j48_A005_animal_bull_wait_s339.png,Animals/tribe_36_mosquitos/Sheets/cr_ani_body_00__house01/j48_A005_animal_bull_wait_s339__shadow_mask.png,Animals/tribe_36_mosquitos/young_job48/metadata.json
Animals,36,mosquitos,48,48,baby_animal,Young Animal,initial,0,walk,,,0,,,100000,0,1133,48,animal_bull_walk,Data\Engine2D\Bin\Bobs\CR_Ani_Body_00.bmd,Data\Engine2D\Bin\Bobs\CR_Ani_Body_00_s.bmd,,house01,,8,160,285-444,,frame = frameTick % count (walk; caller frame tick),RENDERED,Animals/tribe_36_mosquitos/Sheets/cr_ani_body_00__house01/j48_W000_animal_bull_walk_s1133.png,Animals/tribe_36_mosquitos/Sheets/cr_ani_body_00__house01/j48_W000_animal_bull_walk_s1133__shadow_mask.png,Animals/tribe_36_mosquitos/young_job48/metadata.json
Animals,36,mosquitos,49,49,adult_animal,Animal,initial,0,atomic,5,animal_mosquito_adult_idle,,,0,,0,338,49,animal_bull_wait,Data\Engine2D\Bin\Bobs\CR_Ani_Body_00.bmd,Data\Engine2D\Bin\Bobs\CR_Ani_Body_00_s.bmd,,house01,,8,224,243-466,100,"frame = min(count-1, floor(count*progress/duration)); duration from atomic length",RENDERED,Animals/tribe_36_mosquitos/Sheets/cr_ani_body_00__house01/j49_A005_animal_bull_wait_s338.png,Animals/tribe_36_mosquitos/Sheets/cr_ani_body_00__house01/j49_A005_animal_bull_wait_s338__shadow_mask.png,Animals/tribe_36_mosquitos/adult_job49/metadata.json
Animals,36,mosquitos,49,49,adult_animal,Animal,initial,0,walk,,,0,,,100000,0,1132,49,animal_bull_walk,Data\Engine2D\Bin\Bobs\CR_Ani_Body_00.bmd,Data\Engine2D\Bin\Bobs\CR_Ani_Body_00_s.bmd,,house01,,8,160,285-444,,frame = frameTick % count (walk; caller frame tick),RENDERED,Animals/tribe_36_mosquitos/Sheets/cr_ani_body_00__house01/j49_W000_animal_bull_walk_s1132.png,Animals/tribe_36_mosquitos/Sheets/cr_ani_body_00__house01/j49_W000_animal_bull_walk_s1132__shadow_mask.png,Animals/tribe_36_mosquitos/adult_job49/metadata.json
