CATEGORY,TRIBE_ID,TRIBE,TYPE_ID,ANIMATION_JOB_ID,NATIVE_NAME,ENGLISH,SEX_AGE,NATIVE_ALLOWED,PARENT_CHAIN,INITIAL_BINDING_SECTION,JOBCHANGE_BINDING_SECTION,BODY_LIBRARIES,HEAD_LIBRARIES,PALETTES,RANDOM_PALETTES,ANIMATIONS,RENDER_STATUS,MAPPING,METADATA
human,1,viking,1,1,baby_female,Baby,female baby,True,[1],17,,"[""Data\\Engine2D\\Bin\\Bobs\\CR_Hum_Body_22.bmd""]","[""Data\\Engine2D\\Bin\\Bobs\\CR_Hum_Head_22.bmd""]","[""test_human_00""]","[""Vik_Baby_Base""]",7,"{""RENDERED"": 7}",SOURCE_COMPLETE,Vikings/Humans/Children/Babies/job_01_baby_female/metadata.json
human,1,viking,2,2,baby_male,Baby,male baby,True,"[2, 1]",0,,"[""Data\\Engine2D\\Bin\\Bobs\\CR_Hum_Body_22.bmd""]","[""Data\\Engine2D\\Bin\\Bobs\\CR_Hum_Head_22.bmd""]","[""test_human_00""]","[""Vik_Baby_Base""]",7,"{""RENDERED"": 7}",SOURCE_COMPLETE,Vikings/Humans/Children/Babies/job_02_baby_male/metadata.json
human,1,viking,3,3,child_female,Girl,female child,True,"[3, 1]",18,,"[""Data\\Engine2D\\Bin\\Bobs\\CR_Hum_Body_21.bmd""]","[""Data\\Engine2D\\Bin\\Bobs\\CR_Hum_Head_21.bmd""]","[""test_human_00""]","[""Vik_Man_Base""]",10,"{""RENDERED"": 10}",SOURCE_COMPLETE,Vikings/Humans/Children/job_03_child_female/metadata.json
human,1,viking,4,4,child_male,Boy,male child,True,"[4, 2, 1]",1,,"[""Data\\Engine2D\\Bin\\Bobs\\CR_Hum_Body_20.bmd""]","[""Data\\Engine2D\\Bin\\Bobs\\CR_Hum_Head_20.bmd""]","[""test_human_00""]","[""Vik_Man_Base""]",10,"{""RENDERED"": 10}",SOURCE_COMPLETE,Vikings/Humans/Children/job_04_child_male/metadata.json
human,1,viking,5,5,woman,Woman,adult female,True,[5],19,20,"[""Data\\Engine2D\\Bin\\Bobs\\CR_Hum_Body_10.bmd""]","[""Data\\Engine2D\\Bin\\Bobs\\CR_Hum_Head_10.bmd""]","[""test_human_00""]","[""Vik_WoMan_Base"", ""Vik_WoMan_ChangeJob""]",27,"{""RENDERED"": 54}",SOURCE_COMPLETE,Vikings/Humans/Female/job_05_woman/metadata.json
human,1,viking,6,6,civilist,Civilian,adult male,True,[6],2,6,"[""Data\\Engine2D\\Bin\\Bobs\\CR_Hum_Body_00.bmd""]","[""Data\\Engine2D\\Bin\\Bobs\\CR_Hum_Head_00.bmd"", ""Data\\Engine2D\\Bin\\Bobs\\CR_Hum_Head_01.bmd"", ""Data\\Engine2D\\Bin\\Bobs\\CR_Hum_Head_02.bmd"", ""Data\\Engine2D\\Bin\\Bobs\\CR_Hum_Head_03.bmd""]","[""test_human_00""]","[""Vik_Man_Base"", ""Vik_Man_ChangeJob""]",78,"{""RENDERED"": 154, ""NO_DIRECT_FRAMES (timeline or empty record)"": 2}",SOURCE_COMPLETE,Vikings/Humans/Male/job_06_civilist/metadata.json
human,1,viking,7,7,builder,Builder,adult (see job/parent chain),True,"[7, 6]",2,6,"[""Data\\Engine2D\\Bin\\Bobs\\CR_Hum_Body_00.bmd""]","[""Data\\Engine2D\\Bin\\Bobs\\CR_Hum_Head_00.bmd"", ""Data\\Engine2D\\Bin\\Bobs\\CR_Hum_Head_01.bmd"", ""Data\\Engine2D\\Bin\\Bobs\\CR_Hum_Head_02.bmd"", ""Data\\Engine2D\\Bin\\Bobs\\CR_Hum_Head_03.bmd""]","[""test_human_00""]","[""Vik_Man_Base"", ""Vik_Man_ChangeJob""]",81,"{""RENDERED"": 160, ""NO_DIRECT_FRAMES (timeline or empty record)"": 2}",SOURCE_COMPLETE,Vikings/Humans/Professions/job_07_builder/metadata.json
human,1,viking,8,8,collector,Extractor,adult (see job/parent chain),True,"[8, 6]",2,6,"[""Data\\Engine2D\\Bin\\Bobs\\CR_Hum_Body_00.bmd""]","[""Data\\Engine2D\\Bin\\Bobs\\CR_Hum_Head_00.bmd"", ""Data\\Engine2D\\Bin\\Bobs\\CR_Hum_Head_01.bmd"", ""Data\\Engine2D\\Bin\\Bobs\\CR_Hum_Head_02.bmd"", ""Data\\Engine2D\\Bin\\Bobs\\CR_Hum_Head_03.bmd""]","[""test_human_00""]","[""Vik_Man_Base"", ""Vik_Man_ChangeJob""]",84,"{""RENDERED"": 166, ""NO_DIRECT_FRAMES (timeline or empty record)"": 2}",SOURCE_COMPLETE,Vikings/Humans/Professions/job_08_collector/metadata.json
human,1,viking,9,9,joiner,Carpenter,adult (see job/parent chain),True,"[9, 6]",2,6,"[""Data\\Engine2D\\Bin\\Bobs\\CR_Hum_Body_00.bmd""]","[""Data\\Engine2D\\Bin\\Bobs\\CR_Hum_Head_00.bmd"", ""Data\\Engine2D\\Bin\\Bobs\\CR_Hum_Head_01.bmd"", ""Data\\Engine2D\\Bin\\Bobs\\CR_Hum_Head_02.bmd"", ""Data\\Engine2D\\Bin\\Bobs\\CR_Hum_Head_03.bmd""]","[""test_human_00""]","[""Vik_Man_Base"", ""Vik_Man_ChangeJob""]",85,"{""RENDERED"": 162, ""NO_DIRECT_FRAMES (timeline or empty record)"": 8}",SOURCE_COMPLETE,Vikings/Humans/Professions/job_09_joiner/metadata.json
human,1,viking,10,10,armorer,Armourer,adult (see job/parent chain),True,"[10, 6]",2,6,"[""Data\\Engine2D\\Bin\\Bobs\\CR_Hum_Body_00.bmd""]","[""Data\\Engine2D\\Bin\\Bobs\\CR_Hum_Head_00.bmd"", ""Data\\Engine2D\\Bin\\Bobs\\CR_Hum_Head_01.bmd"", ""Data\\Engine2D\\Bin\\Bobs\\CR_Hum_Head_02.bmd"", ""Data\\Engine2D\\Bin\\Bobs\\CR_Hum_Head_03.bmd""]","[""test_human_00""]","[""Vik_Man_Base"", ""Vik_Man_ChangeJob""]",78,"{""RENDERED"": 154, ""NO_DIRECT_FRAMES (timeline or empty record)"": 2}",SOURCE_COMPLETE,Vikings/Humans/Professions/job_10_armorer/metadata.json
human,1,viking,11,11,potter,Potter,adult (see job/parent chain),True,"[11, 6]",2,6,"[""Data\\Engine2D\\Bin\\Bobs\\CR_Hum_Body_00.bmd""]","[""Data\\Engine2D\\Bin\\Bobs\\CR_Hum_Head_00.bmd"", ""Data\\Engine2D\\Bin\\Bobs\\CR_Hum_Head_01.bmd"", ""Data\\Engine2D\\Bin\\Bobs\\CR_Hum_Head_02.bmd"", ""Data\\Engine2D\\Bin\\Bobs\\CR_Hum_Head_03.bmd""]","[""test_human_00""]","[""Vik_Man_Base"", ""Vik_Man_ChangeJob""]",82,"{""RENDERED"": 156, ""NO_DIRECT_FRAMES (timeline or empty record)"": 8}",SOURCE_COMPLETE,Vikings/Humans/Professions/job_11_potter/metadata.json
human,1,viking,12,12,mason,Stonemason,adult (see job/parent chain),True,"[12, 6]",2,6,"[""Data\\Engine2D\\Bin\\Bobs\\CR_Hum_Body_00.bmd""]","[""Data\\Engine2D\\Bin\\Bobs\\CR_Hum_Head_00.bmd"", ""Data\\Engine2D\\Bin\\Bobs\\CR_Hum_Head_01.bmd"", ""Data\\Engine2D\\Bin\\Bobs\\CR_Hum_Head_02.bmd"", ""Data\\Engine2D\\Bin\\Bobs\\CR_Hum_Head_03.bmd""]","[""test_human_00""]","[""Vik_Man_Base"", ""Vik_Man_ChangeJob""]",82,"{""RENDERED"": 158, ""NO_DIRECT_FRAMES (timeline or empty record)"": 6}",SOURCE_COMPLETE,Vikings/Humans/Professions/job_12_mason/metadata.json
human,1,viking,13,13,smith,Blacksmith,adult (see job/parent chain),True,"[13, 6]",2,6,"[""Data\\Engine2D\\Bin\\Bobs\\CR_Hum_Body_00.bmd""]","[""Data\\Engine2D\\Bin\\Bobs\\CR_Hum_Head_00.bmd"", ""Data\\Engine2D\\Bin\\Bobs\\CR_Hum_Head_01.bmd"", ""Data\\Engine2D\\Bin\\Bobs\\CR_Hum_Head_02.bmd"", ""Data\\Engine2D\\Bin\\Bobs\\CR_Hum_Head_03.bmd""]","[""test_human_00""]","[""Vik_Man_Base"", ""Vik_Man_ChangeJob""]",88,"{""RENDERED"": 162, ""NO_DIRECT_FRAMES (timeline or empty record)"": 14}",SOURCE_COMPLETE,Vikings/Humans/Professions/job_13_smith/metadata.json
human,1,viking,14,14,coin maker,Mint Worker,adult (see job/parent chain),True,"[14, 6]",2,6,"[""Data\\Engine2D\\Bin\\Bobs\\CR_Hum_Body_00.bmd""]","[""Data\\Engine2D\\Bin\\Bobs\\CR_Hum_Head_00.bmd"", ""Data\\Engine2D\\Bin\\Bobs\\CR_Hum_Head_01.bmd"", ""Data\\Engine2D\\Bin\\Bobs\\CR_Hum_Head_02.bmd"", ""Data\\Engine2D\\Bin\\Bobs\\CR_Hum_Head_03.bmd""]","[""test_human_00""]","[""Vik_Man_Base"", ""Vik_Man_ChangeJob""]",78,"{""RENDERED"": 154, ""NO_DIRECT_FRAMES (timeline or empty record)"": 2}",SOURCE_COMPLETE,Vikings/Humans/Professions/job_14_coin_maker/metadata.json
human,1,viking,15,15,hunter,Hunter,adult (see job/parent chain),True,"[15, 6]",2,6,"[""Data\\Engine2D\\Bin\\Bobs\\CR_Hum_Body_00.bmd""]","[""Data\\Engine2D\\Bin\\Bobs\\CR_Hum_Head_00.bmd"", ""Data\\Engine2D\\Bin\\Bobs\\CR_Hum_Head_01.bmd"", ""Data\\Engine2D\\Bin\\Bobs\\CR_Hum_Head_02.bmd"", ""Data\\Engine2D\\Bin\\Bobs\\CR_Hum_Head_03.bmd""]","[""test_human_00""]","[""Vik_Man_Base"", ""Vik_Man_ChangeJob""]",79,"{""RENDERED"": 156, ""NO_DIRECT_FRAMES (timeline or empty record)"": 2}",SOURCE_COMPLETE,Vikings/Humans/Professions/job_15_hunter/metadata.json
human,1,viking,16,16,breeder,Stock Farmer,adult (see job/parent chain),True,"[16, 6]",2,6,"[""Data\\Engine2D\\Bin\\Bobs\\CR_Hum_Body_00.bmd""]","[""Data\\Engine2D\\Bin\\Bobs\\CR_Hum_Head_00.bmd"", ""Data\\Engine2D\\Bin\\Bobs\\CR_Hum_Head_01.bmd"", ""Data\\Engine2D\\Bin\\Bobs\\CR_Hum_Head_02.bmd"", ""Data\\Engine2D\\Bin\\Bobs\\CR_Hum_Head_03.bmd""]","[""test_human_00""]","[""Vik_Man_Base"", ""Vik_Man_ChangeJob""]",78,"{""RENDERED"": 154, ""NO_DIRECT_FRAMES (timeline or empty record)"": 2}",SOURCE_COMPLETE,Vikings/Humans/Professions/job_16_breeder/metadata.json
human,1,viking,17,17,sewer,Tailor,adult (see job/parent chain),True,"[17, 6]",2,6,"[""Data\\Engine2D\\Bin\\Bobs\\CR_Hum_Body_00.bmd""]","[""Data\\Engine2D\\Bin\\Bobs\\CR_Hum_Head_00.bmd"", ""Data\\Engine2D\\Bin\\Bobs\\CR_Hum_Head_01.bmd"", ""Data\\Engine2D\\Bin\\Bobs\\CR_Hum_Head_02.bmd"", ""Data\\Engine2D\\Bin\\Bobs\\CR_Hum_Head_03.bmd""]","[""test_human_00""]","[""Vik_Man_Base"", ""Vik_Man_ChangeJob""]",83,"{""RENDERED"": 158, ""NO_DIRECT_FRAMES (timeline or empty record)"": 8}",SOURCE_COMPLETE,Vikings/Humans/Professions/job_17_sewer/metadata.json
human,1,viking,18,18,farmer,Farmer,adult (see job/parent chain),True,"[18, 6]",2,6,"[""Data\\Engine2D\\Bin\\Bobs\\CR_Hum_Body_00.bmd""]","[""Data\\Engine2D\\Bin\\Bobs\\CR_Hum_Head_00.bmd"", ""Data\\Engine2D\\Bin\\Bobs\\CR_Hum_Head_01.bmd"", ""Data\\Engine2D\\Bin\\Bobs\\CR_Hum_Head_02.bmd"", ""Data\\Engine2D\\Bin\\Bobs\\CR_Hum_Head_03.bmd""]","[""test_human_00""]","[""Vik_Man_Base"", ""Vik_Man_ChangeJob""]",81,"{""RENDERED"": 160, ""NO_DIRECT_FRAMES (timeline or empty record)"": 2}",SOURCE_COMPLETE,Vikings/Humans/Professions/job_18_farmer/metadata.json
human,1,viking,19,19,miller,Miller,adult (see job/parent chain),True,"[19, 6]",2,6,"[""Data\\Engine2D\\Bin\\Bobs\\CR_Hum_Body_00.bmd""]","[""Data\\Engine2D\\Bin\\Bobs\\CR_Hum_Head_00.bmd"", ""Data\\Engine2D\\Bin\\Bobs\\CR_Hum_Head_01.bmd"", ""Data\\Engine2D\\Bin\\Bobs\\CR_Hum_Head_02.bmd"", ""Data\\Engine2D\\Bin\\Bobs\\CR_Hum_Head_03.bmd""]","[""test_human_00""]","[""Vik_Man_Base"", ""Vik_Man_ChangeJob""]",78,"{""RENDERED"": 154, ""NO_DIRECT_FRAMES (timeline or empty record)"": 2}",SOURCE_COMPLETE,Vikings/Humans/Professions/job_19_miller/metadata.json
human,1,viking,20,20,baker,Baker,adult (see job/parent chain),True,"[20, 6]",2,6,"[""Data\\Engine2D\\Bin\\Bobs\\CR_Hum_Body_00.bmd""]","[""Data\\Engine2D\\Bin\\Bobs\\CR_Hum_Head_00.bmd"", ""Data\\Engine2D\\Bin\\Bobs\\CR_Hum_Head_01.bmd"", ""Data\\Engine2D\\Bin\\Bobs\\CR_Hum_Head_02.bmd"", ""Data\\Engine2D\\Bin\\Bobs\\CR_Hum_Head_03.bmd""]","[""test_human_00""]","[""Vik_Man_Base"", ""Vik_Man_ChangeJob""]",82,"{""RENDERED"": 158, ""NO_DIRECT_FRAMES (timeline or empty record)"": 6}",SOURCE_COMPLETE,Vikings/Humans/Professions/job_20_baker/metadata.json
human,1,viking,21,21,brewer,Brewer,adult (see job/parent chain),True,"[21, 6]",2,6,"[""Data\\Engine2D\\Bin\\Bobs\\CR_Hum_Body_00.bmd""]","[""Data\\Engine2D\\Bin\\Bobs\\CR_Hum_Head_00.bmd"", ""Data\\Engine2D\\Bin\\Bobs\\CR_Hum_Head_01.bmd"", ""Data\\Engine2D\\Bin\\Bobs\\CR_Hum_Head_02.bmd"", ""Data\\Engine2D\\Bin\\Bobs\\CR_Hum_Head_03.bmd""]","[""test_human_00""]","[""Vik_Man_Base"", ""Vik_Man_ChangeJob""]",78,"{""RENDERED"": 154, ""NO_DIRECT_FRAMES (timeline or empty record)"": 2}",SOURCE_COMPLETE,Vikings/Humans/Professions/job_21_brewer/metadata.json
human,1,viking,22,22,fisher,Fisherman,adult (see job/parent chain),True,"[22, 6]",2,6,"[""Data\\Engine2D\\Bin\\Bobs\\CR_Hum_Body_00.bmd""]","[""Data\\Engine2D\\Bin\\Bobs\\CR_Hum_Head_00.bmd"", ""Data\\Engine2D\\Bin\\Bobs\\CR_Hum_Head_01.bmd"", ""Data\\Engine2D\\Bin\\Bobs\\CR_Hum_Head_02.bmd"", ""Data\\Engine2D\\Bin\\Bobs\\CR_Hum_Head_03.bmd""]","[""test_human_00""]","[""Vik_Man_Base"", ""Vik_Man_ChangeJob""]",81,"{""RENDERED"": 160, ""NO_DIRECT_FRAMES (timeline or empty record)"": 2}",SOURCE_COMPLETE,Vikings/Humans/Professions/job_22_fisher/metadata.json
human,1,viking,23,23,fisher_sea,Sea Fisher,adult (see job/parent chain),False,"[23, 6]",2,6,"[""Data\\Engine2D\\Bin\\Bobs\\CR_Hum_Body_00.bmd""]","[""Data\\Engine2D\\Bin\\Bobs\\CR_Hum_Head_00.bmd"", ""Data\\Engine2D\\Bin\\Bobs\\CR_Hum_Head_01.bmd"", ""Data\\Engine2D\\Bin\\Bobs\\CR_Hum_Head_02.bmd"", ""Data\\Engine2D\\Bin\\Bobs\\CR_Hum_Head_03.bmd""]","[""test_human_00""]","[""Vik_Man_Base"", ""Vik_Man_ChangeJob""]",78,"{""RENDERED"": 154, ""NO_DIRECT_FRAMES (timeline or empty record)"": 2}",SOURCE_COMPLETE,Vikings/Humans/Professions/job_23_fisher_sea/metadata.json
human,1,viking,24,24,carrier,Carrier,adult (see job/parent chain),True,"[24, 6]",2,6,"[""Data\\Engine2D\\Bin\\Bobs\\CR_Hum_Body_00.bmd""]","[""Data\\Engine2D\\Bin\\Bobs\\CR_Hum_Head_00.bmd"", ""Data\\Engine2D\\Bin\\Bobs\\CR_Hum_Head_01.bmd"", ""Data\\Engine2D\\Bin\\Bobs\\CR_Hum_Head_02.bmd"", ""Data\\Engine2D\\Bin\\Bobs\\CR_Hum_Head_03.bmd""]","[""test_human_00""]","[""Vik_Man_Base"", ""Vik_Man_ChangeJob""]",80,"{""RENDERED"": 158, ""NO_DIRECT_FRAMES (timeline or empty record)"": 2}",SOURCE_COMPLETE,Vikings/Humans/Professions/job_24_carrier/metadata.json
human,1,viking,25,25,trader,Merchant,adult (see job/parent chain),True,"[25, 6]",2,9,"[""Data\\Engine2D\\Bin\\Bobs\\CR_Hum_Body_00.bmd""]","[""Data\\Engine2D\\Bin\\Bobs\\CR_Hum_Head_00.bmd"", ""Data\\Engine2D\\Bin\\Bobs\\CR_Hum_Head_01.bmd"", ""Data\\Engine2D\\Bin\\Bobs\\CR_Hum_Head_02.bmd"", ""Data\\Engine2D\\Bin\\Bobs\\CR_Hum_Head_03.bmd""]","[""test_human_00""]","[""Vik_Man_Base"", ""Vik_Man_ChangeJob"", ""Vik_Man_ChangeJobTrader""]",80,"{""RENDERED"": 158, ""NO_DIRECT_FRAMES (timeline or empty record)"": 2}",SOURCE_COMPLETE,Vikings/Humans/Professions/job_25_trader/metadata.json
human,1,viking,26,26,trader_sea,Sea Merchant,adult (see job/parent chain),False,"[26, 6]",2,6,"[""Data\\Engine2D\\Bin\\Bobs\\CR_Hum_Body_00.bmd""]","[""Data\\Engine2D\\Bin\\Bobs\\CR_Hum_Head_00.bmd"", ""Data\\Engine2D\\Bin\\Bobs\\CR_Hum_Head_01.bmd"", ""Data\\Engine2D\\Bin\\Bobs\\CR_Hum_Head_02.bmd"", ""Data\\Engine2D\\Bin\\Bobs\\CR_Hum_Head_03.bmd""]","[""test_human_00""]","[""Vik_Man_Base"", ""Vik_Man_ChangeJob""]",78,"{""RENDERED"": 154, ""NO_DIRECT_FRAMES (timeline or empty record)"": 2}",SOURCE_COMPLETE,Vikings/Humans/Professions/job_26_trader_sea/metadata.json
human,1,viking,27,27,scout,Scout,adult (see job/parent chain),True,"[27, 6]",3,7,"[""Data\\Engine2D\\Bin\\Bobs\\CR_Hum_Body_00.bmd""]","[""Data\\Engine2D\\Bin\\Bobs\\CR_Hum_Head_80.bmd"", ""Data\\Engine2D\\Bin\\Bobs\\CR_Hum_Head_81.bmd"", ""Data\\Engine2D\\Bin\\Bobs\\CR_Hum_Head_82.bmd"", ""Data\\Engine2D\\Bin\\Bobs\\CR_Hum_Head_83.bmd""]","[""test_human_00""]","[""Vik_Man_Base"", ""Vik_Man_ChangeJob""]",79,"{""RENDERED"": 156, ""NO_DIRECT_FRAMES (timeline or empty record)"": 2}",SOURCE_COMPLETE,Vikings/Humans/Professions/job_27_scout/metadata.json
human,1,viking,28,28,jester,Jester,adult (see job/parent chain),False,"[28, 6]",2,6,"[""Data\\Engine2D\\Bin\\Bobs\\CR_Hum_Body_00.bmd""]","[""Data\\Engine2D\\Bin\\Bobs\\CR_Hum_Head_00.bmd"", ""Data\\Engine2D\\Bin\\Bobs\\CR_Hum_Head_01.bmd"", ""Data\\Engine2D\\Bin\\Bobs\\CR_Hum_Head_02.bmd"", ""Data\\Engine2D\\Bin\\Bobs\\CR_Hum_Head_03.bmd""]","[""test_human_00""]","[""Vik_Man_Base"", ""Vik_Man_ChangeJob""]",79,"{""RENDERED"": 156, ""NO_DIRECT_FRAMES (timeline or empty record)"": 2}",SOURCE_COMPLETE,Vikings/Humans/Professions/job_28_jester/metadata.json
human,1,viking,29,29,herb & mush guy,Herb Gatherer,adult (see job/parent chain),True,"[29, 6]",2,6,"[""Data\\Engine2D\\Bin\\Bobs\\CR_Hum_Body_00.bmd""]","[""Data\\Engine2D\\Bin\\Bobs\\CR_Hum_Head_00.bmd"", ""Data\\Engine2D\\Bin\\Bobs\\CR_Hum_Head_01.bmd"", ""Data\\Engine2D\\Bin\\Bobs\\CR_Hum_Head_02.bmd"", ""Data\\Engine2D\\Bin\\Bobs\\CR_Hum_Head_03.bmd""]","[""test_human_00""]","[""Vik_Man_Base"", ""Vik_Man_ChangeJob""]",81,"{""RENDERED"": 160, ""NO_DIRECT_FRAMES (timeline or empty record)"": 2}",SOURCE_COMPLETE,Vikings/Humans/Professions/job_29_herb_mush_guy/metadata.json
human,1,viking,30,30,druid,Druid,adult (see job/parent chain),True,"[30, 6]",4,8,"[""Data\\Engine2D\\Bin\\Bobs\\CR_Hum_Body_00.bmd""]","[""Data\\Engine2D\\Bin\\Bobs\\CR_Hum_Head_90.bmd"", ""Data\\Engine2D\\Bin\\Bobs\\CR_Hum_Head_91.bmd"", ""Data\\Engine2D\\Bin\\Bobs\\CR_Hum_Head_92.bmd"", ""Data\\Engine2D\\Bin\\Bobs\\CR_Hum_Head_93.bmd""]","[""test_human_00""]","[""Vik_Man_Base""]",85,"{""RENDERED"": 154, ""NO_DIRECT_FRAMES (timeline or empty record)"": 16}",SOURCE_COMPLETE,Vikings/Humans/Professions/job_30_druid/metadata.json
human,1,viking,31,31,soldier_unarmed,Soldier,adult (see job/parent chain),True,"[31, 6]",5,10,"[""Data\\Engine2D\\Bin\\Bobs\\CR_Hum_Body_05.bmd""]","[""Data\\Engine2D\\Bin\\Bobs\\CR_Hum_Head_05.bmd"", ""Data\\Engine2D\\Bin\\Bobs\\CR_Hum_Head_06.bmd"", ""Data\\Engine2D\\Bin\\Bobs\\CR_Hum_Head_07.bmd"", ""Data\\Engine2D\\Bin\\Bobs\\CR_Hum_Head_08.bmd""]","[""test_human_00""]","[""Vik_Man_Soldier"", ""Vik_Man_Soldier_changeJob""]",78,"{""RENDERED"": 128, ""NO_DIRECT_FRAMES (timeline or empty record)"": 2, ""VARIANT_INCOMPATIBLE"": 24, ""RENDERED_PARTIAL_MISSING_BOBS"": 2}",SOURCE_COMPLETE,Vikings/Humans/Soldiers/job_31_soldier_unarmed/metadata.json
human,1,viking,32,32,soldier_spear_wooden,Wooden Spearman,adult (see job/parent chain),True,"[32, 31, 6]",5,15,"[""Data\\Engine2D\\Bin\\Bobs\\CR_Hum_Body_05.bmd""]","[""Data\\Engine2D\\Bin\\Bobs\\CR_Hum_Head_05.bmd"", ""Data\\Engine2D\\Bin\\Bobs\\CR_Hum_Head_06.bmd"", ""Data\\Engine2D\\Bin\\Bobs\\CR_Hum_Head_07.bmd"", ""Data\\Engine2D\\Bin\\Bobs\\CR_Hum_Head_08.bmd""]","[""test_human_00""]","[""Vik_Man_Soldier"", ""Vik_Man_Soldier_changeJob_spear_wooden""]",78,"{""RENDERED"": 128, ""NO_DIRECT_FRAMES (timeline or empty record)"": 2, ""VARIANT_INCOMPATIBLE"": 24, ""RENDERED_PARTIAL_MISSING_BOBS"": 2}",SOURCE_COMPLETE,Vikings/Humans/Soldiers/job_32_soldier_spear_wooden/metadata.json
human,1,viking,33,33,soldier_spear_iron,Iron Spearman,adult (see job/parent chain),True,"[33, 31, 6]",5,16,"[""Data\\Engine2D\\Bin\\Bobs\\CR_Hum_Body_05.bmd""]","[""Data\\Engine2D\\Bin\\Bobs\\CR_Hum_Head_05.bmd"", ""Data\\Engine2D\\Bin\\Bobs\\CR_Hum_Head_06.bmd"", ""Data\\Engine2D\\Bin\\Bobs\\CR_Hum_Head_07.bmd"", ""Data\\Engine2D\\Bin\\Bobs\\CR_Hum_Head_08.bmd""]","[""test_human_00""]","[""Vik_Man_Soldier"", ""Vik_Man_Soldier_changeJob_spear_iron""]",78,"{""RENDERED"": 128, ""NO_DIRECT_FRAMES (timeline or empty record)"": 2, ""VARIANT_INCOMPATIBLE"": 24, ""RENDERED_PARTIAL_MISSING_BOBS"": 2}",SOURCE_COMPLETE,Vikings/Humans/Soldiers/job_33_soldier_spear_iron/metadata.json
human,1,viking,34,34,soldier_sword_short,Shortsword Fighter,adult (see job/parent chain),True,"[34, 31, 6]",5,10,"[""Data\\Engine2D\\Bin\\Bobs\\CR_Hum_Body_05.bmd""]","[""Data\\Engine2D\\Bin\\Bobs\\CR_Hum_Head_05.bmd"", ""Data\\Engine2D\\Bin\\Bobs\\CR_Hum_Head_06.bmd"", ""Data\\Engine2D\\Bin\\Bobs\\CR_Hum_Head_07.bmd"", ""Data\\Engine2D\\Bin\\Bobs\\CR_Hum_Head_08.bmd""]","[""test_human_00""]","[""Vik_Man_Soldier"", ""Vik_Man_Soldier_changeJob""]",78,"{""RENDERED"": 128, ""NO_DIRECT_FRAMES (timeline or empty record)"": 2, ""VARIANT_INCOMPATIBLE"": 24, ""RENDERED_PARTIAL_MISSING_BOBS"": 2}",SOURCE_COMPLETE,Vikings/Humans/Soldiers/job_34_soldier_sword_short/metadata.json
human,1,viking,35,35,soldier_sword_long,Longsword Fighter,adult (see job/parent chain),True,"[35, 31, 6]",5,13,"[""Data\\Engine2D\\Bin\\Bobs\\CR_Hum_Body_05.bmd""]","[""Data\\Engine2D\\Bin\\Bobs\\CR_Hum_Head_05.bmd"", ""Data\\Engine2D\\Bin\\Bobs\\CR_Hum_Head_06.bmd"", ""Data\\Engine2D\\Bin\\Bobs\\CR_Hum_Head_07.bmd"", ""Data\\Engine2D\\Bin\\Bobs\\CR_Hum_Head_08.bmd""]","[""test_human_00""]","[""Vik_Man_Soldier"", ""Vik_Man_Soldier_changeJob_longsword""]",78,"{""RENDERED"": 128, ""NO_DIRECT_FRAMES (timeline or empty record)"": 2, ""VARIANT_INCOMPATIBLE"": 24, ""RENDERED_PARTIAL_MISSING_BOBS"": 2}",SOURCE_COMPLETE,Vikings/Humans/Soldiers/job_35_soldier_sword_long/metadata.json
human,1,viking,36,36,soldier_saber_short,Shortsabre Fighter,adult (see job/parent chain),False,"[36, 31, 6]",5,10,"[""Data\\Engine2D\\Bin\\Bobs\\CR_Hum_Body_05.bmd""]","[""Data\\Engine2D\\Bin\\Bobs\\CR_Hum_Head_05.bmd"", ""Data\\Engine2D\\Bin\\Bobs\\CR_Hum_Head_06.bmd"", ""Data\\Engine2D\\Bin\\Bobs\\CR_Hum_Head_07.bmd"", ""Data\\Engine2D\\Bin\\Bobs\\CR_Hum_Head_08.bmd""]","[""test_human_00""]","[""Vik_Man_Soldier"", ""Vik_Man_Soldier_changeJob""]",78,"{""RENDERED"": 128, ""NO_DIRECT_FRAMES (timeline or empty record)"": 2, ""VARIANT_INCOMPATIBLE"": 24, ""RENDERED_PARTIAL_MISSING_BOBS"": 2}",SOURCE_COMPLETE,Vikings/Humans/Soldiers/job_36_soldier_saber_short/metadata.json
human,1,viking,37,37,soldier_saber_long,Longsabre Fighter,adult (see job/parent chain),False,"[37, 31, 6]",5,10,"[""Data\\Engine2D\\Bin\\Bobs\\CR_Hum_Body_05.bmd""]","[""Data\\Engine2D\\Bin\\Bobs\\CR_Hum_Head_05.bmd"", ""Data\\Engine2D\\Bin\\Bobs\\CR_Hum_Head_06.bmd"", ""Data\\Engine2D\\Bin\\Bobs\\CR_Hum_Head_07.bmd"", ""Data\\Engine2D\\Bin\\Bobs\\CR_Hum_Head_08.bmd""]","[""test_human_00""]","[""Vik_Man_Soldier"", ""Vik_Man_Soldier_changeJob""]",78,"{""RENDERED"": 128, ""NO_DIRECT_FRAMES (timeline or empty record)"": 2, ""VARIANT_INCOMPATIBLE"": 24, ""RENDERED_PARTIAL_MISSING_BOBS"": 2}",SOURCE_COMPLETE,Vikings/Humans/Soldiers/job_37_soldier_saber_long/metadata.json
human,1,viking,38,38,soldier_axe_small,Small Axe Fighter,adult (see job/parent chain),False,"[38, 31, 6]",5,10,"[""Data\\Engine2D\\Bin\\Bobs\\CR_Hum_Body_05.bmd""]","[""Data\\Engine2D\\Bin\\Bobs\\CR_Hum_Head_05.bmd"", ""Data\\Engine2D\\Bin\\Bobs\\CR_Hum_Head_06.bmd"", ""Data\\Engine2D\\Bin\\Bobs\\CR_Hum_Head_07.bmd"", ""Data\\Engine2D\\Bin\\Bobs\\CR_Hum_Head_08.bmd""]","[""test_human_00""]","[""Vik_Man_Soldier"", ""Vik_Man_Soldier_changeJob""]",78,"{""RENDERED"": 128, ""NO_DIRECT_FRAMES (timeline or empty record)"": 2, ""VARIANT_INCOMPATIBLE"": 24, ""RENDERED_PARTIAL_MISSING_BOBS"": 2}",SOURCE_COMPLETE,Vikings/Humans/Soldiers/job_38_soldier_axe_small/metadata.json
human,1,viking,39,39,soldier_axe_big,Big Axe Fighter,adult (see job/parent chain),False,"[39, 31, 6]",5,10,"[""Data\\Engine2D\\Bin\\Bobs\\CR_Hum_Body_05.bmd""]","[""Data\\Engine2D\\Bin\\Bobs\\CR_Hum_Head_05.bmd"", ""Data\\Engine2D\\Bin\\Bobs\\CR_Hum_Head_06.bmd"", ""Data\\Engine2D\\Bin\\Bobs\\CR_Hum_Head_07.bmd"", ""Data\\Engine2D\\Bin\\Bobs\\CR_Hum_Head_08.bmd""]","[""test_human_00""]","[""Vik_Man_Soldier"", ""Vik_Man_Soldier_changeJob""]",78,"{""RENDERED"": 128, ""NO_DIRECT_FRAMES (timeline or empty record)"": 2, ""VARIANT_INCOMPATIBLE"": 24, ""RENDERED_PARTIAL_MISSING_BOBS"": 2}",SOURCE_COMPLETE,Vikings/Humans/Soldiers/job_39_soldier_axe_big/metadata.json
human,1,viking,40,40,soldier_bow_short,Short Bow Archer,adult (see job/parent chain),True,"[40, 31, 6]",5,12,"[""Data\\Engine2D\\Bin\\Bobs\\CR_Hum_Body_05.bmd""]","[""Data\\Engine2D\\Bin\\Bobs\\CR_Hum_Head_05.bmd"", ""Data\\Engine2D\\Bin\\Bobs\\CR_Hum_Head_06.bmd"", ""Data\\Engine2D\\Bin\\Bobs\\CR_Hum_Head_07.bmd"", ""Data\\Engine2D\\Bin\\Bobs\\CR_Hum_Head_08.bmd""]","[""test_human_00""]","[""Vik_Man_Soldier"", ""Vik_Man_Soldier_changeJob_bow""]",78,"{""RENDERED"": 128, ""NO_DIRECT_FRAMES (timeline or empty record)"": 2, ""VARIANT_INCOMPATIBLE"": 24, ""RENDERED_PARTIAL_MISSING_BOBS"": 2}",SOURCE_COMPLETE,Vikings/Humans/Soldiers/job_40_soldier_bow_short/metadata.json
human,1,viking,41,41,soldier_bow_long,Longbow Archer,adult (see job/parent chain),True,"[41, 31, 6]",5,11,"[""Data\\Engine2D\\Bin\\Bobs\\CR_Hum_Body_05.bmd""]","[""Data\\Engine2D\\Bin\\Bobs\\CR_Hum_Head_05.bmd"", ""Data\\Engine2D\\Bin\\Bobs\\CR_Hum_Head_06.bmd"", ""Data\\Engine2D\\Bin\\Bobs\\CR_Hum_Head_07.bmd"", ""Data\\Engine2D\\Bin\\Bobs\\CR_Hum_Head_08.bmd""]","[""test_human_00""]","[""Vik_Man_Soldier"", ""Vik_Man_Soldier_changeJob_bow""]",78,"{""RENDERED"": 128, ""NO_DIRECT_FRAMES (timeline or empty record)"": 2, ""VARIANT_INCOMPATIBLE"": 24, ""RENDERED_PARTIAL_MISSING_BOBS"": 2}",SOURCE_COMPLETE,Vikings/Humans/Soldiers/job_41_soldier_bow_long/metadata.json
human,1,viking,42,42,hero_unarmed_???,Unarmed Hero,adult (see job/parent chain),False,"[42, 31, 6]",5,10,"[""Data\\Engine2D\\Bin\\Bobs\\CR_Hum_Body_05.bmd""]","[""Data\\Engine2D\\Bin\\Bobs\\CR_Hum_Head_05.bmd"", ""Data\\Engine2D\\Bin\\Bobs\\CR_Hum_Head_06.bmd"", ""Data\\Engine2D\\Bin\\Bobs\\CR_Hum_Head_07.bmd"", ""Data\\Engine2D\\Bin\\Bobs\\CR_Hum_Head_08.bmd""]","[""test_human_00""]","[""Vik_Man_Soldier"", ""Vik_Man_Soldier_changeJob""]",78,"{""RENDERED"": 128, ""NO_DIRECT_FRAMES (timeline or empty record)"": 2, ""VARIANT_INCOMPATIBLE"": 24, ""RENDERED_PARTIAL_MISSING_BOBS"": 2}",SOURCE_COMPLETE,Vikings/Humans/Heroes/job_42_hero_unarmed/metadata.json
human,1,viking,43,43,hero_spear_SIEGFRIED,Sigurd,adult (see job/parent chain),False,"[43, 33, 31, 6]",5,16,"[""Data\\Engine2D\\Bin\\Bobs\\CR_Hum_Body_05.bmd""]","[""Data\\Engine2D\\Bin\\Bobs\\CR_Hum_Head_05.bmd"", ""Data\\Engine2D\\Bin\\Bobs\\CR_Hum_Head_06.bmd"", ""Data\\Engine2D\\Bin\\Bobs\\CR_Hum_Head_07.bmd"", ""Data\\Engine2D\\Bin\\Bobs\\CR_Hum_Head_08.bmd""]","[""test_human_00""]","[""Vik_Man_Soldier"", ""Vik_Man_Soldier_changeJob_spear_iron""]",78,"{""RENDERED"": 128, ""NO_DIRECT_FRAMES (timeline or empty record)"": 2, ""VARIANT_INCOMPATIBLE"": 24, ""RENDERED_PARTIAL_MISSING_BOBS"": 2}",SOURCE_COMPLETE,Vikings/Humans/Heroes/job_43_hero_spear_SIEGFRIED/metadata.json
human,1,viking,44,44,hero_sword_BJARNI,Bjarni,adult (see job/parent chain),True,"[44, 34, 31, 6]",56,10,"[""Data\\Engine2D\\Bin\\Bobs\\CR_Hum_Body_05.bmd"", ""Data\\Engine2D\\Bin\\Bobs\\CR_Hum_Body_60.bmd""]","[""Data\\Engine2D\\Bin\\Bobs\\CR_Hum_Head_05.bmd"", ""Data\\Engine2D\\Bin\\Bobs\\CR_Hum_Head_06.bmd"", ""Data\\Engine2D\\Bin\\Bobs\\CR_Hum_Head_07.bmd"", ""Data\\Engine2D\\Bin\\Bobs\\CR_Hum_Head_08.bmd""]","[""test_human_00""]","[""Hero_Bjarni"", ""Vik_Man_Soldier_changeJob""]",78,"{""RENDERED"": 102, ""NO_DIRECT_FRAMES (timeline or empty record)"": 2, ""VARIANT_INCOMPATIBLE"": 49, ""RENDERED_PARTIAL_MISSING_BOBS"": 3}",SOURCE_COMPLETE,Vikings/Humans/Heroes/job_44_hero_sword_BJARNI/metadata.json
human,1,viking,45,45,hero_saber_HATSCHI,Hatchie,adult (see job/parent chain),True,"[45, 35, 31, 6]",60,13,"[""Data\\Engine2D\\Bin\\Bobs\\CR_Hum_Body_05.bmd"", ""Data\\Engine2D\\Bin\\Bobs\\CR_Hum_Body_64.bmd""]","[""Data\\Engine2D\\Bin\\Bobs\\CR_Hum_Head_05.bmd"", ""Data\\Engine2D\\Bin\\Bobs\\CR_Hum_Head_06.bmd"", ""Data\\Engine2D\\Bin\\Bobs\\CR_Hum_Head_07.bmd"", ""Data\\Engine2D\\Bin\\Bobs\\CR_Hum_Head_08.bmd""]","[""test_human_00""]","[""Hero_ykol"", ""Vik_Man_Soldier_changeJob_longsword""]",78,"{""RENDERED"": 126, ""NO_DIRECT_FRAMES (timeline or empty record)"": 2, ""VARIANT_INCOMPATIBLE"": 25, ""RENDERED_PARTIAL_MISSING_BOBS"": 3}",SOURCE_COMPLETE,Vikings/Humans/Heroes/job_45_hero_saber_HATSCHI/metadata.json
human,1,viking,46,46,hero_axe_???,Axe Hero,adult (see job/parent chain),False,"[46, 39, 31, 6]",5,10,"[""Data\\Engine2D\\Bin\\Bobs\\CR_Hum_Body_05.bmd""]","[""Data\\Engine2D\\Bin\\Bobs\\CR_Hum_Head_05.bmd"", ""Data\\Engine2D\\Bin\\Bobs\\CR_Hum_Head_06.bmd"", ""Data\\Engine2D\\Bin\\Bobs\\CR_Hum_Head_07.bmd"", ""Data\\Engine2D\\Bin\\Bobs\\CR_Hum_Head_08.bmd""]","[""test_human_00""]","[""Vik_Man_Soldier"", ""Vik_Man_Soldier_changeJob""]",78,"{""RENDERED"": 128, ""NO_DIRECT_FRAMES (timeline or empty record)"": 2, ""VARIANT_INCOMPATIBLE"": 24, ""RENDERED_PARTIAL_MISSING_BOBS"": 2}",SOURCE_COMPLETE,Vikings/Humans/Heroes/job_46_hero_axe/metadata.json
human,1,viking,47,47,heroine_bow_XENA,Cyra,adult (see job/parent chain),False,"[47, 41, 31, 6]",5,11,"[""Data\\Engine2D\\Bin\\Bobs\\CR_Hum_Body_05.bmd""]","[""Data\\Engine2D\\Bin\\Bobs\\CR_Hum_Head_05.bmd"", ""Data\\Engine2D\\Bin\\Bobs\\CR_Hum_Head_06.bmd"", ""Data\\Engine2D\\Bin\\Bobs\\CR_Hum_Head_07.bmd"", ""Data\\Engine2D\\Bin\\Bobs\\CR_Hum_Head_08.bmd""]","[""test_human_00""]","[""Vik_Man_Soldier"", ""Vik_Man_Soldier_changeJob_bow""]",78,"{""RENDERED"": 128, ""NO_DIRECT_FRAMES (timeline or empty record)"": 2, ""VARIANT_INCOMPATIBLE"": 24, ""RENDERED_PARTIAL_MISSING_BOBS"": 2}",SOURCE_COMPLETE,Vikings/Humans/Heroes/job_47_heroine_bow_XENA/metadata.json
human,2,frank,1,1,baby_female,Baby,female baby,True,[1],69,,"[""Data\\Engine2D\\Bin\\Bobs\\CR_Hum_Body_22.bmd""]","[""Data\\Engine2D\\Bin\\Bobs\\CR_Hum_Head_22.bmd""]","[""test_human_00""]","[""Vik_Baby_Base""]",7,"{""RENDERED"": 7}",SOURCE_COMPLETE,Franks/Humans/Children/Babies/job_01_baby_female/metadata.json
human,2,frank,2,2,baby_male,Baby,male baby,True,"[2, 1]",67,,"[""Data\\Engine2D\\Bin\\Bobs\\CR_Hum_Body_22.bmd""]","[""Data\\Engine2D\\Bin\\Bobs\\CR_Hum_Head_22.bmd""]","[""test_human_00""]","[""Vik_Baby_Base""]",7,"{""RENDERED"": 7}",SOURCE_COMPLETE,Franks/Humans/Children/Babies/job_02_baby_male/metadata.json
human,2,frank,3,3,child_female,Girl,female child,True,"[3, 1]",70,,"[""Data\\Engine2D\\Bin\\Bobs\\CR_Hum_Body_21.bmd""]","[""Data\\Engine2D\\Bin\\Bobs\\CR_Hum_Head_21.bmd""]","[""test_human_00""]","[""Vik_Man_Base""]",10,"{""RENDERED"": 10}",SOURCE_COMPLETE,Franks/Humans/Children/job_03_child_female/metadata.json
human,2,frank,4,4,child_male,Boy,male child,True,"[4, 2, 1]",68,,"[""Data\\Engine2D\\Bin\\Bobs\\CR_Hum_Body_20.bmd""]","[""Data\\Engine2D\\Bin\\Bobs\\CR_Hum_Head_20.bmd""]","[""test_human_00""]","[""Vik_Man_Base""]",10,"{""RENDERED"": 10}",SOURCE_COMPLETE,Franks/Humans/Children/job_04_child_male/metadata.json
human,2,frank,5,5,woman,Woman,adult female,True,[5],22,,"[""Data\\Engine2D\\Bin\\Bobs\\CR_Hum_Body_10.bmd""]","[""Data\\Engine2D\\Bin\\Bobs\\CR_Hum_Head_15.bmd""]","[""test_human_00""]","[""Vik_WoMan_Base""]",23,"{""RENDERED"": 23}",SOURCE_COMPLETE,Franks/Humans/Female/job_05_woman/metadata.json
human,2,frank,6,6,civilist,Civilian,adult male,True,[6],21,,"[""Data\\Engine2D\\Bin\\Bobs\\CR_Hum_Body_30.bmd""]","[""Data\\Engine2D\\Bin\\Bobs\\CR_Hum_Head_30.bmd"", ""Data\\Engine2D\\Bin\\Bobs\\CR_Hum_Head_31.bmd""]","[""test_human_00""]","[""Vik_Man_Base""]",35,"{""RENDERED"": 34, ""NO_DIRECT_FRAMES (timeline or empty record)"": 1}",SOURCE_COMPLETE,Franks/Humans/Male/job_06_civilist/metadata.json
human,2,frank,7,7,builder,Builder,adult (see job/parent chain),True,"[7, 6]",21,,"[""Data\\Engine2D\\Bin\\Bobs\\CR_Hum_Body_30.bmd""]","[""Data\\Engine2D\\Bin\\Bobs\\CR_Hum_Head_30.bmd"", ""Data\\Engine2D\\Bin\\Bobs\\CR_Hum_Head_31.bmd""]","[""test_human_00""]","[""Vik_Man_Base""]",37,"{""RENDERED"": 36, ""NO_DIRECT_FRAMES (timeline or empty record)"": 1}",SOURCE_COMPLETE,Franks/Humans/Professions/job_07_builder/metadata.json
human,2,frank,8,8,collector,Extractor,adult (see job/parent chain),True,"[8, 6]",21,,"[""Data\\Engine2D\\Bin\\Bobs\\CR_Hum_Body_30.bmd""]","[""Data\\Engine2D\\Bin\\Bobs\\CR_Hum_Head_30.bmd"", ""Data\\Engine2D\\Bin\\Bobs\\CR_Hum_Head_31.bmd""]","[""test_human_00""]","[""Vik_Man_Base""]",40,"{""RENDERED"": 39, ""NO_DIRECT_FRAMES (timeline or empty record)"": 1}",SOURCE_COMPLETE,Franks/Humans/Professions/job_08_collector/metadata.json
human,2,frank,9,9,joiner,Carpenter,adult (see job/parent chain),True,"[9, 6]",21,,"[""Data\\Engine2D\\Bin\\Bobs\\CR_Hum_Body_30.bmd""]","[""Data\\Engine2D\\Bin\\Bobs\\CR_Hum_Head_30.bmd"", ""Data\\Engine2D\\Bin\\Bobs\\CR_Hum_Head_31.bmd""]","[""test_human_00""]","[""Vik_Man_Base""]",35,"{""RENDERED"": 34, ""NO_DIRECT_FRAMES (timeline or empty record)"": 1}",SOURCE_COMPLETE,Franks/Humans/Professions/job_09_joiner/metadata.json
human,2,frank,10,10,armorer,Armourer,adult (see job/parent chain),True,"[10, 6]",21,,"[""Data\\Engine2D\\Bin\\Bobs\\CR_Hum_Body_30.bmd""]","[""Data\\Engine2D\\Bin\\Bobs\\CR_Hum_Head_30.bmd"", ""Data\\Engine2D\\Bin\\Bobs\\CR_Hum_Head_31.bmd""]","[""test_human_00""]","[""Vik_Man_Base""]",35,"{""RENDERED"": 34, ""NO_DIRECT_FRAMES (timeline or empty record)"": 1}",SOURCE_COMPLETE,Franks/Humans/Professions/job_10_armorer/metadata.json
human,2,frank,11,11,potter,Potter,adult (see job/parent chain),True,"[11, 6]",21,,"[""Data\\Engine2D\\Bin\\Bobs\\CR_Hum_Body_30.bmd""]","[""Data\\Engine2D\\Bin\\Bobs\\CR_Hum_Head_30.bmd"", ""Data\\Engine2D\\Bin\\Bobs\\CR_Hum_Head_31.bmd""]","[""test_human_00""]","[""Vik_Man_Base""]",35,"{""RENDERED"": 34, ""NO_DIRECT_FRAMES (timeline or empty record)"": 1}",SOURCE_COMPLETE,Franks/Humans/Professions/job_11_potter/metadata.json
human,2,frank,12,12,mason,Stonemason,adult (see job/parent chain),True,"[12, 6]",21,,"[""Data\\Engine2D\\Bin\\Bobs\\CR_Hum_Body_30.bmd""]","[""Data\\Engine2D\\Bin\\Bobs\\CR_Hum_Head_30.bmd"", ""Data\\Engine2D\\Bin\\Bobs\\CR_Hum_Head_31.bmd""]","[""test_human_00""]","[""Vik_Man_Base""]",35,"{""RENDERED"": 34, ""NO_DIRECT_FRAMES (timeline or empty record)"": 1}",SOURCE_COMPLETE,Franks/Humans/Professions/job_12_mason/metadata.json
human,2,frank,13,13,smith,Blacksmith,adult (see job/parent chain),True,"[13, 6]",21,,"[""Data\\Engine2D\\Bin\\Bobs\\CR_Hum_Body_30.bmd""]","[""Data\\Engine2D\\Bin\\Bobs\\CR_Hum_Head_30.bmd"", ""Data\\Engine2D\\Bin\\Bobs\\CR_Hum_Head_31.bmd""]","[""test_human_00""]","[""Vik_Man_Base""]",35,"{""RENDERED"": 34, ""NO_DIRECT_FRAMES (timeline or empty record)"": 1}",SOURCE_COMPLETE,Franks/Humans/Professions/job_13_smith/metadata.json
human,2,frank,14,14,coin maker,Mint Worker,adult (see job/parent chain),True,"[14, 6]",21,,"[""Data\\Engine2D\\Bin\\Bobs\\CR_Hum_Body_30.bmd""]","[""Data\\Engine2D\\Bin\\Bobs\\CR_Hum_Head_30.bmd"", ""Data\\Engine2D\\Bin\\Bobs\\CR_Hum_Head_31.bmd""]","[""test_human_00""]","[""Vik_Man_Base""]",35,"{""RENDERED"": 34, ""NO_DIRECT_FRAMES (timeline or empty record)"": 1}",SOURCE_COMPLETE,Franks/Humans/Professions/job_14_coin_maker/metadata.json
human,2,frank,15,15,hunter,Hunter,adult (see job/parent chain),True,"[15, 6]",21,,"[""Data\\Engine2D\\Bin\\Bobs\\CR_Hum_Body_30.bmd""]","[""Data\\Engine2D\\Bin\\Bobs\\CR_Hum_Head_30.bmd"", ""Data\\Engine2D\\Bin\\Bobs\\CR_Hum_Head_31.bmd""]","[""test_human_00""]","[""Vik_Man_Base""]",36,"{""RENDERED"": 35, ""NO_DIRECT_FRAMES (timeline or empty record)"": 1}",SOURCE_COMPLETE,Franks/Humans/Professions/job_15_hunter/metadata.json
human,2,frank,16,16,breeder,Stock Farmer,adult (see job/parent chain),True,"[16, 6]",21,,"[""Data\\Engine2D\\Bin\\Bobs\\CR_Hum_Body_30.bmd""]","[""Data\\Engine2D\\Bin\\Bobs\\CR_Hum_Head_30.bmd"", ""Data\\Engine2D\\Bin\\Bobs\\CR_Hum_Head_31.bmd""]","[""test_human_00""]","[""Vik_Man_Base""]",35,"{""RENDERED"": 34, ""NO_DIRECT_FRAMES (timeline or empty record)"": 1}",SOURCE_COMPLETE,Franks/Humans/Professions/job_16_breeder/metadata.json
human,2,frank,17,17,sewer,Tailor,adult (see job/parent chain),True,"[17, 6]",21,,"[""Data\\Engine2D\\Bin\\Bobs\\CR_Hum_Body_30.bmd""]","[""Data\\Engine2D\\Bin\\Bobs\\CR_Hum_Head_30.bmd"", ""Data\\Engine2D\\Bin\\Bobs\\CR_Hum_Head_31.bmd""]","[""test_human_00""]","[""Vik_Man_Base""]",35,"{""RENDERED"": 34, ""NO_DIRECT_FRAMES (timeline or empty record)"": 1}",SOURCE_COMPLETE,Franks/Humans/Professions/job_17_sewer/metadata.json
human,2,frank,18,18,farmer,Farmer,adult (see job/parent chain),True,"[18, 6]",21,,"[""Data\\Engine2D\\Bin\\Bobs\\CR_Hum_Body_30.bmd""]","[""Data\\Engine2D\\Bin\\Bobs\\CR_Hum_Head_30.bmd"", ""Data\\Engine2D\\Bin\\Bobs\\CR_Hum_Head_31.bmd""]","[""test_human_00""]","[""Vik_Man_Base""]",38,"{""RENDERED"": 37, ""NO_DIRECT_FRAMES (timeline or empty record)"": 1}",SOURCE_COMPLETE,Franks/Humans/Professions/job_18_farmer/metadata.json
human,2,frank,19,19,miller,Miller,adult (see job/parent chain),True,"[19, 6]",21,,"[""Data\\Engine2D\\Bin\\Bobs\\CR_Hum_Body_30.bmd""]","[""Data\\Engine2D\\Bin\\Bobs\\CR_Hum_Head_30.bmd"", ""Data\\Engine2D\\Bin\\Bobs\\CR_Hum_Head_31.bmd""]","[""test_human_00""]","[""Vik_Man_Base""]",35,"{""RENDERED"": 34, ""NO_DIRECT_FRAMES (timeline or empty record)"": 1}",SOURCE_COMPLETE,Franks/Humans/Professions/job_19_miller/metadata.json
human,2,frank,20,20,baker,Baker,adult (see job/parent chain),True,"[20, 6]",21,,"[""Data\\Engine2D\\Bin\\Bobs\\CR_Hum_Body_30.bmd""]","[""Data\\Engine2D\\Bin\\Bobs\\CR_Hum_Head_30.bmd"", ""Data\\Engine2D\\Bin\\Bobs\\CR_Hum_Head_31.bmd""]","[""test_human_00""]","[""Vik_Man_Base""]",35,"{""RENDERED"": 34, ""NO_DIRECT_FRAMES (timeline or empty record)"": 1}",SOURCE_COMPLETE,Franks/Humans/Professions/job_20_baker/metadata.json
human,2,frank,21,21,brewer,Brewer,adult (see job/parent chain),True,"[21, 6]",21,,"[""Data\\Engine2D\\Bin\\Bobs\\CR_Hum_Body_30.bmd""]","[""Data\\Engine2D\\Bin\\Bobs\\CR_Hum_Head_30.bmd"", ""Data\\Engine2D\\Bin\\Bobs\\CR_Hum_Head_31.bmd""]","[""test_human_00""]","[""Vik_Man_Base""]",35,"{""RENDERED"": 34, ""NO_DIRECT_FRAMES (timeline or empty record)"": 1}",SOURCE_COMPLETE,Franks/Humans/Professions/job_21_brewer/metadata.json
human,2,frank,22,22,fisher,Fisherman,adult (see job/parent chain),True,"[22, 6]",21,,"[""Data\\Engine2D\\Bin\\Bobs\\CR_Hum_Body_30.bmd""]","[""Data\\Engine2D\\Bin\\Bobs\\CR_Hum_Head_30.bmd"", ""Data\\Engine2D\\Bin\\Bobs\\CR_Hum_Head_31.bmd""]","[""test_human_00""]","[""Vik_Man_Base""]",38,"{""RENDERED"": 37, ""NO_DIRECT_FRAMES (timeline or empty record)"": 1}",SOURCE_COMPLETE,Franks/Humans/Professions/job_22_fisher/metadata.json
human,2,frank,23,23,fisher_sea,Sea Fisher,adult (see job/parent chain),False,"[23, 6]",21,,"[""Data\\Engine2D\\Bin\\Bobs\\CR_Hum_Body_30.bmd""]","[""Data\\Engine2D\\Bin\\Bobs\\CR_Hum_Head_30.bmd"", ""Data\\Engine2D\\Bin\\Bobs\\CR_Hum_Head_31.bmd""]","[""test_human_00""]","[""Vik_Man_Base""]",35,"{""RENDERED"": 34, ""NO_DIRECT_FRAMES (timeline or empty record)"": 1}",SOURCE_COMPLETE,Franks/Humans/Professions/job_23_fisher_sea/metadata.json
human,2,frank,24,24,carrier,Carrier,adult (see job/parent chain),True,"[24, 6]",21,,"[""Data\\Engine2D\\Bin\\Bobs\\CR_Hum_Body_30.bmd""]","[""Data\\Engine2D\\Bin\\Bobs\\CR_Hum_Head_30.bmd"", ""Data\\Engine2D\\Bin\\Bobs\\CR_Hum_Head_31.bmd""]","[""test_human_00""]","[""Vik_Man_Base""]",35,"{""RENDERED"": 34, ""NO_DIRECT_FRAMES (timeline or empty record)"": 1}",SOURCE_COMPLETE,Franks/Humans/Professions/job_24_carrier/metadata.json
human,2,frank,25,25,trader,Merchant,adult (see job/parent chain),True,"[25, 6]",21,,"[""Data\\Engine2D\\Bin\\Bobs\\CR_Hum_Body_30.bmd""]","[""Data\\Engine2D\\Bin\\Bobs\\CR_Hum_Head_30.bmd"", ""Data\\Engine2D\\Bin\\Bobs\\CR_Hum_Head_31.bmd""]","[""test_human_00""]","[""Vik_Man_Base""]",35,"{""RENDERED"": 34, ""NO_DIRECT_FRAMES (timeline or empty record)"": 1}",SOURCE_COMPLETE,Franks/Humans/Professions/job_25_trader/metadata.json
human,2,frank,26,26,trader_sea,Sea Merchant,adult (see job/parent chain),False,"[26, 6]",21,,"[""Data\\Engine2D\\Bin\\Bobs\\CR_Hum_Body_30.bmd""]","[""Data\\Engine2D\\Bin\\Bobs\\CR_Hum_Head_30.bmd"", ""Data\\Engine2D\\Bin\\Bobs\\CR_Hum_Head_31.bmd""]","[""test_human_00""]","[""Vik_Man_Base""]",35,"{""RENDERED"": 34, ""NO_DIRECT_FRAMES (timeline or empty record)"": 1}",SOURCE_COMPLETE,Franks/Humans/Professions/job_26_trader_sea/metadata.json
human,2,frank,27,27,scout,Scout,adult (see job/parent chain),True,"[27, 6]",21,,"[""Data\\Engine2D\\Bin\\Bobs\\CR_Hum_Body_30.bmd""]","[""Data\\Engine2D\\Bin\\Bobs\\CR_Hum_Head_30.bmd"", ""Data\\Engine2D\\Bin\\Bobs\\CR_Hum_Head_31.bmd""]","[""test_human_00""]","[""Vik_Man_Base""]",36,"{""RENDERED"": 35, ""NO_DIRECT_FRAMES (timeline or empty record)"": 1}",SOURCE_COMPLETE,Franks/Humans/Professions/job_27_scout/metadata.json
human,2,frank,28,28,jester,Jester,adult (see job/parent chain),False,"[28, 6]",21,,"[""Data\\Engine2D\\Bin\\Bobs\\CR_Hum_Body_30.bmd""]","[""Data\\Engine2D\\Bin\\Bobs\\CR_Hum_Head_30.bmd"", ""Data\\Engine2D\\Bin\\Bobs\\CR_Hum_Head_31.bmd""]","[""test_human_00""]","[""Vik_Man_Base""]",35,"{""RENDERED"": 34, ""NO_DIRECT_FRAMES (timeline or empty record)"": 1}",SOURCE_COMPLETE,Franks/Humans/Professions/job_28_jester/metadata.json
human,2,frank,29,29,herb & mush guy,Herb Gatherer,adult (see job/parent chain),True,"[29, 6]",21,,"[""Data\\Engine2D\\Bin\\Bobs\\CR_Hum_Body_30.bmd""]","[""Data\\Engine2D\\Bin\\Bobs\\CR_Hum_Head_30.bmd"", ""Data\\Engine2D\\Bin\\Bobs\\CR_Hum_Head_31.bmd""]","[""test_human_00""]","[""Vik_Man_Base""]",35,"{""RENDERED"": 34, ""NO_DIRECT_FRAMES (timeline or empty record)"": 1}",SOURCE_COMPLETE,Franks/Humans/Professions/job_29_herb_mush_guy/metadata.json
human,2,frank,30,30,druid,Druid,adult (see job/parent chain),True,"[30, 6]",21,,"[""Data\\Engine2D\\Bin\\Bobs\\CR_Hum_Body_30.bmd""]","[""Data\\Engine2D\\Bin\\Bobs\\CR_Hum_Head_30.bmd"", ""Data\\Engine2D\\Bin\\Bobs\\CR_Hum_Head_31.bmd""]","[""test_human_00""]","[""Vik_Man_Base""]",35,"{""RENDERED"": 34, ""NO_DIRECT_FRAMES (timeline or empty record)"": 1}",SOURCE_COMPLETE,Franks/Humans/Professions/job_30_druid/metadata.json
human,2,frank,31,31,soldier_unarmed,Soldier,adult (see job/parent chain),True,"[31, 6]",23,27,"[""Data\\Engine2D\\Bin\\Bobs\\CR_Hum_Body_32.bmd""]","[""Data\\Engine2D\\Bin\\Bobs\\CR_Hum_Head_33.bmd"", ""Data\\Engine2D\\Bin\\Bobs\\CR_Hum_Head_34.bmd""]","[""test_human_00""]","[""Vik_Man_Soldier""]",35,"{""RENDERED"": 54, ""NO_DIRECT_FRAMES (timeline or empty record)"": 2, ""VARIANT_INCOMPATIBLE"": 10, ""RENDERED_PARTIAL_MISSING_BOBS"": 4}",SOURCE_COMPLETE,Franks/Humans/Soldiers/job_31_soldier_unarmed/metadata.json
human,2,frank,32,32,soldier_spear_wooden,Wooden Spearman,adult (see job/parent chain),False,"[32, 31, 6]",23,27,"[""Data\\Engine2D\\Bin\\Bobs\\CR_Hum_Body_32.bmd""]","[""Data\\Engine2D\\Bin\\Bobs\\CR_Hum_Head_33.bmd"", ""Data\\Engine2D\\Bin\\Bobs\\CR_Hum_Head_34.bmd""]","[""test_human_00""]","[""Vik_Man_Soldier""]",35,"{""RENDERED"": 54, ""NO_DIRECT_FRAMES (timeline or empty record)"": 2, ""VARIANT_INCOMPATIBLE"": 10, ""RENDERED_PARTIAL_MISSING_BOBS"": 4}",SOURCE_COMPLETE,Franks/Humans/Soldiers/job_32_soldier_spear_wooden/metadata.json
human,2,frank,33,33,soldier_spear_iron,Iron Spearman,adult (see job/parent chain),False,"[33, 31, 6]",23,27,"[""Data\\Engine2D\\Bin\\Bobs\\CR_Hum_Body_32.bmd""]","[""Data\\Engine2D\\Bin\\Bobs\\CR_Hum_Head_33.bmd"", ""Data\\Engine2D\\Bin\\Bobs\\CR_Hum_Head_34.bmd""]","[""test_human_00""]","[""Vik_Man_Soldier""]",35,"{""RENDERED"": 54, ""NO_DIRECT_FRAMES (timeline or empty record)"": 2, ""VARIANT_INCOMPATIBLE"": 10, ""RENDERED_PARTIAL_MISSING_BOBS"": 4}",SOURCE_COMPLETE,Franks/Humans/Soldiers/job_33_soldier_spear_iron/metadata.json
human,2,frank,34,34,soldier_sword_short,Shortsword Fighter,adult (see job/parent chain),True,"[34, 31, 6]",23,24,"[""Data\\Engine2D\\Bin\\Bobs\\CR_Hum_Body_32.bmd""]","[""Data\\Engine2D\\Bin\\Bobs\\CR_Hum_Head_33.bmd"", ""Data\\Engine2D\\Bin\\Bobs\\CR_Hum_Head_34.bmd""]","[""test_human_00""]","[""Vik_Man_Soldier""]",35,"{""RENDERED"": 54, ""NO_DIRECT_FRAMES (timeline or empty record)"": 2, ""VARIANT_INCOMPATIBLE"": 10, ""RENDERED_PARTIAL_MISSING_BOBS"": 4}",SOURCE_COMPLETE,Franks/Humans/Soldiers/job_34_soldier_sword_short/metadata.json
human,2,frank,35,35,soldier_sword_long,Longsword Fighter,adult (see job/parent chain),True,"[35, 31, 6]",23,26,"[""Data\\Engine2D\\Bin\\Bobs\\CR_Hum_Body_32.bmd""]","[""Data\\Engine2D\\Bin\\Bobs\\CR_Hum_Head_33.bmd"", ""Data\\Engine2D\\Bin\\Bobs\\CR_Hum_Head_34.bmd""]","[""test_human_00""]","[""Vik_Man_Soldier""]",35,"{""RENDERED"": 54, ""NO_DIRECT_FRAMES (timeline or empty record)"": 2, ""VARIANT_INCOMPATIBLE"": 10, ""RENDERED_PARTIAL_MISSING_BOBS"": 4}",SOURCE_COMPLETE,Franks/Humans/Soldiers/job_35_soldier_sword_long/metadata.json
human,2,frank,36,36,soldier_saber_short,Shortsabre Fighter,adult (see job/parent chain),False,"[36, 31, 6]",23,27,"[""Data\\Engine2D\\Bin\\Bobs\\CR_Hum_Body_32.bmd""]","[""Data\\Engine2D\\Bin\\Bobs\\CR_Hum_Head_33.bmd"", ""Data\\Engine2D\\Bin\\Bobs\\CR_Hum_Head_34.bmd""]","[""test_human_00""]","[""Vik_Man_Soldier""]",35,"{""RENDERED"": 54, ""NO_DIRECT_FRAMES (timeline or empty record)"": 2, ""VARIANT_INCOMPATIBLE"": 10, ""RENDERED_PARTIAL_MISSING_BOBS"": 4}",SOURCE_COMPLETE,Franks/Humans/Soldiers/job_36_soldier_saber_short/metadata.json
human,2,frank,37,37,soldier_saber_long,Longsabre Fighter,adult (see job/parent chain),False,"[37, 31, 6]",23,27,"[""Data\\Engine2D\\Bin\\Bobs\\CR_Hum_Body_32.bmd""]","[""Data\\Engine2D\\Bin\\Bobs\\CR_Hum_Head_33.bmd"", ""Data\\Engine2D\\Bin\\Bobs\\CR_Hum_Head_34.bmd""]","[""test_human_00""]","[""Vik_Man_Soldier""]",35,"{""RENDERED"": 54, ""NO_DIRECT_FRAMES (timeline or empty record)"": 2, ""VARIANT_INCOMPATIBLE"": 10, ""RENDERED_PARTIAL_MISSING_BOBS"": 4}",SOURCE_COMPLETE,Franks/Humans/Soldiers/job_37_soldier_saber_long/metadata.json
human,2,frank,38,38,soldier_axe_small,Small Axe Fighter,adult (see job/parent chain),False,"[38, 31, 6]",23,27,"[""Data\\Engine2D\\Bin\\Bobs\\CR_Hum_Body_32.bmd""]","[""Data\\Engine2D\\Bin\\Bobs\\CR_Hum_Head_33.bmd"", ""Data\\Engine2D\\Bin\\Bobs\\CR_Hum_Head_34.bmd""]","[""test_human_00""]","[""Vik_Man_Soldier""]",35,"{""RENDERED"": 54, ""NO_DIRECT_FRAMES (timeline or empty record)"": 2, ""VARIANT_INCOMPATIBLE"": 10, ""RENDERED_PARTIAL_MISSING_BOBS"": 4}",SOURCE_COMPLETE,Franks/Humans/Soldiers/job_38_soldier_axe_small/metadata.json
human,2,frank,39,39,soldier_axe_big,Big Axe Fighter,adult (see job/parent chain),False,"[39, 31, 6]",23,27,"[""Data\\Engine2D\\Bin\\Bobs\\CR_Hum_Body_32.bmd""]","[""Data\\Engine2D\\Bin\\Bobs\\CR_Hum_Head_33.bmd"", ""Data\\Engine2D\\Bin\\Bobs\\CR_Hum_Head_34.bmd""]","[""test_human_00""]","[""Vik_Man_Soldier""]",35,"{""RENDERED"": 54, ""NO_DIRECT_FRAMES (timeline or empty record)"": 2, ""VARIANT_INCOMPATIBLE"": 10, ""RENDERED_PARTIAL_MISSING_BOBS"": 4}",SOURCE_COMPLETE,Franks/Humans/Soldiers/job_39_soldier_axe_big/metadata.json
human,2,frank,40,40,soldier_bow_short,Short Bow Archer,adult (see job/parent chain),False,"[40, 31, 6]",23,27,"[""Data\\Engine2D\\Bin\\Bobs\\CR_Hum_Body_32.bmd""]","[""Data\\Engine2D\\Bin\\Bobs\\CR_Hum_Head_33.bmd"", ""Data\\Engine2D\\Bin\\Bobs\\CR_Hum_Head_34.bmd""]","[""test_human_00""]","[""Vik_Man_Soldier""]",35,"{""RENDERED"": 54, ""NO_DIRECT_FRAMES (timeline or empty record)"": 2, ""VARIANT_INCOMPATIBLE"": 10, ""RENDERED_PARTIAL_MISSING_BOBS"": 4}",SOURCE_COMPLETE,Franks/Humans/Soldiers/job_40_soldier_bow_short/metadata.json
human,2,frank,41,41,soldier_bow_long,Longbow Archer,adult (see job/parent chain),True,"[41, 31, 6]",23,25,"[""Data\\Engine2D\\Bin\\Bobs\\CR_Hum_Body_32.bmd""]","[""Data\\Engine2D\\Bin\\Bobs\\CR_Hum_Head_33.bmd"", ""Data\\Engine2D\\Bin\\Bobs\\CR_Hum_Head_34.bmd""]","[""test_human_00""]","[""Vik_Man_Soldier""]",35,"{""RENDERED"": 54, ""NO_DIRECT_FRAMES (timeline or empty record)"": 2, ""VARIANT_INCOMPATIBLE"": 10, ""RENDERED_PARTIAL_MISSING_BOBS"": 4}",SOURCE_COMPLETE,Franks/Humans/Soldiers/job_41_soldier_bow_long/metadata.json
human,2,frank,42,42,hero_unarmed_???,Unarmed Hero,adult (see job/parent chain),True,"[42, 31, 6]",83,27,"[""Data\\Engine2D\\Bin\\Bobs\\CR_Hum_Body_20.bmd"", ""Data\\Engine2D\\Bin\\Bobs\\CR_Hum_Body_32.bmd""]","[""Data\\Engine2D\\Bin\\Bobs\\CR_Hum_Head_20.bmd"", ""Data\\Engine2D\\Bin\\Bobs\\CR_Hum_Head_33.bmd"", ""Data\\Engine2D\\Bin\\Bobs\\CR_Hum_Head_34.bmd""]","[""test_human_00""]","[""Vik_Man_Soldier""]",35,"{""RENDERED"": 40, ""VARIANT_INCOMPATIBLE"": 26, ""NO_DIRECT_FRAMES (timeline or empty record)"": 2, ""RENDERED_PARTIAL_MISSING_BOBS"": 2}",SOURCE_COMPLETE,Franks/Humans/Heroes/job_42_hero_unarmed/metadata.json
human,2,frank,43,43,hero_spear_SIEGFRIED,Sigurd,adult (see job/parent chain),True,"[43, 33, 31, 6]",59,27,"[""Data\\Engine2D\\Bin\\Bobs\\CR_Hum_Body_32.bmd"", ""Data\\Engine2D\\Bin\\Bobs\\CR_Hum_Body_61.bmd""]","[""Data\\Engine2D\\Bin\\Bobs\\CR_Hum_Head_33.bmd"", ""Data\\Engine2D\\Bin\\Bobs\\CR_Hum_Head_34.bmd""]","[""test_human_00""]","[""Hero_Siegfried"", ""Vik_Man_Soldier""]",35,"{""RENDERED"": 49, ""NO_DIRECT_FRAMES (timeline or empty record)"": 2, ""VARIANT_INCOMPATIBLE"": 16, ""RENDERED_PARTIAL_MISSING_BOBS"": 3}",SOURCE_COMPLETE,Franks/Humans/Heroes/job_43_hero_spear_SIEGFRIED/metadata.json
human,2,frank,44,44,hero_sword_BJARNI,Bjarni,adult (see job/parent chain),False,"[44, 34, 31, 6]",23,24,"[""Data\\Engine2D\\Bin\\Bobs\\CR_Hum_Body_32.bmd""]","[""Data\\Engine2D\\Bin\\Bobs\\CR_Hum_Head_33.bmd"", ""Data\\Engine2D\\Bin\\Bobs\\CR_Hum_Head_34.bmd""]","[""test_human_00""]","[""Vik_Man_Soldier""]",35,"{""RENDERED"": 54, ""NO_DIRECT_FRAMES (timeline or empty record)"": 2, ""VARIANT_INCOMPATIBLE"": 10, ""RENDERED_PARTIAL_MISSING_BOBS"": 4}",SOURCE_COMPLETE,Franks/Humans/Heroes/job_44_hero_sword_BJARNI/metadata.json
human,2,frank,45,45,hero_saber_HATSCHI,Hatchie,adult (see job/parent chain),False,"[45, 35, 31, 6]",23,26,"[""Data\\Engine2D\\Bin\\Bobs\\CR_Hum_Body_32.bmd""]","[""Data\\Engine2D\\Bin\\Bobs\\CR_Hum_Head_33.bmd"", ""Data\\Engine2D\\Bin\\Bobs\\CR_Hum_Head_34.bmd""]","[""test_human_00""]","[""Vik_Man_Soldier""]",35,"{""RENDERED"": 54, ""NO_DIRECT_FRAMES (timeline or empty record)"": 2, ""VARIANT_INCOMPATIBLE"": 10, ""RENDERED_PARTIAL_MISSING_BOBS"": 4}",SOURCE_COMPLETE,Franks/Humans/Heroes/job_45_hero_saber_HATSCHI/metadata.json
human,2,frank,46,46,hero_axe_???,Axe Hero,adult (see job/parent chain),False,"[46, 39, 31, 6]",23,27,"[""Data\\Engine2D\\Bin\\Bobs\\CR_Hum_Body_32.bmd""]","[""Data\\Engine2D\\Bin\\Bobs\\CR_Hum_Head_33.bmd"", ""Data\\Engine2D\\Bin\\Bobs\\CR_Hum_Head_34.bmd""]","[""test_human_00""]","[""Vik_Man_Soldier""]",35,"{""RENDERED"": 54, ""NO_DIRECT_FRAMES (timeline or empty record)"": 2, ""VARIANT_INCOMPATIBLE"": 10, ""RENDERED_PARTIAL_MISSING_BOBS"": 4}",SOURCE_COMPLETE,Franks/Humans/Heroes/job_46_hero_axe/metadata.json
human,2,frank,47,47,heroine_bow_XENA,Cyra,adult (see job/parent chain),False,"[47, 41, 31, 6]",23,25,"[""Data\\Engine2D\\Bin\\Bobs\\CR_Hum_Body_32.bmd""]","[""Data\\Engine2D\\Bin\\Bobs\\CR_Hum_Head_33.bmd"", ""Data\\Engine2D\\Bin\\Bobs\\CR_Hum_Head_34.bmd""]","[""test_human_00""]","[""Vik_Man_Soldier""]",35,"{""RENDERED"": 54, ""NO_DIRECT_FRAMES (timeline or empty record)"": 2, ""VARIANT_INCOMPATIBLE"": 10, ""RENDERED_PARTIAL_MISSING_BOBS"": 4}",SOURCE_COMPLETE,Franks/Humans/Heroes/job_47_heroine_bow_XENA/metadata.json
human,3,byzantine,1,1,baby_female,Baby,female baby,True,[1],73,,"[""Data\\Engine2D\\Bin\\Bobs\\CR_Hum_Body_22.bmd""]","[""Data\\Engine2D\\Bin\\Bobs\\CR_Hum_Head_22.bmd""]","[""test_human_00""]","[""Vik_Baby_Base""]",7,"{""RENDERED"": 7}",SOURCE_COMPLETE,Byzantines/Humans/Children/Babies/job_01_baby_female/metadata.json
human,3,byzantine,2,2,baby_male,Baby,male baby,True,"[2, 1]",71,,"[""Data\\Engine2D\\Bin\\Bobs\\CR_Hum_Body_22.bmd""]","[""Data\\Engine2D\\Bin\\Bobs\\CR_Hum_Head_22.bmd""]","[""test_human_00""]","[""Vik_Baby_Base""]",7,"{""RENDERED"": 7}",SOURCE_COMPLETE,Byzantines/Humans/Children/Babies/job_02_baby_male/metadata.json
human,3,byzantine,3,3,child_female,Girl,female child,True,"[3, 1]",74,,"[""Data\\Engine2D\\Bin\\Bobs\\CR_Hum_Body_21.bmd""]","[""Data\\Engine2D\\Bin\\Bobs\\CR_Hum_Head_21.bmd""]","[""test_human_00""]","[""Vik_Man_Base""]",10,"{""RENDERED"": 10}",SOURCE_COMPLETE,Byzantines/Humans/Children/job_03_child_female/metadata.json
human,3,byzantine,4,4,child_male,Boy,male child,True,"[4, 2, 1]",72,,"[""Data\\Engine2D\\Bin\\Bobs\\CR_Hum_Body_20.bmd""]","[""Data\\Engine2D\\Bin\\Bobs\\CR_Hum_Head_20.bmd""]","[""test_human_00""]","[""Vik_Man_Base""]",10,"{""RENDERED"": 10}",SOURCE_COMPLETE,Byzantines/Humans/Children/job_04_child_male/metadata.json
human,3,byzantine,5,5,woman,Woman,adult female,True,[5],29,,"[""Data\\Engine2D\\Bin\\Bobs\\CR_Hum_Body_10.bmd""]","[""Data\\Engine2D\\Bin\\Bobs\\CR_Hum_Head_17.bmd""]","[""test_human_00""]","[""Byz_WoMan_Base""]",22,"{""RENDERED"": 22}",SOURCE_COMPLETE,Byzantines/Humans/Female/job_05_woman/metadata.json
human,3,byzantine,6,6,civilist,Civilian,adult male,True,[6],28,,"[""Data\\Engine2D\\Bin\\Bobs\\CR_Hum_Body_50.bmd""]","[""Data\\Engine2D\\Bin\\Bobs\\CR_Hum_Head_50.bmd"", ""Data\\Engine2D\\Bin\\Bobs\\CR_Hum_Head_51.bmd""]","[""test_human_00""]","[""Vik_Man_Base""]",35,"{""RENDERED"": 34, ""NO_DIRECT_FRAMES (timeline or empty record)"": 1}",SOURCE_COMPLETE,Byzantines/Humans/Male/job_06_civilist/metadata.json
human,3,byzantine,7,7,builder,Builder,adult (see job/parent chain),True,"[7, 6]",28,,"[""Data\\Engine2D\\Bin\\Bobs\\CR_Hum_Body_50.bmd""]","[""Data\\Engine2D\\Bin\\Bobs\\CR_Hum_Head_50.bmd"", ""Data\\Engine2D\\Bin\\Bobs\\CR_Hum_Head_51.bmd""]","[""test_human_00""]","[""Vik_Man_Base""]",37,"{""RENDERED"": 36, ""NO_DIRECT_FRAMES (timeline or empty record)"": 1}",SOURCE_COMPLETE,Byzantines/Humans/Professions/job_07_builder/metadata.json
human,3,byzantine,8,8,collector,Extractor,adult (see job/parent chain),True,"[8, 6]",28,,"[""Data\\Engine2D\\Bin\\Bobs\\CR_Hum_Body_50.bmd""]","[""Data\\Engine2D\\Bin\\Bobs\\CR_Hum_Head_50.bmd"", ""Data\\Engine2D\\Bin\\Bobs\\CR_Hum_Head_51.bmd""]","[""test_human_00""]","[""Vik_Man_Base""]",40,"{""RENDERED"": 39, ""NO_DIRECT_FRAMES (timeline or empty record)"": 1}",SOURCE_COMPLETE,Byzantines/Humans/Professions/job_08_collector/metadata.json
human,3,byzantine,9,9,joiner,Carpenter,adult (see job/parent chain),True,"[9, 6]",28,,"[""Data\\Engine2D\\Bin\\Bobs\\CR_Hum_Body_50.bmd""]","[""Data\\Engine2D\\Bin\\Bobs\\CR_Hum_Head_50.bmd"", ""Data\\Engine2D\\Bin\\Bobs\\CR_Hum_Head_51.bmd""]","[""test_human_00""]","[""Vik_Man_Base""]",35,"{""RENDERED"": 34, ""NO_DIRECT_FRAMES (timeline or empty record)"": 1}",SOURCE_COMPLETE,Byzantines/Humans/Professions/job_09_joiner/metadata.json
human,3,byzantine,10,10,armorer,Armourer,adult (see job/parent chain),True,"[10, 6]",28,,"[""Data\\Engine2D\\Bin\\Bobs\\CR_Hum_Body_50.bmd""]","[""Data\\Engine2D\\Bin\\Bobs\\CR_Hum_Head_50.bmd"", ""Data\\Engine2D\\Bin\\Bobs\\CR_Hum_Head_51.bmd""]","[""test_human_00""]","[""Vik_Man_Base""]",35,"{""RENDERED"": 34, ""NO_DIRECT_FRAMES (timeline or empty record)"": 1}",SOURCE_COMPLETE,Byzantines/Humans/Professions/job_10_armorer/metadata.json
human,3,byzantine,11,11,potter,Potter,adult (see job/parent chain),True,"[11, 6]",28,,"[""Data\\Engine2D\\Bin\\Bobs\\CR_Hum_Body_50.bmd""]","[""Data\\Engine2D\\Bin\\Bobs\\CR_Hum_Head_50.bmd"", ""Data\\Engine2D\\Bin\\Bobs\\CR_Hum_Head_51.bmd""]","[""test_human_00""]","[""Vik_Man_Base""]",35,"{""RENDERED"": 34, ""NO_DIRECT_FRAMES (timeline or empty record)"": 1}",SOURCE_COMPLETE,Byzantines/Humans/Professions/job_11_potter/metadata.json
human,3,byzantine,12,12,mason,Stonemason,adult (see job/parent chain),True,"[12, 6]",28,,"[""Data\\Engine2D\\Bin\\Bobs\\CR_Hum_Body_50.bmd""]","[""Data\\Engine2D\\Bin\\Bobs\\CR_Hum_Head_50.bmd"", ""Data\\Engine2D\\Bin\\Bobs\\CR_Hum_Head_51.bmd""]","[""test_human_00""]","[""Vik_Man_Base""]",35,"{""RENDERED"": 34, ""NO_DIRECT_FRAMES (timeline or empty record)"": 1}",SOURCE_COMPLETE,Byzantines/Humans/Professions/job_12_mason/metadata.json
human,3,byzantine,13,13,smith,Blacksmith,adult (see job/parent chain),True,"[13, 6]",28,,"[""Data\\Engine2D\\Bin\\Bobs\\CR_Hum_Body_50.bmd""]","[""Data\\Engine2D\\Bin\\Bobs\\CR_Hum_Head_50.bmd"", ""Data\\Engine2D\\Bin\\Bobs\\CR_Hum_Head_51.bmd""]","[""test_human_00""]","[""Vik_Man_Base""]",35,"{""RENDERED"": 34, ""NO_DIRECT_FRAMES (timeline or empty record)"": 1}",SOURCE_COMPLETE,Byzantines/Humans/Professions/job_13_smith/metadata.json
human,3,byzantine,14,14,coin maker,Mint Worker,adult (see job/parent chain),True,"[14, 6]",28,,"[""Data\\Engine2D\\Bin\\Bobs\\CR_Hum_Body_50.bmd""]","[""Data\\Engine2D\\Bin\\Bobs\\CR_Hum_Head_50.bmd"", ""Data\\Engine2D\\Bin\\Bobs\\CR_Hum_Head_51.bmd""]","[""test_human_00""]","[""Vik_Man_Base""]",35,"{""RENDERED"": 34, ""NO_DIRECT_FRAMES (timeline or empty record)"": 1}",SOURCE_COMPLETE,Byzantines/Humans/Professions/job_14_coin_maker/metadata.json
human,3,byzantine,15,15,hunter,Hunter,adult (see job/parent chain),True,"[15, 6]",28,,"[""Data\\Engine2D\\Bin\\Bobs\\CR_Hum_Body_50.bmd""]","[""Data\\Engine2D\\Bin\\Bobs\\CR_Hum_Head_50.bmd"", ""Data\\Engine2D\\Bin\\Bobs\\CR_Hum_Head_51.bmd""]","[""test_human_00""]","[""Vik_Man_Base""]",36,"{""RENDERED"": 35, ""NO_DIRECT_FRAMES (timeline or empty record)"": 1}",SOURCE_COMPLETE,Byzantines/Humans/Professions/job_15_hunter/metadata.json
human,3,byzantine,16,16,breeder,Stock Farmer,adult (see job/parent chain),True,"[16, 6]",28,,"[""Data\\Engine2D\\Bin\\Bobs\\CR_Hum_Body_50.bmd""]","[""Data\\Engine2D\\Bin\\Bobs\\CR_Hum_Head_50.bmd"", ""Data\\Engine2D\\Bin\\Bobs\\CR_Hum_Head_51.bmd""]","[""test_human_00""]","[""Vik_Man_Base""]",35,"{""RENDERED"": 34, ""NO_DIRECT_FRAMES (timeline or empty record)"": 1}",SOURCE_COMPLETE,Byzantines/Humans/Professions/job_16_breeder/metadata.json
human,3,byzantine,17,17,sewer,Tailor,adult (see job/parent chain),True,"[17, 6]",28,,"[""Data\\Engine2D\\Bin\\Bobs\\CR_Hum_Body_50.bmd""]","[""Data\\Engine2D\\Bin\\Bobs\\CR_Hum_Head_50.bmd"", ""Data\\Engine2D\\Bin\\Bobs\\CR_Hum_Head_51.bmd""]","[""test_human_00""]","[""Vik_Man_Base""]",35,"{""RENDERED"": 34, ""NO_DIRECT_FRAMES (timeline or empty record)"": 1}",SOURCE_COMPLETE,Byzantines/Humans/Professions/job_17_sewer/metadata.json
human,3,byzantine,18,18,farmer,Farmer,adult (see job/parent chain),True,"[18, 6]",28,,"[""Data\\Engine2D\\Bin\\Bobs\\CR_Hum_Body_50.bmd""]","[""Data\\Engine2D\\Bin\\Bobs\\CR_Hum_Head_50.bmd"", ""Data\\Engine2D\\Bin\\Bobs\\CR_Hum_Head_51.bmd""]","[""test_human_00""]","[""Vik_Man_Base""]",38,"{""RENDERED"": 37, ""NO_DIRECT_FRAMES (timeline or empty record)"": 1}",SOURCE_COMPLETE,Byzantines/Humans/Professions/job_18_farmer/metadata.json
human,3,byzantine,19,19,miller,Miller,adult (see job/parent chain),True,"[19, 6]",28,,"[""Data\\Engine2D\\Bin\\Bobs\\CR_Hum_Body_50.bmd""]","[""Data\\Engine2D\\Bin\\Bobs\\CR_Hum_Head_50.bmd"", ""Data\\Engine2D\\Bin\\Bobs\\CR_Hum_Head_51.bmd""]","[""test_human_00""]","[""Vik_Man_Base""]",35,"{""RENDERED"": 34, ""NO_DIRECT_FRAMES (timeline or empty record)"": 1}",SOURCE_COMPLETE,Byzantines/Humans/Professions/job_19_miller/metadata.json
human,3,byzantine,20,20,baker,Baker,adult (see job/parent chain),True,"[20, 6]",28,,"[""Data\\Engine2D\\Bin\\Bobs\\CR_Hum_Body_50.bmd""]","[""Data\\Engine2D\\Bin\\Bobs\\CR_Hum_Head_50.bmd"", ""Data\\Engine2D\\Bin\\Bobs\\CR_Hum_Head_51.bmd""]","[""test_human_00""]","[""Vik_Man_Base""]",35,"{""RENDERED"": 34, ""NO_DIRECT_FRAMES (timeline or empty record)"": 1}",SOURCE_COMPLETE,Byzantines/Humans/Professions/job_20_baker/metadata.json
human,3,byzantine,21,21,brewer,Brewer,adult (see job/parent chain),True,"[21, 6]",28,,"[""Data\\Engine2D\\Bin\\Bobs\\CR_Hum_Body_50.bmd""]","[""Data\\Engine2D\\Bin\\Bobs\\CR_Hum_Head_50.bmd"", ""Data\\Engine2D\\Bin\\Bobs\\CR_Hum_Head_51.bmd""]","[""test_human_00""]","[""Vik_Man_Base""]",35,"{""RENDERED"": 34, ""NO_DIRECT_FRAMES (timeline or empty record)"": 1}",SOURCE_COMPLETE,Byzantines/Humans/Professions/job_21_brewer/metadata.json
human,3,byzantine,22,22,fisher,Fisherman,adult (see job/parent chain),True,"[22, 6]",28,,"[""Data\\Engine2D\\Bin\\Bobs\\CR_Hum_Body_50.bmd""]","[""Data\\Engine2D\\Bin\\Bobs\\CR_Hum_Head_50.bmd"", ""Data\\Engine2D\\Bin\\Bobs\\CR_Hum_Head_51.bmd""]","[""test_human_00""]","[""Vik_Man_Base""]",38,"{""RENDERED"": 37, ""NO_DIRECT_FRAMES (timeline or empty record)"": 1}",SOURCE_COMPLETE,Byzantines/Humans/Professions/job_22_fisher/metadata.json
human,3,byzantine,23,23,fisher_sea,Sea Fisher,adult (see job/parent chain),False,"[23, 6]",28,,"[""Data\\Engine2D\\Bin\\Bobs\\CR_Hum_Body_50.bmd""]","[""Data\\Engine2D\\Bin\\Bobs\\CR_Hum_Head_50.bmd"", ""Data\\Engine2D\\Bin\\Bobs\\CR_Hum_Head_51.bmd""]","[""test_human_00""]","[""Vik_Man_Base""]",35,"{""RENDERED"": 34, ""NO_DIRECT_FRAMES (timeline or empty record)"": 1}",SOURCE_COMPLETE,Byzantines/Humans/Professions/job_23_fisher_sea/metadata.json
human,3,byzantine,24,24,carrier,Carrier,adult (see job/parent chain),True,"[24, 6]",28,,"[""Data\\Engine2D\\Bin\\Bobs\\CR_Hum_Body_50.bmd""]","[""Data\\Engine2D\\Bin\\Bobs\\CR_Hum_Head_50.bmd"", ""Data\\Engine2D\\Bin\\Bobs\\CR_Hum_Head_51.bmd""]","[""test_human_00""]","[""Vik_Man_Base""]",35,"{""RENDERED"": 34, ""NO_DIRECT_FRAMES (timeline or empty record)"": 1}",SOURCE_COMPLETE,Byzantines/Humans/Professions/job_24_carrier/metadata.json
human,3,byzantine,25,25,trader,Merchant,adult (see job/parent chain),True,"[25, 6]",28,,"[""Data\\Engine2D\\Bin\\Bobs\\CR_Hum_Body_50.bmd""]","[""Data\\Engine2D\\Bin\\Bobs\\CR_Hum_Head_50.bmd"", ""Data\\Engine2D\\Bin\\Bobs\\CR_Hum_Head_51.bmd""]","[""test_human_00""]","[""Vik_Man_Base""]",35,"{""RENDERED"": 34, ""NO_DIRECT_FRAMES (timeline or empty record)"": 1}",SOURCE_COMPLETE,Byzantines/Humans/Professions/job_25_trader/metadata.json
human,3,byzantine,26,26,trader_sea,Sea Merchant,adult (see job/parent chain),False,"[26, 6]",28,,"[""Data\\Engine2D\\Bin\\Bobs\\CR_Hum_Body_50.bmd""]","[""Data\\Engine2D\\Bin\\Bobs\\CR_Hum_Head_50.bmd"", ""Data\\Engine2D\\Bin\\Bobs\\CR_Hum_Head_51.bmd""]","[""test_human_00""]","[""Vik_Man_Base""]",35,"{""RENDERED"": 34, ""NO_DIRECT_FRAMES (timeline or empty record)"": 1}",SOURCE_COMPLETE,Byzantines/Humans/Professions/job_26_trader_sea/metadata.json
human,3,byzantine,27,27,scout,Scout,adult (see job/parent chain),True,"[27, 6]",28,,"[""Data\\Engine2D\\Bin\\Bobs\\CR_Hum_Body_50.bmd""]","[""Data\\Engine2D\\Bin\\Bobs\\CR_Hum_Head_50.bmd"", ""Data\\Engine2D\\Bin\\Bobs\\CR_Hum_Head_51.bmd""]","[""test_human_00""]","[""Vik_Man_Base""]",36,"{""RENDERED"": 35, ""NO_DIRECT_FRAMES (timeline or empty record)"": 1}",SOURCE_COMPLETE,Byzantines/Humans/Professions/job_27_scout/metadata.json
human,3,byzantine,28,28,jester,Jester,adult (see job/parent chain),False,"[28, 6]",28,,"[""Data\\Engine2D\\Bin\\Bobs\\CR_Hum_Body_50.bmd""]","[""Data\\Engine2D\\Bin\\Bobs\\CR_Hum_Head_50.bmd"", ""Data\\Engine2D\\Bin\\Bobs\\CR_Hum_Head_51.bmd""]","[""test_human_00""]","[""Vik_Man_Base""]",35,"{""RENDERED"": 34, ""NO_DIRECT_FRAMES (timeline or empty record)"": 1}",SOURCE_COMPLETE,Byzantines/Humans/Professions/job_28_jester/metadata.json
human,3,byzantine,29,29,herb & mush guy,Herb Gatherer,adult (see job/parent chain),True,"[29, 6]",28,,"[""Data\\Engine2D\\Bin\\Bobs\\CR_Hum_Body_50.bmd""]","[""Data\\Engine2D\\Bin\\Bobs\\CR_Hum_Head_50.bmd"", ""Data\\Engine2D\\Bin\\Bobs\\CR_Hum_Head_51.bmd""]","[""test_human_00""]","[""Vik_Man_Base""]",35,"{""RENDERED"": 34, ""NO_DIRECT_FRAMES (timeline or empty record)"": 1}",SOURCE_COMPLETE,Byzantines/Humans/Professions/job_29_herb_mush_guy/metadata.json
human,3,byzantine,30,30,druid,Druid,adult (see job/parent chain),True,"[30, 6]",28,,"[""Data\\Engine2D\\Bin\\Bobs\\CR_Hum_Body_50.bmd""]","[""Data\\Engine2D\\Bin\\Bobs\\CR_Hum_Head_50.bmd"", ""Data\\Engine2D\\Bin\\Bobs\\CR_Hum_Head_51.bmd""]","[""test_human_00""]","[""Vik_Man_Base""]",35,"{""RENDERED"": 34, ""NO_DIRECT_FRAMES (timeline or empty record)"": 1}",SOURCE_COMPLETE,Byzantines/Humans/Professions/job_30_druid/metadata.json
human,3,byzantine,31,31,soldier_unarmed,Soldier,adult (see job/parent chain),True,"[31, 6]",30,31,"[""Data\\Engine2D\\Bin\\Bobs\\CR_Hum_Body_32.bmd""]","[""Data\\Engine2D\\Bin\\Bobs\\CR_Hum_Head_53.bmd"", ""Data\\Engine2D\\Bin\\Bobs\\CR_Hum_Head_54.bmd""]","[""test_human_00""]","[""Vik_Man_Soldier""]",35,"{""RENDERED"": 54, ""NO_DIRECT_FRAMES (timeline or empty record)"": 2, ""VARIANT_INCOMPATIBLE"": 10, ""RENDERED_PARTIAL_MISSING_BOBS"": 4}",SOURCE_COMPLETE,Byzantines/Humans/Soldiers/job_31_soldier_unarmed/metadata.json
human,3,byzantine,32,32,soldier_spear_wooden,Wooden Spearman,adult (see job/parent chain),True,"[32, 31, 6]",38,39,"[""Data\\Engine2D\\Bin\\Bobs\\CR_Hum_Body_72.bmd""]",[],[],"[""grizzu""]",35,"{""RENDERED"": 24, ""VARIANT_INCOMPATIBLE"": 44, ""NO_DIRECT_FRAMES (timeline or empty record)"": 2}",SOURCE_COMPLETE,Byzantines/Humans/Soldiers/job_32_soldier_spear_wooden/metadata.json
human,3,byzantine,33,33,soldier_spear_iron,Iron Spearman,adult (see job/parent chain),True,"[33, 31, 6]",36,37,"[""Data\\Engine2D\\Bin\\Bobs\\CR_Hum_Body_52.bmd""]","[""Data\\Engine2D\\Bin\\Bobs\\CR_Hum_Head_53.bmd"", ""Data\\Engine2D\\Bin\\Bobs\\CR_Hum_Head_54.bmd""]","[""test_human_00""]","[""Vik_Man_Soldier""]",35,"{""RENDERED"": 54, ""NO_DIRECT_FRAMES (timeline or empty record)"": 2, ""VARIANT_INCOMPATIBLE"": 10, ""RENDERED_PARTIAL_MISSING_BOBS"": 4}",SOURCE_COMPLETE,Byzantines/Humans/Soldiers/job_33_soldier_spear_iron/metadata.json
human,3,byzantine,34,34,soldier_sword_short,Shortsword Fighter,adult (see job/parent chain),True,"[34, 31, 6]",34,35,"[""Data\\Engine2D\\Bin\\Bobs\\CR_Hum_Body_52.bmd""]","[""Data\\Engine2D\\Bin\\Bobs\\CR_Hum_Head_53.bmd"", ""Data\\Engine2D\\Bin\\Bobs\\CR_Hum_Head_54.bmd""]","[""test_human_00""]","[""Vik_Man_Soldier""]",35,"{""RENDERED"": 54, ""NO_DIRECT_FRAMES (timeline or empty record)"": 2, ""VARIANT_INCOMPATIBLE"": 10, ""RENDERED_PARTIAL_MISSING_BOBS"": 4}",SOURCE_COMPLETE,Byzantines/Humans/Soldiers/job_34_soldier_sword_short/metadata.json
human,3,byzantine,35,35,soldier_sword_long,Longsword Fighter,adult (see job/parent chain),False,"[35, 31, 6]",30,31,"[""Data\\Engine2D\\Bin\\Bobs\\CR_Hum_Body_32.bmd""]","[""Data\\Engine2D\\Bin\\Bobs\\CR_Hum_Head_53.bmd"", ""Data\\Engine2D\\Bin\\Bobs\\CR_Hum_Head_54.bmd""]","[""test_human_00""]","[""Vik_Man_Soldier""]",35,"{""RENDERED"": 54, ""NO_DIRECT_FRAMES (timeline or empty record)"": 2, ""VARIANT_INCOMPATIBLE"": 10, ""RENDERED_PARTIAL_MISSING_BOBS"": 4}",SOURCE_COMPLETE,Byzantines/Humans/Soldiers/job_35_soldier_sword_long/metadata.json
human,3,byzantine,36,36,soldier_saber_short,Shortsabre Fighter,adult (see job/parent chain),False,"[36, 31, 6]",30,31,"[""Data\\Engine2D\\Bin\\Bobs\\CR_Hum_Body_32.bmd""]","[""Data\\Engine2D\\Bin\\Bobs\\CR_Hum_Head_53.bmd"", ""Data\\Engine2D\\Bin\\Bobs\\CR_Hum_Head_54.bmd""]","[""test_human_00""]","[""Vik_Man_Soldier""]",35,"{""RENDERED"": 54, ""NO_DIRECT_FRAMES (timeline or empty record)"": 2, ""VARIANT_INCOMPATIBLE"": 10, ""RENDERED_PARTIAL_MISSING_BOBS"": 4}",SOURCE_COMPLETE,Byzantines/Humans/Soldiers/job_36_soldier_saber_short/metadata.json
human,3,byzantine,37,37,soldier_saber_long,Longsabre Fighter,adult (see job/parent chain),False,"[37, 31, 6]",30,31,"[""Data\\Engine2D\\Bin\\Bobs\\CR_Hum_Body_32.bmd""]","[""Data\\Engine2D\\Bin\\Bobs\\CR_Hum_Head_53.bmd"", ""Data\\Engine2D\\Bin\\Bobs\\CR_Hum_Head_54.bmd""]","[""test_human_00""]","[""Vik_Man_Soldier""]",35,"{""RENDERED"": 54, ""NO_DIRECT_FRAMES (timeline or empty record)"": 2, ""VARIANT_INCOMPATIBLE"": 10, ""RENDERED_PARTIAL_MISSING_BOBS"": 4}",SOURCE_COMPLETE,Byzantines/Humans/Soldiers/job_37_soldier_saber_long/metadata.json
human,3,byzantine,38,38,soldier_axe_small,Small Axe Fighter,adult (see job/parent chain),False,"[38, 31, 6]",30,31,"[""Data\\Engine2D\\Bin\\Bobs\\CR_Hum_Body_32.bmd""]","[""Data\\Engine2D\\Bin\\Bobs\\CR_Hum_Head_53.bmd"", ""Data\\Engine2D\\Bin\\Bobs\\CR_Hum_Head_54.bmd""]","[""test_human_00""]","[""Vik_Man_Soldier""]",35,"{""RENDERED"": 54, ""NO_DIRECT_FRAMES (timeline or empty record)"": 2, ""VARIANT_INCOMPATIBLE"": 10, ""RENDERED_PARTIAL_MISSING_BOBS"": 4}",SOURCE_COMPLETE,Byzantines/Humans/Soldiers/job_38_soldier_axe_small/metadata.json
human,3,byzantine,39,39,soldier_axe_big,Big Axe Fighter,adult (see job/parent chain),False,"[39, 31, 6]",30,31,"[""Data\\Engine2D\\Bin\\Bobs\\CR_Hum_Body_32.bmd""]","[""Data\\Engine2D\\Bin\\Bobs\\CR_Hum_Head_53.bmd"", ""Data\\Engine2D\\Bin\\Bobs\\CR_Hum_Head_54.bmd""]","[""test_human_00""]","[""Vik_Man_Soldier""]",35,"{""RENDERED"": 54, ""NO_DIRECT_FRAMES (timeline or empty record)"": 2, ""VARIANT_INCOMPATIBLE"": 10, ""RENDERED_PARTIAL_MISSING_BOBS"": 4}",SOURCE_COMPLETE,Byzantines/Humans/Soldiers/job_39_soldier_axe_big/metadata.json
human,3,byzantine,40,40,soldier_bow_short,Short Bow Archer,adult (see job/parent chain),False,"[40, 31, 6]",30,31,"[""Data\\Engine2D\\Bin\\Bobs\\CR_Hum_Body_32.bmd""]","[""Data\\Engine2D\\Bin\\Bobs\\CR_Hum_Head_53.bmd"", ""Data\\Engine2D\\Bin\\Bobs\\CR_Hum_Head_54.bmd""]","[""test_human_00""]","[""Vik_Man_Soldier""]",35,"{""RENDERED"": 54, ""NO_DIRECT_FRAMES (timeline or empty record)"": 2, ""VARIANT_INCOMPATIBLE"": 10, ""RENDERED_PARTIAL_MISSING_BOBS"": 4}",SOURCE_COMPLETE,Byzantines/Humans/Soldiers/job_40_soldier_bow_short/metadata.json
human,3,byzantine,41,41,soldier_bow_long,Longbow Archer,adult (see job/parent chain),True,"[41, 31, 6]",32,33,"[""Data\\Engine2D\\Bin\\Bobs\\CR_Hum_Body_32.bmd""]","[""Data\\Engine2D\\Bin\\Bobs\\CR_Hum_Head_53.bmd"", ""Data\\Engine2D\\Bin\\Bobs\\CR_Hum_Head_54.bmd""]","[""test_human_00""]","[""Vik_Man_Soldier""]",35,"{""RENDERED"": 54, ""NO_DIRECT_FRAMES (timeline or empty record)"": 2, ""VARIANT_INCOMPATIBLE"": 10, ""RENDERED_PARTIAL_MISSING_BOBS"": 4}",SOURCE_COMPLETE,Byzantines/Humans/Soldiers/job_41_soldier_bow_long/metadata.json
human,3,byzantine,42,42,hero_unarmed_???,Unarmed Hero,adult (see job/parent chain),True,"[42, 31, 6]",61,62,"[""Data\\Engine2D\\Bin\\Bobs\\CR_Hum_Body_73.bmd""]",[],[],"[""grizzu_small""]",35,"{""RENDERED"": 20, ""VARIANT_INCOMPATIBLE"": 48, ""NO_DIRECT_FRAMES (timeline or empty record)"": 2}",SOURCE_COMPLETE,Byzantines/Humans/Heroes/job_42_hero_unarmed/metadata.json
human,3,byzantine,43,43,hero_spear_SIEGFRIED,Sigurd,adult (see job/parent chain),False,"[43, 33, 31, 6]",36,37,"[""Data\\Engine2D\\Bin\\Bobs\\CR_Hum_Body_52.bmd""]","[""Data\\Engine2D\\Bin\\Bobs\\CR_Hum_Head_53.bmd"", ""Data\\Engine2D\\Bin\\Bobs\\CR_Hum_Head_54.bmd""]","[""test_human_00""]","[""Vik_Man_Soldier""]",35,"{""RENDERED"": 54, ""NO_DIRECT_FRAMES (timeline or empty record)"": 2, ""VARIANT_INCOMPATIBLE"": 10, ""RENDERED_PARTIAL_MISSING_BOBS"": 4}",SOURCE_COMPLETE,Byzantines/Humans/Heroes/job_43_hero_spear_SIEGFRIED/metadata.json
human,3,byzantine,44,44,hero_sword_BJARNI,Bjarni,adult (see job/parent chain),False,"[44, 34, 31, 6]",34,35,"[""Data\\Engine2D\\Bin\\Bobs\\CR_Hum_Body_52.bmd""]","[""Data\\Engine2D\\Bin\\Bobs\\CR_Hum_Head_53.bmd"", ""Data\\Engine2D\\Bin\\Bobs\\CR_Hum_Head_54.bmd""]","[""test_human_00""]","[""Vik_Man_Soldier""]",35,"{""RENDERED"": 54, ""NO_DIRECT_FRAMES (timeline or empty record)"": 2, ""VARIANT_INCOMPATIBLE"": 10, ""RENDERED_PARTIAL_MISSING_BOBS"": 4}",SOURCE_COMPLETE,Byzantines/Humans/Heroes/job_44_hero_sword_BJARNI/metadata.json
human,3,byzantine,45,45,hero_saber_HATSCHI,Hatchie,adult (see job/parent chain),False,"[45, 35, 31, 6]",30,31,"[""Data\\Engine2D\\Bin\\Bobs\\CR_Hum_Body_32.bmd""]","[""Data\\Engine2D\\Bin\\Bobs\\CR_Hum_Head_53.bmd"", ""Data\\Engine2D\\Bin\\Bobs\\CR_Hum_Head_54.bmd""]","[""test_human_00""]","[""Vik_Man_Soldier""]",35,"{""RENDERED"": 54, ""NO_DIRECT_FRAMES (timeline or empty record)"": 2, ""VARIANT_INCOMPATIBLE"": 10, ""RENDERED_PARTIAL_MISSING_BOBS"": 4}",SOURCE_COMPLETE,Byzantines/Humans/Heroes/job_45_hero_saber_HATSCHI/metadata.json
human,3,byzantine,46,46,hero_axe_???,Axe Hero,adult (see job/parent chain),False,"[46, 39, 31, 6]",30,31,"[""Data\\Engine2D\\Bin\\Bobs\\CR_Hum_Body_32.bmd""]","[""Data\\Engine2D\\Bin\\Bobs\\CR_Hum_Head_53.bmd"", ""Data\\Engine2D\\Bin\\Bobs\\CR_Hum_Head_54.bmd""]","[""test_human_00""]","[""Vik_Man_Soldier""]",35,"{""RENDERED"": 54, ""NO_DIRECT_FRAMES (timeline or empty record)"": 2, ""VARIANT_INCOMPATIBLE"": 10, ""RENDERED_PARTIAL_MISSING_BOBS"": 4}",SOURCE_COMPLETE,Byzantines/Humans/Heroes/job_46_hero_axe/metadata.json
human,3,byzantine,47,47,heroine_bow_XENA,Cyra,adult (see job/parent chain),True,"[47, 41, 31, 6]",58,33,"[""Data\\Engine2D\\Bin\\Bobs\\CR_Hum_Body_32.bmd"", ""Data\\Engine2D\\Bin\\Bobs\\CR_Hum_Body_63.bmd""]","[""Data\\Engine2D\\Bin\\Bobs\\CR_Hum_Head_53.bmd"", ""Data\\Engine2D\\Bin\\Bobs\\CR_Hum_Head_54.bmd""]","[""test_human_00""]","[""Hero_Xena"", ""Vik_Man_Soldier""]",35,"{""RENDERED"": 45, ""NO_DIRECT_FRAMES (timeline or empty record)"": 2, ""VARIANT_INCOMPATIBLE"": 21, ""RENDERED_PARTIAL_MISSING_BOBS"": 2}",SOURCE_COMPLETE,Byzantines/Humans/Heroes/job_47_heroine_bow_XENA/metadata.json
human,4,saracen,1,1,baby_female,Baby,female baby,True,[1],77,,"[""Data\\Engine2D\\Bin\\Bobs\\CR_Hum_Body_22.bmd""]","[""Data\\Engine2D\\Bin\\Bobs\\CR_Hum_Head_22.bmd""]","[""test_human_00""]","[""Vik_Baby_Base""]",7,"{""RENDERED"": 7}",SOURCE_COMPLETE,Arabs/Humans/Children/Babies/job_01_baby_female/metadata.json
human,4,saracen,2,2,baby_male,Baby,male baby,True,"[2, 1]",75,,"[""Data\\Engine2D\\Bin\\Bobs\\CR_Hum_Body_22.bmd""]","[""Data\\Engine2D\\Bin\\Bobs\\CR_Hum_Head_22.bmd""]","[""test_human_00""]","[""Vik_Baby_Base""]",7,"{""RENDERED"": 7}",SOURCE_COMPLETE,Arabs/Humans/Children/Babies/job_02_baby_male/metadata.json
human,4,saracen,3,3,child_female,Girl,female child,True,"[3, 1]",78,,"[""Data\\Engine2D\\Bin\\Bobs\\CR_Hum_Body_21.bmd""]","[""Data\\Engine2D\\Bin\\Bobs\\CR_Hum_Head_21.bmd""]","[""test_human_00""]","[""Vik_Man_Base""]",10,"{""RENDERED"": 10}",SOURCE_COMPLETE,Arabs/Humans/Children/job_03_child_female/metadata.json
human,4,saracen,4,4,child_male,Boy,male child,True,"[4, 2, 1]",76,,"[""Data\\Engine2D\\Bin\\Bobs\\CR_Hum_Body_20.bmd""]","[""Data\\Engine2D\\Bin\\Bobs\\CR_Hum_Head_20.bmd""]","[""test_human_00""]","[""Vik_Man_Base""]",10,"{""RENDERED"": 10}",SOURCE_COMPLETE,Arabs/Humans/Children/job_04_child_male/metadata.json
human,4,saracen,5,5,woman,Woman,adult female,True,[5],41,,"[""Data\\Engine2D\\Bin\\Bobs\\CR_Hum_Body_10.bmd""]","[""Data\\Engine2D\\Bin\\Bobs\\CR_Hum_Head_16.bmd""]","[""test_human_00""]","[""Sar_WoMan_Base""]",22,"{""RENDERED"": 22}",SOURCE_COMPLETE,Arabs/Humans/Female/job_05_woman/metadata.json
human,4,saracen,6,6,civilist,Civilian,adult male,True,[6],40,,"[""Data\\Engine2D\\Bin\\Bobs\\CR_Hum_Body_40.bmd""]","[""Data\\Engine2D\\Bin\\Bobs\\CR_Hum_Head_40.bmd"", ""Data\\Engine2D\\Bin\\Bobs\\CR_Hum_Head_41.bmd""]","[""test_human_00""]","[""Sar_Man_Base""]",36,"{""RENDERED"": 35, ""NO_DIRECT_FRAMES (timeline or empty record)"": 1}",SOURCE_COMPLETE,Arabs/Humans/Male/job_06_civilist/metadata.json
human,4,saracen,7,7,builder,Builder,adult (see job/parent chain),True,"[7, 6]",40,,"[""Data\\Engine2D\\Bin\\Bobs\\CR_Hum_Body_40.bmd""]","[""Data\\Engine2D\\Bin\\Bobs\\CR_Hum_Head_40.bmd"", ""Data\\Engine2D\\Bin\\Bobs\\CR_Hum_Head_41.bmd""]","[""test_human_00""]","[""Sar_Man_Base""]",38,"{""RENDERED"": 37, ""NO_DIRECT_FRAMES (timeline or empty record)"": 1}",SOURCE_COMPLETE,Arabs/Humans/Professions/job_07_builder/metadata.json
human,4,saracen,8,8,collector,Extractor,adult (see job/parent chain),True,"[8, 6]",40,,"[""Data\\Engine2D\\Bin\\Bobs\\CR_Hum_Body_40.bmd""]","[""Data\\Engine2D\\Bin\\Bobs\\CR_Hum_Head_40.bmd"", ""Data\\Engine2D\\Bin\\Bobs\\CR_Hum_Head_41.bmd""]","[""test_human_00""]","[""Sar_Man_Base""]",41,"{""RENDERED"": 40, ""NO_DIRECT_FRAMES (timeline or empty record)"": 1}",SOURCE_COMPLETE,Arabs/Humans/Professions/job_08_collector/metadata.json
human,4,saracen,9,9,joiner,Carpenter,adult (see job/parent chain),True,"[9, 6]",40,,"[""Data\\Engine2D\\Bin\\Bobs\\CR_Hum_Body_40.bmd""]","[""Data\\Engine2D\\Bin\\Bobs\\CR_Hum_Head_40.bmd"", ""Data\\Engine2D\\Bin\\Bobs\\CR_Hum_Head_41.bmd""]","[""test_human_00""]","[""Sar_Man_Base""]",36,"{""RENDERED"": 35, ""NO_DIRECT_FRAMES (timeline or empty record)"": 1}",SOURCE_COMPLETE,Arabs/Humans/Professions/job_09_joiner/metadata.json
human,4,saracen,10,10,armorer,Armourer,adult (see job/parent chain),True,"[10, 6]",40,,"[""Data\\Engine2D\\Bin\\Bobs\\CR_Hum_Body_40.bmd""]","[""Data\\Engine2D\\Bin\\Bobs\\CR_Hum_Head_40.bmd"", ""Data\\Engine2D\\Bin\\Bobs\\CR_Hum_Head_41.bmd""]","[""test_human_00""]","[""Sar_Man_Base""]",36,"{""RENDERED"": 35, ""NO_DIRECT_FRAMES (timeline or empty record)"": 1}",SOURCE_COMPLETE,Arabs/Humans/Professions/job_10_armorer/metadata.json
human,4,saracen,11,11,potter,Potter,adult (see job/parent chain),True,"[11, 6]",40,,"[""Data\\Engine2D\\Bin\\Bobs\\CR_Hum_Body_40.bmd""]","[""Data\\Engine2D\\Bin\\Bobs\\CR_Hum_Head_40.bmd"", ""Data\\Engine2D\\Bin\\Bobs\\CR_Hum_Head_41.bmd""]","[""test_human_00""]","[""Sar_Man_Base""]",36,"{""RENDERED"": 35, ""NO_DIRECT_FRAMES (timeline or empty record)"": 1}",SOURCE_COMPLETE,Arabs/Humans/Professions/job_11_potter/metadata.json
human,4,saracen,12,12,mason,Stonemason,adult (see job/parent chain),True,"[12, 6]",40,,"[""Data\\Engine2D\\Bin\\Bobs\\CR_Hum_Body_40.bmd""]","[""Data\\Engine2D\\Bin\\Bobs\\CR_Hum_Head_40.bmd"", ""Data\\Engine2D\\Bin\\Bobs\\CR_Hum_Head_41.bmd""]","[""test_human_00""]","[""Sar_Man_Base""]",36,"{""RENDERED"": 35, ""NO_DIRECT_FRAMES (timeline or empty record)"": 1}",SOURCE_COMPLETE,Arabs/Humans/Professions/job_12_mason/metadata.json
human,4,saracen,13,13,smith,Blacksmith,adult (see job/parent chain),True,"[13, 6]",40,,"[""Data\\Engine2D\\Bin\\Bobs\\CR_Hum_Body_40.bmd""]","[""Data\\Engine2D\\Bin\\Bobs\\CR_Hum_Head_40.bmd"", ""Data\\Engine2D\\Bin\\Bobs\\CR_Hum_Head_41.bmd""]","[""test_human_00""]","[""Sar_Man_Base""]",36,"{""RENDERED"": 35, ""NO_DIRECT_FRAMES (timeline or empty record)"": 1}",SOURCE_COMPLETE,Arabs/Humans/Professions/job_13_smith/metadata.json
human,4,saracen,14,14,coin maker,Mint Worker,adult (see job/parent chain),True,"[14, 6]",40,,"[""Data\\Engine2D\\Bin\\Bobs\\CR_Hum_Body_40.bmd""]","[""Data\\Engine2D\\Bin\\Bobs\\CR_Hum_Head_40.bmd"", ""Data\\Engine2D\\Bin\\Bobs\\CR_Hum_Head_41.bmd""]","[""test_human_00""]","[""Sar_Man_Base""]",36,"{""RENDERED"": 35, ""NO_DIRECT_FRAMES (timeline or empty record)"": 1}",SOURCE_COMPLETE,Arabs/Humans/Professions/job_14_coin_maker/metadata.json
human,4,saracen,15,15,hunter,Hunter,adult (see job/parent chain),True,"[15, 6]",40,,"[""Data\\Engine2D\\Bin\\Bobs\\CR_Hum_Body_40.bmd""]","[""Data\\Engine2D\\Bin\\Bobs\\CR_Hum_Head_40.bmd"", ""Data\\Engine2D\\Bin\\Bobs\\CR_Hum_Head_41.bmd""]","[""test_human_00""]","[""Sar_Man_Base""]",37,"{""RENDERED"": 36, ""NO_DIRECT_FRAMES (timeline or empty record)"": 1}",SOURCE_COMPLETE,Arabs/Humans/Professions/job_15_hunter/metadata.json
human,4,saracen,16,16,breeder,Stock Farmer,adult (see job/parent chain),True,"[16, 6]",40,,"[""Data\\Engine2D\\Bin\\Bobs\\CR_Hum_Body_40.bmd""]","[""Data\\Engine2D\\Bin\\Bobs\\CR_Hum_Head_40.bmd"", ""Data\\Engine2D\\Bin\\Bobs\\CR_Hum_Head_41.bmd""]","[""test_human_00""]","[""Sar_Man_Base""]",36,"{""RENDERED"": 35, ""NO_DIRECT_FRAMES (timeline or empty record)"": 1}",SOURCE_COMPLETE,Arabs/Humans/Professions/job_16_breeder/metadata.json
human,4,saracen,17,17,sewer,Tailor,adult (see job/parent chain),True,"[17, 6]",40,,"[""Data\\Engine2D\\Bin\\Bobs\\CR_Hum_Body_40.bmd""]","[""Data\\Engine2D\\Bin\\Bobs\\CR_Hum_Head_40.bmd"", ""Data\\Engine2D\\Bin\\Bobs\\CR_Hum_Head_41.bmd""]","[""test_human_00""]","[""Sar_Man_Base""]",36,"{""RENDERED"": 35, ""NO_DIRECT_FRAMES (timeline or empty record)"": 1}",SOURCE_COMPLETE,Arabs/Humans/Professions/job_17_sewer/metadata.json
human,4,saracen,18,18,farmer,Farmer,adult (see job/parent chain),True,"[18, 6]",40,,"[""Data\\Engine2D\\Bin\\Bobs\\CR_Hum_Body_40.bmd""]","[""Data\\Engine2D\\Bin\\Bobs\\CR_Hum_Head_40.bmd"", ""Data\\Engine2D\\Bin\\Bobs\\CR_Hum_Head_41.bmd""]","[""test_human_00""]","[""Sar_Man_Base""]",39,"{""RENDERED"": 38, ""NO_DIRECT_FRAMES (timeline or empty record)"": 1}",SOURCE_COMPLETE,Arabs/Humans/Professions/job_18_farmer/metadata.json
human,4,saracen,19,19,miller,Miller,adult (see job/parent chain),True,"[19, 6]",40,,"[""Data\\Engine2D\\Bin\\Bobs\\CR_Hum_Body_40.bmd""]","[""Data\\Engine2D\\Bin\\Bobs\\CR_Hum_Head_40.bmd"", ""Data\\Engine2D\\Bin\\Bobs\\CR_Hum_Head_41.bmd""]","[""test_human_00""]","[""Sar_Man_Base""]",36,"{""RENDERED"": 35, ""NO_DIRECT_FRAMES (timeline or empty record)"": 1}",SOURCE_COMPLETE,Arabs/Humans/Professions/job_19_miller/metadata.json
human,4,saracen,20,20,baker,Baker,adult (see job/parent chain),True,"[20, 6]",40,,"[""Data\\Engine2D\\Bin\\Bobs\\CR_Hum_Body_40.bmd""]","[""Data\\Engine2D\\Bin\\Bobs\\CR_Hum_Head_40.bmd"", ""Data\\Engine2D\\Bin\\Bobs\\CR_Hum_Head_41.bmd""]","[""test_human_00""]","[""Sar_Man_Base""]",36,"{""RENDERED"": 35, ""NO_DIRECT_FRAMES (timeline or empty record)"": 1}",SOURCE_COMPLETE,Arabs/Humans/Professions/job_20_baker/metadata.json
human,4,saracen,21,21,brewer,Brewer,adult (see job/parent chain),True,"[21, 6]",40,,"[""Data\\Engine2D\\Bin\\Bobs\\CR_Hum_Body_40.bmd""]","[""Data\\Engine2D\\Bin\\Bobs\\CR_Hum_Head_40.bmd"", ""Data\\Engine2D\\Bin\\Bobs\\CR_Hum_Head_41.bmd""]","[""test_human_00""]","[""Sar_Man_Base""]",36,"{""RENDERED"": 35, ""NO_DIRECT_FRAMES (timeline or empty record)"": 1}",SOURCE_COMPLETE,Arabs/Humans/Professions/job_21_brewer/metadata.json
human,4,saracen,22,22,fisher,Fisherman,adult (see job/parent chain),True,"[22, 6]",40,,"[""Data\\Engine2D\\Bin\\Bobs\\CR_Hum_Body_40.bmd""]","[""Data\\Engine2D\\Bin\\Bobs\\CR_Hum_Head_40.bmd"", ""Data\\Engine2D\\Bin\\Bobs\\CR_Hum_Head_41.bmd""]","[""test_human_00""]","[""Sar_Man_Base""]",39,"{""RENDERED"": 38, ""NO_DIRECT_FRAMES (timeline or empty record)"": 1}",SOURCE_COMPLETE,Arabs/Humans/Professions/job_22_fisher/metadata.json
human,4,saracen,23,23,fisher_sea,Sea Fisher,adult (see job/parent chain),False,"[23, 6]",40,,"[""Data\\Engine2D\\Bin\\Bobs\\CR_Hum_Body_40.bmd""]","[""Data\\Engine2D\\Bin\\Bobs\\CR_Hum_Head_40.bmd"", ""Data\\Engine2D\\Bin\\Bobs\\CR_Hum_Head_41.bmd""]","[""test_human_00""]","[""Sar_Man_Base""]",36,"{""RENDERED"": 35, ""NO_DIRECT_FRAMES (timeline or empty record)"": 1}",SOURCE_COMPLETE,Arabs/Humans/Professions/job_23_fisher_sea/metadata.json
human,4,saracen,24,24,carrier,Carrier,adult (see job/parent chain),True,"[24, 6]",40,,"[""Data\\Engine2D\\Bin\\Bobs\\CR_Hum_Body_40.bmd""]","[""Data\\Engine2D\\Bin\\Bobs\\CR_Hum_Head_40.bmd"", ""Data\\Engine2D\\Bin\\Bobs\\CR_Hum_Head_41.bmd""]","[""test_human_00""]","[""Sar_Man_Base""]",36,"{""RENDERED"": 35, ""NO_DIRECT_FRAMES (timeline or empty record)"": 1}",SOURCE_COMPLETE,Arabs/Humans/Professions/job_24_carrier/metadata.json
human,4,saracen,25,25,trader,Merchant,adult (see job/parent chain),True,"[25, 6]",40,,"[""Data\\Engine2D\\Bin\\Bobs\\CR_Hum_Body_40.bmd""]","[""Data\\Engine2D\\Bin\\Bobs\\CR_Hum_Head_40.bmd"", ""Data\\Engine2D\\Bin\\Bobs\\CR_Hum_Head_41.bmd""]","[""test_human_00""]","[""Sar_Man_Base""]",36,"{""RENDERED"": 35, ""NO_DIRECT_FRAMES (timeline or empty record)"": 1}",SOURCE_COMPLETE,Arabs/Humans/Professions/job_25_trader/metadata.json
human,4,saracen,26,26,trader_sea,Sea Merchant,adult (see job/parent chain),False,"[26, 6]",40,,"[""Data\\Engine2D\\Bin\\Bobs\\CR_Hum_Body_40.bmd""]","[""Data\\Engine2D\\Bin\\Bobs\\CR_Hum_Head_40.bmd"", ""Data\\Engine2D\\Bin\\Bobs\\CR_Hum_Head_41.bmd""]","[""test_human_00""]","[""Sar_Man_Base""]",36,"{""RENDERED"": 35, ""NO_DIRECT_FRAMES (timeline or empty record)"": 1}",SOURCE_COMPLETE,Arabs/Humans/Professions/job_26_trader_sea/metadata.json
human,4,saracen,27,27,scout,Scout,adult (see job/parent chain),True,"[27, 6]",40,,"[""Data\\Engine2D\\Bin\\Bobs\\CR_Hum_Body_40.bmd""]","[""Data\\Engine2D\\Bin\\Bobs\\CR_Hum_Head_40.bmd"", ""Data\\Engine2D\\Bin\\Bobs\\CR_Hum_Head_41.bmd""]","[""test_human_00""]","[""Sar_Man_Base""]",37,"{""RENDERED"": 36, ""NO_DIRECT_FRAMES (timeline or empty record)"": 1}",SOURCE_COMPLETE,Arabs/Humans/Professions/job_27_scout/metadata.json
human,4,saracen,28,28,jester,Jester,adult (see job/parent chain),False,"[28, 6]",40,,"[""Data\\Engine2D\\Bin\\Bobs\\CR_Hum_Body_40.bmd""]","[""Data\\Engine2D\\Bin\\Bobs\\CR_Hum_Head_40.bmd"", ""Data\\Engine2D\\Bin\\Bobs\\CR_Hum_Head_41.bmd""]","[""test_human_00""]","[""Sar_Man_Base""]",36,"{""RENDERED"": 35, ""NO_DIRECT_FRAMES (timeline or empty record)"": 1}",SOURCE_COMPLETE,Arabs/Humans/Professions/job_28_jester/metadata.json
human,4,saracen,29,29,herb & mush guy,Herb Gatherer,adult (see job/parent chain),True,"[29, 6]",40,,"[""Data\\Engine2D\\Bin\\Bobs\\CR_Hum_Body_40.bmd""]","[""Data\\Engine2D\\Bin\\Bobs\\CR_Hum_Head_40.bmd"", ""Data\\Engine2D\\Bin\\Bobs\\CR_Hum_Head_41.bmd""]","[""test_human_00""]","[""Sar_Man_Base""]",36,"{""RENDERED"": 35, ""NO_DIRECT_FRAMES (timeline or empty record)"": 1}",SOURCE_COMPLETE,Arabs/Humans/Professions/job_29_herb_mush_guy/metadata.json
human,4,saracen,30,30,druid,Druid,adult (see job/parent chain),True,"[30, 6]",40,,"[""Data\\Engine2D\\Bin\\Bobs\\CR_Hum_Body_40.bmd""]","[""Data\\Engine2D\\Bin\\Bobs\\CR_Hum_Head_40.bmd"", ""Data\\Engine2D\\Bin\\Bobs\\CR_Hum_Head_41.bmd""]","[""test_human_00""]","[""Sar_Man_Base""]",36,"{""RENDERED"": 35, ""NO_DIRECT_FRAMES (timeline or empty record)"": 1}",SOURCE_COMPLETE,Arabs/Humans/Professions/job_30_druid/metadata.json
human,4,saracen,31,31,soldier_unarmed,Soldier,adult (see job/parent chain),True,"[31, 6]",42,43,"[""Data\\Engine2D\\Bin\\Bobs\\CR_Hum_Body_42.bmd""]","[""Data\\Engine2D\\Bin\\Bobs\\CR_Hum_Head_42.bmd"", ""Data\\Engine2D\\Bin\\Bobs\\CR_Hum_Head_43.bmd""]","[""test_human_00""]","[""Sar_Man_Base""]",36,"{""RENDERED"": 56, ""NO_DIRECT_FRAMES (timeline or empty record)"": 2, ""VARIANT_INCOMPATIBLE"": 10, ""RENDERED_PARTIAL_MISSING_BOBS"": 4}",SOURCE_COMPLETE,Arabs/Humans/Soldiers/job_31_soldier_unarmed/metadata.json
human,4,saracen,32,32,soldier_spear_wooden,Wooden Spearman,adult (see job/parent chain),False,"[32, 31, 6]",42,43,"[""Data\\Engine2D\\Bin\\Bobs\\CR_Hum_Body_42.bmd""]","[""Data\\Engine2D\\Bin\\Bobs\\CR_Hum_Head_42.bmd"", ""Data\\Engine2D\\Bin\\Bobs\\CR_Hum_Head_43.bmd""]","[""test_human_00""]","[""Sar_Man_Base""]",36,"{""RENDERED"": 56, ""NO_DIRECT_FRAMES (timeline or empty record)"": 2, ""VARIANT_INCOMPATIBLE"": 10, ""RENDERED_PARTIAL_MISSING_BOBS"": 4}",SOURCE_COMPLETE,Arabs/Humans/Soldiers/job_32_soldier_spear_wooden/metadata.json
human,4,saracen,33,33,soldier_spear_iron,Iron Spearman,adult (see job/parent chain),True,"[33, 31, 6]",42,43,"[""Data\\Engine2D\\Bin\\Bobs\\CR_Hum_Body_42.bmd""]","[""Data\\Engine2D\\Bin\\Bobs\\CR_Hum_Head_42.bmd"", ""Data\\Engine2D\\Bin\\Bobs\\CR_Hum_Head_43.bmd""]","[""test_human_00""]","[""Sar_Man_Base""]",36,"{""RENDERED"": 56, ""NO_DIRECT_FRAMES (timeline or empty record)"": 2, ""VARIANT_INCOMPATIBLE"": 10, ""RENDERED_PARTIAL_MISSING_BOBS"": 4}",SOURCE_COMPLETE,Arabs/Humans/Soldiers/job_33_soldier_spear_iron/metadata.json
human,4,saracen,34,34,soldier_sword_short,Shortsword Fighter,adult (see job/parent chain),True,"[34, 31, 6]",42,43,"[""Data\\Engine2D\\Bin\\Bobs\\CR_Hum_Body_42.bmd""]","[""Data\\Engine2D\\Bin\\Bobs\\CR_Hum_Head_42.bmd"", ""Data\\Engine2D\\Bin\\Bobs\\CR_Hum_Head_43.bmd""]","[""test_human_00""]","[""Sar_Man_Base""]",36,"{""RENDERED"": 56, ""NO_DIRECT_FRAMES (timeline or empty record)"": 2, ""VARIANT_INCOMPATIBLE"": 10, ""RENDERED_PARTIAL_MISSING_BOBS"": 4}",SOURCE_COMPLETE,Arabs/Humans/Soldiers/job_34_soldier_sword_short/metadata.json
human,4,saracen,35,35,soldier_sword_long,Longsword Fighter,adult (see job/parent chain),False,"[35, 31, 6]",42,43,"[""Data\\Engine2D\\Bin\\Bobs\\CR_Hum_Body_42.bmd""]","[""Data\\Engine2D\\Bin\\Bobs\\CR_Hum_Head_42.bmd"", ""Data\\Engine2D\\Bin\\Bobs\\CR_Hum_Head_43.bmd""]","[""test_human_00""]","[""Sar_Man_Base""]",36,"{""RENDERED"": 56, ""NO_DIRECT_FRAMES (timeline or empty record)"": 2, ""VARIANT_INCOMPATIBLE"": 10, ""RENDERED_PARTIAL_MISSING_BOBS"": 4}",SOURCE_COMPLETE,Arabs/Humans/Soldiers/job_35_soldier_sword_long/metadata.json
human,4,saracen,36,36,soldier_saber_short,Shortsabre Fighter,adult (see job/parent chain),False,"[36, 31, 6]",42,43,"[""Data\\Engine2D\\Bin\\Bobs\\CR_Hum_Body_42.bmd""]","[""Data\\Engine2D\\Bin\\Bobs\\CR_Hum_Head_42.bmd"", ""Data\\Engine2D\\Bin\\Bobs\\CR_Hum_Head_43.bmd""]","[""test_human_00""]","[""Sar_Man_Base""]",36,"{""RENDERED"": 56, ""NO_DIRECT_FRAMES (timeline or empty record)"": 2, ""VARIANT_INCOMPATIBLE"": 10, ""RENDERED_PARTIAL_MISSING_BOBS"": 4}",SOURCE_COMPLETE,Arabs/Humans/Soldiers/job_36_soldier_saber_short/metadata.json
human,4,saracen,37,37,soldier_saber_long,Longsabre Fighter,adult (see job/parent chain),False,"[37, 31, 6]",42,43,"[""Data\\Engine2D\\Bin\\Bobs\\CR_Hum_Body_42.bmd""]","[""Data\\Engine2D\\Bin\\Bobs\\CR_Hum_Head_42.bmd"", ""Data\\Engine2D\\Bin\\Bobs\\CR_Hum_Head_43.bmd""]","[""test_human_00""]","[""Sar_Man_Base""]",36,"{""RENDERED"": 56, ""NO_DIRECT_FRAMES (timeline or empty record)"": 2, ""VARIANT_INCOMPATIBLE"": 10, ""RENDERED_PARTIAL_MISSING_BOBS"": 4}",SOURCE_COMPLETE,Arabs/Humans/Soldiers/job_37_soldier_saber_long/metadata.json
human,4,saracen,38,38,soldier_axe_small,Small Axe Fighter,adult (see job/parent chain),False,"[38, 31, 6]",42,43,"[""Data\\Engine2D\\Bin\\Bobs\\CR_Hum_Body_42.bmd""]","[""Data\\Engine2D\\Bin\\Bobs\\CR_Hum_Head_42.bmd"", ""Data\\Engine2D\\Bin\\Bobs\\CR_Hum_Head_43.bmd""]","[""test_human_00""]","[""Sar_Man_Base""]",36,"{""RENDERED"": 56, ""NO_DIRECT_FRAMES (timeline or empty record)"": 2, ""VARIANT_INCOMPATIBLE"": 10, ""RENDERED_PARTIAL_MISSING_BOBS"": 4}",SOURCE_COMPLETE,Arabs/Humans/Soldiers/job_38_soldier_axe_small/metadata.json
human,4,saracen,39,39,soldier_axe_big,Big Axe Fighter,adult (see job/parent chain),False,"[39, 31, 6]",42,43,"[""Data\\Engine2D\\Bin\\Bobs\\CR_Hum_Body_42.bmd""]","[""Data\\Engine2D\\Bin\\Bobs\\CR_Hum_Head_42.bmd"", ""Data\\Engine2D\\Bin\\Bobs\\CR_Hum_Head_43.bmd""]","[""test_human_00""]","[""Sar_Man_Base""]",36,"{""RENDERED"": 56, ""NO_DIRECT_FRAMES (timeline or empty record)"": 2, ""VARIANT_INCOMPATIBLE"": 10, ""RENDERED_PARTIAL_MISSING_BOBS"": 4}",SOURCE_COMPLETE,Arabs/Humans/Soldiers/job_39_soldier_axe_big/metadata.json
human,4,saracen,40,40,soldier_bow_short,Short Bow Archer,adult (see job/parent chain),True,"[40, 31, 6]",42,43,"[""Data\\Engine2D\\Bin\\Bobs\\CR_Hum_Body_42.bmd""]","[""Data\\Engine2D\\Bin\\Bobs\\CR_Hum_Head_42.bmd"", ""Data\\Engine2D\\Bin\\Bobs\\CR_Hum_Head_43.bmd""]","[""test_human_00""]","[""Sar_Man_Base""]",36,"{""RENDERED"": 56, ""NO_DIRECT_FRAMES (timeline or empty record)"": 2, ""VARIANT_INCOMPATIBLE"": 10, ""RENDERED_PARTIAL_MISSING_BOBS"": 4}",SOURCE_COMPLETE,Arabs/Humans/Soldiers/job_40_soldier_bow_short/metadata.json
human,4,saracen,41,41,soldier_bow_long,Longbow Archer,adult (see job/parent chain),False,"[41, 31, 6]",42,43,"[""Data\\Engine2D\\Bin\\Bobs\\CR_Hum_Body_42.bmd""]","[""Data\\Engine2D\\Bin\\Bobs\\CR_Hum_Head_42.bmd"", ""Data\\Engine2D\\Bin\\Bobs\\CR_Hum_Head_43.bmd""]","[""test_human_00""]","[""Sar_Man_Base""]",36,"{""RENDERED"": 56, ""NO_DIRECT_FRAMES (timeline or empty record)"": 2, ""VARIANT_INCOMPATIBLE"": 10, ""RENDERED_PARTIAL_MISSING_BOBS"": 4}",SOURCE_COMPLETE,Arabs/Humans/Soldiers/job_41_soldier_bow_long/metadata.json
human,4,saracen,42,42,hero_unarmed_???,Unarmed Hero,adult (see job/parent chain),False,"[42, 31, 6]",42,43,"[""Data\\Engine2D\\Bin\\Bobs\\CR_Hum_Body_42.bmd""]","[""Data\\Engine2D\\Bin\\Bobs\\CR_Hum_Head_42.bmd"", ""Data\\Engine2D\\Bin\\Bobs\\CR_Hum_Head_43.bmd""]","[""test_human_00""]","[""Sar_Man_Base""]",36,"{""RENDERED"": 56, ""NO_DIRECT_FRAMES (timeline or empty record)"": 2, ""VARIANT_INCOMPATIBLE"": 10, ""RENDERED_PARTIAL_MISSING_BOBS"": 4}",SOURCE_COMPLETE,Arabs/Humans/Heroes/job_42_hero_unarmed/metadata.json
human,4,saracen,43,43,hero_spear_SIEGFRIED,Sigurd,adult (see job/parent chain),False,"[43, 33, 31, 6]",42,43,"[""Data\\Engine2D\\Bin\\Bobs\\CR_Hum_Body_42.bmd""]","[""Data\\Engine2D\\Bin\\Bobs\\CR_Hum_Head_42.bmd"", ""Data\\Engine2D\\Bin\\Bobs\\CR_Hum_Head_43.bmd""]","[""test_human_00""]","[""Sar_Man_Base""]",36,"{""RENDERED"": 56, ""NO_DIRECT_FRAMES (timeline or empty record)"": 2, ""VARIANT_INCOMPATIBLE"": 10, ""RENDERED_PARTIAL_MISSING_BOBS"": 4}",SOURCE_COMPLETE,Arabs/Humans/Heroes/job_43_hero_spear_SIEGFRIED/metadata.json
human,4,saracen,44,44,hero_sword_BJARNI,Bjarni,adult (see job/parent chain),False,"[44, 34, 31, 6]",42,43,"[""Data\\Engine2D\\Bin\\Bobs\\CR_Hum_Body_42.bmd""]","[""Data\\Engine2D\\Bin\\Bobs\\CR_Hum_Head_42.bmd"", ""Data\\Engine2D\\Bin\\Bobs\\CR_Hum_Head_43.bmd""]","[""test_human_00""]","[""Sar_Man_Base""]",36,"{""RENDERED"": 56, ""NO_DIRECT_FRAMES (timeline or empty record)"": 2, ""VARIANT_INCOMPATIBLE"": 10, ""RENDERED_PARTIAL_MISSING_BOBS"": 4}",SOURCE_COMPLETE,Arabs/Humans/Heroes/job_44_hero_sword_BJARNI/metadata.json
human,4,saracen,45,45,hero_saber_HATSCHI,Hatchie,adult (see job/parent chain),True,"[45, 35, 31, 6]",57,43,"[""Data\\Engine2D\\Bin\\Bobs\\CR_Hum_Body_42.bmd"", ""Data\\Engine2D\\Bin\\Bobs\\CR_Hum_Body_62.bmd""]","[""Data\\Engine2D\\Bin\\Bobs\\CR_Hum_Head_42.bmd"", ""Data\\Engine2D\\Bin\\Bobs\\CR_Hum_Head_43.bmd""]","[""test_human_00""]","[""Hero_Hatschi"", ""Sar_Man_Base""]",36,"{""RENDERED"": 56, ""NO_DIRECT_FRAMES (timeline or empty record)"": 2, ""VARIANT_INCOMPATIBLE"": 10, ""RENDERED_PARTIAL_MISSING_BOBS"": 4}",SOURCE_COMPLETE,Arabs/Humans/Heroes/job_45_hero_saber_HATSCHI/metadata.json
human,4,saracen,46,46,hero_axe_???,Axe Hero,adult (see job/parent chain),False,"[46, 39, 31, 6]",42,43,"[""Data\\Engine2D\\Bin\\Bobs\\CR_Hum_Body_42.bmd""]","[""Data\\Engine2D\\Bin\\Bobs\\CR_Hum_Head_42.bmd"", ""Data\\Engine2D\\Bin\\Bobs\\CR_Hum_Head_43.bmd""]","[""test_human_00""]","[""Sar_Man_Base""]",36,"{""RENDERED"": 56, ""NO_DIRECT_FRAMES (timeline or empty record)"": 2, ""VARIANT_INCOMPATIBLE"": 10, ""RENDERED_PARTIAL_MISSING_BOBS"": 4}",SOURCE_COMPLETE,Arabs/Humans/Heroes/job_46_hero_axe/metadata.json
human,4,saracen,47,47,heroine_bow_XENA,Cyra,adult (see job/parent chain),False,"[47, 41, 31, 6]",42,43,"[""Data\\Engine2D\\Bin\\Bobs\\CR_Hum_Body_42.bmd""]","[""Data\\Engine2D\\Bin\\Bobs\\CR_Hum_Head_42.bmd"", ""Data\\Engine2D\\Bin\\Bobs\\CR_Hum_Head_43.bmd""]","[""test_human_00""]","[""Sar_Man_Base""]",36,"{""RENDERED"": 56, ""NO_DIRECT_FRAMES (timeline or empty record)"": 2, ""VARIANT_INCOMPATIBLE"": 10, ""RENDERED_PARTIAL_MISSING_BOBS"": 4}",SOURCE_COMPLETE,Arabs/Humans/Heroes/job_47_heroine_bow_XENA/metadata.json
human,5,weresnake,31,31,soldier_unarmed,Soldier,adult (see job/parent chain),True,"[31, 6]",65,66,"[""Data\\Engine2D\\Bin\\Bobs\\CR_Hum_Body_70.bmd""]",[],"[""house_byzantine02""]",[],6,"{""RENDERED"": 12}",SOURCE_COMPLETE,Other Tribes/Weresnakes/Humans/Soldiers/job_31_soldier_unarmed/metadata.json
human,5,weresnake,32,32,soldier_spear_wooden,Wooden Spearman,adult (see job/parent chain),False,"[32, 31, 6]",65,66,"[""Data\\Engine2D\\Bin\\Bobs\\CR_Hum_Body_70.bmd""]",[],"[""house_byzantine02""]",[],6,"{""RENDERED"": 12}",SOURCE_COMPLETE,Other Tribes/Weresnakes/Humans/Soldiers/job_32_soldier_spear_wooden/metadata.json
human,5,weresnake,33,33,soldier_spear_iron,Iron Spearman,adult (see job/parent chain),False,"[33, 31, 6]",65,66,"[""Data\\Engine2D\\Bin\\Bobs\\CR_Hum_Body_70.bmd""]",[],"[""house_byzantine02""]",[],6,"{""RENDERED"": 12}",SOURCE_COMPLETE,Other Tribes/Weresnakes/Humans/Soldiers/job_33_soldier_spear_iron/metadata.json
human,5,weresnake,34,34,soldier_sword_short,Shortsword Fighter,adult (see job/parent chain),False,"[34, 31, 6]",65,66,"[""Data\\Engine2D\\Bin\\Bobs\\CR_Hum_Body_70.bmd""]",[],"[""house_byzantine02""]",[],6,"{""RENDERED"": 12}",SOURCE_COMPLETE,Other Tribes/Weresnakes/Humans/Soldiers/job_34_soldier_sword_short/metadata.json
human,5,weresnake,35,35,soldier_sword_long,Longsword Fighter,adult (see job/parent chain),False,"[35, 31, 6]",65,66,"[""Data\\Engine2D\\Bin\\Bobs\\CR_Hum_Body_70.bmd""]",[],"[""house_byzantine02""]",[],6,"{""RENDERED"": 12}",SOURCE_COMPLETE,Other Tribes/Weresnakes/Humans/Soldiers/job_35_soldier_sword_long/metadata.json
human,5,weresnake,36,36,soldier_saber_short,Shortsabre Fighter,adult (see job/parent chain),False,"[36, 31, 6]",65,66,"[""Data\\Engine2D\\Bin\\Bobs\\CR_Hum_Body_70.bmd""]",[],"[""house_byzantine02""]",[],6,"{""RENDERED"": 12}",SOURCE_COMPLETE,Other Tribes/Weresnakes/Humans/Soldiers/job_36_soldier_saber_short/metadata.json
human,5,weresnake,37,37,soldier_saber_long,Longsabre Fighter,adult (see job/parent chain),False,"[37, 31, 6]",65,66,"[""Data\\Engine2D\\Bin\\Bobs\\CR_Hum_Body_70.bmd""]",[],"[""house_byzantine02""]",[],6,"{""RENDERED"": 12}",SOURCE_COMPLETE,Other Tribes/Weresnakes/Humans/Soldiers/job_37_soldier_saber_long/metadata.json
human,5,weresnake,38,38,soldier_axe_small,Small Axe Fighter,adult (see job/parent chain),False,"[38, 31, 6]",65,66,"[""Data\\Engine2D\\Bin\\Bobs\\CR_Hum_Body_70.bmd""]",[],"[""house_byzantine02""]",[],6,"{""RENDERED"": 12}",SOURCE_COMPLETE,Other Tribes/Weresnakes/Humans/Soldiers/job_38_soldier_axe_small/metadata.json
human,5,weresnake,39,39,soldier_axe_big,Big Axe Fighter,adult (see job/parent chain),False,"[39, 31, 6]",65,66,"[""Data\\Engine2D\\Bin\\Bobs\\CR_Hum_Body_70.bmd""]",[],"[""house_byzantine02""]",[],6,"{""RENDERED"": 12}",SOURCE_COMPLETE,Other Tribes/Weresnakes/Humans/Soldiers/job_39_soldier_axe_big/metadata.json
human,5,weresnake,40,40,soldier_bow_short,Short Bow Archer,adult (see job/parent chain),False,"[40, 31, 6]",65,66,"[""Data\\Engine2D\\Bin\\Bobs\\CR_Hum_Body_70.bmd""]",[],"[""house_byzantine02""]",[],6,"{""RENDERED"": 12}",SOURCE_COMPLETE,Other Tribes/Weresnakes/Humans/Soldiers/job_40_soldier_bow_short/metadata.json
human,5,weresnake,41,41,soldier_bow_long,Longbow Archer,adult (see job/parent chain),False,"[41, 31, 6]",65,66,"[""Data\\Engine2D\\Bin\\Bobs\\CR_Hum_Body_70.bmd""]",[],"[""house_byzantine02""]",[],6,"{""RENDERED"": 12}",SOURCE_COMPLETE,Other Tribes/Weresnakes/Humans/Soldiers/job_41_soldier_bow_long/metadata.json
human,5,weresnake,42,42,hero_unarmed_???,Unarmed Hero,adult (see job/parent chain),False,"[42, 31, 6]",65,66,"[""Data\\Engine2D\\Bin\\Bobs\\CR_Hum_Body_70.bmd""]",[],"[""house_byzantine02""]",[],6,"{""RENDERED"": 12}",SOURCE_COMPLETE,Other Tribes/Weresnakes/Humans/Heroes/job_42_hero_unarmed/metadata.json
human,5,weresnake,43,43,hero_spear_SIEGFRIED,Sigurd,adult (see job/parent chain),False,"[43, 33, 31, 6]",65,66,"[""Data\\Engine2D\\Bin\\Bobs\\CR_Hum_Body_70.bmd""]",[],"[""house_byzantine02""]",[],6,"{""RENDERED"": 12}",SOURCE_COMPLETE,Other Tribes/Weresnakes/Humans/Heroes/job_43_hero_spear_SIEGFRIED/metadata.json
human,5,weresnake,44,44,hero_sword_BJARNI,Bjarni,adult (see job/parent chain),False,"[44, 34, 31, 6]",65,66,"[""Data\\Engine2D\\Bin\\Bobs\\CR_Hum_Body_70.bmd""]",[],"[""house_byzantine02""]",[],6,"{""RENDERED"": 12}",SOURCE_COMPLETE,Other Tribes/Weresnakes/Humans/Heroes/job_44_hero_sword_BJARNI/metadata.json
human,5,weresnake,45,45,hero_saber_HATSCHI,Hatchie,adult (see job/parent chain),False,"[45, 35, 31, 6]",65,66,"[""Data\\Engine2D\\Bin\\Bobs\\CR_Hum_Body_70.bmd""]",[],"[""house_byzantine02""]",[],6,"{""RENDERED"": 12}",SOURCE_COMPLETE,Other Tribes/Weresnakes/Humans/Heroes/job_45_hero_saber_HATSCHI/metadata.json
human,5,weresnake,46,46,hero_axe_???,Axe Hero,adult (see job/parent chain),False,"[46, 39, 31, 6]",65,66,"[""Data\\Engine2D\\Bin\\Bobs\\CR_Hum_Body_70.bmd""]",[],"[""house_byzantine02""]",[],6,"{""RENDERED"": 12}",SOURCE_COMPLETE,Other Tribes/Weresnakes/Humans/Heroes/job_46_hero_axe/metadata.json
human,5,weresnake,47,47,heroine_bow_XENA,Cyra,adult (see job/parent chain),False,"[47, 41, 31, 6]",65,66,"[""Data\\Engine2D\\Bin\\Bobs\\CR_Hum_Body_70.bmd""]",[],"[""house_byzantine02""]",[],6,"{""RENDERED"": 12}",SOURCE_COMPLETE,Other Tribes/Weresnakes/Humans/Heroes/job_47_heroine_bow_XENA/metadata.json
human,6,werewolf,31,31,soldier_unarmed,Soldier,adult (see job/parent chain),True,"[31, 6]",63,64,"[""Data\\Engine2D\\Bin\\Bobs\\CR_Hum_Body_71.bmd""]",[],"[""house_byzantine01""]",[],6,"{""RENDERED"": 12}",SOURCE_COMPLETE,Other Tribes/Werewolves/Humans/Soldiers/job_31_soldier_unarmed/metadata.json
human,6,werewolf,32,32,soldier_spear_wooden,Wooden Spearman,adult (see job/parent chain),False,"[32, 31, 6]",63,64,"[""Data\\Engine2D\\Bin\\Bobs\\CR_Hum_Body_71.bmd""]",[],"[""house_byzantine01""]",[],6,"{""RENDERED"": 12}",SOURCE_COMPLETE,Other Tribes/Werewolves/Humans/Soldiers/job_32_soldier_spear_wooden/metadata.json
human,6,werewolf,33,33,soldier_spear_iron,Iron Spearman,adult (see job/parent chain),False,"[33, 31, 6]",63,64,"[""Data\\Engine2D\\Bin\\Bobs\\CR_Hum_Body_71.bmd""]",[],"[""house_byzantine01""]",[],6,"{""RENDERED"": 12}",SOURCE_COMPLETE,Other Tribes/Werewolves/Humans/Soldiers/job_33_soldier_spear_iron/metadata.json
human,6,werewolf,34,34,soldier_sword_short,Shortsword Fighter,adult (see job/parent chain),False,"[34, 31, 6]",63,64,"[""Data\\Engine2D\\Bin\\Bobs\\CR_Hum_Body_71.bmd""]",[],"[""house_byzantine01""]",[],6,"{""RENDERED"": 12}",SOURCE_COMPLETE,Other Tribes/Werewolves/Humans/Soldiers/job_34_soldier_sword_short/metadata.json
human,6,werewolf,35,35,soldier_sword_long,Longsword Fighter,adult (see job/parent chain),False,"[35, 31, 6]",63,64,"[""Data\\Engine2D\\Bin\\Bobs\\CR_Hum_Body_71.bmd""]",[],"[""house_byzantine01""]",[],6,"{""RENDERED"": 12}",SOURCE_COMPLETE,Other Tribes/Werewolves/Humans/Soldiers/job_35_soldier_sword_long/metadata.json
human,6,werewolf,36,36,soldier_saber_short,Shortsabre Fighter,adult (see job/parent chain),False,"[36, 31, 6]",63,64,"[""Data\\Engine2D\\Bin\\Bobs\\CR_Hum_Body_71.bmd""]",[],"[""house_byzantine01""]",[],6,"{""RENDERED"": 12}",SOURCE_COMPLETE,Other Tribes/Werewolves/Humans/Soldiers/job_36_soldier_saber_short/metadata.json
human,6,werewolf,37,37,soldier_saber_long,Longsabre Fighter,adult (see job/parent chain),False,"[37, 31, 6]",63,64,"[""Data\\Engine2D\\Bin\\Bobs\\CR_Hum_Body_71.bmd""]",[],"[""house_byzantine01""]",[],6,"{""RENDERED"": 12}",SOURCE_COMPLETE,Other Tribes/Werewolves/Humans/Soldiers/job_37_soldier_saber_long/metadata.json
human,6,werewolf,38,38,soldier_axe_small,Small Axe Fighter,adult (see job/parent chain),False,"[38, 31, 6]",63,64,"[""Data\\Engine2D\\Bin\\Bobs\\CR_Hum_Body_71.bmd""]",[],"[""house_byzantine01""]",[],6,"{""RENDERED"": 12}",SOURCE_COMPLETE,Other Tribes/Werewolves/Humans/Soldiers/job_38_soldier_axe_small/metadata.json
human,6,werewolf,39,39,soldier_axe_big,Big Axe Fighter,adult (see job/parent chain),False,"[39, 31, 6]",63,64,"[""Data\\Engine2D\\Bin\\Bobs\\CR_Hum_Body_71.bmd""]",[],"[""house_byzantine01""]",[],6,"{""RENDERED"": 12}",SOURCE_COMPLETE,Other Tribes/Werewolves/Humans/Soldiers/job_39_soldier_axe_big/metadata.json
human,6,werewolf,40,40,soldier_bow_short,Short Bow Archer,adult (see job/parent chain),False,"[40, 31, 6]",63,64,"[""Data\\Engine2D\\Bin\\Bobs\\CR_Hum_Body_71.bmd""]",[],"[""house_byzantine01""]",[],6,"{""RENDERED"": 12}",SOURCE_COMPLETE,Other Tribes/Werewolves/Humans/Soldiers/job_40_soldier_bow_short/metadata.json
human,6,werewolf,41,41,soldier_bow_long,Longbow Archer,adult (see job/parent chain),False,"[41, 31, 6]",63,64,"[""Data\\Engine2D\\Bin\\Bobs\\CR_Hum_Body_71.bmd""]",[],"[""house_byzantine01""]",[],6,"{""RENDERED"": 12}",SOURCE_COMPLETE,Other Tribes/Werewolves/Humans/Soldiers/job_41_soldier_bow_long/metadata.json
human,6,werewolf,42,42,hero_unarmed_???,Unarmed Hero,adult (see job/parent chain),False,"[42, 31, 6]",63,64,"[""Data\\Engine2D\\Bin\\Bobs\\CR_Hum_Body_71.bmd""]",[],"[""house_byzantine01""]",[],6,"{""RENDERED"": 12}",SOURCE_COMPLETE,Other Tribes/Werewolves/Humans/Heroes/job_42_hero_unarmed/metadata.json
human,6,werewolf,43,43,hero_spear_SIEGFRIED,Sigurd,adult (see job/parent chain),False,"[43, 33, 31, 6]",63,64,"[""Data\\Engine2D\\Bin\\Bobs\\CR_Hum_Body_71.bmd""]",[],"[""house_byzantine01""]",[],6,"{""RENDERED"": 12}",SOURCE_COMPLETE,Other Tribes/Werewolves/Humans/Heroes/job_43_hero_spear_SIEGFRIED/metadata.json
human,6,werewolf,44,44,hero_sword_BJARNI,Bjarni,adult (see job/parent chain),False,"[44, 34, 31, 6]",63,64,"[""Data\\Engine2D\\Bin\\Bobs\\CR_Hum_Body_71.bmd""]",[],"[""house_byzantine01""]",[],6,"{""RENDERED"": 12}",SOURCE_COMPLETE,Other Tribes/Werewolves/Humans/Heroes/job_44_hero_sword_BJARNI/metadata.json
human,6,werewolf,45,45,hero_saber_HATSCHI,Hatchie,adult (see job/parent chain),False,"[45, 35, 31, 6]",63,64,"[""Data\\Engine2D\\Bin\\Bobs\\CR_Hum_Body_71.bmd""]",[],"[""house_byzantine01""]",[],6,"{""RENDERED"": 12}",SOURCE_COMPLETE,Other Tribes/Werewolves/Humans/Heroes/job_45_hero_saber_HATSCHI/metadata.json
human,6,werewolf,46,46,hero_axe_???,Axe Hero,adult (see job/parent chain),False,"[46, 39, 31, 6]",63,64,"[""Data\\Engine2D\\Bin\\Bobs\\CR_Hum_Body_71.bmd""]",[],"[""house_byzantine01""]",[],6,"{""RENDERED"": 12}",SOURCE_COMPLETE,Other Tribes/Werewolves/Humans/Heroes/job_46_hero_axe/metadata.json
human,6,werewolf,47,47,heroine_bow_XENA,Cyra,adult (see job/parent chain),False,"[47, 41, 31, 6]",63,64,"[""Data\\Engine2D\\Bin\\Bobs\\CR_Hum_Body_71.bmd""]",[],"[""house_byzantine01""]",[],6,"{""RENDERED"": 12}",SOURCE_COMPLETE,Other Tribes/Werewolves/Humans/Heroes/job_47_heroine_bow_XENA/metadata.json
human,7,egypt,1,1,baby_female,Baby,female baby,True,[1],81,,"[""Data\\Engine2D\\Bin\\Bobs\\CR_Hum_Body_22.bmd""]","[""Data\\Engine2D\\Bin\\Bobs\\CR_Hum_Head_22.bmd""]","[""test_human_00""]","[""Vik_Baby_Base""]",7,"{""RENDERED"": 7}",SOURCE_COMPLETE,Other Tribes/Egypt/Humans/Children/Babies/job_01_baby_female/metadata.json
human,7,egypt,2,2,baby_male,Baby,male baby,True,"[2, 1]",79,,"[""Data\\Engine2D\\Bin\\Bobs\\CR_Hum_Body_22.bmd""]","[""Data\\Engine2D\\Bin\\Bobs\\CR_Hum_Head_22.bmd""]","[""test_human_00""]","[""Vik_Baby_Base""]",7,"{""RENDERED"": 7}",SOURCE_COMPLETE,Other Tribes/Egypt/Humans/Children/Babies/job_02_baby_male/metadata.json
human,7,egypt,3,3,child_female,Girl,female child,True,"[3, 1]",82,,"[""Data\\Engine2D\\Bin\\Bobs\\CR_Hum_Body_21.bmd""]","[""Data\\Engine2D\\Bin\\Bobs\\CR_Hum_Head_21.bmd""]","[""test_human_00""]","[""Vik_Man_Base""]",10,"{""RENDERED"": 10}",SOURCE_COMPLETE,Other Tribes/Egypt/Humans/Children/job_03_child_female/metadata.json
human,7,egypt,4,4,child_male,Boy,male child,True,"[4, 2, 1]",80,,"[""Data\\Engine2D\\Bin\\Bobs\\CR_Hum_Body_20.bmd""]","[""Data\\Engine2D\\Bin\\Bobs\\CR_Hum_Head_20.bmd""]","[""test_human_00""]","[""Vik_Man_Base""]",10,"{""RENDERED"": 10}",SOURCE_COMPLETE,Other Tribes/Egypt/Humans/Children/job_04_child_male/metadata.json
human,7,egypt,5,5,woman,Woman,adult female,True,[5],45,51,"[""Data\\Engine2D\\Bin\\Bobs\\CR_Hum_Body_77.bmd""]","[""Data\\Engine2D\\Bin\\Bobs\\CR_Hum_Head_78.bmd""]","[""test_human_00""]","[""Byz_WoMan_Base""]",23,"{""RENDERED"": 46}",SOURCE_COMPLETE,Other Tribes/Egypt/Humans/Female/job_05_woman/metadata.json
human,7,egypt,6,6,civilist,Civilian,adult male,True,[6],44,50,"[""Data\\Engine2D\\Bin\\Bobs\\CR_Hum_Body_75.bmd""]","[""Data\\Engine2D\\Bin\\Bobs\\CR_Hum_Head_75.bmd"", ""Data\\Engine2D\\Bin\\Bobs\\CR_Hum_Head_76.bmd""]","[""test_human_00""]","[""Egy_Man_Base""]",35,"{""RENDERED"": 68, ""NO_DIRECT_FRAMES (timeline or empty record)"": 2}",SOURCE_COMPLETE,Other Tribes/Egypt/Humans/Male/job_06_civilist/metadata.json
human,7,egypt,7,7,builder,Builder,adult (see job/parent chain),True,"[7, 6]",44,50,"[""Data\\Engine2D\\Bin\\Bobs\\CR_Hum_Body_75.bmd""]","[""Data\\Engine2D\\Bin\\Bobs\\CR_Hum_Head_75.bmd"", ""Data\\Engine2D\\Bin\\Bobs\\CR_Hum_Head_76.bmd""]","[""test_human_00""]","[""Egy_Man_Base""]",37,"{""RENDERED"": 72, ""NO_DIRECT_FRAMES (timeline or empty record)"": 2}",SOURCE_COMPLETE,Other Tribes/Egypt/Humans/Professions/job_07_builder/metadata.json
human,7,egypt,8,8,collector,Extractor,adult (see job/parent chain),True,"[8, 6]",44,50,"[""Data\\Engine2D\\Bin\\Bobs\\CR_Hum_Body_75.bmd""]","[""Data\\Engine2D\\Bin\\Bobs\\CR_Hum_Head_75.bmd"", ""Data\\Engine2D\\Bin\\Bobs\\CR_Hum_Head_76.bmd""]","[""test_human_00""]","[""Egy_Man_Base""]",40,"{""RENDERED"": 78, ""NO_DIRECT_FRAMES (timeline or empty record)"": 2}",SOURCE_COMPLETE,Other Tribes/Egypt/Humans/Professions/job_08_collector/metadata.json
human,7,egypt,9,9,joiner,Carpenter,adult (see job/parent chain),True,"[9, 6]",44,50,"[""Data\\Engine2D\\Bin\\Bobs\\CR_Hum_Body_75.bmd""]","[""Data\\Engine2D\\Bin\\Bobs\\CR_Hum_Head_75.bmd"", ""Data\\Engine2D\\Bin\\Bobs\\CR_Hum_Head_76.bmd""]","[""test_human_00""]","[""Egy_Man_Base""]",35,"{""RENDERED"": 68, ""NO_DIRECT_FRAMES (timeline or empty record)"": 2}",SOURCE_COMPLETE,Other Tribes/Egypt/Humans/Professions/job_09_joiner/metadata.json
human,7,egypt,10,10,armorer,Armourer,adult (see job/parent chain),True,"[10, 6]",44,50,"[""Data\\Engine2D\\Bin\\Bobs\\CR_Hum_Body_75.bmd""]","[""Data\\Engine2D\\Bin\\Bobs\\CR_Hum_Head_75.bmd"", ""Data\\Engine2D\\Bin\\Bobs\\CR_Hum_Head_76.bmd""]","[""test_human_00""]","[""Egy_Man_Base""]",35,"{""RENDERED"": 68, ""NO_DIRECT_FRAMES (timeline or empty record)"": 2}",SOURCE_COMPLETE,Other Tribes/Egypt/Humans/Professions/job_10_armorer/metadata.json
human,7,egypt,11,11,potter,Potter,adult (see job/parent chain),True,"[11, 6]",44,50,"[""Data\\Engine2D\\Bin\\Bobs\\CR_Hum_Body_75.bmd""]","[""Data\\Engine2D\\Bin\\Bobs\\CR_Hum_Head_75.bmd"", ""Data\\Engine2D\\Bin\\Bobs\\CR_Hum_Head_76.bmd""]","[""test_human_00""]","[""Egy_Man_Base""]",35,"{""RENDERED"": 68, ""NO_DIRECT_FRAMES (timeline or empty record)"": 2}",SOURCE_COMPLETE,Other Tribes/Egypt/Humans/Professions/job_11_potter/metadata.json
human,7,egypt,12,12,mason,Stonemason,adult (see job/parent chain),True,"[12, 6]",44,50,"[""Data\\Engine2D\\Bin\\Bobs\\CR_Hum_Body_75.bmd""]","[""Data\\Engine2D\\Bin\\Bobs\\CR_Hum_Head_75.bmd"", ""Data\\Engine2D\\Bin\\Bobs\\CR_Hum_Head_76.bmd""]","[""test_human_00""]","[""Egy_Man_Base""]",35,"{""RENDERED"": 68, ""NO_DIRECT_FRAMES (timeline or empty record)"": 2}",SOURCE_COMPLETE,Other Tribes/Egypt/Humans/Professions/job_12_mason/metadata.json
human,7,egypt,13,13,smith,Blacksmith,adult (see job/parent chain),True,"[13, 6]",44,50,"[""Data\\Engine2D\\Bin\\Bobs\\CR_Hum_Body_75.bmd""]","[""Data\\Engine2D\\Bin\\Bobs\\CR_Hum_Head_75.bmd"", ""Data\\Engine2D\\Bin\\Bobs\\CR_Hum_Head_76.bmd""]","[""test_human_00""]","[""Egy_Man_Base""]",35,"{""RENDERED"": 68, ""NO_DIRECT_FRAMES (timeline or empty record)"": 2}",SOURCE_COMPLETE,Other Tribes/Egypt/Humans/Professions/job_13_smith/metadata.json
human,7,egypt,14,14,coin maker,Mint Worker,adult (see job/parent chain),True,"[14, 6]",44,50,"[""Data\\Engine2D\\Bin\\Bobs\\CR_Hum_Body_75.bmd""]","[""Data\\Engine2D\\Bin\\Bobs\\CR_Hum_Head_75.bmd"", ""Data\\Engine2D\\Bin\\Bobs\\CR_Hum_Head_76.bmd""]","[""test_human_00""]","[""Egy_Man_Base""]",35,"{""RENDERED"": 68, ""NO_DIRECT_FRAMES (timeline or empty record)"": 2}",SOURCE_COMPLETE,Other Tribes/Egypt/Humans/Professions/job_14_coin_maker/metadata.json
human,7,egypt,15,15,hunter,Hunter,adult (see job/parent chain),True,"[15, 6]",44,50,"[""Data\\Engine2D\\Bin\\Bobs\\CR_Hum_Body_75.bmd""]","[""Data\\Engine2D\\Bin\\Bobs\\CR_Hum_Head_75.bmd"", ""Data\\Engine2D\\Bin\\Bobs\\CR_Hum_Head_76.bmd""]","[""test_human_00""]","[""Egy_Man_Base""]",36,"{""RENDERED"": 70, ""NO_DIRECT_FRAMES (timeline or empty record)"": 2}",SOURCE_COMPLETE,Other Tribes/Egypt/Humans/Professions/job_15_hunter/metadata.json
human,7,egypt,16,16,breeder,Stock Farmer,adult (see job/parent chain),True,"[16, 6]",44,50,"[""Data\\Engine2D\\Bin\\Bobs\\CR_Hum_Body_75.bmd""]","[""Data\\Engine2D\\Bin\\Bobs\\CR_Hum_Head_75.bmd"", ""Data\\Engine2D\\Bin\\Bobs\\CR_Hum_Head_76.bmd""]","[""test_human_00""]","[""Egy_Man_Base""]",35,"{""RENDERED"": 68, ""NO_DIRECT_FRAMES (timeline or empty record)"": 2}",SOURCE_COMPLETE,Other Tribes/Egypt/Humans/Professions/job_16_breeder/metadata.json
human,7,egypt,17,17,sewer,Tailor,adult (see job/parent chain),True,"[17, 6]",44,50,"[""Data\\Engine2D\\Bin\\Bobs\\CR_Hum_Body_75.bmd""]","[""Data\\Engine2D\\Bin\\Bobs\\CR_Hum_Head_75.bmd"", ""Data\\Engine2D\\Bin\\Bobs\\CR_Hum_Head_76.bmd""]","[""test_human_00""]","[""Egy_Man_Base""]",35,"{""RENDERED"": 68, ""NO_DIRECT_FRAMES (timeline or empty record)"": 2}",SOURCE_COMPLETE,Other Tribes/Egypt/Humans/Professions/job_17_sewer/metadata.json
human,7,egypt,18,18,farmer,Farmer,adult (see job/parent chain),True,"[18, 6]",44,50,"[""Data\\Engine2D\\Bin\\Bobs\\CR_Hum_Body_75.bmd""]","[""Data\\Engine2D\\Bin\\Bobs\\CR_Hum_Head_75.bmd"", ""Data\\Engine2D\\Bin\\Bobs\\CR_Hum_Head_76.bmd""]","[""test_human_00""]","[""Egy_Man_Base""]",38,"{""RENDERED"": 74, ""NO_DIRECT_FRAMES (timeline or empty record)"": 2}",SOURCE_COMPLETE,Other Tribes/Egypt/Humans/Professions/job_18_farmer/metadata.json
human,7,egypt,19,19,miller,Miller,adult (see job/parent chain),True,"[19, 6]",44,50,"[""Data\\Engine2D\\Bin\\Bobs\\CR_Hum_Body_75.bmd""]","[""Data\\Engine2D\\Bin\\Bobs\\CR_Hum_Head_75.bmd"", ""Data\\Engine2D\\Bin\\Bobs\\CR_Hum_Head_76.bmd""]","[""test_human_00""]","[""Egy_Man_Base""]",35,"{""RENDERED"": 68, ""NO_DIRECT_FRAMES (timeline or empty record)"": 2}",SOURCE_COMPLETE,Other Tribes/Egypt/Humans/Professions/job_19_miller/metadata.json
human,7,egypt,20,20,baker,Baker,adult (see job/parent chain),True,"[20, 6]",44,50,"[""Data\\Engine2D\\Bin\\Bobs\\CR_Hum_Body_75.bmd""]","[""Data\\Engine2D\\Bin\\Bobs\\CR_Hum_Head_75.bmd"", ""Data\\Engine2D\\Bin\\Bobs\\CR_Hum_Head_76.bmd""]","[""test_human_00""]","[""Egy_Man_Base""]",35,"{""RENDERED"": 68, ""NO_DIRECT_FRAMES (timeline or empty record)"": 2}",SOURCE_COMPLETE,Other Tribes/Egypt/Humans/Professions/job_20_baker/metadata.json
human,7,egypt,21,21,brewer,Brewer,adult (see job/parent chain),True,"[21, 6]",44,50,"[""Data\\Engine2D\\Bin\\Bobs\\CR_Hum_Body_75.bmd""]","[""Data\\Engine2D\\Bin\\Bobs\\CR_Hum_Head_75.bmd"", ""Data\\Engine2D\\Bin\\Bobs\\CR_Hum_Head_76.bmd""]","[""test_human_00""]","[""Egy_Man_Base""]",35,"{""RENDERED"": 68, ""NO_DIRECT_FRAMES (timeline or empty record)"": 2}",SOURCE_COMPLETE,Other Tribes/Egypt/Humans/Professions/job_21_brewer/metadata.json
human,7,egypt,22,22,fisher,Fisherman,adult (see job/parent chain),True,"[22, 6]",44,50,"[""Data\\Engine2D\\Bin\\Bobs\\CR_Hum_Body_75.bmd""]","[""Data\\Engine2D\\Bin\\Bobs\\CR_Hum_Head_75.bmd"", ""Data\\Engine2D\\Bin\\Bobs\\CR_Hum_Head_76.bmd""]","[""test_human_00""]","[""Egy_Man_Base""]",38,"{""RENDERED"": 74, ""NO_DIRECT_FRAMES (timeline or empty record)"": 2}",SOURCE_COMPLETE,Other Tribes/Egypt/Humans/Professions/job_22_fisher/metadata.json
human,7,egypt,23,23,fisher_sea,Sea Fisher,adult (see job/parent chain),False,"[23, 6]",44,50,"[""Data\\Engine2D\\Bin\\Bobs\\CR_Hum_Body_75.bmd""]","[""Data\\Engine2D\\Bin\\Bobs\\CR_Hum_Head_75.bmd"", ""Data\\Engine2D\\Bin\\Bobs\\CR_Hum_Head_76.bmd""]","[""test_human_00""]","[""Egy_Man_Base""]",35,"{""RENDERED"": 68, ""NO_DIRECT_FRAMES (timeline or empty record)"": 2}",SOURCE_COMPLETE,Other Tribes/Egypt/Humans/Professions/job_23_fisher_sea/metadata.json
human,7,egypt,24,24,carrier,Carrier,adult (see job/parent chain),True,"[24, 6]",44,50,"[""Data\\Engine2D\\Bin\\Bobs\\CR_Hum_Body_75.bmd""]","[""Data\\Engine2D\\Bin\\Bobs\\CR_Hum_Head_75.bmd"", ""Data\\Engine2D\\Bin\\Bobs\\CR_Hum_Head_76.bmd""]","[""test_human_00""]","[""Egy_Man_Base""]",35,"{""RENDERED"": 68, ""NO_DIRECT_FRAMES (timeline or empty record)"": 2}",SOURCE_COMPLETE,Other Tribes/Egypt/Humans/Professions/job_24_carrier/metadata.json
human,7,egypt,25,25,trader,Merchant,adult (see job/parent chain),True,"[25, 6]",44,50,"[""Data\\Engine2D\\Bin\\Bobs\\CR_Hum_Body_75.bmd""]","[""Data\\Engine2D\\Bin\\Bobs\\CR_Hum_Head_75.bmd"", ""Data\\Engine2D\\Bin\\Bobs\\CR_Hum_Head_76.bmd""]","[""test_human_00""]","[""Egy_Man_Base""]",35,"{""RENDERED"": 68, ""NO_DIRECT_FRAMES (timeline or empty record)"": 2}",SOURCE_COMPLETE,Other Tribes/Egypt/Humans/Professions/job_25_trader/metadata.json
human,7,egypt,26,26,trader_sea,Sea Merchant,adult (see job/parent chain),False,"[26, 6]",44,50,"[""Data\\Engine2D\\Bin\\Bobs\\CR_Hum_Body_75.bmd""]","[""Data\\Engine2D\\Bin\\Bobs\\CR_Hum_Head_75.bmd"", ""Data\\Engine2D\\Bin\\Bobs\\CR_Hum_Head_76.bmd""]","[""test_human_00""]","[""Egy_Man_Base""]",35,"{""RENDERED"": 68, ""NO_DIRECT_FRAMES (timeline or empty record)"": 2}",SOURCE_COMPLETE,Other Tribes/Egypt/Humans/Professions/job_26_trader_sea/metadata.json
human,7,egypt,27,27,scout,Scout,adult (see job/parent chain),True,"[27, 6]",44,50,"[""Data\\Engine2D\\Bin\\Bobs\\CR_Hum_Body_75.bmd""]","[""Data\\Engine2D\\Bin\\Bobs\\CR_Hum_Head_75.bmd"", ""Data\\Engine2D\\Bin\\Bobs\\CR_Hum_Head_76.bmd""]","[""test_human_00""]","[""Egy_Man_Base""]",36,"{""RENDERED"": 70, ""NO_DIRECT_FRAMES (timeline or empty record)"": 2}",SOURCE_COMPLETE,Other Tribes/Egypt/Humans/Professions/job_27_scout/metadata.json
human,7,egypt,28,28,jester,Jester,adult (see job/parent chain),False,"[28, 6]",44,50,"[""Data\\Engine2D\\Bin\\Bobs\\CR_Hum_Body_75.bmd""]","[""Data\\Engine2D\\Bin\\Bobs\\CR_Hum_Head_75.bmd"", ""Data\\Engine2D\\Bin\\Bobs\\CR_Hum_Head_76.bmd""]","[""test_human_00""]","[""Egy_Man_Base""]",35,"{""RENDERED"": 68, ""NO_DIRECT_FRAMES (timeline or empty record)"": 2}",SOURCE_COMPLETE,Other Tribes/Egypt/Humans/Professions/job_28_jester/metadata.json
human,7,egypt,29,29,herb & mush guy,Herb Gatherer,adult (see job/parent chain),True,"[29, 6]",44,50,"[""Data\\Engine2D\\Bin\\Bobs\\CR_Hum_Body_75.bmd""]","[""Data\\Engine2D\\Bin\\Bobs\\CR_Hum_Head_75.bmd"", ""Data\\Engine2D\\Bin\\Bobs\\CR_Hum_Head_76.bmd""]","[""test_human_00""]","[""Egy_Man_Base""]",35,"{""RENDERED"": 68, ""NO_DIRECT_FRAMES (timeline or empty record)"": 2}",SOURCE_COMPLETE,Other Tribes/Egypt/Humans/Professions/job_29_herb_mush_guy/metadata.json
human,7,egypt,30,30,druid,Druid,adult (see job/parent chain),True,"[30, 6]",44,50,"[""Data\\Engine2D\\Bin\\Bobs\\CR_Hum_Body_75.bmd""]","[""Data\\Engine2D\\Bin\\Bobs\\CR_Hum_Head_75.bmd"", ""Data\\Engine2D\\Bin\\Bobs\\CR_Hum_Head_76.bmd""]","[""test_human_00""]","[""Egy_Man_Base""]",35,"{""RENDERED"": 68, ""NO_DIRECT_FRAMES (timeline or empty record)"": 2}",SOURCE_COMPLETE,Other Tribes/Egypt/Humans/Professions/job_30_druid/metadata.json
human,7,egypt,31,31,soldier_unarmed,Soldier,adult (see job/parent chain),True,"[31, 6]",49,55,"[""Data\\Engine2D\\Bin\\Bobs\\CR_Hum_Body_78.bmd""]","[""Data\\Engine2D\\Bin\\Bobs\\CR_Hum_Head_78.bmd""]","[""egypt_soldier""]","[""Egy_soldier_Base""]",35,"{""RENDERED"": 44, ""NO_DIRECT_FRAMES (timeline or empty record)"": 2, ""VARIANT_INCOMPATIBLE"": 22, ""RENDERED_PARTIAL_MISSING_BOBS"": 2}",SOURCE_COMPLETE,Other Tribes/Egypt/Humans/Soldiers/job_31_soldier_unarmed/metadata.json
human,7,egypt,32,32,soldier_spear_wooden,Wooden Spearman,adult (see job/parent chain),True,"[32, 31, 6]",49,55,"[""Data\\Engine2D\\Bin\\Bobs\\CR_Hum_Body_78.bmd""]","[""Data\\Engine2D\\Bin\\Bobs\\CR_Hum_Head_78.bmd""]","[""egypt_soldier""]","[""Egy_soldier_Base""]",35,"{""RENDERED"": 44, ""NO_DIRECT_FRAMES (timeline or empty record)"": 2, ""VARIANT_INCOMPATIBLE"": 22, ""RENDERED_PARTIAL_MISSING_BOBS"": 2}",SOURCE_COMPLETE,Other Tribes/Egypt/Humans/Soldiers/job_32_soldier_spear_wooden/metadata.json
human,7,egypt,33,33,soldier_spear_iron,Iron Spearman,adult (see job/parent chain),True,"[33, 31, 6]",47,53,"[""Data\\Engine2D\\Bin\\Bobs\\CR_Hum_Body_78.bmd""]","[""Data\\Engine2D\\Bin\\Bobs\\CR_Hum_Head_78.bmd""]","[""egypt_soldier""]","[""Egy_soldier_Base""]",35,"{""RENDERED"": 44, ""NO_DIRECT_FRAMES (timeline or empty record)"": 2, ""VARIANT_INCOMPATIBLE"": 22, ""RENDERED_PARTIAL_MISSING_BOBS"": 2}",SOURCE_COMPLETE,Other Tribes/Egypt/Humans/Soldiers/job_33_soldier_spear_iron/metadata.json
human,7,egypt,34,34,soldier_sword_short,Shortsword Fighter,adult (see job/parent chain),True,"[34, 31, 6]",46,52,"[""Data\\Engine2D\\Bin\\Bobs\\CR_Hum_Body_79.bmd""]","[""Data\\Engine2D\\Bin\\Bobs\\CR_Hum_Head_78.bmd""]","[""egypt_soldier""]",[],35,"{""RENDERED"": 54, ""NO_DIRECT_FRAMES (timeline or empty record)"": 2, ""VARIANT_INCOMPATIBLE"": 10, ""RENDERED_PARTIAL_MISSING_BOBS"": 4}",SOURCE_COMPLETE,Other Tribes/Egypt/Humans/Soldiers/job_34_soldier_sword_short/metadata.json
human,7,egypt,35,35,soldier_sword_long,Longsword Fighter,adult (see job/parent chain),False,"[35, 31, 6]",49,55,"[""Data\\Engine2D\\Bin\\Bobs\\CR_Hum_Body_78.bmd""]","[""Data\\Engine2D\\Bin\\Bobs\\CR_Hum_Head_78.bmd""]","[""egypt_soldier""]","[""Egy_soldier_Base""]",35,"{""RENDERED"": 44, ""NO_DIRECT_FRAMES (timeline or empty record)"": 2, ""VARIANT_INCOMPATIBLE"": 22, ""RENDERED_PARTIAL_MISSING_BOBS"": 2}",SOURCE_COMPLETE,Other Tribes/Egypt/Humans/Soldiers/job_35_soldier_sword_long/metadata.json
human,7,egypt,36,36,soldier_saber_short,Shortsabre Fighter,adult (see job/parent chain),False,"[36, 31, 6]",49,55,"[""Data\\Engine2D\\Bin\\Bobs\\CR_Hum_Body_78.bmd""]","[""Data\\Engine2D\\Bin\\Bobs\\CR_Hum_Head_78.bmd""]","[""egypt_soldier""]","[""Egy_soldier_Base""]",35,"{""RENDERED"": 44, ""NO_DIRECT_FRAMES (timeline or empty record)"": 2, ""VARIANT_INCOMPATIBLE"": 22, ""RENDERED_PARTIAL_MISSING_BOBS"": 2}",SOURCE_COMPLETE,Other Tribes/Egypt/Humans/Soldiers/job_36_soldier_saber_short/metadata.json
human,7,egypt,37,37,soldier_saber_long,Longsabre Fighter,adult (see job/parent chain),False,"[37, 31, 6]",49,55,"[""Data\\Engine2D\\Bin\\Bobs\\CR_Hum_Body_78.bmd""]","[""Data\\Engine2D\\Bin\\Bobs\\CR_Hum_Head_78.bmd""]","[""egypt_soldier""]","[""Egy_soldier_Base""]",35,"{""RENDERED"": 44, ""NO_DIRECT_FRAMES (timeline or empty record)"": 2, ""VARIANT_INCOMPATIBLE"": 22, ""RENDERED_PARTIAL_MISSING_BOBS"": 2}",SOURCE_COMPLETE,Other Tribes/Egypt/Humans/Soldiers/job_37_soldier_saber_long/metadata.json
human,7,egypt,38,38,soldier_axe_small,Small Axe Fighter,adult (see job/parent chain),False,"[38, 31, 6]",49,55,"[""Data\\Engine2D\\Bin\\Bobs\\CR_Hum_Body_78.bmd""]","[""Data\\Engine2D\\Bin\\Bobs\\CR_Hum_Head_78.bmd""]","[""egypt_soldier""]","[""Egy_soldier_Base""]",35,"{""RENDERED"": 44, ""NO_DIRECT_FRAMES (timeline or empty record)"": 2, ""VARIANT_INCOMPATIBLE"": 22, ""RENDERED_PARTIAL_MISSING_BOBS"": 2}",SOURCE_COMPLETE,Other Tribes/Egypt/Humans/Soldiers/job_38_soldier_axe_small/metadata.json
human,7,egypt,39,39,soldier_axe_big,Big Axe Fighter,adult (see job/parent chain),False,"[39, 31, 6]",49,55,"[""Data\\Engine2D\\Bin\\Bobs\\CR_Hum_Body_78.bmd""]","[""Data\\Engine2D\\Bin\\Bobs\\CR_Hum_Head_78.bmd""]","[""egypt_soldier""]","[""Egy_soldier_Base""]",35,"{""RENDERED"": 44, ""NO_DIRECT_FRAMES (timeline or empty record)"": 2, ""VARIANT_INCOMPATIBLE"": 22, ""RENDERED_PARTIAL_MISSING_BOBS"": 2}",SOURCE_COMPLETE,Other Tribes/Egypt/Humans/Soldiers/job_39_soldier_axe_big/metadata.json
human,7,egypt,40,40,soldier_bow_short,Short Bow Archer,adult (see job/parent chain),True,"[40, 31, 6]",48,54,"[""Data\\Engine2D\\Bin\\Bobs\\CR_Hum_Body_78.bmd""]","[""Data\\Engine2D\\Bin\\Bobs\\CR_Hum_Head_78.bmd""]","[""egypt_soldier""]","[""Egy_soldier_Base""]",35,"{""RENDERED"": 44, ""NO_DIRECT_FRAMES (timeline or empty record)"": 2, ""VARIANT_INCOMPATIBLE"": 22, ""RENDERED_PARTIAL_MISSING_BOBS"": 2}",SOURCE_COMPLETE,Other Tribes/Egypt/Humans/Soldiers/job_40_soldier_bow_short/metadata.json
human,7,egypt,41,41,soldier_bow_long,Longbow Archer,adult (see job/parent chain),False,"[41, 31, 6]",49,55,"[""Data\\Engine2D\\Bin\\Bobs\\CR_Hum_Body_78.bmd""]","[""Data\\Engine2D\\Bin\\Bobs\\CR_Hum_Head_78.bmd""]","[""egypt_soldier""]","[""Egy_soldier_Base""]",35,"{""RENDERED"": 44, ""NO_DIRECT_FRAMES (timeline or empty record)"": 2, ""VARIANT_INCOMPATIBLE"": 22, ""RENDERED_PARTIAL_MISSING_BOBS"": 2}",SOURCE_COMPLETE,Other Tribes/Egypt/Humans/Soldiers/job_41_soldier_bow_long/metadata.json
human,7,egypt,42,42,hero_unarmed_???,Unarmed Hero,adult (see job/parent chain),True,"[42, 31, 6]",49,55,"[""Data\\Engine2D\\Bin\\Bobs\\CR_Hum_Body_78.bmd""]","[""Data\\Engine2D\\Bin\\Bobs\\CR_Hum_Head_78.bmd""]","[""egypt_soldier""]","[""Egy_soldier_Base""]",35,"{""RENDERED"": 44, ""NO_DIRECT_FRAMES (timeline or empty record)"": 2, ""VARIANT_INCOMPATIBLE"": 22, ""RENDERED_PARTIAL_MISSING_BOBS"": 2}",SOURCE_COMPLETE,Other Tribes/Egypt/Humans/Heroes/job_42_hero_unarmed/metadata.json
human,7,egypt,43,43,hero_spear_SIEGFRIED,Sigurd,adult (see job/parent chain),False,"[43, 33, 31, 6]",47,53,"[""Data\\Engine2D\\Bin\\Bobs\\CR_Hum_Body_78.bmd""]","[""Data\\Engine2D\\Bin\\Bobs\\CR_Hum_Head_78.bmd""]","[""egypt_soldier""]","[""Egy_soldier_Base""]",35,"{""RENDERED"": 44, ""NO_DIRECT_FRAMES (timeline or empty record)"": 2, ""VARIANT_INCOMPATIBLE"": 22, ""RENDERED_PARTIAL_MISSING_BOBS"": 2}",SOURCE_COMPLETE,Other Tribes/Egypt/Humans/Heroes/job_43_hero_spear_SIEGFRIED/metadata.json
human,7,egypt,44,44,hero_sword_BJARNI,Bjarni,adult (see job/parent chain),False,"[44, 34, 31, 6]",46,52,"[""Data\\Engine2D\\Bin\\Bobs\\CR_Hum_Body_79.bmd""]","[""Data\\Engine2D\\Bin\\Bobs\\CR_Hum_Head_78.bmd""]","[""egypt_soldier""]",[],35,"{""RENDERED"": 54, ""NO_DIRECT_FRAMES (timeline or empty record)"": 2, ""VARIANT_INCOMPATIBLE"": 10, ""RENDERED_PARTIAL_MISSING_BOBS"": 4}",SOURCE_COMPLETE,Other Tribes/Egypt/Humans/Heroes/job_44_hero_sword_BJARNI/metadata.json
human,7,egypt,45,45,hero_saber_HATSCHI,Hatchie,adult (see job/parent chain),False,"[45, 35, 31, 6]",49,55,"[""Data\\Engine2D\\Bin\\Bobs\\CR_Hum_Body_78.bmd""]","[""Data\\Engine2D\\Bin\\Bobs\\CR_Hum_Head_78.bmd""]","[""egypt_soldier""]","[""Egy_soldier_Base""]",35,"{""RENDERED"": 44, ""NO_DIRECT_FRAMES (timeline or empty record)"": 2, ""VARIANT_INCOMPATIBLE"": 22, ""RENDERED_PARTIAL_MISSING_BOBS"": 2}",SOURCE_COMPLETE,Other Tribes/Egypt/Humans/Heroes/job_45_hero_saber_HATSCHI/metadata.json
human,7,egypt,46,46,hero_axe_???,Axe Hero,adult (see job/parent chain),False,"[46, 39, 31, 6]",49,55,"[""Data\\Engine2D\\Bin\\Bobs\\CR_Hum_Body_78.bmd""]","[""Data\\Engine2D\\Bin\\Bobs\\CR_Hum_Head_78.bmd""]","[""egypt_soldier""]","[""Egy_soldier_Base""]",35,"{""RENDERED"": 44, ""NO_DIRECT_FRAMES (timeline or empty record)"": 2, ""VARIANT_INCOMPATIBLE"": 22, ""RENDERED_PARTIAL_MISSING_BOBS"": 2}",SOURCE_COMPLETE,Other Tribes/Egypt/Humans/Heroes/job_46_hero_axe/metadata.json
human,7,egypt,47,47,heroine_bow_XENA,Cyra,adult (see job/parent chain),True,"[47, 41, 31, 6]",49,55,"[""Data\\Engine2D\\Bin\\Bobs\\CR_Hum_Body_78.bmd""]","[""Data\\Engine2D\\Bin\\Bobs\\CR_Hum_Head_78.bmd""]","[""egypt_soldier""]","[""Egy_soldier_Base""]",35,"{""RENDERED"": 44, ""NO_DIRECT_FRAMES (timeline or empty record)"": 2, ""VARIANT_INCOMPATIBLE"": 22, ""RENDERED_PARTIAL_MISSING_BOBS"": 2}",SOURCE_COMPLETE,Other Tribes/Egypt/Humans/Heroes/job_47_heroine_bow_XENA/metadata.json
